Date,p_lr,p_gb,event_next_day
2016-06-13,0.08614131081609852,0.03616068335079344,0
2016-06-14,0.07879806182435907,0.05251153145556011,0
2016-06-15,0.08116401620596199,0.03452166638224719,0
2016-06-16,0.09385386908658637,0.05676346473477429,0
2016-06-17,0.11323729721879343,0.06461033495028831,0
2016-06-20,0.20011558760417408,0.12396767121623671,0
2016-06-21,0.18982589188659763,0.16354170649317357,0
2016-06-22,0.23830677394945543,0.13093027157823778,0
2016-06-23,0.147194440412783,0.05683536818509527,1
2016-06-24,0.2567372661373005,0.021388698620444305,1
2016-06-27,0.20521905306467816,0.07347364158932126,0
2016-06-28,0.1719109948590271,0.08801766479117759,0
2016-06-29,0.15014166848731367,0.06102962029665314,0
2016-06-30,0.07321742303965874,0.0372442302996215,0
2016-07-01,0.13859652210615053,0.06859606954397565,0
2016-07-05,0.08949091851536525,0.05632335212420393,0
2016-07-06,0.04261684580972574,0.017736441052687704,0
2016-07-07,0.03746978236663877,0.015641994703576332,0
2016-07-08,0.02597273328730701,0.007206156955045038,0
2016-07-11,0.022087343393573232,0.013982678329866285,0
2016-07-12,0.021818200458321047,0.009118880472642091,0
2016-07-13,0.01929109250182202,0.012350583620689064,0
2016-07-14,0.017305095779919944,0.009343904793092746,0
2016-07-15,0.01651607762184934,0.00837754854375026,0
2016-07-18,0.017094406897411183,0.008922910464419273,0
2016-07-19,0.018765382494845752,0.009523740574461988,0
2016-07-20,0.015689987591189843,0.008364837041166988,0
2016-07-21,0.02129203444129568,0.008359729396406694,0
2016-07-22,0.015728470917965923,0.008359729396406694,0
2016-07-25,0.017683251018030605,0.009767534868627076,0
2016-07-26,0.01630592054456475,0.00881750740672165,0
2016-07-27,0.018518268550685286,0.010453418731811189,0
2016-07-28,0.02261520364263011,0.008724223741273443,0
2016-07-29,0.02062262201427355,0.008874257651606899,0
2016-08-01,0.02735569497599304,0.008874257651606899,0
2016-08-02,0.034474570293012256,0.018761564369910232,0
2016-08-03,0.027165283166950122,0.008677816355178137,0
2016-08-04,0.025572337877944912,0.011637996040389903,0
2016-08-05,0.01758434933369131,0.008073436295629765,0
2016-08-08,0.02027099976203112,0.014562709088313338,0
2016-08-09,0.02546942609068606,0.012957562396510646,0
2016-08-10,0.02644335458828226,0.013508084445284913,0
2016-08-11,0.023420482208237305,0.009046024233843881,0
2016-08-12,0.02075062286222348,0.008577048244422772,0
2016-08-15,0.019937308552449337,0.01206322068627878,0
2016-08-16,0.022520723099503693,0.01286361719513722,0
2016-08-17,0.021599661603023408,0.009552861126610336,0
2016-08-18,0.016990418627698862,0.009041351058672544,0
2016-08-19,0.01702329143323584,0.008872026251548737,0
2016-08-22,0.023633412384357302,0.01884395209184982,0
2016-08-23,0.025202398326952136,0.010659178544238921,0
2016-08-24,0.02998693939582195,0.03367429300313281,0
2016-08-25,0.027754329741750808,0.024998044251165308,0
2016-08-26,0.028742443111703216,0.02700561935074366,0
2016-08-29,0.024595962560139358,0.0104571735921942,0
2016-08-30,0.02664634985690918,0.016382258252507397,0
2016-08-31,0.03309600029151562,0.020602097670253547,0
2016-09-01,0.03320715687617025,0.016686324948704083,0
2016-09-02,0.020986364007132035,0.01065003733898171,0
2016-09-06,0.021611249148362252,0.010843392763750084,0
2016-09-07,0.019994271942221194,0.008823609125468243,0
2016-09-08,0.023968243140527885,0.008728484256393521,1
2016-09-09,0.07218692531409314,0.05266363265488836,0
2016-09-12,0.03905585977485092,0.035412837379999194,1
2016-09-13,0.06735764847801134,0.07530966372892221,0
2016-09-14,0.06492638028660191,0.06500121698415988,0
2016-09-15,0.0523858476807596,0.09973893032847794,0
2016-09-16,0.07014526488032828,0.044493497480071115,0
2016-09-19,0.05875789563872526,0.025965294477153518,0
2016-09-20,0.08087530080282969,0.02337084944276728,0
2016-09-21,0.03959944437297619,0.014103982551403353,0
2016-09-22,0.02278456608991032,0.008713925967276747,0
2016-09-23,0.02098620025405688,0.013476524870469977,0
2016-09-26,0.034817305229403586,0.02023805061621018,0
2016-09-27,0.026999969930417082,0.013775400460015973,0
2016-09-28,0.01631991639427349,0.017005112198645478,0
2016-09-29,0.021593303062278763,0.04425908745346985,0
2016-09-30,0.017444831898236784,0.012720012114656433,0
2016-10-03,0.026337871265172036,0.011862615398515205,0
2016-10-04,0.02272257900918093,0.019745701235679838,0
2016-10-05,0.018034161228297207,0.018849854127243795,0
2016-10-06,0.02092494160990578,0.013027483873837124,0
2016-10-07,0.022357825649453617,0.018104949341348046,0
2016-10-10,0.028052750322100986,0.014512277317353035,0
2016-10-11,0.04253668003123769,0.04634093014993812,0
2016-10-12,0.05519398897421982,0.04002092162823213,0
2016-10-13,0.06089107634571651,0.03155259064584171,0
2016-10-14,0.0555976580038106,0.04434512875061473,0
2016-10-17,0.0612558205929028,0.04441394907691354,0
2016-10-18,0.056259771961310344,0.01915324478620511,0
2016-10-19,0.05260239070908976,0.0131797229328695,0
2016-10-20,0.04891405422096965,0.01838967040489656,0
2016-10-21,0.03880838163742583,0.017639677739872166,0
2016-10-24,0.037386144962677434,0.014970035776670153,0
2016-10-25,0.04001954684428596,0.015949461700646896,0
2016-10-26,0.043746422753239894,0.028470355823550113,0
2016-10-27,0.048159747317940364,0.07474092955705842,0
2016-10-28,0.0645146287610488,0.1243325981559675,0
2016-10-31,0.07694022109554503,0.24368841148344436,0
2016-11-01,0.10111328825783857,0.1841489749466982,0
2016-11-02,0.1395077555278027,0.251079198724007,0
2016-11-03,0.24203588472050935,0.22132983285335997,0
2016-11-04,0.24097962331633102,0.2569537188628443,0
2016-11-07,0.20049383028123924,0.27418458956678177,0
2016-11-08,0.22009564215272095,0.28691394987670843,0
2016-11-09,0.09737655016416466,0.020072836826988197,0
2016-11-10,0.1455405969832251,0.10526198050018237,0
2016-11-11,0.12887219287196022,0.15614049223954032,0
2016-11-14,0.0957896624100152,0.03155373422806101,0
2016-11-15,0.07698890590649432,0.04390531111304139,0
2016-11-16,0.04593595514032517,0.02821620968915899,0
2016-11-17,0.045542189455845726,0.023002856617518642,0
2016-11-18,0.0367751774458359,0.021638375060141893,0
2016-11-21,0.02746712820216957,0.022688114533688693,0
2016-11-22,0.023962673019367144,0.015556410747774356,0
2016-11-23,0.023482699576989032,0.01699689546913108,0
2016-11-25,0.020392108026283183,0.018788108603488028,0
2016-11-28,0.022108532189766054,0.008626181171818308,0
2016-11-29,0.02204631980305466,0.009559383196672976,0
2016-11-30,0.025679420451243468,0.018390700770536568,0
2016-12-01,0.03636067558929457,0.023637447218412776,0
2016-12-02,0.035875137982183676,0.021907911620029398,0
2016-12-05,0.022232644862000613,0.008190042712103237,0
2016-12-06,0.020942150439803627,0.008605155240929013,0
2016-12-07,0.018863395230573902,0.008319833048169365,0
2016-12-08,0.019769108500858966,0.007169803094723356,0
2016-12-09,0.01557321841725483,0.007973990762194684,0
2016-12-12,0.01517903166091663,0.007879368553425789,0
2016-12-13,0.014584129911510667,0.007551696251929397,0
2016-12-14,0.02862379053998713,0.01338220499678429,0
2016-12-15,0.027686095618469995,0.0075876296728425024,0
2016-12-16,0.023475486894209967,0.011899928981542192,0
2016-12-19,0.022082808198644197,0.009099448584385317,0
2016-12-20,0.021012972176489474,0.009063874448398393,0
2016-12-21,0.02034039462541038,0.009063874448398393,0
2016-12-22,0.021414608331264767,0.011145167009299803,0
2016-12-23,0.01647600358004421,0.010641446189129176,0
2016-12-27,0.018040423882182577,0.009296760741718084,0
2016-12-28,0.023359825351738472,0.017707175493995565,0
2016-12-29,0.02396763703647692,0.020390227575936306,0
2016-12-30,0.02865362286149672,0.025685950671793148,0
2017-01-03,0.0242046921494345,0.0174617617966724,0
2017-01-04,0.021754141567584734,0.009063874448398393,0
2017-01-05,0.023981678320903206,0.011145167009299803,0
2017-01-06,0.021428467267616307,0.013680766742115552,0
2017-01-09,0.026351499253772708,0.013680766742115552,0
2017-01-10,0.02367913648713313,0.011686261305004638,0
2017-01-11,0.02075964953767671,0.00845254474206989,0
2017-01-12,0.023845035529006072,0.009063874448398393,0
2017-01-13,0.022596943862943187,0.012500925108542322,0
2017-01-17,0.02565827448717659,0.010140537594323991,0
2017-01-18,0.0328583004136647,0.010031344800897946,0
2017-01-19,0.03816242798622467,0.02222968471876303,0
2017-01-20,0.028488885873175662,0.010831626587937763,0
2017-01-23,0.028124519627029422,0.014820328931213078,0
2017-01-24,0.025087436632128687,0.009756645610643103,0
2017-01-25,0.022474711999198923,0.008410721617637682,0
2017-01-26,0.020885292494704683,0.008410721617637682,0
2017-01-27,0.017667805359807914,0.009022930138752761,0
2017-01-30,0.028849147283289404,0.014818979769848884,0
2017-01-31,0.02954789412975621,0.020106119460587046,0
2017-02-01,0.029930392412172692,0.022357016857255337,0
2017-02-02,0.028928748590682087,0.04152504831374358,0
2017-02-03,0.020164894642344573,0.008097101205010735,0
2017-02-06,0.025541611971083282,0.008097101205010735,0
2017-02-07,0.023499327677998783,0.008097101205010735,0
2017-02-08,0.024991811858575748,0.010730670123285201,0
2017-02-09,0.01914148513964538,0.011091681574336869,0
2017-02-10,0.01808062182031546,0.009093711301153981,0
2017-02-13,0.01924799088224072,0.009386738651589831,0
2017-02-14,0.019005608426500547,0.008542161678591403,0
2017-02-15,0.030935948160444423,0.012342613339514419,0
2017-02-16,0.026448258384751514,0.009200162685987444,0
2017-02-17,0.024247440728816617,0.008113820763421228,0
2017-02-21,0.021028887744469316,0.008034014292910945,0
2017-02-22,0.020394232720983025,0.010158295975653911,0
2017-02-23,0.023967054437958293,0.01027141896749741,0
2017-02-24,0.020670325848067342,0.012246539515461136,0
2017-02-27,0.023464293412175836,0.008596070772439257,0
2017-02-28,0.03219565815813663,0.011229001061670078,0
2017-03-01,0.023109240578091397,0.010051020240476282,0
2017-03-02,0.018907365802413385,0.009318264076391768,0
2017-03-03,0.015427805479668284,0.007626212959054169,0
2017-03-06,0.02108158979516403,0.011835382650327938,0
2017-03-07,0.026255022440527156,0.01245315485716811,0
2017-03-08,0.03695131103659752,0.02351068154022806,0
2017-03-09,0.03337406938955597,0.07237735687976377,0
2017-03-10,0.023931172197229483,0.03377380786116538,0
2017-03-13,0.022486109410116955,0.05735154925168042,0
2017-03-14,0.033195149881822185,0.04174595172034289,0
2017-03-15,0.0246694743908177,0.011531303369020984,0
2017-03-16,0.026599095238784717,0.012161287608711468,0
2017-03-17,0.026463165741404563,0.0160613186095251,0
2017-03-20,0.025942553123148922,0.020361271035567105,0
2017-03-21,0.039077374229116155,0.043635046934791685,0
2017-03-22,0.04193827325581524,0.032957264985772027,0
2017-03-23,0.04112287800251268,0.043218923368793315,0
2017-03-24,0.04696469365669911,0.035269541453954396,0
2017-03-27,0.04114974249933995,0.04531742355635094,0
2017-03-28,0.028188278542522073,0.020748762877306225,0
2017-03-29,0.031460990097358865,0.0198278352208545,0
2017-03-30,0.03660039580224068,0.014515400031164012,0
2017-03-31,0.04704958079648821,0.01957954177095991,0
2017-04-03,0.043184513786993915,0.01963994637276334,0
2017-04-04,0.033447848804246165,0.013858387020993516,0
2017-04-05,0.04089836123172404,0.03428414995964902,0
2017-04-06,0.042019116157067264,0.03416987059831213,0
2017-04-07,0.052616886234337176,0.028542656882273965,0
2017-04-10,0.07259999257134335,0.1373683618041327,0
2017-04-11,0.08463686272733048,0.059257623594174455,0
2017-04-12,0.14045512776472713,0.03953550513841828,0
2017-04-13,0.1323415394040625,0.030820086645446196,0
2017-04-17,0.10353990437014582,0.04241038712935076,0
2017-04-18,0.11985392182266334,0.05561650976277999,0
2017-04-19,0.1438461945317691,0.06979905695881075,0
2017-04-20,0.14128672360541175,0.22025151608405813,0
2017-04-21,0.15390345858299231,0.11184872373659265,0
2017-04-24,0.042581926648665745,0.014595184748834632,0
2017-04-25,0.0323347579245305,0.007425141680935214,0
2017-04-26,0.0360204644576222,0.007286513271838823,0
2017-04-27,0.03083235909340953,0.007425141680935214,0
2017-04-28,0.041333089596667434,0.014048747363341193,0
2017-05-01,0.01689034085295316,0.008520304288349588,0
2017-05-02,0.021126248731915587,0.008454761054345991,0
2017-05-03,0.01989323018077107,0.008454761054345991,0
2017-05-04,0.019017013574993413,0.008454761054345991,0
2017-05-05,0.020669744724137466,0.008520304288349588,0
2017-05-08,0.01346919653088202,0.00834154994809374,0
2017-05-09,0.016479233469122508,0.008286831662040223,0
2017-05-10,0.017087690889152806,0.008117259167964068,0
2017-05-11,0.019270022156416777,0.009035370073922466,0
2017-05-12,0.019194185882993063,0.01684475265942741,0
2017-05-15,0.016925071213515608,0.008429955655815474,0
2017-05-16,0.020445826839501136,0.008202596816867606,1
2017-05-17,0.08417211901456244,0.039859559856622095,0
2017-05-18,0.07401243691867222,0.06971254240871763,0
2017-05-19,0.03293089279610325,0.022951066741484685,0
2017-05-22,0.023812613275193947,0.016003170987042833,0
2017-05-23,0.022288492455918196,0.009500520409950882,0
2017-05-24,0.030305435275364213,0.011853094370826853,0
2017-05-25,0.026746686565499545,0.012115665275132784,0
2017-05-26,0.017427348045874713,0.010573178347204362,0
2017-05-30,0.018593844091020086,0.010573178347204362,0
2017-05-31,0.01977473566463634,0.012257162600829204,0
2017-06-01,0.013266138288634101,0.010276010339622341,0
2017-06-02,0.011953376676663168,0.010276010339622341,0
2017-06-05,0.01217597430424057,0.020788345904206553,0
2017-06-06,0.01545434025868072,0.011448813289265974,0
2017-06-07,0.014798494314134212,0.010834568237462636,0
2017-06-08,0.015194155477472531,0.010843069452288811,0
2017-06-09,0.019570013368652175,0.02169563797685415,0
2017-06-12,0.026011171051004072,0.021092334909003085,0
2017-06-13,0.019074002256552723,0.02486909159357354,0
2017-06-14,0.022439624083622243,0.01944286647287958,0
2017-06-15,0.02326916253587646,0.02702251771181126,0
2017-06-16,0.022148866598282958,0.3814720694907984,0
2017-06-19,0.025472910266277744,0.024710607400015523,0
2017-06-20,0.028284316159514846,0.04154972060086032,0
2017-06-21,0.026654007869324807,0.05489473812130185,0
2017-06-22,0.02459915233756599,0.040706457202686744,0
2017-06-23,0.019226373332895633,0.03528604832890419,0
2017-06-26,0.020166442693344323,0.059708381849643874,0
2017-06-27,0.028620169945039187,0.03485282285980715,0
2017-06-28,0.019370838507673602,0.023235687667983437,0
2017-06-29,0.03201416138996759,0.02468535255647733,0
2017-06-30,0.025173395241990706,0.02212265507578791,0
2017-07-03,0.023218687237905745,0.021121131912267315,0
2017-07-05,0.02297184515197896,0.014313088637736782,0
2017-07-06,0.03525511133868504,0.02883560719835635,0
2017-07-07,0.024647593760856096,0.01590934826897825,0
2017-07-10,0.024211628212640203,0.01590934826897825,0
2017-07-11,0.025072828470452987,0.021649628502310007,0
2017-07-12,0.020855765297909837,0.028686755358338138,0
2017-07-13,0.020199286666256373,0.021377403987252488,0
2017-07-14,0.014560569554343929,0.02486909159357354,0
2017-07-17,0.016097126017501528,0.02486909159357354,0
2017-07-18,0.015681657103408273,0.02486909159357354,0
2017-07-19,0.014820817806267502,0.02486909159357354,0
2017-07-20,0.011535150986359254,0.026493868766604842,0
2017-07-21,0.010890027862916466,0.026493868766604842,0
2017-07-24,0.012302957519146722,0.026493868766604842,0
2017-07-25,0.012658528622868632,0.02540963278970221,0
2017-07-26,0.014742287383860124,0.026083239242532783,0
2017-07-27,0.017902855811893662,0.02536616508792075,0
2017-07-28,0.01759400824770371,0.02536616508792075,0
2017-07-31,0.01868668036646731,0.030167928841694128,0
2017-08-01,0.01789724494798189,0.02608821675607232,0
2017-08-02,0.019491831825225802,0.02608821675607232,0
2017-08-03,0.02090145815406984,0.02608821675607232,0
2017-08-04,0.017218766231916687,0.25238405505802186,0
2017-08-07,0.017106625866542293,0.30722597200370305,0
2017-08-08,0.025801235397292857,0.33469854772672025,0
2017-08-09,0.03010352681311865,0.26918333386357307,1
2017-08-10,0.10120087171234553,0.42087653680870546,0
2017-08-11,0.06792619946650091,0.2876139769083748,0
2017-08-14,0.03782432819990579,0.07495504179460671,0
2017-08-15,0.036908676267735564,0.05999419404840156,0
2017-08-16,0.037131340712182034,0.051636758368720656,1
2017-08-17,0.1464167581531028,0.27544004232686975,0
2017-08-18,0.1003431226223493,0.30938687035171536,0
2017-08-21,0.05480833697905151,0.04113906501731333,0
2017-08-22,0.03603411166481384,0.15824987945623653,0
2017-08-23,0.04032924644399824,0.03421721169733952,0
2017-08-24,0.060274225756368816,0.028989637925391255,0
2017-08-25,0.03382705594237247,0.015097013101436078,0
2017-08-28,0.028904866959324538,0.016416723776033544,0
2017-08-29,0.029317343290053328,0.08176341476851283,0
2017-08-30,0.024483017968083918,0.01486366637688864,0
2017-08-31,0.01860033643382755,0.011013328890750105,0
2017-09-01,0.013606993723910703,0.010250022154689545,0
2017-09-05,0.027120947880903364,0.01569269057250333,0
2017-09-06,0.02326624293834956,0.010146534079477324,0
2017-09-07,0.02151182028327222,0.011413736355499573,0
2017-09-08,0.022982046599997634,0.01717102701092036,0
2017-09-11,0.014621071865307773,0.008283714771088664,0
2017-09-12,0.01897616806069013,0.008623833002867327,0
2017-09-13,0.019801055975745364,0.00838193934561441,0
2017-09-14,0.019893100901138834,0.008623833002867327,0
2017-09-15,0.019588363281179827,0.009151324929595632,0
2017-09-18,0.020559233048535012,0.008841583835336243,0
2017-09-19,0.02103981612998724,0.007778483014296396,0
2017-09-20,0.017287476324486437,0.00809802649670582,0
2017-09-21,0.01671372440229787,0.008331795580695227,0
2017-09-22,0.014858595616485087,0.008331795580695227,0
2017-09-25,0.0193023383591963,0.02293394900089048,0
2017-09-26,0.018729816838470054,0.013488767328904703,0
2017-09-27,0.014910782387134282,0.009208556987043244,0
2017-09-28,0.01284004153475899,0.00874558519237782,0
2017-09-29,0.013716092273061283,0.008331795580695227,0
2017-10-02,0.014507044818691275,0.008331795580695227,0
2017-10-03,0.014212347217085922,0.008331795580695227,0
2017-10-04,0.015672156701575932,0.0394470486035784,0
2017-10-05,0.011739988035149663,0.03684414676119047,0
2017-10-06,0.015218083697605142,0.010746595336726112,0
2017-10-09,0.02149561348594035,0.013716459662124333,0
2017-10-10,0.021065734412280462,0.32153970751958605,0
2017-10-11,0.0219557854233759,0.2814730346921851,0
2017-10-12,0.02216373628371604,0.3334814781869153,0
2017-10-13,0.023315618317069266,0.23850908807633944,0
2017-10-16,0.031806647766520306,0.2985978416782885,0
2017-10-17,0.03663508565429233,0.30109213798972767,0
2017-10-18,0.03157902383216795,0.2927306649708217,0
2017-10-19,0.029149077732880852,0.2985978416782885,0
2017-10-20,0.025972446899161696,0.3425028630911802,0
2017-10-23,0.03739914671963592,0.6180201667019642,0
2017-10-24,0.0410889228710659,0.5166570653964159,0
2017-10-25,0.03807601777827621,0.08632189903132566,0
2017-10-26,0.03727775321812951,0.1290747530743161,0
2017-10-27,0.023638503962323858,0.10631566616833825,0
2017-10-30,0.033106364331591004,0.03294571817321795,0
2017-10-31,0.030538600635977818,0.031027125005821173,0
2017-11-01,0.025705782502526506,0.039697248990420445,0
2017-11-02,0.021936637787224357,0.039697248990420445,0
2017-11-03,0.013626676131722292,0.11159768285087,0
2017-11-06,0.015169274640178742,0.05359522217784237,0
2017-11-07,0.017667063646672424,0.061356570208577765,0
2017-11-08,0.017491582323470898,0.28039380829381433,0
2017-11-09,0.021867951258164653,0.42436489094510493,0
2017-11-10,0.025565064204575102,0.6827245176804113,0
2017-11-13,0.028066257272491384,0.7406317165298758,0
2017-11-14,0.02605687492290288,0.12731331533562157,0
2017-11-15,0.040893533609142954,0.7288831565272911,0
2017-11-16,0.0275641367323377,0.016627174283606126,0
2017-11-17,0.02877263898014173,0.018637838581330723,0
2017-11-20,0.025068769444570295,0.020894599595409506,0
2017-11-21,0.018881308208854277,0.021045761820581585,0
2017-11-22,0.024018831535600135,0.010400573475250273,0
2017-11-24,0.018810247141398256,0.011943420999104464,0
2017-11-27,0.017320005319555486,0.03631769237511449,0
2017-11-28,0.014951141152425913,0.00945226030273147,0
2017-11-29,0.0160667828439963,0.009928602570643631,0
2017-11-30,0.01706446003419264,0.0190761890496736,0
2017-12-01,0.017953163793993532,0.012110512182120363,0
2017-12-04,0.018830918009447414,0.012251776633651002,0
2017-12-05,0.021028501167643723,0.010917803273195997,0
2017-12-06,0.02114129356495663,0.010917803273195997,0
2017-12-07,0.020889704158519797,0.015826233370843917,0
2017-12-08,0.016754850952830136,0.008431997169024735,0
2017-12-11,0.016205790353788694,0.008194044238864676,0
2017-12-12,0.017352986504131442,0.008194044238864676,0
2017-12-13,0.018920060270379346,0.008194044238864676,0
2017-12-14,0.018106223045475354,0.011147317557964099,0
2017-12-15,0.01321457508895849,0.009835893876358885,0
2017-12-18,0.012604050525218142,0.008792547462518875,0
2017-12-19,0.016341858573821748,0.010736642494188561,0
2017-12-20,0.015585828586984199,0.010965161884111674,0
2017-12-21,0.014570681783482236,0.009835893876358885,0
2017-12-22,0.015514607490946387,0.010121039149604537,0
2017-12-26,0.019618968111957243,0.012616020727817513,0
2017-12-27,0.022857386938024592,0.012209407591878777,0
2017-12-28,0.017509710638920276,0.009793364286973822,0
2017-12-29,0.02479895126391676,0.01672164428675934,0
2018-01-02,0.01528118798220361,0.008147579337250844,0
2018-01-03,0.011143292606635961,0.008842148122994144,0
2018-01-04,0.01137433880052646,0.008476011729883305,0
2018-01-05,0.01016549029252953,0.008476011729883305,0
2018-01-08,0.012116970772948009,0.008476011729883305,0
2018-01-09,0.013245310437255789,0.008842148122994144,0
2018-01-10,0.01224891154980501,0.008476011729883305,0
2018-01-11,0.012468181444207352,0.008194044238864676,0
2018-01-12,0.014165363605112695,0.008194044238864676,0
2018-01-16,0.024153888552656867,0.037731248100103795,0
2018-01-17,0.02666570513707071,0.016248147865440862,0
2018-01-18,0.025544162612245614,0.018877062730987517,0
2018-01-19,0.021918216602554476,0.021227358549775983,0
2018-01-22,0.02015461841179324,0.009571591887675732,0
2018-01-23,0.021157533622009148,0.009262520468879168,0
2018-01-24,0.027474536929646572,0.010349459187068926,0
2018-01-25,0.029241012183376137,0.010241301596784477,0
2018-01-26,0.018019179956184583,0.015843619925931793,0
2018-01-29,0.04038733988883327,0.16918324426893097,0
2018-01-30,0.050140359058721044,0.14193822812597853,0
2018-01-31,0.04567522449469275,0.2296048010873342,0
2018-02-01,0.04985049512568082,0.07006947963368164,1
2018-02-02,0.12429727362895054,0.0696413339397473,1
2018-02-05,0.4608050045096793,0.7218062360572705,0
2018-02-06,0.421720062296395,0.4794666523925106,0
2018-02-07,0.33345072869048425,0.396045947547905,1
2018-02-08,0.3576062534328228,0.4099443138248896,0
2018-02-09,0.3700486960894736,0.32594350234609526,0
2018-02-12,0.9016660777071196,0.7402813826395972,0
2018-02-13,0.7066030878593358,0.609214006061024,0
2018-02-14,0.43492198667580434,0.32011629814847586,0
2018-02-15,0.4924468362981091,0.2383546998597209,0
2018-02-16,0.35447299008040795,0.17065087672919904,0
2018-02-20,0.277453557110746,0.287643779823941,0
2018-02-21,0.2577744611705339,0.2392160324627198,0
2018-02-22,0.11771047502555033,0.35609328051696393,0
2018-02-23,0.10788237888178716,0.23736606304048352,0
2018-02-26,0.09593764126686152,0.17707990834353168,0
2018-02-27,0.13986814868453423,0.1480806569140873,0
2018-02-28,0.13570738881240443,0.18661822856740498,1
2018-03-01,0.1457265447516888,0.3373267713914556,0
2018-03-02,0.08520213779732244,0.20922416814075548,0
2018-03-05,0.07675144967710157,0.20236065723726962,0
2018-03-06,0.08313412856319297,0.07673756420926153,0
2018-03-07,0.08570623925877625,0.0762081781763106,0
2018-03-08,0.09158646342717609,0.043424759921908515,0
2018-03-09,0.04038623405215598,0.013000958618880901,0
2018-03-12,0.056468584029946485,0.018276666627887645,0
2018-03-13,0.06424532302871148,0.037040028756646484,0
2018-03-14,0.0640617101108098,0.06996705690469716,0
2018-03-15,0.05982006080240876,0.03918798259928281,0
2018-03-16,0.05186047730207316,0.09826373302615987,1
2018-03-19,0.10636012093245024,0.14445741343940272,0
2018-03-20,0.088590401541119,0.11016747033828458,0
2018-03-21,0.08770873561540779,0.10313789877920386,1
2018-03-22,0.15108115944267092,0.6518015302267393,1
2018-03-23,0.1625287467358959,0.2137137329576475,0
2018-03-26,0.12012445289173355,0.2670381818561265,1
2018-03-27,0.11953111202554806,0.43189416254625196,0
2018-03-28,0.1028014041100035,0.31005599807322987,0
2018-03-29,0.11989515339442143,0.0616592825491952,1
2018-04-02,0.17766518093543182,0.2552553136295619,0
2018-04-03,0.10678408458104349,0.08241563084348909,0
2018-04-04,0.0805885796282416,0.0824381990240539,0
2018-04-05,0.0718959330415339,0.0808376916205661,1
2018-04-06,0.08053647287266737,0.1324487390332074,0
2018-04-09,0.10366007677575102,0.11069946005324045,0
2018-04-10,0.0648250975487224,0.05911009817640905,0
2018-04-11,0.06771569437801984,0.061547159582178455,0
2018-04-12,0.052724862565076226,0.06583747509756618,0
2018-04-13,0.05372004746419351,0.08108998071780225,0
2018-04-16,0.05709234046126881,0.0866059348965699,0
2018-04-17,0.051294517448107396,0.048355847378790076,0
2018-04-18,0.05606096141324548,0.09228128673577879,0
2018-04-19,0.05161490152890698,0.0865747884839859,0
2018-04-20,0.04749341414006273,0.05546218600470063,0
2018-04-23,0.044808851691522364,0.050881210900257656,1
2018-04-24,0.05979962581948177,0.10049988342467166,0
2018-04-25,0.06271263543509575,0.07463177518745501,0
2018-04-26,0.04547761003847754,0.045737883152334284,0
2018-04-27,0.03779859945208242,0.02774479925363861,0
2018-04-30,0.04157897800560493,0.0560169095918871,0
2018-05-01,0.0446012167004607,0.05672855947718037,0
2018-05-02,0.050017907227664526,0.0843839267045487,0
2018-05-03,0.04990728772364816,0.10350717951784648,0
2018-05-04,0.02891136777672496,0.028249817942309345,0
2018-05-07,0.027241901755177562,0.02313048576374708,0
2018-05-08,0.02801901250008208,0.026006062129202066,0
2018-05-09,0.028663752224389487,0.025510133872433595,0
2018-05-10,0.028084048264883425,0.013937264953700127,0
2018-05-11,0.02628568966320149,0.011765829129041885,0
2018-05-14,0.03628782658352229,0.016604495331261796,0
2018-05-15,0.04818003249661266,0.23546066750806113,0
2018-05-16,0.035976643562199345,0.05284661621114388,0
2018-05-17,0.04079624510012206,0.03025993113397038,0
2018-05-18,0.03689436732575987,0.07828897731088894,0
2018-05-21,0.03722247101870593,0.01565846002040701,0
2018-05-22,0.04289483038438597,0.013601381592811228,0
2018-05-23,0.03511138488030446,0.019531723288971,0
2018-05-24,0.03613424430744497,0.010946685592402739,0
2018-05-25,0.04195944549837342,0.031420037108252204,0
2018-05-29,0.08710146470756283,0.12483060913514853,0
2018-05-30,0.05408169913310525,0.04600215064482543,0
2018-05-31,0.058062556430184105,0.16530370725250673,0
2018-06-01,0.03323373336306593,0.015256168860060478,0
2018-06-04,0.028226227113239584,0.01005702428148527,0
2018-06-05,0.03737244485922537,0.008927018661742725,0
2018-06-06,0.02805481922401051,0.009694823366843085,0
2018-06-07,0.030598384290174994,0.009694823366843085,0
2018-06-08,0.02624853413990248,0.00966954597250509,0
2018-06-11,0.027833526148525245,0.009531781836069826,0
2018-06-12,0.026113774894086127,0.00875912780644336,0
2018-06-13,0.030618869066583922,0.0120844222084223,0
2018-06-14,0.027805558924008152,0.008519136171156193,0
2018-06-15,0.028648553583679553,0.008902900835619117,0
2018-06-18,0.03303870760603801,0.017213439347919367,0
2018-06-19,0.04111016536323461,0.0462353626477825,0
2018-06-20,0.03743716368318164,0.020334295592737625,0
2018-06-21,0.05107195084346603,0.03472745855664393,0
2018-06-22,0.040002736148974705,0.021723056997587625,1
2018-06-25,0.07276285069264017,0.07335469882597545,0
2018-06-26,0.059549050877705616,0.04339484440756455,0
2018-06-27,0.07734366016612083,0.0649832191874015,0
2018-06-28,0.07603056907599204,0.13793701702998054,0
2018-06-29,0.06354405154807913,0.1849482528775979,0
2018-07-02,0.0752269947255688,0.05434397255979857,0
2018-07-03,0.0694973861966255,0.2972890591763099,0
2018-07-05,0.06664143339613401,0.017177404109694646,0
2018-07-06,0.04243090679842119,0.010036283981318457,0
2018-07-09,0.03632969382567317,0.010690322644419704,0
2018-07-10,0.035456259582983325,0.01044378212998502,0
2018-07-11,0.04729658252504408,0.016590307548206853,0
2018-07-12,0.0341416725252481,0.01057967572769964,0
2018-07-13,0.029253280755083898,0.011291724114535509,0
2018-07-16,0.03609642467212167,0.016480608689441078,0
2018-07-17,0.03137770185739458,0.013522882761523287,0
2018-07-18,0.03256618830565022,0.013225775532963517,0
2018-07-19,0.036061391343784895,0.014861256977471994,0
2018-07-20,0.03477027462795271,0.016389495383858543,0
2018-07-23,0.03753253454027529,0.01808651788007151,0
2018-07-24,0.030970533379814844,0.048310104057854256,0
2018-07-25,0.02803130227149908,0.06963251259275034,0
2018-07-26,0.02880936741625363,0.010583790078799974,0
2018-07-27,0.035319446535223814,0.01354787331569825,0
2018-07-30,0.04529617674834466,0.0589374568208959,0
2018-07-31,0.033345852022952004,0.04456203343209836,0
2018-08-01,0.03815587377132802,0.07296729745638834,0
2018-08-02,0.028016370090426825,0.07460176109511907,0
2018-08-03,0.021565413015072858,0.012229504624667877,0
2018-08-06,0.02085995132440172,0.011113593108459325,0
2018-08-07,0.017107289671240034,0.011014250206551411,0
2018-08-08,0.017036011588067123,0.010593616754299748,0
2018-08-09,0.019053656128429686,0.009520812203855216,0
2018-08-10,0.03211393760058061,0.041855998300215344,0
2018-08-13,0.04468461373386722,0.12378077009007805,0
2018-08-14,0.03133077718494645,0.08777508399413371,0
2018-08-15,0.04228602691965409,0.20665688732396928,0
2018-08-16,0.03209395037297915,0.1059643559197284,0
2018-08-17,0.029943585340867992,0.010739175097713044,0
2018-08-20,0.034209387657864,0.010339099737578681,0
2018-08-21,0.03184167865401934,0.010483812344000535,0
2018-08-22,0.027287361861033328,0.009425184049271165,0
2018-08-23,0.028997513257408375,0.010557439606402914,0
2018-08-24,0.023187420152622668,0.009425184049271165,0
2018-08-27,0.02243271891588679,0.01032159639322808,0
2018-08-28,0.02445879097236723,0.009079596534025725,0
2018-08-29,0.019461718605707817,0.009079596534025725,0
2018-08-30,0.027404397503790607,0.01782665937446404,0
2018-08-31,0.025708119266743015,0.017158978975988403,0
2018-09-04,0.030265258226802132,0.011252568635011125,0
2018-09-05,0.03640034351052187,0.03861850930836487,0
2018-09-06,0.04430375112899558,0.041249115374507525,0
2018-09-07,0.05155894228647096,0.03859428011648199,0
2018-09-10,0.040452386459786806,0.03262796304524242,0
2018-09-11,0.03539307632670575,0.024306338814955343,0
2018-09-12,0.039623374390141256,0.015042513756824744,0
2018-09-13,0.03436888641939677,0.009741668800144355,0
2018-09-14,0.035520506078783536,0.012802477051826832,0
2018-09-17,0.047865734940403214,0.019080765395716404,0
2018-09-18,0.03275100770581402,0.013327226548803132,0
2018-09-19,0.02433695138226477,0.010374293594575923,0
2018-09-20,0.022488003318241762,0.010374293594575923,0
2018-09-21,0.020322366625311717,0.009024676819899586,0
2018-09-24,0.027895477522236894,0.009595178433648714,0
2018-09-25,0.027982565355761508,0.010398810903311241,0
2018-09-26,0.027833506362530704,0.017928459461561942,0
2018-09-27,0.026863939050887197,0.022522666941975966,0
2018-09-28,0.024675803137089634,0.02497563280943461,0
2018-10-01,0.022789534250797397,0.012424526760264886,0
2018-10-02,0.022805295454871383,0.014589526694168846,0
2018-10-03,0.02112572742349232,0.012784936927920753,0
2018-10-04,0.04400400349019723,0.056564662933052116,0
2018-10-05,0.047794317832780354,0.0707765671415242,0
2018-10-08,0.06081797912280427,0.058574613330328505,0
2018-10-09,0.06351761746013776,0.09326889643626525,1
2018-10-10,0.15853906867732112,0.09815824764495132,1
2018-10-11,0.2564548078339696,0.09729083685922384,0
2018-10-12,0.16982175492078938,0.23148362106436784,0
2018-10-15,0.1623442143457847,0.2208322914112701,0
2018-10-16,0.10702649238509786,0.29831283488190763,0
2018-10-17,0.14582833342476695,0.360416912043351,1
2018-10-18,0.19448617393374018,0.25846039267549376,0
2018-10-19,0.14373548744763734,0.19803365809647935,0
2018-10-22,0.12825458402195447,0.4024782666449257,0
2018-10-23,0.1256288536806929,0.16056491213624563,1
2018-10-24,0.2233081464824837,0.08537522233668893,0
2018-10-25,0.18013524590483293,0.19567989217155263,1
2018-10-26,0.20401905845485677,0.12665895309466552,0
2018-10-29,0.2008748363615139,0.08825893105923638,0
2018-10-30,0.17226575323197732,0.20836489237364167,0
2018-10-31,0.15387724004127926,0.1366691014720645,0
2018-11-01,0.12912714778706688,0.19227511172676015,0
2018-11-02,0.1068286827894567,0.13560957388377773,0
2018-11-05,0.1110510382237815,0.20102114882526897,0
2018-11-06,0.12906532446981786,0.22071219200083148,0
2018-11-07,0.06163536300670947,0.037871530039793475,0
2018-11-08,0.060906115675411786,0.0469566902587328,0
2018-11-09,0.06195483055339742,0.112559893624112,1
2018-11-12,0.11945563711227525,0.18845342568124074,0
2018-11-13,0.11291953054515683,0.1892510158702891,0
2018-11-14,0.10707906752981329,0.11964190439602085,0
2018-11-15,0.0939973907418035,0.1562035213622049,0
2018-11-16,0.07263323003402164,0.28875156635976756,1
2018-11-19,0.1111372303319771,0.1417934049313166,1
2018-11-20,0.12823895149827289,0.15241985811762856,0
2018-11-21,0.1089050800289016,0.2324923464730383,0
2018-11-23,0.11755414939203422,0.19883502009271137,0
2018-11-26,0.06427713058235109,0.1734277907542288,0
2018-11-27,0.07356469286909202,0.10601453435937118,0
2018-11-28,0.0683124134325927,0.07476845945072243,0
2018-11-29,0.05601514531590272,0.09421131156550494,0
2018-11-30,0.05723620228957425,0.04921770111949656,0
2018-12-03,0.03411632134992492,0.03616012925828149,1
2018-12-04,0.07357944348203152,0.12207055249940105,0
2018-12-06,0.09692998154744158,0.13660249500954702,1
2018-12-07,0.1326567149749832,0.07478294317157749,0
2018-12-10,0.12894070513634384,0.19904066438214155,0
2018-12-11,0.10328665338121724,0.07853348781046093,0
2018-12-12,0.109233303453401,0.09711666581521508,0
2018-12-13,0.10305032279328533,0.13366647379316984,1
2018-12-14,0.12458848662653207,0.12073923317289365,1
2018-12-17,0.17854467389944798,0.45829430058065074,0
2018-12-18,0.17856122916961767,0.2439743636804751,1
2018-12-19,0.20921327505622023,0.17368515795298017,1
2018-12-20,0.26631058973613103,0.12829365989092148,1
2018-12-21,0.2932017327240696,0.0869600376880834,1
2018-12-24,0.47094768659101244,0.0818212901039033,0
2018-12-26,0.3251014149177284,0.21240249731513666,0
2018-12-27,0.23005580148176258,0.15298479876058518,0
2018-12-28,0.22708409274743346,0.0985191160880342,0
2018-12-31,0.17706519050576514,0.15476243848164545,0
2019-01-02,0.19810266140462657,0.18324488981353834,1
2019-01-03,0.2569070356724942,0.20177015980436178,0
2019-01-04,0.15599160214377644,0.3208484478521006,0
2019-01-07,0.11544024497481016,0.11322685281056866,0
2019-01-08,0.071048332169674,0.04750047445197621,0
2019-01-09,0.052364317645792434,0.06784788119450359,0
2019-01-10,0.04240240772784813,0.05445573162992718,0
2019-01-11,0.035652761461939624,0.14286863619125448,0
2019-01-14,0.04907898445795849,0.13175818707142364,0
2019-01-15,0.04823265055776662,0.19032307385571118,0
2019-01-16,0.04672773305616953,0.16484587425122155,0
2019-01-17,0.036118357120221635,0.1879940747567183,0
2019-01-18,0.025616748294606174,0.20888763448213835,1
2019-01-22,0.04297821925421977,0.09202300864214041,0
2019-01-23,0.03854770976485241,0.08709713326624394,0
2019-01-24,0.03746943226752152,0.09139153516321624,0
2019-01-25,0.03017127344894393,0.079407762455798,0
2019-01-28,0.07161995428661289,0.07157326675727842,0
2019-01-29,0.09345860804901683,0.04425118108711968,0
2019-01-30,0.058853306482713766,0.07271279780701682,0
2019-01-31,0.04550156552470139,0.052337336859445915,0
2019-02-01,0.04174119451378575,0.05680844708568293,0
2019-02-04,0.04282754427002163,0.04029303528994804,0
2019-02-05,0.04552404365763097,0.02496453853553188,0
2019-02-06,0.05089182091245934,0.023169970732396745,0
2019-02-07,0.06115258942119863,0.05018068065561806,0
2019-02-08,0.05094646121101126,0.026998043382139267,0
2019-02-11,0.05614547751502083,0.07909666845749651,0
2019-02-12,0.047184534689359126,0.03886049540587993,0
2019-02-13,0.04304365273973632,0.06459998640604114,0
2019-02-14,0.047398463542074123,0.050910183270198604,0
2019-02-15,0.03342113145550965,0.014658524958083124,0
2019-02-19,0.03495911122103497,0.014658524958083124,0
2019-02-20,0.034790492855688686,0.012762991276375923,0
2019-02-21,0.040886811288646324,0.011972701434062961,0
2019-02-22,0.03706407955096181,0.011912092409044192,0
2019-02-25,0.046834573892456835,0.03419128977557256,0
2019-02-26,0.0495740665091266,0.04093004155603553,0
2019-02-27,0.04435618658925801,0.06559211886009036,0
2019-02-28,0.04551263873104918,0.028275848420013624,0
2019-03-01,0.034551165745693765,0.012090031307783765,0
2019-03-04,0.05206885039553791,0.0343448839205789,0
2019-03-05,0.05405551869246428,0.03040861162110431,0
2019-03-06,0.06388872929004807,0.053916933238687334,0
2019-03-07,0.07551103029967281,0.04580270441947796,0
2019-03-08,0.06504374538988959,0.03995962379228139,0
2019-03-11,0.04640142874813223,0.02458646745039444,0
2019-03-12,0.04322863264966413,0.012753248476181691,0
2019-03-13,0.0410406910301611,0.02638171405096282,0
2019-03-14,0.044363355247747586,0.0170349863597228,0
2019-03-15,0.034556216111878285,0.014480322065648074,0
2019-03-18,0.03257724245020007,0.013494762075472575,0
2019-03-19,0.03450605018988394,0.01622949298061073,0
2019-03-20,0.03971436375618068,0.08575257991927228,0
2019-03-21,0.033323639228575966,0.01566368489137205,1
2019-03-22,0.06269864630227051,0.05503168717863258,0
2019-03-25,0.06297418845445772,0.06724146868175943,0
2019-03-26,0.0480716610244966,0.03601884538722274,0
2019-03-27,0.05389703019388334,0.04803086207302542,0
2019-03-28,0.05137221596730024,0.02357478632791092,0
2019-03-29,0.04842805822770037,0.016180686364257953,0
2019-04-01,0.038543884041672506,0.011118295959419898,0
2019-04-02,0.03193743792640276,0.010810497706770858,0
2019-04-03,0.03392548907821671,0.01359975732743135,0
2019-04-04,0.0308033710999906,0.011118295959419898,0
2019-04-05,0.024210518677288944,0.009889183906737951,0
2019-04-08,0.028982640444416605,0.011118295959419898,0
2019-04-09,0.0382569952161741,0.012880635852603375,0
2019-04-10,0.03562090483418892,0.010865929118429011,0
2019-04-11,0.03341297623765863,0.009256968385641978,0
2019-04-12,0.02667033370412639,0.009256968385641978,0
2019-04-15,0.030953473033271214,0.009256968385641978,0
2019-04-16,0.03182508161219101,0.009256968385641978,0
2019-04-17,0.031852472932811814,0.009256968385641978,0
2019-04-18,0.027466942516810876,0.009256968385641978,0
2019-04-22,0.02748867261124205,0.009256968385641978,0
2019-04-23,0.025489378912213142,0.008763464915398138,0
2019-04-24,0.030033927114285253,0.011785242196919185,0
2019-04-25,0.0320181195538362,0.014271402887926738,0
2019-04-26,0.025840242565335052,0.011992474824524212,0
2019-04-29,0.02802930782497637,0.026765227874161836,0
2019-04-30,0.031367660946548886,0.014271402887926738,0
2019-05-01,0.051082377438063084,0.030541063037197842,0
2019-05-02,0.047816339897984915,0.02015566752630884,0
2019-05-03,0.03370006358198755,0.008238965612726459,0
2019-05-06,0.060857637248595796,0.050958897232977425,1
2019-05-07,0.11774178380841847,0.08034756339531145,0
2019-05-08,0.12873782045764803,0.059895464740640204,0
2019-05-09,0.1259073918399681,0.04391505291861214,0
2019-05-10,0.07725835040433283,0.0707194293929962,1
2019-05-13,0.177568334730838,0.06461176308329519,0
2019-05-14,0.16898148617780265,0.1364433107690477,0
2019-05-15,0.13178158645736326,0.1448363619954947,0
2019-05-16,0.10009044907594052,0.051706048222962674,0
2019-05-17,0.0900057251015684,0.1585249149549171,0
2019-05-20,0.1232688894848609,0.037502018728439654,0
2019-05-21,0.07681613866364508,0.02380959158939555,0
2019-05-22,0.06540782962542384,0.011994641043231207,0
2019-05-23,0.0940510368018996,0.06783748861224348,0
2019-05-24,0.08208059103447267,0.10410766146774382,0
2019-05-28,0.11176917705059411,0.1126712913647721,0
2019-05-29,0.1138975902351115,0.059337787634688104,0
2019-05-30,0.09410266698682655,0.06366700684262795,1
2019-05-31,0.14321460391255847,0.09839785665924265,0
2019-06-03,0.13292507055865468,0.05778063484851443,0
2019-06-04,0.09413763061606209,0.06122655926183837,0
2019-06-05,0.07213581637469349,0.06084340091308246,0
2019-06-06,0.06453077206018948,0.0886227703559041,0
2019-06-07,0.05849468641708199,0.03737598524522884,0
2019-06-10,0.05292874944902012,0.032504551164334906,0
2019-06-11,0.05384873131223612,0.03299809135171669,0
2019-06-12,0.05499036130957567,0.035708841863678197,0
2019-06-13,0.05687656371537126,0.03361115721554872,0
2019-06-14,0.06475834894423502,0.02965955680790468,0
2019-06-17,0.06650390158387882,0.04283992945724055,0
2019-06-18,0.058923369374671186,0.0464403971692095,0
2019-06-19,0.04703964970931497,0.01416486586033807,0
2019-06-20,0.04573143557746576,0.024972946697837155,0
2019-06-21,0.043951616162320406,0.05266019484757725,0
2019-06-24,0.048423816931177865,0.045369666358123346,0
2019-06-25,0.06490917281663908,0.05797936027795421,0
2019-06-26,0.061893057409667294,0.05577483061979159,0
2019-06-27,0.06876595056803053,0.06586785076755163,0
2019-06-28,0.06840814356030052,0.0666562852689557,0
2019-07-01,0.05363077595023154,0.01920731823534099,0
2019-07-02,0.04660842258569882,0.011956768039987282,0
2019-07-03,0.039323111825830176,0.012072971322575945,0
2019-07-08,0.04843639148056778,0.012846524358465127,0
2019-07-09,0.04678446481546801,0.01428425804222071,0
2019-07-10,0.03323347560363421,0.009679144684715651,0
2019-07-11,0.03652897192414788,0.011861053868547307,0
2019-07-12,0.0312639897197376,0.009320973500699808,0
2019-07-15,0.03167667734510954,0.009320973500699808,0
2019-07-16,0.03419469873995781,0.009127032891376664,0
2019-07-17,0.042899453684542954,0.020670352541170944,0
2019-07-18,0.03794028684684479,0.022160776517335584,0
2019-07-19,0.048846758730622074,0.041959761739030314,0
2019-07-22,0.039674920515846514,0.027259755288490613,0
2019-07-23,0.029808354177855278,0.013572871436565284,0
2019-07-24,0.029313437830942108,0.010701046898965434,0
2019-07-25,0.03397505132222035,0.010761203538970936,0
2019-07-26,0.030114971408668187,0.011024600223650049,0
2019-07-29,0.03501706799990637,0.015536633860194169,0
2019-07-30,0.04044056672203028,0.016230272598652284,0
2019-07-31,0.06001300956558662,0.06874206181424732,0
2019-08-01,0.08821200091807632,0.06201452026226799,0
2019-08-02,0.0944751612572661,0.030910554513308305,1
2019-08-05,0.2064190898509995,0.1898337597987343,0
2019-08-06,0.14632075364291686,0.02547861513149263,0
2019-08-07,0.1426975852073308,0.03963924435511013,0
2019-08-08,0.10530418850162596,0.0708321887647312,0
2019-08-09,0.11048646507199761,0.13265276555079786,0
2019-08-12,0.22848693113996857,0.06074720392719197,0
2019-08-13,0.10773312684917523,0.1304688828961001,1
2019-08-14,0.19196304509998194,0.19460061540337792,0
2019-08-15,0.15672900635534914,0.11778493177597317,0
2019-08-16,0.11154037444563664,0.3780654144807132,0
2019-08-19,0.10798798880561511,0.10275091873822814,0
2019-08-20,0.09788367070381257,0.27900688195715867,0
2019-08-21,0.09072809778494699,0.03477929620303196,0
2019-08-22,0.09158819794908733,0.05323228223104159,1
2019-08-23,0.13725536294639842,0.19538870705327674,0
2019-08-26,0.11412594195265457,0.1453616649844251,0
2019-08-27,0.11719863906117282,0.1387404100429478,0
2019-08-28,0.09032865393055527,0.09199275572617595,0
2019-08-29,0.07634909970847108,0.10666243968608863,0
2019-08-30,0.0902470169219487,0.09682644471142739,0
2019-09-03,0.10182307118693278,0.0831109370893829,0
2019-09-04,0.07754822583513356,0.1696348839500479,0
2019-09-05,0.05852633208026322,0.023580692102644085,0
2019-09-06,0.047095545362688555,0.021049408038912264,0
2019-09-09,0.05427823728710261,0.018071124396421216,0
2019-09-10,0.05225603825958065,0.017259990576146137,0
2019-09-11,0.03954337400777673,0.010715931279665275,0
2019-09-12,0.037296304919224796,0.009088495992968433,0
2019-09-13,0.03088623463358235,0.011304334965018448,0
2019-09-16,0.03765273866808434,0.010165012632618192,0
2019-09-17,0.0344156828017253,0.0122866701162128,0
2019-09-18,0.03337072996898997,0.01114581581565122,0
2019-09-19,0.03516893747214846,0.01602451164186572,0
2019-09-20,0.0395791563613082,0.039650186101213236,0
2019-09-23,0.03410256133330479,0.013032996781720164,0
2019-09-24,0.06101970969518007,0.04490001525766877,0
2019-09-25,0.04410132348739789,0.033303423267418426,0
2019-09-26,0.047177075118652406,0.04251493525853208,0
2019-09-27,0.06402010424197171,0.20405593773117264,0
2019-09-30,0.052948031702985766,0.036003103134361635,0
2019-10-01,0.09175774278525126,0.09310840289961957,1
2019-10-02,0.11797252603690453,0.025494093061813713,0
2019-10-03,0.09971575857895239,0.08218352449341103,0
2019-10-04,0.07620537404019588,0.04287613365075326,0
2019-10-07,0.09023098028097276,0.11878310185389188,1
2019-10-08,0.14717211835742022,0.262559744864228,0
2019-10-09,0.11855902265483723,0.18985523923246372,0
2019-10-10,0.09452336000676755,0.19177371272380705,0
2019-10-11,0.06379025121101373,0.024207988741070875,0
2019-10-14,0.05786562851191952,0.018410676550599504,0
2019-10-15,0.04961186559716544,0.027873692890838957,0
2019-10-16,0.046789569077491704,0.013869595021444211,0
2019-10-17,0.04190047746510027,0.012650957619391728,0
2019-10-18,0.04206108793264003,0.011012023130686487,0
2019-10-21,0.033595702550897534,0.012148444791831386,0
2019-10-22,0.03687361782422582,0.013419155758528764,0
2019-10-23,0.03245176718094459,0.010901479493845564,0
2019-10-24,0.03049542680607346,0.010264516636100578,0
2019-10-25,0.024038309396705464,0.011062771943891325,0
2019-10-28,0.02643807324052143,0.011062771943891325,0
2019-10-29,0.026243198370943632,0.010264516636100578,0
2019-10-30,0.020533625610652737,0.009964420719237962,0
2019-10-31,0.026724524141859676,0.010739591279597746,0
2019-11-01,0.017689583938063733,0.010030604698955739,0
2019-11-04,0.02217870219623273,0.010030604698955739,0
2019-11-05,0.022267190534972316,0.010030604698955739,0
2019-11-06,0.018780030703361806,0.009670110529278316,0
2019-11-07,0.021464264118767753,0.009670110529278316,0
2019-11-08,0.018504083351760424,0.009670110529278316,0
2019-11-11,0.026610615409540107,0.011561611445871312,0
2019-11-12,0.02800628633585558,0.012449700992358146,0
2019-11-13,0.02963516005618565,0.012449700992358146,0
2019-11-14,0.03142179197976169,0.012449700992358146,0
2019-11-15,0.023340517264531558,0.011561611445871312,0
2019-11-18,0.027601025766852402,0.013415591181797564,0
2019-11-19,0.030675219436951538,0.0172529488410758,0
2019-11-20,0.0314893225109799,0.023187120796166347,0
2019-11-21,0.03492957516222935,0.019981927097813403,0
2019-11-22,0.02816594081824361,0.023903276264804266,0
2019-11-25,0.024264869672825796,0.011060600060887138,0
2019-11-26,0.02286648747124078,0.011920019900252283,0
2019-11-27,0.02027292269103608,0.011638279305687381,0
2019-11-29,0.02432313842440167,0.010958742929733261,0
2019-12-02,0.03767496489861485,0.013374967984517264,0
2019-12-03,0.04905645660134112,0.07844355619231527,0
2019-12-04,0.037946909754271174,0.04217647531866265,0
2019-12-05,0.038626902630721424,0.021298950896804735,0
2019-12-06,0.03104631341108593,0.011732555000244844,0
2019-12-09,0.05556768454647535,0.08417942724146267,0
2019-12-10,0.05866825682103684,0.038220472869760456,0
2019-12-11,0.047533710141419515,0.037666588138222566,0
2019-12-12,0.03740071142197894,0.012008933979462904,0
2019-12-13,0.028984877236370717,0.010209828415742458,0
2019-12-16,0.03120566475600954,0.010739591279597746,0
2019-12-17,0.03161599051939398,0.010030604698955739,0
2019-12-18,0.030752126853592257,0.010950820428013527,0
2019-12-19,0.026637619073903,0.010950820428013527,0
2019-12-20,0.020438982012425423,0.010030604698955739,0
2019-12-23,0.021175781699593582,0.01044515264158367,0
2019-12-24,0.02210056521310127,0.010030604698955739,0
2019-12-26,0.021203188093698155,0.010422626602750484,0
2019-12-27,0.026025038749888492,0.010853198527372154,0
2019-12-30,0.036374627037285306,0.013312863543511943,0
2019-12-31,0.03201872206669171,0.011533045910731713,0
2020-01-02,0.02290121538025727,0.010422626602750484,0
2020-01-03,0.03679935273062239,0.019898560353306387,0
2020-01-06,0.0390193863847208,0.1720641905103794,0
2020-01-07,0.04455674406208691,0.013087851746831122,0
2020-01-08,0.038812108482160754,0.1649052006557548,0
2020-01-09,0.028643402543402127,0.16283668615602037,0
2020-01-10,0.03282021032432056,0.012492426679563535,0
2020-01-13,0.03169548760406454,0.018635260901020315,0
2020-01-14,0.03018391093859907,0.008898958818976344,0
2020-01-15,0.03199063867073401,0.008898958818976344,0
2020-01-16,0.027902595733809522,0.008337698307227462,0
2020-01-17,0.02453762074562902,0.011003051762807959,0
2020-01-21,0.031235319422397458,0.01315640051700052,0
2020-01-22,0.02998877792712275,0.014169178431565852,0
2020-01-23,0.03148135540292133,0.013898216675702327,0
2020-01-24,0.0505211821350711,0.04154724550940647,1
2020-01-27,0.09673312270834356,0.19079521161459484,0
2020-01-28,0.0718734996323927,0.14280300485150496,0
2020-01-29,0.07668509024266647,0.1511613192912455,0
2020-01-30,0.0667403978081498,0.17444179980657548,1
2020-01-31,0.11521416068458643,0.14301251628867293,0
2020-02-03,0.13748558255756013,0.15454903752067298,0
2020-02-04,0.08606576521995063,0.13807565779344275,0
2020-02-05,0.06526075939670292,0.11093879572234572,0
2020-02-06,0.06007472554396112,0.08083420219355668,0
2020-02-07,0.08018512684642524,0.11971512338229646,0
2020-02-10,0.06853079592143646,0.13862693020148445,0
2020-02-11,0.06439761668586809,0.14290375707490038,0
2020-02-12,0.050856113836777204,0.017915501774363032,0
2020-02-13,0.055077143987446515,0.017014358801867115,0
2020-02-14,0.04879589381124717,0.015807509011722752,0
2020-02-18,0.062311231818587096,0.07208590496267007,0
2020-02-19,0.053619653148640464,0.020868721720603663,0
2020-02-20,0.05768786237756871,0.14370217339203736,0
2020-02-21,0.07784209475065929,0.06392931465840279,1
2020-02-24,0.18358127930715398,0.13721769633233985,1
2020-02-25,0.27970573993739734,0.3503200152147837,0
2020-02-26,0.28272333477209727,0.40540073601511073,1
2020-02-27,0.4355334988960486,0.16074543943940744,0
2020-02-28,0.5468878949841675,0.20330821004939792,0
2020-03-02,0.4433717604353872,0.2520954042001414,1
2020-03-03,0.4814988206567382,0.09091337724475203,0
2020-03-04,0.3094119864022589,0.2813035705766663,1
2020-03-05,0.6203446584034392,0.13476294555418572,1
2020-03-06,0.6026527317010569,0.18244748129367822,1
2020-03-09,0.6914215821802545,0.03513455060610345,0
2020-03-10,0.5931159109549005,0.17950297193008735,1
2020-03-11,0.6311121788680775,0.35577130032428356,1
2020-03-12,0.7863105341812705,0.36421923390875927,0
2020-03-13,0.7651007380490701,0.5459861835272702,1
2020-03-16,0.8528056853451638,0.41454093322608754,0
2020-03-17,0.6569624793325993,0.5040250403154984,1
2020-03-18,0.6759289493517477,0.3142958633889156,0
2020-03-19,0.9439834685520953,0.6584298715620021,1
2020-03-20,0.9225295742536697,0.5977097191050741,1
2020-03-23,0.9961496515803395,0.8175406467395809,0
2020-03-24,0.9911295989895529,0.8040609068330417,0
2020-03-25,0.971239815317961,0.5860409903363903,0
2020-03-26,0.9225112270829458,0.6093520768212617,1
2020-03-27,0.6553415932181164,0.533792725204291,0
2020-03-30,0.3062713828281236,0.5829682289855521,1
2020-03-31,0.7569147234053728,0.8448951387203331,1
2020-04-01,0.8985985552475064,0.543172708763357,0
2020-04-02,0.921479090991924,0.6912891714228403,1
2020-04-03,0.9491022716081208,0.7728436498548297,0
2020-04-06,0.7706273437730928,0.6277907061349672,0
2020-04-07,0.30192218497975654,0.2855038215243531,0
2020-04-08,0.30405701779711486,0.2112570020586905,0
2020-04-09,0.22077454707656283,0.6967744520349483,0
2020-04-13,0.19981715796120195,0.4801509238407404,0
2020-04-14,0.2434391041937446,0.8159201076925022,1
2020-04-15,0.3131074930671877,0.746056919309926,0
2020-04-16,0.25260807362278265,0.9136008056765662,0
2020-04-17,0.22406977928792407,0.8894025917145562,1
2020-04-20,0.24748379124791986,0.9113636154102707,1
2020-04-21,0.1898502015545144,0.8360194189061815,0
2020-04-22,0.2063361157202321,0.8766868684304646,0
2020-04-23,0.2138096419417534,0.6548744332617117,0
2020-04-24,0.13671632789475208,0.6015893676690345,0
2020-04-27,0.1730504841743187,0.2653675404587796,0
2020-04-28,0.1443435617836887,0.14829066827199186,0
2020-04-29,0.10286381127524105,0.5873480276946199,0
2020-04-30,0.13840248044659378,0.37600907893744306,1
2020-05-01,0.10489247196811713,0.15219539120073242,0
2020-05-04,0.09717171634312162,0.3140992082936845,0
2020-05-05,0.09354367264357748,0.14420929923128648,0
2020-05-06,0.12269321915862925,0.18734715201494384,0
2020-05-07,0.11814815823205084,0.5763064555300407,0
2020-05-08,0.10438096541908368,0.49907084503285165,0
2020-05-11,0.12844505276616983,0.29741140292326645,1
2020-05-12,0.1612170738681037,0.4633971484688927,1
2020-05-13,0.1800346166350418,0.5818296383002127,0
2020-05-14,0.12269676924798266,0.6119481198085315,0
2020-05-15,0.10256440413923064,0.5555457198965118,0
2020-05-18,0.0773646609491583,0.3043247621000836,0
2020-05-19,0.1176206759496745,0.328971519690519,0
2020-05-20,0.10231284672730366,0.40854966603615134,0
2020-05-21,0.09293708454676632,0.3014619129610995,0
2020-05-22,0.07980345094227723,0.3671353101092247,0
2020-05-26,0.06999495163018313,0.17755536352204548,0
2020-05-27,0.07902830623008388,0.15877440383775496,0
2020-05-28,0.07468394657198131,0.31197708381882383,0
2020-05-29,0.07149355498346378,0.15809617116680247,0
2020-06-01,0.05973490919150779,0.2101481895673085,0
2020-06-02,0.053434578212772026,0.3426479897786117,0
2020-06-03,0.044078227487582985,0.07249596170191411,0
2020-06-04,0.04305793370367319,0.12125959395276098,0
2020-06-05,0.036194101937816595,0.0762773875118422,0
2020-06-08,0.04142572876968577,0.21799267535334219,0
2020-06-09,0.04230993690692249,0.37983060365332316,0
2020-06-10,0.05045007523657537,0.24253393410463447,1
2020-06-12,0.04977075771503794,0.24710781748062824,0
2020-06-15,0.04985341778100103,0.3209014435177676,0
2020-06-16,0.06289224348629731,0.43236870500620384,0
2020-06-17,0.06342871849140658,0.5412552473174289,0
2020-06-18,0.12080495778705418,0.8004338881393522,0
2020-06-19,0.11021572131280699,0.4856019454681888,0
2020-06-22,0.10287452195881214,0.599673676076381,0
2020-06-23,0.12819487957661643,0.42028844489578665,1
2020-06-24,0.15348566896269722,0.506952310938139,0
2020-06-25,0.12221605337679842,0.4008245609229447,1
2020-06-26,0.1381043833184438,0.3454317882810849,0
2020-06-29,0.09459603141912447,0.5515689668916602,0
2020-06-30,0.09325819809326552,0.6873961697771585,0
2020-07-01,0.10436112197451321,0.8581196119181679,0
2020-07-02,0.09477518922048,0.7184678868072055,0
2020-07-06,0.13098810484952803,0.19417929346270024,0
2020-07-07,0.1416064758093307,0.5138528347965918,0
2020-07-08,0.10887469462211932,0.2326614225550812,0
2020-07-09,0.09694205227353442,0.32980110230961884,0
2020-07-10,0.06916193307561978,0.11637822330867556,0
2020-07-13,0.11684889123571562,0.4448094775289362,0
2020-07-14,0.10404431210762884,0.3443368306538668,0
2020-07-15,0.06728858133215426,0.27596760400796183,0
2020-07-16,0.07447444289669831,0.09790093428421676,0
2020-07-17,0.05417264184494831,0.043008982247634005,0
2020-07-20,0.07750732781055736,0.16312723590183925,0
2020-07-21,0.06336415911156999,0.04775972274527528,0
2020-07-22,0.04906791448598959,0.040721114731691335,0
2020-07-23,0.050475589510150624,0.028698425920110775,0
2020-07-24,0.04145910004419604,0.1021498115876458,0
2020-07-27,0.03634324103643262,0.07008214537513104,0
2020-07-28,0.04932986322809614,0.10035044975675532,0
2020-07-29,0.036845802905364926,0.10714030252657236,0
2020-07-30,0.04270787598740757,0.06364545572433836,0
2020-07-31,0.04138853848178516,0.0907417810545835,0
2020-08-03,0.035241754425581535,0.2336618605422273,0
2020-08-04,0.0346621139197773,0.2768886295299752,0
2020-08-05,0.02669090473230817,0.2414790501857661,0
2020-08-06,0.02699239115294268,0.24294697335684476,0
2020-08-07,0.022981610298998714,0.18177915886655507,0
2020-08-10,0.024598820227383394,0.17118585375330359,0
2020-08-11,0.02990955201626206,0.11235641659924377,0
2020-08-12,0.027454696231237353,0.15545565041060697,0
2020-08-13,0.027417975233421713,0.07614740917975414,0
2020-08-14,0.023311528805454715,0.08131064779462877,0
2020-08-17,0.02063164921816887,0.08413971092997023,0
2020-08-18,0.029773680402209835,0.08592271334063008,0
2020-08-19,0.03007879759315466,0.24815407852766727,0
2020-08-20,0.036919777862448634,0.5302280226321576,0
2020-08-21,0.03541065234237118,0.742137172642137,0
2020-08-24,0.028423373394354145,0.6396986111654547,0
2020-08-25,0.028224190686151004,0.6467643382479779,0
2020-08-26,0.039132766339233106,0.8189607873566048,0
2020-08-27,0.041312339107270765,0.48460763865519635,0
2020-08-28,0.026391497661769785,0.7853009990930128,0
2020-08-31,0.038036417854680434,0.27224689852765804,0
2020-09-01,0.03474464732973848,0.7909586924525921,0
2020-09-02,0.03677821483170765,0.6812300929366003,1
2020-09-03,0.04768273261233351,0.2640898388111222,0
2020-09-04,0.04510368698785779,0.21224629612180368,1
2020-09-08,0.08041974770202638,0.13564897428982078,0
2020-09-09,0.08498757564370339,0.5645045028943512,1
2020-09-10,0.08163377382266712,0.8088793768800125,0
2020-09-11,0.09177884859524094,0.21053922156725424,0
2020-09-14,0.064011950489829,0.21072025391970012,0
2020-09-15,0.0579997025292587,0.2587017863637472,0
2020-09-16,0.040264889247279084,0.21132499253167483,0
2020-09-17,0.03996387976197906,0.14025976267594803,0
2020-09-18,0.028529197602266257,0.1602117331757576,0
2020-09-21,0.03970107879415574,0.08539268920804431,0
2020-09-22,0.03365710727788817,0.11242500076324316,1
2020-09-23,0.034559178746769795,0.19339000320903685,0
2020-09-24,0.030204396877668637,0.08105694798751621,0
2020-09-25,0.02164738014702754,0.15168848937627724,0
2020-09-28,0.023505999352694193,0.08994540076314853,0
2020-09-29,0.029511851657493978,0.024474330723492307,0
2020-09-30,0.02931740386370287,0.02758536317973977,0
2020-10-01,0.03208633561564689,0.0902953061816797,0
2020-10-02,0.03335786511767508,0.06659168421319121,0
2020-10-05,0.04988624491704619,0.05157898133921377,1
2020-10-06,0.07299345073717935,0.09584853442262753,0
2020-10-07,0.0621454242885069,0.08498915522286324,0
2020-10-08,0.057774101514484304,0.03009767013679806,0
2020-10-09,0.06838467682871761,0.02305876564760892,0
2020-10-12,0.08532099175110705,0.021475795900136388,0
2020-10-13,0.10394163068721127,0.05285083802045748,0
2020-10-14,0.1247073235316668,0.1393052413833838,0
2020-10-15,0.11636460575716331,0.14393024787850048,0
2020-10-16,0.106971751650099,0.12079316508137301,1
2020-10-19,0.11635943165720578,0.04807622443310423,0
2020-10-20,0.12557724325504585,0.07481284346613024,0
2020-10-21,0.12895013766871458,0.10258864946413489,0
2020-10-22,0.12293351020077894,0.08725701136120373,0
2020-10-23,0.11540109146197812,0.07316145573301655,1
2020-10-26,0.19704982087314002,0.08366698140645146,0
2020-10-27,0.2222196705800334,0.09108033972839308,1
2020-10-28,0.2485412257103533,0.7208508851611269,0
2020-10-29,0.22287817223825984,0.15152581694154005,0
2020-10-30,0.22676341368850486,0.10899521599048138,0
2020-11-02,0.26985013801885,0.2064840852913111,0
2020-11-03,0.2741340503634066,0.1370590600907298,0
2020-11-04,0.25762248736924886,0.08145689736187799,0
2020-11-05,0.18320643698084313,0.1812331402121227,0
2020-11-06,0.1387789643635768,0.12628692600491442,0
2020-11-09,0.13653313936977812,0.08284570982979066,0
2020-11-10,0.10497986827279893,0.14395494189621336,0
2020-11-11,0.07763551230140595,0.06531562701649869,0
2020-11-12,0.0863320334895278,0.09274273548805523,0
2020-11-13,0.04916512998710685,0.026260399226771675,0
2020-11-16,0.046606530212277265,0.015925114172416946,0
2020-11-17,0.04736104164029043,0.025589419908365055,0
2020-11-18,0.0470010116411036,0.03464706435279116,0
2020-11-19,0.05046020994570635,0.030032296476802927,0
2020-11-20,0.04933502075474102,0.05243923050569934,0
2020-11-23,0.03668784422142471,0.04559801908554151,0
2020-11-24,0.025202882647289152,0.024495841485314227,0
2020-11-25,0.029672035243717924,0.026878278668322524,0
2020-11-27,0.029113534970855767,0.015536067921702255,0
2020-11-30,0.03401274938551157,0.01756592275851203,0
2020-12-01,0.03748577625294054,0.013496040179390148,0
2020-12-02,0.04073113924157722,0.015347932150218168,0
2020-12-03,0.029482516306193293,0.015920566312709293,0
2020-12-04,0.02457461213843941,0.015748853310999202,0
2020-12-07,0.027742923486129247,0.018117692930425828,0
2020-12-08,0.038317461285578114,0.017784944829708233,0
2020-12-09,0.05646761213864095,0.024862952395585655,0
2020-12-10,0.04995325673620037,0.01969216522133442,0
2020-12-11,0.05048963580761177,0.0508494624740455,0
2020-12-14,0.06821581316828189,0.0680760777043315,0
2020-12-15,0.052644176511994614,0.026408985552784977,0
2020-12-16,0.05651566815533004,0.01698763067615495,0
2020-12-17,0.05034584359789185,0.01865975050556223,0
2020-12-18,0.0485342355984702,0.016414914017588933,0
2020-12-21,0.08431693280207948,0.056964710219379044,0
2020-12-22,0.07382951632575832,0.038836103330300964,0
2020-12-23,0.06487806797285087,0.02764373560587605,0
2020-12-24,0.047165313961061425,0.021408085261792026,0
2020-12-28,0.050958262872932744,0.01449723743608577,0
2020-12-29,0.06765294419492221,0.01370037041315154,0
2020-12-30,0.06402129522043658,0.017967513688933325,0
2020-12-31,0.06357078593061392,0.017967513688933325,1
2021-01-04,0.08934829864025315,0.13221089147160947,0
2021-01-05,0.08146704283437753,0.0383013359349592,0
2021-01-06,0.06698991919297896,0.04538084435641634,0
2021-01-07,0.048678850232508626,0.021597702592329533,0
2021-01-08,0.046776666568845465,0.013812203671327053,0
2021-01-11,0.07618104431796843,0.022137136721185488,0
2021-01-12,0.057474951275306975,0.016480474621157124,0
2021-01-13,0.05080645471082158,0.014090102475829307,0
2021-01-14,0.048339831336087075,0.08828221913202938,0
2021-01-15,0.048453266920032205,0.12612075972194048,0
2021-01-19,0.04820000107745749,0.018134319256236816,0
2021-01-20,0.03670291220120782,0.011864741340483282,0
2021-01-21,0.03189838719544054,0.0118190214821347,0
2021-01-25,0.04906544547375869,0.015022004083273203,0
2021-01-26,0.045429274669689594,0.017148584761464608,1
2021-01-27,0.13612141388728505,0.48839722978734296,0
2021-01-28,0.07083673240272025,0.17563601039603627,1
2021-01-29,0.08646208351062824,0.16394231733487608,0
2021-02-01,0.0699205289406301,0.0834013932560745,0
2021-02-02,0.04395378454949983,0.05294519529375182,0
2021-02-03,0.075036389725017,0.010844473379729148,0
2021-02-04,0.055508040508508355,0.023905381084106243,0
2021-02-05,0.04883026233761594,0.018354647123639097,0
2021-02-08,0.04096022403548391,0.014135983034445073,0
2021-02-09,0.03403479092891004,0.012964246160710543,0
2021-02-10,0.03208160843598311,0.01759853100772692,0
2021-02-11,0.025659625328363234,0.012150296682480728,0
2021-02-12,0.023421760569944227,0.021028275432101153,0
2021-02-16,0.031138353084482737,0.1572490104344078,0
2021-02-18,0.0314446743291894,0.022208019311892084,0
2021-02-19,0.02718813274775996,0.024448450780915332,0
2021-02-22,0.027106303616181486,0.036403905902553324,0
2021-02-23,0.0289527754980647,0.023501959732485138,0
2021-02-24,0.020966005813571435,0.015785382180450624,1
2021-02-25,0.06080221391302489,0.08214626281996945,0
2021-02-26,0.05763772940050435,0.25761352264336085,0
2021-03-01,0.03597288865626809,0.01534527388464286,0
2021-03-02,0.033938195736390675,0.037834988829858265,1
2021-03-03,0.039698296911340546,0.0969276813797328,1
2021-03-04,0.07442848922220299,0.31916040573700777,0
2021-03-05,0.041132076239754595,0.04081862019857897,0
2021-03-08,0.032483142335235714,0.08327623959733245,0
2021-03-09,0.030833782089870896,0.04927196599650419,0
2021-03-10,0.028133352057264846,0.03083914250484568,0
2021-03-11,0.030635498873124032,0.028290495683005935,0
2021-03-12,0.018049409500525467,0.025222900148491652,0
2021-03-15,0.018427797463771937,0.1345147081269922,0
2021-03-16,0.01994270379829217,0.02939618309847062,0
2021-03-17,0.01743905685338558,0.04470022649335018,1
2021-03-18,0.023773251764434643,0.08130796854445269,0
2021-03-19,0.02229719336941011,0.06776496366358277,0
2021-03-22,0.024333259654043937,0.08613151499106578,0
2021-03-23,0.03146878492694798,0.062144618775993976,0
2021-03-24,0.03437930757561673,0.07641091739866515,0
2021-03-25,0.04228268094394176,0.05243231809571371,0
2021-03-26,0.0397169598150599,0.019388470030190834,0
2021-03-29,0.05064597644382366,0.056953330475691614,0
2021-03-30,0.0498916214936963,0.03879868296832648,0
2021-03-31,0.055265207301558206,0.02085722713166365,0
2021-04-01,0.03655537427273076,0.022435592926543815,0
2021-04-05,0.04400179388119966,0.020102624290394017,0
2021-04-06,0.053320755275655496,0.02271441019794708,0
2021-04-07,0.03992048862576522,0.017923203966900714,0
2021-04-08,0.04003981468063757,0.016177390813652076,0
2021-04-09,0.031523341720704534,0.018266996686441297,0
2021-04-12,0.03754345253004459,0.017540369462237165,0
2021-04-13,0.03524783755051367,0.021893043151149608,0
2021-04-14,0.03452892294191907,0.022132087042447374,0
2021-04-15,0.032815568828507675,0.01658819943652646,0
2021-04-16,0.032725980383834216,0.02244568362584783,0
2021-04-19,0.03900427424617536,0.028924391761611424,0
2021-04-20,0.04610847837914085,0.03783051677744814,0
2021-04-21,0.036533821694093624,0.02410833034508397,0
2021-04-22,0.041145861954983175,0.03286208230235957,0
2021-04-23,0.03269623083150701,0.03489610442785618,0
2021-04-26,0.036643958237726086,0.02977220913859404,0
2021-04-27,0.03957582406653304,0.02554976365581164,0
2021-04-28,0.03814741438291502,0.02977220913859404,0
2021-04-29,0.04057022383561163,0.02671988285155311,0
2021-04-30,0.04330566152866655,0.03318230165210666,0
2021-05-03,0.04135708428855953,0.03037935197047454,0
2021-05-04,0.0471765821993963,0.07116747574078718,0
2021-05-06,0.039638114728496626,0.09913556548686529,0
2021-05-07,0.03023161534770463,0.0188037675351098,0
2021-05-10,0.05069924079846487,0.03779539503007295,0
2021-05-12,0.12537260879027315,0.09239255491687455,0
2021-05-13,0.07075612137458165,0.07732623876544376,0
2021-05-14,0.03760034264777713,0.05295373199687581,0
2021-05-17,0.04731423472799412,0.05273466554729851,0
2021-05-18,0.06461968715027783,0.07855290444554171,0
2021-05-19,0.08886358570910208,0.04674368964286576,0
2021-05-21,0.04883419535760124,0.07772976221468218,0
2021-05-24,0.039878455402027446,0.03207796859003511,0
2021-05-26,0.03843106415978461,0.04028593478422649,0
2021-05-27,0.03701177920915466,0.02672281140830047,0
2021-05-28,0.03440084337007766,0.02380325635329883,0
2021-06-01,0.03894756077975087,0.03181640363785764,0
2021-06-02,0.03550754134079878,0.031698601353037904,0
2021-06-03,0.035177871932545964,0.037087026427147576,0
2021-06-04,0.025843878373689295,0.020463350503267953,0
2021-06-07,0.026985643861272345,0.020463350503267953,0
2021-06-08,0.03452818622116902,0.014770523987226645,0
2021-06-09,0.04456687576298856,0.022251179104660804,0
2021-06-10,0.03445869010783258,0.014812575096528129,0
2021-06-11,0.03250650685566739,0.013888729803124606,0
2021-06-14,0.038729213965393416,0.019152503561089124,0
2021-06-15,0.04447670463634935,0.05494808736957615,0
2021-06-16,0.05690122994841398,0.05605703049929385,0
2021-06-17,0.05271320723485553,0.14473257770527537,1
2021-06-18,0.07887826690295187,0.09300360304829722,0
2021-06-21,0.05332011849995869,0.06998639884585629,0
2021-06-22,0.04504337757160755,0.01883989316074153,0
2021-06-23,0.04567335428104422,0.01867249897018017,0
2021-06-24,0.04317208963855184,0.01858090259181552,0
2021-06-25,0.043335101058425474,0.01983216861985815,0
2021-06-28,0.042787608616662,0.02769345625263936,0
2021-06-29,0.0391750986080994,0.02914616713955416,0
2021-06-30,0.03525182039013318,0.029538926490910025,0
2021-07-01,0.03273537445279554,0.02879543032708271,0
2021-07-02,0.02709574745073407,0.02687369018293494,0
2021-07-06,0.03817435196794363,0.025863279057476346,0
2021-07-07,0.03544591449406252,0.025863279057476346,0
2021-07-08,0.0583535571693318,0.07656969672713743,0
2021-07-09,0.031010166429568723,0.03524495517906766,0
2021-07-12,0.030046364643465582,0.031005022025783025,0
2021-07-13,0.03910653768789257,0.03507772076960971,0
2021-07-14,0.03554996881628677,0.02708743078283687,0
2021-07-15,0.04626819145168051,0.026247566256824353,0
2021-07-16,0.04982830240967079,0.11250331784363095,1
2021-07-19,0.08291437324270305,0.14346356736470098,0
2021-07-20,0.05859127374741003,0.12239622796002114,0
2021-07-21,0.04052452404258646,0.07224812539963942,0
2021-07-22,0.03917180741885943,0.032529648623531034,0
2021-07-23,0.035406822146946904,0.0401513727681631,0
2021-07-26,0.05001608945701613,0.043260133409073406,0
2021-07-27,0.054324472160332545,0.03864693761909733,0
2021-07-28,0.03951755860998075,0.030580875611274486,0
2021-07-29,0.03524570228660816,0.03374084420721552,0
2021-07-30,0.03811814799356,0.05605682892977006,0
2021-08-02,0.04661294242186422,0.04232978558252091,0
2021-08-03,0.038149828996373515,0.02373990003364608,0
2021-08-04,0.0354191884337576,0.025760473755843467,0
2021-08-05,0.032101634144927775,0.029299940484264788,0
2021-08-06,0.026714906619796395,0.019066102314454294,0
2021-08-09,0.03281060718914726,0.03346886572581277,0
2021-08-10,0.029849177006774988,0.01987226282475324,0
2021-08-11,0.025063240508712167,0.01941733025366135,0
2021-08-12,0.023539219984208982,0.019251207305553006,0
2021-08-13,0.021005756173711216,0.019251207305553006,0
2021-08-16,0.026013625712817765,0.012059884515607466,0
2021-08-17,0.03841511470746272,0.0347111825834486,0
2021-08-18,0.0670003863281506,0.05232109831149767,0
2021-08-19,0.06098363598433083,0.04361451443272792,0
2021-08-20,0.0353334030843097,0.06467925751668455,0
2021-08-23,0.03096735198621762,0.044016461523669656,0
2021-08-24,0.03431259476727321,0.03990508418099469,0
2021-08-25,0.03942610202896719,0.054530742479142615,0
2021-08-26,0.062201346692128526,0.039708885046152706,0
2021-08-27,0.030473669624109984,0.020157852140055384,0
2021-08-30,0.02991122829563911,0.016119705127211312,0
2021-08-31,0.03236233671245781,0.016119705127211312,0
2021-09-01,0.03003778687036582,0.013673758944436872,0
2021-09-02,0.03532908475651473,0.0178795872178798,0
2021-09-03,0.02971158137567926,0.059772579644483986,0
2021-09-07,0.04060444264582037,0.05450052111835327,0
2021-09-08,0.042090721372753756,0.042100024746579735,0
2021-09-09,0.04840832928104494,0.04566949373022081,0
2021-09-10,0.06784818040159839,0.03247310221405476,0
2021-09-13,0.050668401231569044,0.039664126940514854,0
2021-09-14,0.057243942958259034,0.034921021188108387,0
2021-09-15,0.042717107923659146,0.03337263855995507,0
2021-09-16,0.05233842427316188,0.053319497723026424,0
2021-09-17,0.079750062928637,0.04662195342786967,1
2021-09-20,0.1351396984957547,0.12175786621119375,0
2021-09-21,0.11598300318951132,0.05137359529849704,0
2021-09-22,0.0705041880329971,0.06384805483297357,0
2021-09-23,0.051999375072031326,0.0338227104214934,0
2021-09-24,0.04891587138584911,0.019625858353655316,0
2021-09-27,0.07551202351749788,0.03174250621592225,1
2021-09-28,0.1300123574242709,0.12124592958519895,0
2021-09-29,0.09808119065676352,0.14380490491903297,0
2021-09-30,0.1042603798580038,0.10991923897254224,0
2021-10-01,0.06666312301449485,0.07029797063733174,0
2021-10-04,0.08837671736405087,0.092223834470942,0
2021-10-05,0.08330683208713888,0.07953859867717483,0
2021-10-06,0.07909855408597558,0.06442134428760163,0
2021-10-07,0.0596686664398426,0.03421461799122777,0
2021-10-08,0.04619735652520446,0.031036456346336366,0
2021-10-11,0.06424983651014948,0.0560586848284961,0
2021-10-12,0.05788291709045643,0.04931609712801259,0
2021-10-13,0.04915067280410078,0.045372598762529845,0
2021-10-14,0.0325222906518932,0.019523787422197826,0
2021-10-15,0.02558647140370841,0.020355832292137256,0
2021-10-18,0.029229924094443607,0.018958825547831928,0
2021-10-19,0.024928665468457567,0.01633112592436957,0
2021-10-20,0.021107444556999037,0.016294438976287916,0
2021-10-21,0.019504065889315348,0.01789180688318804,0
2021-10-22,0.01995272676136141,0.018449265601420812,0
2021-10-25,0.021292079331280377,0.018449265601420812,0
2021-10-26,0.024586640335457093,0.02080422735364351,0
2021-10-27,0.03302129543600047,0.025853376798178687,0
2021-10-28,0.028386894607818184,0.02266498920902533,0
2021-10-29,0.02821836746853472,0.027546361723996708,0
2021-11-01,0.03123090429847297,0.026368382168089798,0
2021-11-02,0.030218742578792125,0.025751093057004824,0
2021-11-03,0.025652355605754677,0.01802998026694004,0
2021-11-04,0.027681464387792055,0.022148024257934336,0
2021-11-05,0.03308797001231076,0.03540698136043972,0
2021-11-08,0.038752577549001736,0.032176392736573405,0
2021-11-09,0.042030928284981096,0.03976076914872794,0
2021-11-10,0.04837423777615581,0.13835291026847074,0
2021-11-11,0.04038311016860621,0.07468135019383207,0
2021-11-12,0.033009937283236535,0.05137609716897533,0
2021-11-15,0.034508971625188255,0.04875183612315133,0
2021-11-16,0.03365199375053391,0.028751572880556825,0
2021-11-17,0.03885293909349667,0.03725355495512908,0
2021-11-18,0.03822068727091905,0.0618289512929162,0
2021-11-19,0.04159258117008273,0.05535846127966358,0
2021-11-22,0.05210392936433676,0.08071162700538088,0
2021-11-23,0.05441696487826411,0.10558058506192691,0
2021-11-24,0.04769647412547326,0.07796900279531958,1
2021-11-26,0.1419175577026751,0.16557088570613263,0
2021-11-29,0.08905413253489265,0.08685337932670979,1
2021-11-30,0.14099409835670204,0.2381833664246024,0
2021-12-01,0.18960047746508438,0.2404452400095408,0
2021-12-02,0.1215856827226934,0.13553757495126287,0
2021-12-03,0.20006300958011627,0.20433994419759235,0
2021-12-06,0.1217090881554644,0.17532919596781163,0
2021-12-07,0.08640204327327328,0.034840445347660884,0
2021-12-08,0.08226735932378788,0.02696833604810426,0
2021-12-09,0.09492126906234673,0.034722419580642094,0
2021-12-10,0.06701484865142643,0.029414945049046178,0
2021-12-13,0.07132022938623633,0.031314710613601984,0
2021-12-14,0.07296023106063093,0.06662863884485441,0
2021-12-15,0.045235257151320284,0.026304212708922945,0
2021-12-16,0.05548670546252125,0.09009184847106608,0
2021-12-17,0.05340551698550608,0.07397004159304651,0
2021-12-20,0.06729366240221044,0.05538450723850163,0
2021-12-21,0.05575833798693569,0.05937849014875928,0
2021-12-22,0.03359870608273505,0.04393849121236879,0
2021-12-23,0.028493623913636267,0.016553251379644862,0
2021-12-27,0.028744975173982314,0.016874004067859303,0
2021-12-28,0.030503046010183422,0.016082143796550267,0
2021-12-29,0.024165076208702826,0.011180094614104116,0
2021-12-30,0.02461546192907771,0.018479063077137144,0
2021-12-31,0.02413461620451501,0.022526614508585747,0
2022-01-03,0.024039287695923908,0.017004831383125637,0
2022-01-04,0.024704822254928583,0.021875835841623288,1
2022-01-05,0.03614917852329619,0.04862810369917585,0
2022-01-06,0.035263949847456205,0.04230344914622588,0
2022-01-07,0.03069611388943446,0.04059336223907407,0
2022-01-10,0.039182913525337155,0.029115599949468766,0
2022-01-11,0.0352973162308165,0.043124047403837816,0
2022-01-12,0.036435042103859644,0.023148876822298468,1
2022-01-13,0.049320927292064276,0.04655890452508447,0
2022-01-14,0.04086995794892341,0.03780506492413008,1
2022-01-18,0.07209520167866791,0.06262083564485008,0
2022-01-19,0.07728251214241257,0.09399689903269698,0
2022-01-20,0.0893015303770428,0.14690283170779364,1
2022-01-21,0.12032198578624781,0.062070555242980184,0
2022-01-24,0.11798657355372727,0.06566347058512123,0
2022-01-25,0.1437931438968218,0.039722421545449096,0
2022-01-26,0.1759302994970148,0.04111215013642537,0
2022-01-27,0.17452598622513055,0.03933904430353499,0
2022-01-28,0.15541746414697583,0.1920080431813808,0
2022-01-31,0.1273496254656764,0.1303108040825079,0
2022-02-01,0.09841926026173825,0.0673703526277893,0
2022-02-02,0.1018924389967656,0.0827427086141267,1
2022-02-03,0.11623918818759385,0.0829385486047141,0
2022-02-04,0.09240972206305832,0.03692750229315075,0
2022-02-07,0.0855013512861774,0.09595791401107474,0
2022-02-08,0.06074226849551758,0.10666671535914797,0
2022-02-09,0.050585832521538705,0.040090402477380015,1
2022-02-10,0.08932003208569739,0.13585540953995798,1
2022-02-11,0.11730404981842973,0.16354712821811476,0
2022-02-14,0.12834721403259816,0.11497087213801141,0
2022-02-15,0.0949361649774207,0.13913885135605247,0
2022-02-16,0.07753882273616673,0.14377007586368346,1
2022-02-17,0.12218271239307911,0.06644767117313465,0
2022-02-18,0.13859826979984707,0.13606823490032904,0
2022-02-22,0.19168871932271989,0.0949873089465163,1
2022-02-23,0.18735189171475378,0.062322088517675664,0
2022-02-24,0.1754819481672558,0.06437300299436764,0
2022-02-25,0.15224302142769147,0.11891533800105299,0
2022-02-28,0.17842956598404427,0.22100927144384497,1
2022-03-01,0.21561147559001057,0.10534425167795694,0
2022-03-02,0.17476823702633487,0.12293422585865228,0
2022-03-03,0.17009337347196832,0.15066822058745638,0
2022-03-04,0.17981770774412728,0.11118560901664741,1
2022-03-07,0.24125211709330605,0.1129276486080903,0
2022-03-08,0.26992259388397455,0.18021364863450967,0
2022-03-09,0.18718832206392125,0.10334986802726284,0
2022-03-10,0.15620932711491392,0.1571234506111564,0
2022-03-11,0.16031929253183183,0.1329525868204631,0
2022-03-14,0.2214820427620416,0.1551266568417497,0
2022-03-15,0.17279762117548886,0.15155410864910132,0
2022-03-16,0.14313030582459327,0.1823780189480059,0
2022-03-17,0.10397667198799355,0.11810734245524075,0
2022-03-18,0.09986362798325624,0.09712605272721167,0
2022-03-21,0.11197304214670956,0.20289253215908631,0
2022-03-22,0.10398904320864992,0.1069969097085688,0
2022-03-23,0.09918096333486227,0.1269947107971862,0
2022-03-24,0.0783173419396588,0.093774248110776,0
2022-03-25,0.0742771351108204,0.2294312802993565,0
2022-03-28,0.06333063811908662,0.3156869293967234,0
2022-03-29,0.05596642573559269,0.07398868456676562,0
2022-03-30,0.059523729515405015,0.07611803805255374,1
2022-03-31,0.06352621435326289,0.07792655114734028,0
2022-04-01,0.0521461712493473,0.07243312783854376,0
2022-04-04,0.048668218302147404,0.05218732154183177,0
2022-04-05,0.07162396480292137,0.24671769137396457,0
2022-04-06,0.07522724199585973,0.1700705891500329,0
2022-04-07,0.07986757925007022,0.17390009844675827,0
2022-04-08,0.07049147695720419,0.1314483405113671,1
2022-04-11,0.10556585523044912,0.22109218561164587,0
2022-04-12,0.10132933875706106,0.10641747748518257,0
2022-04-13,0.0801826449092669,0.08310089910771894,0
2022-04-14,0.09092330436378732,0.1299226358984109,0
2022-04-18,0.08157474472355754,0.19922032907593465,0
2022-04-19,0.08304426137776794,0.11631924375834277,0
2022-04-20,0.07398305747768268,0.20834351595968661,1
2022-04-21,0.08557369487740836,0.25206199699623516,1
2022-04-22,0.13578476088285138,0.25191687600418045,0
2022-04-25,0.1253270761178251,0.41648808222694494,1
2022-04-26,0.18617935017267778,0.16440860015795555,0
2022-04-27,0.1468247770436608,0.2813725063054704,0
2022-04-28,0.1368004590674924,0.39479408591508536,1
2022-04-29,0.21293348241255447,0.22567619841811248,0
2022-05-02,0.1922724336538676,0.25566374032967665,0
2022-05-03,0.1971221153507027,0.20881184466141678,0
2022-05-04,0.1257089094276382,0.15262058471372247,1
2022-05-05,0.16579273621164692,0.24836276149486688,0
2022-05-06,0.1655172217660048,0.2552431271673675,1
2022-05-09,0.23058392881111714,0.2016737231368241,0
2022-05-10,0.1885565316221679,0.24738923479255873,1
2022-05-11,0.16446990603548436,0.06739159195956494,0
2022-05-12,0.19315781736131918,0.10062272914078411,0
2022-05-13,0.15021086355560073,0.1470846035334811,0
2022-05-16,0.17222766855580718,0.25453111437978426,0
2022-05-17,0.13604329293514067,0.11841456026905088,1
2022-05-18,0.15269628925096942,0.15593853868308036,0
2022-05-19,0.15151886216550015,0.13605402338451714,0
2022-05-20,0.13096928040189554,0.11517253321926518,0
2022-05-23,0.1085336534231234,0.14966446748121706,0
2022-05-24,0.12181248610256144,0.12634676738023112,0
2022-05-25,0.13636558982210453,0.15224678449812265,0
2022-05-26,0.10055413465570162,0.16923921556375388,0
2022-05-27,0.0871663495549704,0.0802145587436891,0
2022-05-31,0.1052941310230603,0.09543059154519583,0
2022-06-01,0.10712622292078035,0.09904213242314613,0
2022-06-02,0.08377868809003196,0.062030892677678195,1
2022-06-03,0.08507108448351088,0.06128315033799284,0
2022-06-06,0.0910499384279306,0.17093487937587246,0
2022-06-07,0.08525109371101874,0.09259954970567044,0
2022-06-08,0.10517945820416238,0.04588396555165088,1
2022-06-09,0.12483880372058481,0.12772501475660208,1
2022-06-10,0.13466729523674217,0.19668428755407236,1
2022-06-13,0.2336476268772799,0.4367118771146814,0
2022-06-14,0.23012242454326318,0.47111820349919786,0
2022-06-15,0.19580807080932058,0.4936431091753618,1
2022-06-16,0.24999489597927707,0.542812357278553,0
2022-06-17,0.23321968889153932,0.5819384797371088,0
2022-06-21,0.2927182612201147,0.6903524979430115,0
2022-06-22,0.24100321900551822,0.5537321032713849,0
2022-06-23,0.20762629451440032,0.740966683409461,0
2022-06-24,0.19147646074740424,0.6075718201973993,0
2022-06-27,0.19727008781203353,0.6958645154820324,1
2022-06-28,0.21515677197638197,0.6008896378303795,0
2022-06-29,0.19576277128626318,0.6447080343450335,0
2022-06-30,0.20143713443812422,0.714070120402307,0
2022-07-01,0.1740228476777521,0.6276396175190753,0
2022-07-05,0.2149482503933612,0.7392328271546755,0
2022-07-06,0.20469340158341334,0.6649527844013587,0
2022-07-07,0.18808241867723624,0.7358633027014673,0
2022-07-08,0.16312696212732378,0.5206862262621129,0
2022-07-11,0.1777765093247571,0.7938064227307134,0
2022-07-12,0.21349244144862742,0.816660496688381,0
2022-07-13,0.18969817218150772,0.6415259703732822,0
2022-07-14,0.18240085733895972,0.603155241361235,0
2022-07-15,0.1338057173298124,0.26662693338751825,0
2022-07-18,0.15316893654184727,0.3325569183836853,0
2022-07-19,0.14008183918558467,0.27684756348743217,0
2022-07-20,0.12966821783195048,0.1791731947214216,0
2022-07-21,0.11697380433680961,0.24147638575906405,0
2022-07-22,0.11294155935380751,0.16957870742832415,0
2022-07-25,0.1355085486701508,0.3709468058750125,0
2022-07-26,0.160944409875356,0.40476691158588873,0
2022-07-27,0.12509095261168246,0.07747691530805262,0
2022-07-28,0.1259867949860428,0.1275522081419866,0
2022-07-29,0.10653621936452258,0.03815543443934346,0
2022-08-01,0.13225142623276817,0.11484924293340608,0
2022-08-02,0.1635204874239542,0.37761073326944533,0
2022-08-03,0.12011648882695912,0.12477547067084567,0
2022-08-04,0.10079578383895761,0.09129280026589737,0
2022-08-05,0.09558684746351305,0.08869109018242174,0
2022-08-08,0.10448748585570873,0.09960033135456503,0
2022-08-09,0.11969667481747703,0.1850352951510378,0
2022-08-10,0.0820612008530877,0.03027811436342583,0
2022-08-11,0.07981751612302344,0.029177116000327085,0
2022-08-12,0.06700245625980956,0.030965183110463302,0
2022-08-15,0.08031681305018636,0.03149449509118775,0
2022-08-16,0.07775927376841661,0.03149449509118775,0
2022-08-17,0.07220573255528225,0.029140776172216918,0
2022-08-18,0.07110369690391144,0.061842043493722874,0
2022-08-19,0.07897016994157102,0.2989159985602498,1
2022-08-22,0.136043534286612,0.5501784387053473,0
2022-08-23,0.14322367161575703,0.49821182956277793,0
2022-08-24,0.12489332716268088,0.5393848792734856,0
2022-08-25,0.10439828295973397,0.6076426096688105,1
2022-08-26,0.1455859358541769,0.20765913774935887,0
2022-08-29,0.1928394902523704,0.33661172779280973,0
2022-08-30,0.18836457186228178,0.4060605374465876,0
2022-08-31,0.16594889085510123,0.30462303753056724,0
2022-09-01,0.1604661821955696,0.3324796262886907,0
2022-09-02,0.15200611206232068,0.05575445582868975,0
2022-09-06,0.18775573095853085,0.057548312172475614,0
2022-09-07,0.14975494028868402,0.2801766286379006,0
2022-09-08,0.11734062534908056,0.18291908219111494,0
2022-09-09,0.09959034413055083,0.10930671267110585,0
2022-09-12,0.11352640631340488,0.27793797823400596,1
2022-09-13,0.16361391966342836,0.07305151628428917,0
2022-09-14,0.13406641040049513,0.09106343937786447,0
2022-09-15,0.12886676921351833,0.0714058576508402,0
2022-09-16,0.1310930983416929,0.06728235031497566,0
2022-09-19,0.15149685059541687,0.10208926765384545,0
2022-09-20,0.18254047718517893,0.09495445907027969,1
2022-09-21,0.17009075527925482,0.10307841492890331,0
2022-09-22,0.1648540655269609,0.12294487934882822,1
2022-09-23,0.19924949270380796,0.039806879961948906,0
2022-09-26,0.2672999394957003,0.06262321031623339,0
2022-09-27,0.29926586488206774,0.07069447363303957,0
2022-09-28,0.2534291509999193,0.061610782671801874,1
2022-09-29,0.24380930764451075,0.04783805201538317,1
2022-09-30,0.23991476418777216,0.04186569788855317,0
2022-10-03,0.2570534801553603,0.08525680745047359,0
2022-10-04,0.2338959235097374,0.09234090249397424,0
2022-10-05,0.2029974002561802,0.1846017387841301,0
2022-10-06,0.23775306531459647,0.07004099019820127,1
2022-10-07,0.2181190755682748,0.07430572761063382,0
2022-10-10,0.2373197659598289,0.0738327068788836,0
2022-10-11,0.27024218408041145,0.05162646102485686,0
2022-10-12,0.29815813941960395,0.048338421703029384,0
2022-10-13,0.2709291501258588,0.08531462507825706,1
2022-10-14,0.24697878324662428,0.17421646204580452,0
2022-10-17,0.2335996148157368,0.09507910928848702,0
2022-10-18,0.2216908453010383,0.15107212242389595,0
2022-10-19,0.21525900010197108,0.1401989120519872,0
2022-10-20,0.2201095011343589,0.18648773247837472,0
2022-10-21,0.20423209215513505,0.23553861200126586,0
2022-10-24,0.21100868694260522,0.048460339270273066,0
2022-10-25,0.1807823390565328,0.06115259377735887,0
2022-10-26,0.1615910051835909,0.04292756411864871,0
2022-10-27,0.1730557947707625,0.07421790502313984,0
2022-10-28,0.16576380853234512,0.040083003397985977,0
2022-10-31,0.18256266402121604,0.03666206501372188,0
2022-11-01,0.18874881445956582,0.08925742194306503,1
2022-11-02,0.1577788815020279,0.2670625853854404,0
2022-11-03,0.15136034103697413,0.1817160943892146,0
2022-11-04,0.12476403647627604,0.12465249606099735,0
2022-11-07,0.12235234942127256,0.041110394077947955,0
2022-11-08,0.12918106866052198,0.04005675054711363,1
2022-11-09,0.1225905847053788,0.5786478759062639,0
2022-11-10,0.07477077847602027,0.05728253753297848,0
2022-11-11,0.06514940729245507,0.03553713056970308,0
2022-11-14,0.0853110313416734,0.052918975393652666,0
2022-11-15,0.10908897782647156,0.16174983693711195,0
2022-11-16,0.10639617144430961,0.12084781091445243,0
2022-11-17,0.11011574348967103,0.1370106291858788,0
2022-11-18,0.09360273418201381,0.10315149127648482,0
2022-11-21,0.09855761127409994,0.15365611475027793,0
2022-11-22,0.10044552560956782,0.13155734209723996,0
2022-11-23,0.09030757717378861,0.1012980706986999,0
2022-11-25,0.08109640327823142,0.07205252195153253,1
2022-11-28,0.09593939176750742,0.12089707413340467,0
2022-11-29,0.08536964552629288,0.059810386274148745,0
2022-11-30,0.06965496348393078,0.11790232313144008,0
2022-12-01,0.05579780278937429,0.0522955274633398,0
2022-12-02,0.05035419656472026,0.04276810853845596,1
2022-12-05,0.07385723359729002,0.11470904327662179,1
2022-12-06,0.0884176889204538,0.08471889293372745,0
2022-12-07,0.0927266871103321,0.08701114135160282,0
2022-12-08,0.08630814080306873,0.07244516017196222,0
2022-12-09,0.08822999079484801,0.08500181618274157,0
2022-12-12,0.15125188944862322,0.18314793164112989,0
2022-12-13,0.11694937288240168,0.07453722645597953,0
2022-12-14,0.09245274738749588,0.05668874575514392,1
2022-12-15,0.09187741434928522,0.06393055588587526,0
2022-12-16,0.08846510386313738,0.05823533142736948,0
2022-12-19,0.10490046718335916,0.07134389388093375,0
2022-12-20,0.08573872272716339,0.08158099758828588,0
2022-12-21,0.062383257547950766,0.07443967632753064,1
2022-12-22,0.07448118140301163,0.11740519531337534,0
2022-12-23,0.062308863504421025,0.1668963567387278,0
2022-12-27,0.07556984073805607,0.13105731787307973,0
2022-12-28,0.07700058853154948,0.1885129187205138,0
2022-12-29,0.06800632902903309,0.27949629029383866,0
2022-12-30,0.0731989092053789,0.13698984565428154,0
2023-01-03,0.09802368053796068,0.21381119800773876,0
2023-01-04,0.09120988780303035,0.18253330192682587,0
2023-01-05,0.09159467727096575,0.08630242637194348,0
2023-01-06,0.07406080718838763,0.052568283642756175,0
2023-01-09,0.084451039313853,0.050835306635384554,0
2023-01-10,0.08216370793918944,0.05826189466457082,0
2023-01-11,0.08744093717865419,0.0808561365817811,0
2023-01-12,0.06344724444562419,0.046410842726907334,0
2023-01-13,0.06427829628436094,0.03555880437287413,0
2023-01-17,0.09143127543098287,0.059055010600151975,1
2023-01-18,0.08748627034613131,0.05301223322400033,0
2023-01-19,0.09584777840727364,0.12000152236670195,0
2023-01-20,0.08064588534145394,0.07568329900773535,0
2023-01-23,0.07624281385596449,0.05153550152197439,0
2023-01-24,0.08282098552533819,0.051431321932890885,0
2023-01-25,0.0781835719726202,0.04183389909812377,0
2023-01-26,0.07215715627179382,0.0373601193349714,0
2023-01-27,0.07260949673726874,0.03720253237712803,0
2023-01-30,0.09267886250500876,0.20349681795544447,0
2023-01-31,0.08259289256130224,0.05690783584645264,0
2023-02-01,0.06352938409001797,0.03175542503907569,0
2023-02-02,0.06469399798821475,0.029424116506825672,0
2023-02-03,0.059110367148086415,0.03240283224230514,0
2023-02-06,0.07606568871792764,0.04484144349614142,0
2023-02-07,0.07122116828749973,0.03315069781889362,0
2023-02-08,0.07365557437121706,0.04510263132987546,0
2023-02-09,0.09392834815775863,0.31051960701045705,0
2023-02-10,0.08715596265327404,0.23335397242712258,0
2023-02-13,0.0976077007348883,0.2237002666588562,0
2023-02-14,0.0792912960355622,0.14224845509404804,0
2023-02-15,0.07098157508824816,0.08533998625166647,1
2023-02-16,0.09676452581800649,0.17450803834935108,0
2023-02-17,0.09520251840610941,0.20036779731223153,1
2023-02-21,0.1540584030330817,0.15542773425544246,0
2023-02-22,0.14244941131193722,0.09841188205978138,0
2023-02-23,0.1254297592439816,0.18095272523105102,0
2023-02-24,0.13464888303709382,0.20406461537590562,0
2023-02-27,0.13866761144923936,0.2745378311383674,0
2023-02-28,0.1570421613258424,0.35453160623681085,0
2023-03-01,0.14313972195265767,0.31625954565709175,0
2023-03-02,0.1269758019394871,0.39608707017589323,0
2023-03-03,0.10680336375463437,0.32132010752876605,0
2023-03-06,0.11488715097688354,0.4286704122280375,1
2023-03-07,0.1360277902182788,0.414666656541544,0
2023-03-08,0.12025317080564768,0.35437153679817024,1
2023-03-09,0.16515833467966476,0.19889661241930232,1
2023-03-10,0.1903811703981717,0.16097861227530974,0
2023-03-13,0.28336621685599084,0.28797710131575543,0
2023-03-14,0.21639552276972573,0.595523917193371,0
2023-03-15,0.2460471663742247,0.48020616211859224,0
2023-03-16,0.2303042721829133,0.5780136135956577,0
2023-03-17,0.28728599493391316,0.5893035014553716,0
2023-03-20,0.2849774043988977,0.6290964936616564,0
2023-03-21,0.19107742890543258,0.29604847382769267,1
2023-03-22,0.18931968478026778,0.10435028810711149,0
2023-03-23,0.18768107750982738,0.29882995963322345,0
2023-03-24,0.22657625100917944,0.4804053568025432,0
2023-03-27,0.18460644217885655,0.7493279227165404,0
2023-03-28,0.14897104707435904,0.616698826564161,0
2023-03-29,0.13564541874250646,0.17371108226032755,0
2023-03-30,0.12091474582105496,0.1628606357247893,0
2023-03-31,0.1077361510572498,0.22993021913491418,0
2023-04-03,0.10565612622141272,0.16180036895766675,0
2023-04-04,0.11257999847620563,0.1648172669176394,0
2023-04-05,0.12036311867191324,0.2316827056140039,0
2023-04-06,0.1086936513498872,0.15796364046250555,0
2023-04-10,0.12045150987291203,0.22196535757439562,0
2023-04-11,0.12188693736759268,0.2539548242275703,0
2023-04-12,0.11119851223525544,0.2695891289135549,0
2023-04-13,0.08446828189647253,0.08275965449161073,0
2023-04-14,0.06962263671008853,0.04545085605741511,0
2023-04-17,0.07863181455374951,0.1002855028982002,0
2023-04-18,0.07827028299668094,0.09099721083187,0
2023-04-19,0.0720547848647087,0.15063002955946872,0
2023-04-20,0.07523203071482139,0.12729515182034157,0
2023-04-21,0.06716203082497674,0.07738965130210197,0
2023-04-24,0.07171765038746455,0.20881440297069082,1
2023-04-25,0.0982010886158018,0.22526888980059065,0
2023-04-26,0.09181899241256238,0.22784947630431218,0
2023-04-27,0.06423404726308547,0.09674050604444034,0
2023-04-28,0.054571665613961255,0.09948628198844364,0
2023-05-01,0.06201910806001661,0.21977862450053254,0
2023-05-02,0.09327514806626103,0.35150341722181083,0
2023-05-03,0.09171947032576207,0.35959937503657563,0
2023-05-04,0.11007612302545039,0.3853960666518402,0
2023-05-05,0.06555657441331204,0.37775368014879424,0
2023-05-08,0.06817060075954114,0.34448916355557013,0
2023-05-09,0.07840034994727327,0.39294236927432613,0
2023-05-10,0.07084644670071055,0.21533735260919853,0
2023-05-11,0.0789107916602013,0.2244393908824288,0
2023-05-12,0.06924090771622989,0.21352042970017823,0
2023-05-15,0.07692647952582417,0.2515187364322887,0
2023-05-16,0.09216527077762124,0.5283956965922034,0
2023-05-17,0.06924173396917992,0.12720997643922816,0
2023-05-18,0.06312407475368255,0.1291540100056347,0
2023-05-19,0.07355325959885878,0.2457947688532917,0
2023-05-22,0.08292938699205035,0.26171690616304066,0
2023-05-23,0.08562822861672244,0.10753776008090896,0
2023-05-24,0.1022255020274444,0.17647735473579612,0
2023-05-25,0.0935132480854811,0.1096082997592557,0
2023-05-26,0.08548716551260938,0.058741586055054966,0
2023-05-30,0.07449406609561984,0.04681218397281191,0
2023-05-31,0.08074577876981175,0.05429236361076926,0
2023-06-01,0.055975079982555756,0.04013358698830098,0
2023-06-02,0.04952985746737484,0.02559113604389101,0
2023-06-05,0.04975898917610628,0.028032029363223167,0
2023-06-06,0.04721352691033377,0.02377509641445744,0
2023-06-07,0.04822475774107575,0.02363764539582362,0
2023-06-08,0.041551030119850965,0.026496296027121433,0
2023-06-09,0.043574522333069875,0.018934641752598007,0
2023-06-12,0.06020334684743024,0.044429328922550575,0
2023-06-13,0.0499799083739786,0.02969451323888523,0
2023-06-14,0.04276483388418209,0.018207486933352744,0
2023-06-15,0.04501777466737178,0.024730309422274346,0
2023-06-16,0.0364389315629722,0.017211102708775537,0
2023-06-20,0.04090641881499591,0.018908580024754287,0
2023-06-21,0.03818531600273086,0.026038808037987044,0
2023-06-22,0.033611707368530266,0.022072154415958233,0
2023-06-23,0.04031383657767281,0.058049060314638974,0
2023-06-26,0.05337636925131078,0.03630788765086398,0
2023-06-27,0.05243707510990468,0.028536383138729065,0
2023-06-28,0.04979072269647153,0.019620409921232033,0
2023-06-29,0.0493726054109961,0.026953109751077214,0
2023-06-30,0.0471674122010612,0.019989646421880208,0
2023-07-03,0.04739575030312259,0.020221892209058956,0
2023-07-05,0.05430107549871608,0.022813017711974762,0
2023-07-06,0.07697714993912796,0.09536715206815674,0
2023-07-07,0.06653669998628918,0.0469299152053611,0
2023-07-10,0.07894343221734385,0.14952526522781692,0
2023-07-11,0.07724032463880653,0.10930592766325302,0
2023-07-12,0.058493732316810314,0.019046818065510524,0
2023-07-13,0.059974204646714276,0.02001498030505752,0
2023-07-14,0.05252729128971892,0.019046818065510524,0
2023-07-17,0.05376489305884008,0.01926832515802747,0
2023-07-18,0.04962236408660957,0.019046818065510524,0
2023-07-19,0.04715481253728855,0.018526773122038476,0
2023-07-20,0.054297581831243724,0.02034091728844527,0
2023-07-21,0.04881550752211127,0.01972781237638206,0
2023-07-24,0.058031607949235176,0.021682949786185995,0
2023-07-25,0.056867944151062486,0.019275078700453026,0
2023-07-26,0.04722962616442701,0.017001770720680598,0
2023-07-27,0.06378606274013107,0.0234642950258285,0
2023-07-28,0.047841157843610656,0.019046818065510524,0
2023-07-31,0.054016580716484984,0.021138280244051608,0
2023-08-01,0.05720969097940034,0.022606433782640982,1
2023-08-02,0.07550455973134478,0.05631622734103465,0
2023-08-03,0.08502166267468123,0.12342656943993031,0
2023-08-04,0.08737775631785183,0.049483120655923724,0
2023-08-07,0.07373130871055122,0.05365341525224204,0
2023-08-08,0.07148218785548853,0.057499683457514154,0
2023-08-09,0.08077756812733279,0.06572909612354337,0
2023-08-10,0.07447675522364035,0.0675763762192393,0
2023-08-11,0.06924392592361378,0.04736889103947478,0
2023-08-14,0.06998178771209863,0.0458957477377594,0
2023-08-15,0.09264476762160716,0.10577080533606954,0
2023-08-16,0.08979306802603435,0.0850038182166218,0
2023-08-17,0.1013448579288103,0.1728595353366851,0
2023-08-18,0.07841254487922009,0.1285371833183259,0
2023-08-21,0.0881523581329249,0.14369666773821746,0
2023-08-22,0.0865539135086376,0.13281114982877196,0
2023-08-23,0.0713090768475162,0.04020399437569399,1
2023-08-24,0.09044698731614703,0.07380253606040085,0
2023-08-25,0.06522952791743375,0.03575012461844163,0
2023-08-28,0.06366971950756994,0.03328099783429616,0
2023-08-29,0.0540586154035629,0.021678271761262986,0
2023-08-30,0.04513598773056791,0.018315871770003617,0
2023-08-31,0.046043652161800244,0.016447113201844145,0
2023-09-01,0.037788672855606976,0.016575199494827404,0
2023-09-05,0.0490841327461306,0.02286928715944917,0
2023-09-06,0.054234355373622346,0.04591793950001428,0
2023-09-07,0.05082348788113401,0.0472083231738792,0
2023-09-08,0.04503032105333174,0.042025730015579056,0
2023-09-11,0.04439195895661389,0.042715932652282865,0
2023-09-12,0.052266131538920235,0.04364964024026623,0
2023-09-13,0.04262216335194892,0.01822549131736236,0
2023-09-14,0.03584985955047131,0.015948298723711153,0
2023-09-15,0.04266778159915836,0.02672918515352005,0
2023-09-18,0.04657275899899614,0.06038717081345441,0
2023-09-19,0.05042248052484781,0.03271226787846465,0
2023-09-20,0.059409074863201704,0.04521348468530478,1
2023-09-21,0.09371536083980475,0.14619047421199588,0
2023-09-22,0.08311089244910443,0.06341355328143786,0
2023-09-25,0.09016090961523633,0.07796039167741202,1
2023-09-26,0.11109827811213141,0.10782980419460717,0
2023-09-27,0.11054669323839462,0.10632151673706854,0
2023-09-28,0.1089603130018451,0.2626923125611228,0
2023-09-29,0.1080405887331543,0.2613350118215586,0
2023-10-02,0.11413408874575384,0.2872241124095889,1
2023-10-03,0.16896650421496132,0.2326452694385693,0
2023-10-04,0.12376812286305157,0.1948661037273351,0
2023-10-05,0.11990624209712739,0.20563441303165683,0
2023-10-06,0.1010611735768134,0.34044541851088106,0
2023-10-09,0.10474337345525252,0.34670578512547245,0
2023-10-10,0.11154008931181542,0.0771091071162496,0
2023-10-11,0.09128065937476242,0.14270173131950636,0
2023-10-12,0.09538625467871768,0.2262488661291939,0
2023-10-13,0.10951223360514287,0.19012138283248312,0
2023-10-16,0.0945319083438285,0.14610677510554804,0
2023-10-17,0.09832406631286805,0.19251447255390558,1
2023-10-18,0.10885338858515765,0.24950010224723057,0
2023-10-19,0.13968635479307537,0.4461240102109595,0
2023-10-20,0.1643814265947516,0.20456594818965185,0
2023-10-23,0.13620639995695483,0.19214035858878722,0
2023-10-24,0.11522972747022579,0.14518429377087078,1
2023-10-25,0.13466568060381987,0.1454985517765656,0
2023-10-26,0.16024767591143257,0.13384929166523377,0
2023-10-27,0.15089162919191362,0.13318650267058577,0
2023-10-30,0.1352221866452213,0.18473826778294253,0
2023-10-31,0.10718274793376262,0.18651664573230012,0
2023-11-01,0.09017377087742404,0.04396909841689039,0
2023-11-02,0.07032836939358553,0.031217528232546796,0
2023-11-03,0.06704248355619764,0.02611023912349878,0
2023-11-06,0.06670976852062255,0.027982138602007718,0
2023-11-07,0.059196166387031575,0.022059230660476766,0
2023-11-08,0.05462595740955267,0.021570234937625242,0
2023-11-09,0.06192813407162684,0.03162420148354225,0
2023-11-10,0.048147067983088876,0.017579267816206,0
2023-11-13,0.06367641986061391,0.029342331679502738,0
2023-11-14,0.0525144159190109,0.020754265225541378,0
2023-11-15,0.05130862986594461,0.01822653319748989,0
2023-11-16,0.05138847433384559,0.018800928907493825,0
2023-11-17,0.04673257216038665,0.017792200479289637,0
2023-11-20,0.0440798152422351,0.016211294172615565,0
2023-11-21,0.0482808668713722,0.01671521511064974,0
2023-11-22,0.039623388236137945,0.014685440007788673,0
2023-11-24,0.03733016773874646,0.014971702946708678,0
2023-11-27,0.039314049355599776,0.014901959334594822,0
2023-11-28,0.04101145925312159,0.014543861896176449,0
2023-11-29,0.0451653509114432,0.014996741547221923,0
2023-11-30,0.044082989802996124,0.014426592059534114,0
2023-12-01,0.03831433606911346,0.013001472570489522,0
2023-12-04,0.04490550750263602,0.01361101302173576,0
2023-12-05,0.044521650812957884,0.020339482373421456,0
2023-12-06,0.04593708059325764,0.027359496267713883,0
2023-12-07,0.05321715921342362,0.025966360107420046,0
2023-12-08,0.041629969106996956,0.018857432660304742,0
2023-12-11,0.047920183523665866,0.05955164057814035,0
2023-12-12,0.03893444906445038,0.018460781887084738,0
2023-12-13,0.038077160588241905,0.014200639795832916,0
2023-12-14,0.041940503069468955,0.029955168638793862,0
2023-12-15,0.03697278694650997,0.03715693795484634,0
2023-12-18,0.04035090328304814,0.04796877831930733,0
2023-12-19,0.03730154549456178,0.035484365895082005,1
2023-12-20,0.04441706288572877,0.022793141223498764,0
2023-12-21,0.046616955553121536,0.01597791868503601,0
2023-12-22,0.04051592308847263,0.014266416114618253,0
2023-12-26,0.043790076502666454,0.012316527481240073,0
2023-12-27,0.042237418174334324,0.014423837487945915,0
2023-12-28,0.043888286700708365,0.014200639795832916,0
2023-12-29,0.04400324585155538,0.01429518510737577,0
2024-01-02,0.05983648553708184,0.03356158993861351,0
2024-01-03,0.06707162507127415,0.03314343421852276,0
2024-01-04,0.06608755377055697,0.030279649118893293,0
2024-01-05,0.05541868579489626,0.026906247594890687,0
2024-01-08,0.052441091389412296,0.02329410739730159,0
2024-01-09,0.04820261376655938,0.018815144207436504,0
2024-01-10,0.04756999500391693,0.015322099094023508,0
2024-01-11,0.04239766567204593,0.015322099094023508,0
2024-01-12,0.04306959730989312,0.016177868945589473,0
2024-01-16,0.05613084732349123,0.02368103143486456,0
2024-01-17,0.058968341350360554,0.06686217135990646,0
2024-01-18,0.052821504235017136,0.0316716784171449,0
2024-01-19,0.04158641871428886,0.022554374293213147,0
2024-01-22,0.04525896495222413,0.01794357476494123,0
2024-01-23,0.04200016222234,0.020404040486064968,0
2024-01-24,0.046765124305115265,0.02242394390793642,0
2024-01-25,0.048860587716385094,0.024899493953289113,0
2024-01-26,0.04527919127618142,0.020670465877585958,0
2024-01-29,0.049940886645366056,0.024895904556283738,0
2024-01-30,0.04377462585633239,0.024781765336753348,1
2024-01-31,0.05497896306919492,0.047714948021487194,0
2024-02-01,0.05284694779062579,0.018950879287848124,0
2024-02-02,0.043457682732603975,0.017179780622951262,0
2024-02-05,0.04648192181735633,0.021589765897410546,0
2024-02-06,0.04133877414658713,0.01747731153865902,0
2024-02-07,0.040535571252936976,0.017123739450085305,0
2024-02-08,0.04111979291662809,0.01842553636290745,0
2024-02-09,0.03633943336579145,0.022504222497663564,0
2024-02-12,0.04747327005693638,0.02696451749830222,1
2024-02-13,0.06237211146847851,0.10723885020841413,0
2024-02-14,0.04725337214493617,0.033092816966333406,0
2024-02-15,0.04762768043075953,0.02145397743105436,0
2024-02-16,0.05387321119792693,0.038052046061248686,0
2024-02-20,0.07684813906182361,0.12437669953787137,0
2024-02-21,0.08566849433660795,0.08729135244713146,0
2024-02-22,0.06288182387282705,0.0370701865547252,0
2024-02-23,0.052951239430009504,0.0331610539326765,0
2024-02-26,0.05590411308695583,0.03664752002026303,0
2024-02-27,0.05669590209919124,0.03515605390371764,0
2024-02-28,0.05869665597962414,0.04101734534848049,0
2024-02-29,0.05199260501104749,0.022027050062048862,0
2024-03-01,0.043390602819569295,0.02290837201409089,0
2024-03-04,0.049990806389138845,0.02054898847402192,0
2024-03-05,0.06206334438164996,0.027995409221764914,0
2024-03-06,0.05949728960025262,0.03054638068755162,0
2024-03-07,0.05714013943309926,0.03054638068755162,0
2024-03-08,0.05874772783331493,0.03728467118847005,0
2024-03-11,0.07234979845315145,0.09771448668611922,0
2024-03-12,0.05097806987974732,0.019100844731227605,0
2024-03-13,0.051174816333126615,0.017371922266217473,0
2024-03-14,0.05760273973675,0.026768890172650696,0
2024-03-15,0.05674252435411941,0.03810458672945239,0
2024-03-18,0.056537282224595614,0.019100844731227605,0
2024-03-19,0.04799922619404473,0.017950944773964996,0
2024-03-20,0.03707992809134889,0.016711960163192343,0
2024-03-21,0.03455599733103251,0.016757152654977556,0
2024-03-22,0.033867461071168004,0.017154835111222042,0
2024-03-25,0.036680341273847686,0.017154835111222042,0
2024-03-26,0.036439454232228115,0.017154835111222042,0
2024-03-27,0.031372638524392565,0.016711960163192343,0
2024-03-28,0.033102103534452795,0.016757152654977556,0
2024-04-01,0.043428807837740724,0.022597101552955964,0
2024-04-02,0.055955144977848544,0.04320335527842706,0
2024-04-03,0.05354922509156684,0.03904011062450318,0
2024-04-04,0.07634188275350871,0.0709861714304666,0
2024-04-05,0.06612311313812504,0.13575411274347862,0
2024-04-08,0.06315162074776982,0.08506238222101169,0
2024-04-09,0.06275760788859182,0.035287158391199516,0
2024-04-10,0.07863627615212934,0.14722881642196814,0
2024-04-11,0.0724806062747497,0.05540179940685908,1
2024-04-12,0.10647968477846934,0.1695821996303892,0
2024-04-15,0.13895339686083663,0.09241051154440098,0
2024-04-16,0.1233186209928634,0.10872341782185597,0
2024-04-17,0.12056133880075524,0.17328940028571735,0
2024-04-18,0.11064878196209223,0.2292669551330049,0
2024-04-19,0.13396317716895198,0.1855696986361226,0
2024-04-22,0.12599975612697029,0.12191879646294844,0
2024-04-23,0.09450313114000637,0.11512103923851798,0
2024-04-24,0.09967084584598364,0.09062329112124463,0
2024-04-25,0.09266161306572755,0.12806367963402748,0
2024-04-26,0.07442415922505606,0.08916718662156682,0
2024-04-29,0.06799712606254311,0.04492709194167899,1
2024-04-30,0.08532642543805996,0.15700802529432606,0
2024-05-01,0.07658683205452535,0.12782257884007384,0
2024-05-02,0.06419446451272154,0.03584172823281063,0
2024-05-03,0.04801697756241445,0.02096070827484727,0
2024-05-06,0.0508239452248494,0.020264643557894556,0
2024-05-07,0.0478863082036782,0.021541776436762736,0
2024-05-08,0.04350850922343535,0.017253963264925325,0
2024-05-09,0.03884015410417619,0.016158317738444897,0
2024-05-10,0.035455596890838784,0.015615017981530064,0
2024-05-13,0.05599732755331674,0.025124823766670797,0
2024-05-14,0.05581127527255856,0.025124823766670797,0
2024-05-15,0.04137314042610532,0.014727571095374198,0
2024-05-16,0.03653776284294967,0.015290155739467622,0
2024-05-17,0.033548100765237114,0.01802184387946128,0
2024-05-20,0.036173775357726756,0.01736052173370835,0
2024-05-21,0.03132246504140277,0.01922142873205368,0
2024-05-22,0.031973287108566964,0.01927912088153459,0
2024-05-23,0.03555723484841635,0.036792628900158525,0
2024-05-24,0.02676016658809762,0.020824866593817663,0
2024-05-28,0.03612534117387199,0.02851099112876636,0
2024-05-29,0.04869994227857871,0.14348632362916233,0
2024-05-30,0.051817580057510366,0.23697281897296427,0
2024-05-31,0.03942046974751582,0.02761481908035776,0
2024-06-03,0.04299215488481126,0.05534384840404587,0
2024-06-04,0.046395454255997434,0.03861297299288354,0
2024-06-05,0.0419473911944065,0.02630083541570367,0
2024-06-06,0.04241285382975328,0.02630083541570367,0
2024-06-07,0.03331393346438666,0.03116928631199385,0
2024-06-10,0.039762552676094354,0.025175627785993013,0
2024-06-11,0.04324911331923539,0.025175627785993013,0
2024-06-12,0.032394769922065574,0.022917331605822464,0
2024-06-13,0.030530834512800333,0.029424268608225074,0
2024-06-14,0.03206181270222657,0.2118897129225582,0
2024-06-17,0.03468755782681367,0.029424268608225074,0
2024-06-18,0.03171257983043218,0.024285513723858402,0
2024-06-20,0.03513059276683877,0.03081299278484682,0
2024-06-21,0.035375444508047,0.02943945418785618,0
2024-06-24,0.041335669865573896,0.04751921572174928,0
2024-06-25,0.038713770129397966,0.15486169822881207,0
2024-06-26,0.03624547065525547,0.16692038000037998,0
2024-06-27,0.03620632794034703,0.0786640216226809,0
2024-06-28,0.03895475697762022,0.09321778248902379,0
2024-07-01,0.03855662675727668,0.10547701362521353,0
2024-07-02,0.03769257949275817,0.10000126788540434,0
2024-07-03,0.03650748103283751,0.0864697536160602,0
2024-07-05,0.03591376686651804,0.13890613567339682,0
2024-07-08,0.035880610147918386,0.07594951140108759,0
2024-07-09,0.03497541199168117,0.1277833107076229,0
2024-07-10,0.03738714919361109,0.1395212538778623,0
2024-07-11,0.03937393616312898,0.1276815338798015,0
2024-07-12,0.03603471770634218,0.06348921456253477,0
2024-07-15,0.04311856688739368,0.10820209063974956,0
2024-07-16,0.042180130699392276,0.09572243778738986,1
2024-07-17,0.0580637643192838,0.045664990838675874,0
2024-07-18,0.07728262817045074,0.044554838635532085,0
2024-07-19,0.08214926672556774,0.03537704185749241,0
2024-07-22,0.06872678869844638,0.05371673861044806,0
2024-07-23,0.06466411193259404,0.04607481825066438,1
2024-07-24,0.11337400724241604,0.038597675103851724,0
2024-07-25,0.13150877944745393,0.042344679990510864,0
2024-07-26,0.10131564949451197,0.08742811645672652,0
2024-07-29,0.10509275081873713,0.06059540723946351,0
2024-07-30,0.12539906112619456,0.11181366787262485,0
2024-07-31,0.10982321263154163,0.051627495343946145,1
2024-08-01,0.1370829536624019,0.06691774042766195,1
2024-08-02,0.21811656833054077,0.2438931983475555,1
2024-08-05,0.4271903118253564,0.868947174853524,0
2024-08-06,0.28507396035064847,0.4136666584927565,0
2024-08-07,0.26574597214200524,0.3741824106722563,0
2024-08-08,0.18693159468529175,0.3248560586330143,0
2024-08-09,0.1722144236024127,0.12114905534861989,0
2024-08-12,0.3431020338073658,0.11832818371031364,0
2024-08-13,0.1568124879831527,0.1018859377308906,0
2024-08-14,0.11268613628298299,0.04856794593770472,0
2024-08-15,0.07591970481942635,0.06244848116028496,0
2024-08-16,0.05532690308668355,0.044412478298509736,0
2024-08-19,0.05652265377207922,0.024154695913910167,0
2024-08-20,0.062504549458359,0.037903779332626786,0
2024-08-21,0.05789870020955264,0.05067377591269025,0
2024-08-22,0.06913038005044742,0.05566552138400274,0
2024-08-23,0.046498266903520664,0.02795892999156731,0
2024-08-26,0.05360001877095374,0.028235390041799816,0
2024-08-27,0.04690901823949168,0.023397825939155948,0
2024-08-28,0.0716285799752271,0.05554717058848415,0
2024-08-29,0.05554554232493267,0.02416503388232789,0
2024-08-30,0.044790635723221756,0.02051164439012088,1
2024-09-03,0.11017660818573695,0.05340291076290814,0
2024-09-04,0.11288139619002713,0.053392709931187284,0
2024-09-05,0.10416365264082324,0.07745489297387093,1
2024-09-06,0.12424201149808928,0.040839790927336174,0
2024-09-09,0.09087732462768383,0.06076997378313182,0
2024-09-10,0.11442288724166566,0.09112841461091162,0
2024-09-11,0.09355513999605022,0.08718699840806698,0
2024-09-12,0.06955738874922873,0.028605872738461505,0
2024-09-13,0.06870281151450844,0.022238730885766608,0
2024-09-16,0.0662236202519513,0.02339068731702984,0
2024-09-17,0.06749674247991441,0.032701194976416006,0
2024-09-18,0.06550962805767073,0.034852059448604915,0
2024-09-19,0.041520900039641345,0.02341049666680261,0
2024-09-20,0.03844680205360957,0.023685735422100382,0
2024-09-23,0.04049016150865614,0.02022955364168131,0
2024-09-24,0.035463018180294625,0.0194942650827955,0
2024-09-25,0.03601575489101617,0.0194942650827955,0
2024-09-26,0.033863878343008656,0.0194942650827955,0
2024-09-27,0.04626682085607162,0.04679270179520482,0
2024-09-30,0.048269098094761306,0.025932292065151526,0
2024-10-01,0.07302992634787074,0.06491504422710691,0
2024-10-02,0.06689578448989285,0.061823211869724295,0
2024-10-03,0.08338475834023208,0.09514988358596463,0
2024-10-04,0.07852071773582354,0.07134614722048956,0
2024-10-07,0.15249504616467136,0.1301386843045854,0
2024-10-08,0.14975217193130852,0.08491131454336182,0
2024-10-09,0.1622433735715159,0.0806022154983678,0
2024-10-10,0.16643515250554694,0.11012369665311278,0
2024-10-11,0.14125400441274072,0.09578346962188056,0
2024-10-14,0.1511819171520718,0.09112327395334427,0
2024-10-15,0.1658344122774568,0.12175496610392857,0
2024-10-16,0.13341431103445317,0.09272949668198323,0
2024-10-17,0.12793684692821597,0.11342650474742869,0
2024-10-18,0.11472585682864386,0.327591248923256,0
2024-10-21,0.12831035405694716,0.30024112983082446,0
2024-10-22,0.1282107903989297,0.34147708832712237,0
2024-10-23,0.14455668646841136,0.18109920227384363,0
2024-10-24,0.14243807197268862,0.17162623927178017,0
2024-10-25,0.1428747405564249,0.1872936349792839,0
2024-10-28,0.13101218521517485,0.11324355833847367,0
2024-10-29,0.11270369831459687,0.11669377652388445,0
2024-10-30,0.12477485514723981,0.23085812543346948,1
2024-10-31,0.17539555205399557,0.1250168846730644,0
2024-11-01,0.16584182058235192,0.12192572235979181,0
2024-11-04,0.18780217099115804,0.12064625881702666,0
2024-11-05,0.16332348785424883,0.1563574035305778,0
2024-11-06,0.0847928122878422,0.05709276562760368,0
2024-11-07,0.0663714721497561,0.03737628041334696,0
2024-11-08,0.058394655529095146,0.09194805884330984,0
2024-11-11,0.06867454689430924,0.09851433935885638,0
2024-11-12,0.06192494967584128,0.022211204211674128,0
2024-11-13,0.043233915089153044,0.024701771739051068,0
2024-11-14,0.04073472309091583,0.033311868455744194,1
2024-11-15,0.059962090159425795,0.07430798823371643,0
2024-11-18,0.05944302849245571,0.059383784008140456,0
2024-11-19,0.06477795750962126,0.07837107683310843,0
2024-11-20,0.06854275981328087,0.08669380446935325,0
2024-11-21,0.06200264891030507,0.05799349745686489,0
2024-11-22,0.04606228564294634,0.026744924139164145,0
2024-11-25,0.03699476173207496,0.02093647039419704,0
2024-11-26,0.03556990086866185,0.020747386957369492,0
2024-11-27,0.03597574173676201,0.01699085545726904,0
2024-11-29,0.029679682233446313,0.01583356261896261,0
2024-12-02,0.025332362187856623,0.01631260167493367,0
2024-12-03,0.023991705786762938,0.01668211561056022,0
2024-12-04,0.022229077463712138,0.01612425599930837,0
2024-12-05,0.021286529884873923,0.01612425599930837,0
2024-12-06,0.018041768509462718,0.021755028203978222,0
2024-12-09,0.02727549230285315,0.03308550083018421,0
2024-12-10,0.027935201561453432,0.03576275528245216,0
2024-12-11,0.02212873737992097,0.015801163150295065,0
2024-12-12,0.022765513962250336,0.025119042169175147,0
2024-12-13,0.021475452141211042,0.030016528880462256,0
2024-12-16,0.02778610669033409,0.017052793642920505,0
2024-12-17,0.033361977007074786,0.05614357832224031,1
2024-12-18,0.16842559215604888,0.29145077385154866,0
2024-12-19,0.09388980338998063,0.0905255545298823,0
2024-12-20,0.05079371019732748,0.06888134767805179,0
2024-12-23,0.040013638805391716,0.060747294924851765,0
2024-12-24,0.022080961292959358,0.0276299845910959,0
2024-12-26,0.04569787896891399,0.02859450747015519,0
2024-12-27,0.05367019699951678,0.044064775212763016,0
2024-12-30,0.0589509150359085,0.16924309410021127,0
2024-12-31,0.052778381099971974,0.13530199140881624,0
2025-01-02,0.05882850848672479,0.192671599077705,0
2025-01-03,0.041546599025429634,0.14111268265786409,0
2025-01-06,0.04632036468799877,0.04677967210208571,0
2025-01-07,0.07055829284600466,0.1848450615536106,0
2025-01-08,0.06188661851200576,0.16298389108084635,1
2025-01-10,0.07947793407636215,0.22021405253690815,0
2025-01-13,0.06740374203600906,0.26046752005210033,0
2025-01-14,0.06724572061866968,0.21698010703221182,0
2025-01-15,0.04635402814564483,0.05319126352629996,0
2025-01-16,0.05396408293366065,0.07146186329143757,0
2025-01-17,0.05076828915665713,0.04282550307237192,0
2025-01-21,0.04069140672576719,0.039436103037581396,0
2025-01-22,0.03345171218537854,0.01978955072412904,0
2025-01-23,0.03133961778178972,0.020882903237714884,0
2025-01-24,0.032897844902031535,0.017173883034387903,1
2025-01-27,0.07781621739042538,0.08623435914912196,0
2025-01-28,0.056095082487124415,0.03519242791106994,0
2025-01-29,0.05971046562776147,0.052819167389070214,0
2025-01-30,0.05011773786780324,0.03873528601782989,0
2025-01-31,0.051787167666325504,0.03995519446410144,0
2025-02-03,0.09100514049273194,0.06465619023263103,0
2025-02-04,0.06428730733631641,0.059931660220983105,0
2025-02-05,0.049565934152555065,0.025156619926098286,0
2025-02-06,0.041951205383842706,0.02379414191131507,0
2025-02-07,0.051402939482133626,0.03533193858751141,0
2025-02-10,0.046221931565579605,0.024654877740698446,0
2025-02-11,0.044767975528789174,0.030203695751709825,0
2025-02-12,0.03982260673324288,0.030987152760074944,0
2025-02-13,0.0342993921372751,0.040493649893995065,0
2025-02-14,0.031044980169481328,0.029500701979040835,0
2025-02-18,0.033982706985521964,0.10789585005818886,0
2025-02-19,0.032757880470624605,0.08805031224683871,0
2025-02-20,0.03689995505024436,0.10180270343918933,1
2025-02-21,0.06656545788575335,0.09424979557061818,0
2025-02-24,0.07833569969253905,0.07171363762669712,0
2025-02-25,0.09001457192867432,0.045432074685776744,0
2025-02-26,0.09328393676156682,0.052710245308725846,1
2025-02-27,0.1230659257236341,0.03586421453772072,0
2025-02-28,0.10619036885028926,0.07043588778324779,1
2025-03-03,0.16308511356662952,0.050628041006526535,0
2025-03-04,0.17305585183887554,0.03795528014909971,0
2025-03-05,0.15142306730094987,0.09907418730128614,1
2025-03-06,0.22088713720686023,0.1321378065555884,0
2025-03-07,0.18929158406789995,0.05634489321081034,1
2025-03-10,0.282061958445037,0.22751204176052214,0
2025-03-11,0.2927561614926411,0.13120000807164497,0
2025-03-12,0.20934448338034084,0.0910388941526296,1
2025-03-13,0.23377325170274418,0.17188438533072464,0
2025-03-14,0.15280443650124467,0.14089513386048153,0
2025-03-17,0.15841355252088818,0.15977387746081206,0
2025-03-18,0.17186648445797445,0.10933864080555124,0
2025-03-19,0.1201051763028333,0.11405310477895986,0
2025-03-20,0.11598568751519756,0.1000552797624686,0
2025-03-21,0.09601014151949007,0.1057336279273581,0
2025-03-24,0.07035144381426746,0.12297853362708516,0
2025-03-25,0.0656815894827195,0.12031759341000174,0
2025-03-26,0.07591665366884222,0.15490891932146061,0
2025-03-27,0.08279878151433433,0.16038563145167326,1
2025-03-28,0.12223550822826262,0.22656605686430042,0
2025-03-31,0.12335079046890535,0.2346262412648225,0
2025-04-01,0.11668987119338746,0.10836666800393772,0
2025-04-02,0.15260340199992412,0.18206154746762246,1
2025-04-03,0.23019546503263397,0.3422615181287003,1
2025-04-04,0.46145648167012415,0.1467404025795537,0
2025-04-07,0.549125627052724,0.0755184754816928,1
2025-04-08,0.5453559457193579,0.3951656750825848,0
2025-04-09,0.2837807815145345,0.6262319052141021,1
2025-04-10,0.41500384040140936,0.634748264298413,0
2025-04-11,0.519446589756764,0.5884682531878082,0
2025-04-14,0.38928146965053617,0.44000262090626474,0
2025-04-15,0.4106772653087078,0.3234933860025752,1
2025-04-16,0.28421539251343503,0.2812906695168902,0
2025-04-17,0.2881901438641625,0.3488750950898464,1
2025-04-21,0.3666942287910636,0.5131685741728936,0
2025-04-22,0.23870037754641088,0.5091259507841012,0
2025-04-23,0.21088136780148375,0.3154073658815503,0
2025-04-24,0.18369173806589434,0.3233621428325449,0
2025-04-25,0.13567295806148824,0.34253960468165184,0
2025-04-28,0.16052774003499357,0.41604731511761794,0
2025-04-29,0.1295312270675805,0.3216436971760077,0
2025-04-30,0.12884566901008454,0.3975732203589788,0
2025-05-01,0.11290343100778485,0.4105322471790522,0
2025-05-02,0.08805740331650454,0.3579601962871626,0
2025-05-05,0.10386598149165259,0.25719199103757356,0
2025-05-06,0.11518427082942077,0.20809349556699114,0
2025-05-07,0.10143818398506248,0.17441942382921097,0
2025-05-08,0.10351213805974277,0.20264971287740605,0
2025-05-09,0.10261805544651054,0.13806563678387365,0
2025-05-12,0.0832049115843761,0.05087030770019108,0
2025-05-13,0.08223695875234553,0.05158059295085272,0
2025-05-14,0.0796527905529297,0.06431140053978265,0
2025-05-15,0.0626115729037462,0.045585439675244165,0
2025-05-16,0.053803894819455474,0.12133138903314765,0
2025-05-19,0.05445857178942346,0.04456065384632007,0
2025-05-20,0.05458780115245016,0.044123802024662324,1
2025-05-21,0.08014162562133904,0.100708848384759,0
2025-05-22,0.07142806868212727,0.12327748587771718,0
2025-05-23,0.08823323134163066,0.12560648996035037,0
2025-05-27,0.061723447120654674,0.059543534203469674,0
2025-05-28,0.06070541763854007,0.058424912896791116,0
2025-05-29,0.06321961160187285,0.04399245621412189,0
2025-05-30,0.056625053838819744,0.04103665841623996,0
2025-06-02,0.05962566180865331,0.04103665841623996,0
2025-06-03,0.048193559095706225,0.04819582916901098,0
2025-06-04,0.047624038963284945,0.04483714799837908,0
2025-06-05,0.054901155499948194,0.041778214616603214,0
2025-06-06,0.03995476756622901,0.027611590361461585,0
2025-06-09,0.04390477520995931,0.030385354600155474,0
2025-06-10,0.04301229997036338,0.03778427788013182,0
2025-06-11,0.04707096984051146,0.050321069522563634,0
2025-06-12,0.05601317317574053,0.038561561858225055,0
2025-06-13,0.07391792125897481,0.08776814331333803,0
2025-06-16,0.06125576837978555,0.06734612767833735,0
2025-06-17,0.08445831217836344,0.09109534066364065,0
2025-06-18,0.06973526822877384,0.09602482131557798,0
2025-06-20,0.07423555533085496,0.09188532995707321,0
2025-06-23,0.0765644519527428,0.045725108928444676,0
2025-06-24,0.05155618162615191,0.04128136600064137,0
2025-06-25,0.0499658116217412,0.02611967144979695,0
2025-06-26,0.046908405405607666,0.023263852414221433,0
2025-06-27,0.04497584094992596,0.02019766430072466,0
2025-06-30,0.04958748537120946,0.0230090551416912,0
2025-07-01,0.048974466566396126,0.02325755106999874,0
2025-07-02,0.04530063215068419,0.02217215426061943,0
2025-07-03,0.041907293766640166,0.02237023513468337,0
2025-07-07,0.052139821994071925,0.04580152829958895,0
2025-07-08,0.04644111579706352,0.025417918308194395,0
2025-07-09,0.04019571261278036,0.02130917259448845,0
2025-07-10,0.03852160974200467,0.019115513263702893,0
2025-07-11,0.042616815001598515,0.030519819927625903,0
2025-07-14,0.05191904060626415,0.02325755106999874,0
2025-07-15,0.04770290837868387,0.03688217434758967,0
2025-07-16,0.043024738783546936,0.03888461682451701,0
2025-07-17,0.03736430549977378,0.02540694583820507,0
2025-07-18,0.03800239822452275,0.02345055099528096,0
2025-07-21,0.04016966354175402,0.02644071319915982,0
2025-07-22,0.04015740894407022,0.024726277761010534,0
2025-07-23,0.03443512910467645,0.020856436350082972,0
2025-07-24,0.034521895210739194,0.026097253908593045,0
2025-07-25,0.0341744710449913,0.023658786749694953,0
2025-07-28,0.03623733648179965,0.035299539094487506,0
2025-07-29,0.044348183068865316,0.06585719893833566,0
2025-07-30,0.037214901950094796,0.04850525568716129,0
2025-07-31,0.04529174197869151,0.12756570799381114,1
2025-08-01,0.08116342630543541,0.10071252523260596,0
2025-08-04,0.048090110055817314,0.06458639970804918,0
2025-08-05,0.053174527211760116,0.07176911404069164,0
2025-08-06,0.041387711264946135,0.06722500876099534,0
2025-08-07,0.04204975349560812,0.03262879679363701,0
2025-08-08,0.0349433209328521,0.021288129412864357,0
2025-08-11,0.03961727186280459,0.026198299693471802,0
2025-08-12,0.029691320713472483,0.016219262170160766,0
2025-08-13,0.028504445180459453,0.015103087804565657,0
2025-08-14,0.029434437785139038,0.017629863395102367,0
2025-08-15,0.028793906159472075,0.02405696356575261,0
2025-08-18,0.031921451512484225,0.02448657786468512,0
2025-08-19,0.03440961592578787,0.049584303643661266,0
2025-08-20,0.03398335440012925,0.05508945088030793,0
2025-08-21,0.04360608444793229,0.04664042972994698,0
2025-08-22,0.027808924256134727,0.015175430712855133,0
2025-08-25,0.0318398440045496,0.022671995548056493,0
2025-08-26,0.02974022237161556,0.015919867856705624,0
2025-08-27,0.033906018128076906,0.018140482597777903,0
2025-08-28,0.03150923937269822,0.014843708315555263,0
2025-08-29,0.03531140705753993,0.022790597168188136,0
2025-09-02,0.05354875300040278,0.049108423099224835,0
2025-09-03,0.04523447659572867,0.035000098479186344,0
2025-09-04,0.03613642520092577,0.02095575110312692,0
2025-09-05,0.034497518836904224,0.03262568682727326,0
2025-09-08,0.03574450606271445,0.02297035910534238,0
2025-09-09,0.036813993097189586,0.02050030586037698,0
2025-09-10,0.03883398284148239,0.01877607909220204,0
2025-09-11,0.031981208505753755,0.015919867856705624,0
2025-09-12,0.03143145332487426,0.015449828923386697,0
2025-09-15,0.03678635845650056,0.02214831782460204,0
2025-09-16,0.04340465762014111,0.027670506066651165,0
2025-09-17,0.03776680895947052,0.02539695898694879,0
2025-09-18,0.035027407840888806,0.02402434858826603,0
2025-09-19,0.03182008668869927,0.04219624537596742,0
2025-09-22,0.03698784034898413,0.019508872087545336,0
2025-09-23,0.04179544319316226,0.04170010037769236,0
2025-09-24,0.03889469855103642,0.03245139081909597,0
2025-09-25,0.04277207246640416,0.09606827448724663,0
2025-09-26,0.035071359600614464,0.043503112539756236,0
2025-09-29,0.04294662752692564,0.047943471455685525,0
2025-09-30,0.045214277346384876,0.04627048218624285,0
2025-10-01,0.04279552516189415,0.04790313136885325,0
2025-10-02,0.0464500506034317,0.05043085964103467,0
2025-10-03,0.04185978576909003,0.06632030432990843,0
2025-10-06,0.04081692577562356,0.09264241106128063,0
2025-10-07,0.04812134884403725,0.22640156088255073,0
2025-10-08,0.03997114712901524,0.05455993050082884,0
2025-10-09,0.040256462617593095,0.06429035841563722,1
2025-10-10,0.09054378491768475,0.12167331752895616,0
2025-10-13,0.06395313567568334,0.09276087770680815,0
2025-10-14,0.08392458582262483,0.11839241898380816,0
2025-10-15,0.07930656367972003,0.09934640053525792,0
2025-10-16,0.13163967669337084,0.22356723359400094,0
2025-10-17,0.09628966998235239,0.07707057577771724,0
2025-10-20,0.06064441710253169,0.06178584852426708,0
2025-10-21,0.0655938800080287,0.07150604596864125,0
2025-10-22,0.07415851502454686,0.07324099058618597,0
2025-10-23,0.0702555878394684,0.03973836613606576,0
2025-10-24,0.04544848080981918,0.021381656974526656,0
2025-10-27,0.03462477717025308,0.017718171033023138,0
2025-10-28,0.03712212058577056,0.018947230020425986,0
2025-10-29,0.04065414531506757,0.02428164567423352,0
2025-10-30,0.038001001765607445,0.029777181991792703,0
2025-10-31,0.03675916737284433,0.05117553387905362,0
2025-11-03,0.0339583140456364,0.04748543589017903,0
2025-11-04,0.049238515972181825,0.09621114054740104,0
2025-11-05,0.045768536847749744,0.0909387990739398,0
2025-11-06,0.06103457181771777,0.1024085230974162,0
2025-11-07,0.05857466806364119,0.06665319757447262,0
2025-11-10,0.04673524783587454,0.05936895487191316,0
2025-11-11,0.045881521575041426,0.03256125754783741,0
2025-11-12,0.049219345120860084,0.05735306989070272,1
2025-11-13,0.07557417094966036,0.08403665779818893,0
2025-11-14,0.07563448140493412,0.11391042430234126,0
2025-11-17,0.0997748886707987,0.10235407921657763,0
2025-11-18,0.12821096200858206,0.15923030433860882,0
2025-11-19,0.11077105018056933,0.09427358456257957,1
2025-11-20,0.15436508536924806,0.07469782809096148,0
2025-11-21,0.11455633667772991,0.09842167818441026,0
2025-11-24,0.08928214163278508,0.09310390214189594,0
2025-11-25,0.07301890218353888,0.04683638282237369,0
2025-11-26,0.05719435363376807,0.02495146013675152,0
2025-11-28,0.05225027637166443,0.021248931371290452,0
2025-12-01,0.053475878815047145,0.09411947634079341,0
2025-12-02,0.042096792586762875,0.019114647565641494,0
2025-12-03,0.033066010534192294,0.041153529170758624,0
2025-12-04,0.02972555447084589,0.017217915138707858,0
2025-12-05,0.026884778120384343,0.017217915138707858,0
2025-12-08,0.03667787410144203,0.0211008289144954,0
2025-12-09,0.03893995185094192,0.02664329406036706,0
2025-12-10,0.03257969089499833,0.02616242557547064,0
2025-12-11,0.02543296550148949,0.01506950686493874,0
2025-12-12,0.031744365171357126,0.03012944158490234,0
2025-12-15,0.03920337245420853,0.026862087483221934,0
2025-12-16,0.03874890699195813,0.02802201618155403,0
2025-12-17,0.04837706720676284,0.03471329849054263,0
2025-12-18,0.03792971608516431,0.030427858697112762,0
2025-12-19,0.026741901468334103,0.01824513379516457,0
2025-12-22,0.022695996215839936,0.014004505890358293,0
2025-12-23,0.022322830019541027,0.013410452542304685,0
2025-12-24,0.01944251381169557,0.012072682780908225,0
2025-12-26,0.0206877195364113,0.013419133785322548,0
2025-12-29,0.023977154706693208,0.017051307229792905,0
2025-12-30,0.02605823118405364,0.016590567906928092,0
2025-12-31,0.031055090535727012,0.03613307798595564,0
2026-01-02,0.02749921845456793,0.03412548050924225,0
2026-01-05,0.028732449841700015,0.029550492051258058,0
2026-01-06,0.028451018057232796,0.014314805492393876,0
2026-01-07,0.03195609755602209,0.02171625614727375,0
2026-01-08,0.03497480525489412,0.017217915138707858,0
2026-01-09,0.025775419567873364,0.01372874427104899,0
2026-01-12,0.03011934845125606,0.016567612401590943,0
2026-01-13,0.03530655074555522,0.02170206161006646,0
2026-01-14,0.041897236167350034,0.023873516103229228,0
2026-01-15,0.03507746675810395,0.017738763573023394,0
2026-01-16,0.032688075340924244,0.025244547435499143,1
2026-01-20,0.07718551007022054,0.053853407711377976,0
2026-01-21,0.04954912269359067,0.05277673079970938,0
2026-01-22,0.03782638505397816,0.020784635010467838,0
2026-01-23,0.03901723662417794,0.025610711649392978,0
2026-01-26,0.0376931684921215,0.02305074991421427,0
2026-01-27,0.045503229450079355,0.021184795424142856,0
2026-01-28,0.03881788769585832,0.020565522950431788,0
2026-01-29,0.040851325455206366,0.029061756414926743,0
2026-01-30,0.04773036485048167,0.036518617541209886,0
2026-02-02,0.036757589004748896,0.021133456927824364,0
2026-02-03,0.05068650597230207,0.06052485503654864,0
2026-02-04,0.059887418442665576,0.07100329583921722,0
2026-02-05,0.1049980142750905,0.07998154433516648,0
2026-02-06,0.10201054321480457,0.08712515377105297,0
2026-02-09,0.042087744299241586,0.048656308132504815,0
2026-02-10,0.04917736259958144,0.038165593847847,0
2026-02-11,0.049720437933825266,0.03666384333586409,1
2026-02-12,0.09594972616288396,0.08411990936170498,0
2026-02-13,0.09509242876673188,0.07846224247420924,0
2026-02-17,0.08038537107734484,0.0928356648344624,0
2026-02-18,0.07035009945344917,0.06429842593005958,0
2026-02-19,0.07587758253482135,0.07874241172265185,0
2026-02-20,0.07226260081210226,0.05349380658266757,0
2026-02-23,0.10278178583772775,0.07288212009534595,0
2026-02-24,0.0779411594044469,0.06301952091198326,0
2026-02-25,0.056866646521207195,0.04097594547637152,0
2026-02-26,0.06589715669010669,0.15208881443155287,0
2026-02-27,0.08168452344026446,0.23043572643762134,0
2026-03-02,0.10137533849874329,0.3549043748897161,0
2026-03-03,0.12553841908150337,0.11726343565729665,0
2026-03-04,0.0777117238823018,0.07649763388350975,0
2026-03-05,0.10617120547353597,0.08101222028981156,1
2026-03-06,0.19604331874034653,0.14288018376477846,0
2026-03-09,0.12973285194439618,0.07506786021721866,0
2026-03-10,0.12805330969575995,0.11640191356861306,0
2026-03-11,0.11165626942348413,0.11619855512356442,1
2026-03-12,0.1877025689914056,0.10503371812393186,0
2026-03-13,0.22136819512554323,0.12263127052605896,0
2026-03-16,0.12339691624868124,0.15991459746286893,0
2026-03-17,0.09587315075504868,0.13471258653529555,1
2026-03-18,0.12853054643418724,0.13475704243655187,0
2026-03-19,0.13732866204439953,0.17883067714523024,1
2026-03-20,0.18967228843767017,0.12383197636362918,0
2026-03-23,0.16810314179947985,0.1664123373127823,0
2026-03-24,0.17752110371482624,0.07804861803079356,0
2026-03-25,0.1667016365853686,0.11848368563154305,1
2026-03-26,0.19516625707180008,0.11040657942506144,1
2026-03-27,0.28309827873011234,0.10709220084752887,0
2026-03-30,0.25479794849930987,0.08753679720515607,0
2026-03-31,0.16139795690942457,0.15139720188344422,0
2026-04-01,0.14635570129614456,0.1415195676380985,0
2026-04-02,0.13645401322619446,0.13346280248618675,0
2026-04-06,0.15524969191605473,0.08327888904602056,0
2026-04-07,0.18120024349914904,0.10386790045468464,0
2026-04-08,0.09155343266933572,0.0540859066624859,0
2026-04-09,0.0711679632929778,0.027095952210705,0
2026-04-10,0.06367748151616714,0.026509056084531895,0
2026-04-13,0.06271775486254087,0.02517721647831097,0
2026-04-14,0.05858572531825751,0.025393883735618062,0
2026-04-15,0.04716336031245076,0.024458606269885795,0
2026-04-16,0.04011475882175706,0.025305429567597643,0
2026-04-17,0.0354506052297425,0.029003543262000227,0
2026-04-20,0.04580932384734305,0.03689748242155001,0
2026-04-21,0.054921658528771934,0.04633472521274379,0
2026-04-22,0.04607407603226769,0.030676966485965424,0
2026-04-23,0.04864877449468023,0.05043048429042064,0
2026-04-24,0.04037988449325828,0.02768918873372425,0
2026-04-27,0.040237735843972555,0.025596073559924607,0
2026-04-28,0.042563874958215744,0.029041386073056362,0
2026-04-29,0.04989153549544736,0.03024469950866914,0
2026-04-30,0.03885067584350985,0.02649602669519961,0
2026-05-01,0.03645008551612221,0.0153651686840575,0
2026-05-04,0.04563356755495563,0.03225694650910622,0
2026-05-05,0.03545513165529115,0.024304079597515904,0
2026-05-06,0.037166128431373076,0.02670809144200841,0
2026-05-07,0.035082641135349715,0.028022596625049967,0
2026-05-08,0.03403226477274152,0.01946454300041263,0
2026-05-11,0.0418878714319493,0.039319597387930554,0
2026-05-12,0.040096998615413944,0.05947261323865403,0
2026-05-13,0.03736548432110383,0.0365429883010543,0
2026-05-14,0.03152302614639192,0.03315763706831011,0
2026-05-15,0.04063675371323662,0.06141205359622177,0
2026-05-18,0.04394119391509596,0.07462901427468405,0
2026-05-19,0.046564251468687846,0.07659246797025702,0
2026-05-20,0.0431674922722779,0.042452439444652545,0
2026-05-21,0.03934397180730542,0.04443838904135677,0
2026-05-22,0.03965181476209236,0.02774963962141269,0
2026-05-26,0.04147952517778345,0.029903257770555497,0
2026-05-27,0.03468920379085724,0.023500106093702178,0
2026-05-28,0.030650713986454112,0.01902854375901556,0
2026-05-29,0.029620032283632552,0.02070329558047199,0
2026-06-01,0.03278593140258202,0.02106731089101799,0
2026-06-02,0.030372039629115947,0.018272501409562783,0
2026-06-03,0.03149754788120893,0.02592737803950017,0
2026-06-04,0.027130713276614763,0.024251813231930663,1
2026-06-05,0.08744305624544159,0.1684177402678233,0
2026-06-08,0.05867690119489291,0.06164145016553948,0
