Date,p_lr,p_gb,event_next_day
2016-06-13,0.06439153739441014,0.028505403304340263,0
2016-06-14,0.0619409336757197,0.03272155172603339,0
2016-06-15,0.0657824748975364,0.020013642282433096,0
2016-06-16,0.07022029339232491,0.06301126519482547,0
2016-06-17,0.08087737375685027,0.03419333694628243,0
2016-06-20,0.14432017671058767,0.07098963732605326,0
2016-06-21,0.15104742994401937,0.15449745521787536,0
2016-06-22,0.15515811952837197,0.08628653597490522,0
2016-06-23,0.12227885435277021,0.03497888003388017,1
2016-06-24,0.17236971767109488,0.05846879260480321,1
2016-06-27,0.17010253266489933,0.1589008151214646,0
2016-06-28,0.1709319510208705,0.12367594758866804,0
2016-06-29,0.18728601638568693,0.07441528607538399,0
2016-06-30,0.10550922846279226,0.05869389997648776,0
2016-07-01,0.19269037781143758,0.057628767562832556,0
2016-07-05,0.15380938428510943,0.07443852899390113,0
2016-07-06,0.089231652205503,0.0573649883864527,0
2016-07-07,0.07320277581018034,0.06645342221124302,0
2016-07-08,0.05713359137831169,0.03428205871779932,0
2016-07-11,0.04835165020581212,0.02724647719949345,0
2016-07-12,0.04598756492954093,0.02264639889437322,0
2016-07-13,0.04085613708042536,0.021744008389840294,0
2016-07-14,0.04026994942539086,0.019816862594388713,0
2016-07-15,0.033498306000651075,0.01980398961964738,0
2016-07-18,0.041503241040419796,0.02479344654772935,0
2016-07-19,0.045328854273059035,0.04216355025699051,0
2016-07-20,0.03749355630480744,0.020544406524714377,0
2016-07-21,0.04480362380694369,0.03541468463198603,0
2016-07-22,0.03550276844662741,0.02135201782870845,0
2016-07-25,0.035383817777457686,0.023352370992244152,0
2016-07-26,0.025678844980322486,0.024661260151874746,0
2016-07-27,0.03138673048436306,0.07001606449602805,0
2016-07-28,0.03438110394470721,0.025935195957690303,0
2016-07-29,0.03299167464559973,0.029931007117321128,0
2016-08-01,0.04279179565110032,0.03587428938045339,0
2016-08-02,0.0484226084203915,0.05040697581075702,0
2016-08-03,0.03941003785211305,0.03360062126820355,0
2016-08-04,0.04003738520556894,0.037795157006319,0
2016-08-05,0.030776828332597858,0.022466979043887232,0
2016-08-08,0.03434722863441026,0.028187485234287494,0
2016-08-09,0.04852923951196032,0.03877522828762904,0
2016-08-10,0.04874780919942387,0.028503076960101795,0
2016-08-11,0.038660779274782786,0.019657147108210316,0
2016-08-12,0.03610777786383963,0.02296753988505208,0
2016-08-15,0.033423932174200255,0.022497275991534522,0
2016-08-16,0.036422188897939606,0.02904003199902165,0
2016-08-17,0.03793087501155563,0.020204118085815393,0
2016-08-18,0.030366853166322424,0.03631375807804301,0
2016-08-19,0.028781808709064396,0.025075336563616088,0
2016-08-22,0.03739931274021551,0.042818214110238305,0
2016-08-23,0.044147386159755046,0.02963078303506134,0
2016-08-24,0.045733694382573443,0.10227293900525494,0
2016-08-25,0.04234124583325874,0.04542734947912445,0
2016-08-26,0.04242842554364629,0.037601288289302905,0
2016-08-29,0.03937688837916444,0.024722354788787673,0
2016-08-30,0.03798713077800896,0.03393300663608376,0
2016-08-31,0.049207489631847456,0.02943129058493903,0
2016-09-01,0.04797794131663667,0.03031921501518977,0
2016-09-02,0.03572861066897318,0.02497630958325157,0
2016-09-06,0.0376952457524279,0.0196461019043616,0
2016-09-07,0.029717978418467326,0.0188889130179161,0
2016-09-08,0.033568410063628464,0.019562811915653313,1
2016-09-09,0.07595615116392339,0.05768106286404044,0
2016-09-12,0.04828135300151902,0.1485455741482415,0
2016-09-13,0.07124798815708393,0.08810053855634194,0
2016-09-14,0.07121964742183526,0.07502676521449764,0
2016-09-15,0.06146551953773183,0.17309435741301415,0
2016-09-16,0.09272022549517935,0.08465208276481533,0
2016-09-19,0.07947345914404434,0.06426581155081768,0
2016-09-20,0.11107462263653418,0.07312024043104294,0
2016-09-21,0.0725884121332493,0.037592600240721856,0
2016-09-22,0.04557218160787144,0.023761673414644774,0
2016-09-23,0.04387941155163972,0.02595160429549959,0
2016-09-26,0.06040765716735642,0.04217767900418188,0
2016-09-27,0.05244958929810293,0.05187104500324317,0
2016-09-28,0.03463177482179322,0.031684712706479816,0
2016-09-29,0.038976197458044315,0.039407514339402525,0
2016-09-30,0.033070753303919356,0.025590204020874724,0
2016-10-03,0.04806999457967568,0.034207763026655555,0
2016-10-04,0.041547855516226896,0.07114496865336499,0
2016-10-05,0.0356079967887052,0.033337571983244295,0
2016-10-06,0.042078558361282555,0.03291513984958906,0
2016-10-07,0.04696998992874687,0.048762391451729024,0
2016-10-10,0.054846418924956696,0.04683801220869322,1
2016-10-11,0.07962071820710401,0.059507794174420287,0
2016-10-12,0.08886743725442786,0.054690485667185144,0
2016-10-13,0.09048566915371216,0.03911435837851588,0
2016-10-14,0.08734693730854759,0.04407939647865613,0
2016-10-17,0.09820731008390257,0.06138802664507816,0
2016-10-18,0.09409762143659611,0.03940136833606314,0
2016-10-19,0.08835696100194439,0.04018239983201281,0
2016-10-20,0.089023089918605,0.04740379188542689,0
2016-10-21,0.0800347897036963,0.060374539092440185,0
2016-10-24,0.08560485238915037,0.06748401916094458,0
2016-10-25,0.08681773699627862,0.060258083831451356,0
2016-10-26,0.08473614386111178,0.07525646015497557,0
2016-10-27,0.0972016652308525,0.0762424721526619,0
2016-10-28,0.09888611778136498,0.15276402120705146,0
2016-10-31,0.10062103076888078,0.3572221462210254,0
2016-11-01,0.12016072981270436,0.12383231877985681,0
2016-11-02,0.15143606161921702,0.2976990400468999,0
2016-11-03,0.2064466884223471,0.1721551447345691,0
2016-11-04,0.19085451527329242,0.14656825682390182,0
2016-11-07,0.1903572555943575,0.4394484413688098,0
2016-11-08,0.21102633915754035,0.41784002922108643,0
2016-11-09,0.10581535229630426,0.049403207788236626,1
2016-11-10,0.11373172691569843,0.08780152568531595,0
2016-11-11,0.09597518817796441,0.09791394578749507,0
2016-11-14,0.05627111689310453,0.15954337962983434,0
2016-11-15,0.05443067060883118,0.3064388828526754,0
2016-11-16,0.038097494275723315,0.05865806553541235,0
2016-11-17,0.037524637601560946,0.052790586197863795,0
2016-11-18,0.030194754675048043,0.04552610112446703,0
2016-11-21,0.025119802756846287,0.04863572357154901,0
2016-11-22,0.02203184265480759,0.06332126983246426,0
2016-11-23,0.02144638707635466,0.061412627900552325,0
2016-11-25,0.018189539778657084,0.0631180941859411,0
2016-11-28,0.02255469090127531,0.09928952436110841,0
2016-11-29,0.023471652854976027,0.03207926013904312,0
2016-11-30,0.023554273728639812,0.029546380212239577,1
2016-12-01,0.030100363359476485,0.058193368950066854,0
2016-12-02,0.03201867956074521,0.07463337789817498,0
2016-12-05,0.024406785171798596,0.035998293458110425,0
2016-12-06,0.0215351539344537,0.024601477790892286,0
2016-12-07,0.021810012282595607,0.0290513968398161,0
2016-12-08,0.023523193769794042,0.06849562897508027,0
2016-12-09,0.02559358405714497,0.017749067527657172,0
2016-12-12,0.027498757319131834,0.06341551329056747,0
2016-12-13,0.032605072784156586,0.03355703507158076,0
2016-12-14,0.04840133392666584,0.06635615135192838,0
2016-12-15,0.04499257850001441,0.02526334994205052,0
2016-12-16,0.040857336457967214,0.031137263651377204,0
2016-12-19,0.04206724873528614,0.029910962441730832,0
2016-12-20,0.039628351899811336,0.021069406583529234,0
2016-12-21,0.039540665578891666,0.03289979878623824,0
2016-12-22,0.04442210614803051,0.04810006906835835,0
2016-12-23,0.03696974594080462,0.04316099704712202,0
2016-12-27,0.037449728415982764,0.029281529660076636,0
2016-12-28,0.04622972423856836,0.03516581458717192,0
2016-12-29,0.04923683953460472,0.0799754328766851,0
2016-12-30,0.05603716606009526,0.05759828084552251,0
2017-01-03,0.04886883827301537,0.0839750487210604,0
2017-01-04,0.044550320810908935,0.020491219059083646,0
2017-01-05,0.05128344180794071,0.03409124230815674,0
2017-01-06,0.048884460864961406,0.023640265414753173,0
2017-01-09,0.062433158372660405,0.03351918244630238,0
2017-01-10,0.051319014684048536,0.038140214399730234,0
2017-01-11,0.042309852516650114,0.024374829992637674,0
2017-01-12,0.042817244737972576,0.03289979878623824,0
2017-01-13,0.03886948554389263,0.020172647380464953,0
2017-01-17,0.04283764823021573,0.022257371294783865,0
2017-01-18,0.04946498323277459,0.030208345628991353,0
2017-01-19,0.05330245173369658,0.03925613374725476,0
2017-01-20,0.0430716293519738,0.05880002663262498,0
2017-01-23,0.04362738709865362,0.027547973305633588,0
2017-01-24,0.037291791734715835,0.014561170747978122,0
2017-01-25,0.0369880384598703,0.016278522353426417,0
2017-01-26,0.038095395270867964,0.01638948200948271,0
2017-01-27,0.03337623542785348,0.04071522875978232,0
2017-01-30,0.046191539291347575,0.045682766537928,0
2017-01-31,0.045019132756388774,0.04537958129416731,0
2017-02-01,0.04785901260556509,0.04517487271933424,0
2017-02-02,0.04651456425249029,0.04509589865047078,0
2017-02-03,0.03553088632769071,0.015177702909802155,0
2017-02-06,0.04362158952070105,0.022258943835992605,0
2017-02-07,0.04003645640516807,0.02192681491403144,0
2017-02-08,0.03972848225591584,0.022258943835992605,0
2017-02-09,0.03370442319582336,0.016729048949653668,0
2017-02-10,0.0314401403197756,0.01728232935755558,0
2017-02-13,0.03622939747516729,0.01684005058065832,0
2017-02-14,0.03905859606711186,0.2500653992424752,0
2017-02-15,0.05865204345401563,0.02074148515487602,0
2017-02-16,0.050378465782314065,0.07267142323819922,0
2017-02-17,0.04526854946438534,0.021969115018425567,0
2017-02-21,0.04053873992693346,0.024286034684345384,0
2017-02-22,0.04228545459526309,0.03614741402702577,0
2017-02-23,0.047860704660077275,0.020259106324217884,0
2017-02-24,0.0396709129513319,0.015852998429291686,0
2017-02-27,0.04034223423188618,0.01332021756636942,0
2017-02-28,0.05369544794507323,0.047646564187443556,0
2017-03-01,0.04716143228652543,0.03096711701067558,0
2017-03-02,0.038024115667629185,0.021644627953742862,0
2017-03-03,0.034999523723816615,0.029576145281275713,0
2017-03-06,0.04416766508419507,0.03238465992387879,0
2017-03-07,0.05283042179099361,0.026710576791460317,0
2017-03-08,0.062378734017637424,0.04687241577309897,0
2017-03-09,0.05872887726315172,0.05664755671546451,0
2017-03-10,0.045599566289722095,0.056092196205470964,0
2017-03-13,0.043507461642761015,0.03507194425658342,0
2017-03-14,0.05816568405160667,0.07855530709184809,0
2017-03-15,0.04842881793516523,0.07972248529532651,0
2017-03-16,0.05318195874167324,0.1481134624599703,0
2017-03-17,0.04835762586330822,0.06393292606187304,0
2017-03-20,0.04899937687024273,0.09759167777206107,1
2017-03-21,0.06784625153391764,0.12329855446143313,0
2017-03-22,0.06939595609825729,0.07287033402145232,0
2017-03-23,0.06125793177959324,0.05844339431268554,0
2017-03-24,0.0699848719111261,0.06322325937272345,0
2017-03-27,0.06863076228420038,0.08927780716297141,0
2017-03-28,0.053461138077726546,0.05434204888956941,0
2017-03-29,0.05520093929073511,0.053984468875231846,0
2017-03-30,0.06364346157025648,0.047650027849006495,0
2017-03-31,0.07488347144059687,0.04094912943670185,0
2017-04-03,0.07128404682232976,0.0487341890515248,0
2017-04-04,0.05919790914202982,0.029624772737372424,0
2017-04-05,0.06865271500250583,0.04691522356719202,0
2017-04-06,0.06387064703448997,0.034421712013424165,0
2017-04-07,0.07475760444616898,0.04764241002627655,0
2017-04-10,0.09192899392755992,0.06417680516687296,0
2017-04-11,0.09180202335406235,0.04340468644006612,0
2017-04-12,0.13754855632952184,0.16883191944256495,0
2017-04-13,0.12489206612634206,0.04703582590375424,0
2017-04-17,0.11659121420875874,0.0391558465020141,0
2017-04-18,0.13255140784020963,0.042471607582055225,0
2017-04-19,0.1514821900944875,0.03546887442025037,0
2017-04-20,0.14759535034137963,0.2030243295749789,0
2017-04-21,0.16005258430466543,0.06268333014278585,0
2017-04-24,0.07234246049522693,0.029606097314472613,0
2017-04-25,0.061166904229098776,0.025480586453850585,0
2017-04-26,0.06471102243760812,0.03665703771378085,0
2017-04-27,0.05899472797984244,0.02182472089664906,0
2017-04-28,0.07456521946461782,0.08017904877371071,0
2017-05-01,0.03985052555278065,0.023474959036219073,0
2017-05-02,0.04451135483844646,0.041856692174301886,0
2017-05-03,0.04272180306168055,0.05728363451317119,0
2017-05-04,0.03999547347049258,0.032919351684346995,0
2017-05-05,0.04356165718983455,0.03378109920646038,0
2017-05-08,0.03345060069727104,0.022515176227944102,0
2017-05-09,0.03927464384072246,0.027128066236000687,0
2017-05-10,0.040299848715183995,0.02618230640272368,0
2017-05-11,0.04447270073264,0.050524059451641956,0
2017-05-12,0.04709059484164986,0.05232947718360152,0
2017-05-15,0.041198315188219294,0.03912219569355751,0
2017-05-16,0.05168050637810304,0.055554720600256347,1
2017-05-17,0.11706816935618111,0.08835754492724476,0
2017-05-18,0.11633688544192954,0.10450946830587134,0
2017-05-19,0.07022608383948183,0.09279947196929679,0
2017-05-22,0.054436088400086964,0.0993761349880389,0
2017-05-23,0.05204265979373156,0.06405422289763141,0
2017-05-24,0.07628010590019207,0.0245794884348052,0
2017-05-25,0.06636659052678989,0.046406687864894776,0
2017-05-26,0.044617912206918846,0.023605893324964704,0
2017-05-30,0.043999129148698926,0.036866660903885504,0
2017-05-31,0.04450971155748093,0.043544037421897115,0
2017-06-01,0.030459675096881522,0.017144155411581687,0
2017-06-02,0.030370197763996482,0.016247757219170905,0
2017-06-05,0.03178043793305162,0.05917269494728275,0
2017-06-06,0.03657962466881254,0.0576065062557036,0
2017-06-07,0.03536870512404881,0.026600053276921776,0
2017-06-08,0.03776241079126963,0.027325837491510224,1
2017-06-09,0.04027855609138708,0.06407696558164427,0
2017-06-12,0.04519205893165644,0.03331564257351806,0
2017-06-13,0.03659147050232342,0.03342335649312761,0
2017-06-14,0.03962891444512495,0.032550237265795555,0
2017-06-15,0.04332986271189067,0.08362256293750966,0
2017-06-16,0.04036325828964436,0.3397257655079721,0
2017-06-19,0.05012806501828879,0.05002353058987706,0
2017-06-20,0.05256130274404998,0.350446854627957,0
2017-06-21,0.04974404268369767,0.19435712071974023,0
2017-06-22,0.047286029383536037,0.17918827334480517,0
2017-06-23,0.03944885785192261,0.12094215238922913,0
2017-06-26,0.038931875832462284,0.10101444011282443,1
2017-06-27,0.0477214101272363,0.10809050004468469,0
2017-06-28,0.03765671210497821,0.07553819736145573,1
2017-06-29,0.05213021233566356,0.05298416955895304,0
2017-06-30,0.040666796101423416,0.05550482354996117,0
2017-07-03,0.03511307823292753,0.07139713599549954,0
2017-07-05,0.03697720397684039,0.09867140565381477,0
2017-07-06,0.04895435349286508,0.03906466545933736,0
2017-07-07,0.040198582665509144,0.048574294678761024,0
2017-07-10,0.044673494493371525,0.0716783157331209,0
2017-07-11,0.04776957513559899,0.203514986468829,0
2017-07-12,0.04358441815337623,0.1737324146912098,0
2017-07-13,0.04311337914624726,0.09064765012683831,0
2017-07-14,0.03524963651260316,0.024045812736202585,0
2017-07-17,0.038377356885599005,0.023219796591852523,0
2017-07-18,0.03813733936387283,0.019528468946693276,0
2017-07-19,0.03588033077490455,0.036884691343407015,0
2017-07-20,0.029742213359604322,0.02139172178121251,0
2017-07-21,0.02704687376294372,0.023509697673445334,0
2017-07-24,0.029719220395457834,0.026355211497176595,0
2017-07-25,0.03022785586061459,0.029670384971979682,0
2017-07-26,0.03673635337910289,0.029588522467906605,0
2017-07-27,0.039094146919119784,0.23285439893532564,0
2017-07-28,0.03996397561622965,0.03626105190762368,0
2017-07-31,0.04282322560593327,0.10283029638307066,0
2017-08-01,0.043669467319893275,0.10023048535525668,0
2017-08-02,0.047003983108065236,0.16806656175854695,0
2017-08-03,0.04923361350474864,0.17931449645298767,0
2017-08-04,0.04266529436462065,0.39228303118132263,0
2017-08-07,0.041570298277009796,0.39228303118132263,0
2017-08-08,0.05238392134941624,0.6424135135160964,0
2017-08-09,0.052264513412250406,0.7119052053952614,1
2017-08-10,0.1080204905505039,0.27600689380561527,0
2017-08-11,0.08201182596283621,0.3772389530311477,0
2017-08-14,0.06896472505378164,0.4537182088946325,0
2017-08-15,0.06889711880860509,0.3431003906928542,0
2017-08-16,0.07071812419018918,0.27225920142357596,1
2017-08-17,0.17884157280971236,0.392405892696967,0
2017-08-18,0.1406014390116806,0.469903957596403,0
2017-08-21,0.09664526133686609,0.14390831718621241,0
2017-08-22,0.07854965561020143,0.2648027698681305,0
2017-08-23,0.07705707451114854,0.19582272395999722,0
2017-08-24,0.10967356147244023,0.2324527662817775,0
2017-08-25,0.07370412902104063,0.08454069038184532,0
2017-08-28,0.06775209892344583,0.20424985472812524,0
2017-08-29,0.06236955310938049,0.20204611696372973,0
2017-08-30,0.05181630166438995,0.08494117257164474,0
2017-08-31,0.04369857736860563,0.06836578912224231,0
2017-09-01,0.033505825195616894,0.14471579071242258,0
2017-09-05,0.04952493612367019,0.06313188203390314,0
2017-09-06,0.04526887521538686,0.04409853891235779,0
2017-09-07,0.04293567279997293,0.06312148016937265,0
2017-09-08,0.04233736464781142,0.04209083069456798,0
2017-09-11,0.03133730636308226,0.01954869614100619,0
2017-09-12,0.03884330824353776,0.018917712214038197,0
2017-09-13,0.03959978469210424,0.01940790494329225,0
2017-09-14,0.0402687828147841,0.025521181499457465,0
2017-09-15,0.042108863160588525,0.018917712214038197,0
2017-09-18,0.041388334424331034,0.018858202733179584,0
2017-09-19,0.04346173078908153,0.018163829965131183,0
2017-09-20,0.03644504799054596,0.017600917525234874,0
2017-09-21,0.03547949480214431,0.029784761901728178,0
2017-09-22,0.030716172789631683,0.03813220995396795,0
2017-09-25,0.03533796671429298,0.09354200147299499,0
2017-09-26,0.033523434236178457,0.07276733304606779,0
2017-09-27,0.026824198324658856,0.05306667613176845,0
2017-09-28,0.024306183176216137,0.03265548031622362,0
2017-09-29,0.025454978917151077,0.02107551983626409,0
2017-10-02,0.02746577894572732,0.028233613567211407,0
2017-10-03,0.02845060125533413,0.013663971082379628,0
2017-10-04,0.029400119093704883,0.08935956038370839,0
2017-10-05,0.02468106474555882,0.10945820898146169,0
2017-10-06,0.030946407589654685,0.03418454482451193,0
2017-10-09,0.03871202857939879,0.024380039312032628,0
2017-10-10,0.039308566361394064,0.15420987263434985,0
2017-10-11,0.04119420926064887,0.19625227566655237,0
2017-10-12,0.04077702358034985,0.11100929783823293,0
2017-10-13,0.04256860046139224,0.1506497756716203,0
2017-10-16,0.05517555757780489,0.1626364376409979,0
2017-10-17,0.05937061677864763,0.1945552534496255,0
2017-10-18,0.055360784416669515,0.10268195544989094,0
2017-10-19,0.05259597414015374,0.10285408017038834,0
2017-10-20,0.04802012224289566,0.16148354324743483,0
2017-10-23,0.06354455910217434,0.17075511845087862,0
2017-10-24,0.06756339382238179,0.19074292560620973,0
2017-10-25,0.06465456888802026,0.09290502003096972,0
2017-10-26,0.06272250312275493,0.12620107959720045,0
2017-10-27,0.05282282622523446,0.2436444129078645,0
2017-10-30,0.07308081869689699,0.1513390541276245,0
2017-10-31,0.0684062111098471,0.12807278849363676,0
2017-11-01,0.06343460194995873,0.20728361023302816,0
2017-11-02,0.05524306997908801,0.3051939934603419,0
2017-11-03,0.040124592947446025,0.510185035870248,0
2017-11-06,0.04048699399818117,0.7198296843401055,0
2017-11-07,0.045135721668036415,0.6695140794128751,0
2017-11-08,0.04167027377960278,0.6134637201419971,0
2017-11-09,0.048772262428911875,0.5514851715378754,0
2017-11-10,0.049416290267121216,0.5477669957127835,0
2017-11-13,0.05046899682226305,0.4774738611675445,0
2017-11-14,0.041952048885160464,0.18750370134431796,0
2017-11-15,0.056732968526629624,0.31053570246673257,0
2017-11-16,0.04664756448446071,0.041292955895285206,0
2017-11-17,0.04718870296436401,0.049009139157599496,0
2017-11-20,0.04494765062591753,0.038504337897933165,0
2017-11-21,0.03997502701946185,0.024050552583046076,0
2017-11-22,0.050419490063691605,0.02390508922044255,0
2017-11-24,0.04300292630083777,0.02402133437653162,0
2017-11-27,0.035734404294851516,0.026238092562147156,0
2017-11-28,0.03205559724336083,0.027626401680783008,1
2017-11-29,0.028941605583290463,0.02971706352833588,0
2017-11-30,0.029843931755357923,0.026464142469156494,0
2017-12-01,0.028690664436819016,0.03459365405310621,0
2017-12-04,0.026776178894005177,0.032588839108776683,0
2017-12-05,0.031810286004036986,0.05930868237826443,0
2017-12-06,0.03277517449327584,0.06662003633947125,0
2017-12-07,0.032528091419805415,0.06063618227175562,0
2017-12-08,0.029719748197622062,0.016430457345257932,0
2017-12-11,0.03119974241710463,0.018419731415751345,0
2017-12-12,0.03400105608508374,0.015077368459826697,0
2017-12-13,0.03839908431376555,0.023615340204067765,0
2017-12-14,0.03793188809325461,0.03164315698302985,0
2017-12-15,0.028701705485561394,0.027607208084347086,0
2017-12-18,0.029616918490466954,0.020459438730858995,0
2017-12-19,0.03490011588141741,0.058043600652735734,0
2017-12-20,0.03126771589154281,0.05827213502538816,0
2017-12-21,0.029621228960953063,0.036411229744022146,0
2017-12-22,0.02819382540998128,0.04462258587656087,0
2017-12-26,0.032224272699194784,0.031884971961462304,0
2017-12-27,0.037913177936619906,0.0470847775594613,0
2017-12-28,0.03330647652211254,0.024443746687090002,0
2017-12-29,0.04191098852308366,0.051127804004231274,0
2018-01-02,0.02955791433233828,0.02095600813154475,0
2018-01-03,0.027513001105992217,0.018058009130982905,0
2018-01-04,0.02785102146234448,0.016413028784363157,0
2018-01-05,0.027226658646482386,0.016936187136094877,0
2018-01-08,0.03134551386663459,0.01737959342464306,0
2018-01-09,0.03232266098862518,0.017203603284240383,0
2018-01-10,0.02895227105515817,0.022972107871320074,0
2018-01-11,0.028898307945451705,0.018035443469478295,0
2018-01-12,0.0317629724166519,0.022106341913411237,0
2018-01-16,0.04373734988922855,0.03108311075576789,0
2018-01-17,0.048480906049111906,0.017273603027440135,0
2018-01-18,0.0482018610650586,0.025645261664683477,0
2018-01-19,0.04235094412387566,0.018749067452868636,0
2018-01-22,0.04118951125736974,0.02263897475722942,0
2018-01-23,0.044416317261845986,0.02435058020031822,0
2018-01-24,0.052063555291315136,0.03341621188973047,0
2018-01-25,0.05684667023786503,0.03863708895582186,0
2018-01-26,0.04199034977737017,0.050260033960848265,0
2018-01-29,0.06884009272781086,0.12192222226859677,0
2018-01-30,0.07883473214894111,0.10055280635832865,0
2018-01-31,0.07885923718786278,0.09059289085673737,0
2018-02-01,0.08406924597476967,0.15120077642609753,1
2018-02-02,0.13207729872286728,0.24816116149356587,1
2018-02-05,0.2063998190507343,0.1292052242449978,0
2018-02-06,0.2643638827175538,0.2425035414750981,0
2018-02-07,0.20187105943669195,0.2146078546929329,1
2018-02-08,0.16884090948508293,0.28976724070208293,0
2018-02-09,0.22296987971713214,0.31278792250901355,0
2018-02-12,0.8048725870198065,0.6293587833132523,0
2018-02-13,0.574012750759469,0.4022388674196478,0
2018-02-14,0.39951057981075383,0.32446882614151995,0
2018-02-15,0.4910949936855632,0.2344117302645055,0
2018-02-16,0.3899517652870623,0.46296725007443096,0
2018-02-20,0.31035281552964766,0.2695016502611151,0
2018-02-21,0.28529374705077926,0.4565677110739455,0
2018-02-22,0.16428684715870298,0.2952979991627592,0
2018-02-23,0.1506197078198883,0.2325036454854329,0
2018-02-26,0.14761782102766347,0.2703901047890503,0
2018-02-27,0.1824873953547123,0.3758440982403935,0
2018-02-28,0.17702982275479634,0.3448340289363265,1
2018-03-01,0.16585923265891947,0.20430216130625123,0
2018-03-02,0.1176255160889814,0.22358973298615886,0
2018-03-05,0.10912248392074825,0.3752292170329341,0
2018-03-06,0.1327618802747488,0.24790460030071138,0
2018-03-07,0.13047357730134954,0.2096727593127048,0
2018-03-08,0.15625891644045375,0.13201239739102472,0
2018-03-09,0.09455732915275508,0.16793831974805987,0
2018-03-12,0.10060451307644394,0.032060120103767104,0
2018-03-13,0.10271505260635601,0.035231533349174705,0
2018-03-14,0.09799210511703926,0.08398403317049556,0
2018-03-15,0.09653133647293005,0.04690334225599764,0
2018-03-16,0.07514566467408726,0.03840262023254607,1
2018-03-19,0.1182810958055958,0.12439016445449268,0
2018-03-20,0.11577596816773902,0.1131921783120438,0
2018-03-21,0.1180903550323636,0.08749891944366787,1
2018-03-22,0.1553095730393814,0.11333317216334597,1
2018-03-23,0.1527067998660487,0.07553051146432146,0
2018-03-26,0.14453001849128735,0.14158176341349188,1
2018-03-27,0.12811616486160926,0.283155753129521,0
2018-03-28,0.112804700788651,0.2412144382637179,0
2018-03-29,0.16762685756638118,0.0784670793645943,1
2018-04-02,0.22404651790247274,0.39354833778346915,0
2018-04-03,0.16184540439033002,0.1792828358269364,0
2018-04-04,0.1462764722224627,0.3114866935119932,0
2018-04-05,0.14151164177027148,0.24146737600805446,1
2018-04-06,0.13626933768004623,0.1492121755245591,0
2018-04-09,0.17873339250957643,0.6054247403582609,0
2018-04-10,0.12867844660371303,0.12869160545753813,0
2018-04-11,0.1311509236035552,0.12639845746083497,0
2018-04-12,0.11518785358521588,0.2280469687502571,0
2018-04-13,0.1244254469848412,0.25001523114865287,0
2018-04-16,0.12929745769347267,0.20579578556321865,0
2018-04-17,0.13013785204766304,0.1820950159126674,0
2018-04-18,0.1219172000361848,0.2493041620820219,0
2018-04-19,0.11739510091499651,0.20453741850009652,1
2018-04-20,0.11466514474099641,0.151535919691352,0
2018-04-23,0.11234963184401535,0.17615106858092483,1
2018-04-24,0.11356224911760213,0.10765877634928943,0
2018-04-25,0.1242078815815378,0.07325801158393652,0
2018-04-26,0.11267099412937312,0.06243804435763541,0
2018-04-27,0.09539207574295124,0.04498023021628561,0
2018-04-30,0.10558561539063795,0.05568082095176773,0
2018-05-01,0.11919516609786826,0.06474308186060218,0
2018-05-02,0.13398772051962823,0.06936776174366063,0
2018-05-03,0.13057398933122957,0.07286188461049362,0
2018-05-04,0.0912433368376713,0.04426317993623928,0
2018-05-07,0.08834394051746869,0.06069534817124177,0
2018-05-08,0.0844046249402139,0.05865571127237368,0
2018-05-09,0.07821043859458397,0.08789741987521413,0
2018-05-10,0.07452405700461981,0.05212882289912857,0
2018-05-11,0.07164667350836132,0.09234259352881123,0
2018-05-14,0.09049669823193607,0.05986828306857625,0
2018-05-15,0.09407382164369849,0.19404460400738371,0
2018-05-16,0.07511527359920377,0.06361594487290492,0
2018-05-17,0.0791953417280346,0.05921820502129978,0
2018-05-18,0.07454322478739565,0.11714814126059694,0
2018-05-21,0.0805271647009305,0.06121489800364302,0
2018-05-22,0.10016285868765806,0.07343199158015039,0
2018-05-23,0.08751693939488195,0.0736936121386631,0
2018-05-24,0.08220657564849908,0.061965644371264984,0
2018-05-25,0.09059686514138163,0.06461861176894876,0
2018-05-29,0.1258644583148323,0.19221491059452597,0
2018-05-30,0.09036068967772129,0.09333973944948185,0
2018-05-31,0.09673747342737467,0.1875162005332451,0
2018-06-01,0.07134764573727849,0.04938238778125531,0
2018-06-04,0.06524465102889779,0.044879177350779356,0
2018-06-05,0.07962382461498714,0.03506888107830975,0
2018-06-06,0.06192965423907899,0.02949965239502715,0
2018-06-07,0.06322072885057337,0.03054732294031723,0
2018-06-08,0.04921420570750618,0.03253206377727809,0
2018-06-11,0.049521287799396047,0.031211119268608124,0
2018-06-12,0.045575033062393216,0.02839464377907484,0
2018-06-13,0.053857680730932805,0.033023099110672735,0
2018-06-14,0.05242145862929656,0.03646744350258809,0
2018-06-15,0.05245291926418359,0.04356930401054565,0
2018-06-18,0.060497927180862464,0.04632244021398342,0
2018-06-19,0.06792264560916991,0.06587853495674029,0
2018-06-20,0.0644874206829792,0.051867385478347815,0
2018-06-21,0.07346835543196158,0.08384163156049855,0
2018-06-22,0.06364519094077732,0.06137776362999378,1
2018-06-25,0.09272690463324093,0.05515159726152145,0
2018-06-26,0.08935966553304399,0.06907410092516009,1
2018-06-27,0.10400636555510441,0.07879444910401173,0
2018-06-28,0.10468723208742255,0.055570429129803825,0
2018-06-29,0.08573762422760911,0.08793436791447172,0
2018-07-02,0.1053332239535721,0.06598873461370759,0
2018-07-03,0.0918647018831901,0.11258113133028033,0
2018-07-05,0.09361230679840041,0.03996675469834158,0
2018-07-06,0.07084873001654554,0.036054177158131445,0
2018-07-09,0.06755385440627275,0.033379453803085025,0
2018-07-10,0.06809700215131947,0.03566930660013281,0
2018-07-11,0.0814666345337474,0.05985946240523524,0
2018-07-12,0.0666667238800087,0.03796410771754468,0
2018-07-13,0.05714716410034492,0.03651007702496328,0
2018-07-16,0.06785654816037116,0.05695694346859026,0
2018-07-17,0.06257895235344024,0.05671385617299532,0
2018-07-18,0.06609392340144422,0.2216319662875592,0
2018-07-19,0.06493438501607192,0.04800299197954574,0
2018-07-20,0.0643163014326327,0.4971388930709526,0
2018-07-23,0.06970637180229783,0.1889718896237423,0
2018-07-24,0.07244847958053817,0.05907000171125626,0
2018-07-25,0.06819964766695738,0.03813954654212176,1
2018-07-26,0.06514170144300944,0.037546388241786216,1
2018-07-27,0.07113047006174406,0.03961350093740675,1
2018-07-30,0.08451027753900435,0.03528042260624043,0
2018-07-31,0.06446774755548991,0.0304878321652761,0
2018-08-01,0.08053373702202968,0.0535223455982504,0
2018-08-02,0.06380501737318307,0.04373362842048732,0
2018-08-03,0.06206108436386015,0.04285408270214507,0
2018-08-06,0.06204360950186109,0.036476409654467905,0
2018-08-07,0.0526905457035521,0.028131947494459374,0
2018-08-08,0.053487952494744556,0.030547960825502984,0
2018-08-09,0.05070848479806327,0.037654316379663495,0
2018-08-10,0.0678627798842193,0.0629170589988165,0
2018-08-13,0.08162658527412678,0.3192672119335242,0
2018-08-14,0.061412483307019886,0.04980080231866843,0
2018-08-15,0.06929429620914954,0.14263914667960345,0
2018-08-16,0.06440446133854161,0.10416894007541926,0
2018-08-17,0.057152179555467614,0.04028142577967716,0
2018-08-20,0.05927556725467173,0.05424243732737322,0
2018-08-21,0.04889984171698943,0.05543425280624969,0
2018-08-22,0.047162769721636515,0.02205569986351147,0
2018-08-23,0.05646305126975275,0.033725921137728584,0
2018-08-24,0.04962414182506947,0.02127243675620644,0
2018-08-27,0.052944410378236384,0.05585809383900002,0
2018-08-28,0.05644164550363085,0.029278817127440425,0
2018-08-29,0.045265136282911136,0.019533515539534432,0
2018-08-30,0.05852337679711575,0.036573151895865574,0
2018-08-31,0.055980782698378743,0.027628441440631618,0
2018-09-04,0.057613651393405386,0.0381020060312532,0
2018-09-05,0.060390977308517176,0.057511995740633017,0
2018-09-06,0.06378002037951278,0.048123407355640115,0
2018-09-07,0.07422522312142954,0.047891088649971485,0
2018-09-10,0.06255464103433545,0.06470238304595792,0
2018-09-11,0.060326921133254136,0.03853841502866793,0
2018-09-12,0.0678960864304736,0.0310284528395439,0
2018-09-13,0.06820466567451694,0.02627719374751586,0
2018-09-14,0.06945973458251051,0.02749023164565299,1
2018-09-17,0.0823194647803069,0.03741430078561898,0
2018-09-18,0.06468471416278004,0.025795404938104657,0
2018-09-19,0.053048280928778634,0.027345533211135697,0
2018-09-20,0.0503752947266175,0.026075930131676712,0
2018-09-21,0.044007284150439654,0.014145567727858393,0
2018-09-24,0.059565898604827375,0.028093922056478034,0
2018-09-25,0.057257634611312364,0.039224700857981354,0
2018-09-26,0.060178001937130694,0.03580506000784182,0
2018-09-27,0.06126379630219346,0.06822108983889934,0
2018-09-28,0.05385921253911735,0.03523767472104516,0
2018-10-01,0.05632922822641355,0.08590846133442559,0
2018-10-02,0.057585886185165004,0.03175468538791583,0
2018-10-03,0.05662892889852053,0.02526836797329834,1
2018-10-04,0.0866755635452021,0.059664306703541496,0
2018-10-05,0.08536673560616116,0.061993097288861994,0
2018-10-08,0.10012311257981475,0.07732436056210235,0
2018-10-09,0.10581681477675925,0.08074544553743289,1
2018-10-10,0.16275527065733533,0.22745205859391493,0
2018-10-11,0.2573726061221721,0.1128525934974438,0
2018-10-12,0.21969763205978887,0.6081657311508302,0
2018-10-15,0.21421110494934228,0.18735361261226952,0
2018-10-16,0.17145237289969564,0.3065658666959448,0
2018-10-17,0.234743836621893,0.2961465657494772,1
2018-10-18,0.263134735612095,0.18418616105145308,0
2018-10-19,0.21994039379207148,0.17570577765415243,0
2018-10-22,0.20698509839562446,0.20703536085816507,0
2018-10-23,0.19283167547477748,0.43018973042616165,1
2018-10-24,0.25469434654955514,0.12569150806642662,0
2018-10-25,0.2373008975738583,0.2240610223069971,1
2018-10-26,0.2499974577554335,0.29364849319193803,1
2018-10-29,0.21150390883742606,0.2863254142079297,0
2018-10-30,0.1785234414715666,0.2818078440753,0
2018-10-31,0.1972151122473782,0.16939603904643874,0
2018-11-01,0.17163535419045728,0.2012430540948812,1
2018-11-02,0.14410169772030834,0.08411701426095844,0
2018-11-05,0.154537006313258,0.18024923200779855,0
2018-11-06,0.15736006398356253,0.42296002472850636,0
2018-11-07,0.11543018700428108,0.07859747620713892,0
2018-11-08,0.10960927895805549,0.08089657738582126,1
2018-11-09,0.0901098194040251,0.1551875671615527,1
2018-11-12,0.14165126838478745,0.16696631499615472,0
2018-11-13,0.13105203076551591,0.27313395719464817,0
2018-11-14,0.1051138107191644,0.16490659589823584,0
2018-11-15,0.10402419463982325,0.15514998119176426,0
2018-11-16,0.08032121583914191,0.23627112195666658,1
2018-11-19,0.1021006358947848,0.2116143448120646,1
2018-11-20,0.11365653579845816,0.21653062625807926,0
2018-11-21,0.11734884250385565,0.17746721865156564,0
2018-11-23,0.10031247321062134,0.546650203159254,0
2018-11-26,0.07520863144062331,0.2276379778389276,0
2018-11-27,0.10424051117090469,0.11497115065073478,0
2018-11-28,0.11852390922219128,0.077783596442708,0
2018-11-29,0.09279184765324668,0.1279844657592759,0
2018-11-30,0.1053218990140026,0.05215032040577571,0
2018-12-03,0.07952225382663623,0.049900775716336304,1
2018-12-04,0.12475492598007466,0.16089049310504355,0
2018-12-06,0.1508502744926503,0.17634375339437477,1
2018-12-07,0.15581720112809264,0.1945924140508218,0
2018-12-10,0.17380777448696713,0.31125357466263315,0
2018-12-11,0.1549724662671437,0.08992983916920276,0
2018-12-12,0.19308473734111142,0.1240979412001408,0
2018-12-13,0.20911071712966472,0.18931733808206888,1
2018-12-14,0.2345707444536834,0.14952470079920036,1
2018-12-17,0.28649635668257656,0.2556668384269217,0
2018-12-18,0.28186762761622586,0.5704929085961693,1
2018-12-19,0.3274455700663293,0.5151092835958598,1
2018-12-20,0.37055395296088317,0.16421799192457143,1
2018-12-21,0.39720530156705847,0.1410913051079273,1
2018-12-24,0.540140344887794,0.12991908800045532,0
2018-12-26,0.48764885499609145,0.24149944291948344,0
2018-12-27,0.3748771297415633,0.189556784276456,0
2018-12-28,0.3786609669829202,0.23137305469411007,0
2018-12-31,0.3448995810320884,0.3409865504140347,0
2019-01-02,0.4019325117805368,0.2479995257786948,1
2019-01-03,0.3966705282005487,0.17295248521318105,0
2019-01-04,0.3168912357215959,0.3724443789060476,0
2019-01-07,0.26506234852582755,0.13177133957773035,0
2019-01-08,0.19733263780885504,0.06179010185609443,0
2019-01-09,0.13877000796030836,0.07403381459225424,0
2019-01-10,0.12343864780734747,0.09609460501270835,0
2019-01-11,0.09882469547666362,0.6980791612292314,0
2019-01-14,0.11543398316003763,0.2090234366138795,0
2019-01-15,0.1366680180234989,0.3986482409674017,0
2019-01-16,0.13376349795795184,0.15449091831389497,0
2019-01-17,0.10352557291959782,0.1483743891602494,0
2019-01-18,0.07856069909669572,0.28249037977355884,1
2019-01-22,0.10185234754383359,0.10165034619683674,0
2019-01-23,0.11255533787720846,0.1357556346286841,0
2019-01-24,0.1152586589022016,0.12198137477486183,0
2019-01-25,0.07912330601224993,0.1610317243206318,1
2019-01-28,0.11706954238199703,0.0918765875065184,0
2019-01-29,0.13689129244501075,0.07592603960034967,0
2019-01-30,0.11136597467055392,0.13997213427098432,0
2019-01-31,0.0965689088133913,0.08806447142751159,0
2019-02-01,0.0946061468881889,0.08464754598455279,0
2019-02-04,0.09312375301856823,0.06916890175192592,0
2019-02-05,0.09529385996711771,0.08140340941530574,0
2019-02-06,0.09634453056688609,0.052537113555619644,1
2019-02-07,0.10754100685714219,0.10177875801353235,0
2019-02-08,0.0947800120471699,0.06025477977895428,0
2019-02-11,0.10198358255877137,0.10733849639182692,0
2019-02-12,0.09214844133057026,0.075893056770765,0
2019-02-13,0.07837641853045776,0.10051281074385435,0
2019-02-14,0.08467443161841695,0.08813023989931534,0
2019-02-15,0.06857531675475302,0.04725584766675575,0
2019-02-19,0.07268528143424557,0.09216755214246601,0
2019-02-20,0.07422102013680787,0.11437374552138879,0
2019-02-21,0.07585491699469435,0.05126984784502926,0
2019-02-22,0.0771621103035697,0.04090034763517261,0
2019-02-25,0.09316597721376499,0.08757656356778336,0
2019-02-26,0.10627504802521763,0.06432252175005988,0
2019-02-27,0.1016430989251339,0.1882183129514656,0
2019-02-28,0.09177369224168279,0.05642660542270024,0
2019-03-01,0.07119324126942868,0.03883264854302617,0
2019-03-04,0.09965628825303838,0.04564881271919209,0
2019-03-05,0.10406895517535479,0.049944642430305906,0
2019-03-06,0.11438680550555447,0.06593106445505781,0
2019-03-07,0.1287926290242589,0.06168013540371336,0
2019-03-08,0.12336127529528057,0.05820280722593355,0
2019-03-11,0.1123231050043905,0.07227225819968383,0
2019-03-12,0.10930721617872573,0.08195300667609931,0
2019-03-13,0.10661143256342474,0.1838974240890833,0
2019-03-14,0.11600428543000907,0.05766373980102916,0
2019-03-15,0.09776996773459366,0.061135982245390394,0
2019-03-18,0.08689775017171092,0.117999418925118,0
2019-03-19,0.09070341286460583,0.09665307907832243,0
2019-03-20,0.11209437178436739,0.15583052368490188,0
2019-03-21,0.09553350087612282,0.12850522217623356,1
2019-03-22,0.12395340938687752,0.13517641884253062,0
2019-03-25,0.1157068923970583,0.12293446710169288,0
2019-03-26,0.09767335009739805,0.0668795008705502,0
2019-03-27,0.10085099251411042,0.09687220354507943,0
2019-03-28,0.0993238863307229,0.07160295454199449,0
2019-03-29,0.10328100120169484,0.08416118772871367,0
2019-04-01,0.09125110344124458,0.056951069400544306,0
2019-04-02,0.07628427732461875,0.041453587628515656,0
2019-04-03,0.07657866758491817,0.03786433205065877,0
2019-04-04,0.07220165902963775,0.03678283234134081,0
2019-04-05,0.060627920928803924,0.03428294412984754,0
2019-04-08,0.06534571826244172,0.040370698900704494,0
2019-04-09,0.07721032631738721,0.03894319794030026,0
2019-04-10,0.07092086696400254,0.04655291568975786,0
2019-04-11,0.06750596819118508,0.039427937068158454,0
2019-04-12,0.05375831547143014,0.04083439621672067,0
2019-04-15,0.06544601699348632,0.03992175133422872,0
2019-04-16,0.06537008163658452,0.04083439621672067,0
2019-04-17,0.06098478879187664,0.042143001413571135,0
2019-04-18,0.05554561923323092,0.041822875155625765,0
2019-04-22,0.05734626286690721,0.0429124737847734,0
2019-04-23,0.05449523083838055,0.02107487231109577,0
2019-04-24,0.055521865538636896,0.03370243637655503,0
2019-04-25,0.0650046970407252,0.036215363173904405,0
2019-04-26,0.05737623100661524,0.02872712950779554,0
2019-04-29,0.06041285420489995,0.03134472650744549,0
2019-04-30,0.062401550733188524,0.02652085933914049,0
2019-05-01,0.0885449131657599,0.04307106175597565,0
2019-05-02,0.08436156612061693,0.04122757537678986,0
2019-05-03,0.07045092143042041,0.03628416687637706,0
2019-05-06,0.10293934182304645,0.08142395126244949,1
2019-05-07,0.1373910113073352,0.10098123504949921,0
2019-05-08,0.15388572866132244,0.11256219332756688,0
2019-05-09,0.146823438310337,0.14581908590378426,0
2019-05-10,0.10981367278818761,0.10868474719476229,1
2019-05-13,0.1931972888019062,0.13430926594596634,0
2019-05-14,0.2046054893170939,0.13824823225073135,0
2019-05-15,0.17992153176907927,0.2099423140389446,0
2019-05-16,0.14815204293274126,0.06528025523108567,0
2019-05-17,0.1292002537058653,0.1917675677123985,1
2019-05-20,0.16646296870129643,0.05722478476933721,0
2019-05-21,0.11637095877919662,0.05246462995690664,0
2019-05-22,0.11002948014392937,0.03782110982272061,1
2019-05-23,0.11805255382934965,0.05313098763806328,0
2019-05-24,0.11220950855404423,0.07293646116712861,0
2019-05-28,0.13730722694959427,0.10538605289670461,0
2019-05-29,0.13925597570075787,0.10811034334226323,0
2019-05-30,0.12240589531172008,0.10237511243689107,1
2019-05-31,0.15212851869670518,0.10720516767394772,1
2019-06-03,0.12459318325685954,0.10156037910299506,0
2019-06-04,0.1035802942088946,0.0658417931674996,0
2019-06-05,0.08830921649150408,0.05637488802038267,0
2019-06-06,0.08494971858168784,0.06107968988906235,0
2019-06-07,0.0920700841539643,0.08148044408984925,0
2019-06-10,0.09145767865784005,0.042677899883933446,0
2019-06-11,0.09297618879214153,0.0450120166151459,0
2019-06-12,0.08811286578426678,0.05210642265262691,0
2019-06-13,0.07939973612478923,0.04686950394631024,0
2019-06-14,0.083436198341943,0.05190331136048638,0
2019-06-17,0.08908893392147042,0.049991628777081215,0
2019-06-18,0.08180327212614331,0.05799521363293468,0
2019-06-19,0.07597787565853666,0.02969051200086282,0
2019-06-20,0.0747661339164652,0.03512982198153978,0
2019-06-21,0.07011778907890996,0.06889191907025753,0
2019-06-24,0.07979165045973681,0.05866863060742878,1
2019-06-25,0.08746804606621726,0.05330916008043479,0
2019-06-26,0.08501796787399155,0.05372806050960958,0
2019-06-27,0.09016024697639252,0.06677494341501507,0
2019-06-28,0.09107623031309299,0.13669421190708247,0
2019-07-01,0.09365817821357812,0.03805093965611432,0
2019-07-02,0.09167879169751722,0.09236779518596673,0
2019-07-03,0.07698695496485132,0.06016976554733862,0
2019-07-08,0.0795263090199361,0.04971782157949611,0
2019-07-09,0.07555084646429025,0.04461868943291448,0
2019-07-10,0.059478787356516884,0.03396373101860884,0
2019-07-11,0.06380195573565664,0.028144707584908616,0
2019-07-12,0.05834219669379821,0.031905832984933075,0
2019-07-15,0.060600832134694846,0.029191918118835584,0
2019-07-16,0.059623450779227365,0.03807832062868988,0
2019-07-17,0.06772021570207658,0.04976967948759726,0
2019-07-18,0.06288382628642143,0.04212696295825423,0
2019-07-19,0.06929036014691943,0.046126125262964994,0
2019-07-22,0.06797494071076689,0.04461930478496579,0
2019-07-23,0.0519393802475346,0.05351179684778878,0
2019-07-24,0.05334388701292053,0.03254869461087058,0
2019-07-25,0.05912058219250647,0.03246992175647865,0
2019-07-26,0.06098691620257192,0.03328807739622422,0
2019-07-29,0.07016899290373385,0.055607289191700306,0
2019-07-30,0.0700218198029902,0.09343640174024337,1
2019-07-31,0.08368601774004832,0.05709551092371715,0
2019-08-01,0.105516131236845,0.09411479721976729,1
2019-08-02,0.11565237161229536,0.0993855577874038,1
2019-08-05,0.16989739691178568,0.14887958671090698,0
2019-08-06,0.15212786549460558,0.08781347249969892,0
2019-08-07,0.14111170739641482,0.05291782804489664,0
2019-08-08,0.12488101123082268,0.09216177797536035,0
2019-08-09,0.13392829080286156,0.23617177909720502,0
2019-08-12,0.23444435309904896,0.3036425073522957,0
2019-08-13,0.14624999785816806,0.27637902163229505,1
2019-08-14,0.189302817252838,0.18969108388747238,0
2019-08-15,0.16165026671149246,0.12380302664726028,0
2019-08-16,0.13500862756148324,0.22804994632266765,0
2019-08-19,0.1458059906995016,0.22543275308456556,0
2019-08-20,0.12947202264198762,0.5279122004356861,0
2019-08-21,0.1460519718686428,0.17789038225287795,0
2019-08-22,0.13935722628107547,0.14869308551782434,1
2019-08-23,0.15389934396899754,0.15854337287063416,0
2019-08-26,0.14357257756506603,0.13751534724244774,0
2019-08-27,0.15747705396683098,0.11350405669968892,0
2019-08-28,0.1284792188311982,0.11344515192367743,0
2019-08-29,0.11378217151969797,0.1366394007358091,0
2019-08-30,0.129650032526678,0.13994423992376612,0
2019-09-03,0.14815786823360125,0.16710210398496436,0
2019-09-04,0.1215287342132414,0.3634804873545418,0
2019-09-05,0.09905074438144566,0.11065801456589004,0
2019-09-06,0.08091430674280349,0.09278702686807298,0
2019-09-09,0.0810845427937831,0.04002994870299904,0
2019-09-10,0.07440435559066294,0.03590989792141528,0
2019-09-11,0.05267995093211767,0.03600946415480427,0
2019-09-12,0.051532892078320895,0.044219950657526354,0
2019-09-13,0.03588931448512936,0.0753177806184095,0
2019-09-16,0.03952375881698555,0.09606606712806535,0
2019-09-17,0.03783724030893087,0.04852679869625837,0
2019-09-18,0.039677682654910236,0.041161098461752456,0
2019-09-19,0.04311560475715807,0.05376171537552608,0
2019-09-20,0.04501163237550643,0.05911594820506834,0
2019-09-23,0.040098571906322864,0.0405183998568373,1
2019-09-24,0.05260489203080179,0.1004654411700851,0
2019-09-25,0.041231821235218465,0.03864155974986297,0
2019-09-26,0.044780486099013285,0.03455335612009946,0
2019-09-27,0.05528678862067182,0.09676271707639202,0
2019-09-30,0.05064175908333554,0.03722249471745799,0
2019-10-01,0.0787970118459027,0.06888454327697724,1
2019-10-02,0.09290232429385503,0.026399030604751968,0
2019-10-03,0.08797526221426755,0.06312422433321978,0
2019-10-04,0.08437659494105296,0.06096839386058815,0
2019-10-07,0.10422913138200891,0.11957561522673163,1
2019-10-08,0.16566363388032063,0.26129838209046824,0
2019-10-09,0.15158199800111896,0.24556151932929285,0
2019-10-10,0.12142516739697796,0.3804975445480322,0
2019-10-11,0.08998183734850049,0.07991302047024063,0
2019-10-14,0.09365290657605832,0.0706245293924751,0
2019-10-15,0.08542058115790511,0.06847990995079031,0
2019-10-16,0.07942575344711122,0.06047687999981619,0
2019-10-17,0.06956813126510543,0.0539297229685448,0
2019-10-18,0.06443687430039546,0.0418517515556337,0
2019-10-21,0.05402282194572975,0.045968007034161915,0
2019-10-22,0.054987932073234415,0.042812260650442524,0
2019-10-23,0.05318104269055503,0.035931860330415726,0
2019-10-24,0.054728405335730666,0.03947478358525421,0
2019-10-25,0.04998246477275774,0.02534875252317854,0
2019-10-28,0.05380054230016591,0.04115350929389894,0
2019-10-29,0.04844844683022635,0.05988028467595147,0
2019-10-30,0.044229025791170704,0.018059650197760433,0
2019-10-31,0.051062742852827164,0.038860307344063795,0
2019-11-01,0.03732632398738212,0.02278314144074637,0
2019-11-04,0.0405627079638983,0.02245003260279405,0
2019-11-05,0.03793810890811283,0.028653006568240713,0
2019-11-06,0.03309769357090376,0.019369111439855737,0
2019-11-07,0.03578047152271984,0.018894367821666192,0
2019-11-08,0.033928789658553955,0.019449019285177147,0
2019-11-11,0.044377403347504396,0.030204225320446053,0
2019-11-12,0.04310501277360945,0.03144375589813932,0
2019-11-13,0.0464319438195389,0.030589956067343754,0
2019-11-14,0.04868633474311995,0.03068114403191535,0
2019-11-15,0.04245940775421327,0.02060790535937926,0
2019-11-18,0.04874128076518085,0.03700506245779301,0
2019-11-19,0.05528704277505711,0.055803881416949974,0
2019-11-20,0.05491008116954459,0.07143022333523164,0
2019-11-21,0.060135402244066605,0.11694398865674056,0
2019-11-22,0.05058463152182678,0.05085298924099523,0
2019-11-25,0.044419111154404944,0.02344145293396205,0
2019-11-26,0.04647622994060655,0.026486217241825066,0
2019-11-27,0.041439556955869705,0.015720483263619436,0
2019-11-29,0.04672244526933047,0.02415164059302107,0
2019-12-02,0.060765265212949886,0.029061148322036632,0
2019-12-03,0.0716558747785963,0.06887539808433135,0
2019-12-04,0.06278936805646326,0.10385381371065121,0
2019-12-05,0.06225526174941672,0.03765281200093549,0
2019-12-06,0.0534184218721407,0.03370965848181571,0
2019-12-09,0.07812456408671709,0.05468201620178878,0
2019-12-10,0.0835371349562049,0.03848569415704204,0
2019-12-11,0.0719144890482675,0.04371704729377095,0
2019-12-12,0.059089612842711824,0.019820926247886846,0
2019-12-13,0.055866389821499655,0.02289655199877714,0
2019-12-16,0.06264069294537004,0.02055870759647514,0
2019-12-17,0.061690433652524086,0.015899034787000263,0
2019-12-18,0.05930546619963162,0.022366696757996542,0
2019-12-19,0.053771641222004514,0.029960976089861202,0
2019-12-20,0.04191507280498132,0.021276561188807684,0
2019-12-23,0.04246188202683696,0.01613531496725759,0
2019-12-24,0.04307652224222806,0.018148296793242334,0
2019-12-26,0.04448836671105458,0.020857574602965587,0
2019-12-27,0.05226239135912454,0.02662258643207814,0
2019-12-30,0.062015961878326635,0.029024557730934954,0
2019-12-31,0.05936868302296488,0.03126409756981755,0
2020-01-02,0.0527887742857712,0.024539559294746136,0
2020-01-03,0.06978588049291577,0.0402447012074865,0
2020-01-06,0.07436401848722766,0.05286537057188393,0
2020-01-07,0.08196851251968584,0.048211998207247087,0
2020-01-08,0.07663555809467106,0.05214843561841774,0
2020-01-09,0.06540797005879787,0.040713219992041395,0
2020-01-10,0.07591760065936722,0.052752464918672436,0
2020-01-13,0.07611262644127115,0.059080684497077235,0
2020-01-14,0.06712484675649782,0.11672058269191972,0
2020-01-15,0.06793681147947679,0.0246356826146882,0
2020-01-16,0.0592994875958424,0.022336982718028333,0
2020-01-17,0.05665803284739357,0.03560611468429852,0
2020-01-21,0.06493671285832216,0.05582227049686071,0
2020-01-22,0.06773107307607266,0.060915431251587826,0
2020-01-23,0.06443346820737969,0.04519397403209562,0
2020-01-24,0.08692931269875849,0.09744156206745956,1
2020-01-27,0.11815276592123333,0.13129376188563757,0
2020-01-28,0.10251718738310629,0.18492131612136675,0
2020-01-29,0.1173676562184848,0.18468315955875445,0
2020-01-30,0.10606907680139988,0.12662510244893022,1
2020-01-31,0.1388814906079438,0.20482003462610351,0
2020-02-03,0.1756505046624229,0.16914935425052285,0
2020-02-04,0.13134970094185106,0.18249387911838688,0
2020-02-05,0.11283334826818861,0.1528381555440436,0
2020-02-06,0.10993962555503371,0.17078846761747343,0
2020-02-07,0.13339526706049643,0.2768353954001907,0
2020-02-10,0.11960335861580622,0.23949466808346037,0
2020-02-11,0.10613200441165015,0.1761525328794367,0
2020-02-12,0.09593784477051356,0.044366736625621586,0
2020-02-13,0.09822756809171233,0.05683914639165054,0
2020-02-14,0.09542753324446365,0.043478080209234785,0
2020-02-18,0.10191738430520111,0.22541700390511163,0
2020-02-19,0.09382121812423282,0.05822398847427822,0
2020-02-20,0.08660789354297546,0.1909512435294922,1
2020-02-21,0.10165439479412622,0.18028160826376527,1
2020-02-24,0.15375982491945595,0.10751626659716472,1
2020-02-25,0.2231018453784292,0.18340345885183743,0
2020-02-26,0.2430599418323532,0.2835764876714109,1
2020-02-27,0.29457872021736947,0.0755850510856746,0
2020-02-28,0.33516478697582175,0.20125413552027244,0
2020-03-02,0.36231181678724916,0.1404078296498624,1
2020-03-03,0.38213502210602346,0.07438520596120425,0
2020-03-04,0.3103644135460014,0.22389480089702712,1
2020-03-05,0.5553792125761441,0.1913056939344525,1
2020-03-06,0.44421308925439995,0.1257982122233349,1
2020-03-09,0.3710392195554876,0.04600912778371817,0
2020-03-10,0.4225055422750646,0.057835594974752706,1
2020-03-11,0.41433470169730036,0.17771346571342378,1
2020-03-12,0.4532930315690018,0.08259614706998074,0
2020-03-13,0.5828374154115413,0.235199459769762,1
2020-03-16,0.6005016493992973,0.10286881677686506,0
2020-03-17,0.4618826364174919,0.2106050167682268,1
2020-03-18,0.48826181193225915,0.1105945258901537,0
2020-03-19,0.8547690133925787,0.4256701258345527,1
2020-03-20,0.803176785550714,0.39517772423739655,0
2020-03-23,0.9887728593494685,0.4428106244642911,0
2020-03-24,0.9823441461980568,0.4829793865440658,0
2020-03-25,0.9588058163212237,0.4527655067013709,0
2020-03-26,0.9349416624256476,0.5392226181317845,1
2020-03-27,0.7314254159214493,0.38552220612988713,0
2020-03-30,0.48160359655824725,0.41564495620602565,0
2020-03-31,0.8423645675424736,0.7797367438869144,1
2020-04-01,0.9119320965726475,0.28670784492203016,0
2020-04-02,0.9488930166198023,0.4020549902678628,1
2020-04-03,0.9691012564931659,0.4410687709512401,0
2020-04-06,0.88945493666971,0.4364748024341932,0
2020-04-07,0.3328819455499608,0.28263679383737705,0
2020-04-08,0.30959819318506365,0.24686720636204507,0
2020-04-09,0.30395861794128465,0.4733943593043822,0
2020-04-13,0.21964119586167047,0.3570343832060302,0
2020-04-14,0.39022520927864096,0.5255092469484751,0
2020-04-15,0.46690221328785325,0.46802725790125715,0
2020-04-16,0.45702204887994885,0.5219574986104719,0
2020-04-17,0.4105251075326105,0.7919119903514784,0
2020-04-20,0.42704453666073555,0.7999216692763232,1
2020-04-21,0.33673177363659207,0.5207118914418791,0
2020-04-22,0.3817449762575564,0.7387073226593708,0
2020-04-23,0.41228326180077474,0.38171876784691533,0
2020-04-24,0.23635412278970316,0.3236950768341685,0
2020-04-27,0.26351677673109203,0.5606420522597346,1
2020-04-28,0.16607923312439946,0.47912191073363103,0
2020-04-29,0.1177307957363938,0.6828917917441863,0
2020-04-30,0.20241580096638567,0.570730757478776,1
2020-05-01,0.15272299228324268,0.19209083306919653,0
2020-05-04,0.16038621094363098,0.23217596020907258,0
2020-05-05,0.16406099280891578,0.2009805398808717,0
2020-05-06,0.24605327041086172,0.2640035672821086,0
2020-05-07,0.21786668416851576,0.31216720387706903,0
2020-05-08,0.1444269856738399,0.34958886858997795,0
2020-05-11,0.17010468744364907,0.20449503182934972,1
2020-05-12,0.19111583025787288,0.3424532619604189,0
2020-05-13,0.2083685672440548,0.24353393301054146,0
2020-05-14,0.1340349099145002,0.17015718566436924,0
2020-05-15,0.13510175652578693,0.40052739236287155,0
2020-05-18,0.08917772724383258,0.1601921307065347,0
2020-05-19,0.15345858198300982,0.20384407418495384,0
2020-05-20,0.13007474371344396,0.11790260126402273,0
2020-05-21,0.11887247305070804,0.18133678536000597,0
2020-05-22,0.11990813109774744,0.14509505630970596,0
2020-05-26,0.10569642325875628,0.27324049149008633,0
2020-05-27,0.1291478377514071,0.24295682099499058,0
2020-05-28,0.14287701840763398,0.3577610338281589,0
2020-05-29,0.12434281832503691,0.26904503778405886,0
2020-06-01,0.0924135620611788,0.33310468591639303,0
2020-06-02,0.08139716086979251,0.3159034876821811,0
2020-06-03,0.049103569779416587,0.22527374453672705,0
2020-06-04,0.03793356619700805,0.26056542526786164,0
2020-06-05,0.02991911342884461,0.18976684216091852,0
2020-06-08,0.030414193042477396,0.33110127668212785,0
2020-06-09,0.0335509178953115,0.318844469226077,0
2020-06-10,0.04769336712628348,0.23859620450091715,1
2020-06-12,0.03774300698936732,0.16207690097577332,0
2020-06-15,0.04021913150369483,0.1572051096157546,0
2020-06-16,0.05841242934971774,0.34985217086605463,0
2020-06-17,0.0630800986014554,0.27065827734539094,0
2020-06-18,0.1205054977275233,0.6145054995086658,0
2020-06-19,0.11832612195507501,0.14181743517482412,0
2020-06-22,0.11751458496022349,0.19321163773174632,0
2020-06-23,0.18936842547082566,0.19038421907165076,1
2020-06-24,0.2442727691604489,0.4012844860420186,0
2020-06-25,0.20259767420365743,0.4027590981740752,1
2020-06-26,0.19767914833298053,0.25889731163462826,0
2020-06-29,0.14052381328352687,0.36803835547107877,0
2020-06-30,0.14541797113426622,0.44405715744616975,0
2020-07-01,0.19077771790211012,0.7111685815827277,0
2020-07-02,0.20977231933975243,0.6144028040768101,0
2020-07-06,0.22137342930991097,0.42969120789842685,0
2020-07-07,0.25599125279328044,0.3302595497769715,0
2020-07-08,0.20594319405944028,0.46248376989135553,0
2020-07-09,0.17218019401598708,0.4007656192957514,0
2020-07-10,0.12469309313666235,0.40650770840504424,1
2020-07-13,0.18325323645106364,0.3085139663269885,0
2020-07-14,0.1792141007275524,0.4473089877346567,0
2020-07-15,0.11502933863958861,0.6345027484773185,0
2020-07-16,0.11703145636964976,0.40215617896008504,0
2020-07-17,0.08613807460869437,0.12499653327222343,0
2020-07-20,0.13762410249397847,0.5006901905763597,0
2020-07-21,0.10054743798678431,0.08392634545904033,0
2020-07-22,0.0789573109395766,0.07056944548264156,1
2020-07-23,0.06872510366439744,0.07553632063070831,0
2020-07-24,0.05803451509501659,0.13109679435298505,0
2020-07-27,0.05727119997639055,0.0627019624838108,1
2020-07-28,0.08014661527210498,0.05177719467076673,0
2020-07-29,0.060259661909037664,0.0623155813348663,0
2020-07-30,0.0673137018981569,0.05446535042517437,0
2020-07-31,0.06785005497529621,0.1005397537155891,0
2020-08-03,0.05812382443862802,0.10472443764267683,0
2020-08-04,0.05509024573659216,0.12078313693438163,0
2020-08-05,0.0437082005540932,0.07947086155534555,0
2020-08-06,0.0423381710103715,0.09736493149879077,0
2020-08-07,0.03563621755064755,0.10370407407832624,0
2020-08-10,0.03598795872420737,0.08444165474757091,1
2020-08-11,0.03759051187622937,0.05752612279181552,0
2020-08-12,0.04245566935933813,0.28317085340055426,0
2020-08-13,0.044657890568055886,0.12810748437823377,0
2020-08-14,0.03850651600101158,0.17539032234993931,0
2020-08-17,0.032326403734691624,0.033191839031355794,0
2020-08-18,0.05012919066376001,0.10837598639166593,0
2020-08-19,0.05082444246481936,0.23005701359245304,0
2020-08-20,0.07094790519889214,0.5754266946743662,0
2020-08-21,0.07180597226049865,0.8483838029584775,0
2020-08-24,0.0549809887103668,0.8042575379995354,0
2020-08-25,0.058743011223181686,0.8439304089502928,0
2020-08-26,0.08434189553749394,0.7958539422229998,0
2020-08-27,0.07559098249944969,0.4597783726906746,0
2020-08-28,0.04917304918124145,0.8996105521501165,0
2020-08-31,0.06433108159073773,0.5490164777999552,0
2020-09-01,0.061107664621060966,0.9725693634436514,0
2020-09-02,0.06243198632112452,0.9905991136543327,1
2020-09-03,0.06027089251226391,0.10290450060007712,0
2020-09-04,0.06649794105882001,0.17858191682087995,1
2020-09-08,0.11410268882858235,0.06409654684338525,0
2020-09-09,0.13693310692243874,0.6028810591612082,1
2020-09-10,0.13246687369991075,0.7873718124810719,0
2020-09-11,0.15636810891093803,0.29685040871902474,0
2020-09-14,0.10880035093185489,0.34047573726686176,0
2020-09-15,0.09862491447468165,0.3485817520134255,1
2020-09-16,0.06654553084090789,0.2676785680851193,1
2020-09-17,0.06736879396978696,0.28085324261660494,0
2020-09-18,0.04649301701104546,0.4913515693574809,0
2020-09-21,0.06196499492415576,0.2392043395261125,0
2020-09-22,0.060286550511726655,0.2923664151028201,1
2020-09-23,0.05898532086183464,0.27329197953538403,0
2020-09-24,0.05083798131704745,0.22388055292152795,0
2020-09-25,0.03835174911266688,0.3196782755059353,0
2020-09-28,0.03863967381559525,0.32858775691681047,0
2020-09-29,0.06597427655345132,0.1319003441316105,0
2020-09-30,0.05771424222388366,0.17830694074430278,0
2020-10-01,0.06433587858419543,0.13838049381529444,1
2020-10-02,0.06578754088705278,0.19443094821774043,0
2020-10-05,0.09879642298043281,0.3175616931160292,1
2020-10-06,0.11503805736560566,0.12840548650646444,0
2020-10-07,0.09952352777043556,0.13635331670333675,0
2020-10-08,0.09334261474823986,0.06601777900479945,0
2020-10-09,0.10648421291687911,0.07095151515850297,0
2020-10-12,0.14191427919222527,0.08436986346785232,0
2020-10-13,0.1657654858311817,0.2489788696614679,0
2020-10-14,0.1967348285994161,0.1500517108914017,0
2020-10-15,0.1786294887353925,0.17207603348527642,0
2020-10-16,0.16763697170458144,0.162222759950619,1
2020-10-19,0.1685040546496485,0.06892711821109192,0
2020-10-20,0.17550030343740866,0.057074612163739165,0
2020-10-21,0.18689346054396486,0.07756751551849092,0
2020-10-22,0.17245969497495875,0.10093164078179384,0
2020-10-23,0.16364841435368696,0.06207576454645575,1
2020-10-26,0.23361759722502445,0.04211594486105446,0
2020-10-27,0.2686336816708021,0.07656763918951945,1
2020-10-28,0.2537977350102726,0.34581337778906035,0
2020-10-29,0.22755487281656994,0.06197741496589968,1
2020-10-30,0.24298580223541721,0.06342616555756071,0
2020-11-02,0.2817327897418046,0.2915673948169598,0
2020-11-03,0.29724270937991076,0.39334238557323353,0
2020-11-04,0.37954639577601185,0.10025908439305584,0
2020-11-05,0.3065234104964114,0.16855636236708443,0
2020-11-06,0.25159550864730895,0.3269025974108027,1
2020-11-09,0.19661310213024416,0.17977420546534156,1
2020-11-10,0.15553147421093416,0.1471931639467369,0
2020-11-11,0.1158448265006061,0.15508582862622858,0
2020-11-12,0.13686099748321107,0.1440251574438319,0
2020-11-13,0.0804942644684526,0.22816373644270838,0
2020-11-16,0.07616291243789648,0.1900067481664665,0
2020-11-17,0.07364609393027076,0.1688578984568256,0
2020-11-18,0.07189077204926043,0.12102450318351485,0
2020-11-19,0.08308852289829625,0.08271484235062493,0
2020-11-20,0.08267759686224406,0.2711138944879022,0
2020-11-23,0.06324305049763071,0.279878594780188,0
2020-11-24,0.0433104546510431,0.3832448060669594,0
2020-11-25,0.05418078987554487,0.27039632901259203,0
2020-11-27,0.053441588171258166,0.15364241716021543,0
2020-11-30,0.06507762184140084,0.11923106809464881,0
2020-12-01,0.0710210094890621,0.08517747292670264,0
2020-12-02,0.07767494154082208,0.03604931921861888,0
2020-12-03,0.05056023139542443,0.10560390950756342,0
2020-12-04,0.041815953749910394,0.04621860053944155,0
2020-12-07,0.042947173218662184,0.05874189959374486,0
2020-12-08,0.0705214710223416,0.03858532271092614,1
2020-12-09,0.0916780008718322,0.046548294771335375,0
2020-12-10,0.07886308783222393,0.04863447370286698,0
2020-12-11,0.07646006273568366,0.05209552112506533,0
2020-12-14,0.09801340218368522,0.12565060901474842,0
2020-12-15,0.0865070422431893,0.039211381381837614,0
2020-12-16,0.10402943912336814,0.029413376797995463,0
2020-12-17,0.09729197520187655,0.03850632481494802,0
2020-12-18,0.09643679985275197,0.04974936583606554,0
2020-12-21,0.141308637661116,0.0672857417585248,0
2020-12-22,0.13872457649309392,0.053656728712734865,0
2020-12-23,0.14004656379089914,0.07486486713250043,0
2020-12-24,0.11067873399878209,0.06061456226466576,0
2020-12-28,0.11200436452003595,0.028128529554810724,0
2020-12-29,0.15136270058780005,0.03287221834640747,0
2020-12-30,0.14184447103039172,0.02694574300730079,0
2020-12-31,0.13415112575538407,0.026427274682931427,1
2021-01-04,0.15448485501129028,0.11091969790774375,0
2021-01-05,0.15492932382122754,0.07362828902442407,1
2021-01-06,0.13671675925208956,0.07164753296370792,0
2021-01-07,0.10836730791228712,0.039538376482302615,0
2021-01-08,0.10534224911849877,0.03414169317672319,1
2021-01-11,0.15586036743232642,0.04888359152863378,0
2021-01-12,0.11778773507114797,0.036329115951502414,0
2021-01-13,0.10962463191658307,0.039547301443516966,0
2021-01-14,0.09614495186028639,0.09023896429077424,0
2021-01-15,0.0958845282477652,0.1047175690794741,0
2021-01-19,0.10425951671957491,0.03714286541205401,0
2021-01-20,0.08731823544229805,0.03130742297018796,0
2021-01-21,0.07609973145789695,0.05244442485598519,0
2021-01-25,0.11198313639126405,0.028573645323273195,0
2021-01-26,0.10599081566187815,0.050133740654587054,1
2021-01-27,0.18688404503805753,0.3443105632654435,0
2021-01-28,0.12569233500681146,0.11324903016632085,1
2021-01-29,0.14253073453540593,0.10803560794202405,0
2021-02-01,0.13509687540240453,0.08656126656838076,0
2021-02-02,0.0962988523810279,0.07431855078531621,0
2021-02-03,0.21265691352105365,0.15345449402355535,0
2021-02-04,0.14888038420901262,0.09107041914665011,0
2021-02-05,0.13506044222166524,0.13993148958397397,0
2021-02-08,0.10941534406752634,0.08011378798687127,0
2021-02-09,0.08680273796609818,0.051756133508788604,0
2021-02-10,0.07277429110729938,0.028663537071147074,0
2021-02-11,0.05870134877041942,0.029405982139655843,0
2021-02-12,0.050992091930593064,0.036061370467756995,0
2021-02-16,0.05710940914910932,0.17399699057455265,0
2021-02-18,0.06009131858462173,0.034946803636638955,0
2021-02-19,0.049751751876145826,0.11619866296712515,1
2021-02-22,0.04668020417834801,0.07801222074237249,0
2021-02-23,0.05351506410424321,0.08921368057619762,0
2021-02-24,0.04043622948971603,0.06096050254074437,1
2021-02-25,0.0774866199599102,0.13008428406269096,0
2021-02-26,0.07423086034004171,0.16511440074430317,0
2021-03-01,0.057933755611366065,0.042410511997327795,1
2021-03-02,0.061990839390865554,0.06332038358042384,1
2021-03-03,0.05949633037898495,0.13364687161505215,1
2021-03-04,0.11411063393654068,0.1815776944199891,0
2021-03-05,0.06797824279953371,0.08712728596087192,1
2021-03-08,0.05049927861023046,0.10577038931032255,0
2021-03-09,0.05507974889527063,0.09881439480856079,0
2021-03-10,0.05144558779627065,0.05754635612595736,0
2021-03-11,0.05684004681982924,0.15823807722530328,0
2021-03-12,0.030650724081125447,0.04675959330678228,0
2021-03-15,0.030867733032934348,0.06234805230544012,0
2021-03-16,0.03249918164088664,0.10933585240226815,0
2021-03-17,0.030147944600675942,0.05677357814564741,1
2021-03-18,0.0349407418896028,0.09793298328123104,0
2021-03-19,0.033677278463440555,0.05748574602670289,0
2021-03-22,0.04049772754356574,0.1010511621050784,0
2021-03-23,0.053655031124150765,0.07604202612582348,1
2021-03-24,0.05856333336652788,0.09858128597943941,0
2021-03-25,0.08320532297803784,0.14636903396677023,0
2021-03-26,0.07665226752508475,0.05983043803510805,0
2021-03-29,0.08679305332634712,0.09934707781545972,0
2021-03-30,0.0887767736689839,0.10967088808796406,0
2021-03-31,0.09548027438489909,0.08733356396863323,0
2021-04-01,0.06746953531063349,0.05925001329645259,0
2021-04-05,0.07958948050678546,0.08342265389178649,0
2021-04-06,0.10131648390848565,0.06947089927400993,0
2021-04-07,0.07598178303658792,0.07782225351041504,0
2021-04-08,0.07511196553198617,0.06408087786755692,0
2021-04-09,0.05713596113535714,0.03627470599154769,0
2021-04-12,0.06828809845216825,0.03802849142179496,0
2021-04-13,0.06719859280843068,0.03152939813393075,1
2021-04-14,0.06066945554432711,0.052601185633462166,0
2021-04-15,0.05737244848758167,0.03906726922869778,0
2021-04-16,0.05593892319215581,0.036422054581540624,0
2021-04-19,0.06282070744943256,0.07636903681188634,0
2021-04-20,0.06946653334075807,0.09023897414982275,0
2021-04-21,0.059121954589279054,0.08149072754415172,0
2021-04-22,0.06769787422357658,0.05541230222745139,0
2021-04-23,0.05965579213083346,0.0674746436883236,0
2021-04-26,0.06911379835597178,0.08402213848725266,0
2021-04-27,0.07630753020501334,0.08007522018746593,0
2021-04-28,0.0722903674281303,0.08306560421379591,0
2021-04-29,0.07605084083181785,0.08007522018746593,0
2021-04-30,0.0778520723505581,0.11878964447299617,0
2021-05-03,0.07818103829632778,0.11663146502745815,1
2021-05-04,0.0841822669508041,0.1265591256715382,0
2021-05-06,0.07587819106552461,0.12659893366515226,0
2021-05-07,0.06231000712464632,0.045797199599339505,1
2021-05-10,0.08957907824265818,0.15882576613500132,0
2021-05-12,0.1444836700781777,0.09848782628795537,0
2021-05-13,0.10187603989031635,0.10730085168881266,0
2021-05-14,0.06388469102827947,0.12571773781985884,0
2021-05-17,0.077185209275067,0.12879514979267084,0
2021-05-18,0.10285584921001564,0.15074485530886947,0
2021-05-19,0.1412009317444217,0.12788297669785254,0
2021-05-21,0.07833846741890288,0.09485526407354893,0
2021-05-24,0.07203321379987819,0.1474447573497826,0
2021-05-26,0.08039166921907138,0.13911410189618803,0
2021-05-27,0.07834283768911578,0.11119993147414782,0
2021-05-28,0.07256854641608715,0.10426176321346488,0
2021-06-01,0.07271694445686558,0.5359310366301585,0
2021-06-02,0.06721207961931083,0.11482443880375126,0
2021-06-03,0.06428240911169701,0.10357821685449563,0
2021-06-04,0.053144255063270224,0.03612147608444749,0
2021-06-07,0.05589547418169315,0.043151994513252766,0
2021-06-08,0.07051092238488633,0.06741694894567782,0
2021-06-09,0.07589105457234314,0.06435488770155727,0
2021-06-10,0.0658832195354965,0.027766845208682844,0
2021-06-11,0.06145708820667302,0.09715743736813702,0
2021-06-14,0.06755372068327123,0.12092824828627674,0
2021-06-15,0.07713590550220134,0.37176493501904995,0
2021-06-16,0.09672270882648701,0.16518091293026474,0
2021-06-17,0.0870380351057168,0.21890918232407458,0
2021-06-18,0.10832528788118223,0.15371963922390958,0
2021-06-21,0.08265210403280654,0.13974633155641228,0
2021-06-22,0.07986633495742035,0.14491435402441805,0
2021-06-23,0.0864845130930717,0.1655691865651957,0
2021-06-24,0.08404307356922826,0.12719239190050202,0
2021-06-25,0.08484587003812069,0.040878839155857744,0
2021-06-28,0.07868070867076132,0.2088785414147841,0
2021-06-29,0.07127276573955851,0.19426117968094506,0
2021-06-30,0.06397463860296722,0.193175618402473,0
2021-07-01,0.057651146889874445,0.20292827323845056,0
2021-07-02,0.05208940347892724,0.17804184297564166,0
2021-07-06,0.06365147120184438,0.24654003982387174,0
2021-07-07,0.0572772441589807,0.23144699232791374,0
2021-07-08,0.081189763365057,0.09396906581977382,0
2021-07-09,0.05144442684089454,0.16512706150154347,0
2021-07-12,0.050330791193075174,0.16512706150154347,0
2021-07-13,0.06210013173738138,0.20967364278512066,0
2021-07-14,0.05837489381726014,0.19284693016207402,0
2021-07-15,0.0748257097207345,0.182320108923945,0
2021-07-16,0.06987187277100669,0.09893049373058949,0
2021-07-19,0.0911562217924039,0.08641538315304174,0
2021-07-20,0.07220949925144929,0.09598517587551884,0
2021-07-21,0.058707333308738764,0.12162467666828691,0
2021-07-22,0.05986500303223013,0.07038790446581136,0
2021-07-23,0.05709661732958616,0.12757150883055418,0
2021-07-26,0.07775911900609704,0.09331005112036615,0
2021-07-27,0.07615054954063472,0.08523315655408328,0
2021-07-28,0.06354703184611317,0.08260533121562721,0
2021-07-29,0.05940625270515314,0.09671413253974043,0
2021-07-30,0.06406827330893232,0.1207377979808509,0
2021-08-02,0.07098058626934114,0.10273064930118035,0
2021-08-03,0.06449785703795423,0.13560161591718697,0
2021-08-04,0.06096897487801952,0.11210311835445166,0
2021-08-05,0.056161810051058476,0.06852890192130913,0
2021-08-06,0.04872697142036911,0.03986722394673556,0
2021-08-09,0.0564818222477818,0.05952607796123168,0
2021-08-10,0.05155129657194058,0.056251560173557646,0
2021-08-11,0.04464033064268475,0.151291352661134,0
2021-08-12,0.04298152539750997,0.10143995719363716,0
2021-08-13,0.03846138223756948,0.10369560394954287,0
2021-08-16,0.04433437185938924,0.0867346876056244,0
2021-08-17,0.06086835103668493,0.06724293120096825,0
2021-08-18,0.09325568443972038,0.07120752392041255,0
2021-08-19,0.08388793110802677,0.05949840033910983,0
2021-08-20,0.0569608323392024,0.20128110205857455,0
2021-08-23,0.05470261345475155,0.13106492741719597,0
2021-08-24,0.061876240623375045,0.14442673460204006,0
2021-08-25,0.07460670776709676,0.09973965376850971,0
2021-08-26,0.10343129320358187,0.16797298722126996,0
2021-08-27,0.059323592149635444,0.09553088238886405,0
2021-08-30,0.05594323684130438,0.04121549894532956,0
2021-08-31,0.06184939647965777,0.04195961407395992,0
2021-09-01,0.05886064235772792,0.09346685846952858,0
2021-09-02,0.07168990436025685,0.09553479297565096,0
2021-09-03,0.06141180174017217,0.034420829761408166,0
2021-09-07,0.07378907694564255,0.10236302724753661,0
2021-09-08,0.07243817256839412,0.08950101822502318,0
2021-09-09,0.08265660944688298,0.06907685533332052,0
2021-09-10,0.10537320186873927,0.08093247916832448,0
2021-09-13,0.08620058831762548,0.06803340272884571,0
2021-09-14,0.09770150811784493,0.0669440751122082,0
2021-09-15,0.08000340997969427,0.07195490686619214,0
2021-09-16,0.09614668210832811,0.073490986869684,0
2021-09-17,0.13063398028606615,0.05320282063850672,1
2021-09-20,0.15993737472640598,0.13996762614269342,0
2021-09-21,0.1398251426454882,0.0715587656559701,0
2021-09-22,0.10367452422853049,0.05499058517031872,0
2021-09-23,0.0866409081861364,0.05322173785777179,0
2021-09-24,0.08816878310217155,0.0649363660292766,0
2021-09-27,0.13060363673335987,0.07386774191748728,1
2021-09-28,0.17655004545620837,0.12112449343720022,0
2021-09-29,0.13498924334450502,0.10165180904719845,0
2021-09-30,0.13901225726997327,0.1338333219183449,0
2021-10-01,0.10120879320604964,0.09094415743566042,1
2021-10-04,0.12422583319092986,0.09767773997612625,0
2021-10-05,0.129851077769963,0.23275738208824917,0
2021-10-06,0.12473297433698004,0.10889450817782144,0
2021-10-07,0.09858438610944824,0.08882180875624096,0
2021-10-08,0.07817619269449412,0.08316204258211116,0
2021-10-11,0.10222382501853695,0.10149334793400534,0
2021-10-12,0.09026002997106725,0.08548720109428197,0
2021-10-13,0.0796181169490694,0.08929230948241829,0
2021-10-14,0.05488484683008317,0.06366398656351652,0
2021-10-15,0.04192896666430838,0.04441683794578271,0
2021-10-18,0.0446632134194836,0.051601865504746616,0
2021-10-19,0.040837487455896625,0.04419475520530953,0
2021-10-20,0.03636334805936821,0.03461063807327879,0
2021-10-21,0.03184447773034621,0.04145392199839455,0
2021-10-22,0.030843300312076813,0.03944168014183433,0
2021-10-25,0.03450849086454964,0.03330404262774561,0
2021-10-26,0.03923545041593216,0.04235245045343014,0
2021-10-27,0.045816231587622255,0.05658697672769944,0
2021-10-28,0.039864691359764656,0.04553952246142401,0
2021-10-29,0.03848356773597043,0.03233227238295441,0
2021-11-01,0.040197896405433066,0.041127318116936644,0
2021-11-02,0.044030784176946176,0.034024471106424696,0
2021-11-03,0.03876216566574785,0.035303059295924435,0
2021-11-04,0.04320609781232253,0.031284078094840885,0
2021-11-05,0.04606089345621909,0.02860103410358602,0
2021-11-08,0.05028295676908371,0.05783198952745581,0
2021-11-09,0.054238959360097316,0.06440460205790223,1
2021-11-10,0.053620070693692165,0.08298591567458097,0
2021-11-11,0.04834282701268027,0.10836816623828631,0
2021-11-12,0.04355693809832608,0.053471068457007664,0
2021-11-15,0.04633593557841098,0.10500539254554735,0
2021-11-16,0.04650027931353676,0.02876799030231909,0
2021-11-17,0.05127198914991471,0.10250478332030898,0
2021-11-18,0.05241525206235678,0.0750987955288469,0
2021-11-19,0.05391652457217625,0.04116547965024674,0
2021-11-22,0.06003929315312629,0.06236333041302221,0
2021-11-23,0.0655302596082819,0.07336149192336812,0
2021-11-24,0.060666586510338114,0.06405948990276317,1
2021-11-26,0.10688947554229697,0.12863780462698354,0
2021-11-29,0.08029358253601296,0.056710990135576546,1
2021-11-30,0.11730247448026994,0.2266112624214793,1
2021-12-01,0.14215441809966659,0.15085864711449837,0
2021-12-02,0.10045851679199146,0.14755845663339764,1
2021-12-03,0.19081427291523212,0.23634994379746466,0
2021-12-06,0.1149254739763363,0.1478724460486363,0
2021-12-07,0.10568428825133297,0.05523431639209764,0
2021-12-08,0.12019233067637229,0.06973772174063118,1
2021-12-09,0.12193089304355671,0.06884318676642567,0
2021-12-10,0.10602805489535232,0.0705614793195267,1
2021-12-13,0.09662605408908535,0.06929417623290332,0
2021-12-14,0.08469111206363637,0.10120595414495606,0
2021-12-15,0.07240202555799546,0.060802526784534246,1
2021-12-16,0.08354673973567617,0.07989923762672632,0
2021-12-17,0.06751697334811846,0.0798507973047648,0
2021-12-20,0.07782180802226227,0.08633782186941275,0
2021-12-21,0.07146868500919983,0.046712263232098164,0
2021-12-22,0.04941937548342974,0.04793113739320354,0
2021-12-23,0.04476373663752307,0.03752333826571367,0
2021-12-27,0.043174643721503043,0.028709348517451053,0
2021-12-28,0.04763123499225213,0.02332912238925846,0
2021-12-29,0.040436746061074585,0.018214873356442216,0
2021-12-30,0.039009994150090696,0.0401821307566292,0
2021-12-31,0.03929501349007196,0.034005418180300125,0
2022-01-03,0.038781650062573975,0.03223040763105433,1
2022-01-04,0.039413698892844094,0.03255994574446776,1
2022-01-05,0.049607240930362034,0.08325417295298337,0
2022-01-06,0.049949803611940756,0.0794590935762511,0
2022-01-07,0.04580144818578063,0.14295077462164463,0
2022-01-10,0.055217690384179945,0.11559401889756485,0
2022-01-11,0.051784213624898295,0.09835010763829927,0
2022-01-12,0.05527993138417188,0.10180034758993886,1
2022-01-13,0.06534490895331402,0.0760101667571865,0
2022-01-14,0.05482295869350181,0.07892560404900127,1
2022-01-18,0.07604006456939733,0.09984819586525998,0
2022-01-19,0.0829870268902046,0.07632385109617408,1
2022-01-20,0.08715431308137145,0.08180348944080762,1
2022-01-21,0.10724867172757296,0.13200413859297191,0
2022-01-24,0.09695089778286119,0.09722947121818394,1
2022-01-25,0.12546468696323754,0.11666089609613983,0
2022-01-26,0.155825091667179,0.055932688828061974,0
2022-01-27,0.16494115421500488,0.05034940691799605,0
2022-01-28,0.1641446208478204,0.21714553983266457,0
2022-01-31,0.15054489421503894,0.13123765813441923,0
2022-02-01,0.1250091230673169,0.36362939345918227,0
2022-02-02,0.13250892523284702,0.16983715454413575,1
2022-02-03,0.12895215434384347,0.15207499465718782,0
2022-02-04,0.10397003411501045,0.0679068056936708,0
2022-02-07,0.09374359581866012,0.05739480649072632,0
2022-02-08,0.0696151504461024,0.09367811094719256,0
2022-02-09,0.061770165731948504,0.10756424793335793,1
2022-02-10,0.08755656998078896,0.08738370940654304,1
2022-02-11,0.0943124660723659,0.13116538187208532,0
2022-02-14,0.09449549297628805,0.08862847618782112,0
2022-02-15,0.08316138739399721,0.06991774268244169,0
2022-02-16,0.07380904968972372,0.0840102398658111,1
2022-02-17,0.10381436675831325,0.06411683875704234,0
2022-02-18,0.12344056438124205,0.07000590599504884,0
2022-02-22,0.1711835568587394,0.09342312185827709,1
2022-02-23,0.1613630764522513,0.04544032357884617,0
2022-02-24,0.14308796467350463,0.06732148402366062,0
2022-02-25,0.1521097444562428,0.10250176417040599,0
2022-02-28,0.15661468243309337,0.1661603828875702,1
2022-03-01,0.15294764829071797,0.11396990438996449,0
2022-03-02,0.14460671808200457,0.1443544976861851,1
2022-03-03,0.13980721136546012,0.15694229109209612,1
2022-03-04,0.12196493616776287,0.17700261483602484,1
2022-03-07,0.15671534444864507,0.1539054569445899,0
2022-03-08,0.18170742654519895,0.10463668414941472,0
2022-03-09,0.15924859379462425,0.08637999046828392,0
2022-03-10,0.14152453244986402,0.08436774535004424,1
2022-03-11,0.15559200761910216,0.06674159728045456,1
2022-03-14,0.27527629996014347,0.31054119385130224,0
2022-03-15,0.21662740096361127,0.20878014515816604,0
2022-03-16,0.183549496677203,0.26025350770862055,0
2022-03-17,0.14106202922049169,0.1603522380976227,0
2022-03-18,0.13152225644482798,0.12602591660409798,0
2022-03-21,0.13827452231046922,0.27415932668512877,0
2022-03-22,0.1284751264573474,0.1879997269591793,1
2022-03-23,0.11512175438962255,0.3670793799449069,0
2022-03-24,0.09552274580544635,0.23076788574795473,0
2022-03-25,0.0837204193003613,0.3161786617257621,0
2022-03-28,0.07130247934293318,0.3065375766020143,0
2022-03-29,0.07076005458014377,0.20257590410121973,0
2022-03-30,0.0737930063490014,0.22327716334244838,1
2022-03-31,0.07660043043890803,0.22620109758171314,0
2022-04-01,0.06424123086175378,0.1972560555604664,0
2022-04-04,0.05904047488937793,0.26954802484437,1
2022-04-05,0.07638622514062872,0.2050137295175653,1
2022-04-06,0.08100136208199808,0.19462651959576432,0
2022-04-07,0.08442383811551066,0.2237744985894903,1
2022-04-08,0.07507230242636335,0.2208152789921106,1
2022-04-11,0.0967363586534773,0.39016149233269193,0
2022-04-12,0.10582297183594652,0.23892634530190643,0
2022-04-13,0.09336876168258877,0.19000762925901563,1
2022-04-14,0.10148248024105698,0.1359885358836957,0
2022-04-18,0.09176420631965625,0.15421382616460594,0
2022-04-19,0.1012377433101995,0.20125273269747584,1
2022-04-20,0.09450880967053354,0.25888745476952263,1
2022-04-21,0.09471966617860796,0.25500800895819653,1
2022-04-22,0.13404395354958856,0.23057051811870313,0
2022-04-25,0.12071767103551916,0.319129720653327,1
2022-04-26,0.16797043909646578,0.16387053864330509,0
2022-04-27,0.13738241566499312,0.2629044563657882,0
2022-04-28,0.13261925129802413,0.3624740238113658,1
2022-04-29,0.20970522539834432,0.2943001784090981,0
2022-05-02,0.17609733753342915,0.3131535984332313,0
2022-05-03,0.21940079794802722,0.49845976906382516,0
2022-05-04,0.1456954454517666,0.47692703997843067,1
2022-05-05,0.1755436462853823,0.44464822314765956,0
2022-05-06,0.17817090965111732,0.5659082070570103,1
2022-05-09,0.21705799929366673,0.23788380446976976,0
2022-05-10,0.163275523575392,0.181435746776719,1
2022-05-11,0.14150899788959648,0.1588802884719413,0
2022-05-12,0.18032501937483683,0.24701239671498024,0
2022-05-13,0.14286495871408753,0.29096471169799704,0
2022-05-16,0.16922161475178654,0.4228680561536309,0
2022-05-17,0.133429764649319,0.4563491029145712,1
2022-05-18,0.13643504566602074,0.2566852197398317,0
2022-05-19,0.13567004067773358,0.295182340144879,0
2022-05-20,0.1161302759065877,0.26595752629056535,0
2022-05-23,0.09512741305182246,0.24847901985569418,1
2022-05-24,0.10427803409193921,0.2792028195916524,0
2022-05-25,0.12403505531757442,0.3176387143714258,0
2022-05-26,0.09310597031363112,0.19757123036157012,0
2022-05-27,0.08153243749592624,0.09748897226349258,0
2022-05-31,0.09611946517914036,0.267555432101704,0
2022-06-01,0.09743540622737863,0.2394409063100938,0
2022-06-02,0.08323761997065963,0.08744262327567426,1
2022-06-03,0.0885236174427715,0.05811462440267075,0
2022-06-06,0.09639488848514653,0.1495783127857956,0
2022-06-07,0.08926257767579102,0.12407291578424469,0
2022-06-08,0.12611414382801026,0.1685303572494082,1
2022-06-09,0.1424120536307794,0.18289502927063542,1
2022-06-10,0.14685700835399393,0.22940724805634147,1
2022-06-13,0.2177272884140566,0.23918986830699113,0
2022-06-14,0.21872212695539683,0.20888201467446058,0
2022-06-15,0.1807235049103028,0.3483810733567704,1
2022-06-16,0.22497598136820768,0.3200720053033316,0
2022-06-17,0.21857768628166932,0.34374985252081824,0
2022-06-21,0.2827905461396907,0.5673669130421612,0
2022-06-22,0.23428554451053082,0.5022643231505457,0
2022-06-23,0.1980812446880838,0.6908033858289157,0
2022-06-24,0.18712679003746,0.534519644105659,0
2022-06-27,0.1837622122767443,0.5042988404008881,1
2022-06-28,0.2050593158775981,0.49212043831578883,0
2022-06-29,0.18499098894957428,0.44806919612210394,1
2022-06-30,0.19620160929286803,0.5911154233927057,0
2022-07-01,0.17641076398141126,0.47401102234643017,0
2022-07-05,0.20191046610866206,0.4203243717884298,0
2022-07-06,0.1944528312726626,0.4663178342511911,0
2022-07-07,0.17924465347015564,0.5744440433890037,0
2022-07-08,0.16213405294336294,0.4640222471307426,1
2022-07-11,0.16703081373003117,0.5468874969194452,0
2022-07-12,0.2008379253428591,0.5484052287436766,0
2022-07-13,0.1822857595247908,0.4021390663183242,0
2022-07-14,0.18855675628406907,0.6247748745124292,0
2022-07-15,0.1422535619909506,0.4836911255421267,0
2022-07-18,0.15972222089451701,0.51988449249379,0
2022-07-19,0.15168928357980221,0.5564936553686045,0
2022-07-20,0.13777628686192525,0.569806482009207,0
2022-07-21,0.12713392437925025,0.32287115388104104,1
2022-07-22,0.12203904133374788,0.4912712039005499,0
2022-07-25,0.14214827338267708,0.5854980749925351,1
2022-07-26,0.17352874001220406,0.36760358551350963,0
2022-07-27,0.13751160945891583,0.23132615025326167,0
2022-07-28,0.1404360045446104,0.22302400478224962,0
2022-07-29,0.11883261984420952,0.1126850394427252,0
2022-08-01,0.14025416504425578,0.24393120709683125,0
2022-08-02,0.16545177369026567,0.32492211513385216,0
2022-08-03,0.1321242658044661,0.3071112931831721,0
2022-08-04,0.11813245023721358,0.23748071090042486,0
2022-08-05,0.11487984610994077,0.28067971939611275,0
2022-08-08,0.1284899953552717,0.2969865804005794,0
2022-08-09,0.14534309633894293,0.31106418224435817,0
2022-08-10,0.10602111077862302,0.14098731346532062,0
2022-08-11,0.10400321649254593,0.151425341437553,0
2022-08-12,0.09068764290773758,0.11671425454123469,0
2022-08-15,0.10221063235844773,0.16620684691420212,0
2022-08-16,0.10063583893417999,0.20383212457741273,0
2022-08-17,0.09279067001140134,0.22825126795786288,0
2022-08-18,0.09527551595460076,0.26704824134382554,1
2022-08-19,0.10289640645308548,0.538234321677612,1
2022-08-22,0.15240853458778447,0.26760712354949745,0
2022-08-23,0.15675800666708933,0.27217347454473956,0
2022-08-24,0.14434995622763172,0.2454693309882956,0
2022-08-25,0.1281858601060681,0.4009241106683028,1
2022-08-26,0.15914964318652844,0.1283854151063225,0
2022-08-29,0.20532356920180597,0.16645794815967702,0
2022-08-30,0.20306883925674868,0.2371654533051981,0
2022-08-31,0.18042628558276197,0.20853432727704216,0
2022-09-01,0.1780567512432737,0.22363252787669383,1
2022-09-02,0.22379165554286912,0.11533205581986773,0
2022-09-06,0.2627557833796837,0.07807040593881538,0
2022-09-07,0.22122415837415585,0.38522088571502694,0
2022-09-08,0.18590279740411916,0.3058327019396451,0
2022-09-09,0.1659531010919975,0.1909429355451344,0
2022-09-12,0.17980367535064484,0.2604108275103412,1
2022-09-13,0.23644273697831172,0.14007272985510624,0
2022-09-14,0.18850938888938568,0.18304171837336236,1
2022-09-15,0.17971741531970403,0.16757854290940757,0
2022-09-16,0.17603909877672058,0.12947585907555173,0
2022-09-19,0.19901344985594008,0.1126691924611157,0
2022-09-20,0.24297127727962742,0.10014135176039016,1
2022-09-21,0.22691052467129486,0.19770818935838694,0
2022-09-22,0.22421810211467985,0.18996114712915296,1
2022-09-23,0.25843264268147764,0.09686485867244356,0
2022-09-26,0.3176869342072725,0.0739213873368174,0
2022-09-27,0.3602455632200748,0.13963109581963704,0
2022-09-28,0.32248523893659337,0.09193054172789933,1
2022-09-29,0.30684456686296885,0.06994868690305167,1
2022-09-30,0.321261733669795,0.0754807053846586,0
2022-10-03,0.34440572477424525,0.08029157559931321,0
2022-10-04,0.31615963693225885,0.23729696105498438,0
2022-10-05,0.27776974744581734,0.2698001369372639,0
2022-10-06,0.3209306631892666,0.17051438662738455,1
2022-10-07,0.29846264287884,0.11899694037830535,0
2022-10-10,0.3066509754701124,0.09952772507778915,0
2022-10-11,0.33076015590261465,0.07223761247768623,0
2022-10-12,0.36296140638164287,0.06160517585971739,0
2022-10-13,0.33944822631211574,0.09315841257507317,1
2022-10-14,0.327499939197446,0.11674362372846821,0
2022-10-17,0.3081396293989599,0.14772366413880528,0
2022-10-18,0.30267035281933413,0.4704123090277978,0
2022-10-19,0.3002618933247911,0.3359261424535476,0
2022-10-20,0.30239722696618526,0.21228101042442823,0
2022-10-21,0.2771265873203959,0.36986878427554554,0
2022-10-24,0.2763051685832052,0.12848392443446846,0
2022-10-25,0.24188878965782007,0.20559296393027737,1
2022-10-26,0.22570717174973554,0.22582027208834562,1
2022-10-27,0.23109603629812403,0.31870645617656623,0
2022-10-28,0.22074876262734008,0.19006513131460026,0
2022-10-31,0.242730004516572,0.17846857106958022,0
2022-11-01,0.24506836915334915,0.1955498100141506,1
2022-11-02,0.21446785330302937,0.41691518814414047,1
2022-11-03,0.2071439386823878,0.576439030604014,0
2022-11-04,0.17223923752523732,0.488207869288935,0
2022-11-07,0.1729880244126921,0.21939571356949836,0
2022-11-08,0.17931943911036288,0.12976441142949693,1
2022-11-09,0.17187554480109543,0.44176129680633036,0
2022-11-10,0.10354124083564774,0.17984352725152958,0
2022-11-11,0.09523484461673543,0.3159251631848773,0
2022-11-14,0.11921467879019255,0.4099295916846085,0
2022-11-15,0.1500265433894131,0.423630035962264,1
2022-11-16,0.15088667669135422,0.796096088994959,0
2022-11-17,0.14626639786868545,0.5929124644676853,0
2022-11-18,0.12892216963463476,0.4787064637448734,0
2022-11-21,0.14044974441418265,0.6003421165380964,0
2022-11-22,0.1466289531287318,0.6797156923215735,0
2022-11-23,0.13663923376034195,0.4075724908825075,0
2022-11-25,0.13509465988320282,0.33274323756838464,1
2022-11-28,0.13770708643679222,0.5066555721093691,0
2022-11-29,0.1367137333910374,0.16379140546715085,0
2022-11-30,0.10910349595961447,0.16745681935354242,0
2022-12-01,0.08975749574193208,0.13430501319884597,0
2022-12-02,0.08579928319263348,0.23518203455326367,1
2022-12-05,0.1162312863150307,0.18921691863747084,1
2022-12-06,0.12983370087782933,0.13955442375154478,0
2022-12-07,0.12925966778679607,0.12001238095092753,0
2022-12-08,0.11983036115832403,0.14447638804791266,0
2022-12-09,0.12420128933252446,0.0991179563548724,0
2022-12-12,0.21109535719095587,0.16765784670453832,0
2022-12-13,0.1850438297874764,0.15596926643540918,0
2022-12-14,0.1593768231770675,0.11511955321002737,1
2022-12-15,0.15111681526830018,0.08269154582946389,0
2022-12-16,0.14664078920746573,0.078726504367332,1
2022-12-19,0.16934655087626355,0.13175128692832933,0
2022-12-20,0.13964159153171105,0.18403104531895054,0
2022-12-21,0.10751897687729814,0.12025426754427597,1
2022-12-22,0.12725307478231915,0.2665018890231261,0
2022-12-23,0.11362309877300585,0.25202800417746624,1
2022-12-27,0.13171136939548378,0.2928576003559806,1
2022-12-28,0.12749724449039895,0.26243407764559684,0
2022-12-29,0.11354436095724664,0.5274027111492541,0
2022-12-30,0.13212006870958126,0.2975016686514687,0
2023-01-03,0.1560588226649352,0.477096392503718,0
2023-01-04,0.150985078500627,0.37352551698167796,1
2023-01-05,0.15275572567191495,0.29334413779732127,0
2023-01-06,0.1273818722951358,0.10792332060549868,0
2023-01-09,0.1404041080924072,0.10064571880565781,0
2023-01-10,0.14374311185413308,0.16402707539570943,0
2023-01-11,0.14346344548150405,0.11352821468094877,0
2023-01-12,0.12083317978682893,0.18859438673736253,0
2023-01-13,0.11942567627957536,0.1361194543749833,0
2023-01-17,0.1528689103311725,0.278126106001421,0
2023-01-18,0.14242979908768322,0.09387976145260551,0
2023-01-19,0.15431095195132732,0.10159577449176328,0
2023-01-20,0.1286477280509367,0.17506825933804257,0
2023-01-23,0.12330126462854755,0.11436972183069474,0
2023-01-24,0.13302873370018267,0.1107447044928465,0
2023-01-25,0.13231996388824624,0.10086651544599115,0
2023-01-26,0.12383510257833577,0.088612949163899,0
2023-01-27,0.12069857994245754,0.06217413897642281,1
2023-01-30,0.1406149518062677,0.2243045868899241,0
2023-01-31,0.1311711911971553,0.08410666836337422,0
2023-02-01,0.10831410868945938,0.060817245410073426,0
2023-02-02,0.10713545063202665,0.05832205698586581,1
2023-02-03,0.09912282030363175,0.14489107657944902,0
2023-02-06,0.124544533087161,0.12479865684178834,0
2023-02-07,0.11782572885639771,0.07497135098109561,1
2023-02-08,0.11042467841937219,0.0922319581000276,0
2023-02-09,0.13050674001231855,0.220341854373307,0
2023-02-10,0.127404667941601,0.28252371524885017,0
2023-02-13,0.1429497014087307,0.33149666591361204,0
2023-02-14,0.12242201198094044,0.286108028664659,0
2023-02-15,0.11697975039734632,0.2921572149813077,1
2023-02-16,0.15095126019739716,0.3181334207208508,0
2023-02-17,0.14906762573478566,0.25007498538325246,1
2023-02-21,0.2037821292308836,0.1635851737860993,0
2023-02-22,0.18824543060632667,0.14065860658517157,0
2023-02-23,0.16918465902748453,0.42915597371144826,1
2023-02-24,0.18788456794147926,0.42683574615757575,0
2023-02-27,0.20187587779818778,0.3263409887792919,0
2023-02-28,0.23587723523084717,0.3374267617212472,0
2023-03-01,0.22019768475564647,0.29803855130640083,0
2023-03-02,0.2020783084371367,0.24091892867723713,0
2023-03-03,0.18092203368413848,0.3501270125051353,0
2023-03-06,0.19277711362753977,0.3804224001453246,0
2023-03-07,0.21489674027323102,0.2837143625543752,0
2023-03-08,0.19958442028687515,0.24676061928718265,1
2023-03-09,0.23393685633536276,0.19640819582914443,1
2023-03-10,0.25849104337528894,0.12987679157808968,0
2023-03-13,0.3473938446991179,0.39382378707710575,0
2023-03-14,0.29874314070474556,0.5628758616147842,0
2023-03-15,0.3223590869525257,0.4774302217026501,0
2023-03-16,0.3247258140271995,0.5932027431051795,0
2023-03-17,0.3807218952532539,0.5574687379695664,0
2023-03-20,0.39400299880422535,0.533685204238448,0
2023-03-21,0.28265159682330754,0.6442788191750495,1
2023-03-22,0.28307091341477686,0.28946700686023635,0
2023-03-23,0.2645311556653467,0.3335697622857885,0
2023-03-24,0.32939465158449555,0.5742817997467988,0
2023-03-27,0.2802659905071774,0.6792455952979514,0
2023-03-28,0.22691663944655788,0.38762461417302174,0
2023-03-29,0.217594567717597,0.3330788025877238,0
2023-03-30,0.20302975949488256,0.47797332879649107,0
2023-03-31,0.1787582400632371,0.5454420252613834,0
2023-04-03,0.175752452469096,0.6031225590218074,0
2023-04-04,0.18431020938529386,0.6108571846752426,0
2023-04-05,0.18805026492725418,0.573654664989468,0
2023-04-06,0.16960591443511963,0.5990790311654477,0
2023-04-10,0.18368592912491494,0.4733439120526321,0
2023-04-11,0.18727291949556196,0.2120143378649205,0
2023-04-12,0.17776696077510862,0.22760032531207822,0
2023-04-13,0.15051035422856007,0.21663214505044723,0
2023-04-14,0.13389858903760218,0.20787389389843494,0
2023-04-17,0.15029310262702675,0.336067714099478,0
2023-04-18,0.1531182790668796,0.29732691709290443,0
2023-04-19,0.14470386135008345,0.3351018346313792,0
2023-04-20,0.13930635024269977,0.3841223119237924,0
2023-04-21,0.12945063012255723,0.2527414876642164,0
2023-04-24,0.13173180512506208,0.2945186816892448,1
2023-04-25,0.15767452213067687,0.21586575581162326,0
2023-04-26,0.14892226518551346,0.20468092429684123,0
2023-04-27,0.12068205783993843,0.22254906075562023,0
2023-04-28,0.10936506420969516,0.3396844427017807,0
2023-05-01,0.11742436779219394,0.3177491314298014,0
2023-05-02,0.15861014498082493,0.3477187865528387,0
2023-05-03,0.15680875623528706,0.3084212563469862,0
2023-05-04,0.1671948470640412,0.2425650712868614,0
2023-05-05,0.11428816177388125,0.3416151716378277,0
2023-05-08,0.11710945597183481,0.2668745216832539,0
2023-05-09,0.13521328035604516,0.6048143091816838,0
2023-05-10,0.1296417220189254,0.5121438994376952,0
2023-05-11,0.14609281496982293,0.47822867924769696,0
2023-05-12,0.12516161521391175,0.39621420754941117,0
2023-05-15,0.13421108721211947,0.3656735324672226,0
2023-05-16,0.1519324979331893,0.6721727709283691,0
2023-05-17,0.12117975479840833,0.45035838307403026,0
2023-05-18,0.114348739133041,0.4129356738862211,0
2023-05-19,0.12455717236495328,0.4406802830001489,0
2023-05-22,0.13554426851657744,0.49294840061962575,0
2023-05-23,0.12006744354802408,0.156184607773141,0
2023-05-24,0.1346385957594799,0.14833059159075,0
2023-05-25,0.1238830241335765,0.15419363778931006,0
2023-05-26,0.11866724974573517,0.11887224161292581,0
2023-05-30,0.11369853327975216,0.16025178305408352,0
2023-05-31,0.13527203312686373,0.17212728824586748,0
2023-06-01,0.1064756291409359,0.13893479346420687,0
2023-06-02,0.08961590895999633,0.0953260480810233,0
2023-06-05,0.08803673769163926,0.09770879354317023,0
2023-06-06,0.08837045949959967,0.1535948142713466,1
2023-06-07,0.09651790980221814,0.2107750714776387,0
2023-06-08,0.08393963482604273,0.11088023322386117,0
2023-06-09,0.08189845255080039,0.14949816465221366,0
2023-06-12,0.1027060480140591,0.11658203144959392,0
2023-06-13,0.08926992818386317,0.12185782746111651,0
2023-06-14,0.07844321342600746,0.12635657636541178,0
2023-06-15,0.07894105830341307,0.12961462708494279,0
2023-06-16,0.06851525895415062,0.07111169279143874,0
2023-06-20,0.0723763224924189,0.04814994877381502,1
2023-06-21,0.06714998375942752,0.04835220893721015,0
2023-06-22,0.060493397256166447,0.04747549595646351,0
2023-06-23,0.07029307528708456,0.05431297249930319,1
2023-06-26,0.08779035404265528,0.07073284997607435,0
2023-06-27,0.08827785014957312,0.07716115050250744,0
2023-06-28,0.0851312175040363,0.05184661157062658,0
2023-06-29,0.0875489813134541,0.08201349043070527,0
2023-06-30,0.09028993157782991,0.13381350771923456,0
2023-07-03,0.0917668183596212,0.1406861830969836,0
2023-07-05,0.09516492486483673,0.08338749109325626,0
2023-07-06,0.1192467696070938,0.2541211624021683,0
2023-07-07,0.1069948793445694,0.2987616218744638,0
2023-07-10,0.11730394507029343,0.25471020508414366,0
2023-07-11,0.1161803581680499,0.2611240111935777,0
2023-07-12,0.10124565493913838,0.10994347181234743,0
2023-07-13,0.10443132052801192,0.10193841349533525,0
2023-07-14,0.09673101959031812,0.12697018358385873,0
2023-07-17,0.09380373841981528,0.07036484221803942,0
2023-07-18,0.08880366783436225,0.06980005012595104,0
2023-07-19,0.08423802846078987,0.06595907973172434,1
2023-07-20,0.09346658157645016,0.09261356340407687,0
2023-07-21,0.08867591923604362,0.11770357581879283,0
2023-07-24,0.09973525379979409,0.09605155344375674,0
2023-07-25,0.09509548934922456,0.06716961686114908,0
2023-07-26,0.08736625900795156,0.06893875298423684,0
2023-07-27,0.10918641133993723,0.16365116808880095,0
2023-07-28,0.0859033425359816,0.09360417857006698,0
2023-07-31,0.0958868505751473,0.10045423603248076,0
2023-08-01,0.09813582814291939,0.09889178157054614,1
2023-08-02,0.11657930841156362,0.09495820655550653,0
2023-08-03,0.13102103381624122,0.16064087708647817,0
2023-08-04,0.1326779363701935,0.07683186407513228,0
2023-08-07,0.11449666714619067,0.17901631959229553,0
2023-08-08,0.10758748150553517,0.11868922380842309,0
2023-08-09,0.12091456763391917,0.07704584053642026,0
2023-08-10,0.11496515160361201,0.08193908871951075,0
2023-08-11,0.11478422704186393,0.08373312533459894,0
2023-08-14,0.11132844650355254,0.0633901100750109,0
2023-08-15,0.1323486503490693,0.08696813146007544,0
2023-08-16,0.12708026736789838,0.08592178454167114,0
2023-08-17,0.13629424570804824,0.17607544341577797,0
2023-08-18,0.11997192388599598,0.15884350045159207,0
2023-08-21,0.12585893063494769,0.09615685635895517,0
2023-08-22,0.13144150870041407,0.12161414674648104,0
2023-08-23,0.11293292570414784,0.06584795118631405,1
2023-08-24,0.13583200920104402,0.1438219195100301,0
2023-08-25,0.10982524723250167,0.08468702808801641,0
2023-08-28,0.10617555677384914,0.07426151213268566,0
2023-08-29,0.09566415617881877,0.07502278291434655,0
2023-08-30,0.08583367100767443,0.09333787681962491,0
2023-08-31,0.09249304235797884,0.09670248387153245,0
2023-09-01,0.07817979443731911,0.06235637238248024,0
2023-09-05,0.08692049246660413,0.12171920999565349,0
2023-09-06,0.09098434337924625,0.10047761691906025,0
2023-09-07,0.08429055233197126,0.10953082329718111,0
2023-09-08,0.07940626107547452,0.13598715184673021,0
2023-09-11,0.07623351805178138,0.1519587881985751,0
2023-09-12,0.08680748692392884,0.09202149971359229,0
2023-09-13,0.0777891683454846,0.10294920370166055,0
2023-09-14,0.0731905957686358,0.0828517303180709,1
2023-09-15,0.08013674283936023,0.07515014273212563,0
2023-09-18,0.08141471635525509,0.13496167913900664,0
2023-09-19,0.0877951686340178,0.06483176592394665,1
2023-09-20,0.09485182823543126,0.06974585646448538,1
2023-09-21,0.12327280256315085,0.21942694956991424,0
2023-09-22,0.11985963299053305,0.12490747415954985,0
2023-09-25,0.12472959311571029,0.16086442781913587,1
2023-09-26,0.1437726335741221,0.17178691028364837,0
2023-09-27,0.14929336307010674,0.16633985769688786,0
2023-09-28,0.15749161340537152,0.2481505399229996,0
2023-09-29,0.15760582401084833,0.3014943245761552,0
2023-10-02,0.1596452351466421,0.299592291074606,1
2023-10-03,0.2102384242678244,0.27774954270435326,0
2023-10-04,0.16898314959797772,0.19674988120322878,0
2023-10-05,0.16173970454515807,0.17477450277000434,0
2023-10-06,0.14272410877896421,0.309545831871523,0
2023-10-09,0.1493727123744927,0.3571802959663121,0
2023-10-10,0.16539880094052545,0.10867497769513629,0
2023-10-11,0.14338105521205083,0.11946281386802363,0
2023-10-12,0.14441648083205608,0.20454804076928168,0
2023-10-13,0.1586322233067058,0.22354399637035047,0
2023-10-16,0.1418561662691016,0.151248165602193,0
2023-10-17,0.14439609397664668,0.18054873378859143,1
2023-10-18,0.14572944260481308,0.20087690913905826,0
2023-10-19,0.17204451098810247,0.10446543811065982,1
2023-10-20,0.2052600474182326,0.154814316360968,0
2023-10-23,0.17182988907881694,0.325264685910764,0
2023-10-24,0.1559879306894013,0.15491732292710342,1
2023-10-25,0.18023985604682594,0.1965956774476781,1
2023-10-26,0.21520060546450437,0.24155081095666886,0
2023-10-27,0.20893959325215758,0.21232720777044944,0
2023-10-30,0.1864153358924505,0.1889258620474752,0
2023-10-31,0.15420285501099482,0.19031970820206617,0
2023-11-01,0.14312207564004617,0.09571588295963594,0
2023-11-02,0.12466313539321831,0.08213206668692973,0
2023-11-03,0.12310670771241812,0.10522426351921217,0
2023-11-06,0.12006986298520675,0.079452207442485,0
2023-11-07,0.10704636096482353,0.07657265165045342,0
2023-11-08,0.09791266692638793,0.07777459169257149,0
2023-11-09,0.10274491105470787,0.06541518679901552,0
2023-11-10,0.083231774058937,0.08204887528060952,0
2023-11-13,0.10029598497921807,0.07954115369594644,0
2023-11-14,0.08806488826279983,0.0721473786853537,0
2023-11-15,0.0887451620036389,0.07013309879722648,0
2023-11-16,0.09893727668826156,0.04248207894853167,0
2023-11-17,0.0868746160397967,0.060583344908797035,0
2023-11-20,0.08570809018775309,0.05425823124452067,0
2023-11-21,0.0856273332634853,0.048452927676649576,0
2023-11-22,0.07558370734696084,0.05736204493735239,0
2023-11-24,0.07387109775698393,0.06980988836534066,0
2023-11-27,0.07747639648589735,0.06278874778874251,0
2023-11-28,0.07958749523755168,0.07601675403570268,0
2023-11-29,0.0831954502513375,0.04446794612570264,0
2023-11-30,0.08425616406910594,0.052414954641030284,0
2023-12-01,0.07659353069754418,0.04813494916324322,0
2023-12-04,0.08687181201284647,0.05961926143958069,0
2023-12-05,0.0876868405283336,0.061375749313368325,0
2023-12-06,0.09068564624935718,0.07996589075091205,0
2023-12-07,0.08935413759325578,0.06779593737999716,0
2023-12-08,0.07787852204551296,0.05735610154345811,0
2023-12-11,0.09183831983878545,0.056968045036319595,0
2023-12-12,0.0855855778450277,0.17984037023405483,0
2023-12-13,0.08543200429606158,0.08822312220862745,0
2023-12-14,0.10174217132045615,0.40476223791713345,0
2023-12-15,0.08565041397541659,0.3320474259362577,0
2023-12-18,0.08212025574809098,0.3181291169446668,0
2023-12-19,0.0740431047219935,0.32876307429088175,1
2023-12-20,0.08316835683057673,0.06523943879365042,0
2023-12-21,0.08577629420111424,0.05833246321180692,0
2023-12-22,0.07627002773169554,0.06036541794261282,0
2023-12-26,0.08064218116490388,0.056128371387914607,0
2023-12-27,0.07990557611846866,0.05745514488981116,0
2023-12-28,0.08451501111007559,0.05305002815410364,0
2023-12-29,0.0850184466927004,0.06251123063747928,1
2024-01-02,0.09933486975562046,0.06270203524673884,0
2024-01-03,0.10473848617383816,0.06203009840549573,0
2024-01-04,0.10561251397021357,0.06946757502372423,0
2024-01-05,0.09226866544100797,0.08414889628926776,0
2024-01-08,0.08943853355618209,0.05379102051842875,0
2024-01-09,0.08926909450354364,0.05305995007586179,0
2024-01-10,0.0866119764659331,0.04103011599519134,0
2024-01-11,0.082479294112677,0.04612464050987375,0
2024-01-12,0.08159620251328832,0.061852381577958734,0
2024-01-16,0.0932422198993999,0.11684274145722716,0
2024-01-17,0.10049573913497603,0.12693757827244545,0
2024-01-18,0.09318595262605416,0.09144114515111341,0
2024-01-19,0.07901179244381822,0.17704647933349724,0
2024-01-22,0.08349054498878437,0.14399693139129893,0
2024-01-23,0.08531104958174819,0.14138209089209383,0
2024-01-24,0.09399728588290152,0.10986060422363525,0
2024-01-25,0.09683530129036846,0.144483851542321,0
2024-01-26,0.0891517164577977,0.2766688487631228,0
2024-01-29,0.09247547223367886,0.1218344717686633,0
2024-01-30,0.08400885983444155,0.16110210643189432,1
2024-01-31,0.09794695817390615,0.11481327788938193,0
2024-02-01,0.10218017480066394,0.07581980842553537,0
2024-02-02,0.08853639308896584,0.09664218705985775,0
2024-02-05,0.09067839692601337,0.15217809938089924,0
2024-02-06,0.08308382079504424,0.18168111585824848,0
2024-02-07,0.08341118751016142,0.21479384639693017,0
2024-02-08,0.08277111461303997,0.10920866601630078,0
2024-02-09,0.07425264756645003,0.040882353934033215,0
2024-02-12,0.08605351524720507,0.06728638768635292,1
2024-02-13,0.1089656384422249,0.1255926813544238,0
2024-02-14,0.08627718150004957,0.08056547228003265,0
2024-02-15,0.08213756922810225,0.06445528947167695,0
2024-02-16,0.08669613685789762,0.13379137501908286,0
2024-02-20,0.11072798450120559,0.15103426823838237,0
2024-02-21,0.1255830121275615,0.10662821304527408,0
2024-02-22,0.09761283210104967,0.13410449965486962,0
2024-02-23,0.0858776493972872,0.06944809639351694,0
2024-02-26,0.08939441485965112,0.08546446045578565,0
2024-02-27,0.09533186195985457,0.07981715402207375,0
2024-02-28,0.09837966478632756,0.0779759374648926,0
2024-02-29,0.08905108073775712,0.0685168461777029,0
2024-03-01,0.08030914338481566,0.05772317493497581,0
2024-03-04,0.0876393415764541,0.05530050688963783,1
2024-03-05,0.10044365707995348,0.06486490753073638,0
2024-03-06,0.09699182276043108,0.06405782487600378,0
2024-03-07,0.09203095775593437,0.05352221228061908,1
2024-03-08,0.09266666057055764,0.06695113934457995,0
2024-03-11,0.10780091930702994,0.259357599637003,0
2024-03-12,0.08651032097941722,0.04906588274258481,0
2024-03-13,0.08816415647817606,0.045870669935955365,0
2024-03-14,0.09565957825809442,0.06509943555311003,0
2024-03-15,0.09352678244628722,0.061755624975962445,0
2024-03-18,0.09424118479924587,0.05880117760435542,0
2024-03-19,0.08225861295043686,0.050655210081357045,0
2024-03-20,0.07012859314231579,0.031726830339820156,0
2024-03-21,0.0748994049877591,0.03140201035417043,0
2024-03-22,0.07693064266579311,0.03496228159490146,0
2024-03-25,0.07900385138231533,0.19953790595315574,0
2024-03-26,0.08047400724063894,0.038924322598156536,0
2024-03-27,0.07100627783434703,0.031032261793641266,0
2024-03-28,0.07277532078835795,0.033511745456184544,0
2024-04-01,0.08185913358790892,0.058210878431004434,0
2024-04-02,0.09352987980002615,0.07488995614004586,0
2024-04-03,0.0888946010541362,0.06252913972786861,1
2024-04-04,0.11172786788638414,0.07974801752493749,0
2024-04-05,0.10028084088039749,0.09354746911435083,0
2024-04-08,0.09945477927235084,0.07599347003956279,0
2024-04-09,0.10128705410134847,0.07069158921950022,0
2024-04-10,0.11625916108032726,0.09694974741261816,0
2024-04-11,0.11269129425862495,0.10115383051381442,1
2024-04-12,0.1451367826210892,0.21484020135652326,1
2024-04-15,0.16373370298496748,0.1909792264213432,0
2024-04-16,0.15177337805704594,0.17465000320245544,0
2024-04-17,0.15365100822543937,0.20931278590372576,0
2024-04-18,0.14207716829373762,0.15911980665643588,1
2024-04-19,0.1749962799742087,0.18744970684244816,0
2024-04-22,0.17352843703916354,0.09507628620884362,0
2024-04-23,0.1418621930482577,0.09022832595473455,0
2024-04-24,0.14524814329427158,0.09022832595473455,0
2024-04-25,0.1385531708962017,0.09478043753401551,0
2024-04-26,0.12392836916724634,0.13687949004768998,0
2024-04-29,0.11115150189401786,0.0665682287043964,1
2024-04-30,0.12058598442284167,0.10710307869252977,0
2024-05-01,0.11485594253513597,0.09435773886679158,0
2024-05-02,0.09861154531524871,0.08993454321081226,0
2024-05-03,0.08169782383728084,0.08703013117105493,0
2024-05-06,0.07954966963886129,0.07472193043851101,0
2024-05-07,0.08327207314305109,0.07470056327928429,0
2024-05-08,0.07834420301128096,0.10527965022516612,0
2024-05-09,0.07441841677067768,0.04138105606138182,0
2024-05-10,0.06897871143645747,0.04342950055460218,0
2024-05-13,0.09427626221189088,0.07537667637315684,0
2024-05-14,0.09477873012576184,0.0628037057636548,0
2024-05-15,0.07606210956315254,0.029911712951190494,0
2024-05-16,0.0735447365665097,0.03954602340126761,0
2024-05-17,0.06576737634526265,0.0456012470672176,0
2024-05-20,0.07205635428821457,0.04021259144656215,0
2024-05-21,0.06816561008603855,0.05681441718084705,0
2024-05-22,0.06757441847223049,0.07858877976995181,0
2024-05-23,0.07258155893919953,0.11722009804228808,0
2024-05-24,0.06207464078430696,0.058858973656522394,0
2024-05-28,0.07254647275730453,0.04623707948923031,0
2024-05-29,0.08567167920421076,0.13411217514515295,0
2024-05-30,0.09410635349556566,0.133491871189445,0
2024-05-31,0.07943535905298887,0.07095078084425466,0
2024-06-03,0.07751537330613927,0.13156965430164555,0
2024-06-04,0.0842668208690135,0.09687884426829665,0
2024-06-05,0.08232107943348617,0.059615822446349706,0
2024-06-06,0.08193933175555837,0.12116108370335059,0
2024-06-07,0.06665566371187186,0.052530481803539475,0
2024-06-10,0.07553124709514472,0.040596984615436704,0
2024-06-11,0.08054060758212296,0.06619117056019583,0
2024-06-12,0.06576879748910042,0.04274580519357763,0
2024-06-13,0.06332066019025082,0.044099944370876935,0
2024-06-14,0.07010258745476486,0.06355386311060107,0
2024-06-17,0.07291488004545692,0.07403457223943452,0
2024-06-18,0.06460847316927079,0.05209082641039876,0
2024-06-20,0.0700266451904168,0.09896893723763166,0
2024-06-21,0.07238211762608235,0.0633645062906729,0
2024-06-24,0.08064934549941007,0.15000793078097635,0
2024-06-25,0.07685877887731014,0.16286618520906537,0
2024-06-26,0.0719387703836398,0.09676864606831076,0
2024-06-27,0.07393459335256526,0.08908010369345379,0
2024-06-28,0.07704730735099152,0.08865021602696381,0
2024-07-01,0.07842626703630948,0.10202778178870907,0
2024-07-02,0.07756738996251991,0.07907904598487048,0
2024-07-03,0.07563043129957894,0.07696685568613763,0
2024-07-05,0.07442720962783408,0.07747912826239978,0
2024-07-08,0.07523268811747401,0.07921104066101503,0
2024-07-09,0.07468933582448244,0.06349939184863827,0
2024-07-10,0.07868866090511013,0.043372446777720744,1
2024-07-11,0.08157887657731319,0.07052556203464247,0
2024-07-12,0.07759959279348923,0.060262274947931634,0
2024-07-15,0.08541427953651513,0.0545006235542614,0
2024-07-16,0.08899847953061386,0.19219089211909948,1
2024-07-17,0.10511578737078558,0.05985951761602415,0
2024-07-18,0.12868883643916726,0.07965628035280096,0
2024-07-19,0.12845953303294635,0.09754878608476315,0
2024-07-22,0.11026410796522203,0.060906126333449134,0
2024-07-23,0.10290845721161715,0.08922902614845094,1
2024-07-24,0.14932673150381298,0.08609726166383154,0
2024-07-25,0.1712138924882211,0.10101759111360024,0
2024-07-26,0.14508608210723617,0.08431990630736058,0
2024-07-29,0.13956529806848655,0.10275159544647372,1
2024-07-30,0.15784831336529764,0.11160415841864461,0
2024-07-31,0.15997742527573294,0.08173405189173544,1
2024-08-01,0.18462725888907563,0.37609297614796405,1
2024-08-02,0.244007669079803,0.37424428041746466,1
2024-08-05,0.3826747745763538,0.5243453990224484,0
2024-08-06,0.30105723841881094,0.34309271805319075,0
2024-08-07,0.28110558958530046,0.26284236826232393,0
2024-08-08,0.22198184505141486,0.30736052318387563,0
2024-08-09,0.2338676555018536,0.3222028406987688,0
2024-08-12,0.4521957827950401,0.37647182980289673,0
2024-08-13,0.23112719641407714,0.32979373684866237,0
2024-08-14,0.1837495641773628,0.4347893943837472,0
2024-08-15,0.12943035760173785,0.2989700665023579,0
2024-08-16,0.09739302823335501,0.23230457473961982,0
2024-08-19,0.09900131014076678,0.20579525442857857,0
2024-08-20,0.10205767990124186,0.22787517356954848,0
2024-08-21,0.09203466461850422,0.21837151193421625,1
2024-08-22,0.10544954845738114,0.0836284387472176,0
2024-08-23,0.08064551944655483,0.13247621504436444,0
2024-08-26,0.0873743391781406,0.1535178488785528,0
2024-08-27,0.08216522249819834,0.06140230241419123,0
2024-08-28,0.10992430147613991,0.0885588496592687,0
2024-08-29,0.0997467764615345,0.0765032373217701,0
2024-08-30,0.08612283681122873,0.04462383014113608,1
2024-09-03,0.15408134578822308,0.074120119077481,0
2024-09-04,0.16124611654799728,0.08459550079376987,0
2024-09-05,0.1562470319259571,0.09618874447010146,1
2024-09-06,0.16300102672650005,0.10058542927194054,0
2024-09-09,0.12743180319525974,0.11902790369904864,0
2024-09-10,0.16850821276217634,0.15214010419011387,0
2024-09-11,0.14758101698290202,0.1395122011615492,0
2024-09-12,0.12312466339522316,0.08065450074809175,0
2024-09-13,0.1343528271764031,0.07576655067995007,0
2024-09-16,0.12618712461837048,0.06436031504256008,0
2024-09-17,0.1312766708318633,0.0694872498729571,0
2024-09-18,0.13370810160892363,0.13208086274712855,0
2024-09-19,0.09852969918454067,0.039685039280187163,0
2024-09-20,0.08847560596863734,0.04244926496491509,0
2024-09-23,0.0934758832720378,0.040534190744114865,0
2024-09-24,0.08746308004641506,0.037962809346175505,0
2024-09-25,0.08653826241730177,0.03974948405278483,0
2024-09-26,0.0782495816663703,0.030589856669352336,0
2024-09-27,0.09542322699696648,0.040188432894250496,0
2024-09-30,0.09345920730230256,0.038624078866547104,1
2024-10-01,0.11901743544528318,0.1109720146851839,0
2024-10-02,0.12181947079722356,0.0931900731490222,0
2024-10-03,0.13931303274409837,0.1258655376515498,0
2024-10-04,0.1314089798892548,0.11219868039713525,0
2024-10-07,0.20431251079480137,0.16060561720844294,0
2024-10-08,0.21298824018686646,0.09740815112306743,0
2024-10-09,0.2241830620135057,0.07729013788056813,0
2024-10-10,0.2326278252806793,0.10484913703999155,0
2024-10-11,0.21179924085706872,0.09525076482763263,0
2024-10-14,0.2284765817953731,0.0991189497079087,1
2024-10-15,0.24495790858387742,0.13046947969215242,0
2024-10-16,0.2139005201803878,0.13434232598404056,0
2024-10-17,0.21683731208845847,0.13577138271831052,0
2024-10-18,0.1948190679395087,0.10479662598210414,0
2024-10-21,0.19772449639346432,0.18639795504306875,0
2024-10-22,0.19702276512564426,0.17512792572689115,1
2024-10-23,0.20915893220221243,0.19466189704103368,0
2024-10-24,0.1996211833887861,0.20641016785348237,0
2024-10-25,0.1958957284456444,0.24295006312925918,0
2024-10-28,0.19267660647320248,0.19251354948005533,0
2024-10-29,0.17674044861902788,0.2303142080864916,0
2024-10-30,0.19729010826950447,0.1732152172552361,1
2024-10-31,0.2375056350389574,0.15320256706961546,0
2024-11-01,0.22693706928135246,0.19844497555161178,0
2024-11-04,0.24686758131955758,0.2634090888637713,0
2024-11-05,0.22851425405625403,0.10498773005668555,0
2024-11-06,0.14749326518036707,0.09409504510304667,0
2024-11-07,0.13836552967259066,0.09693411465579532,0
2024-11-08,0.12238904423136603,0.1096962136381723,0
2024-11-11,0.127694286869403,0.09457053185762904,0
2024-11-12,0.11698944743136643,0.07834283020013864,0
2024-11-13,0.08432022956512893,0.07108232937526242,0
2024-11-14,0.08170343058622156,0.07174056563148255,1
2024-11-15,0.10424357948742978,0.10839488131332588,0
2024-11-18,0.10327091905601615,0.09173221311843617,0
2024-11-19,0.10899542756285918,0.10294972946931351,0
2024-11-20,0.11275539509374825,0.16070943589007555,0
2024-11-21,0.10976872668286279,0.07074574002147718,0
2024-11-22,0.1008341250192058,0.058708609266178435,0
2024-11-25,0.09108255139466839,0.053866827742798135,0
2024-11-26,0.08957564453273091,0.050752049892690505,0
2024-11-27,0.09297084097742725,0.05011439300303436,0
2024-11-29,0.0804669464820467,0.04347843607324838,0
2024-12-02,0.07378178038715767,0.05639735893060002,0
2024-12-03,0.06900180220240258,0.058696466815126636,0
2024-12-04,0.06536549117606166,0.04580169620420107,0
2024-12-05,0.06466968274948659,0.048947275458263884,0
2024-12-06,0.057847607289888754,0.07332855572843563,0
2024-12-09,0.07196556097592345,0.0672140677547022,0
2024-12-10,0.07370259000346656,0.055486515465991905,0
2024-12-11,0.06346281053780431,0.09027892146716461,0
2024-12-12,0.0643175546099173,0.10080559151058299,0
2024-12-13,0.06218574553454189,0.07853472581537059,0
2024-12-16,0.07315387780197191,0.06192828981382042,0
2024-12-17,0.08699589663116794,0.07692443010891031,1
2024-12-18,0.20727463667848103,0.2435916578203212,0
2024-12-19,0.1395372295084668,0.1046138670324728,0
2024-12-20,0.0941406940940399,0.08838192492655927,0
2024-12-23,0.08792223210609755,0.09118110456688083,0
2024-12-24,0.06586561398777178,0.08527212934099239,0
2024-12-26,0.13149848589838625,0.13954404678169718,1
2024-12-27,0.12871308121346742,0.07658438439631962,0
2024-12-30,0.1150267480775587,0.1635222847229834,0
2024-12-31,0.11070424840599757,0.13909598636465756,0
2025-01-02,0.10329565469160978,0.2139892124527067,0
2025-01-03,0.08363222627371238,0.10085587394973082,0
2025-01-06,0.08919840388567862,0.06510068972412081,1
2025-01-07,0.12330039621668765,0.24181863170130766,0
2025-01-08,0.11292928978421846,0.2443557402171139,1
2025-01-10,0.12988583286313443,0.2317608769616978,0
2025-01-13,0.13008028776455527,0.26605947440246147,0
2025-01-14,0.12845824224345914,0.22552125799346875,0
2025-01-15,0.10001542200580535,0.1768932250688699,0
2025-01-16,0.11435716501551463,0.0863299586996678,0
2025-01-17,0.11260282724200932,0.19392599038040823,0
2025-01-21,0.10214343001150263,0.23550363176181738,0
2025-01-22,0.09625028460189863,0.04016259873296734,0
2025-01-23,0.08572949598473147,0.04947533465353759,0
2025-01-24,0.08699758739472516,0.0428036803894659,1
2025-01-27,0.13333064408763212,0.2161119065944054,0
2025-01-28,0.10285186168072966,0.05081037118608017,0
2025-01-29,0.10363963409635367,0.04702265192904742,0
2025-01-30,0.09336285797300001,0.07276425981562332,0
2025-01-31,0.09613262843237776,0.04739347265051647,0
2025-02-03,0.14439203022595906,0.07140189069335155,0
2025-02-04,0.11428486214289175,0.0548178685589983,0
2025-02-05,0.10159419028851742,0.04896407627241746,0
2025-02-06,0.08946785859865991,0.0431027328124806,0
2025-02-07,0.10550496401779907,0.04706973476805448,0
2025-02-10,0.10360957010809148,0.04095814542341456,0
2025-02-11,0.10017008720314317,0.04540535910423538,0
2025-02-12,0.08822738829796133,0.05521849639667746,0
2025-02-13,0.07790715761143616,0.06099765593307261,0
2025-02-14,0.07856475917002027,0.05098289477807029,0
2025-02-18,0.0886785773357131,0.09000705759246581,0
2025-02-19,0.08448414491291195,0.13779540590341136,0
2025-02-20,0.0935577200650751,0.2233319735707524,1
2025-02-21,0.1204832409554285,0.0854225553820645,0
2025-02-24,0.1268736065538039,0.10072894282809916,0
2025-02-25,0.14125500985607925,0.05211730945643346,0
2025-02-26,0.14470820893893302,0.1042668171139229,1
2025-02-27,0.1690442783941609,0.07396966846053002,0
2025-02-28,0.16760957462701473,0.08244151604069196,1
2025-03-03,0.2162597614987907,0.11327728096423173,0
2025-03-04,0.22473453076192978,0.10167247065936287,0
2025-03-05,0.19195866516063578,0.13682536481608165,1
2025-03-06,0.25271033836968165,0.20471977857406584,0
2025-03-07,0.22420911395240878,0.21870850956559812,1
2025-03-10,0.3138086886272619,0.30244944268053214,0
2025-03-11,0.3111190685267023,0.2419174842134054,0
2025-03-12,0.23936677757915753,0.2486298453994962,1
2025-03-13,0.27828294769292455,0.38911716467306084,0
2025-03-14,0.20227728433580608,0.17682643544401547,0
2025-03-17,0.234671409844675,0.27929863693028,1
2025-03-18,0.2442692369020012,0.18235701574162455,0
2025-03-19,0.18227006923677455,0.1753509018776804,0
2025-03-20,0.18613570707819108,0.21835267940876052,0
2025-03-21,0.15463808873987703,0.27705158457796025,0
2025-03-24,0.12270828892419727,0.3018591669290563,0
2025-03-25,0.1226951722726403,0.12178330333219527,1
2025-03-26,0.12615619235065154,0.28999488135808826,0
2025-03-27,0.12998275693147035,0.2633826376758436,1
2025-03-28,0.16262761989092228,0.30855208540102963,0
2025-03-31,0.16571256446362995,0.39669713538105533,0
2025-04-01,0.15629832754138942,0.2126201723055757,0
2025-04-02,0.18662811554325864,0.21704710664907279,1
2025-04-03,0.23038465448062997,0.23840759680689327,1
2025-04-04,0.3713078015058468,0.08968199525513558,0
2025-04-07,0.42596898732830535,0.03836015849646431,1
2025-04-08,0.4245630908993165,0.07246436812934288,0
2025-04-09,0.21030632087910003,0.2396788795650462,1
2025-04-10,0.3124883563324032,0.2772057217054801,0
2025-04-11,0.48727020098920104,0.3204869868385917,0
2025-04-14,0.4334464790772069,0.2341274598482065,0
2025-04-15,0.4866002977695079,0.26839472291765504,1
2025-04-16,0.270101664623261,0.22040872494596345,0
2025-04-17,0.3179970002304018,0.3648294627263054,1
2025-04-21,0.3479030255028028,0.2452326278622968,0
2025-04-22,0.220973293797339,0.3721952298969557,0
2025-04-23,0.20092175547962718,0.3295642009493543,0
2025-04-24,0.19044935114422673,0.3090497853821683,0
2025-04-25,0.14618966245097628,0.23862290297459515,0
2025-04-28,0.17960192959534957,0.2843450423520529,0
2025-04-29,0.14662455785442535,0.2588706680330758,0
2025-04-30,0.13732147370525216,0.32429714012646477,0
2025-05-01,0.11794829421639,0.3762869268024802,0
2025-05-02,0.09479120917612431,0.35813817731569225,0
2025-05-05,0.11135734699596656,0.3760460203269976,0
2025-05-06,0.12690421731010315,0.25125880343043183,0
2025-05-07,0.11810391355909122,0.2135570314711506,0
2025-05-08,0.12209320660107192,0.3275737290506539,0
2025-05-09,0.1448935208555034,0.18094576406722654,0
2025-05-12,0.1370377210075774,0.1960554266874685,0
2025-05-13,0.13988922982125385,0.21603354577226178,0
2025-05-14,0.13055963124976377,0.23625378716390757,0
2025-05-15,0.10976799893221374,0.22829687289186246,0
2025-05-16,0.09854984282569147,0.2922188274388983,0
2025-05-19,0.08977186795601375,0.11952889430205106,0
2025-05-20,0.09442143029754638,0.1317189661572997,1
2025-05-21,0.12119605318722779,0.19810675694352262,0
2025-05-22,0.11244164825213464,0.2701779309467477,0
2025-05-23,0.12914246975990148,0.19017369655860625,0
2025-05-27,0.103773819741104,0.17767536795134697,0
2025-05-28,0.10036578039314036,0.1206378315450357,0
2025-05-29,0.11034486608528697,0.11217378181063904,0
2025-05-30,0.10267546333100545,0.09458940920760144,0
2025-06-02,0.11322211797724023,0.11414137463932424,0
2025-06-03,0.09158947243756035,0.1467558919992078,0
2025-06-04,0.08989161901352433,0.10545195599080348,0
2025-06-05,0.09930049551262264,0.12834281620292584,0
2025-06-06,0.07831620746438245,0.09466131562473512,0
2025-06-09,0.08279061620592525,0.11331856340795832,0
2025-06-10,0.080629047985009,0.09766933287944485,0
2025-06-11,0.0905267364373498,0.0938072890044426,0
2025-06-12,0.10506503014035518,0.08816655557893817,0
2025-06-13,0.11992547525470604,0.1846134367722479,0
2025-06-16,0.11041275849525382,0.11746018796875889,0
2025-06-17,0.13199276274371521,0.2190224470346445,0
2025-06-18,0.1158187447520843,0.16467306177101165,0
2025-06-20,0.12353016470888314,0.12394932443345377,0
2025-06-23,0.14161536452609283,0.0855693676307914,0
2025-06-24,0.10542500855278591,0.07191132456649557,0
2025-06-25,0.10957152932106225,0.07241360557145674,0
2025-06-26,0.10102391353697757,0.07252946679058146,0
2025-06-27,0.09797189573835755,0.04922204957860862,0
2025-06-30,0.10030256968977774,0.15055677239311213,0
2025-07-01,0.09536469752987357,0.056126508455671034,0
2025-07-02,0.08809474105783292,0.13390485215999726,0
2025-07-03,0.08357367501247295,0.05005339659030414,0
2025-07-07,0.0926468105691195,0.09004500763089107,0
2025-07-08,0.08969721456347533,0.056903562930908265,0
2025-07-09,0.0819826830445152,0.07549380765454115,0
2025-07-10,0.07991176685266009,0.05986885017472161,0
2025-07-11,0.08500465604963987,0.07174813839348493,0
2025-07-14,0.10125935629130209,0.06146356884831473,0
2025-07-15,0.09144684572074323,0.08619433590317518,0
2025-07-16,0.08620273694712506,0.08341484197802614,0
2025-07-17,0.08069788914226037,0.06738785255410461,0
2025-07-18,0.08348728497638329,0.06882377588336408,0
2025-07-21,0.08787030252251499,0.06725996061937509,0
2025-07-22,0.09003298962914835,0.0556082368880562,0
2025-07-23,0.08427603347240363,0.03262166844133276,0
2025-07-24,0.08385928134099344,0.040196011173896526,0
2025-07-25,0.07812035455315942,0.05649563625128051,0
2025-07-28,0.0824852025199818,0.05894143100700999,0
2025-07-29,0.09371180621589545,0.057985370135605396,0
2025-07-30,0.08147708271540609,0.09182597476840441,0
2025-07-31,0.09044023613467116,0.11927370993865966,1
2025-08-01,0.12779080693939276,0.17140967965324916,0
2025-08-04,0.09279817622410343,0.058139749045149014,0
2025-08-05,0.09777877869761817,0.08596417586971093,0
2025-08-06,0.08051599961730622,0.09913613634088993,0
2025-08-07,0.08286653847774772,0.0657553670061059,0
2025-08-08,0.08096428358647523,0.04422202600256306,0
2025-08-11,0.08128884320053725,0.07979926003994417,0
2025-08-12,0.06973128552465535,0.04363110263898852,0
2025-08-13,0.06722755762722603,0.0412378688474896,0
2025-08-14,0.06658754825208442,0.045824516790571916,0
2025-08-15,0.06431702736435997,0.06202073903170823,0
2025-08-18,0.07174501737131861,0.07343162431344757,1
2025-08-19,0.07137026014397248,0.09821895470235024,0
2025-08-20,0.06795922344953188,0.09196985300361292,0
2025-08-21,0.08100262937600759,0.0703064558740263,0
2025-08-22,0.06065041768112762,0.035673489290259985,0
2025-08-25,0.0672558755051085,0.05428487406159716,0
2025-08-26,0.0667717052468307,0.036171644987107066,0
2025-08-27,0.07103006751199656,0.03998646276765722,0
2025-08-28,0.07060743680394277,0.03842912100970873,0
2025-08-29,0.07086863453873482,0.051113513011918583,0
2025-09-02,0.0957816206753889,0.06840396337679472,0
2025-09-03,0.08597855580485764,0.05887695056760779,0
2025-09-04,0.07686071227373867,0.04356886995735883,0
2025-09-05,0.07257427275685593,0.05957622992833013,0
2025-09-08,0.07653513053217273,0.06341696193842354,0
2025-09-09,0.08226326453182184,0.057179819105078106,0
2025-09-10,0.08215065980163032,0.039958845218519855,0
2025-09-11,0.06940367690924026,0.043130880371147845,0
2025-09-12,0.06894815029942739,0.045823030340693384,0
2025-09-15,0.0758666248792142,0.052918369151628245,0
2025-09-16,0.08203566544755435,0.06444734754784825,0
2025-09-17,0.07498999834974165,0.06268288675141008,0
2025-09-18,0.0705774457662273,0.05303817002864249,0
2025-09-19,0.06566002941647478,0.05303817002864249,0
2025-09-22,0.0731523839001146,0.05562206363963499,0
2025-09-23,0.08357477370397294,0.06444997239273874,0
2025-09-24,0.07938885983430513,0.06799784056915935,0
2025-09-25,0.08384053097852608,0.07527481962424526,0
2025-09-26,0.07260909588721591,0.06906087380002641,0
2025-09-29,0.08314862622507502,0.07187293082278065,0
2025-09-30,0.08773155019774599,0.06106932048289558,0
2025-10-01,0.08535657578809039,0.09342295707534157,0
2025-10-02,0.0924278063177492,0.10139158142208866,0
2025-10-03,0.08310549858323411,0.15987025295833543,0
2025-10-06,0.08326329713860961,0.09466367321807367,0
2025-10-07,0.09408619917426289,0.09747664883875988,0
2025-10-08,0.08398351408380429,0.09155404651325323,0
2025-10-09,0.08366392365152632,0.10946375714628824,1
2025-10-10,0.1278749463874038,0.18746264999991707,0
2025-10-13,0.10144630698780047,0.1811742605459855,0
2025-10-14,0.12452184671358982,0.14298585746457668,0
2025-10-15,0.11411478788734906,0.16306812902204554,0
2025-10-16,0.15600769597500905,0.2944121054374834,0
2025-10-17,0.15063292852502308,0.12059208711412013,0
2025-10-20,0.10731925368539455,0.09595965763224217,0
2025-10-21,0.11718602063172877,0.10967956843377764,0
2025-10-22,0.12745929021344776,0.11172758538097982,0
2025-10-23,0.13986059009234084,0.14022788483287257,0
2025-10-24,0.09309755736613498,0.04585106842849886,0
2025-10-27,0.07034447965018775,0.04636714027685103,0
2025-10-28,0.06896331495806891,0.05205886411167123,0
2025-10-29,0.07297576644768611,0.05684165982604819,1
2025-10-30,0.06879933816893176,0.07136886700388968,0
2025-10-31,0.06522597237362081,0.1738497726676178,0
2025-11-03,0.06091935377786027,0.07249026650802025,1
2025-11-04,0.07959795280342837,0.1263536445288892,0
2025-11-05,0.07785104886911338,0.13977586767436617,1
2025-11-06,0.09457444666097754,0.16830039527904153,0
2025-11-07,0.09289481670237063,0.10254494312699376,0
2025-11-10,0.08307869138163491,0.07609146733366048,0
2025-11-11,0.08694189054325582,0.0667464605795837,0
2025-11-12,0.0871397450395578,0.15734532773920795,1
2025-11-13,0.11996088729998518,0.14244774926190995,0
2025-11-14,0.11702690212013704,0.1286915295353001,0
2025-11-17,0.13409954727196247,0.20564175480528837,0
2025-11-18,0.15845423236115838,0.19986345853061016,0
2025-11-19,0.1440589865439769,0.15726006163972944,1
2025-11-20,0.1889463700406417,0.12988471400541243,0
2025-11-21,0.16153047629316938,0.1347441129161626,0
2025-11-24,0.14544424020289987,0.1859154796229198,0
2025-11-25,0.14130751540598774,0.09400992008872666,0
2025-11-26,0.11665493170895583,0.06110357575190183,0
2025-11-28,0.11597001772692032,0.14484661789473444,0
2025-12-01,0.11023884853947832,0.14381716474176254,0
2025-12-02,0.08772983142809923,0.044774616241239844,0
2025-12-03,0.07225970670155596,0.058594335056995156,0
2025-12-04,0.06528028692042584,0.04440769551898386,0
2025-12-05,0.05954033267973285,0.04035683907915726,0
2025-12-08,0.07442876544159048,0.054777236670807916,0
2025-12-09,0.07714044980741626,0.05945912085697584,0
2025-12-10,0.06755954825423158,0.05305468234777101,0
2025-12-11,0.058199535233647265,0.036454179384805226,1
2025-12-12,0.06753325230596412,0.05630336053968871,0
2025-12-15,0.08537877278389767,0.038882864821607584,0
2025-12-16,0.08335835016432812,0.04187828212577191,1
2025-12-17,0.09148947611076545,0.06608964076578147,0
2025-12-18,0.07725906705728573,0.05502383298622478,0
2025-12-19,0.06279148877334358,0.0434089679463221,0
2025-12-22,0.059471401296257644,0.031151948309220568,0
2025-12-23,0.059339104482052714,0.02621955146166661,0
2025-12-24,0.05694366203608841,0.025130799335648088,0
2025-12-26,0.05609721753699117,0.03641705527608212,0
2025-12-29,0.05836092606347142,0.04557381291914484,0
2025-12-30,0.0599658644487978,0.049018498989833126,0
2025-12-31,0.06712276051055842,0.05678130493370667,0
2026-01-02,0.059484744995951515,0.054678712582975526,0
2026-01-05,0.06123580636482652,0.05505087056409994,0
2026-01-06,0.06311044901400749,0.04157512229255334,0
2026-01-07,0.06666988474630574,0.052646367187353646,0
2026-01-08,0.07428112520483512,0.05888321902191849,0
2026-01-09,0.060296278217867504,0.041232842513338044,0
2026-01-12,0.06768056799685761,0.04471558876201647,0
2026-01-13,0.07413872691239919,0.050209283840297644,0
2026-01-14,0.08536593577028373,0.05901173222814533,0
2026-01-15,0.07700563673018211,0.05675158722629835,0
2026-01-16,0.07203814340993395,0.06263136347953224,1
2026-01-20,0.1230986034634719,0.08073473164282387,0
2026-01-21,0.09185250987830747,0.2739850098291475,0
2026-01-22,0.07830167306281507,0.06019013270869385,0
2026-01-23,0.07886409241712777,0.07691270563969292,0
2026-01-26,0.078028197915817,0.07726781733634278,0
2026-01-27,0.0960735933541336,0.045115323224624776,0
2026-01-28,0.07934853112152986,0.05222240639852471,0
2026-01-29,0.07923973608960315,0.06393905496600259,0
2026-01-30,0.08801574174950429,0.08191868429553349,0
2026-02-02,0.07633555027742916,0.05058864037871174,1
2026-02-03,0.09189094943177639,0.10791585034573674,1
2026-02-04,0.10248661541508015,0.1568194124355833,1
2026-02-05,0.1430830399218314,0.17061609861994115,0
2026-02-06,0.1373585047904671,0.1870278080787961,0
2026-02-09,0.0799547680427168,0.1173004303277812,0
2026-02-10,0.09316242240555232,0.12456893965658342,0
2026-02-11,0.0942527809980764,0.11975949861853939,1
2026-02-12,0.14893496748828985,0.2074246817304641,0
2026-02-13,0.14221053969501482,0.18139808310981112,0
2026-02-17,0.1200657193803712,0.20196553473687945,0
2026-02-18,0.10938018334282389,0.10661683056021272,0
2026-02-19,0.11855557681631552,0.14490572450600853,0
2026-02-20,0.1271058195081872,0.12602075582569972,0
2026-02-23,0.15403750384978115,0.1926343419237772,0
2026-02-24,0.1291985684039971,0.15589968485965444,0
2026-02-25,0.10592765832387507,0.12062512257962359,0
2026-02-26,0.11989914301172157,0.19210978569067852,0
2026-02-27,0.13359159917470076,0.24792323510116984,0
2026-03-02,0.16118558986177986,0.3289247501737601,0
2026-03-03,0.1779052941419759,0.19458803086977827,0
2026-03-04,0.1264972988122214,0.2000384363232355,0
2026-03-05,0.1537354359424485,0.11414176695631749,1
2026-03-06,0.2240549561018501,0.24726452826288473,0
2026-03-09,0.18713216416782302,0.08938033036346534,0
2026-03-10,0.19773359039078242,0.13458192587380635,0
2026-03-11,0.17128592525758138,0.1656903478219713,1
2026-03-12,0.23714072333608496,0.2239252860501747,0
2026-03-13,0.29403369621783076,0.2902349414419609,0
2026-03-16,0.19395608685664956,0.23216668945137173,0
2026-03-17,0.1677695552597905,0.23424212858510282,1
2026-03-18,0.18853993022947144,0.21934978434989313,0
2026-03-19,0.214919721627193,0.18831414668961555,1
2026-03-20,0.26423377039134127,0.16460867344994431,0
2026-03-23,0.22365100195810772,0.18524378392172958,0
2026-03-24,0.22879522151223278,0.1512866203540215,0
2026-03-25,0.23316712645126456,0.2302490158903633,1
2026-03-26,0.2578185353249069,0.12309259962275627,1
2026-03-27,0.33081389825511665,0.10079178831070658,0
2026-03-30,0.3126088399885884,0.13083595768376557,0
2026-03-31,0.22838082005112334,0.19681143260847697,0
2026-04-01,0.2041459781290517,0.1942941807042563,0
2026-04-02,0.20887669886364088,0.16669406529046518,0
2026-04-06,0.24172572247582108,0.15495846065426777,0
2026-04-07,0.263463901374961,0.19234349579948917,0
2026-04-08,0.14963740280186005,0.08901663672362854,0
2026-04-09,0.12211057421435705,0.06262905361775246,0
2026-04-10,0.11207872251387536,0.06927068463513442,0
2026-04-13,0.1170307998274793,0.11352499923107293,0
2026-04-14,0.1115460635480575,0.13466248754618554,0
2026-04-15,0.081908392979326,0.07427297681460278,0
2026-04-16,0.07202323001329289,0.07529356888015654,0
2026-04-17,0.06732128699614587,0.06885591548450036,0
2026-04-20,0.07844850701022295,0.09147341780677809,0
2026-04-21,0.08769224459258762,0.09753705603992589,0
2026-04-22,0.0760877747052677,0.12938691234253616,0
2026-04-23,0.07870758736301622,0.1445555959337361,0
2026-04-24,0.06715352073236809,0.15535219773223216,0
2026-04-27,0.07100252152899711,0.14955285498429635,0
2026-04-28,0.07639857280691134,0.12707668851795256,0
2026-04-29,0.08593189629841727,0.1451669344573169,0
2026-04-30,0.07871399520252845,0.09727673164979236,0
2026-05-01,0.07317973570307014,0.15351356047933948,0
2026-05-04,0.08252830498248141,0.0793660828326104,0
2026-05-05,0.06969633742314496,0.06373417068765633,0
2026-05-06,0.0712712440471753,0.07717880420104758,0
2026-05-07,0.06874808090993922,0.11440028946373718,0
2026-05-08,0.06711496668390275,0.10746044887232392,0
2026-05-11,0.07916153927745813,0.10605099862856376,0
2026-05-12,0.07655164139046106,0.16188370452138862,0
2026-05-13,0.07416162061255457,0.15791018437661172,0
2026-05-14,0.06557811737389975,0.08168429248226534,1
2026-05-15,0.07988216394601612,0.11498145833777443,0
2026-05-18,0.08475986420918688,0.1250890755776114,0
2026-05-19,0.0859202801659378,0.1567209754659258,0
2026-05-20,0.08007174384376728,0.15818450598366046,0
2026-05-21,0.07649692406368588,0.14331401886293132,0
2026-05-22,0.08063189276905032,0.08029323170777447,0
2026-05-26,0.08207638168518595,0.06955750047391088,0
2026-05-27,0.07239434539489852,0.06030695300617008,0
2026-05-28,0.0665767654050264,0.05533740739088543,0
2026-05-29,0.06637658786405366,0.05600494983298438,0
2026-06-01,0.07042320317334,0.056311099800054845,0
2026-06-02,0.06869548727112529,0.049652234266851746,0
2026-06-03,0.06790224460237004,0.06503917954973111,0
2026-06-04,0.06366251575670097,0.06978974585424037,1
2026-06-05,0.12983851393117776,0.138861027328128,0
2026-06-08,0.10285636487007674,0.12027318365765878,1
