DATE,OPEN,HIGH,LOW,CLOSE
01/03/2006,23.500000,23.500000,23.500000,23.500000
01/04/2006,24.330000,24.330000,24.330000,24.330000
01/05/2006,23.550000,23.550000,23.550000,23.550000
01/06/2006,22.860000,22.860000,22.860000,22.860000
01/09/2006,21.970000,21.970000,21.970000,21.970000
01/10/2006,20.850000,20.850000,20.850000,20.850000
01/11/2006,20.770000,20.770000,20.770000,20.770000
01/12/2006,20.570000,20.570000,20.570000,20.570000
01/13/2006,21.240000,21.240000,21.240000,21.240000
01/17/2006,22.580000,22.580000,22.580000,22.580000
01/18/2006,22.900000,22.900000,22.900000,22.900000
01/19/2006,21.440000,21.440000,21.440000,21.440000
01/20/2006,28.140000,28.140000,28.140000,28.140000
01/23/2006,26.800000,26.800000,26.800000,26.800000
01/24/2006,25.310000,25.310000,25.310000,25.310000
01/25/2006,25.290000,25.290000,25.290000,25.290000
01/26/2006,24.810000,24.810000,24.810000,24.810000
01/27/2006,24.400000,24.400000,24.400000,24.400000
01/30/2006,25.330000,25.330000,25.330000,25.330000
01/31/2006,24.890000,24.890000,24.890000,24.890000
02/01/2006,26.030000,26.030000,26.030000,26.030000
02/02/2006,29.220000,29.220000,29.220000,29.220000
02/03/2006,27.740000,27.740000,27.740000,27.740000
02/06/2006,24.830000,24.830000,24.830000,24.830000
02/07/2006,27.710000,27.710000,27.710000,27.710000
02/08/2006,25.440000,25.440000,25.440000,25.440000
02/09/2006,27.030000,27.030000,27.030000,27.030000
02/10/2006,26.860000,26.860000,26.860000,26.860000
02/13/2006,27.750000,27.750000,27.750000,27.750000
02/14/2006,25.540000,25.540000,25.540000,25.540000
02/15/2006,24.190000,24.190000,24.190000,24.190000
02/16/2006,22.100000,22.100000,22.100000,22.100000
02/17/2006,24.710000,24.710000,24.710000,24.710000
02/21/2006,26.170000,26.170000,26.170000,26.170000
02/22/2006,25.880000,25.880000,25.880000,25.880000
02/23/2006,26.030000,26.030000,26.030000,26.030000
02/24/2006,25.420000,25.420000,25.420000,25.420000
02/27/2006,25.560000,25.560000,25.560000,25.560000
02/28/2006,29.820000,29.820000,29.820000,29.820000
03/01/2006,24.640000,24.640000,24.640000,24.640000
03/02/2006,25.740000,25.740000,25.740000,25.740000
03/03/2006,27.760000,27.760000,27.760000,27.760000
03/06/2006,30.570000,30.570000,30.570000,30.570000
03/07/2006,31.030000,31.030000,31.030000,31.030000
03/08/2006,29.940000,29.940000,29.940000,29.940000
03/09/2006,31.720000,31.720000,31.720000,31.720000
03/10/2006,28.750000,28.750000,28.750000,28.750000
03/13/2006,26.650000,26.650000,26.650000,26.650000
03/14/2006,25.540000,25.540000,25.540000,25.540000
03/15/2006,25.700000,25.700000,25.700000,25.700000
03/16/2006,25.210000,25.210000,25.210000,25.210000
03/17/2006,26.440000,26.440000,26.440000,26.440000
03/20/2006,30.910000,30.910000,30.910000,30.910000
03/21/2006,30.550000,30.550000,30.550000,30.550000
03/22/2006,27.710000,27.710000,27.710000,27.710000
03/23/2006,27.440000,27.440000,27.440000,27.440000
03/24/2006,28.120000,28.120000,28.120000,28.120000
03/27/2006,28.760000,28.760000,28.760000,28.760000
03/28/2006,27.040000,27.040000,27.040000,27.040000
03/29/2006,24.870000,24.870000,24.870000,24.870000
03/30/2006,28.550000,28.550000,28.550000,28.550000
03/31/2006,29.080000,29.080000,29.080000,29.080000
04/03/2006,25.840000,25.840000,25.840000,25.840000
04/04/2006,24.230000,24.230000,24.230000,24.230000
04/05/2006,24.230000,24.230000,24.230000,24.230000
04/06/2006,24.040000,24.040000,24.040000,24.040000
04/07/2006,26.800000,26.800000,26.800000,26.800000
04/10/2006,25.570000,25.570000,25.570000,25.570000
04/11/2006,29.490000,29.490000,29.490000,29.490000
04/12/2006,28.100000,28.100000,28.100000,28.100000
04/13/2006,26.990000,26.990000,26.990000,26.990000
04/17/2006,25.780000,25.780000,25.780000,25.780000
04/18/2006,22.090000,22.090000,22.090000,22.090000
04/19/2006,21.140000,21.140000,21.140000,21.140000
04/20/2006,21.500000,21.500000,21.500000,21.500000
04/21/2006,22.400000,22.400000,22.400000,22.400000
04/24/2006,23.200000,23.200000,23.200000,23.200000
04/25/2006,23.670000,23.670000,23.670000,23.670000
04/26/2006,25.470000,25.470000,25.470000,25.470000
04/27/2006,24.270000,24.270000,24.270000,24.270000
04/28/2006,24.470000,24.470000,24.470000,24.470000
05/01/2006,27.510000,27.510000,27.510000,27.510000
05/02/2006,24.800000,24.800000,24.800000,24.800000
05/03/2006,26.360000,26.360000,26.360000,26.360000
05/04/2006,25.890000,25.890000,25.890000,25.890000
05/05/2006,24.970000,24.970000,24.970000,24.970000
05/08/2006,27.110000,27.110000,27.110000,27.110000
05/09/2006,26.970000,26.970000,26.970000,26.970000
05/10/2006,27.000000,27.000000,27.000000,27.000000
05/11/2006,27.660000,27.660000,27.660000,27.660000
05/12/2006,33.810000,33.810000,33.810000,33.810000
05/15/2006,32.070000,32.070000,32.070000,32.070000
05/16/2006,31.550000,31.550000,31.550000,31.550000
05/17/2006,42.030000,42.030000,42.030000,42.030000
05/18/2006,43.480000,43.480000,43.480000,43.480000
05/19/2006,37.380000,37.380000,37.380000,37.380000
05/22/2006,39.470000,39.470000,39.470000,39.470000
05/23/2006,47.180000,47.180000,47.180000,47.180000
05/24/2006,38.080000,38.080000,38.080000,38.080000
05/25/2006,34.460000,34.460000,34.460000,34.460000
05/26/2006,31.990000,31.990000,31.990000,31.990000
05/30/2006,47.960000,47.960000,47.960000,47.960000
05/31/2006,37.200000,37.200000,37.200000,37.200000
06/01/2006,31.500000,31.500000,31.500000,31.500000
06/02/2006,32.330000,32.330000,32.330000,32.330000
06/05/2006,42.060000,42.060000,42.060000,42.060000
06/06/2006,42.890000,42.890000,42.890000,42.890000
06/07/2006,43.820000,43.820000,43.820000,43.820000
06/08/2006,45.840000,45.840000,45.840000,45.840000
06/09/2006,45.300000,45.300000,45.300000,45.300000
06/12/2006,52.220000,52.220000,52.220000,52.220000
06/13/2006,58.530000,58.530000,58.530000,58.530000
06/14/2006,44.610000,44.610000,44.610000,44.610000
06/15/2006,29.170000,29.170000,29.170000,29.170000
06/16/2006,35.500000,35.500000,35.500000,35.500000
06/19/2006,45.090000,45.090000,45.090000,45.090000
06/20/2006,41.330000,41.330000,41.330000,41.330000
06/21/2006,37.420000,37.420000,37.420000,37.420000
06/22/2006,38.540000,38.540000,38.540000,38.540000
06/23/2006,40.720000,40.720000,40.720000,40.720000
06/26/2006,37.220000,37.220000,37.220000,37.220000
06/27/2006,40.980000,40.980000,40.980000,40.980000
06/28/2006,37.820000,37.820000,37.820000,37.820000
06/29/2006,27.730000,27.730000,27.730000,27.730000
06/30/2006,28.440000,28.440000,28.440000,28.440000
07/03/2006,27.020000,27.020000,27.020000,27.020000
07/05/2006,29.670000,29.670000,29.670000,29.670000
07/06/2006,29.480000,29.480000,29.480000,29.480000
07/07/2006,30.450000,30.450000,30.450000,30.450000
07/10/2006,29.320000,29.320000,29.320000,29.320000
07/11/2006,25.620000,25.620000,25.620000,25.620000
07/12/2006,30.400000,30.400000,30.400000,30.400000
07/13/2006,41.440000,41.440000,41.440000,41.440000
07/14/2006,38.800000,38.800000,38.800000,38.800000
07/17/2006,40.660000,40.660000,40.660000,40.660000
07/18/2006,38.600000,38.600000,38.600000,38.600000
07/19/2006,32.780000,32.780000,32.780000,32.780000
07/20/2006,35.020000,35.020000,35.020000,35.020000
07/21/2006,44.710000,44.710000,44.710000,44.710000
07/24/2006,33.530000,33.530000,33.530000,33.530000
07/25/2006,35.120000,35.120000,35.120000,35.120000
07/26/2006,33.830000,33.830000,33.830000,33.830000
07/27/2006,35.890000,35.890000,35.890000,35.890000
07/28/2006,33.700000,33.700000,33.700000,33.700000
07/31/2006,35.030000,35.030000,35.030000,35.030000
08/01/2006,34.710000,34.710000,34.710000,34.710000
08/02/2006,33.050000,33.050000,33.050000,33.050000
08/03/2006,33.990000,33.990000,33.990000,33.990000
08/04/2006,33.370000,33.370000,33.370000,33.370000
08/07/2006,35.590000,35.590000,35.590000,35.590000
08/08/2006,36.300000,36.300000,36.300000,36.300000
08/09/2006,37.550000,37.550000,37.550000,37.550000
08/10/2006,33.460000,33.460000,33.460000,33.460000
08/11/2006,34.150000,34.150000,34.150000,34.150000
08/14/2006,33.770000,33.770000,33.770000,33.770000
08/15/2006,31.340000,31.340000,31.340000,31.340000
08/16/2006,27.290000,27.290000,27.290000,27.290000
08/17/2006,24.400000,24.400000,24.400000,24.400000
08/18/2006,24.270000,24.270000,24.270000,24.270000
08/21/2006,26.410000,26.410000,26.410000,26.410000
08/22/2006,27.920000,27.920000,27.920000,27.920000
08/23/2006,29.420000,29.420000,29.420000,29.420000
08/24/2006,29.580000,29.580000,29.580000,29.580000
08/25/2006,28.440000,28.440000,28.440000,28.440000
08/28/2006,26.750000,26.750000,26.750000,26.750000
08/29/2006,26.570000,26.570000,26.570000,26.570000
08/30/2006,26.730000,26.730000,26.730000,26.730000
08/31/2006,27.510000,27.510000,27.510000,27.510000
09/01/2006,27.110000,27.110000,27.110000,27.110000
09/05/2006,26.950000,26.950000,26.950000,26.950000
09/06/2006,30.920000,30.920000,30.920000,30.920000
09/07/2006,29.560000,29.560000,29.560000,29.560000
09/08/2006,26.850000,26.850000,26.850000,26.850000
09/11/2006,26.080000,26.080000,26.080000,26.080000
09/12/2006,24.270000,24.270000,24.270000,24.270000
09/13/2006,21.960000,21.960000,21.960000,21.960000
09/14/2006,23.350000,23.350000,23.350000,23.350000
09/15/2006,21.720000,21.720000,21.720000,21.720000
09/18/2006,24.840000,24.840000,24.840000,24.840000
09/19/2006,25.400000,25.400000,25.400000,25.400000
09/20/2006,23.780000,23.780000,23.780000,23.780000
09/21/2006,26.280000,26.280000,26.280000,26.280000
09/22/2006,28.550000,28.550000,28.550000,28.550000
09/25/2006,23.080000,23.080000,23.080000,23.080000
09/26/2006,22.340000,22.340000,22.340000,22.340000
09/27/2006,22.280000,22.280000,22.280000,22.280000
09/28/2006,23.810000,23.810000,23.810000,23.810000
09/29/2006,24.460000,24.460000,24.460000,24.460000
10/02/2006,24.260000,24.260000,24.260000,24.260000
10/03/2006,23.510000,23.510000,23.510000,23.510000
10/04/2006,21.880000,21.880000,21.880000,21.880000
10/05/2006,23.140000,23.140000,23.140000,23.140000
10/06/2006,20.760000,20.760000,20.760000,20.760000
10/09/2006,20.120000,20.120000,20.120000,20.120000
10/10/2006,19.390000,19.390000,19.390000,19.390000
10/11/2006,19.820000,19.820000,19.820000,19.820000
10/12/2006,18.070000,18.070000,18.070000,18.070000
10/13/2006,17.100000,17.100000,17.100000,17.100000
10/16/2006,17.640000,17.640000,17.640000,17.640000
10/17/2006,19.810000,19.810000,19.810000,19.810000
10/18/2006,19.840000,19.840000,19.840000,19.840000
10/19/2006,18.960000,18.960000,18.960000,18.960000
10/20/2006,19.250000,19.250000,19.250000,19.250000
10/23/2006,21.710000,21.710000,21.710000,21.710000
10/24/2006,22.190000,22.190000,22.190000,22.190000
10/25/2006,23.720000,23.720000,23.720000,23.720000
10/26/2006,23.250000,23.250000,23.250000,23.250000
10/27/2006,24.580000,24.580000,24.580000,24.580000
10/30/2006,25.660000,25.660000,25.660000,25.660000
10/31/2006,25.240000,25.240000,25.240000,25.240000
11/01/2006,27.410000,27.410000,27.410000,27.410000
11/02/2006,27.660000,27.660000,27.660000,27.660000
11/03/2006,27.270000,27.270000,27.270000,27.270000
11/06/2006,24.870000,24.870000,24.870000,24.870000
11/07/2006,25.180000,25.180000,25.180000,25.180000
11/08/2006,23.590000,23.590000,23.590000,23.590000
11/09/2006,24.380000,24.380000,24.380000,24.380000
11/10/2006,24.190000,24.190000,24.190000,24.190000
11/13/2006,23.780000,23.780000,23.780000,23.780000
11/14/2006,23.310000,23.310000,23.310000,23.310000
11/15/2006,22.680000,22.680000,22.680000,22.680000
11/16/2006,22.680000,22.680000,22.680000,22.680000
11/17/2006,22.100000,22.100000,22.100000,22.100000
11/20/2006,23.740000,23.740000,23.740000,23.740000
11/21/2006,23.140000,23.140000,23.140000,23.140000
11/22/2006,25.640000,25.640000,25.640000,25.640000
11/24/2006,25.680000,25.680000,25.680000,25.680000
11/27/2006,29.180000,29.180000,29.180000,29.180000
11/28/2006,25.680000,25.680000,25.680000,25.680000
11/29/2006,23.030000,23.030000,23.030000,23.030000
11/30/2006,22.670000,22.670000,22.670000,22.670000
12/01/2006,24.530000,24.530000,24.530000,24.530000
12/04/2006,21.970000,21.970000,21.970000,21.970000
12/05/2006,22.110000,22.110000,22.110000,22.110000
12/06/2006,22.370000,22.370000,22.370000,22.370000
12/07/2006,27.450000,27.450000,27.450000,27.450000
12/08/2006,24.540000,24.540000,24.540000,24.540000
12/11/2006,22.680000,22.680000,22.680000,22.680000
12/12/2006,22.980000,22.980000,22.980000,22.980000
12/13/2006,21.050000,21.050000,21.050000,21.050000
12/14/2006,19.350000,19.350000,19.350000,19.350000
12/15/2006,20.270000,20.270000,20.270000,20.270000
12/18/2006,21.250000,21.250000,21.250000,21.250000
12/19/2006,20.510000,20.510000,20.510000,20.510000
12/20/2006,20.590000,20.590000,20.590000,20.590000
12/21/2006,22.950000,22.950000,22.950000,22.950000
12/22/2006,26.300000,26.300000,26.300000,26.300000
12/26/2006,22.650000,22.650000,22.650000,22.650000
12/27/2006,20.700000,20.700000,20.700000,20.700000
12/28/2006,22.950000,22.950000,22.950000,22.950000
12/29/2006,26.030000,26.030000,26.030000,26.030000
01/03/2007,24.650000,24.650000,24.650000,24.650000
01/04/2007,21.500000,21.500000,21.500000,21.500000
01/05/2007,24.530000,24.530000,24.530000,24.530000
01/08/2007,21.830000,21.830000,21.830000,21.830000
01/09/2007,22.680000,22.680000,22.680000,22.680000
01/10/2007,20.590000,20.590000,20.590000,20.590000
01/11/2007,18.900000,18.900000,18.900000,18.900000
01/12/2007,16.160000,16.160000,16.160000,16.160000
01/16/2007,16.260000,16.260000,16.260000,16.260000
01/17/2007,16.460000,16.460000,16.460000,16.460000
01/18/2007,16.790000,16.790000,16.790000,16.790000
01/19/2007,17.370000,17.370000,17.370000,17.370000
01/22/2007,19.380000,19.380000,19.380000,19.380000
01/23/2007,18.780000,18.780000,18.780000,18.780000
01/24/2007,17.420000,17.420000,17.420000,17.420000
01/25/2007,22.580000,22.580000,22.580000,22.580000
01/26/2007,23.060000,23.060000,23.060000,23.060000
01/29/2007,24.480000,24.480000,24.480000,24.480000
01/30/2007,23.240000,23.240000,23.240000,23.240000
01/31/2007,21.300000,21.300000,21.300000,21.300000
02/01/2007,22.470000,22.470000,22.470000,22.470000
02/02/2007,21.180000,21.180000,21.180000,21.180000
02/05/2007,21.950000,21.950000,21.950000,21.950000
02/06/2007,22.330000,22.330000,22.330000,22.330000
02/07/2007,22.410000,22.410000,22.410000,22.410000
02/08/2007,23.000000,23.000000,23.000000,23.000000
02/09/2007,26.350000,26.350000,26.350000,26.350000
02/12/2007,28.050000,28.050000,28.050000,28.050000
02/13/2007,22.400000,22.400000,22.400000,22.400000
02/14/2007,23.180000,23.180000,23.180000,23.180000
02/15/2007,23.930000,23.930000,23.930000,23.930000
02/16/2007,23.360000,23.360000,23.360000,23.360000
02/20/2007,25.280000,25.280000,25.280000,25.280000
02/21/2007,27.050000,27.050000,27.050000,27.050000
02/22/2007,27.260000,27.260000,27.260000,27.260000
02/23/2007,28.560000,28.560000,28.560000,28.560000
02/26/2007,30.130000,30.130000,30.130000,30.130000
02/27/2007,55.640000,55.640000,55.640000,55.640000
02/28/2007,46.080000,46.080000,46.080000,46.080000
03/01/2007,45.660000,45.660000,45.660000,45.660000
03/02/2007,56.100000,56.100000,56.100000,56.100000
03/05/2007,56.740000,56.740000,56.740000,56.740000
03/06/2007,42.930000,42.930000,42.930000,42.930000
03/07/2007,41.680000,41.680000,41.680000,41.680000
03/08/2007,36.940000,36.940000,36.940000,36.940000
03/09/2007,37.110000,37.110000,37.110000,37.110000
03/12/2007,32.380000,32.380000,32.380000,32.380000
03/13/2007,44.810000,44.810000,44.810000,44.810000
03/14/2007,38.030000,38.030000,38.030000,38.030000
03/15/2007,36.550000,36.550000,36.550000,36.550000
03/16/2007,39.730000,39.730000,39.730000,39.730000
03/19/2007,38.030000,38.030000,38.030000,38.030000
03/20/2007,32.580000,32.580000,32.580000,32.580000
03/21/2007,29.370000,29.370000,29.370000,29.370000
03/22/2007,31.780000,31.780000,31.780000,31.780000
03/23/2007,32.580000,32.580000,32.580000,32.580000
03/26/2007,32.440000,32.440000,32.440000,32.440000
03/27/2007,33.850000,33.850000,33.850000,33.850000
03/28/2007,39.760000,39.760000,39.760000,39.760000
03/29/2007,41.320000,41.320000,41.320000,41.320000
03/30/2007,38.130000,38.130000,38.130000,38.130000
04/02/2007,35.860000,35.860000,35.860000,35.860000
04/03/2007,28.930000,28.930000,28.930000,28.930000
04/04/2007,28.140000,28.140000,28.140000,28.140000
04/05/2007,27.180000,27.180000,27.180000,27.180000
04/09/2007,26.610000,26.610000,26.610000,26.610000
04/10/2007,25.530000,25.530000,25.530000,25.530000
04/11/2007,27.720000,27.720000,27.720000,27.720000
04/12/2007,25.890000,25.890000,25.890000,25.890000
04/13/2007,22.860000,22.860000,22.860000,22.860000
04/16/2007,21.330000,21.330000,21.330000,21.330000
04/17/2007,21.160000,21.160000,21.160000,21.160000
04/18/2007,23.950000,23.950000,23.950000,23.950000
04/19/2007,25.800000,25.800000,25.800000,25.800000
04/20/2007,25.880000,25.880000,25.880000,25.880000
04/23/2007,30.500000,30.500000,30.500000,30.500000
04/24/2007,31.700000,31.700000,31.700000,31.700000
04/25/2007,33.790000,33.790000,33.790000,33.790000
04/26/2007,30.150000,30.150000,30.150000,30.150000
04/27/2007,29.950000,29.950000,29.950000,29.950000
04/30/2007,38.710000,38.710000,38.710000,38.710000
05/01/2007,34.810000,34.810000,34.810000,34.810000
05/02/2007,32.940000,32.940000,32.940000,32.940000
05/03/2007,33.620000,33.620000,33.620000,33.620000
05/04/2007,32.470000,32.470000,32.470000,32.470000
05/07/2007,32.150000,32.150000,32.150000,32.150000
05/08/2007,33.300000,33.300000,33.300000,33.300000
05/09/2007,33.270000,33.270000,33.270000,33.270000
05/10/2007,35.350000,35.350000,35.350000,35.350000
05/11/2007,33.810000,33.810000,33.810000,33.810000
05/14/2007,37.830000,37.830000,37.830000,37.830000
05/15/2007,38.130000,38.130000,38.130000,38.130000
05/16/2007,37.000000,37.000000,37.000000,37.000000
05/17/2007,35.540000,35.540000,35.540000,35.540000
05/18/2007,31.800000,31.800000,31.800000,31.800000
05/21/2007,34.660000,34.660000,34.660000,34.660000
05/22/2007,33.960000,33.960000,33.960000,33.960000
05/23/2007,36.100000,36.100000,36.100000,36.100000
05/24/2007,40.860000,40.860000,40.860000,40.860000
05/25/2007,38.290000,38.290000,38.290000,38.290000
05/29/2007,37.330000,37.330000,37.330000,37.330000
05/30/2007,34.520000,34.520000,34.520000,34.520000
05/31/2007,34.530000,34.530000,34.530000,34.530000
06/01/2007,34.140000,34.140000,34.140000,34.140000
06/04/2007,32.760000,32.760000,32.760000,32.760000
06/05/2007,33.490000,33.490000,33.490000,33.490000
06/06/2007,39.990000,39.990000,39.990000,39.990000
06/07/2007,47.980000,47.980000,47.980000,47.980000
06/08/2007,39.040000,39.040000,39.040000,39.040000
06/11/2007,37.990000,37.990000,37.990000,37.990000
06/12/2007,45.190000,45.190000,45.190000,45.190000
06/13/2007,39.010000,39.010000,39.010000,39.010000
06/14/2007,33.800000,33.800000,33.800000,33.800000
06/15/2007,35.700000,35.700000,35.700000,35.700000
06/18/2007,35.600000,35.600000,35.600000,35.600000
06/19/2007,31.950000,31.950000,31.950000,31.950000
06/20/2007,41.590000,41.590000,41.590000,41.590000
06/21/2007,38.340000,38.340000,38.340000,38.340000
06/22/2007,42.830000,42.830000,42.830000,42.830000
06/25/2007,44.920000,44.920000,44.920000,44.920000
06/26/2007,57.420000,57.420000,57.420000,57.420000
06/27/2007,40.260000,40.260000,40.260000,40.260000
06/28/2007,40.640000,40.640000,40.640000,40.640000
06/29/2007,42.130000,42.130000,42.130000,42.130000
07/02/2007,38.320000,38.320000,38.320000,38.320000
07/03/2007,33.710000,33.710000,33.710000,33.710000
07/05/2007,34.470000,34.470000,34.470000,34.470000
07/06/2007,30.900000,30.900000,30.900000,30.900000
07/09/2007,32.330000,32.330000,32.330000,32.330000
07/10/2007,39.750000,39.750000,39.750000,39.750000
07/11/2007,34.250000,34.250000,34.250000,34.250000
07/12/2007,30.710000,30.710000,30.710000,30.710000
07/13/2007,29.550000,29.550000,29.550000,29.550000
07/16/2007,29.260000,29.260000,29.260000,29.260000
07/17/2007,29.030000,29.030000,29.030000,29.030000
07/18/2007,30.050000,30.050000,30.050000,30.050000
07/19/2007,26.860000,26.860000,26.860000,26.860000
07/20/2007,34.010000,34.010000,34.010000,34.010000
07/23/2007,33.610000,33.610000,33.610000,33.610000
07/24/2007,39.510000,39.510000,39.510000,39.510000
07/25/2007,39.670000,39.670000,39.670000,39.670000
07/26/2007,45.050000,45.050000,45.050000,45.050000
07/27/2007,58.170000,58.170000,58.170000,58.170000
07/30/2007,43.330000,43.330000,43.330000,43.330000
07/31/2007,51.610000,51.610000,51.610000,51.610000
08/01/2007,47.710000,47.710000,47.710000,47.710000
08/02/2007,40.270000,40.270000,40.270000,40.270000
08/03/2007,49.600000,49.600000,49.600000,49.600000
08/06/2007,41.980000,41.980000,41.980000,41.980000
08/07/2007,43.970000,43.970000,43.970000,43.970000
08/08/2007,46.260000,46.260000,46.260000,46.260000
08/09/2007,55.970000,55.970000,55.970000,55.970000
08/10/2007,61.800000,61.800000,61.800000,61.800000
08/13/2007,52.110000,52.110000,52.110000,52.110000
08/14/2007,56.320000,56.320000,56.320000,56.320000
08/15/2007,63.990000,63.990000,63.990000,63.990000
08/16/2007,58.190000,58.190000,58.190000,58.190000
08/17/2007,69.630000,69.630000,69.630000,69.630000
08/20/2007,66.390000,66.390000,66.390000,66.390000
08/21/2007,68.220000,68.220000,68.220000,68.220000
08/22/2007,62.900000,62.900000,62.900000,62.900000
08/23/2007,62.460000,62.460000,62.460000,62.460000
08/24/2007,55.240000,55.240000,55.240000,55.240000
08/27/2007,62.950000,62.950000,62.950000,62.950000
08/28/2007,72.380000,72.380000,72.380000,72.380000
08/29/2007,68.130000,68.130000,68.130000,68.130000
08/30/2007,69.420000,69.420000,69.420000,69.420000
08/31/2007,69.040000,69.040000,69.040000,69.040000
09/04/2007,61.260000,61.260000,61.260000,61.260000
09/05/2007,65.100000,65.100000,65.100000,65.100000
09/06/2007,63.530000,63.530000,63.530000,63.530000
09/07/2007,67.580000,67.580000,67.580000,67.580000
09/10/2007,68.930000,68.930000,68.930000,68.930000
09/11/2007,62.750000,62.750000,62.750000,62.750000
09/12/2007,60.480000,60.480000,60.480000,60.480000
09/13/2007,62.260000,62.260000,62.260000,62.260000
09/14/2007,62.550000,62.550000,62.550000,62.550000
09/17/2007,62.770000,62.770000,62.770000,62.770000
09/18/2007,48.990000,48.990000,48.990000,48.990000
09/19/2007,44.740000,44.740000,44.740000,44.740000
09/20/2007,46.290000,46.290000,46.290000,46.290000
09/21/2007,42.840000,42.840000,42.840000,42.840000
09/24/2007,42.290000,42.290000,42.290000,42.290000
09/25/2007,41.340000,41.340000,41.340000,41.340000
09/26/2007,38.300000,38.300000,38.300000,38.300000
09/27/2007,37.510000,37.510000,37.510000,37.510000
09/28/2007,41.700000,41.700000,41.700000,41.700000
10/01/2007,39.010000,39.010000,39.010000,39.010000
10/02/2007,40.500000,40.500000,40.500000,40.500000
10/03/2007,40.360000,40.360000,40.360000,40.360000
10/04/2007,39.140000,39.140000,39.140000,39.140000
10/05/2007,35.070000,35.070000,35.070000,35.070000
10/08/2007,34.020000,34.020000,34.020000,34.020000
10/09/2007,28.830000,28.830000,28.830000,28.830000
10/10/2007,30.110000,30.110000,30.110000,30.110000
10/11/2007,36.850000,36.850000,36.850000,36.850000
10/12/2007,33.530000,33.530000,33.530000,33.530000
10/15/2007,35.490000,35.490000,35.490000,35.490000
10/16/2007,38.100000,38.100000,38.100000,38.100000
10/17/2007,33.440000,33.440000,33.440000,33.440000
10/18/2007,34.410000,34.410000,34.410000,34.410000
10/19/2007,46.300000,46.300000,46.300000,46.300000
10/22/2007,45.280000,45.280000,45.280000,45.280000
10/23/2007,44.750000,44.750000,44.750000,44.750000
10/24/2007,44.680000,44.680000,44.680000,44.680000
10/25/2007,43.510000,43.510000,43.510000,43.510000
10/26/2007,39.360000,39.360000,39.360000,39.360000
10/29/2007,41.180000,41.180000,41.180000,41.180000
10/30/2007,44.700000,44.700000,44.700000,44.700000
10/31/2007,36.290000,36.290000,36.290000,36.290000
11/01/2007,45.720000,45.720000,45.720000,45.720000
11/02/2007,43.520000,43.520000,43.520000,43.520000
11/05/2007,45.910000,45.910000,45.910000,45.910000
11/06/2007,40.620000,40.620000,40.620000,40.620000
11/07/2007,52.150000,52.150000,52.150000,52.150000
11/08/2007,48.060000,48.060000,48.060000,48.060000
11/09/2007,53.150000,53.150000,53.150000,53.150000
11/12/2007,54.910000,54.910000,54.910000,54.910000
11/13/2007,44.100000,44.100000,44.100000,44.100000
11/14/2007,49.570000,49.570000,49.570000,49.570000
11/15/2007,51.910000,51.910000,51.910000,51.910000
11/16/2007,58.160000,58.160000,58.160000,58.160000
11/19/2007,55.750000,55.750000,55.750000,55.750000
11/20/2007,56.790000,56.790000,56.790000,56.790000
11/21/2007,61.800000,61.800000,61.800000,61.800000
11/23/2007,58.370000,58.370000,58.370000,58.370000
11/26/2007,62.560000,62.560000,62.560000,62.560000
11/27/2007,59.890000,59.890000,59.890000,59.890000
11/28/2007,57.080000,57.080000,57.080000,57.080000
11/29/2007,56.590000,56.590000,56.590000,56.590000
11/30/2007,53.280000,53.280000,53.280000,53.280000
12/03/2007,51.240000,51.240000,51.240000,51.240000
12/04/2007,54.180000,54.180000,54.180000,54.180000
12/05/2007,49.690000,49.690000,49.690000,49.690000
12/06/2007,47.590000,47.590000,47.590000,47.590000
12/07/2007,47.330000,47.330000,47.330000,47.330000
12/10/2007,46.130000,46.130000,46.130000,46.130000
12/11/2007,55.680000,55.680000,55.680000,55.680000
12/12/2007,47.770000,47.770000,47.770000,47.770000
12/13/2007,48.850000,48.850000,48.850000,48.850000
12/14/2007,51.280000,51.280000,51.280000,51.280000
12/17/2007,54.260000,54.260000,54.260000,54.260000
12/18/2007,47.690000,47.690000,47.690000,47.690000
12/19/2007,45.790000,45.790000,45.790000,45.790000
12/20/2007,42.660000,42.660000,42.660000,42.660000
12/21/2007,35.880000,35.880000,35.880000,35.880000
12/24/2007,36.330000,36.330000,36.330000,36.330000
12/26/2007,36.260000,36.260000,36.260000,36.260000
12/27/2007,41.650000,41.650000,41.650000,41.650000
12/28/2007,43.240000,43.240000,43.240000,43.240000
12/31/2007,47.450000,47.450000,47.450000,47.450000
01/02/2008,45.960000,45.960000,45.960000,45.960000
01/03/2008,44.410000,44.410000,44.410000,44.410000
01/04/2008,47.020000,47.020000,47.020000,47.020000
01/07/2008,43.020000,43.020000,43.020000,43.020000
01/08/2008,45.350000,45.350000,45.350000,45.350000
01/09/2008,41.030000,41.030000,41.030000,41.030000
01/10/2008,39.940000,39.940000,39.940000,39.940000
01/11/2008,37.900000,37.900000,37.900000,37.900000
01/14/2008,37.860000,37.860000,37.860000,37.860000
01/15/2008,38.460000,38.460000,38.460000,38.460000
01/16/2008,40.470000,40.470000,40.470000,40.470000
01/17/2008,47.190000,47.190000,47.190000,47.190000
01/18/2008,43.090000,43.090000,43.090000,43.090000
01/22/2008,50.950000,50.950000,50.950000,50.950000
01/23/2008,46.720000,46.720000,46.720000,46.720000
01/24/2008,47.680000,47.680000,47.680000,47.680000
01/25/2008,54.410000,54.410000,54.410000,54.410000
01/28/2008,53.120000,53.120000,53.120000,53.120000
01/29/2008,55.750000,55.750000,55.750000,55.750000
01/30/2008,61.270000,61.270000,61.270000,61.270000
01/31/2008,53.790000,53.790000,53.790000,53.790000
02/01/2008,47.420000,47.420000,47.420000,47.420000
02/04/2008,50.820000,50.820000,50.820000,50.820000
02/05/2008,52.530000,52.530000,52.530000,52.530000
02/06/2008,55.240000,55.240000,55.240000,55.240000
02/07/2008,52.760000,52.760000,52.760000,52.760000
02/08/2008,54.700000,54.700000,54.700000,54.700000
02/11/2008,51.500000,51.500000,51.500000,51.500000
02/12/2008,50.780000,50.780000,50.780000,50.780000
02/13/2008,48.790000,48.790000,48.790000,48.790000
02/14/2008,51.270000,51.270000,51.270000,51.270000
02/15/2008,55.170000,55.170000,55.170000,55.170000
02/19/2008,59.500000,59.500000,59.500000,59.500000
02/20/2008,59.300000,59.300000,59.300000,59.300000
02/21/2008,61.970000,61.970000,61.970000,61.970000
02/22/2008,57.420000,57.420000,57.420000,57.420000
02/25/2008,54.270000,54.270000,54.270000,54.270000
02/26/2008,52.070000,52.070000,52.070000,52.070000
02/27/2008,54.580000,54.580000,54.580000,54.580000
02/28/2008,55.210000,55.210000,55.210000,55.210000
02/29/2008,59.410000,59.410000,59.410000,59.410000
03/03/2008,54.340000,54.340000,54.340000,54.340000
03/04/2008,51.150000,51.150000,51.150000,51.150000
03/05/2008,49.690000,49.690000,49.690000,49.690000
03/06/2008,56.370000,56.370000,56.370000,56.370000
03/07/2008,53.910000,53.910000,53.910000,53.910000
03/10/2008,53.110000,53.110000,53.110000,53.110000
03/11/2008,51.690000,51.690000,51.690000,51.690000
03/12/2008,53.140000,53.140000,53.140000,53.140000
03/13/2008,52.760000,52.760000,52.760000,52.760000
03/14/2008,59.660000,59.660000,59.660000,59.660000
03/17/2008,52.360000,52.360000,52.360000,52.360000
03/18/2008,45.610000,45.610000,45.610000,45.610000
03/19/2008,53.730000,53.730000,53.730000,53.730000
03/20/2008,48.710000,48.710000,48.710000,48.710000
03/24/2008,46.550000,46.550000,46.550000,46.550000
03/25/2008,48.240000,48.240000,48.240000,48.240000
03/26/2008,50.430000,50.430000,50.430000,50.430000
03/27/2008,47.850000,47.850000,47.850000,47.850000
03/28/2008,47.650000,47.650000,47.650000,47.650000
03/31/2008,44.460000,44.460000,44.460000,44.460000
04/01/2008,41.210000,41.210000,41.210000,41.210000
04/02/2008,41.490000,41.490000,41.490000,41.490000
04/03/2008,41.650000,41.650000,41.650000,41.650000
04/04/2008,39.560000,39.560000,39.560000,39.560000
04/07/2008,38.390000,38.390000,38.390000,38.390000
04/08/2008,37.850000,37.850000,37.850000,37.850000
04/09/2008,38.530000,38.530000,38.530000,38.530000
04/10/2008,36.350000,36.350000,36.350000,36.350000
04/11/2008,38.790000,38.790000,38.790000,38.790000
04/14/2008,38.000000,38.000000,38.000000,38.000000
04/15/2008,37.150000,37.150000,37.150000,37.150000
04/16/2008,33.090000,33.090000,33.090000,33.090000
04/17/2008,33.230000,33.230000,33.230000,33.230000
04/18/2008,33.010000,33.010000,33.010000,33.010000
04/21/2008,35.290000,35.290000,35.290000,35.290000
04/22/2008,36.810000,36.810000,36.810000,36.810000
04/23/2008,37.030000,37.030000,37.030000,37.030000
04/24/2008,39.770000,39.770000,39.770000,39.770000
04/25/2008,40.640000,40.640000,40.640000,40.640000
04/28/2008,39.100000,39.100000,39.100000,39.100000
04/29/2008,41.610000,41.610000,41.610000,41.610000
04/30/2008,47.050000,47.050000,47.050000,47.050000
05/01/2008,36.960000,36.960000,36.960000,36.960000
05/02/2008,33.710000,33.710000,33.710000,33.710000
05/05/2008,35.050000,35.050000,35.050000,35.050000
05/06/2008,32.110000,32.110000,32.110000,32.110000
05/07/2008,36.270000,36.270000,36.270000,36.270000
05/08/2008,36.940000,36.940000,36.940000,36.940000
05/09/2008,36.380000,36.380000,36.380000,36.380000
05/12/2008,33.130000,33.130000,33.130000,33.130000
05/13/2008,34.810000,34.810000,34.810000,34.810000
05/14/2008,33.690000,33.690000,33.690000,33.690000
05/15/2008,29.900000,29.900000,29.900000,29.900000
05/16/2008,31.420000,31.420000,31.420000,31.420000
05/19/2008,35.360000,35.360000,35.360000,35.360000
05/20/2008,34.390000,34.390000,34.390000,34.390000
05/21/2008,34.560000,34.560000,34.560000,34.560000
05/22/2008,33.780000,33.780000,33.780000,33.780000
05/23/2008,38.930000,38.930000,38.930000,38.930000
05/27/2008,38.590000,38.590000,38.590000,38.590000
05/28/2008,36.120000,36.120000,36.120000,36.120000
05/29/2008,35.380000,35.380000,35.380000,35.380000
05/30/2008,33.760000,33.760000,33.760000,33.760000
06/02/2008,38.190000,38.190000,38.190000,38.190000
06/03/2008,38.050000,38.050000,38.050000,38.050000
06/04/2008,39.220000,39.220000,39.220000,39.220000
06/05/2008,32.510000,32.510000,32.510000,32.510000
06/06/2008,44.280000,44.280000,44.280000,44.280000
06/09/2008,39.680000,39.680000,39.680000,39.680000
06/10/2008,41.310000,41.310000,41.310000,41.310000
06/11/2008,42.180000,42.180000,42.180000,42.180000
06/12/2008,37.700000,37.700000,37.700000,37.700000
06/13/2008,33.890000,33.890000,33.890000,33.890000
06/16/2008,32.110000,32.110000,32.110000,32.110000
06/17/2008,33.860000,33.860000,33.860000,33.860000
06/18/2008,35.390000,35.390000,35.390000,35.390000
06/19/2008,34.120000,34.120000,34.120000,34.120000
06/20/2008,36.750000,36.750000,36.750000,36.750000
06/23/2008,36.600000,36.600000,36.600000,36.600000
06/24/2008,36.050000,36.050000,36.050000,36.050000
06/25/2008,35.550000,35.550000,35.550000,35.550000
06/26/2008,39.680000,39.680000,39.680000,39.680000
06/27/2008,37.090000,37.090000,37.090000,37.090000
06/30/2008,36.850000,36.850000,36.850000,36.850000
07/01/2008,35.110000,35.110000,35.110000,35.110000
07/02/2008,40.940000,40.940000,40.940000,40.940000
07/03/2008,37.300000,37.300000,37.300000,37.300000
07/07/2008,37.000000,37.000000,37.000000,37.000000
07/08/2008,31.240000,31.240000,31.240000,31.240000
07/09/2008,34.220000,34.220000,34.220000,34.220000
07/10/2008,34.930000,34.930000,34.930000,34.930000
07/11/2008,38.840000,38.840000,38.840000,38.840000
07/14/2008,39.410000,39.410000,39.410000,39.410000
07/15/2008,39.000000,39.000000,39.000000,39.000000
07/16/2008,33.550000,33.550000,33.550000,33.550000
07/17/2008,32.910000,32.910000,32.910000,32.910000
07/18/2008,33.910000,33.910000,33.910000,33.910000
07/21/2008,32.410000,32.410000,32.410000,32.410000
07/22/2008,28.820000,28.820000,28.820000,28.820000
07/23/2008,31.910000,31.910000,31.910000,31.910000
07/24/2008,34.000000,34.000000,34.000000,34.000000
07/25/2008,34.610000,34.610000,34.610000,34.610000
07/28/2008,35.380000,35.380000,35.380000,35.380000
07/29/2008,33.160000,33.160000,33.160000,33.160000
07/30/2008,31.140000,31.140000,31.140000,31.140000
07/31/2008,36.900000,36.900000,36.900000,36.900000
08/01/2008,35.250000,35.250000,35.250000,35.250000
08/04/2008,36.080000,36.080000,36.080000,36.080000
08/05/2008,33.720000,33.720000,33.720000,33.720000
08/06/2008,31.810000,31.810000,31.810000,31.810000
08/07/2008,32.560000,32.560000,32.560000,32.560000
08/08/2008,34.420000,34.420000,34.420000,34.420000
08/11/2008,32.660000,32.660000,32.660000,32.660000
08/12/2008,35.520000,35.520000,35.520000,35.520000
08/13/2008,36.380000,36.380000,36.380000,36.380000
08/14/2008,33.840000,33.840000,33.840000,33.840000
08/15/2008,36.110000,36.110000,36.110000,36.110000
08/18/2008,38.250000,38.250000,38.250000,38.250000
08/19/2008,38.990000,38.990000,38.990000,38.990000
08/20/2008,36.880000,36.880000,36.880000,36.880000
08/21/2008,35.200000,35.200000,35.200000,35.200000
08/22/2008,35.280000,35.280000,35.280000,35.280000
08/25/2008,37.120000,37.120000,37.120000,37.120000
08/26/2008,36.720000,36.720000,36.720000,36.720000
08/27/2008,36.750000,36.750000,36.750000,36.750000
08/28/2008,36.490000,36.490000,36.490000,36.490000
08/29/2008,38.820000,38.820000,38.820000,38.820000
09/02/2008,40.180000,40.180000,40.180000,40.180000
09/03/2008,36.960000,36.960000,36.960000,36.960000
09/04/2008,39.850000,39.850000,39.850000,39.850000
09/05/2008,38.190000,38.190000,38.190000,38.190000
09/08/2008,37.650000,37.650000,37.650000,37.650000
09/09/2008,38.350000,38.350000,38.350000,38.350000
09/10/2008,38.340000,38.340000,38.340000,38.340000
09/11/2008,36.630000,36.630000,36.630000,36.630000
09/12/2008,38.690000,38.690000,38.690000,38.690000
09/15/2008,42.610000,42.610000,42.610000,42.610000
09/16/2008,40.680000,40.680000,40.680000,40.680000
09/17/2008,43.040000,43.040000,43.040000,43.040000
09/18/2008,39.920000,39.920000,39.920000,39.920000
09/19/2008,42.020000,42.020000,42.020000,42.020000
09/22/2008,48.170000,48.170000,48.170000,48.170000
09/23/2008,52.250000,52.250000,52.250000,52.250000
09/24/2008,52.200000,52.200000,52.200000,52.200000
09/25/2008,55.950000,55.950000,55.950000,55.950000
09/26/2008,59.170000,59.170000,59.170000,59.170000
09/29/2008,65.920000,65.920000,65.920000,65.920000
09/30/2008,60.890000,60.890000,60.890000,60.890000
10/01/2008,56.530000,56.530000,56.530000,56.530000
10/02/2008,58.760000,58.760000,58.760000,58.760000
10/03/2008,59.130000,59.130000,59.130000,59.130000
10/06/2008,62.050000,62.050000,62.050000,62.050000
10/07/2008,62.920000,62.920000,62.920000,62.920000
10/08/2008,64.180000,64.180000,64.180000,64.180000
10/09/2008,57.490000,57.490000,57.490000,57.490000
10/10/2008,67.590000,67.590000,67.590000,67.590000
10/13/2008,56.350000,56.350000,56.350000,56.350000
10/14/2008,57.820000,57.820000,57.820000,57.820000
10/15/2008,62.080000,62.080000,62.080000,62.080000
10/16/2008,65.290000,65.290000,65.290000,65.290000
10/17/2008,84.290000,84.290000,84.290000,84.290000
10/20/2008,67.280000,67.280000,67.280000,67.280000
10/21/2008,69.160000,69.160000,69.160000,69.160000
10/22/2008,81.980000,81.980000,81.980000,81.980000
10/23/2008,77.560000,77.560000,77.560000,77.560000
10/24/2008,96.590000,96.590000,96.590000,96.590000
10/27/2008,90.880000,90.880000,90.880000,90.880000
10/28/2008,86.000000,86.000000,86.000000,86.000000
10/29/2008,89.180000,89.180000,89.180000,89.180000
10/30/2008,73.330000,73.330000,73.330000,73.330000
10/31/2008,71.810000,71.810000,71.810000,71.810000
11/03/2008,61.420000,61.420000,61.420000,61.420000
11/04/2008,60.570000,60.570000,60.570000,60.570000
11/05/2008,62.420000,62.420000,62.420000,62.420000
11/06/2008,73.710000,73.710000,73.710000,73.710000
11/07/2008,67.250000,67.250000,67.250000,67.250000
11/10/2008,71.040000,71.040000,71.040000,71.040000
11/11/2008,74.580000,74.580000,74.580000,74.580000
11/12/2008,70.720000,70.720000,70.720000,70.720000
11/13/2008,69.250000,69.250000,69.250000,69.250000
11/14/2008,77.210000,77.210000,77.210000,77.210000
11/17/2008,77.810000,77.810000,77.810000,77.810000
11/18/2008,75.600000,75.600000,75.600000,75.600000
11/19/2008,74.420000,74.420000,74.420000,74.420000
11/20/2008,68.960000,68.960000,68.960000,68.960000
11/21/2008,74.640000,74.640000,74.640000,74.640000
11/24/2008,81.290000,81.290000,81.290000,81.290000
11/25/2008,77.290000,77.290000,77.290000,77.290000
11/26/2008,71.000000,71.000000,71.000000,71.000000
11/28/2008,73.320000,73.320000,73.320000,73.320000
12/01/2008,73.770000,73.770000,73.770000,73.770000
12/02/2008,78.610000,78.610000,78.610000,78.610000
12/03/2008,81.070000,81.070000,81.070000,81.070000
12/04/2008,78.420000,78.420000,78.420000,78.420000
12/05/2008,77.250000,77.250000,77.250000,77.250000
12/08/2008,73.300000,73.300000,73.300000,73.300000
12/09/2008,69.680000,69.680000,69.680000,69.680000
12/10/2008,66.510000,66.510000,66.510000,66.510000
12/11/2008,64.210000,64.210000,64.210000,64.210000
12/12/2008,66.660000,66.660000,66.660000,66.660000
12/15/2008,68.860000,68.860000,68.860000,68.860000
12/16/2008,67.980000,67.980000,67.980000,67.980000
12/17/2008,67.070000,67.070000,67.070000,67.070000
12/18/2008,59.410000,59.410000,59.410000,59.410000
12/19/2008,60.290000,60.290000,60.290000,60.290000
12/22/2008,60.840000,60.840000,60.840000,60.840000
12/23/2008,68.890000,68.890000,68.890000,68.890000
12/24/2008,68.680000,68.680000,68.680000,68.680000
12/26/2008,67.760000,67.760000,67.760000,67.760000
12/29/2008,62.260000,62.260000,62.260000,62.260000
12/30/2008,61.130000,61.130000,61.130000,61.130000
12/31/2008,57.520000,57.520000,57.520000,57.520000
01/02/2009,56.940000,56.940000,56.940000,56.940000
01/05/2009,51.010000,51.010000,51.010000,51.010000
01/06/2009,49.060000,49.060000,49.060000,49.060000
01/07/2009,54.900000,54.900000,54.900000,54.900000
01/08/2009,52.620000,52.620000,52.620000,52.620000
01/09/2009,54.120000,54.120000,54.120000,54.120000
01/12/2009,58.570000,58.570000,58.570000,58.570000
01/13/2009,56.180000,56.180000,56.180000,56.180000
01/14/2009,58.910000,58.910000,58.910000,58.910000
01/15/2009,53.240000,53.240000,53.240000,53.240000
01/16/2009,60.120000,60.120000,60.120000,60.120000
01/20/2009,76.540000,76.540000,76.540000,76.540000
01/21/2009,65.220000,65.220000,65.220000,65.220000
01/22/2009,65.370000,65.370000,65.370000,65.370000
01/23/2009,68.410000,68.410000,68.410000,68.410000
01/26/2009,68.420000,68.420000,68.420000,68.420000
01/27/2009,66.520000,66.520000,66.520000,66.520000
01/28/2009,64.730000,64.730000,64.730000,64.730000
01/29/2009,66.850000,66.850000,66.850000,66.850000
01/30/2009,72.540000,72.540000,72.540000,72.540000
02/02/2009,67.960000,67.960000,67.960000,67.960000
02/03/2009,66.310000,66.310000,66.310000,66.310000
02/04/2009,69.100000,69.100000,69.100000,69.100000
02/05/2009,73.660000,73.660000,73.660000,73.660000
02/06/2009,75.880000,75.880000,75.880000,75.880000
02/09/2009,68.080000,68.080000,68.080000,68.080000
02/10/2009,73.000000,73.000000,73.000000,73.000000
02/11/2009,68.580000,68.580000,68.580000,68.580000
02/12/2009,62.480000,62.480000,62.480000,62.480000
02/13/2009,70.650000,70.650000,70.650000,70.650000
02/17/2009,72.710000,72.710000,72.710000,72.710000
02/18/2009,73.650000,73.650000,73.650000,73.650000
02/19/2009,76.670000,76.670000,76.670000,76.670000
02/20/2009,79.710000,79.710000,79.710000,79.710000
02/23/2009,82.890000,82.890000,82.890000,82.890000
02/24/2009,78.360000,78.360000,78.360000,78.360000
02/25/2009,76.530000,76.530000,76.530000,76.530000
02/26/2009,71.630000,71.630000,71.630000,71.630000
02/27/2009,71.870000,71.870000,71.870000,71.870000
03/02/2009,76.770000,76.770000,76.770000,76.770000
03/03/2009,75.840000,75.840000,75.840000,75.840000
03/04/2009,70.860000,70.860000,70.860000,70.860000
03/05/2009,72.420000,72.420000,72.420000,72.420000
03/06/2009,69.740000,69.740000,69.740000,69.740000
03/09/2009,65.410000,65.410000,65.410000,65.410000
03/10/2009,61.310000,61.310000,61.310000,61.310000
03/11/2009,61.110000,61.110000,61.110000,61.110000
03/12/2009,62.150000,62.150000,62.150000,62.150000
03/13/2009,66.380000,66.380000,66.380000,66.380000
03/16/2009,65.670000,65.670000,65.670000,65.670000
03/17/2009,61.540000,61.540000,61.540000,61.540000
03/18/2009,58.130000,58.130000,58.130000,58.130000
03/19/2009,60.720000,60.720000,60.720000,60.720000
03/20/2009,65.440000,65.440000,65.440000,65.440000
03/23/2009,67.750000,67.750000,67.750000,67.750000
03/24/2009,63.820000,63.820000,63.820000,63.820000
03/25/2009,63.790000,63.790000,63.790000,63.790000
03/26/2009,61.090000,61.090000,61.090000,61.090000
03/27/2009,61.420000,61.420000,61.420000,61.420000
03/30/2009,63.300000,63.300000,63.300000,63.300000
03/31/2009,62.630000,62.630000,62.630000,62.630000
04/01/2009,59.620000,59.620000,59.620000,59.620000
04/02/2009,63.980000,63.980000,63.980000,63.980000
04/03/2009,59.660000,59.660000,59.660000,59.660000
04/06/2009,58.900000,58.900000,58.900000,58.900000
04/07/2009,54.690000,54.690000,54.690000,54.690000
04/08/2009,54.030000,54.030000,54.030000,54.030000
04/09/2009,53.290000,53.290000,53.290000,53.290000
04/13/2009,51.310000,51.310000,51.310000,51.310000
04/14/2009,47.880000,47.880000,47.880000,47.880000
04/15/2009,48.870000,48.870000,48.870000,48.870000
04/16/2009,49.390000,49.390000,49.390000,49.390000
04/17/2009,49.350000,49.350000,49.350000,49.350000
04/20/2009,58.660000,58.660000,58.660000,58.660000
04/21/2009,59.130000,59.130000,59.130000,59.130000
04/22/2009,61.810000,61.810000,61.810000,61.810000
04/23/2009,62.600000,62.600000,62.600000,62.600000
04/24/2009,65.770000,65.770000,65.770000,65.770000
04/27/2009,67.300000,67.300000,67.300000,67.300000
04/28/2009,67.490000,67.490000,67.490000,67.490000
04/29/2009,67.410000,67.410000,67.410000,67.410000
04/30/2009,66.690000,66.690000,66.690000,66.690000
05/01/2009,64.530000,64.530000,64.530000,64.530000
05/04/2009,61.160000,61.160000,61.160000,61.160000
05/05/2009,56.890000,56.890000,56.890000,56.890000
05/06/2009,55.060000,55.060000,55.060000,55.060000
05/07/2009,56.590000,56.590000,56.590000,56.590000
05/08/2009,58.540000,58.540000,58.540000,58.540000
05/11/2009,58.450000,58.450000,58.450000,58.450000
05/12/2009,56.830000,56.830000,56.830000,56.830000
05/13/2009,59.300000,59.300000,59.300000,59.300000
05/14/2009,55.830000,55.830000,55.830000,55.830000
05/15/2009,65.840000,65.840000,65.840000,65.840000
05/18/2009,62.600000,62.600000,62.600000,62.600000
05/19/2009,59.700000,59.700000,59.700000,59.700000
05/20/2009,61.350000,61.350000,61.350000,61.350000
05/21/2009,61.880000,61.880000,61.880000,61.880000
05/22/2009,68.660000,68.660000,68.660000,68.660000
05/26/2009,61.380000,61.380000,61.380000,61.380000
05/27/2009,65.160000,65.160000,65.160000,65.160000
05/28/2009,65.120000,65.120000,65.120000,65.120000
05/29/2009,57.640000,57.640000,57.640000,57.640000
06/01/2009,59.330000,59.330000,59.330000,59.330000
06/02/2009,57.210000,57.210000,57.210000,57.210000
06/03/2009,60.620000,60.620000,60.620000,60.620000
06/04/2009,61.010000,61.010000,61.010000,61.010000
06/05/2009,59.040000,59.040000,59.040000,59.040000
06/08/2009,57.780000,57.780000,57.780000,57.780000
06/09/2009,55.130000,55.130000,55.130000,55.130000
06/10/2009,55.800000,55.800000,55.800000,55.800000
06/11/2009,56.190000,56.190000,56.190000,56.190000
06/12/2009,54.660000,54.660000,54.660000,54.660000
06/15/2009,56.370000,56.370000,56.370000,56.370000
06/16/2009,60.730000,60.730000,60.730000,60.730000
06/17/2009,54.710000,54.710000,54.710000,54.710000
06/18/2009,52.670000,52.670000,52.670000,52.670000
06/19/2009,50.360000,50.360000,50.360000,50.360000
06/22/2009,58.940000,58.940000,58.940000,58.940000
06/23/2009,58.940000,58.940000,58.940000,58.940000
06/24/2009,56.900000,56.900000,56.900000,56.900000
06/25/2009,53.350000,53.350000,53.350000,53.350000
06/26/2009,54.720000,54.720000,54.720000,54.720000
06/29/2009,51.600000,51.600000,51.600000,51.600000
06/30/2009,51.610000,51.610000,51.610000,51.610000
07/01/2009,54.360000,54.360000,54.360000,54.360000
07/02/2009,54.720000,54.720000,54.720000,54.720000
07/06/2009,51.590000,51.590000,51.590000,51.590000
07/07/2009,55.400000,55.400000,55.400000,55.400000
07/08/2009,55.610000,55.610000,55.610000,55.610000
07/09/2009,52.350000,52.350000,52.350000,52.350000
07/10/2009,51.340000,51.340000,51.340000,51.340000
07/13/2009,47.600000,47.600000,47.600000,47.600000
07/14/2009,48.530000,48.530000,48.530000,48.530000
07/15/2009,50.770000,50.770000,50.770000,50.770000
07/16/2009,48.630000,48.630000,48.630000,48.630000
07/17/2009,54.480000,54.480000,54.480000,54.480000
07/20/2009,55.850000,55.850000,55.850000,55.850000
07/21/2009,55.090000,55.090000,55.090000,55.090000
07/22/2009,54.250000,54.250000,54.250000,54.250000
07/23/2009,55.290000,55.290000,55.290000,55.290000
07/24/2009,52.420000,52.420000,52.420000,52.420000
07/27/2009,54.470000,54.470000,54.470000,54.470000
07/28/2009,56.990000,56.990000,56.990000,56.990000
07/29/2009,58.590000,58.590000,58.590000,58.590000
07/30/2009,59.770000,59.770000,59.770000,59.770000
07/31/2009,63.880000,63.880000,63.880000,63.880000
08/03/2009,58.410000,58.410000,58.410000,58.410000
08/04/2009,55.230000,55.230000,55.230000,55.230000
08/05/2009,50.660000,50.660000,50.660000,50.660000
08/06/2009,53.550000,53.550000,53.550000,53.550000
08/07/2009,52.140000,52.140000,52.140000,52.140000
08/10/2009,49.490000,49.490000,49.490000,49.490000
08/11/2009,53.110000,53.110000,53.110000,53.110000
08/12/2009,51.550000,51.550000,51.550000,51.550000
08/13/2009,50.350000,50.350000,50.350000,50.350000
08/14/2009,49.970000,49.970000,49.970000,49.970000
08/17/2009,57.180000,57.180000,57.180000,57.180000
08/18/2009,54.010000,54.010000,54.010000,54.010000
08/19/2009,54.450000,54.450000,54.450000,54.450000
08/20/2009,51.980000,51.980000,51.980000,51.980000
08/21/2009,55.410000,55.410000,55.410000,55.410000
08/24/2009,55.580000,55.580000,55.580000,55.580000
08/25/2009,58.020000,58.020000,58.020000,58.020000
08/26/2009,59.290000,59.290000,59.290000,59.290000
08/27/2009,62.340000,62.340000,62.340000,62.340000
08/28/2009,58.020000,58.020000,58.020000,58.020000
08/31/2009,56.920000,56.920000,56.920000,56.920000
09/01/2009,65.370000,65.370000,65.370000,65.370000
09/02/2009,64.360000,64.360000,64.360000,64.360000
09/03/2009,58.000000,58.000000,58.000000,58.000000
09/04/2009,54.490000,54.490000,54.490000,54.490000
09/08/2009,50.180000,50.180000,50.180000,50.180000
09/09/2009,48.040000,48.040000,48.040000,48.040000
09/10/2009,47.160000,47.160000,47.160000,47.160000
09/11/2009,49.370000,49.370000,49.370000,49.370000
09/14/2009,47.700000,47.700000,47.700000,47.700000
09/15/2009,46.760000,46.760000,46.760000,46.760000
09/16/2009,47.820000,47.820000,47.820000,47.820000
09/17/2009,46.250000,46.250000,46.250000,46.250000
09/18/2009,50.100000,50.100000,50.100000,50.100000
09/21/2009,50.650000,50.650000,50.650000,50.650000
09/22/2009,47.340000,47.340000,47.340000,47.340000
09/23/2009,49.300000,49.300000,49.300000,49.300000
09/24/2009,53.070000,53.070000,53.070000,53.070000
09/25/2009,55.090000,55.090000,55.090000,55.090000
09/28/2009,52.280000,52.280000,52.280000,52.280000
09/29/2009,53.420000,53.420000,53.420000,53.420000
09/30/2009,53.870000,53.870000,53.870000,53.870000
10/01/2009,58.830000,58.830000,58.830000,58.830000
10/02/2009,60.410000,60.410000,60.410000,60.410000
10/05/2009,51.960000,51.960000,51.960000,51.960000
10/06/2009,50.450000,50.450000,50.450000,50.450000
10/07/2009,47.470000,47.470000,47.470000,47.470000
10/08/2009,46.850000,46.850000,46.850000,46.850000
10/09/2009,43.460000,43.460000,43.460000,43.460000
10/12/2009,44.500000,44.500000,44.500000,44.500000
10/13/2009,45.010000,45.010000,45.010000,45.010000
10/14/2009,46.650000,46.650000,46.650000,46.650000
10/15/2009,43.350000,43.350000,43.350000,43.350000
10/16/2009,49.500000,49.500000,49.500000,49.500000
10/19/2009,53.560000,53.560000,53.560000,53.560000
10/20/2009,52.010000,52.010000,52.010000,52.010000
10/21/2009,56.450000,56.450000,56.450000,56.450000
10/22/2009,51.220000,51.220000,51.220000,51.220000
10/23/2009,55.310000,55.310000,55.310000,55.310000
10/26/2009,58.380000,58.380000,58.380000,58.380000
10/27/2009,58.930000,58.930000,58.930000,58.930000
10/28/2009,64.930000,64.930000,64.930000,64.930000
10/29/2009,59.120000,59.120000,59.120000,59.120000
10/30/2009,66.050000,66.050000,66.050000,66.050000
11/02/2009,63.330000,63.330000,63.330000,63.330000
11/03/2009,61.170000,61.170000,61.170000,61.170000
11/04/2009,60.150000,60.150000,60.150000,60.150000
11/05/2009,60.590000,60.590000,60.590000,60.590000
11/06/2009,56.420000,56.420000,56.420000,56.420000
11/09/2009,53.640000,53.640000,53.640000,53.640000
11/10/2009,52.370000,52.370000,52.370000,52.370000
11/11/2009,52.610000,52.610000,52.610000,52.610000
11/12/2009,60.130000,60.130000,60.130000,60.130000
11/13/2009,58.570000,58.570000,58.570000,58.570000
11/16/2009,57.530000,57.530000,57.530000,57.530000
11/17/2009,57.690000,57.690000,57.690000,57.690000
11/18/2009,54.810000,54.810000,54.810000,54.810000
11/19/2009,54.490000,54.490000,54.490000,54.490000
11/20/2009,53.510000,53.510000,53.510000,53.510000
11/23/2009,55.060000,55.060000,55.060000,55.060000
11/24/2009,54.860000,54.860000,54.860000,54.860000
11/25/2009,56.430000,56.430000,56.430000,56.430000
11/27/2009,66.740000,66.740000,66.740000,66.740000
11/30/2009,62.900000,62.900000,62.900000,62.900000
12/01/2009,55.140000,55.140000,55.140000,55.140000
12/02/2009,52.310000,52.310000,52.310000,52.310000
12/03/2009,56.620000,56.620000,56.620000,56.620000
12/04/2009,53.510000,53.510000,53.510000,53.510000
12/07/2009,53.350000,53.350000,53.350000,53.350000
12/08/2009,57.530000,57.530000,57.530000,57.530000
12/09/2009,53.180000,53.180000,53.180000,53.180000
12/10/2009,51.310000,51.310000,51.310000,51.310000
12/11/2009,49.750000,49.750000,49.750000,49.750000
12/14/2009,47.550000,47.550000,47.550000,47.550000
12/15/2009,48.590000,48.590000,48.590000,48.590000
12/16/2009,47.430000,47.430000,47.430000,47.430000
12/17/2009,51.920000,51.920000,51.920000,51.920000
12/18/2009,50.480000,50.480000,50.480000,50.480000
12/21/2009,48.960000,48.960000,48.960000,48.960000
12/22/2009,45.960000,45.960000,45.960000,45.960000
12/23/2009,47.400000,47.400000,47.400000,47.400000
12/24/2009,45.260000,45.260000,45.260000,45.260000
12/28/2009,44.420000,44.420000,44.420000,44.420000
12/29/2009,45.980000,45.980000,45.980000,45.980000
12/30/2009,40.780000,40.780000,40.780000,40.780000
12/31/2009,50.310000,50.310000,50.310000,50.310000
01/04/2010,41.000000,41.000000,41.000000,41.000000
01/05/2010,37.690000,37.690000,37.690000,37.690000
01/06/2010,36.430000,36.430000,36.430000,36.430000
01/07/2010,34.520000,34.520000,34.520000,34.520000
01/08/2010,33.400000,33.400000,33.400000,33.400000
01/11/2010,32.580000,32.580000,32.580000,32.580000
01/12/2010,31.840000,31.840000,31.840000,31.840000
01/13/2010,33.160000,33.160000,33.160000,33.160000
01/14/2010,28.180000,28.180000,28.180000,28.180000
01/15/2010,25.410000,25.410000,25.410000,25.410000
01/19/2010,38.920000,38.920000,38.920000,38.920000
01/20/2010,42.170000,42.170000,42.170000,42.170000
01/21/2010,50.720000,50.720000,50.720000,50.720000
01/22/2010,63.410000,63.410000,63.410000,63.410000
01/25/2010,58.590000,58.590000,58.590000,58.590000
01/26/2010,59.770000,59.770000,59.770000,59.770000
01/27/2010,56.600000,56.600000,56.600000,56.600000
01/28/2010,58.130000,58.130000,58.130000,58.130000
01/29/2010,61.040000,61.040000,61.040000,61.040000
02/01/2010,56.460000,56.460000,56.460000,56.460000
02/02/2010,56.420000,56.420000,56.420000,56.420000
02/03/2010,58.590000,58.590000,58.590000,58.590000
02/04/2010,68.230000,68.230000,68.230000,68.230000
02/05/2010,63.890000,63.890000,63.890000,63.890000
02/08/2010,63.420000,63.420000,63.420000,63.420000
02/09/2010,65.960000,65.960000,65.960000,65.960000
02/10/2010,68.520000,68.520000,68.520000,68.520000
02/11/2010,67.210000,67.210000,67.210000,67.210000
02/12/2010,64.900000,64.900000,64.900000,64.900000
02/16/2010,60.580000,60.580000,60.580000,60.580000
02/17/2010,59.620000,59.620000,59.620000,59.620000
02/18/2010,56.550000,56.550000,56.550000,56.550000
02/19/2010,57.480000,57.480000,57.480000,57.480000
02/22/2010,58.190000,58.190000,58.190000,58.190000
02/23/2010,65.650000,65.650000,65.650000,65.650000
02/24/2010,65.810000,65.810000,65.810000,65.810000
02/25/2010,62.620000,62.620000,62.620000,62.620000
02/26/2010,64.760000,64.760000,64.760000,64.760000
03/01/2010,59.820000,59.820000,59.820000,59.820000
03/02/2010,58.720000,58.720000,58.720000,58.720000
03/03/2010,57.610000,57.610000,57.610000,57.610000
03/04/2010,58.740000,58.740000,58.740000,58.740000
03/05/2010,53.270000,53.270000,53.270000,53.270000
03/08/2010,51.310000,51.310000,51.310000,51.310000
03/09/2010,52.300000,52.300000,52.300000,52.300000
03/10/2010,53.780000,53.780000,53.780000,53.780000
03/11/2010,50.430000,50.430000,50.430000,50.430000
03/12/2010,48.990000,48.990000,48.990000,48.990000
03/15/2010,49.030000,49.030000,49.030000,49.030000
03/16/2010,46.300000,46.300000,46.300000,46.300000
03/17/2010,44.980000,44.980000,44.980000,44.980000
03/18/2010,45.010000,45.010000,45.010000,45.010000
03/19/2010,45.330000,45.330000,45.330000,45.330000
03/22/2010,44.200000,44.200000,44.200000,44.200000
03/23/2010,43.700000,43.700000,43.700000,43.700000
03/24/2010,46.460000,46.460000,46.460000,46.460000
03/25/2010,50.710000,50.710000,50.710000,50.710000
03/26/2010,46.020000,46.020000,46.020000,46.020000
03/29/2010,45.360000,45.360000,45.360000,45.360000
03/30/2010,44.420000,44.420000,44.420000,44.420000
03/31/2010,46.920000,46.920000,46.920000,46.920000
04/01/2010,47.660000,47.660000,47.660000,47.660000
04/05/2010,41.120000,41.120000,41.120000,41.120000
04/06/2010,38.550000,38.550000,38.550000,38.550000
04/07/2010,38.780000,38.780000,38.780000,38.780000
04/08/2010,37.330000,37.330000,37.330000,37.330000
04/09/2010,37.340000,37.340000,37.340000,37.340000
04/12/2010,37.200000,37.200000,37.200000,37.200000
04/13/2010,37.860000,37.860000,37.860000,37.860000
04/14/2010,33.450000,33.450000,33.450000,33.450000
04/15/2010,32.040000,32.040000,32.040000,32.040000
04/16/2010,39.080000,39.080000,39.080000,39.080000
04/19/2010,35.050000,35.050000,35.050000,35.050000
04/20/2010,32.320000,32.320000,32.320000,32.320000
04/21/2010,38.300000,38.300000,38.300000,38.300000
04/22/2010,35.340000,35.340000,35.340000,35.340000
04/23/2010,39.330000,39.330000,39.330000,39.330000
04/26/2010,39.830000,39.830000,39.830000,39.830000
04/27/2010,54.720000,54.720000,54.720000,54.720000
04/28/2010,47.820000,47.820000,47.820000,47.820000
04/29/2010,40.670000,40.670000,40.670000,40.670000
04/30/2010,52.270000,52.270000,52.270000,52.270000
05/03/2010,44.540000,44.540000,44.540000,44.540000
05/04/2010,49.900000,49.900000,49.900000,49.900000
05/05/2010,54.620000,54.620000,54.620000,54.620000
05/06/2010,66.720000,66.720000,66.720000,66.720000
05/07/2010,74.250000,74.250000,74.250000,74.250000
05/10/2010,59.900000,59.900000,59.900000,59.900000
05/11/2010,64.230000,64.230000,64.230000,64.230000
05/12/2010,59.970000,59.970000,59.970000,59.970000
05/13/2010,62.500000,62.500000,62.500000,62.500000
05/14/2010,65.310000,65.310000,65.310000,65.310000
05/17/2010,55.610000,55.610000,55.610000,55.610000
05/18/2010,61.730000,61.730000,61.730000,61.730000
05/19/2010,64.780000,64.780000,64.780000,64.780000
05/20/2010,87.400000,87.400000,87.400000,87.400000
05/21/2010,76.700000,76.700000,76.700000,76.700000
05/24/2010,82.250000,82.250000,82.250000,82.250000
05/25/2010,71.960000,71.960000,71.960000,71.960000
05/26/2010,85.060000,85.060000,85.060000,85.060000
05/27/2010,76.020000,76.020000,76.020000,76.020000
05/28/2010,78.220000,78.220000,78.220000,78.220000
06/01/2010,84.490000,84.490000,84.490000,84.490000
06/02/2010,76.220000,76.220000,76.220000,76.220000
06/03/2010,75.880000,75.880000,75.880000,75.880000
06/04/2010,81.650000,81.650000,81.650000,81.650000
06/07/2010,84.510000,84.510000,84.510000,84.510000
06/08/2010,80.000000,80.000000,80.000000,80.000000
06/09/2010,78.180000,78.180000,78.180000,78.180000
06/10/2010,77.320000,77.320000,77.320000,77.320000
06/11/2010,72.470000,72.470000,72.470000,72.470000
06/14/2010,70.220000,70.220000,70.220000,70.220000
06/15/2010,64.740000,64.740000,64.740000,64.740000
06/16/2010,68.880000,68.880000,68.880000,68.880000
06/17/2010,66.660000,66.660000,66.660000,66.660000
06/18/2010,66.500000,66.500000,66.500000,66.500000
06/21/2010,66.600000,66.600000,66.600000,66.600000
06/22/2010,74.230000,74.230000,74.230000,74.230000
06/23/2010,70.890000,70.890000,70.890000,70.890000
06/24/2010,74.210000,74.210000,74.210000,74.210000
06/25/2010,70.210000,70.210000,70.210000,70.210000
06/28/2010,73.740000,73.740000,73.740000,73.740000
06/29/2010,79.930000,79.930000,79.930000,79.930000
06/30/2010,81.260000,81.260000,81.260000,81.260000
07/01/2010,73.410000,73.410000,73.410000,73.410000
07/02/2010,71.810000,71.810000,71.810000,71.810000
07/06/2010,67.180000,67.180000,67.180000,67.180000
07/07/2010,64.500000,64.500000,64.500000,64.500000
07/08/2010,63.320000,63.320000,63.320000,63.320000
07/09/2010,60.930000,60.930000,60.930000,60.930000
07/12/2010,61.920000,61.920000,61.920000,61.920000
07/13/2010,62.670000,62.670000,62.670000,62.670000
07/14/2010,61.530000,61.530000,61.530000,61.530000
07/15/2010,64.480000,64.480000,64.480000,64.480000
07/16/2010,69.860000,69.860000,69.860000,69.860000
07/19/2010,75.270000,75.270000,75.270000,75.270000
07/20/2010,66.130000,66.130000,66.130000,66.130000
07/21/2010,75.830000,75.830000,75.830000,75.830000
07/22/2010,75.020000,75.020000,75.020000,75.020000
07/23/2010,74.860000,74.860000,74.860000,74.860000
07/26/2010,70.440000,70.440000,70.440000,70.440000
07/27/2010,71.460000,71.460000,71.460000,71.460000
07/28/2010,74.270000,74.270000,74.270000,74.270000
07/29/2010,71.320000,71.320000,71.320000,71.320000
07/30/2010,71.790000,71.790000,71.790000,71.790000
08/02/2010,65.880000,65.880000,65.880000,65.880000
08/03/2010,70.720000,70.720000,70.720000,70.720000
08/04/2010,67.330000,67.330000,67.330000,67.330000
08/05/2010,67.600000,67.600000,67.600000,67.600000
08/06/2010,66.040000,66.040000,66.040000,66.040000
08/09/2010,66.060000,66.060000,66.060000,66.060000
08/10/2010,67.390000,67.390000,67.390000,67.390000
08/11/2010,72.430000,72.430000,72.430000,72.430000
08/12/2010,76.870000,76.870000,76.870000,76.870000
08/13/2010,81.750000,81.750000,81.750000,81.750000
08/16/2010,78.330000,78.330000,78.330000,78.330000
08/17/2010,72.250000,72.250000,72.250000,72.250000
08/18/2010,78.320000,78.320000,78.320000,78.320000
08/19/2010,80.520000,80.520000,80.520000,80.520000
08/20/2010,81.910000,81.910000,81.910000,81.910000
08/23/2010,82.930000,82.930000,82.930000,82.930000
08/24/2010,85.700000,85.700000,85.700000,85.700000
08/25/2010,82.820000,82.820000,82.820000,82.820000
08/26/2010,85.680000,85.680000,85.680000,85.680000
08/27/2010,78.720000,78.720000,78.720000,78.720000
08/30/2010,89.230000,89.230000,89.230000,89.230000
08/31/2010,86.650000,86.650000,86.650000,86.650000
09/01/2010,78.920000,78.920000,78.920000,78.920000
09/02/2010,76.420000,76.420000,76.420000,76.420000
09/03/2010,68.070000,68.070000,68.070000,68.070000
09/07/2010,71.910000,71.910000,71.910000,71.910000
09/08/2010,68.410000,68.410000,68.410000,68.410000
09/09/2010,69.380000,69.380000,69.380000,69.380000
09/10/2010,65.440000,65.440000,65.440000,65.440000
09/13/2010,62.240000,62.240000,62.240000,62.240000
09/14/2010,66.000000,66.000000,66.000000,66.000000
09/15/2010,68.640000,68.640000,68.640000,68.640000
09/16/2010,65.850000,65.850000,65.850000,65.850000
09/17/2010,71.850000,71.850000,71.850000,71.850000
09/20/2010,66.880000,66.880000,66.880000,66.880000
09/21/2010,71.970000,71.970000,71.970000,71.970000
09/22/2010,68.060000,68.060000,68.060000,68.060000
09/23/2010,70.520000,70.520000,70.520000,70.520000
09/24/2010,62.210000,62.210000,62.210000,62.210000
09/27/2010,64.690000,64.690000,64.690000,64.690000
09/28/2010,65.750000,65.750000,65.750000,65.750000
09/29/2010,68.270000,68.270000,68.270000,68.270000
09/30/2010,69.290000,69.290000,69.290000,69.290000
10/01/2010,64.300000,64.300000,64.300000,64.300000
10/04/2010,67.440000,67.440000,67.440000,67.440000
10/05/2010,60.020000,60.020000,60.020000,60.020000
10/06/2010,58.720000,58.720000,58.720000,58.720000
10/07/2010,59.620000,59.620000,59.620000,59.620000
10/08/2010,56.830000,56.830000,56.830000,56.830000
10/11/2010,54.350000,54.350000,54.350000,54.350000
10/12/2010,53.380000,53.380000,53.380000,53.380000
10/13/2010,53.580000,53.580000,53.580000,53.580000
10/14/2010,52.520000,52.520000,52.520000,52.520000
10/15/2010,47.720000,47.720000,47.720000,47.720000
10/18/2010,47.780000,47.780000,47.780000,47.780000
10/19/2010,58.030000,58.030000,58.030000,58.030000
10/20/2010,56.720000,56.720000,56.720000,56.720000
10/21/2010,59.680000,59.680000,59.680000,59.680000
10/22/2010,61.180000,61.180000,61.180000,61.180000
10/25/2010,62.810000,62.810000,62.810000,62.810000
10/26/2010,65.180000,65.180000,65.180000,65.180000
10/27/2010,64.520000,64.520000,64.520000,64.520000
10/28/2010,68.380000,68.380000,68.380000,68.380000
10/29/2010,70.090000,70.090000,70.090000,70.090000
11/01/2010,69.020000,69.020000,69.020000,69.020000
11/02/2010,70.520000,70.520000,70.520000,70.520000
11/03/2010,61.460000,61.460000,61.460000,61.460000
11/04/2010,57.410000,57.410000,57.410000,57.410000
11/05/2010,54.340000,54.340000,54.340000,54.340000
11/08/2010,51.310000,51.310000,51.310000,51.310000
11/09/2010,55.600000,55.600000,55.600000,55.600000
11/10/2010,50.100000,50.100000,50.100000,50.100000
11/11/2010,49.010000,49.010000,49.010000,49.010000
11/12/2010,58.540000,58.540000,58.540000,58.540000
11/15/2010,57.650000,57.650000,57.650000,57.650000
11/16/2010,63.370000,63.370000,63.370000,63.370000
11/17/2010,61.550000,61.550000,61.550000,61.550000
11/18/2010,51.810000,51.810000,51.810000,51.810000
11/19/2010,52.630000,52.630000,52.630000,52.630000
11/22/2010,52.880000,52.880000,52.880000,52.880000
11/23/2010,61.730000,61.730000,61.730000,61.730000
11/24/2010,59.170000,59.170000,59.170000,59.170000
11/26/2010,71.900000,71.900000,71.900000,71.900000
11/29/2010,61.740000,61.740000,61.740000,61.740000
11/30/2010,69.390000,69.390000,69.390000,69.390000
12/01/2010,61.690000,61.690000,61.690000,61.690000
12/02/2010,52.470000,52.470000,52.470000,52.470000
12/03/2010,48.930000,48.930000,48.930000,48.930000
12/06/2010,47.220000,47.220000,47.220000,47.220000
12/07/2010,48.770000,48.770000,48.770000,48.770000
12/08/2010,48.780000,48.780000,48.780000,48.780000
12/09/2010,45.320000,45.320000,45.320000,45.320000
12/10/2010,46.780000,46.780000,46.780000,46.780000
12/13/2010,49.010000,49.010000,49.010000,49.010000
12/14/2010,51.070000,51.070000,51.070000,51.070000
12/15/2010,51.850000,51.850000,51.850000,51.850000
12/16/2010,50.460000,50.460000,50.460000,50.460000
12/17/2010,41.600000,41.600000,41.600000,41.600000
12/20/2010,50.900000,50.900000,50.900000,50.900000
12/21/2010,51.870000,51.870000,51.870000,51.870000
12/22/2010,46.730000,46.730000,46.730000,46.730000
12/23/2010,49.980000,49.980000,49.980000,49.980000
12/27/2010,48.040000,48.040000,48.040000,48.040000
12/28/2010,47.080000,47.080000,47.080000,47.080000
12/29/2010,47.210000,47.210000,47.210000,47.210000
12/30/2010,46.330000,46.330000,46.330000,46.330000
12/31/2010,47.830000,47.830000,47.830000,47.830000
01/03/2011,43.500000,43.500000,43.500000,43.500000
01/04/2011,43.190000,43.190000,43.190000,43.190000
01/05/2011,40.620000,40.620000,40.620000,40.620000
01/06/2011,41.420000,41.420000,41.420000,41.420000
01/07/2011,40.250000,40.250000,40.250000,40.250000
01/10/2011,39.260000,39.260000,39.260000,39.260000
01/11/2011,38.600000,38.600000,38.600000,38.600000
01/12/2011,37.860000,37.860000,37.860000,37.860000
01/13/2011,37.970000,37.970000,37.970000,37.970000
01/14/2011,34.780000,34.780000,34.780000,34.780000
01/18/2011,31.670000,31.670000,31.670000,31.670000
01/19/2011,38.830000,38.830000,38.830000,38.830000
01/20/2011,41.080000,41.080000,41.080000,41.080000
01/21/2011,45.360000,45.360000,45.360000,45.360000
01/24/2011,44.290000,44.290000,44.290000,44.290000
01/25/2011,43.970000,43.970000,43.970000,43.970000
01/26/2011,42.000000,42.000000,42.000000,42.000000
01/27/2011,41.810000,41.810000,41.810000,41.810000
01/28/2011,58.600000,58.600000,58.600000,58.600000
01/31/2011,53.980000,53.980000,53.980000,53.980000
02/01/2011,48.990000,48.990000,48.990000,48.990000
02/02/2011,47.550000,47.550000,47.550000,47.550000
02/03/2011,44.360000,44.360000,44.360000,44.360000
02/04/2011,41.110000,41.110000,41.110000,41.110000
02/07/2011,42.020000,42.020000,42.020000,42.020000
02/08/2011,38.380000,38.380000,38.380000,38.380000
02/09/2011,39.020000,39.020000,39.020000,39.020000
02/10/2011,39.670000,39.670000,39.670000,39.670000
02/11/2011,38.570000,38.570000,38.570000,38.570000
02/14/2011,39.830000,39.830000,39.830000,39.830000
02/15/2011,42.180000,42.180000,42.180000,42.180000
02/16/2011,44.840000,44.840000,44.840000,44.840000
02/17/2011,41.850000,41.850000,41.850000,41.850000
02/18/2011,38.190000,38.190000,38.190000,38.190000
02/22/2011,51.550000,51.550000,51.550000,51.550000
02/23/2011,59.170000,59.170000,59.170000,59.170000
02/24/2011,56.500000,56.500000,56.500000,56.500000
02/25/2011,49.410000,49.410000,49.410000,49.410000
02/28/2011,46.830000,46.830000,46.830000,46.830000
03/01/2011,56.640000,56.640000,56.640000,56.640000
03/02/2011,58.510000,58.510000,58.510000,58.510000
03/03/2011,50.420000,50.420000,50.420000,50.420000
03/04/2011,50.350000,50.350000,50.350000,50.350000
03/07/2011,54.780000,54.780000,54.780000,54.780000
03/08/2011,55.130000,55.130000,55.130000,55.130000
03/09/2011,58.430000,58.430000,58.430000,58.430000
03/10/2011,60.030000,60.030000,60.030000,60.030000
03/11/2011,54.670000,54.670000,54.670000,54.670000
03/14/2011,56.810000,56.810000,56.810000,56.810000
03/15/2011,63.890000,63.890000,63.890000,63.890000
03/16/2011,68.440000,68.440000,68.440000,68.440000
03/17/2011,66.820000,66.820000,66.820000,66.820000
03/18/2011,63.090000,63.090000,63.090000,63.090000
03/21/2011,56.360000,56.360000,56.360000,56.360000
03/22/2011,60.700000,60.700000,60.700000,60.700000
03/23/2011,57.320000,57.320000,57.320000,57.320000
03/24/2011,52.510000,52.510000,52.510000,52.510000
03/25/2011,52.380000,52.380000,52.380000,52.380000
03/28/2011,54.320000,54.320000,54.320000,54.320000
03/29/2011,51.410000,51.410000,51.410000,51.410000
03/30/2011,48.810000,48.810000,48.810000,48.810000
03/31/2011,45.580000,45.580000,45.580000,45.580000
04/01/2011,44.480000,44.480000,44.480000,44.480000
04/04/2011,44.870000,44.870000,44.870000,44.870000
04/05/2011,42.420000,42.420000,42.420000,42.420000
04/06/2011,38.880000,38.880000,38.880000,38.880000
04/07/2011,39.960000,39.960000,39.960000,39.960000
04/08/2011,43.450000,43.450000,43.450000,43.450000
04/11/2011,41.520000,41.520000,41.520000,41.520000
04/12/2011,41.570000,41.570000,41.570000,41.570000
04/13/2011,40.000000,40.000000,40.000000,40.000000
04/14/2011,35.630000,35.630000,35.630000,35.630000
04/15/2011,33.190000,33.190000,33.190000,33.190000
04/18/2011,39.130000,39.130000,39.130000,39.130000
04/19/2011,37.250000,37.250000,37.250000,37.250000
04/20/2011,37.270000,37.270000,37.270000,37.270000
04/21/2011,37.350000,37.350000,37.350000,37.350000
04/25/2011,40.650000,40.650000,40.650000,40.650000
04/26/2011,41.810000,41.810000,41.810000,41.810000
04/27/2011,42.120000,42.120000,42.120000,42.120000
04/28/2011,37.710000,37.710000,37.710000,37.710000
04/29/2011,40.760000,40.760000,40.760000,40.760000
05/02/2011,43.980000,43.980000,43.980000,43.980000
05/03/2011,44.890000,44.890000,44.890000,44.890000
05/04/2011,47.310000,47.310000,47.310000,47.310000
05/05/2011,52.100000,52.100000,52.100000,52.100000
05/06/2011,55.370000,55.370000,55.370000,55.370000
05/09/2011,50.560000,50.560000,50.560000,50.560000
05/10/2011,47.090000,47.090000,47.090000,47.090000
05/11/2011,47.590000,47.590000,47.590000,47.590000
05/12/2011,46.130000,46.130000,46.130000,46.130000
05/13/2011,48.500000,48.500000,48.500000,48.500000
05/16/2011,52.320000,52.320000,52.320000,52.320000
05/17/2011,52.060000,52.060000,52.060000,52.060000
05/18/2011,48.230000,48.230000,48.230000,48.230000
05/19/2011,45.350000,45.350000,45.350000,45.350000
05/20/2011,52.580000,52.580000,52.580000,52.580000
05/23/2011,58.070000,58.070000,58.070000,58.070000
05/24/2011,57.750000,57.750000,57.750000,57.750000
05/25/2011,56.450000,56.450000,56.450000,56.450000
05/26/2011,54.160000,54.160000,54.160000,54.160000
05/27/2011,54.640000,54.640000,54.640000,54.640000
05/31/2011,49.680000,49.680000,49.680000,49.680000
06/01/2011,59.860000,59.860000,59.860000,59.860000
06/02/2011,59.850000,59.850000,59.850000,59.850000
06/03/2011,58.250000,58.250000,58.250000,58.250000
06/06/2011,56.870000,56.870000,56.870000,56.870000
06/07/2011,56.590000,56.590000,56.590000,56.590000
06/08/2011,57.730000,57.730000,57.730000,57.730000
06/09/2011,57.010000,57.010000,57.010000,57.010000
06/10/2011,58.800000,58.800000,58.800000,58.800000
06/13/2011,59.320000,59.320000,59.320000,59.320000
06/14/2011,56.770000,56.770000,56.770000,56.770000
06/15/2011,62.760000,62.760000,62.760000,62.760000
06/16/2011,62.140000,62.140000,62.140000,62.140000
06/17/2011,63.950000,63.950000,63.950000,63.950000
06/20/2011,60.870000,60.870000,60.870000,60.870000
06/21/2011,60.200000,60.200000,60.200000,60.200000
06/22/2011,59.200000,59.200000,59.200000,59.200000
06/23/2011,59.550000,59.550000,59.550000,59.550000
06/24/2011,65.210000,65.210000,65.210000,65.210000
06/27/2011,61.060000,61.060000,61.060000,61.060000
06/28/2011,55.120000,55.120000,55.120000,55.120000
06/29/2011,47.200000,47.200000,47.200000,47.200000
06/30/2011,46.390000,46.390000,46.390000,46.390000
07/01/2011,49.910000,49.910000,49.910000,49.910000
07/05/2011,45.680000,45.680000,45.680000,45.680000
07/06/2011,46.280000,46.280000,46.280000,46.280000
07/07/2011,44.260000,44.260000,44.260000,44.260000
07/08/2011,43.920000,43.920000,43.920000,43.920000
07/11/2011,51.320000,51.320000,51.320000,51.320000
07/12/2011,53.390000,53.390000,53.390000,53.390000
07/13/2011,54.060000,54.060000,54.060000,54.060000
07/14/2011,54.590000,54.590000,54.590000,54.590000
07/15/2011,48.010000,48.010000,48.010000,48.010000
07/18/2011,53.250000,53.250000,53.250000,53.250000
07/19/2011,53.950000,53.950000,53.950000,53.950000
07/20/2011,56.200000,56.200000,56.200000,56.200000
07/21/2011,52.250000,52.250000,52.250000,52.250000
07/22/2011,54.800000,54.800000,54.800000,54.800000
07/25/2011,61.730000,61.730000,61.730000,61.730000
07/26/2011,63.430000,63.430000,63.430000,63.430000
07/27/2011,71.130000,71.130000,71.130000,71.130000
07/28/2011,73.930000,73.930000,73.930000,73.930000
07/29/2011,75.080000,75.080000,75.080000,75.080000
08/01/2011,67.970000,67.970000,67.970000,67.970000
08/02/2011,71.450000,71.450000,71.450000,71.450000
08/03/2011,68.100000,68.100000,68.100000,68.100000
08/04/2011,76.980000,76.980000,76.980000,76.980000
08/05/2011,74.580000,74.580000,74.580000,74.580000
08/08/2011,90.700000,90.700000,90.700000,90.700000
08/09/2011,67.400000,67.400000,67.400000,67.400000
08/10/2011,74.200000,74.200000,74.200000,74.200000
08/11/2011,74.090000,74.090000,74.090000,74.090000
08/12/2011,79.070000,79.070000,79.070000,79.070000
08/15/2011,74.470000,74.470000,74.470000,74.470000
08/16/2011,80.690000,80.690000,80.690000,80.690000
08/17/2011,79.430000,79.430000,79.430000,79.430000
08/18/2011,88.640000,88.640000,88.640000,88.640000
08/19/2011,87.040000,87.040000,87.040000,87.040000
08/22/2011,85.190000,85.190000,85.190000,85.190000
08/23/2011,81.270000,81.270000,81.270000,81.270000
08/24/2011,79.230000,79.230000,79.230000,79.230000
08/25/2011,87.660000,87.660000,87.660000,87.660000
08/26/2011,86.360000,86.360000,86.360000,86.360000
08/29/2011,86.070000,86.070000,86.070000,86.070000
08/30/2011,91.090000,91.090000,91.090000,91.090000
08/31/2011,86.210000,86.210000,86.210000,86.210000
09/01/2011,85.520000,85.520000,85.520000,85.520000
09/02/2011,85.180000,85.180000,85.180000,85.180000
09/06/2011,83.860000,83.860000,83.860000,83.860000
09/07/2011,81.570000,81.570000,81.570000,81.570000
09/08/2011,83.670000,83.670000,83.670000,83.670000
09/09/2011,89.270000,89.270000,89.270000,89.270000
09/12/2011,85.650000,85.650000,85.650000,85.650000
09/13/2011,86.240000,86.240000,86.240000,86.240000
09/14/2011,86.740000,86.740000,86.740000,86.740000
09/15/2011,83.760000,83.760000,83.760000,83.760000
09/16/2011,81.010000,81.010000,81.010000,81.010000
09/19/2011,86.060000,86.060000,86.060000,86.060000
09/20/2011,86.830000,86.830000,86.830000,86.830000
09/21/2011,92.790000,92.790000,92.790000,92.790000
09/22/2011,83.520000,83.520000,83.520000,83.520000
09/23/2011,85.670000,85.670000,85.670000,85.670000
09/26/2011,83.460000,83.460000,83.460000,83.460000
09/27/2011,85.270000,85.270000,85.270000,85.270000
09/28/2011,88.300000,88.300000,88.300000,88.300000
09/29/2011,82.590000,82.590000,82.590000,82.590000
09/30/2011,86.830000,86.830000,86.830000,86.830000
10/03/2011,79.360000,79.360000,79.360000,79.360000
10/04/2011,76.720000,76.720000,76.720000,76.720000
10/05/2011,77.250000,77.250000,77.250000,77.250000
10/06/2011,79.770000,79.770000,79.770000,79.770000
10/07/2011,78.060000,78.060000,78.060000,78.060000
10/10/2011,75.770000,75.770000,75.770000,75.770000
10/11/2011,71.610000,71.610000,71.610000,71.610000
10/12/2011,68.370000,68.370000,68.370000,68.370000
10/13/2011,68.160000,68.160000,68.160000,68.160000
10/14/2011,64.280000,64.280000,64.280000,64.280000
10/17/2011,73.200000,73.200000,73.200000,73.200000
10/18/2011,71.760000,71.760000,71.760000,71.760000
10/19/2011,85.120000,85.120000,85.120000,85.120000
10/20/2011,85.250000,85.250000,85.250000,85.250000
10/21/2011,83.900000,83.900000,83.900000,83.900000
10/24/2011,83.120000,83.120000,83.120000,83.120000
10/25/2011,87.990000,87.990000,87.990000,87.990000
10/26/2011,84.200000,84.200000,84.200000,84.200000
10/27/2011,75.560000,75.560000,75.560000,75.560000
10/28/2011,74.970000,74.970000,74.970000,74.970000
10/31/2011,83.780000,83.780000,83.780000,83.780000
11/01/2011,87.080000,87.080000,87.080000,87.080000
11/02/2011,87.260000,87.260000,87.260000,87.260000
11/03/2011,85.440000,85.440000,85.440000,85.440000
11/04/2011,85.510000,85.510000,85.510000,85.510000
11/07/2011,84.570000,84.570000,84.570000,84.570000
11/08/2011,80.750000,80.750000,80.750000,80.750000
11/09/2011,93.640000,93.640000,93.640000,93.640000
11/10/2011,88.530000,88.530000,88.530000,88.530000
11/11/2011,83.920000,83.920000,83.920000,83.920000
11/14/2011,90.120000,90.120000,90.120000,90.120000
11/15/2011,92.260000,92.260000,92.260000,92.260000
11/16/2011,94.910000,94.910000,94.910000,94.910000
11/17/2011,92.480000,92.480000,92.480000,92.480000
11/18/2011,92.610000,92.610000,92.610000,92.610000
11/21/2011,93.170000,93.170000,93.170000,93.170000
11/22/2011,95.590000,95.590000,95.590000,95.590000
11/23/2011,91.820000,91.820000,91.820000,91.820000
11/25/2011,93.690000,93.690000,93.690000,93.690000
11/28/2011,89.180000,89.180000,89.180000,89.180000
11/29/2011,87.980000,87.980000,87.980000,87.980000
11/30/2011,80.770000,80.770000,80.770000,80.770000
12/01/2011,81.730000,81.730000,81.730000,81.730000
12/02/2011,84.570000,84.570000,84.570000,84.570000
12/05/2011,84.360000,84.360000,84.360000,84.360000
12/06/2011,86.670000,86.670000,86.670000,86.670000
12/07/2011,87.520000,87.520000,87.520000,87.520000
12/08/2011,89.910000,89.910000,89.910000,89.910000
12/09/2011,81.470000,81.470000,81.470000,81.470000
12/12/2011,78.810000,78.810000,78.810000,78.810000
12/13/2011,78.830000,78.830000,78.830000,78.830000
12/14/2011,75.680000,75.680000,75.680000,75.680000
12/15/2011,76.320000,76.320000,76.320000,76.320000
12/16/2011,77.720000,77.720000,77.720000,77.720000
12/19/2011,84.650000,84.650000,84.650000,84.650000
12/20/2011,77.560000,77.560000,77.560000,77.560000
12/21/2011,76.040000,76.040000,76.040000,76.040000
12/22/2011,74.670000,74.670000,74.670000,74.670000
12/23/2011,74.130000,74.130000,74.130000,74.130000
12/27/2011,71.060000,71.060000,71.060000,71.060000
12/28/2011,74.520000,74.520000,74.520000,74.520000
12/29/2011,71.410000,71.410000,71.410000,71.410000
12/30/2011,71.210000,71.210000,71.210000,71.210000
01/03/2012,66.940000,66.940000,66.940000,66.940000
01/04/2012,64.210000,64.210000,64.210000,64.210000
01/05/2012,60.260000,60.260000,60.260000,60.260000
01/06/2012,58.390000,58.390000,58.390000,58.390000
01/09/2012,58.300000,58.300000,58.300000,58.300000
01/10/2012,57.840000,57.840000,57.840000,57.840000
01/11/2012,57.340000,57.340000,57.340000,57.340000
01/12/2012,55.390000,55.390000,55.390000,55.390000
01/13/2012,58.670000,58.670000,58.670000,58.670000
01/17/2012,60.790000,60.790000,60.790000,60.790000
01/18/2012,53.740000,53.740000,53.740000,53.740000
01/19/2012,50.900000,50.900000,50.900000,50.900000
01/20/2012,50.700000,50.700000,50.700000,50.700000
01/23/2012,53.330000,53.330000,53.330000,53.330000
01/24/2012,56.460000,56.460000,56.460000,56.460000
01/25/2012,55.920000,55.920000,55.920000,55.920000
01/26/2012,60.450000,60.450000,60.450000,60.450000
01/27/2012,58.910000,58.910000,58.910000,58.910000
01/30/2012,61.080000,61.080000,61.080000,61.080000
01/31/2012,62.170000,62.170000,62.170000,62.170000
02/01/2012,61.380000,61.380000,61.380000,61.380000
02/02/2012,61.170000,61.170000,61.170000,61.170000
02/03/2012,56.530000,56.530000,56.530000,56.530000
02/06/2012,59.820000,59.820000,59.820000,59.820000
02/07/2012,56.940000,56.940000,56.940000,56.940000
02/08/2012,61.030000,61.030000,61.030000,61.030000
02/09/2012,60.500000,60.500000,60.500000,60.500000
02/10/2012,64.700000,64.700000,64.700000,64.700000
02/13/2012,59.880000,59.880000,59.880000,59.880000
02/14/2012,58.730000,58.730000,58.730000,58.730000
02/15/2012,66.120000,66.120000,66.120000,66.120000
02/16/2012,53.730000,53.730000,53.730000,53.730000
02/17/2012,51.230000,51.230000,51.230000,51.230000
02/21/2012,57.690000,57.690000,57.690000,57.690000
02/22/2012,56.530000,56.530000,56.530000,56.530000
02/23/2012,53.430000,53.430000,53.430000,53.430000
02/24/2012,54.820000,54.820000,54.820000,54.820000
02/27/2012,55.790000,55.790000,55.790000,55.790000
02/28/2012,55.770000,55.770000,55.770000,55.770000
02/29/2012,55.990000,55.990000,55.990000,55.990000
03/01/2012,49.840000,49.840000,49.840000,49.840000
03/02/2012,51.350000,51.350000,51.350000,51.350000
03/05/2012,50.620000,50.620000,50.620000,50.620000
03/06/2012,58.440000,58.440000,58.440000,58.440000
03/07/2012,56.590000,56.590000,56.590000,56.590000
03/08/2012,51.500000,51.500000,51.500000,51.500000
03/09/2012,53.540000,53.540000,53.540000,53.540000
03/12/2012,48.580000,48.580000,48.580000,48.580000
03/13/2012,47.540000,47.540000,47.540000,47.540000
03/14/2012,46.410000,46.410000,46.410000,46.410000
03/15/2012,40.620000,40.620000,40.620000,40.620000
03/16/2012,35.680000,35.680000,35.680000,35.680000
03/19/2012,39.630000,39.630000,39.630000,39.630000
03/20/2012,39.820000,39.820000,39.820000,39.820000
03/21/2012,41.770000,41.770000,41.770000,41.770000
03/22/2012,44.420000,44.420000,44.420000,44.420000
03/23/2012,41.870000,41.870000,41.870000,41.870000
03/26/2012,39.110000,39.110000,39.110000,39.110000
03/27/2012,44.030000,44.030000,44.030000,44.030000
03/28/2012,40.530000,40.530000,40.530000,40.530000
03/29/2012,38.430000,38.430000,38.430000,38.430000
03/30/2012,40.890000,40.890000,40.890000,40.890000
04/02/2012,41.110000,41.110000,41.110000,41.110000
04/03/2012,39.310000,39.310000,39.310000,39.310000
04/04/2012,41.090000,41.090000,41.090000,41.090000
04/05/2012,42.300000,42.300000,42.300000,42.300000
04/09/2012,44.850000,44.850000,44.850000,44.850000
04/10/2012,49.740000,49.740000,49.740000,49.740000
04/11/2012,49.080000,49.080000,49.080000,49.080000
04/12/2012,39.910000,39.910000,39.910000,39.910000
04/13/2012,48.560000,48.560000,48.560000,48.560000
04/16/2012,48.620000,48.620000,48.620000,48.620000
04/17/2012,44.690000,44.690000,44.690000,44.690000
04/18/2012,46.910000,46.910000,46.910000,46.910000
04/19/2012,47.650000,47.650000,47.650000,47.650000
04/20/2012,50.170000,50.170000,50.170000,50.170000
04/23/2012,56.590000,56.590000,56.590000,56.590000
04/24/2012,56.820000,56.820000,56.820000,56.820000
04/25/2012,54.440000,54.440000,54.440000,54.440000
04/26/2012,53.130000,53.130000,53.130000,53.130000
04/27/2012,53.640000,53.640000,53.640000,53.640000
04/30/2012,56.290000,56.290000,56.290000,56.290000
05/01/2012,55.730000,55.730000,55.730000,55.730000
05/02/2012,57.410000,57.410000,57.410000,57.410000
05/03/2012,61.480000,61.480000,61.480000,61.480000
05/04/2012,65.270000,65.270000,65.270000,65.270000
05/07/2012,63.010000,63.010000,63.010000,63.010000
05/08/2012,61.780000,61.780000,61.780000,61.780000
05/09/2012,65.880000,65.880000,65.880000,65.880000
05/10/2012,64.610000,64.610000,64.610000,64.610000
05/11/2012,70.740000,70.740000,70.740000,70.740000
05/14/2012,71.270000,71.270000,71.270000,71.270000
05/15/2012,71.110000,71.110000,71.110000,71.110000
05/16/2012,68.440000,68.440000,68.440000,68.440000
05/17/2012,68.400000,68.400000,68.400000,68.400000
05/18/2012,72.760000,72.760000,72.760000,72.760000
05/21/2012,71.310000,71.310000,71.310000,71.310000
05/22/2012,73.890000,73.890000,73.890000,73.890000
05/23/2012,67.700000,67.700000,67.700000,67.700000
05/24/2012,67.450000,67.450000,67.450000,67.450000
05/25/2012,70.130000,70.130000,70.130000,70.130000
05/29/2012,67.320000,67.320000,67.320000,67.320000
05/30/2012,74.860000,74.860000,74.860000,74.860000
05/31/2012,72.840000,72.840000,72.840000,72.840000
06/01/2012,76.790000,76.790000,76.790000,76.790000
06/04/2012,72.180000,72.180000,72.180000,72.180000
06/05/2012,74.050000,74.050000,74.050000,74.050000
06/06/2012,72.310000,72.310000,72.310000,72.310000
06/07/2012,73.960000,73.960000,73.960000,73.960000
06/08/2012,70.630000,70.630000,70.630000,70.630000
06/11/2012,76.900000,76.900000,76.900000,76.900000
06/12/2012,78.640000,78.640000,78.640000,78.640000
06/13/2012,84.590000,84.590000,84.590000,84.590000
06/14/2012,76.700000,76.700000,76.700000,76.700000
06/15/2012,68.500000,68.500000,68.500000,68.500000
06/18/2012,63.130000,63.130000,63.130000,63.130000
06/19/2012,64.810000,64.810000,64.810000,64.810000
06/20/2012,60.610000,60.610000,60.610000,60.610000
06/21/2012,68.370000,68.370000,68.370000,68.370000
06/22/2012,60.720000,60.720000,60.720000,60.720000
06/25/2012,65.580000,65.580000,65.580000,65.580000
06/26/2012,63.950000,63.950000,63.950000,63.950000
06/27/2012,63.470000,63.470000,63.470000,63.470000
06/28/2012,64.450000,64.450000,64.450000,64.450000
06/29/2012,55.160000,55.160000,55.160000,55.160000
07/02/2012,50.240000,50.240000,50.240000,50.240000
07/03/2012,50.000000,50.000000,50.000000,50.000000
07/05/2012,52.800000,52.800000,52.800000,52.800000
07/06/2012,50.020000,50.020000,50.020000,50.020000
07/09/2012,51.550000,51.550000,51.550000,51.550000
07/10/2012,52.960000,52.960000,52.960000,52.960000
07/11/2012,48.460000,48.460000,48.460000,48.460000
07/12/2012,48.660000,48.660000,48.660000,48.660000
07/13/2012,45.360000,45.360000,45.360000,45.360000
07/16/2012,46.220000,46.220000,46.220000,46.220000
07/17/2012,43.540000,43.540000,43.540000,43.540000
07/18/2012,42.310000,42.310000,42.310000,42.310000
07/19/2012,43.890000,43.890000,43.890000,43.890000
07/20/2012,47.420000,47.420000,47.420000,47.420000
07/23/2012,53.340000,53.340000,53.340000,53.340000
07/24/2012,61.250000,61.250000,61.250000,61.250000
07/25/2012,67.100000,67.100000,67.100000,67.100000
07/26/2012,60.070000,60.070000,60.070000,60.070000
07/27/2012,59.620000,59.620000,59.620000,59.620000
07/30/2012,64.750000,64.750000,64.750000,64.750000
07/31/2012,66.410000,66.410000,66.410000,66.410000
08/01/2012,67.690000,67.690000,67.690000,67.690000
08/02/2012,59.290000,59.290000,59.290000,59.290000
08/03/2012,55.640000,55.640000,55.640000,55.640000
08/06/2012,55.270000,55.270000,55.270000,55.270000
08/07/2012,57.740000,57.740000,57.740000,57.740000
08/08/2012,54.810000,54.810000,54.810000,54.810000
08/09/2012,53.870000,53.870000,53.870000,53.870000
08/10/2012,55.680000,55.680000,55.680000,55.680000
08/13/2012,55.170000,55.170000,55.170000,55.170000
08/14/2012,59.050000,59.050000,59.050000,59.050000
08/15/2012,61.890000,61.890000,61.890000,61.890000
08/16/2012,61.090000,61.090000,61.090000,61.090000
08/17/2012,53.970000,53.970000,53.970000,53.970000
08/20/2012,52.040000,52.040000,52.040000,52.040000
08/21/2012,54.220000,54.220000,54.220000,54.220000
08/22/2012,54.810000,54.810000,54.810000,54.810000
08/23/2012,57.740000,57.740000,57.740000,57.740000
08/24/2012,55.300000,55.300000,55.300000,55.300000
08/27/2012,59.870000,59.870000,59.870000,59.870000
08/28/2012,60.680000,60.680000,60.680000,60.680000
08/29/2012,63.520000,63.520000,63.520000,63.520000
08/30/2012,62.580000,62.580000,62.580000,62.580000
08/31/2012,61.890000,61.890000,61.890000,61.890000
09/04/2012,57.710000,57.710000,57.710000,57.710000
09/05/2012,60.190000,60.190000,60.190000,60.190000
09/06/2012,49.060000,49.060000,49.060000,49.060000
09/07/2012,42.220000,42.220000,42.220000,42.220000
09/10/2012,49.400000,49.400000,49.400000,49.400000
09/11/2012,49.640000,49.640000,49.640000,49.640000
09/12/2012,49.310000,49.310000,49.310000,49.310000
09/13/2012,45.170000,45.170000,45.170000,45.170000
09/14/2012,46.970000,46.970000,46.970000,46.970000
09/17/2012,43.030000,43.030000,43.030000,43.030000
09/18/2012,40.070000,40.070000,40.070000,40.070000
09/19/2012,39.190000,39.190000,39.190000,39.190000
09/20/2012,38.660000,38.660000,38.660000,38.660000
09/21/2012,36.650000,36.650000,36.650000,36.650000
09/24/2012,36.370000,36.370000,36.370000,36.370000
09/25/2012,41.340000,41.340000,41.340000,41.340000
09/26/2012,44.530000,44.530000,44.530000,44.530000
09/27/2012,35.960000,35.960000,35.960000,35.960000
09/28/2012,39.210000,39.210000,39.210000,39.210000
10/01/2012,40.300000,40.300000,40.300000,40.300000
10/02/2012,39.170000,39.170000,39.170000,39.170000
10/03/2012,37.100000,37.100000,37.100000,37.100000
10/04/2012,35.810000,35.810000,35.810000,35.810000
10/05/2012,33.660000,33.660000,33.660000,33.660000
10/08/2012,34.980000,34.980000,34.980000,34.980000
10/09/2012,40.120000,40.120000,40.120000,40.120000
10/10/2012,40.910000,40.910000,40.910000,40.910000
10/11/2012,37.030000,37.030000,37.030000,37.030000
10/12/2012,39.200000,39.200000,39.200000,39.200000
10/15/2012,35.380000,35.380000,35.380000,35.380000
10/16/2012,36.150000,36.150000,36.150000,36.150000
10/17/2012,36.390000,36.390000,36.390000,36.390000
10/18/2012,35.340000,35.340000,35.340000,35.340000
10/19/2012,39.340000,39.340000,39.340000,39.340000
10/22/2012,42.040000,42.040000,42.040000,42.040000
10/23/2012,48.290000,48.290000,48.290000,48.290000
10/24/2012,49.670000,49.670000,49.670000,49.670000
10/25/2012,50.130000,50.130000,50.130000,50.130000
10/26/2012,53.470000,53.470000,53.470000,53.470000
10/31/2012,55.060000,55.060000,55.060000,55.060000
11/01/2012,50.590000,50.590000,50.590000,50.590000
11/02/2012,51.060000,51.060000,51.060000,51.060000
11/05/2012,53.850000,53.850000,53.850000,53.850000
11/06/2012,52.040000,52.040000,52.040000,52.040000
11/07/2012,55.530000,55.530000,55.530000,55.530000
11/08/2012,54.270000,54.270000,54.270000,54.270000
11/09/2012,57.970000,57.970000,57.970000,57.970000
11/12/2012,53.880000,53.880000,53.880000,53.880000
11/13/2012,54.160000,54.160000,54.160000,54.160000
11/14/2012,59.790000,59.790000,59.790000,59.790000
11/15/2012,60.950000,60.950000,60.950000,60.950000
11/16/2012,53.460000,53.460000,53.460000,53.460000
11/19/2012,52.420000,52.420000,52.420000,52.420000
11/20/2012,53.420000,53.420000,53.420000,53.420000
11/21/2012,56.930000,56.930000,56.930000,56.930000
11/23/2012,53.190000,53.190000,53.190000,53.190000
11/26/2012,51.440000,51.440000,51.440000,51.440000
11/27/2012,53.070000,53.070000,53.070000,53.070000
11/28/2012,51.340000,51.340000,51.340000,51.340000
11/29/2012,48.380000,48.380000,48.380000,48.380000
11/30/2012,54.950000,54.950000,54.950000,54.950000
12/03/2012,55.180000,55.180000,55.180000,55.180000
12/04/2012,58.490000,58.490000,58.490000,58.490000
12/05/2012,53.530000,53.530000,53.530000,53.530000
12/06/2012,57.830000,57.830000,57.830000,57.830000
12/07/2012,53.710000,53.710000,53.710000,53.710000
12/10/2012,51.820000,51.820000,51.820000,51.820000
12/11/2012,51.670000,51.670000,51.670000,51.670000
12/12/2012,51.040000,51.040000,51.040000,51.040000
12/13/2012,51.960000,51.960000,51.960000,51.960000
12/14/2012,52.740000,52.740000,52.740000,52.740000
12/17/2012,48.460000,48.460000,48.460000,48.460000
12/18/2012,43.340000,43.340000,43.340000,43.340000
12/19/2012,50.380000,50.380000,50.380000,50.380000
12/20/2012,50.470000,50.470000,50.470000,50.470000
12/21/2012,47.410000,47.410000,47.410000,47.410000
12/24/2012,47.660000,47.660000,47.660000,47.660000
12/26/2012,51.610000,51.610000,51.610000,51.610000
12/27/2012,50.850000,50.850000,50.850000,50.850000
12/28/2012,56.460000,56.460000,56.460000,56.460000
12/31/2012,43.190000,43.190000,43.190000,43.190000
01/02/2013,32.750000,32.750000,32.750000,32.750000
01/03/2013,33.960000,33.960000,33.960000,33.960000
01/04/2013,32.400000,32.400000,32.400000,32.400000
01/07/2013,30.610000,30.610000,30.610000,30.610000
01/08/2013,30.880000,30.880000,30.880000,30.880000
01/09/2013,31.060000,31.060000,31.060000,31.060000
01/10/2013,31.090000,31.090000,31.090000,31.090000
01/11/2013,31.610000,31.610000,31.610000,31.610000
01/14/2013,31.860000,31.860000,31.860000,31.860000
01/15/2013,29.700000,29.700000,29.700000,29.700000
01/16/2013,30.480000,30.480000,30.480000,30.480000
01/17/2013,32.310000,32.310000,32.310000,32.310000
01/18/2013,27.960000,27.960000,27.960000,27.960000
01/22/2013,27.910000,27.910000,27.910000,27.910000
01/23/2013,29.530000,29.530000,29.530000,29.530000
01/24/2013,35.060000,35.060000,35.060000,35.060000
01/25/2013,36.090000,36.090000,36.090000,36.090000
01/28/2013,38.990000,38.990000,38.990000,38.990000
01/29/2013,36.290000,36.290000,36.290000,36.290000
01/30/2013,43.440000,43.440000,43.440000,43.440000
01/31/2013,45.160000,45.160000,45.160000,45.160000
02/01/2013,38.320000,38.320000,38.320000,38.320000
02/04/2013,43.570000,43.570000,43.570000,43.570000
02/05/2013,39.570000,39.570000,39.570000,39.570000
02/06/2013,38.060000,38.060000,38.060000,38.060000
02/07/2013,37.990000,37.990000,37.990000,37.990000
02/08/2013,37.460000,37.460000,37.460000,37.460000
02/11/2013,36.550000,36.550000,36.550000,36.550000
02/12/2013,36.690000,36.690000,36.690000,36.690000
02/13/2013,39.670000,39.670000,39.670000,39.670000
02/14/2013,38.070000,38.070000,38.070000,38.070000
02/15/2013,36.900000,36.900000,36.900000,36.900000
02/19/2013,35.560000,35.560000,35.560000,35.560000
02/20/2013,46.670000,46.670000,46.670000,46.670000
02/21/2013,51.240000,51.240000,51.240000,51.240000
02/22/2013,45.270000,45.270000,45.270000,45.270000
02/25/2013,64.870000,64.870000,64.870000,64.870000
02/26/2013,53.330000,53.330000,53.330000,53.330000
02/27/2013,44.890000,44.890000,44.890000,44.890000
02/28/2013,47.280000,47.280000,47.280000,47.280000
03/01/2013,46.220000,46.220000,46.220000,46.220000
03/04/2013,37.640000,37.640000,37.640000,37.640000
03/05/2013,37.550000,37.550000,37.550000,37.550000
03/06/2013,37.820000,37.820000,37.820000,37.820000
03/07/2013,36.280000,36.280000,36.280000,36.280000
03/08/2013,36.050000,36.050000,36.050000,36.050000
03/11/2013,34.800000,34.800000,34.800000,34.800000
03/12/2013,36.130000,36.130000,36.130000,36.130000
03/13/2013,36.020000,36.020000,36.020000,36.020000
03/14/2013,33.750000,33.750000,33.750000,33.750000
03/15/2013,32.780000,32.780000,32.780000,32.780000
03/18/2013,42.760000,42.760000,42.760000,42.760000
03/19/2013,44.870000,44.870000,44.870000,44.870000
03/20/2013,36.280000,36.280000,36.280000,36.280000
03/21/2013,42.510000,42.510000,42.510000,42.510000
03/22/2013,42.310000,42.310000,42.310000,42.310000
03/25/2013,40.010000,40.010000,40.010000,40.010000
03/26/2013,35.120000,35.120000,35.120000,35.120000
03/27/2013,36.350000,36.350000,36.350000,36.350000
03/28/2013,31.580000,31.580000,31.580000,31.580000
04/01/2013,35.160000,35.160000,35.160000,35.160000
04/02/2013,31.280000,31.280000,31.280000,31.280000
04/03/2013,35.830000,35.830000,35.830000,35.830000
04/04/2013,34.090000,34.090000,34.090000,34.090000
04/05/2013,32.100000,32.100000,32.100000,32.100000
04/08/2013,29.040000,29.040000,29.040000,29.040000
04/09/2013,27.410000,27.410000,27.410000,27.410000
04/10/2013,25.170000,25.170000,25.170000,25.170000
04/11/2013,24.810000,24.810000,24.810000,24.810000
04/12/2013,24.640000,24.640000,24.640000,24.640000
04/15/2013,37.820000,37.820000,37.820000,37.820000
04/16/2013,29.180000,29.180000,29.180000,29.180000
04/17/2013,36.770000,36.770000,36.770000,36.770000
04/18/2013,41.610000,41.610000,41.610000,41.610000
04/19/2013,36.520000,36.520000,36.520000,36.520000
04/22/2013,35.780000,35.780000,35.780000,35.780000
04/23/2013,31.640000,31.640000,31.640000,31.640000
04/24/2013,36.530000,36.530000,36.530000,36.530000
04/25/2013,39.650000,39.650000,39.650000,39.650000
04/26/2013,40.660000,40.660000,40.660000,40.660000
04/29/2013,38.230000,38.230000,38.230000,38.230000
04/30/2013,37.510000,37.510000,37.510000,37.510000
05/01/2013,43.600000,43.600000,43.600000,43.600000
05/02/2013,38.900000,38.900000,38.900000,38.900000
05/03/2013,35.920000,35.920000,35.920000,35.920000
05/06/2013,33.760000,33.760000,33.760000,33.760000
05/07/2013,34.800000,34.800000,34.800000,34.800000
05/08/2013,34.840000,34.840000,34.840000,34.840000
05/09/2013,38.260000,38.260000,38.260000,38.260000
05/10/2013,34.070000,34.070000,34.070000,34.070000
05/13/2013,37.750000,37.750000,37.750000,37.750000
05/14/2013,38.840000,38.840000,38.840000,38.840000
05/15/2013,36.160000,36.160000,36.160000,36.160000
05/16/2013,40.140000,40.140000,40.140000,40.140000
05/17/2013,35.750000,35.750000,35.750000,35.750000
05/20/2013,40.170000,40.170000,40.170000,40.170000
05/21/2013,42.430000,42.430000,42.430000,42.430000
05/22/2013,44.590000,44.590000,44.590000,44.590000
05/23/2013,43.370000,43.370000,43.370000,43.370000
05/24/2013,46.210000,46.210000,46.210000,46.210000
05/28/2013,43.850000,43.850000,43.850000,43.850000
05/29/2013,45.510000,45.510000,45.510000,45.510000
05/30/2013,41.980000,41.980000,41.980000,41.980000
05/31/2013,48.740000,48.740000,48.740000,48.740000
06/03/2013,46.490000,46.490000,46.490000,46.490000
06/04/2013,47.820000,47.820000,47.820000,47.820000
06/05/2013,50.330000,50.330000,50.330000,50.330000
06/06/2013,47.350000,47.350000,47.350000,47.350000
06/07/2013,41.350000,41.350000,41.350000,41.350000
06/10/2013,42.970000,42.970000,42.970000,42.970000
06/11/2013,50.400000,50.400000,50.400000,50.400000
06/12/2013,57.650000,57.650000,57.650000,57.650000
06/13/2013,48.950000,48.950000,48.950000,48.950000
06/14/2013,51.430000,51.430000,51.430000,51.430000
06/17/2013,51.710000,51.710000,51.710000,51.710000
06/18/2013,51.250000,51.250000,51.250000,51.250000
06/19/2013,50.930000,50.930000,50.930000,50.930000
06/20/2013,60.390000,60.390000,60.390000,60.390000
06/21/2013,54.770000,54.770000,54.770000,54.770000
06/24/2013,57.000000,57.000000,57.000000,57.000000
06/25/2013,53.760000,53.760000,53.760000,53.760000
06/26/2013,50.880000,50.880000,50.880000,50.880000
06/27/2013,50.360000,50.360000,50.360000,50.360000
06/28/2013,50.450000,50.450000,50.450000,50.450000
07/01/2013,46.490000,46.490000,46.490000,46.490000
07/02/2013,47.530000,47.530000,47.530000,47.530000
07/03/2013,46.180000,46.180000,46.180000,46.180000
07/05/2013,40.100000,40.100000,40.100000,40.100000
07/08/2013,37.570000,37.570000,37.570000,37.570000
07/09/2013,36.670000,36.670000,36.670000,36.670000
07/10/2013,36.440000,36.440000,36.440000,36.440000
07/11/2013,36.570000,36.570000,36.570000,36.570000
07/12/2013,35.150000,35.150000,35.150000,35.150000
07/15/2013,35.280000,35.280000,35.280000,35.280000
07/16/2013,39.910000,39.910000,39.910000,39.910000
07/17/2013,37.330000,37.330000,37.330000,37.330000
07/18/2013,37.980000,37.980000,37.980000,37.980000
07/19/2013,34.850000,34.850000,34.850000,34.850000
07/22/2013,33.350000,33.350000,33.350000,33.350000
07/23/2013,35.680000,35.680000,35.680000,35.680000
07/24/2013,40.570000,40.570000,40.570000,40.570000
07/25/2013,38.880000,38.880000,38.880000,38.880000
07/26/2013,38.590000,38.590000,38.590000,38.590000
07/29/2013,40.010000,40.010000,40.010000,40.010000
07/30/2013,39.580000,39.580000,39.580000,39.580000
07/31/2013,40.760000,40.760000,40.760000,40.760000
08/01/2013,39.690000,39.690000,39.690000,39.690000
08/02/2013,35.900000,35.900000,35.900000,35.900000
08/05/2013,33.190000,33.190000,33.190000,33.190000
08/06/2013,38.220000,38.220000,38.220000,38.220000
08/07/2013,38.610000,38.610000,38.610000,38.610000
08/08/2013,37.700000,37.700000,37.700000,37.700000
08/09/2013,40.810000,40.810000,40.810000,40.810000
08/12/2013,41.830000,41.830000,41.830000,41.830000
08/13/2013,37.700000,37.700000,37.700000,37.700000
08/14/2013,37.820000,37.820000,37.820000,37.820000
08/15/2013,46.410000,46.410000,46.410000,46.410000
08/16/2013,45.440000,45.440000,45.440000,45.440000
08/19/2013,50.180000,50.180000,50.180000,50.180000
08/20/2013,48.900000,48.900000,48.900000,48.900000
08/21/2013,51.620000,51.620000,51.620000,51.620000
08/22/2013,48.100000,48.100000,48.100000,48.100000
08/23/2013,45.550000,45.550000,45.550000,45.550000
08/26/2013,49.140000,49.140000,49.140000,49.140000
08/27/2013,54.590000,54.590000,54.590000,54.590000
08/28/2013,53.430000,53.430000,53.430000,53.430000
08/29/2013,55.190000,55.190000,55.190000,55.190000
08/30/2013,55.250000,55.250000,55.250000,55.250000
09/03/2013,53.540000,53.540000,53.540000,53.540000
09/04/2013,51.600000,51.600000,51.600000,51.600000
09/05/2013,50.140000,50.140000,50.140000,50.140000
09/06/2013,50.800000,50.800000,50.800000,50.800000
09/09/2013,47.540000,47.540000,47.540000,47.540000
09/10/2013,43.390000,43.390000,43.390000,43.390000
09/11/2013,40.690000,40.690000,40.690000,40.690000
09/12/2013,45.190000,45.190000,45.190000,45.190000
09/13/2013,44.730000,44.730000,44.730000,44.730000
09/16/2013,44.620000,44.620000,44.620000,44.620000
09/17/2013,45.650000,45.650000,45.650000,45.650000
09/18/2013,43.340000,43.340000,43.340000,43.340000
09/19/2013,39.910000,39.910000,39.910000,39.910000
09/20/2013,38.570000,38.570000,38.570000,38.570000
09/23/2013,40.280000,40.280000,40.280000,40.280000
09/24/2013,40.020000,40.020000,40.020000,40.020000
09/25/2013,36.640000,36.640000,36.640000,36.640000
09/26/2013,36.160000,36.160000,36.160000,36.160000
09/27/2013,40.160000,40.160000,40.160000,40.160000
09/30/2013,44.490000,44.490000,44.490000,44.490000
10/01/2013,40.940000,40.940000,40.940000,40.940000
10/02/2013,41.720000,41.720000,41.720000,41.720000
10/03/2013,45.520000,45.520000,45.520000,45.520000
10/04/2013,43.300000,43.300000,43.300000,43.300000
10/07/2013,51.350000,51.350000,51.350000,51.350000
10/08/2013,55.210000,55.210000,55.210000,55.210000
10/09/2013,49.560000,49.560000,49.560000,49.560000
10/10/2013,40.440000,40.440000,40.440000,40.440000
10/11/2013,38.210000,38.210000,38.210000,38.210000
10/14/2013,38.350000,38.350000,38.350000,38.350000
10/15/2013,46.740000,46.740000,46.740000,46.740000
10/16/2013,35.300000,35.300000,35.300000,35.300000
10/17/2013,32.440000,32.440000,32.440000,32.440000
10/18/2013,29.460000,29.460000,29.460000,29.460000
10/21/2013,29.770000,29.770000,29.770000,29.770000
10/22/2013,31.720000,31.720000,31.720000,31.720000
10/23/2013,30.640000,30.640000,30.640000,30.640000
10/24/2013,30.730000,30.730000,30.730000,30.730000
10/25/2013,31.230000,31.230000,31.230000,31.230000
10/28/2013,32.990000,32.990000,32.990000,32.990000
10/29/2013,37.940000,37.940000,37.940000,37.940000
10/30/2013,39.460000,39.460000,39.460000,39.460000
10/31/2013,41.520000,41.520000,41.520000,41.520000
11/01/2013,38.250000,38.250000,38.250000,38.250000
11/04/2013,37.610000,37.610000,37.610000,37.610000
11/05/2013,39.440000,39.440000,39.440000,39.440000
11/06/2013,38.460000,38.460000,38.460000,38.460000
11/07/2013,45.290000,45.290000,45.290000,45.290000
11/08/2013,40.260000,40.260000,40.260000,40.260000
11/11/2013,40.430000,40.430000,40.430000,40.430000
11/12/2013,40.620000,40.620000,40.620000,40.620000
11/13/2013,38.890000,38.890000,38.890000,38.890000
11/14/2013,38.480000,38.480000,38.480000,38.480000
11/15/2013,37.140000,37.140000,37.140000,37.140000
11/18/2013,42.610000,42.610000,42.610000,42.610000
11/19/2013,46.290000,46.290000,46.290000,46.290000
11/20/2013,44.770000,44.770000,44.770000,44.770000
11/21/2013,43.130000,43.130000,43.130000,43.130000
11/22/2013,37.770000,37.770000,37.770000,37.770000
11/25/2013,40.070000,40.070000,40.070000,40.070000
11/26/2013,41.150000,41.150000,41.150000,41.150000
11/27/2013,40.370000,40.370000,40.370000,40.370000
11/29/2013,41.480000,41.480000,41.480000,41.480000
12/02/2013,42.550000,42.550000,42.550000,42.550000
12/03/2013,42.860000,42.860000,42.860000,42.860000
12/04/2013,43.270000,43.270000,43.270000,43.270000
12/05/2013,44.840000,44.840000,44.840000,44.840000
12/06/2013,37.520000,37.520000,37.520000,37.520000
12/09/2013,37.680000,37.680000,37.680000,37.680000
12/10/2013,38.770000,38.770000,38.770000,38.770000
12/11/2013,44.280000,44.280000,44.280000,44.280000
12/12/2013,45.390000,45.390000,45.390000,45.390000
12/13/2013,46.000000,46.000000,46.000000,46.000000
12/16/2013,45.260000,45.260000,45.260000,45.260000
12/17/2013,44.100000,44.100000,44.100000,44.100000
12/18/2013,33.870000,33.870000,33.870000,33.870000
12/19/2013,33.260000,33.260000,33.260000,33.260000
12/20/2013,31.450000,31.450000,31.450000,31.450000
12/23/2013,28.120000,28.120000,28.120000,28.120000
12/24/2013,25.720000,25.720000,25.720000,25.720000
12/26/2013,24.340000,24.340000,24.340000,24.340000
12/27/2013,24.250000,24.250000,24.250000,24.250000
12/30/2013,28.270000,28.270000,28.270000,28.270000
12/31/2013,29.900000,29.900000,29.900000,29.900000
01/02/2014,29.280000,29.280000,29.280000,29.280000
01/03/2014,28.910000,28.910000,28.910000,28.910000
01/06/2014,27.430000,27.430000,27.430000,27.430000
01/07/2014,26.520000,26.520000,26.520000,26.520000
01/08/2014,25.500000,25.500000,25.500000,25.500000
01/09/2014,24.330000,24.330000,24.330000,24.330000
01/10/2014,22.400000,22.400000,22.400000,22.400000
01/13/2014,28.700000,28.700000,28.700000,28.700000
01/14/2014,25.270000,25.270000,25.270000,25.270000
01/15/2014,24.600000,24.600000,24.600000,24.600000
01/16/2014,23.870000,23.870000,23.870000,23.870000
01/17/2014,24.070000,24.070000,24.070000,24.070000
01/21/2014,25.220000,25.220000,25.220000,25.220000
01/22/2014,26.350000,26.350000,26.350000,26.350000
01/23/2014,29.760000,29.760000,29.760000,29.760000
01/24/2014,40.740000,40.740000,40.740000,40.740000
01/27/2014,41.590000,41.590000,41.590000,41.590000
01/28/2014,40.550000,40.550000,40.550000,40.550000
01/29/2014,45.920000,45.920000,45.920000,45.920000
01/30/2014,43.030000,43.030000,43.030000,43.030000
01/31/2014,55.130000,55.130000,55.130000,55.130000
02/03/2014,60.300000,60.300000,60.300000,60.300000
02/04/2014,51.930000,51.930000,51.930000,51.930000
02/05/2014,56.200000,56.200000,56.200000,56.200000
02/06/2014,49.110000,49.110000,49.110000,49.110000
02/07/2014,42.300000,42.300000,42.300000,42.300000
02/10/2014,41.000000,41.000000,41.000000,41.000000
02/11/2014,38.240000,38.240000,38.240000,38.240000
02/12/2014,39.390000,39.390000,39.390000,39.390000
02/13/2014,39.380000,39.380000,39.380000,39.380000
02/14/2014,37.910000,37.910000,37.910000,37.910000
02/18/2014,39.460000,39.460000,39.460000,39.460000
02/19/2014,45.950000,45.950000,45.950000,45.950000
02/20/2014,40.270000,40.270000,40.270000,40.270000
02/21/2014,39.290000,39.290000,39.290000,39.290000
02/24/2014,40.910000,40.910000,40.910000,40.910000
02/25/2014,42.520000,42.520000,42.520000,42.520000
02/26/2014,41.740000,41.740000,41.740000,41.740000
02/27/2014,39.300000,39.300000,39.300000,39.300000
02/28/2014,38.810000,38.810000,38.810000,38.810000
03/03/2014,48.330000,48.330000,48.330000,48.330000
03/04/2014,42.290000,42.290000,42.290000,42.290000
03/05/2014,41.410000,41.410000,41.410000,41.410000
03/06/2014,42.360000,42.360000,42.360000,42.360000
03/07/2014,42.650000,42.650000,42.650000,42.650000
03/10/2014,41.640000,41.640000,41.640000,41.640000
03/11/2014,43.940000,43.940000,43.940000,43.940000
03/12/2014,42.830000,42.830000,42.830000,42.830000
03/13/2014,49.820000,49.820000,49.820000,49.820000
03/14/2014,55.310000,55.310000,55.310000,55.310000
03/17/2014,44.830000,44.830000,44.830000,44.830000
03/18/2014,40.620000,40.620000,40.620000,40.620000
03/19/2014,41.350000,41.350000,41.350000,41.350000
03/20/2014,37.250000,37.250000,37.250000,37.250000
03/21/2014,38.030000,38.030000,38.030000,38.030000
03/24/2014,37.100000,37.100000,37.100000,37.100000
03/25/2014,33.530000,33.530000,33.530000,33.530000
03/26/2014,36.810000,36.810000,36.810000,36.810000
03/27/2014,36.050000,36.050000,36.050000,36.050000
03/28/2014,35.270000,35.270000,35.270000,35.270000
03/31/2014,32.630000,32.630000,32.630000,32.630000
04/01/2014,29.270000,29.270000,29.270000,29.270000
04/02/2014,29.460000,29.460000,29.460000,29.460000
04/03/2014,28.330000,28.330000,28.330000,28.330000
04/04/2014,29.320000,29.320000,29.320000,29.320000
04/07/2014,34.090000,34.090000,34.090000,34.090000
04/08/2014,32.030000,32.030000,32.030000,32.030000
04/09/2014,26.640000,26.640000,26.640000,26.640000
04/10/2014,33.980000,33.980000,33.980000,33.980000
04/11/2014,39.890000,39.890000,39.890000,39.890000
04/14/2014,37.290000,37.290000,37.290000,37.290000
04/15/2014,36.070000,36.070000,36.070000,36.070000
04/16/2014,31.210000,31.210000,31.210000,31.210000
04/17/2014,32.080000,32.080000,32.080000,32.080000
04/21/2014,33.350000,33.350000,33.350000,33.350000
04/22/2014,33.360000,33.360000,33.360000,33.360000
04/23/2014,35.250000,35.250000,35.250000,35.250000
04/24/2014,37.720000,37.720000,37.720000,37.720000
04/25/2014,43.430000,43.430000,43.430000,43.430000
04/28/2014,38.180000,38.180000,38.180000,38.180000
04/29/2014,37.770000,37.770000,37.770000,37.770000
04/30/2014,36.980000,36.980000,36.980000,36.980000
05/01/2014,36.990000,36.990000,36.990000,36.990000
05/02/2014,35.350000,35.350000,35.350000,35.350000
05/05/2014,36.890000,36.890000,36.890000,36.890000
05/06/2014,43.110000,43.110000,43.110000,43.110000
05/07/2014,41.270000,41.270000,41.270000,41.270000
05/08/2014,43.100000,43.100000,43.100000,43.100000
05/09/2014,38.710000,38.710000,38.710000,38.710000
05/12/2014,37.980000,37.980000,37.980000,37.980000
05/13/2014,40.400000,40.400000,40.400000,40.400000
05/14/2014,41.900000,41.900000,41.900000,41.900000
05/15/2014,47.620000,47.620000,47.620000,47.620000
05/16/2014,41.580000,41.580000,41.580000,41.580000
05/19/2014,43.620000,43.620000,43.620000,43.620000
05/20/2014,47.450000,47.450000,47.450000,47.450000
05/21/2014,43.870000,43.870000,43.870000,43.870000
05/22/2014,45.040000,45.040000,45.040000,45.040000
05/23/2014,42.300000,42.300000,42.300000,42.300000
05/27/2014,39.520000,39.520000,39.520000,39.520000
05/28/2014,40.230000,40.230000,40.230000,40.230000
05/29/2014,38.010000,38.010000,38.010000,38.010000
05/30/2014,35.370000,35.370000,35.370000,35.370000
06/02/2014,41.170000,41.170000,41.170000,41.170000
06/03/2014,41.530000,41.530000,41.530000,41.530000
06/04/2014,41.980000,41.980000,41.980000,41.980000
06/05/2014,39.810000,39.810000,39.810000,39.810000
06/06/2014,33.840000,33.840000,33.840000,33.840000
06/09/2014,34.700000,34.700000,34.700000,34.700000
06/10/2014,33.790000,33.790000,33.790000,33.790000
06/11/2014,36.110000,36.110000,36.110000,36.110000
06/12/2014,39.690000,39.690000,39.690000,39.690000
06/13/2014,37.210000,37.210000,37.210000,37.210000
06/16/2014,35.520000,35.520000,35.520000,35.520000
06/17/2014,32.370000,32.370000,32.370000,32.370000
06/18/2014,24.470000,24.470000,24.470000,24.470000
06/19/2014,22.350000,22.350000,22.350000,22.350000
06/20/2014,22.280000,22.280000,22.280000,22.280000
06/23/2014,22.090000,22.090000,22.090000,22.090000
06/24/2014,27.510000,27.510000,27.510000,27.510000
06/25/2014,23.910000,23.910000,23.910000,23.910000
06/26/2014,23.610000,23.610000,23.610000,23.610000
06/27/2014,22.350000,22.350000,22.350000,22.350000
06/30/2014,22.610000,22.610000,22.610000,22.610000
07/01/2014,20.330000,20.330000,20.330000,20.330000
07/02/2014,19.180000,19.180000,19.180000,19.180000
07/03/2014,17.590000,17.590000,17.590000,17.590000
07/07/2014,21.180000,21.180000,21.180000,21.180000
07/08/2014,24.540000,24.540000,24.540000,24.540000
07/09/2014,21.290000,21.290000,21.290000,21.290000
07/10/2014,25.470000,25.470000,25.470000,25.470000
07/11/2014,24.660000,24.660000,24.660000,24.660000
07/14/2014,22.100000,22.100000,22.100000,22.100000
07/15/2014,24.020000,24.020000,24.020000,24.020000
07/16/2014,20.800000,20.800000,20.800000,20.800000
07/17/2014,34.430000,34.430000,34.430000,34.430000
07/18/2014,25.820000,25.820000,25.820000,25.820000
07/21/2014,28.160000,28.160000,28.160000,28.160000
07/22/2014,26.730000,26.730000,26.730000,26.730000
07/23/2014,30.710000,30.710000,30.710000,30.710000
07/24/2014,32.800000,32.800000,32.800000,32.800000
07/25/2014,37.360000,37.360000,37.360000,37.360000
07/28/2014,36.250000,36.250000,36.250000,36.250000
07/29/2014,40.680000,40.680000,40.680000,40.680000
07/30/2014,41.400000,41.400000,41.400000,41.400000
07/31/2014,57.650000,57.650000,57.650000,57.650000
08/01/2014,53.720000,53.720000,53.720000,53.720000
08/04/2014,43.980000,43.980000,43.980000,43.980000
08/05/2014,52.520000,52.520000,52.520000,52.520000
08/06/2014,51.700000,51.700000,51.700000,51.700000
08/07/2014,54.650000,54.650000,54.650000,54.650000
08/08/2014,49.100000,49.100000,49.100000,49.100000
08/11/2014,44.860000,44.860000,44.860000,44.860000
08/12/2014,47.900000,47.900000,47.900000,47.900000
08/13/2014,43.530000,43.530000,43.530000,43.530000
08/14/2014,41.790000,41.790000,41.790000,41.790000
08/15/2014,43.190000,43.190000,43.190000,43.190000
08/18/2014,40.600000,40.600000,40.600000,40.600000
08/19/2014,41.200000,41.200000,41.200000,41.200000
08/20/2014,40.530000,40.530000,40.530000,40.530000
08/21/2014,40.520000,40.520000,40.520000,40.520000
08/22/2014,40.230000,40.230000,40.230000,40.230000
08/25/2014,39.860000,39.860000,39.860000,39.860000
08/26/2014,38.830000,38.830000,38.830000,38.830000
08/27/2014,38.340000,38.340000,38.340000,38.340000
08/28/2014,39.020000,39.020000,39.020000,39.020000
08/29/2014,37.450000,37.450000,37.450000,37.450000
09/02/2014,37.880000,37.880000,37.880000,37.880000
09/03/2014,36.660000,36.660000,36.660000,36.660000
09/04/2014,39.560000,39.560000,39.560000,39.560000
09/05/2014,32.660000,32.660000,32.660000,32.660000
09/08/2014,34.300000,34.300000,34.300000,34.300000
09/09/2014,40.220000,40.220000,40.220000,40.220000
09/10/2014,38.390000,38.390000,38.390000,38.390000
09/11/2014,35.860000,35.860000,35.860000,35.860000
09/12/2014,40.010000,40.010000,40.010000,40.010000
09/15/2014,40.310000,40.310000,40.310000,40.310000
09/16/2014,33.360000,33.360000,33.360000,33.360000
09/17/2014,31.210000,31.210000,31.210000,31.210000
09/18/2014,28.090000,28.090000,28.090000,28.090000
09/19/2014,27.190000,27.190000,27.190000,27.190000
09/22/2014,35.930000,35.930000,35.930000,35.930000
09/23/2014,40.380000,40.380000,40.380000,40.380000
09/24/2014,32.450000,32.450000,32.450000,32.450000
09/25/2014,42.150000,42.150000,42.150000,42.150000
09/26/2014,40.060000,40.060000,40.060000,40.060000
09/29/2014,38.700000,38.700000,38.700000,38.700000
09/30/2014,41.380000,41.380000,41.380000,41.380000
10/01/2014,44.030000,44.030000,44.030000,44.030000
10/02/2014,38.650000,38.650000,38.650000,38.650000
10/03/2014,35.120000,35.120000,35.120000,35.120000
10/06/2014,37.460000,37.460000,37.460000,37.460000
10/07/2014,45.860000,45.860000,45.860000,45.860000
10/08/2014,34.780000,34.780000,34.780000,34.780000
10/09/2014,48.180000,48.180000,48.180000,48.180000
10/10/2014,51.250000,51.250000,51.250000,51.250000
10/13/2014,57.240000,57.240000,57.240000,57.240000
10/14/2014,55.920000,55.920000,55.920000,55.920000
10/15/2014,50.950000,50.950000,50.950000,50.950000
10/16/2014,53.020000,53.020000,53.020000,53.020000
10/17/2014,52.630000,52.630000,52.630000,52.630000
10/20/2014,49.930000,49.930000,49.930000,49.930000
10/21/2014,47.650000,47.650000,47.650000,47.650000
10/22/2014,55.170000,55.170000,55.170000,55.170000
10/23/2014,51.230000,51.230000,51.230000,51.230000
10/24/2014,53.150000,53.150000,53.150000,53.150000
10/27/2014,53.580000,53.580000,53.580000,53.580000
10/28/2014,45.000000,45.000000,45.000000,45.000000
10/29/2014,46.990000,46.990000,46.990000,46.990000
10/30/2014,47.510000,47.510000,47.510000,47.510000
10/31/2014,46.420000,46.420000,46.420000,46.420000
11/03/2014,47.180000,47.180000,47.180000,47.180000
11/04/2014,47.460000,47.460000,47.460000,47.460000
11/05/2014,42.990000,42.990000,42.990000,42.990000
11/06/2014,40.600000,40.600000,40.600000,40.600000
11/07/2014,37.930000,37.930000,37.930000,37.930000
11/10/2014,36.090000,36.090000,36.090000,36.090000
11/11/2014,37.860000,37.860000,37.860000,37.860000
11/12/2014,39.020000,39.020000,39.020000,39.020000
11/13/2014,41.460000,41.460000,41.460000,41.460000
11/14/2014,38.720000,38.720000,38.720000,38.720000
11/17/2014,39.670000,39.670000,39.670000,39.670000
11/18/2014,39.010000,39.010000,39.010000,39.010000
11/19/2014,40.500000,40.500000,40.500000,40.500000
11/20/2014,38.710000,38.710000,38.710000,38.710000
11/21/2014,35.180000,35.180000,35.180000,35.180000
11/24/2014,34.840000,34.840000,34.840000,34.840000
11/25/2014,34.210000,34.210000,34.210000,34.210000
11/26/2014,33.930000,33.930000,33.930000,33.930000
11/28/2014,39.330000,39.330000,39.330000,39.330000
12/01/2014,40.980000,40.980000,40.980000,40.980000
12/02/2014,35.750000,35.750000,35.750000,35.750000
12/03/2014,33.740000,33.740000,33.740000,33.740000
12/04/2014,33.550000,33.550000,33.550000,33.550000
12/05/2014,31.090000,31.090000,31.090000,31.090000
12/08/2014,38.200000,38.200000,38.200000,38.200000
12/09/2014,38.000000,38.000000,38.000000,38.000000
12/10/2014,52.840000,52.840000,52.840000,52.840000
12/11/2014,56.090000,56.090000,56.090000,56.090000
12/12/2014,56.640000,56.640000,56.640000,56.640000
12/15/2014,46.610000,46.610000,46.610000,46.610000
12/16/2014,56.930000,56.930000,56.930000,56.930000
12/17/2014,43.430000,43.430000,43.430000,43.430000
12/18/2014,36.530000,36.530000,36.530000,36.530000
12/19/2014,36.370000,36.370000,36.370000,36.370000
12/22/2014,33.090000,33.090000,33.090000,33.090000
12/23/2014,31.800000,31.800000,31.800000,31.800000
12/24/2014,29.940000,29.940000,29.940000,29.940000
12/26/2014,30.150000,30.150000,30.150000,30.150000
12/29/2014,28.400000,28.400000,28.400000,28.400000
12/30/2014,30.660000,30.660000,30.660000,30.660000
12/31/2014,41.110000,41.110000,41.110000,41.110000
01/02/2015,33.880000,33.880000,33.880000,33.880000
01/05/2015,40.320000,40.320000,40.320000,40.320000
01/06/2015,44.110000,44.110000,44.110000,44.110000
01/07/2015,39.520000,39.520000,39.520000,39.520000
01/08/2015,32.400000,32.400000,32.400000,32.400000
01/09/2015,34.530000,34.530000,34.530000,34.530000
01/12/2015,40.300000,40.300000,40.300000,40.300000
01/13/2015,44.530000,44.530000,44.530000,44.530000
01/14/2015,47.730000,47.730000,47.730000,47.730000
01/15/2015,52.200000,52.200000,52.200000,52.200000
01/16/2015,50.050000,50.050000,50.050000,50.050000
01/20/2015,49.960000,49.960000,49.960000,49.960000
01/21/2015,46.460000,46.460000,46.460000,46.460000
01/22/2015,38.080000,38.080000,38.080000,38.080000
01/23/2015,41.090000,41.090000,41.090000,41.090000
01/26/2015,34.470000,34.470000,34.470000,34.470000
01/27/2015,43.190000,43.190000,43.190000,43.190000
01/28/2015,52.830000,52.830000,52.830000,52.830000
01/29/2015,48.610000,48.610000,48.610000,48.610000
01/30/2015,64.580000,64.580000,64.580000,64.580000
02/02/2015,52.520000,52.520000,52.520000,52.520000
02/03/2015,44.270000,44.270000,44.270000,44.270000
02/04/2015,48.900000,48.900000,48.900000,48.900000
02/05/2015,45.940000,45.940000,45.940000,45.940000
02/06/2015,55.280000,55.280000,55.280000,55.280000
02/09/2015,54.010000,54.010000,54.010000,54.010000
02/10/2015,48.710000,48.710000,48.710000,48.710000
02/11/2015,50.110000,50.110000,50.110000,50.110000
02/12/2015,40.590000,40.590000,40.590000,40.590000
02/13/2015,40.660000,40.660000,40.660000,40.660000
02/17/2015,44.660000,44.660000,44.660000,44.660000
02/18/2015,44.620000,44.620000,44.620000,44.620000
02/19/2015,42.920000,42.920000,42.920000,42.920000
02/20/2015,39.970000,39.970000,39.970000,39.970000
02/23/2015,39.620000,39.620000,39.620000,39.620000
02/24/2015,36.520000,36.520000,36.520000,36.520000
02/25/2015,35.890000,35.890000,35.890000,35.890000
02/26/2015,36.760000,36.760000,36.760000,36.760000
02/27/2015,34.730000,34.730000,34.730000,34.730000
03/02/2015,30.920000,30.920000,30.920000,30.920000
03/03/2015,36.310000,36.310000,36.310000,36.310000
03/04/2015,37.840000,37.840000,37.840000,37.840000
03/05/2015,37.370000,37.370000,37.370000,37.370000
03/06/2015,45.490000,45.490000,45.490000,45.490000
03/09/2015,43.020000,43.020000,43.020000,43.020000
03/10/2015,49.210000,49.210000,49.210000,49.210000
03/11/2015,50.280000,50.280000,50.280000,50.280000
03/12/2015,44.020000,44.020000,44.020000,44.020000
03/13/2015,45.620000,45.620000,45.620000,45.620000
03/16/2015,43.000000,43.000000,43.000000,43.000000
03/17/2015,44.620000,44.620000,44.620000,44.620000
03/18/2015,36.050000,36.050000,36.050000,36.050000
03/19/2015,35.370000,35.370000,35.370000,35.370000
03/20/2015,30.270000,30.270000,30.270000,30.270000
03/23/2015,29.600000,29.600000,29.600000,29.600000
03/24/2015,31.380000,31.380000,31.380000,31.380000
03/25/2015,36.140000,36.140000,36.140000,36.140000
03/26/2015,36.850000,36.850000,36.850000,36.850000
03/27/2015,33.560000,33.560000,33.560000,33.560000
03/30/2015,29.780000,29.780000,29.780000,29.780000
03/31/2015,33.520000,33.520000,33.520000,33.520000
04/01/2015,33.990000,33.990000,33.990000,33.990000
04/02/2015,30.530000,30.530000,30.530000,30.530000
04/06/2015,31.060000,31.060000,31.060000,31.060000
04/07/2015,31.760000,31.760000,31.760000,31.760000
04/08/2015,28.480000,28.480000,28.480000,28.480000
04/09/2015,24.220000,24.220000,24.220000,24.220000
04/10/2015,21.930000,21.930000,21.930000,21.930000
04/13/2015,27.940000,27.940000,27.940000,27.940000
04/14/2015,27.600000,27.600000,27.600000,27.600000
04/15/2015,24.530000,24.530000,24.530000,24.530000
04/16/2015,24.720000,24.720000,24.720000,24.720000
04/17/2015,27.920000,27.920000,27.920000,27.920000
04/20/2015,26.110000,26.110000,26.110000,26.110000
04/21/2015,26.920000,26.920000,26.920000,26.920000
04/22/2015,24.220000,24.220000,24.220000,24.220000
04/23/2015,25.890000,25.890000,25.890000,25.890000
04/24/2015,26.580000,26.580000,26.580000,26.580000
04/27/2015,30.630000,30.630000,30.630000,30.630000
04/28/2015,30.580000,30.580000,30.580000,30.580000
04/29/2015,32.810000,32.810000,32.810000,32.810000
04/30/2015,40.070000,40.070000,40.070000,40.070000
05/01/2015,32.260000,32.260000,32.260000,32.260000
05/04/2015,34.510000,34.510000,34.510000,34.510000
05/05/2015,43.310000,43.310000,43.310000,43.310000
05/06/2015,45.540000,45.540000,45.540000,45.540000
05/07/2015,45.740000,45.740000,45.740000,45.740000
05/08/2015,36.380000,36.380000,36.380000,36.380000
05/11/2015,41.840000,41.840000,41.840000,41.840000
05/12/2015,42.310000,42.310000,42.310000,42.310000
05/13/2015,42.960000,42.960000,42.960000,42.960000
05/14/2015,39.330000,39.330000,39.330000,39.330000
05/15/2015,38.000000,38.000000,38.000000,38.000000
05/18/2015,41.830000,41.830000,41.830000,41.830000
05/19/2015,42.230000,42.230000,42.230000,42.230000
05/20/2015,42.930000,42.930000,42.930000,42.930000
05/21/2015,40.680000,40.680000,40.680000,40.680000
05/22/2015,41.530000,41.530000,41.530000,41.530000
05/26/2015,48.190000,48.190000,48.190000,48.190000
05/27/2015,41.750000,41.750000,41.750000,41.750000
05/28/2015,43.960000,43.960000,43.960000,43.960000
05/29/2015,47.450000,47.450000,47.450000,47.450000
06/01/2015,49.180000,49.180000,49.180000,49.180000
06/02/2015,50.990000,50.990000,50.990000,50.990000
06/03/2015,48.820000,48.820000,48.820000,48.820000
06/04/2015,54.460000,54.460000,54.460000,54.460000
06/05/2015,51.610000,51.610000,51.610000,51.610000
06/08/2015,56.540000,56.540000,56.540000,56.540000
06/09/2015,51.870000,51.870000,51.870000,51.870000
06/10/2015,46.510000,46.510000,46.510000,46.510000
06/11/2015,43.410000,43.410000,43.410000,43.410000
06/12/2015,47.950000,47.950000,47.950000,47.950000
06/15/2015,52.740000,52.740000,52.740000,52.740000
06/16/2015,49.620000,49.620000,49.620000,49.620000
06/17/2015,46.890000,46.890000,46.890000,46.890000
06/18/2015,41.880000,41.880000,41.880000,41.880000
06/19/2015,47.800000,47.800000,47.800000,47.800000
06/22/2015,38.570000,38.570000,38.570000,38.570000
06/23/2015,32.140000,32.140000,32.140000,32.140000
06/24/2015,37.230000,37.230000,37.230000,37.230000
06/25/2015,40.140000,40.140000,40.140000,40.140000
06/26/2015,38.520000,38.520000,38.520000,38.520000
06/29/2015,52.660000,52.660000,52.660000,52.660000
06/30/2015,48.390000,48.390000,48.390000,48.390000
07/01/2015,41.940000,41.940000,41.940000,41.940000
07/02/2015,45.920000,45.920000,45.920000,45.920000
07/06/2015,48.040000,48.040000,48.040000,48.040000
07/07/2015,40.510000,40.510000,40.510000,40.510000
07/08/2015,50.750000,50.750000,50.750000,50.750000
07/09/2015,49.860000,49.860000,49.860000,49.860000
07/10/2015,41.110000,41.110000,41.110000,41.110000
07/13/2015,31.790000,31.790000,31.790000,31.790000
07/14/2015,29.970000,29.970000,29.970000,29.970000
07/15/2015,31.840000,31.840000,31.840000,31.840000
07/16/2015,25.800000,25.800000,25.800000,25.800000
07/17/2015,22.640000,22.640000,22.640000,22.640000
07/20/2015,22.730000,22.730000,22.730000,22.730000
07/21/2015,23.470000,23.470000,23.470000,23.470000
07/22/2015,25.640000,25.640000,25.640000,25.640000
07/23/2015,29.660000,29.660000,29.660000,29.660000
07/24/2015,34.780000,34.780000,34.780000,34.780000
07/27/2015,43.480000,43.480000,43.480000,43.480000
07/28/2015,32.310000,32.310000,32.310000,32.310000
07/29/2015,29.180000,29.180000,29.180000,29.180000
07/30/2015,29.760000,29.760000,29.760000,29.760000
07/31/2015,29.320000,29.320000,29.320000,29.320000
08/03/2015,31.000000,31.000000,31.000000,31.000000
08/04/2015,32.680000,32.680000,32.680000,32.680000
08/05/2015,31.520000,31.520000,31.520000,31.520000
08/06/2015,35.200000,35.200000,35.200000,35.200000
08/07/2015,34.810000,34.810000,34.810000,34.810000
08/10/2015,30.350000,30.350000,30.350000,30.350000
08/11/2015,34.080000,34.080000,34.080000,34.080000
08/12/2015,33.470000,33.470000,33.470000,33.470000
08/13/2015,35.500000,35.500000,35.500000,35.500000
08/14/2015,34.170000,34.170000,34.170000,34.170000
08/17/2015,35.540000,35.540000,35.540000,35.540000
08/18/2015,38.770000,38.770000,38.770000,38.770000
08/19/2015,42.650000,42.650000,42.650000,42.650000
08/20/2015,51.170000,51.170000,51.170000,51.170000
08/21/2015,62.110000,62.110000,62.110000,62.110000
08/24/2015,72.610000,72.610000,72.610000,72.610000
08/25/2015,70.300000,70.300000,70.300000,70.300000
08/26/2015,62.240000,62.240000,62.240000,62.240000
08/27/2015,59.580000,59.580000,59.580000,59.580000
08/28/2015,61.030000,61.030000,61.030000,61.030000
08/31/2015,61.440000,61.440000,61.440000,61.440000
09/01/2015,61.060000,61.060000,61.060000,61.060000
09/02/2015,56.440000,56.440000,56.440000,56.440000
09/03/2015,58.090000,58.090000,58.090000,58.090000
09/04/2015,60.710000,60.710000,60.710000,60.710000
09/08/2015,56.690000,56.690000,56.690000,56.690000
09/09/2015,64.060000,64.060000,64.060000,64.060000
09/10/2015,59.580000,59.580000,59.580000,59.580000
09/11/2015,57.160000,57.160000,57.160000,57.160000
09/14/2015,56.680000,56.680000,56.680000,56.680000
09/15/2015,55.670000,55.670000,55.670000,55.670000
09/16/2015,53.820000,53.820000,53.820000,53.820000
09/17/2015,53.270000,53.270000,53.270000,53.270000
09/18/2015,59.000000,59.000000,59.000000,59.000000
09/21/2015,49.330000,49.330000,49.330000,49.330000
09/22/2015,50.290000,50.290000,50.290000,50.290000
09/23/2015,48.120000,48.120000,48.120000,48.120000
09/24/2015,49.780000,49.780000,49.780000,49.780000
09/25/2015,48.040000,48.040000,48.040000,48.040000
09/28/2015,51.760000,51.760000,51.760000,51.760000
09/29/2015,49.060000,49.060000,49.060000,49.060000
09/30/2015,47.210000,47.210000,47.210000,47.210000
10/01/2015,43.660000,43.660000,43.660000,43.660000
10/02/2015,40.120000,40.120000,40.120000,40.120000
10/05/2015,36.610000,36.610000,36.610000,36.610000
10/06/2015,35.530000,35.530000,35.530000,35.530000
10/07/2015,32.070000,32.070000,32.070000,32.070000
10/08/2015,28.850000,28.850000,28.850000,28.850000
10/09/2015,28.040000,28.040000,28.040000,28.040000
10/12/2015,27.440000,27.440000,27.440000,27.440000
10/13/2015,32.150000,32.150000,32.150000,32.150000
10/14/2015,33.660000,33.660000,33.660000,33.660000
10/15/2015,29.480000,29.480000,29.480000,29.480000
10/16/2015,27.640000,27.640000,27.640000,27.640000
10/19/2015,25.230000,25.230000,25.230000,25.230000
10/20/2015,26.990000,26.990000,26.990000,26.990000
10/21/2015,30.750000,30.750000,30.750000,30.750000
10/22/2015,25.390000,25.390000,25.390000,25.390000
10/23/2015,27.720000,27.720000,27.720000,27.720000
10/26/2015,30.130000,30.130000,30.130000,30.130000
10/27/2015,31.780000,31.780000,31.780000,31.780000
10/28/2015,30.710000,30.710000,30.710000,30.710000
10/29/2015,31.530000,31.530000,31.530000,31.530000
10/30/2015,32.740000,32.740000,32.740000,32.740000
11/02/2015,29.380000,29.380000,29.380000,29.380000
11/03/2015,32.340000,32.340000,32.340000,32.340000
11/04/2015,36.510000,36.510000,36.510000,36.510000
11/05/2015,35.500000,35.500000,35.500000,35.500000
11/06/2015,32.360000,32.360000,32.360000,32.360000
11/09/2015,38.320000,38.320000,38.320000,38.320000
11/10/2015,35.910000,35.910000,35.910000,35.910000
11/11/2015,38.190000,38.190000,38.190000,38.190000
11/12/2015,45.230000,45.230000,45.230000,45.230000
11/13/2015,49.500000,49.500000,49.500000,49.500000
11/16/2015,42.260000,42.260000,42.260000,42.260000
11/17/2015,47.970000,47.970000,47.970000,47.970000
11/18/2015,40.670000,40.670000,40.670000,40.670000
11/19/2015,43.180000,43.180000,43.180000,43.180000
11/20/2015,40.470000,40.470000,40.470000,40.470000
11/23/2015,41.900000,41.900000,41.900000,41.900000
11/24/2015,40.730000,40.730000,40.730000,40.730000
11/25/2015,39.780000,39.780000,39.780000,39.780000
11/27/2015,40.660000,40.660000,40.660000,40.660000
11/30/2015,46.630000,46.630000,46.630000,46.630000
12/01/2015,38.590000,38.590000,38.590000,38.590000
12/02/2015,45.950000,45.950000,45.950000,45.950000
12/03/2015,51.880000,51.880000,51.880000,51.880000
12/04/2015,41.820000,41.820000,41.820000,41.820000
12/07/2015,45.750000,45.750000,45.750000,45.750000
12/08/2015,49.630000,49.630000,49.630000,49.630000
12/09/2015,53.440000,53.440000,53.440000,53.440000
12/10/2015,54.450000,54.450000,54.450000,54.450000
12/11/2015,60.910000,60.910000,60.910000,60.910000
12/14/2015,52.710000,52.710000,52.710000,52.710000
12/15/2015,50.870000,50.870000,50.870000,50.870000
12/16/2015,47.980000,47.980000,47.980000,47.980000
12/17/2015,51.290000,51.290000,51.290000,51.290000
12/18/2015,54.430000,54.430000,54.430000,54.430000
12/21/2015,51.910000,51.910000,51.910000,51.910000
12/22/2015,47.520000,47.520000,47.520000,47.520000
12/23/2015,42.010000,42.010000,42.010000,42.010000
12/24/2015,42.220000,42.220000,42.220000,42.220000
12/28/2015,39.000000,39.000000,39.000000,39.000000
12/29/2015,34.400000,34.400000,34.400000,34.400000
12/30/2015,36.640000,36.640000,36.640000,36.640000
12/31/2015,39.890000,39.890000,39.890000,39.890000
01/04/2016,41.390000,41.390000,41.390000,41.390000
01/05/2016,38.820000,38.820000,38.820000,38.820000
01/06/2016,40.450000,40.450000,40.450000,40.450000
01/07/2016,45.670000,45.670000,45.670000,45.670000
01/08/2016,52.640000,52.640000,52.640000,52.640000
01/11/2016,44.270000,44.270000,44.270000,44.270000
01/12/2016,42.150000,42.150000,42.150000,42.150000
01/13/2016,47.240000,47.240000,47.240000,47.240000
01/14/2016,46.300000,46.300000,46.300000,46.300000
01/15/2016,47.650000,47.650000,47.650000,47.650000
01/19/2016,48.440000,48.440000,48.440000,48.440000
01/20/2016,48.110000,48.110000,48.110000,48.110000
01/21/2016,54.710000,54.710000,54.710000,54.710000
01/22/2016,43.440000,43.440000,43.440000,43.440000
01/25/2016,47.400000,47.400000,47.400000,47.400000
01/26/2016,45.230000,45.230000,45.230000,45.230000
01/27/2016,49.720000,49.720000,49.720000,49.720000
01/28/2016,45.060000,45.060000,45.060000,45.060000
01/29/2016,46.580000,46.580000,46.580000,46.580000
02/01/2016,45.210000,45.210000,45.210000,45.210000
02/02/2016,54.910000,54.910000,54.910000,54.910000
02/03/2016,52.960000,52.960000,52.960000,52.960000
02/04/2016,52.940000,52.940000,52.940000,52.940000
02/05/2016,53.770000,53.770000,53.770000,53.770000
02/08/2016,56.130000,56.130000,56.130000,56.130000
02/09/2016,56.130000,56.130000,56.130000,56.130000
02/10/2016,58.990000,58.990000,58.990000,58.990000
02/11/2016,59.820000,59.820000,59.820000,59.820000
02/12/2016,58.700000,58.700000,58.700000,58.700000
02/16/2016,58.420000,58.420000,58.420000,58.420000
02/17/2016,58.350000,58.350000,58.350000,58.350000
02/18/2016,55.650000,55.650000,55.650000,55.650000
02/19/2016,55.200000,55.200000,55.200000,55.200000
02/22/2016,52.700000,52.700000,52.700000,52.700000
02/23/2016,58.540000,58.540000,58.540000,58.540000
02/24/2016,57.640000,57.640000,57.640000,57.640000
02/25/2016,52.650000,52.650000,52.650000,52.650000
02/26/2016,55.850000,55.850000,55.850000,55.850000
02/29/2016,59.010000,59.010000,59.010000,59.010000
03/01/2016,52.860000,52.860000,52.860000,52.860000
03/02/2016,48.920000,48.920000,48.920000,48.920000
03/03/2016,49.490000,49.490000,49.490000,49.490000
03/04/2016,51.040000,51.040000,51.040000,51.040000
03/07/2016,49.680000,49.680000,49.680000,49.680000
03/08/2016,55.970000,55.970000,55.970000,55.970000
03/09/2016,54.570000,54.570000,54.570000,54.570000
03/10/2016,52.580000,52.580000,52.580000,52.580000
03/11/2016,47.270000,47.270000,47.270000,47.270000
03/14/2016,45.460000,45.460000,45.460000,45.460000
03/15/2016,47.110000,47.110000,47.110000,47.110000
03/16/2016,42.110000,42.110000,42.110000,42.110000
03/17/2016,38.840000,38.840000,38.840000,38.840000
03/18/2016,35.790000,35.790000,35.790000,35.790000
03/21/2016,32.470000,32.470000,32.470000,32.470000
03/22/2016,32.440000,32.440000,32.440000,32.440000
03/23/2016,35.080000,35.080000,35.080000,35.080000
03/24/2016,33.680000,33.680000,33.680000,33.680000
03/28/2016,31.970000,31.970000,31.970000,31.970000
03/29/2016,25.470000,25.470000,25.470000,25.470000
03/30/2016,25.130000,25.130000,25.130000,25.130000
03/31/2016,27.310000,27.310000,27.310000,27.310000
04/01/2016,22.920000,22.920000,22.920000,22.920000
04/04/2016,26.350000,26.350000,26.350000,26.350000
04/05/2016,30.690000,30.690000,30.690000,30.690000
04/06/2016,24.570000,24.570000,24.570000,24.570000
04/07/2016,31.050000,31.050000,31.050000,31.050000
04/08/2016,29.090000,29.090000,29.090000,29.090000
04/11/2016,32.270000,32.270000,32.270000,32.270000
04/12/2016,27.430000,27.430000,27.430000,27.430000
04/13/2016,22.860000,22.860000,22.860000,22.860000
04/14/2016,23.770000,23.770000,23.770000,23.770000
04/15/2016,24.120000,24.120000,24.120000,24.120000
04/18/2016,23.490000,23.490000,23.490000,23.490000
04/19/2016,24.360000,24.360000,24.360000,24.360000
04/20/2016,25.190000,25.190000,25.190000,25.190000
04/21/2016,25.400000,25.400000,25.400000,25.400000
04/22/2016,27.620000,27.620000,27.620000,27.620000
04/25/2016,31.560000,31.560000,31.560000,31.560000
04/26/2016,31.300000,31.300000,31.300000,31.300000
04/27/2016,33.080000,33.080000,33.080000,33.080000
04/28/2016,41.040000,41.040000,41.040000,41.040000
04/29/2016,42.920000,42.920000,42.920000,42.920000
05/02/2016,37.380000,37.380000,37.380000,37.380000
05/03/2016,43.550000,43.550000,43.550000,43.550000
05/04/2016,46.740000,46.740000,46.740000,46.740000
05/05/2016,45.970000,45.970000,45.970000,45.970000
05/06/2016,41.740000,41.740000,41.740000,41.740000
05/09/2016,41.250000,41.250000,41.250000,41.250000
05/10/2016,36.910000,36.910000,36.910000,36.910000
05/11/2016,43.010000,43.010000,43.010000,43.010000
05/12/2016,41.430000,41.430000,41.430000,41.430000
05/13/2016,44.100000,44.100000,44.100000,44.100000
05/16/2016,43.280000,43.280000,43.280000,43.280000
05/17/2016,46.030000,46.030000,46.030000,46.030000
05/18/2016,47.650000,47.650000,47.650000,47.650000
05/19/2016,49.790000,49.790000,49.790000,49.790000
05/20/2016,49.110000,49.110000,49.110000,49.110000
05/23/2016,53.350000,53.350000,53.350000,53.350000
05/24/2016,45.700000,45.700000,45.700000,45.700000
05/25/2016,42.280000,42.280000,42.280000,42.280000
05/26/2016,42.580000,42.580000,42.580000,42.580000
05/27/2016,39.190000,39.190000,39.190000,39.190000
05/31/2016,43.160000,43.160000,43.160000,43.160000
06/01/2016,43.750000,43.750000,43.750000,43.750000
06/02/2016,41.840000,41.840000,41.840000,41.840000
06/03/2016,42.150000,42.150000,42.150000,42.150000
06/06/2016,43.070000,43.070000,43.070000,43.070000
06/07/2016,43.980000,43.980000,43.980000,43.980000
06/08/2016,44.940000,44.940000,44.940000,44.940000
06/09/2016,46.260000,46.260000,46.260000,46.260000
06/10/2016,54.630000,54.630000,54.630000,54.630000
06/13/2016,61.920000,61.920000,61.920000,61.920000
06/14/2016,59.660000,59.660000,59.660000,59.660000
06/15/2016,59.730000,59.730000,59.730000,59.730000
06/16/2016,55.420000,55.420000,55.420000,55.420000
06/17/2016,56.020000,56.020000,56.020000,56.020000
06/20/2016,53.470000,53.470000,53.470000,53.470000
06/21/2016,56.240000,56.240000,56.240000,56.240000
06/22/2016,62.200000,62.200000,62.200000,62.200000
06/23/2016,44.180000,44.180000,44.180000,44.180000
06/24/2016,59.060000,59.060000,59.060000,59.060000
06/27/2016,52.120000,52.120000,52.120000,52.120000
06/28/2016,43.020000,43.020000,43.020000,43.020000
06/29/2016,37.440000,37.440000,37.440000,37.440000
06/30/2016,33.940000,33.940000,33.940000,33.940000
07/01/2016,30.170000,30.170000,30.170000,30.170000
07/05/2016,33.830000,33.830000,33.830000,33.830000
07/06/2016,29.200000,29.200000,29.200000,29.200000
07/07/2016,27.700000,27.700000,27.700000,27.700000
07/08/2016,23.250000,23.250000,23.250000,23.250000
07/11/2016,25.760000,25.760000,25.760000,25.760000
07/12/2016,25.660000,25.660000,25.660000,25.660000
07/13/2016,24.380000,24.380000,24.380000,24.380000
07/14/2016,24.710000,24.710000,24.710000,24.710000
07/15/2016,24.440000,24.440000,24.440000,24.440000
07/18/2016,24.580000,24.580000,24.580000,24.580000
07/19/2016,23.680000,23.680000,23.680000,23.680000
07/20/2016,24.410000,24.410000,24.410000,24.410000
07/21/2016,27.690000,27.690000,27.690000,27.690000
07/22/2016,26.020000,26.020000,26.020000,26.020000
07/25/2016,28.740000,28.740000,28.740000,28.740000
07/26/2016,31.270000,31.270000,31.270000,31.270000
07/27/2016,29.860000,29.860000,29.860000,29.860000
07/28/2016,31.310000,31.310000,31.310000,31.310000
07/29/2016,33.760000,33.760000,33.760000,33.760000
08/01/2016,35.530000,35.530000,35.530000,35.530000
08/02/2016,40.710000,40.710000,40.710000,40.710000
08/03/2016,37.820000,37.820000,37.820000,37.820000
08/04/2016,37.070000,37.070000,37.070000,37.070000
08/05/2016,31.330000,31.330000,31.330000,31.330000
08/08/2016,31.690000,31.690000,31.690000,31.690000
08/09/2016,33.130000,33.130000,33.130000,33.130000
08/10/2016,38.460000,38.460000,38.460000,38.460000
08/11/2016,34.930000,34.930000,34.930000,34.930000
08/12/2016,34.940000,34.940000,34.940000,34.940000
08/15/2016,33.530000,33.530000,33.530000,33.530000
08/16/2016,38.130000,38.130000,38.130000,38.130000
08/17/2016,37.190000,37.190000,37.190000,37.190000
08/18/2016,34.740000,34.740000,34.740000,34.740000
08/19/2016,35.800000,35.800000,35.800000,35.800000
08/22/2016,40.260000,40.260000,40.260000,40.260000
08/23/2016,40.970000,40.970000,40.970000,40.970000
08/24/2016,47.780000,47.780000,47.780000,47.780000
08/25/2016,48.090000,48.090000,48.090000,48.090000
08/26/2016,48.040000,48.040000,48.040000,48.040000
08/29/2016,43.080000,43.080000,43.080000,43.080000
08/30/2016,43.000000,43.000000,43.000000,43.000000
08/31/2016,45.250000,45.250000,45.250000,45.250000
09/01/2016,44.910000,44.910000,44.910000,44.910000
09/02/2016,40.130000,40.130000,40.130000,40.130000
09/06/2016,39.410000,39.410000,39.410000,39.410000
09/07/2016,37.340000,37.340000,37.340000,37.340000
09/08/2016,39.530000,39.530000,39.530000,39.530000
09/09/2016,60.230000,60.230000,60.230000,60.230000
09/12/2016,50.140000,50.140000,50.140000,50.140000
09/13/2016,61.130000,61.130000,61.130000,61.130000
09/14/2016,59.860000,59.860000,59.860000,59.860000
09/15/2016,52.390000,52.390000,52.390000,52.390000
09/16/2016,51.790000,51.790000,51.790000,51.790000
09/19/2016,51.440000,51.440000,51.440000,51.440000
09/20/2016,52.480000,52.480000,52.480000,52.480000
09/21/2016,40.660000,40.660000,40.660000,40.660000
09/22/2016,31.510000,31.510000,31.510000,31.510000
09/23/2016,31.220000,31.220000,31.220000,31.220000
09/26/2016,35.970000,35.970000,35.970000,35.970000
09/27/2016,28.670000,28.670000,28.670000,28.670000
09/28/2016,23.860000,23.860000,23.860000,23.860000
09/29/2016,29.470000,29.470000,29.470000,29.470000
09/30/2016,25.110000,25.110000,25.110000,25.110000
10/03/2016,27.190000,27.190000,27.190000,27.190000
10/04/2016,28.240000,28.240000,28.240000,28.240000
10/05/2016,25.250000,25.250000,25.250000,25.250000
10/06/2016,24.980000,24.980000,24.980000,24.980000
10/07/2016,22.070000,22.070000,22.070000,22.070000
10/10/2016,27.220000,27.220000,27.220000,27.220000
10/11/2016,34.500000,34.500000,34.500000,34.500000
10/12/2016,33.970000,33.970000,33.970000,33.970000
10/13/2016,37.340000,37.340000,37.340000,37.340000
10/14/2016,34.620000,34.620000,34.620000,34.620000
10/17/2016,39.120000,39.120000,39.120000,39.120000
10/18/2016,33.170000,33.170000,33.170000,33.170000
10/19/2016,29.960000,29.960000,29.960000,29.960000
10/20/2016,27.600000,27.600000,27.600000,27.600000
10/21/2016,28.050000,28.050000,28.050000,28.050000
10/24/2016,28.580000,28.580000,28.580000,28.580000
10/25/2016,33.650000,33.650000,33.650000,33.650000
10/26/2016,38.050000,38.050000,38.050000,38.050000
10/27/2016,42.890000,42.890000,42.890000,42.890000
10/28/2016,49.780000,49.780000,49.780000,49.780000
10/31/2016,54.660000,54.660000,54.660000,54.660000
11/01/2016,55.840000,55.840000,55.840000,55.840000
11/02/2016,59.860000,59.860000,59.860000,59.860000
11/03/2016,69.490000,69.490000,69.490000,69.490000
11/04/2016,72.010000,72.010000,72.010000,72.010000
11/07/2016,58.930000,58.930000,58.930000,58.930000
11/08/2016,55.650000,55.650000,55.650000,55.650000
11/09/2016,40.220000,40.220000,40.220000,40.220000
11/10/2016,32.950000,32.950000,32.950000,32.950000
11/11/2016,30.680000,30.680000,30.680000,30.680000
11/14/2016,29.170000,29.170000,29.170000,29.170000
11/15/2016,28.590000,28.590000,28.590000,28.590000
11/16/2016,30.930000,30.930000,30.930000,30.930000
11/17/2016,31.200000,31.200000,31.200000,31.200000
11/18/2016,30.450000,30.450000,30.450000,30.450000
11/21/2016,31.770000,31.770000,31.770000,31.770000
11/22/2016,30.770000,30.770000,30.770000,30.770000
11/23/2016,31.780000,31.780000,31.780000,31.780000
11/25/2016,29.100000,29.100000,29.100000,29.100000
11/28/2016,31.840000,31.840000,31.840000,31.840000
11/29/2016,32.280000,32.280000,32.280000,32.280000
11/30/2016,33.490000,33.490000,33.490000,33.490000
12/01/2016,33.830000,33.830000,33.830000,33.830000
12/02/2016,33.360000,33.360000,33.360000,33.360000
12/05/2016,27.260000,27.260000,27.260000,27.260000
12/06/2016,26.750000,26.750000,26.750000,26.750000
12/07/2016,28.440000,28.440000,28.440000,28.440000
12/08/2016,29.000000,29.000000,29.000000,29.000000
12/09/2016,24.580000,24.580000,24.580000,24.580000
12/12/2016,27.600000,27.600000,27.600000,27.600000
12/13/2016,30.090000,30.090000,30.090000,30.090000
12/14/2016,30.340000,30.340000,30.340000,30.340000
12/15/2016,28.630000,28.630000,28.630000,28.630000
12/16/2016,27.210000,27.210000,27.210000,27.210000
12/19/2016,26.310000,26.310000,26.310000,26.310000
12/20/2016,26.790000,26.790000,26.790000,26.790000
12/21/2016,26.790000,26.790000,26.790000,26.790000
12/22/2016,25.740000,25.740000,25.740000,25.740000
12/23/2016,23.980000,23.980000,23.980000,23.980000
12/27/2016,21.230000,21.230000,21.230000,21.230000
12/28/2016,23.260000,23.260000,23.260000,23.260000
12/29/2016,24.590000,24.590000,24.590000,24.590000
12/30/2016,24.220000,24.220000,24.220000,24.220000
01/03/2017,20.280000,20.280000,20.280000,20.280000
01/04/2017,17.180000,17.180000,17.180000,17.180000
01/05/2017,16.820000,16.820000,16.820000,16.820000
01/06/2017,16.110000,16.110000,16.110000,16.110000
01/09/2017,16.450000,16.450000,16.450000,16.450000
01/10/2017,16.710000,16.710000,16.710000,16.710000
01/11/2017,16.180000,16.180000,16.180000,16.180000
01/12/2017,16.330000,16.330000,16.330000,16.330000
01/13/2017,15.480000,15.480000,15.480000,15.480000
01/17/2017,17.380000,17.380000,17.380000,17.380000
01/18/2017,18.220000,18.220000,18.220000,18.220000
01/19/2017,20.610000,20.610000,20.610000,20.610000
01/20/2017,17.700000,17.700000,17.700000,17.700000
01/23/2017,20.370000,20.370000,20.370000,20.370000
01/24/2017,18.670000,18.670000,18.670000,18.670000
01/25/2017,18.290000,18.290000,18.290000,18.290000
01/26/2017,17.680000,17.680000,17.680000,17.680000
01/27/2017,19.670000,19.670000,19.670000,19.670000
01/30/2017,22.650000,22.650000,22.650000,22.650000
01/31/2017,24.010000,24.010000,24.010000,24.010000
02/01/2017,23.570000,23.570000,23.570000,23.570000
02/02/2017,25.580000,25.580000,25.580000,25.580000
02/03/2017,23.170000,23.170000,23.170000,23.170000
02/06/2017,26.680000,26.680000,26.680000,26.680000
02/07/2017,28.980000,28.980000,28.980000,28.980000
02/08/2017,30.140000,30.140000,30.140000,30.140000
02/09/2017,31.230000,31.230000,31.230000,31.230000
02/10/2017,28.310000,28.310000,28.310000,28.310000
02/13/2017,30.000000,30.000000,30.000000,30.000000
02/14/2017,27.260000,27.260000,27.260000,27.260000
02/15/2017,32.230000,32.230000,32.230000,32.230000
02/16/2017,32.410000,32.410000,32.410000,32.410000
02/17/2017,29.320000,29.320000,29.320000,29.320000
02/21/2017,32.390000,32.390000,32.390000,32.390000
02/22/2017,33.060000,33.060000,33.060000,33.060000
02/23/2017,33.880000,33.880000,33.880000,33.880000
02/24/2017,29.810000,29.810000,29.810000,29.810000
02/27/2017,33.980000,33.980000,33.980000,33.980000
02/28/2017,37.340000,37.340000,37.340000,37.340000
03/01/2017,38.010000,38.010000,38.010000,38.010000
03/02/2017,35.120000,35.120000,35.120000,35.120000
03/03/2017,29.890000,29.890000,29.890000,29.890000
03/06/2017,30.990000,30.990000,30.990000,30.990000
03/07/2017,33.850000,33.850000,33.850000,33.850000
03/08/2017,34.720000,34.720000,34.720000,34.720000
03/09/2017,36.500000,36.500000,36.500000,36.500000
03/10/2017,32.360000,32.360000,32.360000,32.360000
03/13/2017,31.720000,31.720000,31.720000,31.720000
03/14/2017,35.400000,35.400000,35.400000,35.400000
03/15/2017,32.040000,32.040000,32.040000,32.040000
03/16/2017,30.400000,30.400000,30.400000,30.400000
03/17/2017,30.690000,30.690000,30.690000,30.690000
03/20/2017,35.370000,35.370000,35.370000,35.370000
03/21/2017,37.590000,37.590000,37.590000,37.590000
03/22/2017,38.770000,38.770000,38.770000,38.770000
03/23/2017,40.590000,40.590000,40.590000,40.590000
03/24/2017,36.970000,36.970000,36.970000,36.970000
03/27/2017,29.930000,29.930000,29.930000,29.930000
03/28/2017,24.630000,24.630000,24.630000,24.630000
03/29/2017,24.100000,24.100000,24.100000,24.100000
03/30/2017,24.370000,24.370000,24.370000,24.370000
03/31/2017,25.020000,25.020000,25.020000,25.020000
04/03/2017,25.050000,25.050000,25.050000,25.050000
04/04/2017,23.050000,23.050000,23.050000,23.050000
04/05/2017,24.560000,24.560000,24.560000,24.560000
04/06/2017,25.240000,25.240000,25.240000,25.240000
04/07/2017,27.130000,27.130000,27.130000,27.130000
04/10/2017,31.740000,31.740000,31.740000,31.740000
04/11/2017,33.870000,33.870000,33.870000,33.870000
04/12/2017,35.850000,35.850000,35.850000,35.850000
04/13/2017,39.380000,39.380000,39.380000,39.380000
04/17/2017,32.150000,32.150000,32.150000,32.150000
04/18/2017,31.470000,31.470000,31.470000,31.470000
04/19/2017,35.120000,35.120000,35.120000,35.120000
04/20/2017,28.540000,28.540000,28.540000,28.540000
04/21/2017,30.810000,30.810000,30.810000,30.810000
04/24/2017,19.090000,19.090000,19.090000,19.090000
04/25/2017,17.910000,17.910000,17.910000,17.910000
04/26/2017,18.210000,18.210000,18.210000,18.210000
04/27/2017,17.040000,17.040000,17.040000,17.040000
04/28/2017,21.930000,21.930000,21.930000,21.930000
05/01/2017,20.320000,20.320000,20.320000,20.320000
05/02/2017,22.590000,22.590000,22.590000,22.590000
05/03/2017,25.610000,25.610000,25.610000,25.610000
05/04/2017,24.680000,24.680000,24.680000,24.680000
05/05/2017,23.630000,23.630000,23.630000,23.630000
05/08/2017,20.410000,20.410000,20.410000,20.410000
05/09/2017,21.090000,21.090000,21.090000,21.090000
05/10/2017,22.140000,22.140000,22.140000,22.140000
05/11/2017,23.810000,23.810000,23.810000,23.810000
05/12/2017,21.790000,21.790000,21.790000,21.790000
05/15/2017,24.370000,24.370000,24.370000,24.370000
05/16/2017,25.420000,25.420000,25.420000,25.420000
05/17/2017,41.570000,41.570000,41.570000,41.570000
05/18/2017,37.140000,37.140000,37.140000,37.140000
05/19/2017,30.880000,30.880000,30.880000,30.880000
05/22/2017,26.840000,26.840000,26.840000,26.840000
05/23/2017,27.110000,27.110000,27.110000,27.110000
05/24/2017,23.470000,23.470000,23.470000,23.470000
05/25/2017,22.290000,22.290000,22.290000,22.290000
05/26/2017,21.140000,21.140000,21.140000,21.140000
05/30/2017,22.770000,22.770000,22.770000,22.770000
05/31/2017,23.670000,23.670000,23.670000,23.670000
06/01/2017,20.990000,20.990000,20.990000,20.990000
06/02/2017,20.590000,20.590000,20.590000,20.590000
06/05/2017,20.510000,20.510000,20.510000,20.510000
06/06/2017,26.020000,26.020000,26.020000,26.020000
06/07/2017,24.730000,24.730000,24.730000,24.730000
06/08/2017,21.940000,21.940000,21.940000,21.940000
06/09/2017,17.360000,17.360000,17.360000,17.360000
06/12/2017,19.250000,19.250000,19.250000,19.250000
06/13/2017,19.700000,19.700000,19.700000,19.700000
06/14/2017,18.070000,18.070000,18.070000,18.070000
06/15/2017,18.940000,18.940000,18.940000,18.940000
06/16/2017,17.320000,17.320000,17.320000,17.320000
06/19/2017,18.280000,18.280000,18.280000,18.280000
06/20/2017,21.450000,21.450000,21.450000,21.450000
06/21/2017,20.880000,20.880000,20.880000,20.880000
06/22/2017,18.700000,18.700000,18.700000,18.700000
06/23/2017,16.170000,16.170000,16.170000,16.170000
06/26/2017,13.560000,13.560000,13.560000,13.560000
06/27/2017,17.150000,17.150000,17.150000,17.150000
06/28/2017,12.890000,12.890000,12.890000,12.890000
06/29/2017,15.970000,15.970000,15.970000,15.970000
06/30/2017,14.440000,14.440000,14.440000,14.440000
07/03/2017,14.180000,14.180000,14.180000,14.180000
07/05/2017,13.180000,13.180000,13.180000,13.180000
07/06/2017,17.790000,17.790000,17.790000,17.790000
07/07/2017,12.710000,12.710000,12.710000,12.710000
07/10/2017,13.010000,13.010000,13.010000,13.010000
07/11/2017,13.250000,13.250000,13.250000,13.250000
07/12/2017,10.790000,10.790000,10.790000,10.790000
07/13/2017,9.510000,9.510000,9.510000,9.510000
07/14/2017,8.910000,8.910000,8.910000,8.910000
07/17/2017,9.750000,9.750000,9.750000,9.750000
07/18/2017,9.700000,9.700000,9.700000,9.700000
07/19/2017,10.160000,10.160000,10.160000,10.160000
07/20/2017,9.650000,9.650000,9.650000,9.650000
07/21/2017,9.770000,9.770000,9.770000,9.770000
07/24/2017,9.820000,9.820000,9.820000,9.820000
07/25/2017,10.190000,10.190000,10.190000,10.190000
07/26/2017,10.850000,10.850000,10.850000,10.850000
07/27/2017,11.940000,11.940000,11.940000,11.940000
07/28/2017,13.300000,13.300000,13.300000,13.300000
07/31/2017,15.310000,15.310000,15.310000,15.310000
08/01/2017,13.780000,13.780000,13.780000,13.780000
08/02/2017,14.690000,14.690000,14.690000,14.690000
08/03/2017,16.880000,16.880000,16.880000,16.880000
08/04/2017,15.180000,15.180000,15.180000,15.180000
08/07/2017,15.360000,15.360000,15.360000,15.360000
08/08/2017,19.320000,19.320000,19.320000,19.320000
08/09/2017,21.220000,21.220000,21.220000,21.220000
08/10/2017,35.590000,35.590000,35.590000,35.590000
08/11/2017,34.590000,34.590000,34.590000,34.590000
08/14/2017,24.230000,24.230000,24.230000,24.230000
08/15/2017,23.920000,23.920000,23.920000,23.920000
08/16/2017,25.290000,25.290000,25.290000,25.290000
08/17/2017,38.130000,38.130000,38.130000,38.130000
08/18/2017,39.190000,39.190000,39.190000,39.190000
08/21/2017,37.220000,37.220000,37.220000,37.220000
08/22/2017,28.080000,28.080000,28.080000,28.080000
08/23/2017,30.550000,30.550000,30.550000,30.550000
08/24/2017,32.060000,32.060000,32.060000,32.060000
08/25/2017,27.790000,27.790000,27.790000,27.790000
08/28/2017,27.860000,27.860000,27.860000,27.860000
08/29/2017,29.300000,29.300000,29.300000,29.300000
08/30/2017,25.630000,25.630000,25.630000,25.630000
08/31/2017,21.720000,21.720000,21.720000,21.720000
09/01/2017,18.230000,18.230000,18.230000,18.230000
09/05/2017,27.580000,27.580000,27.580000,27.580000
09/06/2017,22.730000,22.730000,22.730000,22.730000
09/07/2017,20.730000,20.730000,20.730000,20.730000
09/08/2017,22.310000,22.310000,22.310000,22.310000
09/11/2017,16.530000,16.530000,16.530000,16.530000
09/12/2017,15.540000,15.540000,15.540000,15.540000
09/13/2017,16.240000,16.240000,16.240000,16.240000
09/14/2017,15.770000,15.770000,15.770000,15.770000
09/15/2017,14.280000,14.280000,14.280000,14.280000
09/18/2017,14.770000,14.770000,14.770000,14.770000
09/19/2017,15.590000,15.590000,15.590000,15.590000
09/20/2017,14.090000,14.090000,14.090000,14.090000
09/21/2017,14.770000,14.770000,14.770000,14.770000
09/22/2017,12.560000,12.560000,12.560000,12.560000
09/25/2017,11.930000,11.930000,11.930000,11.930000
09/26/2017,11.670000,11.670000,11.670000,11.670000
09/27/2017,11.020000,11.020000,11.020000,11.020000
09/28/2017,9.550000,9.550000,9.550000,9.550000
09/29/2017,8.920000,8.920000,8.920000,8.920000
10/02/2017,8.230000,8.230000,8.230000,8.230000
10/03/2017,8.410000,8.410000,8.410000,8.410000
10/04/2017,7.650000,7.650000,7.650000,7.650000
10/05/2017,6.730000,6.730000,6.730000,6.730000
10/06/2017,6.780000,6.780000,6.780000,6.780000
10/09/2017,8.890000,8.890000,8.890000,8.890000
10/10/2017,8.310000,8.310000,8.310000,8.310000
10/11/2017,7.440000,7.440000,7.440000,7.440000
10/12/2017,7.930000,7.930000,7.930000,7.930000
10/13/2017,6.890000,6.890000,6.890000,6.890000
10/16/2017,6.980000,6.980000,6.980000,6.980000
10/17/2017,7.950000,7.950000,7.950000,7.950000
10/18/2017,8.160000,8.160000,8.160000,8.160000
10/19/2017,8.320000,8.320000,8.320000,8.320000
10/20/2017,8.000000,8.000000,8.000000,8.000000
10/23/2017,10.620000,10.620000,10.620000,10.620000
10/24/2017,11.370000,11.370000,11.370000,11.370000
10/25/2017,14.430000,14.430000,14.430000,14.430000
10/26/2017,12.920000,12.920000,12.920000,12.920000
10/27/2017,10.540000,10.540000,10.540000,10.540000
10/30/2017,11.270000,11.270000,11.270000,11.270000
10/31/2017,11.110000,11.110000,11.110000,11.110000
11/01/2017,11.430000,11.430000,11.430000,11.430000
11/02/2017,11.780000,11.780000,11.780000,11.780000
11/03/2017,10.890000,10.890000,10.890000,10.890000
11/06/2017,11.940000,11.940000,11.940000,11.940000
11/07/2017,13.870000,13.870000,13.870000,13.870000
11/08/2017,13.080000,13.080000,13.080000,13.080000
11/09/2017,14.530000,14.530000,14.530000,14.530000
11/10/2017,16.690000,16.690000,16.690000,16.690000
11/13/2017,18.970000,18.970000,18.970000,18.970000
11/14/2017,20.970000,20.970000,20.970000,20.970000
11/15/2017,25.460000,25.460000,25.460000,25.460000
11/16/2017,19.970000,19.970000,19.970000,19.970000
11/17/2017,18.840000,18.840000,18.840000,18.840000
11/20/2017,18.390000,18.390000,18.390000,18.390000
11/21/2017,15.780000,15.780000,15.780000,15.780000
11/22/2017,16.220000,16.220000,16.220000,16.220000
11/24/2017,15.930000,15.930000,15.930000,15.930000
11/27/2017,17.040000,17.040000,17.040000,17.040000
11/28/2017,19.390000,19.390000,19.390000,19.390000
11/29/2017,17.060000,17.060000,17.060000,17.060000
11/30/2017,20.740000,20.740000,20.740000,20.740000
12/01/2017,19.660000,19.660000,19.660000,19.660000
12/04/2017,16.070000,16.070000,16.070000,16.070000
12/05/2017,16.720000,16.720000,16.720000,16.720000
12/06/2017,17.390000,17.390000,17.390000,17.390000
12/07/2017,15.660000,15.660000,15.660000,15.660000
12/08/2017,14.020000,14.020000,14.020000,14.020000
12/11/2017,13.790000,13.790000,13.790000,13.790000
12/12/2017,14.300000,14.300000,14.300000,14.300000
12/13/2017,16.750000,16.750000,16.750000,16.750000
12/14/2017,15.770000,15.770000,15.770000,15.770000
12/15/2017,14.150000,14.150000,14.150000,14.150000
12/18/2017,14.600000,14.600000,14.600000,14.600000
12/19/2017,16.800000,16.800000,16.800000,16.800000
12/20/2017,15.820000,15.820000,15.820000,15.820000
12/21/2017,15.690000,15.690000,15.690000,15.690000
12/22/2017,15.590000,15.590000,15.590000,15.590000
12/26/2017,15.340000,15.340000,15.340000,15.340000
12/27/2017,15.510000,15.510000,15.510000,15.510000
12/28/2017,12.990000,12.990000,12.990000,12.990000
12/29/2017,12.640000,12.640000,12.640000,12.640000
01/02/2018,8.430000,8.430000,8.430000,8.430000
01/03/2018,6.810000,6.810000,6.810000,6.810000
01/04/2018,7.440000,7.440000,7.440000,7.440000
01/05/2018,7.850000,7.850000,7.850000,7.850000
01/08/2018,7.860000,7.860000,7.860000,7.860000
01/09/2018,9.720000,9.720000,9.720000,9.720000
01/10/2018,9.500000,9.500000,9.500000,9.500000
01/11/2018,9.370000,9.370000,9.370000,9.370000
01/12/2018,9.780000,9.780000,9.780000,9.780000
01/16/2018,12.660000,12.660000,12.660000,12.660000
01/17/2018,12.550000,12.550000,12.550000,12.550000
01/18/2018,13.170000,13.170000,13.170000,13.170000
01/19/2018,11.640000,11.640000,11.640000,11.640000
01/22/2018,11.950000,11.950000,11.950000,11.950000
01/23/2018,11.780000,11.780000,11.780000,11.780000
01/24/2018,13.200000,13.200000,13.200000,13.200000
01/25/2018,12.470000,12.470000,12.470000,12.470000
01/26/2018,11.830000,11.830000,11.830000,11.830000
01/29/2018,14.390000,14.390000,14.390000,14.390000
01/30/2018,17.220000,17.220000,17.220000,17.220000
01/31/2018,16.480000,16.480000,16.480000,16.480000
02/01/2018,19.870000,19.870000,19.870000,19.870000
02/02/2018,32.300000,32.300000,32.300000,32.300000
02/05/2018,82.940000,82.940000,82.940000,82.940000
02/06/2018,57.700000,57.700000,57.700000,57.700000
02/07/2018,39.520000,39.520000,39.520000,39.520000
02/08/2018,68.610000,68.610000,68.610000,68.610000
02/09/2018,43.310000,43.310000,43.310000,43.310000
02/12/2018,42.020000,42.020000,42.020000,42.020000
02/13/2018,42.730000,42.730000,42.730000,42.730000
02/14/2018,36.430000,36.430000,36.430000,36.430000
02/15/2018,37.030000,37.030000,37.030000,37.030000
02/16/2018,35.480000,35.480000,35.480000,35.480000
02/20/2018,39.100000,39.100000,39.100000,39.100000
02/21/2018,40.430000,40.430000,40.430000,40.430000
02/22/2018,38.350000,38.350000,38.350000,38.350000
02/23/2018,30.820000,30.820000,30.820000,30.820000
02/26/2018,32.590000,32.590000,32.590000,32.590000
02/27/2018,37.460000,37.460000,37.460000,37.460000
02/28/2018,36.800000,36.800000,36.800000,36.800000
03/01/2018,37.520000,37.520000,37.520000,37.520000
03/02/2018,33.230000,33.230000,33.230000,33.230000
03/05/2018,33.960000,33.960000,33.960000,33.960000
03/06/2018,35.010000,35.010000,35.010000,35.010000
03/07/2018,32.170000,32.170000,32.170000,32.170000
03/08/2018,31.890000,31.890000,31.890000,31.890000
03/09/2018,26.900000,26.900000,26.900000,26.900000
03/12/2018,29.040000,29.040000,29.040000,29.040000
03/13/2018,29.130000,29.130000,29.130000,29.130000
03/14/2018,30.710000,30.710000,30.710000,30.710000
03/15/2018,28.040000,28.040000,28.040000,28.040000
03/16/2018,25.560000,25.560000,25.560000,25.560000
03/19/2018,32.610000,32.610000,32.610000,32.610000
03/20/2018,33.470000,33.470000,33.470000,33.470000
03/21/2018,32.010000,32.010000,32.010000,32.010000
03/22/2018,40.460000,40.460000,40.460000,40.460000
03/23/2018,42.700000,42.700000,42.700000,42.700000
03/26/2018,34.540000,34.540000,34.540000,34.540000
03/27/2018,34.390000,34.390000,34.390000,34.390000
03/28/2018,32.730000,32.730000,32.730000,32.730000
03/29/2018,30.770000,30.770000,30.770000,30.770000
04/02/2018,33.770000,33.770000,33.770000,33.770000
04/03/2018,31.820000,31.820000,31.820000,31.820000
04/04/2018,30.170000,30.170000,30.170000,30.170000
04/05/2018,27.610000,27.610000,27.610000,27.610000
04/06/2018,29.680000,29.680000,29.680000,29.680000
04/09/2018,33.770000,33.770000,33.770000,33.770000
04/10/2018,31.540000,31.540000,31.540000,31.540000
04/11/2018,31.050000,31.050000,31.050000,31.050000
04/12/2018,27.820000,27.820000,27.820000,27.820000
04/13/2018,24.630000,24.630000,24.630000,24.630000
04/16/2018,21.820000,21.820000,21.820000,21.820000
04/17/2018,20.290000,20.290000,20.290000,20.290000
04/18/2018,19.380000,19.380000,19.380000,19.380000
04/19/2018,19.620000,19.620000,19.620000,19.620000
04/20/2018,21.750000,21.750000,21.750000,21.750000
04/23/2018,22.970000,22.970000,22.970000,22.970000
04/24/2018,28.290000,28.290000,28.290000,28.290000
04/25/2018,30.290000,30.290000,30.290000,30.290000
04/26/2018,27.520000,27.520000,27.520000,27.520000
04/27/2018,29.360000,29.360000,29.360000,29.360000
04/30/2018,30.840000,30.840000,30.840000,30.840000
05/01/2018,30.080000,30.080000,30.080000,30.080000
05/02/2018,35.040000,35.040000,35.040000,35.040000
05/03/2018,36.420000,36.420000,36.420000,36.420000
05/04/2018,31.160000,31.160000,31.160000,31.160000
05/07/2018,31.150000,31.150000,31.150000,31.150000
05/08/2018,30.880000,30.880000,30.880000,30.880000
05/09/2018,26.510000,26.510000,26.510000,26.510000
05/10/2018,23.730000,23.730000,23.730000,23.730000
05/11/2018,23.230000,23.230000,23.230000,23.230000
05/14/2018,25.560000,25.560000,25.560000,25.560000
05/15/2018,29.220000,29.220000,29.220000,29.220000
05/16/2018,27.430000,27.430000,27.430000,27.430000
05/17/2018,26.650000,26.650000,26.650000,26.650000
05/18/2018,26.860000,26.860000,26.860000,26.860000
05/21/2018,26.460000,26.460000,26.460000,26.460000
05/22/2018,27.770000,27.770000,27.770000,27.770000
05/23/2018,23.870000,23.870000,23.870000,23.870000
05/24/2018,22.810000,22.810000,22.810000,22.810000
05/25/2018,24.360000,24.360000,24.360000,24.360000
05/29/2018,34.600000,34.600000,34.600000,34.600000
05/30/2018,28.390000,28.390000,28.390000,28.390000
05/31/2018,29.510000,29.510000,29.510000,29.510000
06/01/2018,26.130000,26.130000,26.130000,26.130000
06/04/2018,22.880000,22.880000,22.880000,22.880000
06/05/2018,22.440000,22.440000,22.440000,22.440000
06/06/2018,18.480000,18.480000,18.480000,18.480000
06/07/2018,19.350000,19.350000,19.350000,19.350000
06/08/2018,19.770000,19.770000,19.770000,19.770000
06/11/2018,20.150000,20.150000,20.150000,20.150000
06/12/2018,20.010000,20.010000,20.010000,20.010000
06/13/2018,21.990000,21.990000,21.990000,21.990000
06/14/2018,18.910000,18.910000,18.910000,18.910000
06/15/2018,18.440000,18.440000,18.440000,18.440000
06/18/2018,18.060000,18.060000,18.060000,18.060000
06/19/2018,19.880000,19.880000,19.880000,19.880000
06/20/2018,17.980000,17.980000,17.980000,17.980000
06/21/2018,20.620000,20.620000,20.620000,20.620000
06/22/2018,17.750000,17.750000,17.750000,17.750000
06/25/2018,23.190000,23.190000,23.190000,23.190000
06/26/2018,22.100000,22.100000,22.100000,22.100000
06/27/2018,25.670000,25.670000,25.670000,25.670000
06/28/2018,22.200000,22.200000,22.200000,22.200000
06/29/2018,19.710000,19.710000,19.710000,19.710000
07/02/2018,18.400000,18.400000,18.400000,18.400000
07/03/2018,20.380000,20.380000,20.380000,20.380000
07/05/2018,16.480000,16.480000,16.480000,16.480000
07/06/2018,13.260000,13.260000,13.260000,13.260000
07/09/2018,11.500000,11.500000,11.500000,11.500000
07/10/2018,11.750000,11.750000,11.750000,11.750000
07/11/2018,13.630000,13.630000,13.630000,13.630000
07/12/2018,11.440000,11.440000,11.440000,11.440000
07/13/2018,10.830000,10.830000,10.830000,10.830000
07/16/2018,11.260000,11.260000,11.260000,11.260000
07/17/2018,10.460000,10.460000,10.460000,10.460000
07/18/2018,10.050000,10.050000,10.050000,10.050000
07/19/2018,11.870000,11.870000,11.870000,11.870000
07/20/2018,13.180000,13.180000,13.180000,13.180000
07/23/2018,13.180000,13.180000,13.180000,13.180000
07/24/2018,14.830000,14.830000,14.830000,14.830000
07/25/2018,14.440000,14.440000,14.440000,14.440000
07/26/2018,14.240000,14.240000,14.240000,14.240000
07/27/2018,17.470000,17.470000,17.470000,17.470000
07/30/2018,20.000000,20.000000,20.000000,20.000000
07/31/2018,16.500000,16.500000,16.500000,16.500000
08/01/2018,19.070000,19.070000,19.070000,19.070000
08/02/2018,17.760000,17.760000,17.760000,17.760000
08/03/2018,16.500000,16.500000,16.500000,16.500000
08/06/2018,17.370000,17.370000,17.370000,17.370000
08/07/2018,17.200000,17.200000,17.200000,17.200000
08/08/2018,17.660000,17.660000,17.660000,17.660000
08/09/2018,19.620000,19.620000,19.620000,19.620000
08/10/2018,23.070000,23.070000,23.070000,23.070000
08/13/2018,27.530000,27.530000,27.530000,27.530000
08/14/2018,24.330000,24.330000,24.330000,24.330000
08/15/2018,27.160000,27.160000,27.160000,27.160000
08/16/2018,23.970000,23.970000,23.970000,23.970000
08/17/2018,20.690000,20.690000,20.690000,20.690000
08/20/2018,21.010000,21.010000,21.010000,21.010000
08/21/2018,22.340000,22.340000,22.340000,22.340000
08/22/2018,22.020000,22.020000,22.020000,22.020000
08/23/2018,23.260000,23.260000,23.260000,23.260000
08/24/2018,21.260000,21.260000,21.260000,21.260000
08/27/2018,21.450000,21.450000,21.450000,21.450000
08/28/2018,23.120000,23.120000,23.120000,23.120000
08/29/2018,21.800000,21.800000,21.800000,21.800000
08/30/2018,23.740000,23.740000,23.740000,23.740000
08/31/2018,19.750000,19.750000,19.750000,19.750000
09/04/2018,20.110000,20.110000,20.110000,20.110000
09/05/2018,19.150000,19.150000,19.150000,19.150000
09/06/2018,20.690000,20.690000,20.690000,20.690000
09/07/2018,20.920000,20.920000,20.920000,20.920000
09/10/2018,19.080000,19.080000,19.080000,19.080000
09/11/2018,16.800000,16.800000,16.800000,16.800000
09/12/2018,15.800000,15.800000,15.800000,15.800000
09/13/2018,14.170000,14.170000,14.170000,14.170000
09/14/2018,13.650000,13.650000,13.650000,13.650000
09/17/2018,16.000000,16.000000,16.000000,16.000000
09/18/2018,15.700000,15.700000,15.700000,15.700000
09/19/2018,13.820000,13.820000,13.820000,13.820000
09/20/2018,14.440000,14.440000,14.440000,14.440000
09/21/2018,13.440000,13.440000,13.440000,13.440000
09/24/2018,13.730000,13.730000,13.730000,13.730000
09/25/2018,14.190000,14.190000,14.190000,14.190000
09/26/2018,14.520000,14.520000,14.520000,14.520000
09/27/2018,11.970000,11.970000,11.970000,11.970000
09/28/2018,11.500000,11.500000,11.500000,11.500000
10/01/2018,10.550000,10.550000,10.550000,10.550000
10/02/2018,9.940000,9.940000,9.940000,9.940000
10/03/2018,9.560000,9.560000,9.560000,9.560000
10/04/2018,12.340000,12.340000,12.340000,12.340000
10/05/2018,14.860000,14.860000,14.860000,14.860000
10/08/2018,17.690000,17.690000,17.690000,17.690000
10/09/2018,18.660000,18.660000,18.660000,18.660000
10/10/2018,29.080000,29.080000,29.080000,29.080000
10/11/2018,35.670000,35.670000,35.670000,35.670000
10/12/2018,28.140000,28.140000,28.140000,28.140000
10/15/2018,28.250000,28.250000,28.250000,28.250000
10/16/2018,23.490000,23.490000,23.490000,23.490000
10/17/2018,23.410000,23.410000,23.410000,23.410000
10/18/2018,27.480000,27.480000,27.480000,27.480000
10/19/2018,28.890000,28.890000,28.890000,28.890000
10/22/2018,29.660000,29.660000,29.660000,29.660000
10/23/2018,31.660000,31.660000,31.660000,31.660000
10/24/2018,38.200000,38.200000,38.200000,38.200000
10/25/2018,35.750000,35.750000,35.750000,35.750000
10/26/2018,41.930000,41.930000,41.930000,41.930000
10/29/2018,36.740000,36.740000,36.740000,36.740000
10/30/2018,37.050000,37.050000,37.050000,37.050000
10/31/2018,37.440000,37.440000,37.440000,37.440000
11/01/2018,32.720000,32.720000,32.720000,32.720000
11/02/2018,36.350000,36.350000,36.350000,36.350000
11/05/2018,36.720000,36.720000,36.720000,36.720000
11/06/2018,39.410000,39.410000,39.410000,39.410000
11/07/2018,33.620000,33.620000,33.620000,33.620000
11/08/2018,33.520000,33.520000,33.520000,33.520000
11/09/2018,31.870000,31.870000,31.870000,31.870000
11/12/2018,38.130000,38.130000,38.130000,38.130000
11/13/2018,38.250000,38.250000,38.250000,38.250000
11/14/2018,39.050000,39.050000,39.050000,39.050000
11/15/2018,38.220000,38.220000,38.220000,38.220000
11/16/2018,36.500000,36.500000,36.500000,36.500000
11/19/2018,39.360000,39.360000,39.360000,39.360000
11/20/2018,40.530000,40.530000,40.530000,40.530000
11/21/2018,40.910000,40.910000,40.910000,40.910000
11/23/2018,41.170000,41.170000,41.170000,41.170000
11/26/2018,37.850000,37.850000,37.850000,37.850000
11/27/2018,41.260000,41.260000,41.260000,41.260000
11/28/2018,42.490000,42.490000,42.490000,42.490000
11/29/2018,43.780000,43.780000,43.780000,43.780000
11/30/2018,41.900000,41.900000,41.900000,41.900000
12/03/2018,39.140000,39.140000,39.140000,39.140000
12/04/2018,47.330000,47.330000,47.330000,47.330000
12/06/2018,43.710000,43.710000,43.710000,43.710000
12/07/2018,46.320000,46.320000,46.320000,46.320000
12/10/2018,43.430000,43.430000,43.430000,43.430000
12/11/2018,43.870000,43.870000,43.870000,43.870000
12/12/2018,45.370000,45.370000,45.370000,45.370000
12/13/2018,42.320000,42.320000,42.320000,42.320000
12/14/2018,39.690000,39.690000,39.690000,39.690000
12/17/2018,42.730000,42.730000,42.730000,42.730000
12/18/2018,45.350000,45.350000,45.350000,45.350000
12/19/2018,42.480000,42.480000,42.480000,42.480000
12/20/2018,45.800000,45.800000,45.800000,45.800000
12/21/2018,45.500000,45.500000,45.500000,45.500000
12/24/2018,52.780000,52.780000,52.780000,52.780000
12/26/2018,46.190000,46.190000,46.190000,46.190000
12/27/2018,47.410000,47.410000,47.410000,47.410000
12/28/2018,44.750000,44.750000,44.750000,44.750000
12/31/2018,41.210000,41.210000,41.210000,41.210000
01/02/2019,33.320000,33.320000,33.320000,33.320000
01/03/2019,36.640000,36.640000,36.640000,36.640000
01/04/2019,30.550000,30.550000,30.550000,30.550000
01/07/2019,29.810000,29.810000,29.810000,29.810000
01/08/2019,28.900000,28.900000,28.900000,28.900000
01/09/2019,28.740000,28.740000,28.740000,28.740000
01/10/2019,27.870000,27.870000,27.870000,27.870000
01/11/2019,25.450000,25.450000,25.450000,25.450000
01/14/2019,26.980000,26.980000,26.980000,26.980000
01/15/2019,26.800000,26.800000,26.800000,26.800000
01/16/2019,26.950000,26.950000,26.950000,26.950000
01/17/2019,24.940000,24.940000,24.940000,24.940000
01/18/2019,27.200000,27.200000,27.200000,27.200000
01/22/2019,33.600000,33.600000,33.600000,33.600000
01/23/2019,32.810000,32.810000,32.810000,32.810000
01/24/2019,27.720000,27.720000,27.720000,27.720000
01/25/2019,27.990000,27.990000,27.990000,27.990000
01/28/2019,31.230000,31.230000,31.230000,31.230000
01/29/2019,32.570000,32.570000,32.570000,32.570000
01/30/2019,30.620000,30.620000,30.620000,30.620000
01/31/2019,28.770000,28.770000,28.770000,28.770000
02/01/2019,31.150000,31.150000,31.150000,31.150000
02/04/2019,31.340000,31.340000,31.340000,31.340000
02/05/2019,35.660000,35.660000,35.660000,35.660000
02/06/2019,34.470000,34.470000,34.470000,34.470000
02/07/2019,34.700000,34.700000,34.700000,34.700000
02/08/2019,31.420000,31.420000,31.420000,31.420000
02/11/2019,33.540000,33.540000,33.540000,33.540000
02/12/2019,33.650000,33.650000,33.650000,33.650000
02/13/2019,35.220000,35.220000,35.220000,35.220000
02/14/2019,36.310000,36.310000,36.310000,36.310000
02/15/2019,30.640000,30.640000,30.640000,30.640000
02/19/2019,33.750000,33.750000,33.750000,33.750000
02/20/2019,31.770000,31.770000,31.770000,31.770000
02/21/2019,31.950000,31.950000,31.950000,31.950000
02/22/2019,28.390000,28.390000,28.390000,28.390000
02/25/2019,32.140000,32.140000,32.140000,32.140000
02/26/2019,35.110000,35.110000,35.110000,35.110000
02/27/2019,34.100000,34.100000,34.100000,34.100000
02/28/2019,34.440000,34.440000,34.440000,34.440000
03/01/2019,26.780000,26.780000,26.780000,26.780000
03/04/2019,29.880000,29.880000,29.880000,29.880000
03/05/2019,32.090000,32.090000,32.090000,32.090000
03/06/2019,36.510000,36.510000,36.510000,36.510000
03/07/2019,40.040000,40.040000,40.040000,40.040000
03/08/2019,36.270000,36.270000,36.270000,36.270000
03/11/2019,31.900000,31.900000,31.900000,31.900000
03/12/2019,30.400000,30.400000,30.400000,30.400000
03/13/2019,30.060000,30.060000,30.060000,30.060000
03/14/2019,30.540000,30.540000,30.540000,30.540000
03/15/2019,28.250000,28.250000,28.250000,28.250000
03/18/2019,29.530000,29.530000,29.530000,29.530000
03/19/2019,31.120000,31.120000,31.120000,31.120000
03/20/2019,30.020000,30.020000,30.020000,30.020000
03/21/2019,28.490000,28.490000,28.490000,28.490000
03/22/2019,36.830000,36.830000,36.830000,36.830000
03/25/2019,33.510000,33.510000,33.510000,33.510000
03/26/2019,29.360000,29.360000,29.360000,29.360000
03/27/2019,30.630000,30.630000,30.630000,30.630000
03/28/2019,26.980000,26.980000,26.980000,26.980000
03/29/2019,22.780000,22.780000,22.780000,22.780000
04/01/2019,19.840000,19.840000,19.840000,19.840000
04/02/2019,18.560000,18.560000,18.560000,18.560000
04/03/2019,19.730000,19.730000,19.730000,19.730000
04/04/2019,18.540000,18.540000,18.540000,18.540000
04/05/2019,15.220000,15.220000,15.220000,15.220000
04/08/2019,15.790000,15.790000,15.790000,15.790000
04/09/2019,19.410000,19.410000,19.410000,19.410000
04/10/2019,16.750000,16.750000,16.750000,16.750000
04/11/2019,15.560000,15.560000,15.560000,15.560000
04/12/2019,13.410000,13.410000,13.410000,13.410000
04/15/2019,13.870000,13.870000,13.870000,13.870000
04/16/2019,15.000000,15.000000,15.000000,15.000000
04/17/2019,16.050000,16.050000,16.050000,16.050000
04/18/2019,15.790000,15.790000,15.790000,15.790000
04/22/2019,15.790000,15.790000,15.790000,15.790000
04/23/2019,15.290000,15.290000,15.290000,15.290000
04/24/2019,17.240000,17.240000,17.240000,17.240000
04/25/2019,19.320000,19.320000,19.320000,19.320000
04/26/2019,18.990000,18.990000,18.990000,18.990000
04/29/2019,20.590000,20.590000,20.590000,20.590000
04/30/2019,23.320000,23.320000,23.320000,23.320000
05/01/2019,32.370000,32.370000,32.370000,32.370000
05/02/2019,31.140000,31.140000,31.140000,31.140000
05/03/2019,25.580000,25.580000,25.580000,25.580000
05/06/2019,32.560000,32.560000,32.560000,32.560000
05/07/2019,48.360000,48.360000,48.360000,48.360000
05/08/2019,50.200000,50.200000,50.200000,50.200000
05/09/2019,48.450000,48.450000,48.450000,48.450000
05/10/2019,39.570000,39.570000,39.570000,39.570000
05/13/2019,48.010000,48.010000,48.010000,48.010000
05/14/2019,47.620000,47.620000,47.620000,47.620000
05/15/2019,45.150000,45.150000,45.150000,45.150000
05/16/2019,41.640000,41.640000,41.640000,41.640000
05/17/2019,39.400000,39.400000,39.400000,39.400000
05/20/2019,39.670000,39.670000,39.670000,39.670000
05/21/2019,37.330000,37.330000,37.330000,37.330000
05/22/2019,36.800000,36.800000,36.800000,36.800000
05/23/2019,40.100000,40.100000,40.100000,40.100000
05/24/2019,40.930000,40.930000,40.930000,40.930000
05/28/2019,46.410000,46.410000,46.410000,46.410000
05/29/2019,45.070000,45.070000,45.070000,45.070000
05/30/2019,45.150000,45.150000,45.150000,45.150000
05/31/2019,48.540000,48.540000,48.540000,48.540000
06/03/2019,45.680000,45.680000,45.680000,45.680000
06/04/2019,42.770000,42.770000,42.770000,42.770000
06/05/2019,37.330000,37.330000,37.330000,37.330000
06/06/2019,37.570000,37.570000,37.570000,37.570000
06/07/2019,37.720000,37.720000,37.720000,37.720000
06/10/2019,36.640000,36.640000,36.640000,36.640000
06/11/2019,38.300000,38.300000,38.300000,38.300000
06/12/2019,37.650000,37.650000,37.650000,37.650000
06/13/2019,37.720000,37.720000,37.720000,37.720000
06/14/2019,35.890000,35.890000,35.890000,35.890000
06/17/2019,35.180000,35.180000,35.180000,35.180000
06/18/2019,34.490000,34.490000,34.490000,34.490000
06/19/2019,30.060000,30.060000,30.060000,30.060000
06/20/2019,30.320000,30.320000,30.320000,30.320000
06/21/2019,32.720000,32.720000,32.720000,32.720000
06/24/2019,30.560000,30.560000,30.560000,30.560000
06/25/2019,31.770000,31.770000,31.770000,31.770000
06/26/2019,30.910000,30.910000,30.910000,30.910000
06/27/2019,28.560000,28.560000,28.560000,28.560000
06/28/2019,25.290000,25.290000,25.290000,25.290000
07/01/2019,23.620000,23.620000,23.620000,23.620000
07/02/2019,21.360000,21.360000,21.360000,21.360000
07/03/2019,19.440000,19.440000,19.440000,19.440000
07/05/2019,19.480000,19.480000,19.480000,19.480000
07/08/2019,21.830000,21.830000,21.830000,21.830000
07/09/2019,23.060000,23.060000,23.060000,23.060000
07/10/2019,20.070000,20.070000,20.070000,20.070000
07/11/2019,19.310000,19.310000,19.310000,19.310000
07/12/2019,16.380000,16.380000,16.380000,16.380000
07/15/2019,17.220000,17.220000,17.220000,17.220000
07/16/2019,17.610000,17.610000,17.610000,17.610000
07/17/2019,20.290000,20.290000,20.290000,20.290000
07/18/2019,20.680000,20.680000,20.680000,20.680000
07/19/2019,23.010000,23.010000,23.010000,23.010000
07/22/2019,20.750000,20.750000,20.750000,20.750000
07/23/2019,18.910000,18.910000,18.910000,18.910000
07/24/2019,17.890000,17.890000,17.890000,17.890000
07/25/2019,22.100000,22.100000,22.100000,22.100000
07/26/2019,21.660000,21.660000,21.660000,21.660000
07/29/2019,22.480000,22.480000,22.480000,22.480000
07/30/2019,29.340000,29.340000,29.340000,29.340000
07/31/2019,35.560000,35.560000,35.560000,35.560000
08/01/2019,42.400000,42.400000,42.400000,42.400000
08/02/2019,39.720000,39.720000,39.720000,39.720000
08/05/2019,48.480000,48.480000,48.480000,48.480000
08/06/2019,44.010000,44.010000,44.010000,44.010000
08/07/2019,38.750000,38.750000,38.750000,38.750000
08/08/2019,35.650000,35.650000,35.650000,35.650000
08/09/2019,37.290000,37.290000,37.290000,37.290000
08/12/2019,46.300000,46.300000,46.300000,46.300000
08/13/2019,42.280000,42.280000,42.280000,42.280000
08/14/2019,51.620000,51.620000,51.620000,51.620000
08/15/2019,51.360000,51.360000,51.360000,51.360000
08/16/2019,43.390000,43.390000,43.390000,43.390000
08/19/2019,38.770000,38.770000,38.770000,38.770000
08/20/2019,44.210000,44.210000,44.210000,44.210000
08/21/2019,39.440000,39.440000,39.440000,39.440000
08/22/2019,40.210000,40.210000,40.210000,40.210000
08/23/2019,47.680000,47.680000,47.680000,47.680000
08/26/2019,47.270000,47.270000,47.270000,47.270000
08/27/2019,50.630000,50.630000,50.630000,50.630000
08/28/2019,47.120000,47.120000,47.120000,47.120000
08/29/2019,44.490000,44.490000,44.490000,44.490000
08/30/2019,44.020000,44.020000,44.020000,44.020000
09/03/2019,45.070000,45.070000,45.070000,45.070000
09/04/2019,37.710000,37.710000,37.710000,37.710000
09/05/2019,33.620000,33.620000,33.620000,33.620000
09/06/2019,30.860000,30.860000,30.860000,30.860000
09/09/2019,28.750000,28.750000,28.750000,28.750000
09/10/2019,29.750000,29.750000,29.750000,29.750000
09/11/2019,28.340000,28.340000,28.340000,28.340000
09/12/2019,26.880000,26.880000,26.880000,26.880000
09/13/2019,25.530000,25.530000,25.530000,25.530000
09/16/2019,27.150000,27.150000,27.150000,27.150000
09/17/2019,27.900000,27.900000,27.900000,27.900000
09/18/2019,26.650000,26.650000,26.650000,26.650000
09/19/2019,27.400000,27.400000,27.400000,27.400000
09/20/2019,30.050000,30.050000,30.050000,30.050000
09/23/2019,28.110000,28.110000,28.110000,28.110000
09/24/2019,33.330000,33.330000,33.330000,33.330000
09/25/2019,28.690000,28.690000,28.690000,28.690000
09/26/2019,30.090000,30.090000,30.090000,30.090000
09/27/2019,31.720000,31.720000,31.720000,31.720000
09/30/2019,28.940000,28.940000,28.940000,28.940000
10/01/2019,35.580000,35.580000,35.580000,35.580000
10/02/2019,40.010000,40.010000,40.010000,40.010000
10/03/2019,37.090000,37.090000,37.090000,37.090000
10/04/2019,29.700000,29.700000,29.700000,29.700000
10/07/2019,32.230000,32.230000,32.230000,32.230000
10/08/2019,39.840000,39.840000,39.840000,39.840000
10/09/2019,35.530000,35.530000,35.530000,35.530000
10/10/2019,32.380000,32.380000,32.380000,32.380000
10/11/2019,26.040000,26.040000,26.040000,26.040000
10/14/2019,23.340000,23.340000,23.340000,23.340000
10/15/2019,20.910000,20.910000,20.910000,20.910000
10/16/2019,21.300000,21.300000,21.300000,21.300000
10/17/2019,23.840000,23.840000,23.840000,23.840000
10/18/2019,22.670000,22.670000,22.670000,22.670000
10/21/2019,22.600000,22.600000,22.600000,22.600000
10/22/2019,23.140000,23.140000,23.140000,23.140000
10/23/2019,22.310000,22.310000,22.310000,22.310000
10/24/2019,22.510000,22.510000,22.510000,22.510000
10/25/2019,21.000000,21.000000,21.000000,21.000000
10/28/2019,22.210000,22.210000,22.210000,22.210000
10/29/2019,26.170000,26.170000,26.170000,26.170000
10/30/2019,22.200000,22.200000,22.200000,22.200000
10/31/2019,27.550000,27.550000,27.550000,27.550000
11/01/2019,25.040000,25.040000,25.040000,25.040000
11/04/2019,25.400000,25.400000,25.400000,25.400000
11/05/2019,28.000000,28.000000,28.000000,28.000000
11/06/2019,27.970000,27.970000,27.970000,27.970000
11/07/2019,28.500000,28.500000,28.500000,28.500000
11/08/2019,25.370000,25.370000,25.370000,25.370000
11/11/2019,29.620000,29.620000,29.620000,29.620000
11/12/2019,31.100000,31.100000,31.100000,31.100000
11/13/2019,29.230000,29.230000,29.230000,29.230000
11/14/2019,30.490000,30.490000,30.490000,30.490000
11/15/2019,25.970000,25.970000,25.970000,25.970000
11/18/2019,26.790000,26.790000,26.790000,26.790000
11/19/2019,27.770000,27.770000,27.770000,27.770000
11/20/2019,26.230000,26.230000,26.230000,26.230000
11/21/2019,29.340000,29.340000,29.340000,29.340000
11/22/2019,26.150000,26.150000,26.150000,26.150000
11/25/2019,25.420000,25.420000,25.420000,25.420000
11/26/2019,26.510000,26.510000,26.510000,26.510000
11/27/2019,24.560000,24.560000,24.560000,24.560000
11/29/2019,28.170000,28.170000,28.170000,28.170000
12/02/2019,37.630000,37.630000,37.630000,37.630000
12/03/2019,43.800000,43.800000,43.800000,43.800000
12/04/2019,40.560000,40.560000,40.560000,40.560000
12/05/2019,41.350000,41.350000,41.350000,41.350000
12/06/2019,34.620000,34.620000,34.620000,34.620000
12/09/2019,41.410000,41.410000,41.410000,41.410000
12/10/2019,44.700000,44.700000,44.700000,44.700000
12/11/2019,39.570000,39.570000,39.570000,39.570000
12/12/2019,31.570000,31.570000,31.570000,31.570000
12/13/2019,27.660000,27.660000,27.660000,27.660000
12/16/2019,25.390000,25.390000,25.390000,25.390000
12/17/2019,25.710000,25.710000,25.710000,25.710000
12/18/2019,27.510000,27.510000,27.510000,27.510000
12/19/2019,25.440000,25.440000,25.440000,25.440000
12/20/2019,25.630000,25.630000,25.630000,25.630000
12/23/2019,26.360000,26.360000,26.360000,26.360000
12/24/2019,26.080000,26.080000,26.080000,26.080000
12/26/2019,21.210000,21.210000,21.210000,21.210000
12/27/2019,22.560000,22.560000,22.560000,22.560000
12/30/2019,27.960000,27.960000,27.960000,27.960000
12/31/2019,23.260000,23.260000,23.260000,23.260000
01/02/2020,16.550000,16.550000,16.550000,16.550000
01/03/2020,21.920000,21.920000,21.920000,21.920000
01/06/2020,20.090000,20.090000,20.090000,20.090000
01/07/2020,21.080000,21.080000,21.080000,21.080000
01/08/2020,20.310000,20.310000,20.310000,20.310000
01/09/2020,16.200000,16.200000,16.200000,16.200000
01/10/2020,15.360000,15.360000,15.360000,15.360000
01/13/2020,14.610000,14.610000,14.610000,14.610000
01/14/2020,16.550000,16.550000,16.550000,16.550000
01/15/2020,15.640000,15.640000,15.640000,15.640000
01/16/2020,15.460000,15.460000,15.460000,15.460000
01/17/2020,15.160000,15.160000,15.160000,15.160000
01/21/2020,16.660000,16.660000,16.660000,16.660000
01/22/2020,17.700000,17.700000,17.700000,17.700000
01/23/2020,18.210000,18.210000,18.210000,18.210000
01/24/2020,22.600000,22.600000,22.600000,22.600000
01/27/2020,32.190000,32.190000,32.190000,32.190000
01/28/2020,30.620000,30.620000,30.620000,30.620000
01/29/2020,33.940000,33.940000,33.940000,33.940000
01/30/2020,33.260000,33.260000,33.260000,33.260000
01/31/2020,36.570000,36.570000,36.570000,36.570000
02/03/2020,38.100000,38.100000,38.100000,38.100000
02/04/2020,35.520000,35.520000,35.520000,35.520000
02/05/2020,28.100000,28.100000,28.100000,28.100000
02/06/2020,27.870000,27.870000,27.870000,27.870000
02/07/2020,28.430000,28.430000,28.430000,28.430000
02/10/2020,25.290000,25.290000,25.290000,25.290000
02/11/2020,24.700000,24.700000,24.700000,24.700000
02/12/2020,20.840000,20.840000,20.840000,20.840000
02/13/2020,24.190000,24.190000,24.190000,24.190000
02/14/2020,24.010000,24.010000,24.010000,24.010000
02/18/2020,26.930000,26.930000,26.930000,26.930000
02/19/2020,26.700000,26.700000,26.700000,26.700000
02/20/2020,27.930000,27.930000,27.930000,27.930000
02/21/2020,31.370000,31.370000,31.370000,31.370000
02/24/2020,51.810000,51.810000,51.810000,51.810000
02/25/2020,57.540000,57.540000,57.540000,57.540000
02/26/2020,55.570000,55.570000,55.570000,55.570000
02/27/2020,69.510000,69.510000,69.510000,69.510000
02/28/2020,66.950000,66.950000,66.950000,66.950000
03/02/2020,54.540000,54.540000,54.540000,54.540000
03/03/2020,68.180000,68.180000,68.180000,68.180000
03/04/2020,59.550000,59.550000,59.550000,59.550000
03/05/2020,61.940000,61.940000,61.940000,61.940000
03/06/2020,54.390000,54.390000,54.390000,54.390000
03/09/2020,71.270000,71.270000,71.270000,71.270000
03/10/2020,69.880000,69.880000,69.880000,69.880000
03/11/2020,70.740000,70.740000,70.740000,70.740000
03/12/2020,85.740000,85.740000,85.740000,85.740000
03/13/2020,69.070000,69.070000,69.070000,69.070000
03/16/2020,86.710000,86.710000,86.710000,86.710000
03/17/2020,83.520000,83.520000,83.520000,83.520000
03/18/2020,74.320000,74.320000,74.320000,74.320000
03/19/2020,73.220000,73.220000,73.220000,73.220000
03/20/2020,69.900000,69.900000,69.900000,69.900000
03/23/2020,69.920000,69.920000,69.920000,69.920000
03/24/2020,80.720000,80.720000,80.720000,80.720000
03/25/2020,81.490000,81.490000,81.490000,81.490000
03/26/2020,84.200000,84.200000,84.200000,84.200000
03/27/2020,82.110000,82.110000,82.110000,82.110000
03/30/2020,73.170000,73.170000,73.170000,73.170000
03/31/2020,70.990000,70.990000,70.990000,70.990000
04/01/2020,77.650000,77.650000,77.650000,77.650000
04/02/2020,70.590000,70.590000,70.590000,70.590000
04/03/2020,64.500000,64.500000,64.500000,64.500000
04/06/2020,68.440000,68.440000,68.440000,68.440000
04/07/2020,74.500000,74.500000,74.500000,74.500000
04/08/2020,67.390000,67.390000,67.390000,67.390000
04/09/2020,65.460000,65.460000,65.460000,65.460000
04/13/2020,65.370000,65.370000,65.370000,65.370000
04/14/2020,61.380000,61.380000,61.380000,61.380000
04/15/2020,62.650000,62.650000,62.650000,62.650000
04/16/2020,57.160000,57.160000,57.160000,57.160000
04/17/2020,52.000000,52.000000,52.000000,52.000000
04/20/2020,60.630000,60.630000,60.630000,60.630000
04/21/2020,63.470000,63.470000,63.470000,63.470000
04/22/2020,61.560000,61.560000,61.560000,61.560000
04/23/2020,62.820000,62.820000,62.820000,62.820000
04/24/2020,53.270000,53.270000,53.270000,53.270000
04/27/2020,48.910000,48.910000,48.910000,48.910000
04/28/2020,56.210000,56.210000,56.210000,56.210000
04/29/2020,50.300000,50.300000,50.300000,50.300000
04/30/2020,57.340000,57.340000,57.340000,57.340000
05/01/2020,70.760000,70.760000,70.760000,70.760000
05/04/2020,66.130000,66.130000,66.130000,66.130000
05/05/2020,67.450000,67.450000,67.450000,67.450000
05/06/2020,69.250000,69.250000,69.250000,69.250000
05/07/2020,68.540000,68.540000,68.540000,68.540000
05/08/2020,54.760000,54.760000,54.760000,54.760000
05/11/2020,51.490000,51.490000,51.490000,51.490000
05/12/2020,69.210000,69.210000,69.210000,69.210000
05/13/2020,70.780000,70.780000,70.780000,70.780000
05/14/2020,62.820000,62.820000,62.820000,62.820000
05/15/2020,58.870000,58.870000,58.870000,58.870000
05/18/2020,56.030000,56.030000,56.030000,56.030000
05/19/2020,62.520000,62.520000,62.520000,62.520000
05/20/2020,55.550000,55.550000,55.550000,55.550000
05/21/2020,60.400000,60.400000,60.400000,60.400000
05/22/2020,57.710000,57.710000,57.710000,57.710000
05/26/2020,56.800000,56.800000,56.800000,56.800000
05/27/2020,51.990000,51.990000,51.990000,51.990000
05/28/2020,57.410000,57.410000,57.410000,57.410000
05/29/2020,55.380000,55.380000,55.380000,55.380000
06/01/2020,56.850000,56.850000,56.850000,56.850000
06/02/2020,55.190000,55.190000,55.190000,55.190000
06/03/2020,51.800000,51.800000,51.800000,51.800000
06/04/2020,52.390000,52.390000,52.390000,52.390000
06/05/2020,47.790000,47.790000,47.790000,47.790000
06/08/2020,47.920000,47.920000,47.920000,47.920000
06/09/2020,53.480000,53.480000,53.480000,53.480000
06/10/2020,50.640000,50.640000,50.640000,50.640000
06/11/2020,75.010000,75.010000,75.010000,75.010000
06/12/2020,60.520000,60.520000,60.520000,60.520000
06/15/2020,61.790000,61.790000,61.790000,61.790000
06/16/2020,64.280000,64.280000,64.280000,64.280000
06/17/2020,62.640000,62.640000,62.640000,62.640000
06/18/2020,60.860000,60.860000,60.860000,60.860000
06/19/2020,60.650000,60.650000,60.650000,60.650000
06/22/2020,56.110000,56.110000,56.110000,56.110000
06/23/2020,56.510000,56.510000,56.510000,56.510000
06/24/2020,61.560000,61.560000,61.560000,61.560000
06/25/2020,54.270000,54.270000,54.270000,54.270000
06/26/2020,55.260000,55.260000,55.260000,55.260000
06/29/2020,48.720000,48.720000,48.720000,48.720000
06/30/2020,45.330000,45.330000,45.330000,45.330000
07/01/2020,44.850000,44.850000,44.850000,44.850000
07/02/2020,42.750000,42.750000,42.750000,42.750000
07/06/2020,38.580000,38.580000,38.580000,38.580000
07/07/2020,42.230000,42.230000,42.230000,42.230000
07/08/2020,36.690000,36.690000,36.690000,36.690000
07/09/2020,36.730000,36.730000,36.730000,36.730000
07/10/2020,29.920000,29.920000,29.920000,29.920000
07/13/2020,35.440000,35.440000,35.440000,35.440000
07/14/2020,30.190000,30.190000,30.190000,30.190000
07/15/2020,28.210000,28.210000,28.210000,28.210000
07/16/2020,28.330000,28.330000,28.330000,28.330000
07/17/2020,27.270000,27.270000,27.270000,27.270000
07/20/2020,24.810000,24.810000,24.810000,24.810000
07/21/2020,28.010000,28.010000,28.010000,28.010000
07/22/2020,27.050000,27.050000,27.050000,27.050000
07/23/2020,33.970000,33.970000,33.970000,33.970000
07/24/2020,33.270000,33.270000,33.270000,33.270000
07/27/2020,31.170000,31.170000,31.170000,31.170000
07/28/2020,36.290000,36.290000,36.290000,36.290000
07/29/2020,32.280000,32.280000,32.280000,32.280000
07/30/2020,37.040000,37.040000,37.040000,37.040000
07/31/2020,35.020000,35.020000,35.020000,35.020000
08/03/2020,31.990000,31.990000,31.990000,31.990000
08/04/2020,33.300000,33.300000,33.300000,33.300000
08/05/2020,31.400000,31.400000,31.400000,31.400000
08/06/2020,29.410000,29.410000,29.410000,29.410000
08/07/2020,25.410000,25.410000,25.410000,25.410000
08/10/2020,25.010000,25.010000,25.010000,25.010000
08/11/2020,32.970000,32.970000,32.970000,32.970000
08/12/2020,29.430000,29.430000,29.430000,29.430000
08/13/2020,29.560000,29.560000,29.560000,29.560000
08/14/2020,30.070000,30.070000,30.070000,30.070000
08/17/2020,28.280000,28.280000,28.280000,28.280000
08/18/2020,30.310000,30.310000,30.310000,30.310000
08/19/2020,33.310000,33.310000,33.310000,33.310000
08/20/2020,32.290000,32.290000,32.290000,32.290000
08/21/2020,24.000000,24.000000,24.000000,24.000000
08/24/2020,21.830000,21.830000,21.830000,21.830000
08/25/2020,22.410000,22.410000,22.410000,22.410000
08/26/2020,19.340000,19.340000,19.340000,19.340000
08/27/2020,19.290000,19.290000,19.290000,19.290000
08/28/2020,16.680000,16.680000,16.680000,16.680000
08/31/2020,21.440000,21.440000,21.440000,21.440000
09/01/2020,21.250000,21.250000,21.250000,21.250000
09/02/2020,20.670000,20.670000,20.670000,20.670000
09/03/2020,29.130000,29.130000,29.130000,29.130000
09/04/2020,23.820000,23.820000,23.820000,23.820000
09/08/2020,32.040000,32.040000,32.040000,32.040000
09/09/2020,33.030000,33.030000,33.030000,33.030000
09/10/2020,37.990000,37.990000,37.990000,37.990000
09/11/2020,35.260000,35.260000,35.260000,35.260000
09/14/2020,33.160000,33.160000,33.160000,33.160000
09/15/2020,33.870000,33.870000,33.870000,33.870000
09/16/2020,32.690000,32.690000,32.690000,32.690000
09/17/2020,33.540000,33.540000,33.540000,33.540000
09/18/2020,32.530000,32.530000,32.530000,32.530000
09/21/2020,35.160000,35.160000,35.160000,35.160000
09/22/2020,33.530000,33.530000,33.530000,33.530000
09/23/2020,37.810000,37.810000,37.810000,37.810000
09/24/2020,36.780000,36.780000,36.780000,36.780000
09/25/2020,32.320000,32.320000,32.320000,32.320000
09/28/2020,33.070000,33.070000,33.070000,33.070000
09/29/2020,35.240000,35.240000,35.240000,35.240000
09/30/2020,34.060000,34.060000,34.060000,34.060000
10/01/2020,33.110000,33.110000,33.110000,33.110000
10/02/2020,30.670000,30.670000,30.670000,30.670000
10/05/2020,36.270000,36.270000,36.270000,36.270000
10/06/2020,38.500000,38.500000,38.500000,38.500000
10/07/2020,35.290000,35.290000,35.290000,35.290000
10/08/2020,32.200000,32.200000,32.200000,32.200000
10/09/2020,28.060000,28.060000,28.060000,28.060000
10/12/2020,26.700000,26.700000,26.700000,26.700000
10/13/2020,30.210000,30.210000,30.210000,30.210000
10/14/2020,30.770000,30.770000,30.770000,30.770000
10/15/2020,32.560000,32.560000,32.560000,32.560000
10/16/2020,32.240000,32.240000,32.240000,32.240000
10/19/2020,36.690000,36.690000,36.690000,36.690000
10/20/2020,38.400000,38.400000,38.400000,38.400000
10/21/2020,38.700000,38.700000,38.700000,38.700000
10/22/2020,38.130000,38.130000,38.130000,38.130000
10/23/2020,35.980000,35.980000,35.980000,35.980000
10/26/2020,46.800000,46.800000,46.800000,46.800000
10/27/2020,49.870000,49.870000,49.870000,49.870000
10/28/2020,61.920000,61.920000,61.920000,61.920000
10/29/2020,55.770000,55.770000,55.770000,55.770000
10/30/2020,62.230000,62.230000,62.230000,62.230000
11/02/2020,59.420000,59.420000,59.420000,59.420000
11/03/2020,55.670000,55.670000,55.670000,55.670000
11/04/2020,50.970000,50.970000,50.970000,50.970000
11/05/2020,48.050000,48.050000,48.050000,48.050000
11/06/2020,41.120000,41.120000,41.120000,41.120000
11/09/2020,42.130000,42.130000,42.130000,42.130000
11/10/2020,38.120000,38.120000,38.120000,38.120000
11/11/2020,36.970000,36.970000,36.970000,36.970000
11/12/2020,41.300000,41.300000,41.300000,41.300000
11/13/2020,34.440000,34.440000,34.440000,34.440000
11/16/2020,36.360000,36.360000,36.360000,36.360000
11/17/2020,39.180000,39.180000,39.180000,39.180000
11/18/2020,40.470000,40.470000,40.470000,40.470000
11/19/2020,39.780000,39.780000,39.780000,39.780000
11/20/2020,41.580000,41.580000,41.580000,41.580000
11/23/2020,37.330000,37.330000,37.330000,37.330000
11/24/2020,37.560000,37.560000,37.560000,37.560000
11/25/2020,33.340000,33.340000,33.340000,33.340000
11/27/2020,31.890000,31.890000,31.890000,31.890000
11/30/2020,30.950000,30.950000,30.950000,30.950000
12/01/2020,30.570000,30.570000,30.570000,30.570000
12/02/2020,30.160000,30.160000,30.160000,30.160000
12/03/2020,33.900000,33.900000,33.900000,33.900000
12/04/2020,26.910000,26.910000,26.910000,26.910000
12/07/2020,28.810000,28.810000,28.810000,28.810000
12/08/2020,28.300000,28.300000,28.300000,28.300000
12/09/2020,30.100000,30.100000,30.100000,30.100000
12/10/2020,32.030000,32.030000,32.030000,32.030000
12/11/2020,33.720000,33.720000,33.720000,33.720000
12/14/2020,38.600000,38.600000,38.600000,38.600000
12/15/2020,33.080000,33.080000,33.080000,33.080000
12/16/2020,31.220000,31.220000,31.220000,31.220000
12/17/2020,29.980000,29.980000,29.980000,29.980000
12/18/2020,28.250000,28.250000,28.250000,28.250000
12/21/2020,34.070000,34.070000,34.070000,34.070000
12/22/2020,33.310000,33.310000,33.310000,33.310000
12/23/2020,29.520000,29.520000,29.520000,29.520000
12/24/2020,25.820000,25.820000,25.820000,25.820000
12/28/2020,22.290000,22.290000,22.290000,22.290000
12/29/2020,27.260000,27.260000,27.260000,27.260000
12/30/2020,25.500000,25.500000,25.500000,25.500000
12/31/2020,23.820000,23.820000,23.820000,23.820000
01/04/2021,29.300000,29.300000,29.300000,29.300000
01/05/2021,27.630000,27.630000,27.630000,27.630000
01/06/2021,27.950000,27.950000,27.950000,27.950000
01/07/2021,21.380000,21.380000,21.380000,21.380000
01/08/2021,19.480000,19.480000,19.480000,19.480000
01/11/2021,22.830000,22.830000,22.830000,22.830000
01/12/2021,20.710000,20.710000,20.710000,20.710000
01/13/2021,19.260000,19.260000,19.260000,19.260000
01/14/2021,21.400000,21.400000,21.400000,21.400000
01/15/2021,23.780000,23.780000,23.780000,23.780000
01/19/2021,23.380000,23.380000,23.380000,23.380000
01/20/2021,19.180000,19.180000,19.180000,19.180000
01/21/2021,18.370000,18.370000,18.370000,18.370000
01/22/2021,17.320000,17.320000,17.320000,17.320000
01/25/2021,17.040000,17.040000,17.040000,17.040000
01/26/2021,18.770000,18.770000,18.770000,18.770000
01/27/2021,32.220000,32.220000,32.220000,32.220000
01/28/2021,33.500000,33.500000,33.500000,33.500000
01/29/2021,35.840000,35.840000,35.840000,35.840000
02/01/2021,33.650000,33.650000,33.650000,33.650000
02/02/2021,31.470000,31.470000,31.470000,31.470000
02/03/2021,29.110000,29.110000,29.110000,29.110000
02/04/2021,27.450000,27.450000,27.450000,27.450000
02/05/2021,25.790000,25.790000,25.790000,25.790000
02/08/2021,25.550000,25.550000,25.550000,25.550000
02/09/2021,27.080000,27.080000,27.080000,27.080000
02/10/2021,28.260000,28.260000,28.260000,28.260000
02/11/2021,27.070000,27.070000,27.070000,27.070000
02/12/2021,24.010000,24.010000,24.010000,24.010000
02/16/2021,25.300000,25.300000,25.300000,25.300000
02/17/2021,24.940000,24.940000,24.940000,24.940000
02/18/2021,30.040000,30.040000,30.040000,30.040000
02/19/2021,28.330000,28.330000,28.330000,28.330000
02/22/2021,30.800000,30.800000,30.800000,30.800000
02/23/2021,29.390000,29.390000,29.390000,29.390000
02/24/2021,23.000000,23.000000,23.000000,23.000000
02/25/2021,38.140000,38.140000,38.140000,38.140000
02/26/2021,36.340000,36.340000,36.340000,36.340000
03/01/2021,29.590000,29.590000,29.590000,29.590000
03/02/2021,33.300000,33.300000,33.300000,33.300000
03/03/2021,35.830000,35.830000,35.830000,35.830000
03/04/2021,42.420000,42.420000,42.420000,42.420000
03/05/2021,30.220000,30.220000,30.220000,30.220000
03/08/2021,31.770000,31.770000,31.770000,31.770000
03/09/2021,31.590000,31.590000,31.590000,31.590000
03/10/2021,27.180000,27.180000,27.180000,27.180000
03/11/2021,27.010000,27.010000,27.010000,27.010000
03/12/2021,22.420000,22.420000,22.420000,22.420000
03/15/2021,21.100000,21.100000,21.100000,21.100000
03/16/2021,25.110000,25.110000,25.110000,25.110000
03/17/2021,22.360000,22.360000,22.360000,22.360000
03/18/2021,24.890000,24.890000,24.890000,24.890000
03/19/2021,24.680000,24.680000,24.680000,24.680000
03/22/2021,24.070000,24.070000,24.070000,24.070000
03/23/2021,29.910000,29.910000,29.910000,29.910000
03/24/2021,29.560000,29.560000,29.560000,29.560000
03/25/2021,24.700000,24.700000,24.700000,24.700000
03/26/2021,19.840000,19.840000,19.840000,19.840000
03/29/2021,22.490000,22.490000,22.490000,22.490000
03/30/2021,22.000000,22.000000,22.000000,22.000000
03/31/2021,20.670000,20.670000,20.670000,20.670000
04/01/2021,17.930000,17.930000,17.930000,17.930000
04/05/2021,17.640000,17.640000,17.640000,17.640000
04/06/2021,19.990000,19.990000,19.990000,19.990000
04/07/2021,17.600000,17.600000,17.600000,17.600000
04/08/2021,17.890000,17.890000,17.890000,17.890000
04/09/2021,17.160000,17.160000,17.160000,17.160000
04/12/2021,17.210000,17.210000,17.210000,17.210000
04/13/2021,17.000000,17.000000,17.000000,17.000000
04/14/2021,18.090000,18.090000,18.090000,18.090000
04/15/2021,16.950000,16.950000,16.950000,16.950000
04/16/2021,16.570000,16.570000,16.570000,16.570000
04/19/2021,19.280000,19.280000,19.280000,19.280000
04/20/2021,22.090000,22.090000,22.090000,22.090000
04/21/2021,19.850000,19.850000,19.850000,19.850000
04/22/2021,24.670000,24.670000,24.670000,24.670000
04/23/2021,20.670000,20.670000,20.670000,20.670000
04/26/2021,21.430000,21.430000,21.430000,21.430000
04/27/2021,22.250000,22.250000,22.250000,22.250000
04/28/2021,24.390000,24.390000,24.390000,24.390000
04/29/2021,27.500000,27.500000,27.500000,27.500000
04/30/2021,31.680000,31.680000,31.680000,31.680000
05/03/2021,30.310000,30.310000,30.310000,30.310000
05/04/2021,33.360000,33.360000,33.360000,33.360000
05/05/2021,33.170000,33.170000,33.170000,33.170000
05/06/2021,29.770000,29.770000,29.770000,29.770000
05/07/2021,25.630000,25.630000,25.630000,25.630000
05/10/2021,30.380000,30.380000,30.380000,30.380000
05/11/2021,38.250000,38.250000,38.250000,38.250000
05/12/2021,47.200000,47.200000,47.200000,47.200000
05/13/2021,40.600000,40.600000,40.600000,40.600000
05/14/2021,30.120000,30.120000,30.120000,30.120000
05/17/2021,32.360000,32.360000,32.360000,32.360000
05/18/2021,39.230000,39.230000,39.230000,39.230000
05/19/2021,38.130000,38.130000,38.130000,38.130000
05/20/2021,37.450000,37.450000,37.450000,37.450000
05/21/2021,34.710000,34.710000,34.710000,34.710000
05/24/2021,31.340000,31.340000,31.340000,31.340000
05/25/2021,33.580000,33.580000,33.580000,33.580000
05/26/2021,30.580000,30.580000,30.580000,30.580000
05/27/2021,26.980000,26.980000,26.980000,26.980000
05/28/2021,26.260000,26.260000,26.260000,26.260000
06/01/2021,29.290000,29.290000,29.290000,29.290000
06/02/2021,27.690000,27.690000,27.690000,27.690000
06/03/2021,29.700000,29.700000,29.700000,29.700000
06/04/2021,25.220000,25.220000,25.220000,25.220000
06/07/2021,23.940000,23.940000,23.940000,23.940000
06/08/2021,27.010000,27.010000,27.010000,27.010000
06/09/2021,30.270000,30.270000,30.270000,30.270000
06/10/2021,25.230000,25.230000,25.230000,25.230000
06/11/2021,23.730000,23.730000,23.730000,23.730000
06/14/2021,25.090000,25.090000,25.090000,25.090000
06/15/2021,27.460000,27.460000,27.460000,27.460000
06/16/2021,30.410000,30.410000,30.410000,30.410000
06/17/2021,29.260000,29.260000,29.260000,29.260000
06/18/2021,36.990000,36.990000,36.990000,36.990000
06/21/2021,27.690000,27.690000,27.690000,27.690000
06/22/2021,23.430000,23.430000,23.430000,23.430000
06/23/2021,22.650000,22.650000,22.650000,22.650000
06/24/2021,20.140000,20.140000,20.140000,20.140000
06/25/2021,16.110000,16.110000,16.110000,16.110000
06/28/2021,14.960000,14.960000,14.960000,14.960000
06/29/2021,15.710000,15.710000,15.710000,15.710000
06/30/2021,14.420000,14.420000,14.420000,14.420000
07/01/2021,14.680000,14.680000,14.680000,14.680000
07/02/2021,13.410000,13.410000,13.410000,13.410000
07/06/2021,14.420000,14.420000,14.420000,14.420000
07/07/2021,14.580000,14.580000,14.580000,14.580000
07/08/2021,22.720000,22.720000,22.720000,22.720000
07/09/2021,13.290000,13.290000,13.290000,13.290000
07/12/2021,14.650000,14.650000,14.650000,14.650000
07/13/2021,18.920000,18.920000,18.920000,18.920000
07/14/2021,17.130000,17.130000,17.130000,17.130000
07/15/2021,19.430000,19.430000,19.430000,19.430000
07/16/2021,23.510000,23.510000,23.510000,23.510000
07/19/2021,31.790000,31.790000,31.790000,31.790000
07/20/2021,26.310000,26.310000,26.310000,26.310000
07/21/2021,21.350000,21.350000,21.350000,21.350000
07/22/2021,21.770000,21.770000,21.770000,21.770000
07/23/2021,17.370000,17.370000,17.370000,17.370000
07/26/2021,18.590000,18.590000,18.590000,18.590000
07/27/2021,22.650000,22.650000,22.650000,22.650000
07/28/2021,24.910000,24.910000,24.910000,24.910000
07/29/2021,26.080000,26.080000,26.080000,26.080000
07/30/2021,30.200000,30.200000,30.200000,30.200000
08/02/2021,35.690000,35.690000,35.690000,35.690000
08/03/2021,28.930000,28.930000,28.930000,28.930000
08/04/2021,28.920000,28.920000,28.920000,28.920000
08/05/2021,29.130000,29.130000,29.130000,29.130000
08/06/2021,25.280000,25.280000,25.280000,25.280000
08/09/2021,26.690000,26.690000,26.690000,26.690000
08/10/2021,27.510000,27.510000,27.510000,27.510000
08/11/2021,25.320000,25.320000,25.320000,25.320000
08/12/2021,23.860000,23.860000,23.860000,23.860000
08/13/2021,21.800000,21.800000,21.800000,21.800000
08/16/2021,22.810000,22.810000,22.810000,22.810000
08/17/2021,26.250000,26.250000,26.250000,26.250000
08/18/2021,38.930000,38.930000,38.930000,38.930000
08/19/2021,40.350000,40.350000,40.350000,40.350000
08/20/2021,27.890000,27.890000,27.890000,27.890000
08/23/2021,26.080000,26.080000,26.080000,26.080000
08/24/2021,29.910000,29.910000,29.910000,29.910000
08/25/2021,25.180000,25.180000,25.180000,25.180000
08/26/2021,32.790000,32.790000,32.790000,32.790000
08/27/2021,24.770000,24.770000,24.770000,24.770000
08/30/2021,24.020000,24.020000,24.020000,24.020000
08/31/2021,24.840000,24.840000,24.840000,24.840000
09/01/2021,25.600000,25.600000,25.600000,25.600000
09/02/2021,25.110000,25.110000,25.110000,25.110000
09/03/2021,23.600000,23.600000,23.600000,23.600000
09/07/2021,29.880000,29.880000,29.880000,29.880000
09/08/2021,27.640000,27.640000,27.640000,27.640000
09/09/2021,33.210000,33.210000,33.210000,33.210000
09/10/2021,37.720000,37.720000,37.720000,37.720000
09/13/2021,34.170000,34.170000,34.170000,34.170000
09/14/2021,37.650000,37.650000,37.650000,37.650000
09/15/2021,32.410000,32.410000,32.410000,32.410000
09/16/2021,34.180000,34.180000,34.180000,34.180000
09/17/2021,37.550000,37.550000,37.550000,37.550000
09/20/2021,44.670000,44.670000,44.670000,44.670000
09/21/2021,47.550000,47.550000,47.550000,47.550000
09/22/2021,40.330000,40.330000,40.330000,40.330000
09/23/2021,32.980000,32.980000,32.980000,32.980000
09/24/2021,27.330000,27.330000,27.330000,27.330000
09/27/2021,26.900000,26.900000,26.900000,26.900000
09/28/2021,38.090000,38.090000,38.090000,38.090000
09/29/2021,38.180000,38.180000,38.180000,38.180000
09/30/2021,39.980000,39.980000,39.980000,39.980000
10/01/2021,32.350000,32.350000,32.350000,32.350000
10/04/2021,34.840000,34.840000,34.840000,34.840000
10/05/2021,33.820000,33.820000,33.820000,33.820000
10/06/2021,33.000000,33.000000,33.000000,33.000000
10/07/2021,30.590000,30.590000,30.590000,30.590000
10/08/2021,28.070000,28.070000,28.070000,28.070000
10/11/2021,31.840000,31.840000,31.840000,31.840000
10/12/2021,30.840000,30.840000,30.840000,30.840000
10/13/2021,29.500000,29.500000,29.500000,29.500000
10/14/2021,24.880000,24.880000,24.880000,24.880000
10/15/2021,22.230000,22.230000,22.230000,22.230000
10/18/2021,22.510000,22.510000,22.510000,22.510000
10/19/2021,21.540000,21.540000,21.540000,21.540000
10/20/2021,20.900000,20.900000,20.900000,20.900000
10/21/2021,19.400000,19.400000,19.400000,19.400000
10/22/2021,18.540000,18.540000,18.540000,18.540000
10/25/2021,17.290000,17.290000,17.290000,17.290000
10/26/2021,20.240000,20.240000,20.240000,20.240000
10/27/2021,25.870000,25.870000,25.870000,25.870000
10/28/2021,21.030000,21.030000,21.030000,21.030000
10/29/2021,20.250000,20.250000,20.250000,20.250000
11/01/2021,20.330000,20.330000,20.330000,20.330000
11/02/2021,20.110000,20.110000,20.110000,20.110000
11/03/2021,17.090000,17.090000,17.090000,17.090000
11/04/2021,15.460000,15.460000,15.460000,15.460000
11/05/2021,14.500000,14.500000,14.500000,14.500000
11/08/2021,16.670000,16.670000,16.670000,16.670000
11/09/2021,18.630000,18.630000,18.630000,18.630000
11/10/2021,22.610000,22.610000,22.610000,22.610000
11/11/2021,23.970000,23.970000,23.970000,23.970000
11/12/2021,18.650000,18.650000,18.650000,18.650000
11/15/2021,19.910000,19.910000,19.910000,19.910000
11/16/2021,20.890000,20.890000,20.890000,20.890000
11/17/2021,21.320000,21.320000,21.320000,21.320000
11/18/2021,20.470000,20.470000,20.470000,20.470000
11/19/2021,21.850000,21.850000,21.850000,21.850000
11/22/2021,22.260000,22.260000,22.260000,22.260000
11/23/2021,19.980000,19.980000,19.980000,19.980000
11/24/2021,19.300000,19.300000,19.300000,19.300000
11/26/2021,32.460000,32.460000,32.460000,32.460000
11/29/2021,27.470000,27.470000,27.470000,27.470000
11/30/2021,38.540000,38.540000,38.540000,38.540000
12/01/2021,46.370000,46.370000,46.370000,46.370000
12/02/2021,39.270000,39.270000,39.270000,39.270000
12/03/2021,35.900000,35.900000,35.900000,35.900000
12/06/2021,33.680000,33.680000,33.680000,33.680000
12/07/2021,28.070000,28.070000,28.070000,28.070000
12/08/2021,23.740000,23.740000,23.740000,23.740000
12/09/2021,26.300000,26.300000,26.300000,26.300000
12/10/2021,21.030000,21.030000,21.030000,21.030000
12/13/2021,25.800000,25.800000,25.800000,25.800000
12/14/2021,30.180000,30.180000,30.180000,30.180000
12/15/2021,21.620000,21.620000,21.620000,21.620000
12/16/2021,23.240000,23.240000,23.240000,23.240000
12/17/2021,27.940000,27.940000,27.940000,27.940000
12/20/2021,33.000000,33.000000,33.000000,33.000000
12/21/2021,31.770000,31.770000,31.770000,31.770000
12/22/2021,24.570000,24.570000,24.570000,24.570000
12/23/2021,20.450000,20.450000,20.450000,20.450000
12/27/2021,16.540000,16.540000,16.540000,16.540000
12/28/2021,17.240000,17.240000,17.240000,17.240000
12/29/2021,16.790000,16.790000,16.790000,16.790000
12/30/2021,17.630000,17.630000,17.630000,17.630000
12/31/2021,16.890000,16.890000,16.890000,16.890000
01/03/2022,13.600000,13.600000,13.600000,13.600000
01/04/2022,13.130000,13.130000,13.130000,13.130000
01/05/2022,19.950000,19.950000,19.950000,19.950000
01/06/2022,21.240000,21.240000,21.240000,21.240000
01/07/2022,18.500000,18.500000,18.500000,18.500000
01/10/2022,18.320000,18.320000,18.320000,18.320000
01/11/2022,19.070000,19.070000,19.070000,19.070000
01/12/2022,18.150000,18.150000,18.150000,18.150000
01/13/2022,23.720000,23.720000,23.720000,23.720000
01/14/2022,21.180000,21.180000,21.180000,21.180000
01/18/2022,28.830000,28.830000,28.830000,28.830000
01/19/2022,33.060000,33.060000,33.060000,33.060000
01/20/2022,37.520000,37.520000,37.520000,37.520000
01/21/2022,37.200000,37.200000,37.200000,37.200000
01/24/2022,34.570000,34.570000,34.570000,34.570000
01/25/2022,36.340000,36.340000,36.340000,36.340000
01/26/2022,38.870000,38.870000,38.870000,38.870000
01/27/2022,41.400000,41.400000,41.400000,41.400000
01/28/2022,38.200000,38.200000,38.200000,38.200000
01/31/2022,33.890000,33.890000,33.890000,33.890000
02/01/2022,29.410000,29.410000,29.410000,29.410000
02/02/2022,26.750000,26.750000,26.750000,26.750000
02/03/2022,35.090000,35.090000,35.090000,35.090000
02/04/2022,34.470000,34.470000,34.470000,34.470000
02/07/2022,34.820000,34.820000,34.820000,34.820000
02/08/2022,33.590000,33.590000,33.590000,33.590000
02/09/2022,30.390000,30.390000,30.390000,30.390000
02/10/2022,40.560000,40.560000,40.560000,40.560000
02/11/2022,41.360000,41.360000,41.360000,41.360000
02/14/2022,44.230000,44.230000,44.230000,44.230000
02/15/2022,43.420000,43.420000,43.420000,43.420000
02/16/2022,39.680000,39.680000,39.680000,39.680000
02/17/2022,47.430000,47.430000,47.430000,47.430000
02/18/2022,46.870000,46.870000,46.870000,46.870000
02/22/2022,50.300000,50.300000,50.300000,50.300000
02/23/2022,52.190000,52.190000,52.190000,52.190000
02/24/2022,49.130000,49.130000,49.130000,49.130000
02/25/2022,47.130000,47.130000,47.130000,47.130000
02/28/2022,48.670000,48.670000,48.670000,48.670000
03/01/2022,54.380000,54.380000,54.380000,54.380000
03/02/2022,51.980000,51.980000,51.980000,51.980000
03/03/2022,52.970000,52.970000,52.970000,52.970000
03/04/2022,47.850000,47.850000,47.850000,47.850000
03/07/2022,54.930000,54.930000,54.930000,54.930000
03/08/2022,52.030000,52.030000,52.030000,52.030000
03/09/2022,51.680000,51.680000,51.680000,51.680000
03/10/2022,48.160000,48.160000,48.160000,48.160000
03/11/2022,47.120000,47.120000,47.120000,47.120000
03/14/2022,47.870000,47.870000,47.870000,47.870000
03/15/2022,48.310000,48.310000,48.310000,48.310000
03/16/2022,43.650000,43.650000,43.650000,43.650000
03/17/2022,43.220000,43.220000,43.220000,43.220000
03/18/2022,44.560000,46.270000,42.010000,42.240000
03/21/2022,47.690000,47.820000,40.070000,40.550000
03/22/2022,40.510000,44.010000,38.460000,40.270000
03/23/2022,43.200000,43.410000,38.210000,40.870000
03/24/2022,39.000000,40.420000,34.560000,35.250000
03/25/2022,34.070000,36.020000,30.790000,31.160000
03/28/2022,30.650000,32.210000,24.020000,24.370000
03/29/2022,22.070000,25.720000,21.870000,24.440000
03/30/2022,24.310000,29.250000,23.600000,25.480000
03/31/2022,26.690000,32.110000,25.410000,27.960000
04/01/2022,25.430000,27.050000,22.560000,23.330000
04/04/2022,24.600000,24.990000,20.780000,21.300000
04/05/2022,23.390000,29.160000,21.840000,27.380000
04/06/2022,32.760000,35.080000,27.880000,28.220000
04/07/2022,28.020000,31.410000,25.340000,26.560000
04/08/2022,26.050000,27.160000,22.770000,24.750000
04/11/2022,27.950000,32.510000,27.620000,32.120000
04/12/2022,30.000000,35.320000,28.980000,33.800000
04/13/2022,33.680000,34.550000,28.400000,29.800000
04/14/2022,27.400000,32.810000,26.750000,32.780000
04/18/2022,36.480000,36.480000,30.680000,31.580000
04/19/2022,33.240000,33.700000,27.910000,31.560000
04/20/2022,28.030000,28.200000,24.620000,24.850000
04/21/2022,24.470000,31.250000,24.420000,29.960000
04/22/2022,30.690000,38.160000,29.820000,38.030000
04/25/2022,39.840000,41.960000,34.180000,35.270000
04/26/2022,36.450000,43.700000,36.450000,42.920000
04/27/2022,43.620000,46.480000,41.130000,43.670000
04/28/2022,43.680000,48.710000,41.560000,46.120000
04/29/2022,46.840000,54.290000,45.100000,50.450000
05/02/2022,51.310000,57.340000,50.580000,52.630000
05/03/2022,50.120000,52.110000,47.290000,48.080000
05/04/2022,49.130000,50.350000,43.700000,45.730000
05/05/2022,46.160000,55.220000,45.680000,51.070000
05/06/2022,50.240000,56.070000,47.450000,48.430000
05/09/2022,52.320000,53.300000,48.700000,51.750000
05/10/2022,49.680000,55.040000,49.680000,52.750000
05/11/2022,52.050000,55.280000,48.650000,49.460000
05/12/2022,51.300000,53.040000,47.800000,48.340000
05/13/2022,44.400000,49.080000,44.200000,46.410000
05/16/2022,45.750000,47.400000,44.810000,45.490000
05/17/2022,45.010000,49.870000,45.010000,49.330000
05/18/2022,51.300000,52.500000,48.370000,49.770000
05/19/2022,50.380000,51.920000,47.690000,48.260000
05/20/2022,47.310000,50.640000,46.510000,48.400000
05/23/2022,47.490000,50.840000,47.280000,50.210000
05/24/2022,50.230000,52.120000,48.700000,49.530000
05/25/2022,51.530000,53.010000,49.950000,50.580000
05/26/2022,51.090000,53.550000,50.990000,52.100000
05/27/2022,49.060000,51.220000,48.360000,50.240000
05/31/2022,53.510000,53.550000,48.350000,48.740000
06/01/2022,48.100000,51.570000,47.030000,47.450000
06/02/2022,47.560000,48.860000,44.630000,46.670000
06/03/2022,46.590000,47.200000,43.420000,43.420000
06/06/2022,43.340000,46.520000,42.940000,45.470000
06/07/2022,47.320000,48.540000,45.970000,46.830000
06/08/2022,48.430000,49.810000,46.920000,47.370000
06/09/2022,48.940000,51.390000,46.950000,50.630000
06/10/2022,49.680000,52.620000,49.010000,49.590000
06/13/2022,57.860000,57.860000,52.070000,54.390000
06/14/2022,54.140000,56.560000,52.750000,54.970000
06/15/2022,54.720000,56.280000,45.800000,55.630000
06/16/2022,58.010000,58.950000,51.970000,52.000000
06/17/2022,51.460000,54.360000,49.100000,51.930000
06/21/2022,46.860000,57.500000,46.860000,54.920000
06/22/2022,54.750000,56.010000,50.780000,50.940000
06/23/2022,51.970000,53.390000,50.710000,51.190000
06/24/2022,47.910000,49.100000,45.230000,46.720000
06/27/2022,44.860000,45.630000,41.600000,41.800000
06/28/2022,42.720000,45.660000,42.360000,44.620000
06/29/2022,45.610000,47.220000,43.780000,44.790000
06/30/2022,46.020000,47.650000,42.760000,43.420000
07/01/2022,41.180000,42.850000,38.710000,40.570000
07/05/2022,43.830000,45.060000,41.070000,41.870000
07/06/2022,41.930000,43.130000,40.660000,40.950000
07/07/2022,40.140000,41.620000,39.660000,41.430000
07/08/2022,38.820000,39.810000,36.630000,37.240000
07/11/2022,40.510000,40.930000,38.990000,39.540000
07/12/2022,41.500000,42.350000,39.220000,40.710000
07/13/2022,43.570000,44.070000,39.140000,40.730000
07/14/2022,42.490000,43.850000,39.430000,40.080000
07/15/2022,35.990000,38.360000,35.220000,35.860000
07/18/2022,36.340000,39.090000,35.120000,37.220000
07/19/2022,35.880000,38.390000,35.730000,37.400000
07/20/2022,38.390000,38.900000,36.140000,37.710000
07/21/2022,38.000000,39.340000,34.230000,34.970000
07/22/2022,32.090000,33.370000,30.710000,32.320000
07/25/2022,33.820000,35.310000,31.940000,32.610000
07/26/2022,34.740000,37.300000,34.040000,34.550000
07/27/2022,38.440000,40.660000,38.030000,39.710000
07/28/2022,38.480000,40.820000,37.540000,38.370000
07/29/2022,39.220000,41.150000,39.220000,39.500000
08/01/2022,42.330000,43.870000,40.500000,41.860000
08/02/2022,44.570000,47.550000,41.240000,45.130000
08/03/2022,43.490000,44.120000,40.690000,41.840000
08/04/2022,42.960000,43.510000,39.100000,39.100000
08/05/2022,40.570000,41.320000,38.090000,39.700000
08/08/2022,39.110000,40.350000,37.140000,38.490000
08/09/2022,40.790000,41.960000,39.240000,40.050000
08/10/2022,38.220000,40.740000,36.760000,37.880000
08/11/2022,38.980000,40.440000,37.480000,38.050000
08/12/2022,35.250000,36.780000,34.270000,36.020000
08/15/2022,38.850000,38.890000,36.300000,38.620000
08/16/2022,39.580000,41.370000,38.930000,40.080000
08/17/2022,40.910000,42.860000,39.150000,40.790000
08/18/2022,41.210000,42.450000,39.970000,40.960000
08/19/2022,39.600000,42.630000,39.070000,40.320000
08/22/2022,46.970000,49.380000,45.660000,46.690000
08/23/2022,47.430000,49.540000,46.260000,49.110000
08/24/2022,47.820000,48.490000,45.630000,46.610000
08/25/2022,48.040000,48.430000,46.010000,46.520000
08/26/2022,44.370000,51.140000,43.500000,49.120000
08/29/2022,51.200000,51.970000,49.040000,51.000000
08/30/2022,50.190000,54.040000,49.940000,51.030000
08/31/2022,50.330000,51.760000,49.000000,50.320000
09/01/2022,51.440000,53.370000,47.610000,49.240000
09/02/2022,42.500000,49.320000,42.080000,46.850000
09/06/2022,45.830000,52.040000,45.600000,50.630000
09/07/2022,50.510000,51.450000,47.150000,48.220000
09/08/2022,50.040000,50.280000,45.910000,46.380000
09/09/2022,42.990000,47.200000,42.990000,46.190000
09/12/2022,47.120000,50.850000,46.950000,49.750000
09/13/2022,49.020000,55.300000,47.970000,51.320000
09/14/2022,51.910000,54.730000,51.430000,51.590000
09/15/2022,51.850000,52.900000,49.710000,51.290000
09/16/2022,51.990000,55.370000,49.240000,50.020000
09/19/2022,51.720000,51.840000,43.360000,48.740000
09/20/2022,52.980000,53.950000,50.490000,52.470000
09/21/2022,52.900000,58.660000,49.150000,53.940000
09/22/2022,52.590000,55.320000,50.670000,51.900000
09/23/2022,50.830000,54.100000,48.750000,49.950000
09/26/2022,50.440000,51.980000,46.330000,50.920000
09/27/2022,48.830000,57.460000,47.530000,49.900000
09/28/2022,49.300000,51.110000,45.780000,45.840000
09/29/2022,47.290000,48.920000,44.760000,45.230000
09/30/2022,44.630000,46.610000,41.540000,42.950000
10/03/2022,43.170000,46.640000,42.900000,45.470000
10/04/2022,43.550000,46.920000,43.550000,46.720000
10/05/2022,47.110000,48.140000,44.420000,44.420000
10/06/2022,44.330000,46.550000,43.910000,46.190000
10/07/2022,44.230000,46.930000,44.000000,44.620000
10/10/2022,46.920000,49.570000,46.380000,46.890000
10/11/2022,50.370000,53.080000,48.800000,49.880000
10/12/2022,51.540000,52.220000,48.850000,49.030000
10/13/2022,46.240000,50.570000,45.930000,48.460000
10/14/2022,47.420000,51.200000,46.530000,46.850000
10/17/2022,45.780000,49.120000,45.780000,49.120000
10/18/2022,49.230000,52.060000,47.210000,47.760000
10/19/2022,50.440000,50.840000,48.090000,48.300000
10/20/2022,49.470000,51.480000,48.060000,48.610000
10/21/2022,48.500000,52.510000,46.780000,50.520000
10/24/2022,54.030000,114.940000,51.710000,52.290000
10/25/2022,52.840000,54.460000,50.020000,50.760000
10/26/2022,52.620000,53.750000,50.190000,50.570000
10/27/2022,51.050000,52.020000,46.470000,48.110000
10/28/2022,51.850000,57.030000,51.850000,55.470000
10/31/2022,56.450000,57.030000,53.460000,53.840000
11/01/2022,55.280000,57.460000,54.650000,55.300000
11/02/2022,56.990000,64.770000,53.600000,54.410000
11/03/2022,56.450000,56.760000,51.470000,52.370000
11/04/2022,50.260000,52.600000,48.950000,49.570000
11/07/2022,50.130000,50.510000,47.400000,48.060000
11/08/2022,48.840000,52.950000,47.740000,51.570000
11/09/2022,51.680000,52.850000,49.630000,50.280000
11/10/2022,42.320000,46.520000,42.320000,46.170000
11/11/2022,44.050000,44.780000,38.940000,39.340000
11/14/2022,47.110000,47.290000,44.090000,45.970000
11/15/2022,46.500000,50.790000,46.180000,48.370000
11/16/2022,48.010000,48.340000,45.980000,46.850000
11/17/2022,48.630000,50.180000,47.460000,48.220000
11/18/2022,46.380000,48.190000,45.470000,47.500000
11/21/2022,47.390000,47.390000,44.530000,44.700000
11/22/2022,45.190000,45.940000,43.720000,45.050000
11/23/2022,45.810000,46.300000,42.130000,42.390000
11/25/2022,41.610000,42.530000,39.780000,40.240000
11/28/2022,42.180000,44.650000,40.880000,43.380000
11/29/2022,43.680000,45.230000,43.190000,43.660000
11/30/2022,45.130000,47.710000,38.780000,45.190000
12/01/2022,44.670000,44.980000,41.660000,41.680000
12/02/2022,41.310000,41.560000,37.930000,39.210000
12/05/2022,39.730000,41.990000,38.180000,40.790000
12/06/2022,40.150000,44.720000,31.740000,43.600000
12/07/2022,45.940000,47.380000,44.820000,45.590000
12/08/2022,44.260000,46.670000,42.650000,43.600000
12/09/2022,43.170000,43.830000,41.360000,43.380000
12/12/2022,43.580000,47.620000,42.810000,46.760000
12/13/2022,43.970000,52.100000,43.630000,46.980000
12/14/2022,46.430000,48.670000,42.260000,43.030000
12/15/2022,43.900000,46.330000,42.890000,44.540000
12/16/2022,44.910000,45.650000,42.250000,45.280000
12/19/2022,45.000000,45.710000,42.070000,45.260000
12/20/2022,46.400000,46.420000,43.300000,43.770000
12/21/2022,42.740000,44.840000,41.950000,42.700000
12/22/2022,42.080000,46.630000,41.150000,42.180000
12/23/2022,40.200000,42.870000,39.060000,39.480000
12/27/2022,39.940000,40.830000,37.990000,38.230000
12/28/2022,39.310000,40.090000,36.740000,38.840000
12/29/2022,37.100000,37.690000,36.170000,36.560000
12/30/2022,37.000000,37.510000,34.140000,34.950000
01/03/2023,37.190000,37.850000,35.220000,36.510000
01/04/2023,37.370000,37.550000,34.300000,34.620000
01/05/2023,35.360000,36.400000,34.510000,34.950000
01/06/2023,32.760000,33.640000,31.700000,32.470000
01/09/2023,33.930000,34.680000,33.170000,34.480000
01/10/2023,35.510000,35.540000,31.140000,31.400000
01/11/2023,31.550000,32.140000,30.710000,31.640000
01/12/2023,28.110000,29.160000,25.300000,25.300000
01/13/2023,25.420000,25.420000,23.410000,24.890000
01/17/2023,30.060000,30.080000,27.950000,28.310000
01/18/2023,27.850000,32.490000,27.570000,31.430000
01/19/2023,33.470000,33.810000,29.910000,30.640000
01/20/2023,31.150000,31.680000,29.310000,31.230000
01/23/2023,30.080000,31.460000,29.010000,29.660000
01/24/2023,30.220000,31.870000,27.480000,28.140000
01/25/2023,32.790000,34.130000,28.710000,29.230000
01/26/2023,29.710000,31.900000,29.560000,30.070000
01/27/2023,29.470000,29.650000,26.230000,27.410000
01/30/2023,29.400000,31.230000,28.520000,29.660000
01/31/2023,30.720000,31.180000,28.030000,29.050000
02/01/2023,30.020000,31.300000,26.090000,26.180000
02/02/2023,25.380000,25.670000,22.070000,24.310000
02/03/2023,27.830000,30.000000,26.360000,27.890000
02/06/2023,29.320000,31.720000,28.690000,31.240000
02/07/2023,32.250000,32.660000,28.520000,29.910000
02/08/2023,31.280000,33.490000,29.300000,31.410000
02/09/2023,29.820000,34.260000,29.330000,33.200000
02/10/2023,33.970000,35.440000,32.860000,33.750000
02/13/2023,37.130000,37.280000,34.050000,34.050000
02/14/2023,33.180000,35.330000,30.660000,31.900000
02/15/2023,31.930000,32.490000,30.080000,30.640000
02/16/2023,32.670000,34.940000,30.390000,34.270000
02/17/2023,35.940000,36.630000,33.460000,34.750000
02/21/2023,43.820000,45.320000,41.360000,43.260000
02/22/2023,44.330000,45.720000,42.230000,42.810000
02/23/2023,39.680000,43.560000,39.120000,40.620000
02/24/2023,43.280000,45.050000,41.520000,42.260000
02/27/2023,40.410000,42.550000,39.510000,40.210000
02/28/2023,41.450000,42.320000,39.380000,41.930000
03/01/2023,41.510000,43.380000,35.990000,41.970000
03/02/2023,43.650000,44.010000,40.380000,40.550000
03/03/2023,39.260000,40.190000,37.510000,37.510000
03/06/2023,38.010000,38.950000,37.030000,37.760000
03/07/2023,39.050000,42.040000,37.500000,41.540000
03/08/2023,41.690000,43.770000,39.280000,40.030000
03/09/2023,38.140000,47.800000,37.200000,45.190000
03/10/2023,44.340000,53.130000,42.070000,45.750000
03/13/2023,61.480000,61.920000,47.570000,51.000000
03/14/2023,42.960000,49.550000,41.970000,46.220000
03/15/2023,52.470000,54.500000,43.900000,45.870000
03/16/2023,47.330000,48.970000,40.490000,40.490000
03/17/2023,40.990000,47.050000,39.550000,45.470000
03/20/2023,45.500000,46.800000,42.540000,43.700000
03/21/2023,40.120000,43.150000,39.320000,39.490000
03/22/2023,40.440000,43.810000,37.590000,43.150000
03/23/2023,36.950000,46.240000,36.270000,40.830000
03/24/2023,39.300000,42.010000,35.150000,35.370000
03/27/2023,31.490000,34.180000,30.800000,31.070000
03/28/2023,32.130000,34.620000,30.700000,31.080000
03/29/2023,29.850000,31.320000,29.430000,30.050000
03/30/2023,28.450000,31.000000,26.640000,27.040000
03/31/2023,25.870000,26.730000,25.450000,26.140000
04/03/2023,28.620000,29.710000,26.960000,27.110000
04/04/2023,28.190000,30.700000,27.380000,27.890000
04/05/2023,29.460000,30.790000,28.020000,28.650000
04/06/2023,29.520000,30.510000,26.430000,26.540000
04/10/2023,29.270000,29.360000,25.700000,25.950000
04/11/2023,26.910000,28.040000,25.700000,27.420000
04/12/2023,26.070000,29.570000,25.440000,27.830000
04/13/2023,25.670000,26.660000,24.660000,24.660000
04/14/2023,24.720000,25.710000,23.290000,23.290000
04/17/2023,24.310000,24.630000,22.570000,23.020000
04/18/2023,23.540000,25.100000,22.610000,23.440000
04/19/2023,24.440000,24.840000,22.150000,23.360000
04/20/2023,25.620000,25.850000,22.300000,24.280000
04/21/2023,23.740000,26.070000,22.810000,24.020000
04/24/2023,24.480000,25.890000,23.420000,24.030000
04/25/2023,27.510000,32.300000,26.280000,28.510000
04/26/2023,31.510000,34.610000,29.490000,31.820000
04/27/2023,29.600000,29.940000,26.230000,27.410000
04/28/2023,27.300000,29.140000,24.960000,25.290000
05/01/2023,25.470000,25.950000,23.220000,25.090000
05/02/2023,27.400000,36.610000,26.960000,30.560000
05/03/2023,32.910000,35.570000,28.780000,32.330000
05/04/2023,35.630000,40.760000,34.180000,36.380000
05/05/2023,31.220000,32.500000,28.960000,31.370000
05/08/2023,30.150000,32.360000,29.190000,29.680000
05/09/2023,32.790000,33.640000,31.570000,33.120000
05/10/2023,30.020000,35.420000,28.700000,30.070000
05/11/2023,31.770000,34.420000,28.390000,29.060000
05/12/2023,26.290000,31.070000,25.450000,28.800000
05/15/2023,31.020000,33.030000,29.940000,29.960000
05/16/2023,32.400000,35.080000,31.120000,33.540000
05/17/2023,31.350000,33.540000,30.060000,31.020000
05/18/2023,31.300000,32.520000,28.230000,28.250000
05/19/2023,26.950000,31.060000,26.310000,30.250000
05/22/2023,29.190000,32.810000,28.310000,29.290000
05/23/2023,32.450000,35.470000,29.870000,33.310000
05/24/2023,37.440000,39.060000,34.480000,35.180000
05/25/2023,29.810000,31.860000,27.780000,29.360000
05/26/2023,27.860000,28.060000,23.440000,23.440000
05/30/2023,20.320000,23.990000,17.940000,21.780000
05/31/2023,24.310000,25.400000,21.440000,23.080000
06/01/2023,21.780000,22.520000,18.380000,19.050000
06/02/2023,17.930000,19.970000,17.740000,19.470000
06/05/2023,19.070000,21.700000,18.730000,20.620000
06/06/2023,21.900000,21.900000,20.550000,20.700000
06/07/2023,20.840000,21.510000,18.820000,19.070000
06/08/2023,19.160000,19.680000,17.430000,17.830000
06/09/2023,17.190000,18.360000,16.820000,17.490000
06/12/2023,19.790000,20.950000,18.390000,20.780000
06/13/2023,20.590000,21.470000,19.860000,20.640000
06/14/2023,21.030000,21.030000,17.620000,18.100000
06/15/2023,17.940000,19.230000,17.090000,19.170000
06/16/2023,18.690000,19.640000,17.730000,18.010000
06/20/2023,19.240000,20.410000,17.300000,17.680000
06/21/2023,18.680000,19.640000,17.180000,17.480000
06/22/2023,17.820000,18.030000,14.670000,15.570000
06/23/2023,16.770000,16.770000,14.060000,15.500000
06/26/2023,15.490000,15.970000,14.250000,15.310000
06/27/2023,14.650000,14.820000,13.590000,13.970000
06/28/2023,13.690000,13.740000,12.550000,12.710000
06/29/2023,12.930000,13.440000,12.120000,12.490000
06/30/2023,11.980000,12.620000,11.350000,12.520000
07/03/2023,12.250000,12.300000,11.820000,12.170000
07/05/2023,14.430000,14.710000,13.200000,13.590000
07/06/2023,16.020000,18.790000,14.040000,15.040000
07/07/2023,14.840000,14.840000,12.180000,13.240000
07/10/2023,14.200000,14.440000,13.120000,13.260000
07/11/2023,13.800000,14.280000,13.230000,13.600000
07/12/2023,12.310000,12.920000,10.630000,10.680000
07/13/2023,10.210000,10.540000,9.790000,10.160000
07/14/2023,10.120000,10.200000,9.250000,9.560000
07/17/2023,10.120000,10.200000,9.460000,9.590000
07/18/2023,10.050000,10.100000,8.720000,9.080000
07/19/2023,9.030000,10.000000,9.000000,9.820000
07/20/2023,10.330000,11.190000,9.480000,10.060000
07/21/2023,9.400000,9.650000,8.730000,9.340000
07/24/2023,9.520000,10.070000,9.200000,9.380000
07/25/2023,9.800000,10.100000,9.200000,9.250000
07/26/2023,12.540000,12.780000,10.590000,10.790000
07/27/2023,10.610000,14.710000,10.610000,13.200000
07/28/2023,11.160000,14.040000,10.920000,12.580000
07/31/2023,13.360000,13.780000,12.410000,12.590000
08/01/2023,13.890000,14.590000,13.460000,13.810000
08/02/2023,17.480000,18.570000,16.820000,17.510000
08/03/2023,19.800000,20.530000,16.400000,16.870000
08/04/2023,16.940000,22.660000,16.250000,20.960000
08/07/2023,19.390000,20.910000,18.430000,18.500000
08/08/2023,21.310000,23.830000,19.600000,19.990000
08/09/2023,20.040000,22.450000,19.230000,20.460000
08/10/2023,18.660000,23.590000,17.710000,21.690000
08/11/2023,21.830000,22.560000,19.590000,19.590000
08/14/2023,22.510000,23.430000,19.100000,19.350000
08/15/2023,21.300000,24.110000,20.640000,23.230000
08/16/2023,23.100000,25.360000,22.010000,24.890000
08/17/2023,23.150000,27.820000,22.950000,27.140000
08/18/2023,29.390000,29.390000,24.870000,25.330000
08/21/2023,32.160000,32.160000,24.770000,25.570000
08/22/2023,24.600000,26.900000,24.130000,25.060000
08/23/2023,24.220000,24.520000,22.440000,22.760000
08/24/2023,22.810000,28.960000,22.810000,28.350000
08/25/2023,26.330000,29.320000,24.410000,25.180000
08/28/2023,26.820000,26.820000,23.600000,23.920000
08/29/2023,24.220000,24.420000,22.300000,22.620000
08/30/2023,22.510000,23.400000,20.940000,20.980000
08/31/2023,20.880000,21.310000,19.670000,20.160000
09/01/2023,19.100000,20.670000,18.930000,19.580000
09/05/2023,25.330000,25.330000,20.450000,21.300000
09/06/2023,22.610000,25.480000,21.100000,23.080000
09/07/2023,24.570000,24.730000,21.420000,21.840000
09/08/2023,21.510000,21.750000,20.520000,20.800000
09/11/2023,28.130000,28.130000,20.200000,20.400000
09/12/2023,22.140000,23.450000,20.970000,22.800000
09/13/2023,22.010000,22.820000,20.440000,20.510000
09/14/2023,19.060000,20.260000,17.910000,18.060000
09/15/2023,18.960000,21.650000,18.230000,21.060000
09/18/2023,24.660000,24.660000,21.280000,22.160000
09/19/2023,23.030000,24.720000,22.390000,22.820000
09/20/2023,22.700000,25.620000,21.150000,25.520000
09/21/2023,27.060000,200.540000,3.720000,29.120000
09/22/2023,26.000000,27.550000,24.200000,27.100000
09/25/2023,31.760000,31.760000,24.000000,24.360000
09/26/2023,26.170000,29.100000,25.180000,26.880000
09/27/2023,25.480000,28.900000,25.030000,25.500000
09/28/2023,26.090000,26.450000,22.750000,23.730000
09/29/2023,20.910000,25.540000,20.050000,24.670000
10/02/2023,31.340000,32.380000,6.320000,24.750000
10/03/2023,26.950000,28.700000,25.370000,26.620000
10/04/2023,26.050000,27.220000,24.290000,25.010000
10/05/2023,24.410000,26.280000,23.210000,24.090000
10/06/2023,24.870000,25.430000,21.500000,22.240000
10/09/2023,27.030000,27.030000,22.250000,22.370000
10/10/2023,22.040000,22.170000,17.240000,21.100000
10/11/2023,20.040000,22.650000,18.480000,18.480000
10/12/2023,17.640000,22.970000,16.720000,19.450000
10/13/2023,18.990000,25.610000,18.770000,22.430000
10/16/2023,24.930000,24.930000,19.360000,19.880000
10/17/2023,22.430000,23.100000,19.840000,21.770000
10/18/2023,22.680000,26.230000,22.660000,23.810000
10/19/2023,24.050000,29.520000,21.210000,29.420000
10/20/2023,27.610000,29.140000,25.990000,29.090000
10/23/2023,36.330000,36.330000,25.870000,27.070000
10/24/2023,25.440000,27.520000,22.410000,24.210000
10/25/2023,27.400000,31.410000,26.990000,28.950000
10/26/2023,30.380000,32.460000,28.950000,29.060000
10/27/2023,29.610000,35.630000,29.590000,34.460000
10/30/2023,40.560000,40.560000,31.460000,32.230000
10/31/2023,32.230000,32.670000,29.090000,30.270000
11/01/2023,29.380000,30.830000,27.820000,28.460000
11/02/2023,26.470000,27.250000,24.910000,25.200000
11/03/2023,24.610000,26.840000,23.780000,24.310000
11/06/2023,30.280000,30.280000,24.110000,24.420000
11/07/2023,25.280000,26.210000,24.720000,24.970000
11/08/2023,24.990000,26.050000,22.860000,23.430000
11/09/2023,22.660000,25.510000,22.240000,24.380000
11/10/2023,22.890000,23.870000,20.380000,20.380000
11/13/2023,28.510000,28.510000,22.500000,23.830000
11/14/2023,21.340000,24.020000,21.330000,21.670000
11/15/2023,22.200000,22.310000,20.680000,21.440000
11/16/2023,20.770000,21.330000,19.010000,19.600000
11/17/2023,19.240000,19.480000,18.220000,18.910000
11/20/2023,23.860000,23.860000,18.050000,19.620000
11/21/2023,20.290000,20.610000,19.470000,20.360000
11/22/2023,20.960000,23.090000,20.430000,22.410000
11/24/2023,23.340000,23.340000,20.100000,20.130000
11/27/2023,23.870000,23.870000,20.220000,21.090000
11/28/2023,21.860000,23.900000,21.250000,22.040000
11/29/2023,22.820000,24.290000,22.630000,23.400000
11/30/2023,23.680000,25.230000,23.330000,23.910000
12/01/2023,23.530000,24.970000,22.830000,23.810000
12/04/2023,28.140000,28.140000,22.410000,22.940000
12/05/2023,23.560000,24.270000,22.700000,22.910000
12/06/2023,23.350000,24.640000,22.710000,24.330000
12/07/2023,23.300000,24.160000,23.250000,23.740000
12/08/2023,22.300000,23.570000,21.720000,21.720000
12/11/2023,29.360000,29.360000,20.820000,21.480000
12/12/2023,21.270000,21.900000,19.190000,20.190000
12/13/2023,20.580000,21.520000,18.470000,20.100000
12/14/2023,20.280000,20.280000,16.810000,16.960000
12/15/2023,17.640000,18.290000,16.050000,18.030000
12/18/2023,22.590000,22.590000,17.710000,19.430000
12/19/2023,19.820000,20.550000,19.690000,20.480000
12/20/2023,20.330000,23.950000,19.920000,21.540000
12/21/2023,20.480000,23.760000,20.300000,21.150000
12/22/2023,20.700000,22.040000,20.190000,20.480000
12/26/2023,20.700000,20.710000,17.610000,17.850000
12/27/2023,17.390000,17.480000,15.120000,15.900000
12/28/2023,14.980000,15.930000,14.510000,15.150000
12/29/2023,14.560000,16.690000,13.740000,14.240000
01/02/2024,17.760000,17.760000,13.510000,13.880000
01/03/2024,15.320000,16.350000,14.100000,15.930000
01/04/2024,16.080000,16.200000,14.680000,15.890000
01/05/2024,14.670000,15.930000,13.780000,14.430000
01/08/2024,17.580000,17.580000,11.630000,13.100000
01/09/2024,13.710000,14.050000,12.270000,12.450000
01/10/2024,12.330000,12.570000,11.920000,12.060000
01/11/2024,11.320000,13.310000,10.800000,10.900000
01/12/2024,11.060000,12.490000,11.030000,11.350000
01/16/2024,17.250000,17.250000,12.990000,14.040000
01/17/2024,16.990000,17.370000,15.620000,15.840000
01/18/2024,14.560000,15.910000,14.200000,14.200000
01/19/2024,13.430000,13.970000,12.010000,12.030000
01/22/2024,13.600000,13.600000,10.780000,10.820000
01/23/2024,11.250000,11.450000,10.220000,10.220000
01/24/2024,10.740000,11.020000,10.070000,10.690000
01/25/2024,10.940000,11.190000,10.200000,10.780000
01/26/2024,11.020000,12.130000,10.430000,10.690000
01/29/2024,14.490000,14.490000,11.020000,11.390000
01/30/2024,11.510000,11.570000,9.990000,10.300000
01/31/2024,12.830000,15.880000,12.610000,15.310000
02/01/2024,14.320000,16.040000,13.590000,13.990000
02/02/2024,17.060000,17.950000,16.180000,16.430000
02/05/2024,20.810000,20.810000,13.660000,13.930000
02/06/2024,13.980000,16.320000,13.980000,14.720000
02/07/2024,15.160000,16.320000,14.970000,15.080000
02/08/2024,15.180000,15.360000,14.120000,14.250000
02/09/2024,14.410000,14.490000,13.340000,13.800000
02/12/2024,17.250000,17.250000,13.970000,14.540000
02/13/2024,16.510000,19.540000,15.150000,15.510000
02/14/2024,14.020000,16.410000,13.650000,14.160000
02/15/2024,13.960000,14.200000,13.140000,13.200000
02/16/2024,13.210000,14.200000,11.780000,13.300000
02/20/2024,17.480000,17.650000,15.260000,17.180000
02/21/2024,18.100000,19.070000,17.030000,17.410000
02/22/2024,17.710000,19.030000,16.960000,18.050000
02/23/2024,17.080000,17.950000,15.900000,16.150000
02/26/2024,19.420000,19.420000,15.820000,16.120000
02/27/2024,16.050000,16.470000,15.510000,15.520000
02/28/2024,16.080000,16.300000,15.290000,16.210000
02/29/2024,15.350000,17.110000,15.210000,15.830000
03/01/2024,15.100000,16.000000,13.980000,13.980000
03/04/2024,17.580000,17.660000,12.430000,13.420000
03/05/2024,14.610000,16.140000,14.010000,14.650000
03/06/2024,13.440000,15.680000,13.420000,14.670000
03/07/2024,13.730000,14.320000,12.300000,12.450000
03/08/2024,11.580000,14.400000,9.240000,12.620000
03/11/2024,17.350000,17.350000,14.590000,15.890000
03/12/2024,13.840000,15.400000,11.710000,11.720000
03/13/2024,12.110000,12.330000,10.760000,11.330000
03/14/2024,11.020000,15.730000,10.610000,13.680000
03/15/2024,14.440000,15.690000,13.240000,14.380000
03/18/2024,15.530000,15.530000,12.490000,15.150000
03/19/2024,16.770000,18.060000,16.430000,16.920000
03/20/2024,17.600000,18.210000,15.500000,15.850000
03/21/2024,13.790000,14.270000,12.360000,12.380000
03/22/2024,11.990000,12.020000,10.200000,11.060000
03/25/2024,10.580000,10.630000,8.770000,9.550000
03/26/2024,9.090000,9.880000,8.520000,9.430000
03/27/2024,8.780000,9.720000,8.690000,9.010000
03/28/2024,8.840000,9.690000,8.570000,9.380000
04/01/2024,10.330000,10.350000,8.480000,9.700000
04/02/2024,11.740000,13.170000,11.490000,11.870000
04/03/2024,13.090000,13.160000,11.430000,11.960000
04/04/2024,10.640000,16.210000,10.620000,14.830000
04/05/2024,14.540000,15.840000,13.080000,14.560000
04/08/2024,15.100000,15.200000,12.740000,12.890000
04/09/2024,12.980000,16.410000,12.780000,13.320000
04/10/2024,16.040000,17.170000,14.260000,15.130000
04/11/2024,14.800000,16.760000,12.660000,12.660000
04/12/2024,15.710000,19.270000,15.210000,15.880000
04/15/2024,17.630000,21.200000,14.190000,21.100000
04/16/2024,20.420000,21.700000,18.040000,20.110000
04/17/2024,19.240000,21.790000,18.230000,19.580000
04/18/2024,17.930000,19.870000,17.430000,18.660000
04/19/2024,19.040000,20.200000,17.870000,18.790000
04/22/2024,21.090000,21.090000,15.090000,15.370000
04/23/2024,14.820000,15.390000,13.040000,13.040000
04/24/2024,13.130000,13.890000,12.210000,13.050000
04/25/2024,15.680000,16.340000,11.020000,11.170000
04/26/2024,14.050000,14.680000,12.830000,12.830000
04/29/2024,12.960000,12.990000,11.270000,11.320000
04/30/2024,12.250000,15.160000,11.960000,14.160000
05/01/2024,17.520000,19.230000,14.890000,17.460000
05/02/2024,16.190000,19.160000,16.060000,16.340000
05/03/2024,14.350000,15.870000,12.490000,14.610000
05/06/2024,16.310000,16.430000,14.300000,14.700000
05/07/2024,14.850000,15.910000,14.550000,14.750000
05/08/2024,15.570000,16.010000,14.050000,14.240000
05/09/2024,13.950000,14.640000,13.410000,13.410000
05/10/2024,12.620000,13.500000,12.110000,12.890000
05/13/2024,19.120000,19.220000,15.590000,16.830000
05/14/2024,16.740000,17.530000,15.850000,16.370000
05/15/2024,14.360000,14.650000,12.590000,12.590000
05/16/2024,12.760000,13.200000,11.910000,12.140000
05/17/2024,11.900000,12.340000,11.050000,11.450000
05/20/2024,12.580000,13.760000,11.320000,12.270000
05/21/2024,13.040000,13.110000,11.430000,11.430000
05/22/2024,12.130000,14.130000,11.930000,12.100000
05/23/2024,11.840000,16.350000,11.840000,14.470000
05/24/2024,13.400000,14.420000,12.710000,12.730000
05/28/2024,14.720000,14.720000,10.820000,11.710000
05/29/2024,15.320000,15.550000,13.500000,15.240000
05/30/2024,14.840000,16.910000,12.620000,15.710000
05/31/2024,14.080000,17.490000,12.330000,12.590000
06/03/2024,16.940000,16.940000,12.720000,13.920000
06/04/2024,15.430000,17.550000,14.680000,15.600000
06/05/2024,14.720000,16.230000,12.790000,12.940000
06/06/2024,12.400000,14.050000,11.390000,12.060000
06/07/2024,12.580000,12.740000,11.000000,11.560000
06/10/2024,13.260000,14.290000,13.020000,14.250000
06/11/2024,16.000000,17.320000,15.060000,15.130000
06/12/2024,13.590000,14.090000,10.470000,10.910000
06/13/2024,10.250000,11.200000,8.790000,8.890000
06/14/2024,10.450000,10.530000,8.670000,9.410000
06/17/2024,10.420000,10.880000,8.080000,9.320000
06/18/2024,8.740000,9.940000,8.260000,8.710000
06/20/2024,8.050000,10.000000,7.340000,8.620000
06/21/2024,9.430000,9.570000,7.740000,7.920000
06/24/2024,9.990000,9.990000,7.710000,8.480000
06/25/2024,8.090000,9.210000,7.720000,7.960000
06/26/2024,8.670000,8.670000,6.430000,6.830000
06/27/2024,6.600000,7.140000,5.800000,5.880000
06/28/2024,5.830000,6.590000,5.240000,5.590000
07/01/2024,6.710000,7.190000,4.850000,5.130000
07/02/2024,5.760000,5.760000,4.700000,4.970000
07/03/2024,4.930000,5.120000,4.420000,4.460000
07/05/2024,4.110000,4.240000,3.480000,4.060000
07/08/2024,4.120000,4.120000,3.610000,3.820000
07/09/2024,3.860000,4.440000,3.580000,4.030000
07/10/2024,3.920000,4.150000,3.630000,4.120000
07/11/2024,3.570000,4.720000,3.410000,3.870000
07/12/2024,3.340000,3.400000,2.840000,2.930000
07/15/2024,4.770000,5.020000,3.680000,4.810000
07/16/2024,4.720000,5.570000,4.660000,5.450000
07/17/2024,6.660000,7.630000,6.060000,7.060000
07/18/2024,6.880000,9.400000,6.600000,8.470000
07/19/2024,9.290000,11.070000,8.660000,10.050000
07/22/2024,10.690000,10.690000,8.460000,8.650000
07/23/2024,9.030000,9.450000,8.620000,9.200000
07/24/2024,11.970000,16.270000,11.850000,15.240000
07/25/2024,15.240000,16.950000,12.640000,15.920000
07/26/2024,13.200000,13.610000,11.770000,11.770000
07/29/2024,13.220000,13.220000,10.780000,11.510000
07/30/2024,11.760000,14.960000,11.560000,14.020000
07/31/2024,12.820000,13.380000,10.980000,11.900000
08/01/2024,12.350000,17.590000,11.590000,15.700000
08/02/2024,22.090000,27.780000,19.360000,21.850000
08/05/2024,76.910000,76.910000,22.870000,39.620000
08/06/2024,32.860000,34.480000,25.920000,32.220000
08/07/2024,25.090000,36.960000,24.230000,32.290000
08/08/2024,27.810000,31.840000,26.810000,27.940000
08/09/2024,27.580000,29.320000,22.320000,22.720000
08/12/2024,29.450000,29.450000,20.140000,23.300000
08/13/2024,21.310000,22.370000,18.200000,18.540000
08/14/2024,16.600000,17.280000,14.080000,14.330000
08/15/2024,12.520000,15.030000,12.180000,12.220000
08/16/2024,12.650000,12.700000,10.390000,10.620000
08/19/2024,14.350000,14.350000,10.300000,10.860000
08/20/2024,11.540000,11.960000,10.540000,11.750000
08/21/2024,12.340000,14.310000,11.730000,12.560000
08/22/2024,11.130000,14.170000,11.030000,12.140000
08/23/2024,10.960000,12.300000,8.860000,9.490000
08/26/2024,10.420000,10.460000,8.490000,8.760000
08/27/2024,9.880000,10.610000,8.430000,8.610000
08/28/2024,8.990000,12.850000,8.690000,11.570000
08/29/2024,14.110000,15.860000,13.170000,14.140000
08/30/2024,12.850000,15.440000,12.390000,13.730000
09/03/2024,19.650000,26.140000,16.340000,22.410000
09/04/2024,25.960000,28.280000,21.920000,26.310000
09/05/2024,25.310000,27.420000,22.140000,23.820000
09/06/2024,21.110000,31.630000,20.940000,29.290000
09/09/2024,31.520000,31.520000,23.780000,25.430000
09/10/2024,24.930000,30.190000,24.710000,25.430000
09/11/2024,24.840000,30.270000,20.710000,21.250000
09/12/2024,21.500000,22.420000,17.810000,18.580000
09/13/2024,18.410000,18.870000,16.840000,17.550000
09/16/2024,22.240000,22.240000,17.570000,18.310000
09/17/2024,18.480000,20.060000,17.560000,19.070000
09/18/2024,20.810000,36.790000,1.640000,20.370000
09/19/2024,15.800000,17.840000,15.290000,15.920000
09/20/2024,15.400000,16.600000,14.660000,15.400000
09/23/2024,17.160000,17.160000,14.040000,14.410000
09/24/2024,14.240000,15.730000,12.060000,12.470000
09/25/2024,12.190000,13.060000,11.750000,12.220000
09/26/2024,10.830000,12.090000,10.680000,10.820000
09/27/2024,10.060000,12.360000,9.760000,12.360000
09/30/2024,13.640000,13.640000,10.350000,10.920000
10/01/2024,11.380000,16.480000,10.950000,14.680000
10/02/2024,15.910000,17.680000,13.850000,13.850000
10/03/2024,14.370000,16.020000,12.890000,14.550000
10/04/2024,12.050000,13.600000,10.550000,11.240000
10/07/2024,23.510000,23.550000,18.200000,20.450000
10/08/2024,19.220000,20.190000,18.010000,18.610000
10/09/2024,18.460000,18.830000,17.260000,17.600000
10/10/2024,17.500000,17.890000,16.280000,16.920000
10/11/2024,16.840000,17.370000,16.230000,16.960000
10/14/2024,19.600000,19.600000,16.620000,16.650000
10/15/2024,16.830000,17.900000,16.340000,17.340000
10/16/2024,17.470000,17.900000,15.680000,15.770000
10/17/2024,15.060000,15.450000,13.390000,13.390000
10/18/2024,13.440000,13.790000,12.650000,12.940000
10/21/2024,13.630000,13.880000,12.150000,12.150000
10/22/2024,14.100000,14.360000,11.960000,12.410000
10/23/2024,12.660000,16.250000,12.570000,13.940000
10/24/2024,13.380000,15.790000,12.980000,13.230000
10/25/2024,12.160000,15.800000,11.970000,15.080000
10/28/2024,15.450000,15.450000,13.010000,14.600000
10/29/2024,15.640000,16.170000,13.660000,13.830000
10/30/2024,15.800000,16.720000,14.990000,16.570000
10/31/2024,21.410000,23.840000,20.020000,22.180000
11/01/2024,22.280000,25.910000,21.840000,25.050000
11/04/2024,31.390000,31.390000,24.710000,25.360000
11/05/2024,25.180000,25.180000,21.830000,21.830000
11/06/2024,12.180000,16.710000,12.120000,13.740000
11/07/2024,12.570000,13.970000,12.240000,12.760000
11/08/2024,11.640000,12.490000,11.440000,11.640000
11/11/2024,14.690000,14.690000,10.740000,10.850000
11/12/2024,11.500000,11.640000,9.780000,9.960000
11/13/2024,9.770000,10.120000,8.480000,8.830000
11/14/2024,8.480000,9.290000,7.840000,9.100000
11/15/2024,9.700000,13.330000,9.310000,10.540000
11/18/2024,13.900000,14.150000,11.030000,12.120000
11/19/2024,14.760000,15.270000,12.500000,13.470000
11/20/2024,13.630000,17.170000,13.430000,14.010000
11/21/2024,14.970000,19.040000,14.180000,16.410000
11/22/2024,15.430000,16.140000,12.960000,13.110000
11/25/2024,14.540000,15.060000,11.920000,12.140000
11/26/2024,12.210000,12.740000,11.840000,12.370000
11/27/2024,12.960000,15.030000,12.630000,13.310000
11/29/2024,12.120000,12.420000,10.890000,11.250000
12/02/2024,12.230000,12.430000,10.730000,10.730000
12/03/2024,11.440000,12.200000,10.630000,11.050000
12/04/2024,10.840000,11.680000,10.510000,10.790000
12/05/2024,10.320000,10.690000,9.570000,10.250000
12/06/2024,8.750000,9.520000,8.120000,8.270000
12/09/2024,10.220000,10.220000,8.330000,10.070000
12/10/2024,10.190000,10.810000,9.390000,9.940000
12/11/2024,8.900000,9.040000,8.060000,8.240000
12/12/2024,7.900000,9.160000,7.610000,9.160000
12/13/2024,7.760000,9.380000,7.490000,8.170000
12/16/2024,8.830000,8.830000,7.740000,8.460000
12/17/2024,9.590000,9.940000,8.460000,9.740000
12/18/2024,9.890000,30.140000,5.490000,27.820000
12/19/2024,18.790000,24.100000,18.040000,23.320000
12/20/2024,23.230000,24.200000,15.490000,19.240000
12/23/2024,17.200000,21.520000,15.330000,15.530000
12/24/2024,15.220000,15.300000,9.960000,10.400000
12/26/2024,10.400000,11.580000,8.620000,9.410000
12/27/2024,11.150000,15.440000,11.060000,11.840000
12/30/2024,14.740000,16.210000,12.590000,14.560000
12/31/2024,13.160000,16.070000,13.080000,14.200000
01/02/2025,13.210000,17.510000,12.830000,15.070000
01/03/2025,13.600000,13.870000,11.080000,11.480000
01/06/2025,10.330000,10.330000,8.560000,8.850000
01/07/2025,8.510000,15.180000,8.440000,13.330000
01/08/2025,15.250000,17.020000,13.460000,14.150000
01/10/2025,16.060000,17.650000,14.850000,16.860000
01/13/2025,18.690000,19.010000,16.370000,16.580000
01/14/2025,16.300000,18.670000,15.430000,16.760000
01/15/2025,13.540000,14.280000,11.900000,12.030000
01/16/2025,12.120000,12.490000,11.280000,12.350000
01/17/2025,11.140000,11.860000,10.830000,11.340000
01/21/2025,11.030000,11.410000,8.790000,9.010000
01/22/2025,9.580000,9.580000,7.910000,8.190000
01/23/2025,7.910000,8.240000,7.600000,7.930000
01/24/2025,7.450000,7.930000,7.200000,7.640000
01/27/2025,11.990000,11.990000,7.790000,8.820000
01/28/2025,9.410000,11.020000,7.460000,7.970000
01/29/2025,8.310000,9.100000,6.190000,6.450000
01/30/2025,7.130000,8.090000,5.390000,6.470000
01/31/2025,6.240000,9.430000,5.850000,8.340000
02/03/2025,12.170000,19.710000,7.210000,12.190000
02/04/2025,11.430000,11.490000,10.310000,11.170000
02/05/2025,11.110000,12.810000,9.340000,9.340000
02/06/2025,9.050000,10.660000,8.870000,9.520000
02/07/2025,8.810000,17.230000,8.730000,11.140000
02/10/2025,10.790000,12.020000,10.560000,10.770000
02/11/2025,11.390000,11.790000,10.550000,10.920000
02/12/2025,12.980000,13.510000,11.230000,11.450000
02/13/2025,11.050000,11.760000,8.240000,8.360000
02/14/2025,8.150000,8.660000,7.240000,7.700000
02/18/2025,9.300000,9.790000,8.530000,8.530000
02/19/2025,9.520000,9.710000,8.180000,8.780000
02/20/2025,8.860000,11.090000,8.630000,9.290000
02/21/2025,9.140000,14.460000,9.040000,13.710000
02/24/2025,13.790000,17.130000,12.970000,14.940000
02/25/2025,15.790000,19.530000,14.730000,15.140000
02/26/2025,15.530000,18.140000,13.950000,16.800000
02/27/2025,18.090000,24.340000,17.970000,23.580000
02/28/2025,23.340000,26.300000,19.150000,20.730000
03/03/2025,20.270000,28.260000,19.590000,25.600000
03/04/2025,27.440000,30.840000,23.990000,26.360000
03/05/2025,28.140000,30.430000,25.520000,27.220000
03/06/2025,29.840000,33.670000,28.290000,31.520000
03/07/2025,32.310000,35.380000,29.030000,30.110000
03/10/2025,34.220000,35.990000,30.420000,32.740000
03/11/2025,34.360000,41.220000,33.230000,35.670000
03/12/2025,33.400000,35.760000,31.860000,33.650000
03/13/2025,32.610000,35.550000,30.940000,32.300000
03/14/2025,32.450000,167.210000,24.760000,30.480000
03/17/2025,29.460000,29.660000,27.260000,27.770000
03/18/2025,28.840000,34.240000,28.610000,30.070000
03/19/2025,29.400000,30.460000,26.290000,27.410000
03/20/2025,29.050000,29.070000,26.290000,26.760000
03/21/2025,28.760000,29.350000,26.760000,27.230000
03/24/2025,25.160000,25.460000,22.270000,22.590000
03/25/2025,21.990000,23.660000,21.320000,21.700000
03/26/2025,21.630000,25.210000,20.920000,23.190000
03/27/2025,23.090000,24.520000,21.820000,22.650000
03/28/2025,22.620000,27.920000,22.620000,27.150000
03/31/2025,27.950000,28.390000,23.450000,24.330000
04/01/2025,24.800000,26.830000,23.430000,23.630000
04/02/2025,26.710000,26.710000,0.640000,19.500000
04/03/2025,29.970000,32.650000,27.140000,32.650000
04/04/2025,41.480000,47.140000,31.310000,45.830000
04/07/2025,50.290000,526.020000,24.440000,45.220000
04/08/2025,40.060000,54.780000,35.850000,49.900000
04/09/2025,55.400000,55.770000,17.650000,36.120000
04/10/2025,38.140000,55.350000,36.380000,42.260000
04/11/2025,46.700000,51.020000,40.510000,42.530000
04/14/2025,36.460000,40.140000,32.650000,34.700000
04/15/2025,33.880000,37.380000,33.370000,36.430000
04/16/2025,39.700000,43.230000,36.170000,41.220000
04/17/2025,37.160000,40.650000,36.600000,36.600000
04/21/2025,39.940000,44.950000,39.620000,43.510000
04/22/2025,39.730000,42.920000,38.980000,40.050000
04/23/2025,37.240000,40.710000,35.800000,37.220000
04/24/2025,35.720000,36.930000,32.410000,32.770000
04/25/2025,34.240000,36.320000,30.540000,31.190000
04/28/2025,29.690000,33.190000,29.590000,30.870000
04/29/2025,31.950000,32.430000,28.990000,29.790000
04/30/2025,33.900000,37.740000,28.930000,29.930000
05/01/2025,31.000000,32.970000,29.270000,32.430000
05/02/2025,30.440000,31.810000,29.140000,29.880000
05/05/2025,31.890000,32.270000,29.500000,31.420000
05/06/2025,34.290000,35.240000,33.220000,34.740000
05/07/2025,35.900000,37.350000,30.600000,31.710000
05/08/2025,30.080000,32.590000,28.950000,29.700000
05/09/2025,28.910000,31.530000,28.670000,30.070000
05/12/2025,24.530000,25.730000,21.370000,22.220000
05/13/2025,20.470000,20.480000,18.010000,18.970000
05/14/2025,18.480000,19.230000,16.950000,18.060000
05/15/2025,18.390000,19.720000,16.580000,16.930000
05/16/2025,16.230000,17.790000,15.800000,16.680000
05/19/2025,20.750000,21.030000,19.160000,19.860000
05/20/2025,18.790000,20.350000,18.480000,19.730000
05/21/2025,21.220000,24.130000,19.260000,24.070000
05/22/2025,23.640000,24.450000,21.210000,22.520000
05/23/2025,28.700000,28.750000,24.180000,26.610000
05/27/2025,21.400000,22.660000,18.280000,18.340000
05/28/2025,18.860000,20.870000,18.860000,20.390000
05/29/2025,21.150000,24.610000,20.320000,22.730000
05/30/2025,23.640000,25.820000,22.650000,22.890000
06/02/2025,23.300000,26.000000,23.250000,23.760000
06/03/2025,23.640000,24.680000,22.320000,22.650000
06/04/2025,21.690000,23.010000,21.620000,22.200000
06/05/2025,21.180000,23.040000,20.530000,21.540000
06/06/2025,19.480000,22.190000,19.440000,19.880000
06/09/2025,21.290000,21.660000,20.590000,21.650000
06/10/2025,21.850000,22.870000,21.150000,21.780000
06/11/2025,20.610000,23.620000,20.230000,21.860000
06/12/2025,22.910000,23.710000,21.520000,23.060000
06/13/2025,25.690000,29.510000,24.530000,27.490000
06/16/2025,23.820000,25.270000,23.550000,24.270000
06/17/2025,25.330000,30.820000,25.160000,30.820000
06/18/2025,29.610000,30.580000,26.950000,27.880000
06/20/2025,24.620000,29.740000,24.500000,27.870000
06/23/2025,25.760000,31.400000,24.900000,25.270000
06/24/2025,22.210000,22.870000,20.640000,21.160000
06/25/2025,20.070000,20.470000,18.200000,18.440000
06/26/2025,16.980000,17.100000,16.070000,16.660000
06/27/2025,15.250000,16.790000,14.940000,15.130000
06/30/2025,14.480000,15.550000,14.110000,14.480000
07/01/2025,15.210000,15.570000,14.380000,14.890000
07/02/2025,15.180000,15.430000,14.090000,14.320000
07/03/2025,12.870000,14.320000,12.800000,14.140000
07/07/2025,14.480000,16.700000,14.410000,15.780000
07/08/2025,14.290000,14.620000,13.690000,13.820000
07/09/2025,12.400000,13.410000,11.910000,12.280000
07/10/2025,11.600000,11.970000,11.210000,11.370000
07/11/2025,12.200000,12.780000,11.400000,12.110000
07/14/2025,13.300000,14.080000,13.040000,14.020000
07/15/2025,12.520000,14.780000,12.510000,14.730000
07/16/2025,13.900000,18.540000,13.840000,14.490000
07/17/2025,14.340000,14.400000,12.590000,12.590000
07/18/2025,12.250000,13.590000,12.080000,12.920000
07/21/2025,12.700000,13.780000,12.680000,13.530000
07/22/2025,14.150000,14.720000,12.750000,12.940000
07/23/2025,12.580000,12.750000,10.740000,10.980000
07/24/2025,10.870000,11.950000,10.760000,11.810000
07/25/2025,10.990000,11.600000,10.820000,10.820000
07/28/2025,10.080000,10.800000,9.540000,9.540000
07/29/2025,9.360000,10.880000,9.140000,10.690000
07/30/2025,10.560000,12.480000,8.840000,8.840000
07/31/2025,9.550000,12.560000,9.030000,11.790000
08/01/2025,17.230000,22.960000,17.040000,20.100000
08/04/2025,16.090000,16.430000,13.530000,13.530000
08/05/2025,14.400000,17.450000,13.700000,16.130000
08/06/2025,17.310000,17.500000,13.850000,14.320000
08/07/2025,12.970000,15.760000,12.640000,13.650000
08/08/2025,12.360000,13.150000,10.930000,10.930000
08/11/2025,11.530000,13.480000,11.400000,13.070000
08/12/2025,11.710000,12.450000,10.420000,10.760000
08/13/2025,10.360000,10.940000,8.940000,9.240000
08/14/2025,10.080000,10.850000,9.320000,9.880000
08/15/2025,9.140000,10.420000,9.140000,10.220000
08/18/2025,10.990000,12.030000,10.840000,11.290000
08/19/2025,11.370000,12.930000,10.690000,12.090000
08/20/2025,12.250000,15.410000,12.250000,13.160000
08/21/2025,14.610000,16.560000,13.920000,15.580000
08/22/2025,14.430000,14.620000,9.400000,9.560000
08/25/2025,10.440000,10.700000,9.020000,9.990000
08/26/2025,11.020000,11.080000,9.300000,9.300000
08/27/2025,9.980000,10.790000,9.440000,10.190000
08/28/2025,10.810000,12.590000,10.590000,12.560000
08/29/2025,12.420000,15.530000,12.170000,14.370000
09/02/2025,20.660000,22.590000,17.760000,17.850000
09/03/2025,19.000000,19.470000,17.500000,17.500000
09/04/2025,16.980000,17.350000,15.790000,15.790000
09/05/2025,14.090000,18.770000,13.850000,15.290000
09/08/2025,14.900000,15.620000,14.320000,14.820000
09/09/2025,15.730000,16.660000,14.360000,14.440000
09/10/2025,13.990000,14.150000,12.270000,13.260000
09/11/2025,12.020000,13.480000,11.830000,12.980000
09/12/2025,12.400000,12.930000,11.780000,12.360000
09/15/2025,12.190000,13.650000,12.060000,13.610000
09/16/2025,13.720000,14.860000,13.720000,14.760000
09/17/2025,14.690000,16.300000,13.250000,14.100000
09/18/2025,13.370000,14.070000,12.700000,13.490000
09/19/2025,12.830000,14.670000,12.610000,13.290000
09/22/2025,13.310000,13.780000,11.760000,12.550000
09/23/2025,12.570000,14.930000,12.500000,14.080000
09/24/2025,13.560000,15.300000,13.380000,13.380000
09/25/2025,14.510000,15.810000,13.250000,13.470000
09/26/2025,12.610000,13.660000,10.590000,10.590000
09/29/2025,10.260000,10.780000,9.830000,10.470000
09/30/2025,10.700000,11.070000,9.340000,9.820000
10/01/2025,10.290000,10.550000,8.570000,9.140000
10/02/2025,8.150000,9.790000,7.900000,9.380000
10/03/2025,8.850000,9.950000,8.590000,9.220000
10/06/2025,8.570000,8.570000,7.150000,7.430000
10/07/2025,7.540000,9.870000,7.340000,9.360000
10/08/2025,9.580000,9.820000,7.610000,7.750000
10/09/2025,7.590000,8.660000,7.310000,7.840000
10/10/2025,7.620000,16.400000,1.040000,14.570000
10/13/2025,12.490000,14.090000,10.660000,11.150000
10/14/2025,15.120000,17.430000,11.260000,14.010000
10/15/2025,11.980000,16.510000,11.020000,13.400000
10/16/2025,12.400000,19.530000,12.310000,19.480000
10/17/2025,17.750000,19.150000,12.830000,13.020000
10/20/2025,11.340000,11.380000,8.920000,9.150000
10/21/2025,9.880000,10.490000,8.330000,9.350000
10/22/2025,10.000000,16.730000,9.430000,10.220000
10/23/2025,10.930000,11.230000,8.390000,9.010000
10/24/2025,7.730000,8.520000,7.230000,7.710000
10/27/2025,7.510000,8.070000,7.030000,7.400000
10/28/2025,7.040000,8.040000,6.670000,7.790000
10/29/2025,7.560000,9.160000,6.670000,7.560000
10/30/2025,9.190000,11.960000,9.040000,10.980000
10/31/2025,11.140000,14.990000,11.120000,12.530000
11/03/2025,13.060000,14.520000,11.090000,11.910000
11/04/2025,15.830000,16.970000,14.390000,16.270000
11/05/2025,16.760000,17.210000,12.590000,14.580000
11/06/2025,14.870000,18.340000,14.310000,16.300000
11/07/2025,18.380000,22.110000,15.010000,15.010000
11/10/2025,16.900000,16.900000,12.030000,12.310000
11/11/2025,12.720000,13.590000,12.670000,12.770000
11/12/2025,12.880000,14.000000,12.730000,13.320000
11/13/2025,14.480000,19.330000,14.330000,16.650000
11/14/2025,20.610000,22.270000,16.080000,17.320000
11/17/2025,22.880000,23.890000,17.230000,21.660000
11/18/2025,23.940000,26.440000,20.440000,24.680000
11/19/2025,23.870000,24.120000,18.770000,22.510000
11/20/2025,16.920000,31.720000,16.350000,28.000000
11/21/2025,26.920000,30.660000,22.920000,24.520000
11/24/2025,25.870000,25.870000,20.330000,20.830000
11/25/2025,19.760000,21.740000,15.440000,15.760000
11/26/2025,14.990000,15.700000,14.370000,15.530000
11/28/2025,14.960000,58.790000,14.140000,14.970000
12/01/2025,19.130000,19.130000,15.540000,17.170000
12/02/2025,16.200000,18.020000,15.560000,16.720000
12/03/2025,16.810000,16.940000,14.530000,14.700000
12/04/2025,14.380000,15.700000,13.840000,14.040000
12/05/2025,13.420000,14.690000,13.080000,13.540000
12/08/2025,16.300000,16.300000,14.190000,15.360000
12/09/2025,16.220000,16.690000,15.510000,16.550000
12/10/2025,17.480000,17.950000,13.090000,13.670000
12/11/2025,14.390000,15.140000,11.380000,11.550000
12/12/2025,12.040000,17.840000,11.760000,13.860000
12/15/2025,14.650000,16.910000,13.880000,16.200000
12/16/2025,17.130000,19.670000,16.220000,16.990000
12/17/2025,16.580000,20.690000,16.080000,19.460000
12/18/2025,17.620000,19.600000,16.090000,18.200000
12/19/2025,16.250000,16.340000,13.720000,13.750000
12/22/2025,14.120000,14.120000,11.680000,12.030000
12/23/2025,12.730000,12.830000,11.830000,12.750000
12/24/2025,12.980000,12.980000,11.900000,12.300000
12/26/2025,11.100000,11.670000,9.990000,10.300000
12/29/2025,12.460000,12.460000,10.340000,11.130000
12/30/2025,11.640000,11.950000,10.740000,11.820000
12/31/2025,11.490000,13.170000,11.370000,12.400000
01/02/2026,10.480000,11.010000,9.540000,9.880000
01/05/2026,9.690000,9.730000,8.570000,8.750000
01/06/2026,8.740000,8.850000,8.090000,8.340000
01/07/2026,8.670000,9.340000,8.150000,9.010000
01/08/2026,9.210000,9.390000,8.100000,8.400000
01/09/2026,8.190000,8.590000,6.750000,6.790000
01/12/2026,9.590000,9.590000,7.410000,7.660000
01/13/2026,7.660000,9.470000,7.550000,8.790000
01/14/2026,10.120000,12.100000,9.340000,9.750000
01/15/2026,8.090000,8.510000,7.390000,8.370000
01/16/2026,7.720000,9.000000,7.590000,8.580000
01/20/2026,17.020000,17.020000,11.970000,14.130000
01/21/2026,13.130000,14.010000,9.510000,10.330000
01/22/2026,8.770000,9.790000,7.840000,8.560000
01/23/2026,8.340000,8.890000,7.170000,8.330000
01/26/2026,8.880000,8.880000,6.970000,7.560000
01/27/2026,7.770000,7.820000,6.880000,7.730000
01/28/2026,7.580000,8.580000,7.020000,7.340000
01/29/2026,8.880000,13.210000,8.390000,8.630000
01/30/2026,10.390000,12.520000,8.890000,10.790000
02/02/2026,12.120000,12.120000,8.240000,8.770000
02/03/2026,8.920000,14.950000,8.650000,10.810000
02/04/2026,11.210000,15.780000,10.920000,11.880000
02/05/2026,17.360000,19.240000,14.550000,17.370000
02/06/2026,15.080000,15.470000,10.960000,11.860000
02/09/2026,15.600000,15.600000,10.280000,11.120000
02/10/2026,10.960000,12.920000,10.640000,12.560000
02/11/2026,10.610000,14.220000,10.530000,11.890000
02/12/2026,10.700000,16.580000,10.030000,15.840000
02/13/2026,15.630000,18.580000,13.210000,16.080000
02/17/2026,18.980000,20.160000,15.160000,16.230000
02/18/2026,16.050000,16.670000,13.660000,15.320000
02/19/2026,16.800000,18.070000,15.870000,16.480000
02/20/2026,18.380000,18.380000,13.700000,13.940000
02/23/2026,16.440000,19.360000,14.280000,17.150000
02/24/2026,18.330000,18.980000,13.720000,14.480000
02/25/2026,12.220000,13.130000,10.650000,10.730000
02/26/2026,11.450000,16.720000,11.310000,13.770000
02/27/2026,18.460000,18.830000,14.800000,15.010000
03/02/2026,23.670000,23.670000,15.700000,17.880000
03/03/2026,23.540000,29.120000,19.600000,22.360000
03/04/2026,20.330000,22.100000,16.710000,17.950000
03/05/2026,20.120000,27.310000,18.300000,22.970000
03/06/2026,30.370000,32.150000,25.640000,30.930000
03/09/2026,36.060000,36.060000,25.010000,27.830000
03/10/2026,26.420000,31.100000,22.630000,28.970000
03/11/2026,28.680000,31.930000,25.530000,29.180000
03/12/2026,32.560000,35.960000,31.070000,35.520000
03/13/2026,30.740000,37.740000,29.660000,37.210000
03/16/2026,33.610000,33.610000,28.140000,29.560000
03/17/2026,26.670000,30.790000,26.670000,29.500000
03/18/2026,31.000000,35.990000,30.120000,35.780000
03/19/2026,39.450000,39.660000,31.770000,33.030000
03/20/2026,34.650000,44.670000,34.170000,38.700000
03/23/2026,40.270000,40.330000,31.770000,37.610000
03/24/2026,40.050000,41.060000,35.460000,37.490000
03/25/2026,34.930000,38.290000,34.170000,34.760000
03/26/2026,36.630000,47.770000,21.950000,36.190000
03/27/2026,40.280000,42.990000,37.480000,41.680000
03/30/2026,38.730000,39.130000,35.600000,37.800000
03/31/2026,32.390000,34.380000,27.840000,28.110000
04/01/2026,26.330000,27.860000,23.810000,26.080000
04/02/2026,30.680000,31.210000,24.910000,25.000000
04/06/2026,27.060000,27.060000,22.350000,24.080000
04/07/2026,26.100000,30.780000,25.670000,25.700000
04/08/2026,15.120000,19.600000,15.020000,17.270000
04/09/2026,16.980000,17.230000,13.730000,14.250000
04/10/2026,13.320000,14.880000,12.550000,13.580000
04/13/2026,16.350000,16.350000,12.140000,12.390000
04/14/2026,11.590000,12.050000,10.690000,11.580000
04/15/2026,10.750000,11.800000,9.800000,11.050000
04/16/2026,11.170000,12.970000,10.670000,10.940000
04/17/2026,10.120000,11.640000,9.140000,10.840000
04/20/2026,13.050000,14.380000,11.680000,12.470000
04/21/2026,13.150000,15.450000,6.110000,12.750000
04/22/2026,12.090000,12.540000,11.110000,11.530000
04/23/2026,12.180000,16.680000,11.390000,12.680000
04/24/2026,12.040000,12.420000,10.140000,11.170000
04/27/2026,12.310000,12.310000,9.200000,9.200000
04/28/2026,11.090000,11.380000,10.060000,10.180000
04/29/2026,11.250000,11.780000,9.640000,11.280000
04/30/2026,12.380000,13.530000,10.580000,10.630000
05/01/2026,10.860000,12.380000,10.290000,12.130000
05/04/2026,13.910000,15.300000,11.180000,14.170000
05/05/2026,12.270000,12.550000,11.290000,11.960000
05/06/2026,10.710000,11.580000,10.280000,11.410000
05/07/2026,11.010000,12.090000,10.040000,10.900000
05/08/2026,10.640000,11.410000,9.970000,10.080000
05/11/2026,11.680000,11.680000,9.580000,10.650000
05/12/2026,11.410000,12.480000,10.380000,10.550000
05/13/2026,10.430000,10.880000,9.380000,9.440000
05/14/2026,9.270000,9.310000,8.060000,8.560000
05/15/2026,10.620000,11.130000,9.640000,10.830000
05/18/2026,11.160000,12.530000,10.070000,10.970000
05/19/2026,11.290000,12.900000,10.890000,12.310000
05/20/2026,12.160000,12.310000,10.520000,10.790000
05/21/2026,11.790000,12.220000,10.550000,10.820000
05/22/2026,10.540000,11.590000,10.360000,10.920000
05/26/2026,10.280000,10.630000,9.770000,10.160000
05/27/2026,9.790000,10.160000,8.990000,9.000000
05/28/2026,8.850000,9.180000,7.560000,8.140000
05/29/2026,7.760000,7.760000,6.310000,6.330000
06/01/2026,7.150000,7.170000,5.460000,6.020000
06/02/2026,6.230000,6.280000,5.660000,5.860000
06/03/2026,6.170000,6.980000,5.960000,6.320000
06/04/2026,7.470000,7.470000,6.420000,6.910000
06/05/2026,7.680000,14.600000,7.440000,14.520000
06/08/2026,10.570000,12.480000,10.120000,11.970000
06/09/2026,10.290000,19.650000,9.880000,13.650000
