DATE,OPEN,HIGH,LOW,CLOSE
01/03/2006,31.340000,31.340000,31.340000,31.340000
01/04/2006,31.120000,31.120000,31.120000,31.120000
01/05/2006,30.920000,30.920000,30.920000,30.920000
01/06/2006,30.240000,30.240000,30.240000,30.240000
01/09/2006,30.150000,30.150000,30.150000,30.150000
01/10/2006,29.900000,29.900000,29.900000,29.900000
01/11/2006,30.230000,30.230000,30.230000,30.230000
01/12/2006,30.570000,30.570000,30.570000,30.570000
01/13/2006,31.150000,31.150000,31.150000,31.150000
01/17/2006,32.280000,32.280000,32.280000,32.280000
01/18/2006,32.370000,32.370000,32.370000,32.370000
01/19/2006,32.120000,32.120000,32.120000,32.120000
01/20/2006,35.990000,35.990000,35.990000,35.990000
01/23/2006,36.490000,36.490000,36.490000,36.490000
01/24/2006,34.290000,34.290000,34.290000,34.290000
01/25/2006,33.680000,33.680000,33.680000,33.680000
01/26/2006,33.010000,33.010000,33.010000,33.010000
01/27/2006,30.830000,30.830000,30.830000,30.830000
01/30/2006,31.670000,31.670000,31.670000,31.670000
01/31/2006,32.480000,32.480000,32.480000,32.480000
02/01/2006,30.970000,30.970000,30.970000,30.970000
02/02/2006,33.010000,33.010000,33.010000,33.010000
02/03/2006,31.620000,31.620000,31.620000,31.620000
02/06/2006,30.340000,30.340000,30.340000,30.340000
02/07/2006,32.770000,32.770000,32.770000,32.770000
02/08/2006,31.220000,31.220000,31.220000,31.220000
02/09/2006,32.330000,32.330000,32.330000,32.330000
02/10/2006,31.850000,31.850000,31.850000,31.850000
02/13/2006,32.800000,32.800000,32.800000,32.800000
02/14/2006,30.880000,30.880000,30.880000,30.880000
02/15/2006,30.200000,30.200000,30.200000,30.200000
02/16/2006,27.900000,27.900000,27.900000,27.900000
02/17/2006,30.010000,30.010000,30.010000,30.010000
02/21/2006,31.380000,31.380000,31.380000,31.380000
02/22/2006,30.020000,30.020000,30.020000,30.020000
02/23/2006,30.150000,30.150000,30.150000,30.150000
02/24/2006,30.190000,30.190000,30.190000,30.190000
02/27/2006,30.710000,30.710000,30.710000,30.710000
02/28/2006,33.760000,33.760000,33.760000,33.760000
03/01/2006,31.120000,31.120000,31.120000,31.120000
03/02/2006,30.930000,30.930000,30.930000,30.930000
03/03/2006,31.680000,31.680000,31.680000,31.680000
03/06/2006,34.220000,34.220000,34.220000,34.220000
03/07/2006,35.410000,35.410000,35.410000,35.410000
03/08/2006,35.100000,35.100000,35.100000,35.100000
03/09/2006,36.990000,36.990000,36.990000,36.990000
03/10/2006,35.130000,35.130000,35.130000,35.130000
03/13/2006,33.400000,33.400000,33.400000,33.400000
03/14/2006,32.270000,32.270000,32.270000,32.270000
03/15/2006,32.600000,32.600000,32.600000,32.600000
03/16/2006,32.890000,32.890000,32.890000,32.890000
03/17/2006,34.520000,34.520000,34.520000,34.520000
03/20/2006,37.100000,37.100000,37.100000,37.100000
03/21/2006,35.320000,35.320000,35.320000,35.320000
03/22/2006,36.010000,36.010000,36.010000,36.010000
03/23/2006,35.860000,35.860000,35.860000,35.860000
03/24/2006,35.520000,35.520000,35.520000,35.520000
03/27/2006,35.700000,35.700000,35.700000,35.700000
03/28/2006,33.910000,33.910000,33.910000,33.910000
03/29/2006,31.500000,31.500000,31.500000,31.500000
03/30/2006,33.530000,33.530000,33.530000,33.530000
03/31/2006,33.860000,33.860000,33.860000,33.860000
04/03/2006,31.910000,31.910000,31.910000,31.910000
04/04/2006,30.340000,30.340000,30.340000,30.340000
04/05/2006,30.640000,30.640000,30.640000,30.640000
04/06/2006,29.380000,29.380000,29.380000,29.380000
04/07/2006,31.890000,31.890000,31.890000,31.890000
04/10/2006,31.700000,31.700000,31.700000,31.700000
04/11/2006,34.800000,34.800000,34.800000,34.800000
04/12/2006,34.650000,34.650000,34.650000,34.650000
04/13/2006,34.280000,34.280000,34.280000,34.280000
04/17/2006,33.540000,33.540000,33.540000,33.540000
04/18/2006,29.770000,29.770000,29.770000,29.770000
04/19/2006,28.840000,28.840000,28.840000,28.840000
04/20/2006,28.920000,28.920000,28.920000,28.920000
04/21/2006,29.540000,29.540000,29.540000,29.540000
04/24/2006,28.560000,28.560000,28.560000,28.560000
04/25/2006,29.300000,29.300000,29.300000,29.300000
04/26/2006,31.300000,31.300000,31.300000,31.300000
04/27/2006,30.360000,30.360000,30.360000,30.360000
04/28/2006,30.030000,30.030000,30.030000,30.030000
05/01/2006,31.870000,31.870000,31.870000,31.870000
05/02/2006,30.430000,30.430000,30.430000,30.430000
05/03/2006,30.300000,30.300000,30.300000,30.300000
05/04/2006,29.630000,29.630000,29.630000,29.630000
05/05/2006,28.720000,28.720000,28.720000,28.720000
05/08/2006,30.590000,30.590000,30.590000,30.590000
05/09/2006,29.750000,29.750000,29.750000,29.750000
05/10/2006,29.650000,29.650000,29.650000,29.650000
05/11/2006,30.930000,30.930000,30.930000,30.930000
05/12/2006,34.720000,34.720000,34.720000,34.720000
05/15/2006,33.130000,33.130000,33.130000,33.130000
05/16/2006,32.780000,32.780000,32.780000,32.780000
05/17/2006,40.580000,40.580000,40.580000,40.580000
05/19/2006,36.690000,36.690000,36.690000,36.690000
05/22/2006,38.020000,38.020000,38.020000,38.020000
05/23/2006,41.400000,41.400000,41.400000,41.400000
05/24/2006,37.470000,37.470000,37.470000,37.470000
05/25/2006,35.360000,35.360000,35.360000,35.360000
05/26/2006,33.730000,33.730000,33.730000,33.730000
05/30/2006,43.990000,43.990000,43.990000,43.990000
05/31/2006,38.230000,38.230000,38.230000,38.230000
06/01/2006,33.830000,33.830000,33.830000,33.830000
06/02/2006,35.320000,35.320000,35.320000,35.320000
06/05/2006,40.520000,40.520000,40.520000,40.520000
06/06/2006,42.340000,42.340000,42.340000,42.340000
06/07/2006,45.210000,45.210000,45.210000,45.210000
06/08/2006,46.020000,46.020000,46.020000,46.020000
06/09/2006,44.830000,44.830000,44.830000,44.830000
06/12/2006,49.860000,49.860000,49.860000,49.860000
06/13/2006,52.950000,52.950000,52.950000,52.950000
06/14/2006,46.020000,46.020000,46.020000,46.020000
06/15/2006,33.140000,33.140000,33.140000,33.140000
06/16/2006,38.640000,38.640000,38.640000,38.640000
06/19/2006,44.550000,44.550000,44.550000,44.550000
06/20/2006,42.070000,42.070000,42.070000,42.070000
06/21/2006,37.370000,37.370000,37.370000,37.370000
06/22/2006,39.260000,39.260000,39.260000,39.260000
06/23/2006,40.260000,40.260000,40.260000,40.260000
06/26/2006,37.440000,37.440000,37.440000,37.440000
06/27/2006,40.090000,40.090000,40.090000,40.090000
06/28/2006,38.890000,38.890000,38.890000,38.890000
06/29/2006,31.070000,31.070000,31.070000,31.070000
06/30/2006,33.720000,33.720000,33.720000,33.720000
07/03/2006,32.920000,32.920000,32.920000,32.920000
07/05/2006,36.250000,36.250000,36.250000,36.250000
07/06/2006,36.410000,36.410000,36.410000,36.410000
07/07/2006,38.710000,38.710000,38.710000,38.710000
07/10/2006,37.690000,37.690000,37.690000,37.690000
07/11/2006,35.390000,35.390000,35.390000,35.390000
07/12/2006,38.650000,38.650000,38.650000,38.650000
07/13/2006,45.950000,45.950000,45.950000,45.950000
07/14/2006,44.180000,44.180000,44.180000,44.180000
07/17/2006,44.900000,44.900000,44.900000,44.900000
07/18/2006,41.800000,41.800000,41.800000,41.800000
07/19/2006,38.170000,38.170000,38.170000,38.170000
07/20/2006,41.100000,41.100000,41.100000,41.100000
07/21/2006,46.100000,46.100000,46.100000,46.100000
07/24/2006,38.550000,38.550000,38.550000,38.550000
07/25/2006,37.970000,37.970000,37.970000,37.970000
07/26/2006,37.410000,37.410000,37.410000,37.410000
07/27/2006,38.220000,38.220000,38.220000,38.220000
07/28/2006,38.070000,38.070000,38.070000,38.070000
07/31/2006,38.660000,38.660000,38.660000,38.660000
08/01/2006,38.440000,38.440000,38.440000,38.440000
08/02/2006,36.410000,36.410000,36.410000,36.410000
08/03/2006,36.110000,36.110000,36.110000,36.110000
08/04/2006,36.810000,36.810000,36.810000,36.810000
08/07/2006,38.470000,38.470000,38.470000,38.470000
08/08/2006,39.420000,39.420000,39.420000,39.420000
08/09/2006,40.510000,40.510000,40.510000,40.510000
08/10/2006,37.680000,37.680000,37.680000,37.680000
08/11/2006,38.110000,38.110000,38.110000,38.110000
08/14/2006,38.280000,38.280000,38.280000,38.280000
08/15/2006,36.960000,36.960000,36.960000,36.960000
08/16/2006,33.570000,33.570000,33.570000,33.570000
08/17/2006,31.580000,31.580000,31.580000,31.580000
08/18/2006,30.430000,30.430000,30.430000,30.430000
08/21/2006,32.200000,32.200000,32.200000,32.200000
08/22/2006,33.540000,33.540000,33.540000,33.540000
08/23/2006,34.260000,34.260000,34.260000,34.260000
08/24/2006,34.440000,34.440000,34.440000,34.440000
08/25/2006,33.760000,33.760000,33.760000,33.760000
08/28/2006,32.750000,32.750000,32.750000,32.750000
08/29/2006,32.190000,32.190000,32.190000,32.190000
08/30/2006,32.130000,32.130000,32.130000,32.130000
08/31/2006,32.900000,32.900000,32.900000,32.900000
09/01/2006,32.230000,32.230000,32.230000,32.230000
09/05/2006,32.960000,32.960000,32.960000,32.960000
09/06/2006,36.910000,36.910000,36.910000,36.910000
09/07/2006,36.490000,36.490000,36.490000,36.490000
09/08/2006,34.730000,34.730000,34.730000,34.730000
09/11/2006,34.380000,34.380000,34.380000,34.380000
09/12/2006,33.100000,33.100000,33.100000,33.100000
09/13/2006,31.930000,31.930000,31.930000,31.930000
09/14/2006,33.760000,33.760000,33.760000,33.760000
09/15/2006,33.060000,33.060000,33.060000,33.060000
09/18/2006,33.510000,33.510000,33.510000,33.510000
09/19/2006,34.930000,34.930000,34.930000,34.930000
09/20/2006,35.200000,35.200000,35.200000,35.200000
09/21/2006,36.230000,36.230000,36.230000,36.230000
09/22/2006,35.490000,35.490000,35.490000,35.490000
09/25/2006,35.030000,35.030000,35.030000,35.030000
09/26/2006,32.070000,32.070000,32.070000,32.070000
09/27/2006,33.360000,33.360000,33.360000,33.360000
09/28/2006,33.190000,33.190000,33.190000,33.190000
09/29/2006,34.540000,34.540000,34.540000,34.540000
10/02/2006,34.860000,34.860000,34.860000,34.860000
10/03/2006,34.490000,34.490000,34.490000,34.490000
10/04/2006,33.790000,33.790000,33.790000,33.790000
10/05/2006,34.530000,34.530000,34.530000,34.530000
10/06/2006,32.490000,32.490000,32.490000,32.490000
10/09/2006,31.770000,31.770000,31.770000,31.770000
10/10/2006,31.410000,31.410000,31.410000,31.410000
10/11/2006,31.820000,31.820000,31.820000,31.820000
10/12/2006,29.750000,29.750000,29.750000,29.750000
10/13/2006,28.470000,28.470000,28.470000,28.470000
10/16/2006,28.590000,28.590000,28.590000,28.590000
10/17/2006,31.300000,31.300000,31.300000,31.300000
10/18/2006,32.010000,32.010000,32.010000,32.010000
10/19/2006,31.700000,31.700000,31.700000,31.700000
10/20/2006,30.610000,30.610000,30.610000,30.610000
10/23/2006,29.420000,29.420000,29.420000,29.420000
10/24/2006,29.010000,29.010000,29.010000,29.010000
10/25/2006,28.310000,28.310000,28.310000,28.310000
10/26/2006,27.870000,27.870000,27.870000,27.870000
10/27/2006,29.560000,29.560000,29.560000,29.560000
10/30/2006,29.990000,29.990000,29.990000,29.990000
10/31/2006,29.450000,29.450000,29.450000,29.450000
11/01/2006,31.470000,31.470000,31.470000,31.470000
11/02/2006,32.020000,32.020000,32.020000,32.020000
11/03/2006,31.370000,31.370000,31.370000,31.370000
11/06/2006,29.680000,29.680000,29.680000,29.680000
11/07/2006,29.040000,29.040000,29.040000,29.040000
11/08/2006,28.010000,28.010000,28.010000,28.010000
11/09/2006,28.690000,28.690000,28.690000,28.690000
11/10/2006,28.490000,28.490000,28.490000,28.490000
11/13/2006,28.430000,28.430000,28.430000,28.430000
11/14/2006,26.900000,26.900000,26.900000,26.900000
11/15/2006,26.350000,26.350000,26.350000,26.350000
11/16/2006,25.990000,25.990000,25.990000,25.990000
11/17/2006,26.250000,26.250000,26.250000,26.250000
11/21/2006,28.720000,28.720000,28.720000,28.720000
11/22/2006,31.180000,31.180000,31.180000,31.180000
11/24/2006,33.100000,33.100000,33.100000,33.100000
11/27/2006,35.240000,35.240000,35.240000,35.240000
11/28/2006,32.490000,32.490000,32.490000,32.490000
11/29/2006,29.840000,29.840000,29.840000,29.840000
11/30/2006,29.180000,29.180000,29.180000,29.180000
12/01/2006,30.050000,30.050000,30.050000,30.050000
12/04/2006,28.150000,28.150000,28.150000,28.150000
12/05/2006,28.480000,28.480000,28.480000,28.480000
12/06/2006,28.790000,28.790000,28.790000,28.790000
12/07/2006,32.740000,32.740000,32.740000,32.740000
12/08/2006,31.160000,31.160000,31.160000,31.160000
12/11/2006,30.240000,30.240000,30.240000,30.240000
12/12/2006,30.610000,30.610000,30.610000,30.610000
12/13/2006,29.880000,29.880000,29.880000,29.880000
12/14/2006,29.370000,29.370000,29.370000,29.370000
12/15/2006,30.670000,30.670000,30.670000,30.670000
12/18/2006,29.360000,29.360000,29.360000,29.360000
12/19/2006,29.250000,29.250000,29.250000,29.250000
12/20/2006,28.620000,28.620000,28.620000,28.620000
12/21/2006,29.840000,29.840000,29.840000,29.840000
12/22/2006,31.510000,31.510000,31.510000,31.510000
12/26/2006,29.950000,29.950000,29.950000,29.950000
12/27/2006,29.650000,29.650000,29.650000,29.650000
12/28/2006,30.630000,30.630000,30.630000,30.630000
12/29/2006,33.260000,33.260000,33.260000,33.260000
01/03/2007,32.410000,32.410000,32.410000,32.410000
01/04/2007,30.220000,30.220000,30.220000,30.220000
01/05/2007,32.010000,32.010000,32.010000,32.010000
01/08/2007,30.720000,30.720000,30.720000,30.720000
01/09/2007,30.990000,30.990000,30.990000,30.990000
01/10/2007,29.680000,29.680000,29.680000,29.680000
01/11/2007,28.340000,28.340000,28.340000,28.340000
01/12/2007,26.400000,26.400000,26.400000,26.400000
01/16/2007,26.800000,26.800000,26.800000,26.800000
01/17/2007,27.080000,27.080000,27.080000,27.080000
01/18/2007,27.750000,27.750000,27.750000,27.750000
01/19/2007,27.800000,27.800000,27.800000,27.800000
01/22/2007,28.820000,28.820000,28.820000,28.820000
01/23/2007,27.380000,27.380000,27.380000,27.380000
01/24/2007,26.020000,26.020000,26.020000,26.020000
01/25/2007,29.650000,29.650000,29.650000,29.650000
01/26/2007,29.370000,29.370000,29.370000,29.370000
01/29/2007,29.420000,29.420000,29.420000,29.420000
01/30/2007,28.210000,28.210000,28.210000,28.210000
01/31/2007,26.840000,26.840000,26.840000,26.840000
02/01/2007,27.390000,27.390000,27.390000,27.390000
02/02/2007,27.220000,27.220000,27.220000,27.220000
02/05/2007,27.900000,27.900000,27.900000,27.900000
02/06/2007,28.150000,28.150000,28.150000,28.150000
02/07/2007,27.920000,27.920000,27.920000,27.920000
02/08/2007,28.790000,28.790000,28.790000,28.790000
02/09/2007,30.810000,30.810000,30.810000,30.810000
02/12/2007,32.040000,32.040000,32.040000,32.040000
02/13/2007,28.810000,28.810000,28.810000,28.810000
02/14/2007,28.590000,28.590000,28.590000,28.590000
02/15/2007,28.760000,28.760000,28.760000,28.760000
02/16/2007,28.970000,28.970000,28.970000,28.970000
02/20/2007,30.890000,30.890000,30.890000,30.890000
02/21/2007,31.220000,31.220000,31.220000,31.220000
02/22/2007,31.080000,31.080000,31.080000,31.080000
02/23/2007,32.810000,32.810000,32.810000,32.810000
02/26/2007,33.190000,33.190000,33.190000,33.190000
02/27/2007,50.580000,50.580000,50.580000,50.580000
02/28/2007,40.160000,40.160000,40.160000,40.160000
03/01/2007,37.640000,37.640000,37.640000,37.640000
03/02/2007,45.050000,45.050000,45.050000,45.050000
03/05/2007,46.620000,46.620000,46.620000,46.620000
03/06/2007,38.700000,38.700000,38.700000,38.700000
03/07/2007,38.640000,38.640000,38.640000,38.640000
03/08/2007,36.400000,36.400000,36.400000,36.400000
03/09/2007,35.900000,35.900000,35.900000,35.900000
03/12/2007,34.950000,34.950000,34.950000,34.950000
03/13/2007,45.420000,45.420000,45.420000,45.420000
03/14/2007,40.150000,40.150000,40.150000,40.150000
03/15/2007,41.190000,41.190000,41.190000,41.190000
03/16/2007,43.600000,43.600000,43.600000,43.600000
03/19/2007,38.180000,38.180000,38.180000,38.180000
03/20/2007,36.210000,36.210000,36.210000,36.210000
03/21/2007,31.620000,31.620000,31.620000,31.620000
03/22/2007,33.800000,33.800000,33.800000,33.800000
03/23/2007,34.810000,34.810000,34.810000,34.810000
03/26/2007,35.140000,35.140000,35.140000,35.140000
03/27/2007,36.040000,36.040000,36.040000,36.040000
03/28/2007,40.450000,40.450000,40.450000,40.450000
03/29/2007,42.490000,42.490000,42.490000,42.490000
03/30/2007,40.970000,40.970000,40.970000,40.970000
04/03/2007,36.380000,36.380000,36.380000,36.380000
04/04/2007,36.770000,36.770000,36.770000,36.770000
04/05/2007,37.150000,37.150000,37.150000,37.150000
04/09/2007,36.220000,36.220000,36.220000,36.220000
04/10/2007,36.690000,36.690000,36.690000,36.690000
04/11/2007,37.930000,37.930000,37.930000,37.930000
04/12/2007,36.790000,36.790000,36.790000,36.790000
04/13/2007,34.740000,34.740000,34.740000,34.740000
04/16/2007,33.950000,33.950000,33.950000,33.950000
04/17/2007,33.630000,33.630000,33.630000,33.630000
04/18/2007,35.390000,35.390000,35.390000,35.390000
04/19/2007,35.950000,35.950000,35.950000,35.950000
04/20/2007,35.330000,35.330000,35.330000,35.330000
04/23/2007,36.890000,36.890000,36.890000,36.890000
04/24/2007,37.150000,37.150000,37.150000,37.150000
04/25/2007,37.430000,37.430000,37.430000,37.430000
04/26/2007,35.880000,35.880000,35.880000,35.880000
04/27/2007,35.260000,35.260000,35.260000,35.260000
04/30/2007,40.760000,40.760000,40.760000,40.760000
05/01/2007,38.170000,38.170000,38.170000,38.170000
05/02/2007,37.410000,37.410000,37.410000,37.410000
05/03/2007,37.620000,37.620000,37.620000,37.620000
05/04/2007,37.030000,37.030000,37.030000,37.030000
05/07/2007,36.690000,36.690000,36.690000,36.690000
05/08/2007,37.410000,37.410000,37.410000,37.410000
05/09/2007,36.590000,36.590000,36.590000,36.590000
05/10/2007,38.540000,38.540000,38.540000,38.540000
05/11/2007,37.450000,37.450000,37.450000,37.450000
05/14/2007,39.900000,39.900000,39.900000,39.900000
05/15/2007,40.430000,40.430000,40.430000,40.430000
05/16/2007,39.320000,39.320000,39.320000,39.320000
05/17/2007,39.100000,39.100000,39.100000,39.100000
05/18/2007,35.700000,35.700000,35.700000,35.700000
05/21/2007,37.430000,37.430000,37.430000,37.430000
05/22/2007,37.190000,37.190000,37.190000,37.190000
05/23/2007,37.630000,37.630000,37.630000,37.630000
05/24/2007,41.170000,41.170000,41.170000,41.170000
05/25/2007,39.560000,39.560000,39.560000,39.560000
05/29/2007,38.190000,38.190000,38.190000,38.190000
05/30/2007,36.550000,36.550000,36.550000,36.550000
05/31/2007,36.870000,36.870000,36.870000,36.870000
06/01/2007,36.340000,36.340000,36.340000,36.340000
06/04/2007,36.760000,36.760000,36.760000,36.760000
06/05/2007,37.620000,37.620000,37.620000,37.620000
06/06/2007,40.860000,40.860000,40.860000,40.860000
06/07/2007,44.600000,44.600000,44.600000,44.600000
06/08/2007,37.790000,37.790000,37.790000,37.790000
06/11/2007,38.350000,38.350000,38.350000,38.350000
06/12/2007,42.950000,42.950000,42.950000,42.950000
06/14/2007,37.280000,37.280000,37.280000,37.280000
06/15/2007,40.330000,40.330000,40.330000,40.330000
06/18/2007,38.400000,38.400000,38.400000,38.400000
06/19/2007,36.380000,36.380000,36.380000,36.380000
06/20/2007,42.040000,42.040000,42.040000,42.040000
06/21/2007,40.700000,40.700000,40.700000,40.700000
06/22/2007,41.360000,41.360000,41.360000,41.360000
06/25/2007,43.270000,43.270000,43.270000,43.270000
06/26/2007,51.130000,51.130000,51.130000,51.130000
06/27/2007,41.970000,41.970000,41.970000,41.970000
06/28/2007,43.130000,43.130000,43.130000,43.130000
06/29/2007,44.290000,44.290000,44.290000,44.290000
07/03/2007,41.590000,41.590000,41.590000,41.590000
07/05/2007,42.070000,42.070000,42.070000,42.070000
07/06/2007,40.070000,40.070000,40.070000,40.070000
07/09/2007,40.360000,40.360000,40.360000,40.360000
07/10/2007,44.830000,44.830000,44.830000,44.830000
07/11/2007,42.290000,42.290000,42.290000,42.290000
07/12/2007,41.120000,41.120000,41.120000,41.120000
07/13/2007,41.770000,41.770000,41.770000,41.770000
07/16/2007,40.630000,40.630000,40.630000,40.630000
07/17/2007,40.880000,40.880000,40.880000,40.880000
07/18/2007,41.730000,41.730000,41.730000,41.730000
07/19/2007,39.370000,39.370000,39.370000,39.370000
07/20/2007,42.870000,42.870000,42.870000,42.870000
07/23/2007,42.010000,42.010000,42.010000,42.010000
07/24/2007,45.800000,45.800000,45.800000,45.800000
07/25/2007,44.440000,44.440000,44.440000,44.440000
07/26/2007,42.830000,42.830000,42.830000,42.830000
07/27/2007,50.150000,50.150000,50.150000,50.150000
07/30/2007,42.500000,42.500000,42.500000,42.500000
07/31/2007,49.220000,49.220000,49.220000,49.220000
08/01/2007,45.930000,45.930000,45.930000,45.930000
08/02/2007,42.400000,42.400000,42.400000,42.400000
08/03/2007,47.910000,47.910000,47.910000,47.910000
08/06/2007,42.910000,42.910000,42.910000,42.910000
08/07/2007,44.770000,44.770000,44.770000,44.770000
08/08/2007,46.380000,46.380000,46.380000,46.380000
08/09/2007,52.770000,52.770000,52.770000,52.770000
08/10/2007,54.670000,54.670000,54.670000,54.670000
08/13/2007,49.430000,49.430000,49.430000,49.430000
08/14/2007,51.400000,51.400000,51.400000,51.400000
08/15/2007,56.800000,56.800000,56.800000,56.800000
08/16/2007,61.610000,61.610000,61.610000,61.610000
08/17/2007,58.250000,58.250000,58.250000,58.250000
08/20/2007,56.380000,56.380000,56.380000,56.380000
08/21/2007,55.830000,55.830000,55.830000,55.830000
08/22/2007,52.580000,52.580000,52.580000,52.580000
08/23/2007,53.470000,53.470000,53.470000,53.470000
08/24/2007,50.970000,50.970000,50.970000,50.970000
08/27/2007,54.830000,54.830000,54.830000,54.830000
08/28/2007,61.650000,61.650000,61.650000,61.650000
08/29/2007,57.930000,57.930000,57.930000,57.930000
08/30/2007,58.430000,58.430000,58.430000,58.430000
08/31/2007,57.050000,57.050000,57.050000,57.050000
09/04/2007,54.810000,54.810000,54.810000,54.810000
09/05/2007,57.440000,57.440000,57.440000,57.440000
09/06/2007,57.820000,57.820000,57.820000,57.820000
09/07/2007,60.190000,60.190000,60.190000,60.190000
09/10/2007,61.480000,61.480000,61.480000,61.480000
09/11/2007,58.310000,58.310000,58.310000,58.310000
09/12/2007,57.220000,57.220000,57.220000,57.220000
09/13/2007,59.780000,59.780000,59.780000,59.780000
09/14/2007,59.750000,59.750000,59.750000,59.750000
09/17/2007,61.090000,61.090000,61.090000,61.090000
09/18/2007,52.590000,52.590000,52.590000,52.590000
09/19/2007,49.970000,49.970000,49.970000,49.970000
09/20/2007,50.810000,50.810000,50.810000,50.810000
09/21/2007,49.550000,49.550000,49.550000,49.550000
09/24/2007,47.230000,47.230000,47.230000,47.230000
09/25/2007,46.190000,46.190000,46.190000,46.190000
09/26/2007,44.740000,44.740000,44.740000,44.740000
09/27/2007,42.630000,42.630000,42.630000,42.630000
09/28/2007,46.350000,46.350000,46.350000,46.350000
10/01/2007,46.240000,46.240000,46.240000,46.240000
10/02/2007,47.380000,47.380000,47.380000,47.380000
10/03/2007,48.670000,48.670000,48.670000,48.670000
10/04/2007,47.350000,47.350000,47.350000,47.350000
10/05/2007,43.500000,43.500000,43.500000,43.500000
10/08/2007,43.890000,43.890000,43.890000,43.890000
10/09/2007,40.140000,40.140000,40.140000,40.140000
10/10/2007,41.660000,41.660000,41.660000,41.660000
10/11/2007,45.810000,45.810000,45.810000,45.810000
10/12/2007,43.890000,43.890000,43.890000,43.890000
10/15/2007,45.470000,45.470000,45.470000,45.470000
10/16/2007,48.130000,48.130000,48.130000,48.130000
10/17/2007,44.370000,44.370000,44.370000,44.370000
10/18/2007,43.680000,43.680000,43.680000,43.680000
10/19/2007,51.110000,51.110000,51.110000,51.110000
10/22/2007,49.470000,49.470000,49.470000,49.470000
10/23/2007,47.740000,47.740000,47.740000,47.740000
10/24/2007,46.810000,46.810000,46.810000,46.810000
10/25/2007,44.920000,44.920000,44.920000,44.920000
10/26/2007,41.500000,41.500000,41.500000,41.500000
10/29/2007,42.750000,42.750000,42.750000,42.750000
10/30/2007,45.210000,45.210000,45.210000,45.210000
10/31/2007,39.820000,39.820000,39.820000,39.820000
11/01/2007,46.190000,46.190000,46.190000,46.190000
11/02/2007,45.550000,45.550000,45.550000,45.550000
11/05/2007,46.830000,46.830000,46.830000,46.830000
11/06/2007,43.310000,43.310000,43.310000,43.310000
11/07/2007,49.730000,49.730000,49.730000,49.730000
11/08/2007,48.370000,48.370000,48.370000,48.370000
11/09/2007,51.250000,51.250000,51.250000,51.250000
11/12/2007,52.750000,52.750000,52.750000,52.750000
11/13/2007,45.500000,45.500000,45.500000,45.500000
11/14/2007,49.140000,49.140000,49.140000,49.140000
11/15/2007,53.440000,53.440000,53.440000,53.440000
11/16/2007,56.070000,56.070000,56.070000,56.070000
11/19/2007,54.040000,54.040000,54.040000,54.040000
11/20/2007,51.170000,51.170000,51.170000,51.170000
11/21/2007,54.120000,54.120000,54.120000,54.120000
11/23/2007,49.990000,49.990000,49.990000,49.990000
11/26/2007,55.580000,55.580000,55.580000,55.580000
11/27/2007,53.210000,53.210000,53.210000,53.210000
11/28/2007,50.670000,50.670000,50.670000,50.670000
11/29/2007,51.680000,51.680000,51.680000,51.680000
11/30/2007,52.470000,52.470000,52.470000,52.470000
12/03/2007,51.260000,51.260000,51.260000,51.260000
12/04/2007,53.830000,53.830000,53.830000,53.830000
12/05/2007,50.840000,50.840000,50.840000,50.840000
12/06/2007,48.340000,48.340000,48.340000,48.340000
12/07/2007,49.880000,49.880000,49.880000,49.880000
12/10/2007,49.270000,49.270000,49.270000,49.270000
12/11/2007,57.340000,57.340000,57.340000,57.340000
12/12/2007,51.510000,51.510000,51.510000,51.510000
12/13/2007,52.430000,52.430000,52.430000,52.430000
12/14/2007,53.510000,53.510000,53.510000,53.510000
12/17/2007,57.520000,57.520000,57.520000,57.520000
12/18/2007,53.240000,53.240000,53.240000,53.240000
12/19/2007,51.450000,51.450000,51.450000,51.450000
12/20/2007,48.510000,48.510000,48.510000,48.510000
12/21/2007,44.880000,44.880000,44.880000,44.880000
12/24/2007,43.710000,43.710000,43.710000,43.710000
12/26/2007,44.240000,44.240000,44.240000,44.240000
12/27/2007,48.750000,48.750000,48.750000,48.750000
12/28/2007,52.900000,52.900000,52.900000,52.900000
12/31/2007,55.020000,55.020000,55.020000,55.020000
01/02/2008,53.730000,53.730000,53.730000,53.730000
01/03/2008,50.790000,50.790000,50.790000,50.790000
01/04/2008,52.620000,52.620000,52.620000,52.620000
01/07/2008,51.020000,51.020000,51.020000,51.020000
01/08/2008,54.210000,54.210000,54.210000,54.210000
01/09/2008,50.810000,50.810000,50.810000,50.810000
01/10/2008,50.480000,50.480000,50.480000,50.480000
01/11/2008,49.970000,49.970000,49.970000,49.970000
01/14/2008,48.520000,48.520000,48.520000,48.520000
01/15/2008,49.530000,49.530000,49.530000,49.530000
01/16/2008,49.150000,49.150000,49.150000,49.150000
01/17/2008,53.540000,53.540000,53.540000,53.540000
01/18/2008,51.580000,51.580000,51.580000,51.580000
01/22/2008,53.830000,53.830000,53.830000,53.830000
01/23/2008,48.930000,48.930000,48.930000,48.930000
01/24/2008,50.340000,50.340000,50.340000,50.340000
01/25/2008,53.280000,53.280000,53.280000,53.280000
01/28/2008,52.070000,52.070000,52.070000,52.070000
01/29/2008,54.040000,54.040000,54.040000,54.040000
01/30/2008,57.680000,57.680000,57.680000,57.680000
01/31/2008,51.540000,51.540000,51.540000,51.540000
02/01/2008,48.520000,48.520000,48.520000,48.520000
02/04/2008,51.080000,51.080000,51.080000,51.080000
02/05/2008,52.120000,52.120000,52.120000,52.120000
02/06/2008,54.610000,54.610000,54.610000,54.610000
02/07/2008,51.190000,51.190000,51.190000,51.190000
02/08/2008,52.160000,52.160000,52.160000,52.160000
02/11/2008,50.340000,50.340000,50.340000,50.340000
02/12/2008,48.640000,48.640000,48.640000,48.640000
02/13/2008,48.460000,48.460000,48.460000,48.460000
02/14/2008,49.040000,49.040000,49.040000,49.040000
02/15/2008,50.410000,50.410000,50.410000,50.410000
02/19/2008,50.900000,50.900000,50.900000,50.900000
02/20/2008,51.120000,51.120000,51.120000,51.120000
02/21/2008,52.470000,52.470000,52.470000,52.470000
02/22/2008,49.860000,49.860000,49.860000,49.860000
02/25/2008,49.710000,49.710000,49.710000,49.710000
02/26/2008,48.580000,48.580000,48.580000,48.580000
02/27/2008,51.330000,51.330000,51.330000,51.330000
02/28/2008,50.650000,50.650000,50.650000,50.650000
02/29/2008,54.200000,54.200000,54.200000,54.200000
03/03/2008,51.240000,51.240000,51.240000,51.240000
03/04/2008,50.190000,50.190000,50.190000,50.190000
03/05/2008,48.820000,48.820000,48.820000,48.820000
03/06/2008,53.490000,53.490000,53.490000,53.490000
03/07/2008,51.780000,51.780000,51.780000,51.780000
03/10/2008,52.430000,52.430000,52.430000,52.430000
03/11/2008,51.200000,51.200000,51.200000,51.200000
03/12/2008,54.670000,54.670000,54.670000,54.670000
03/13/2008,53.490000,53.490000,53.490000,53.490000
03/14/2008,54.570000,54.570000,54.570000,54.570000
03/17/2008,51.380000,51.380000,51.380000,51.380000
03/18/2008,48.520000,48.520000,48.520000,48.520000
03/19/2008,54.780000,54.780000,54.780000,54.780000
03/20/2008,53.240000,53.240000,53.240000,53.240000
03/24/2008,50.210000,50.210000,50.210000,50.210000
03/25/2008,51.580000,51.580000,51.580000,51.580000
03/26/2008,53.290000,53.290000,53.290000,53.290000
03/27/2008,50.970000,50.970000,50.970000,50.970000
03/28/2008,50.580000,50.580000,50.580000,50.580000
03/31/2008,48.160000,48.160000,48.160000,48.160000
04/02/2008,48.130000,48.130000,48.130000,48.130000
04/03/2008,48.420000,48.420000,48.420000,48.420000
04/04/2008,46.640000,46.640000,46.640000,46.640000
04/07/2008,45.810000,45.810000,45.810000,45.810000
04/08/2008,44.790000,44.790000,44.790000,44.790000
04/09/2008,45.360000,45.360000,45.360000,45.360000
04/10/2008,44.510000,44.510000,44.510000,44.510000
04/11/2008,45.990000,45.990000,45.990000,45.990000
04/14/2008,45.700000,45.700000,45.700000,45.700000
04/15/2008,45.040000,45.040000,45.040000,45.040000
04/16/2008,41.780000,41.780000,41.780000,41.780000
04/17/2008,41.810000,41.810000,41.810000,41.810000
04/18/2008,42.500000,42.500000,42.500000,42.500000
04/21/2008,43.410000,43.410000,43.410000,43.410000
04/22/2008,43.420000,43.420000,43.420000,43.420000
04/23/2008,44.220000,44.220000,44.220000,44.220000
04/24/2008,45.130000,45.130000,45.130000,45.130000
04/25/2008,44.200000,44.200000,44.200000,44.200000
04/28/2008,42.730000,42.730000,42.730000,42.730000
04/29/2008,44.950000,44.950000,44.950000,44.950000
04/30/2008,48.000000,48.000000,48.000000,48.000000
05/01/2008,41.600000,41.600000,41.600000,41.600000
05/02/2008,39.830000,39.830000,39.830000,39.830000
05/05/2008,40.820000,40.820000,40.820000,40.820000
05/06/2008,39.660000,39.660000,39.660000,39.660000
05/07/2008,41.570000,41.570000,41.570000,41.570000
05/08/2008,41.900000,41.900000,41.900000,41.900000
05/09/2008,41.340000,41.340000,41.340000,41.340000
05/12/2008,39.510000,39.510000,39.510000,39.510000
05/13/2008,39.790000,39.790000,39.790000,39.790000
05/14/2008,39.630000,39.630000,39.630000,39.630000
05/15/2008,37.970000,37.970000,37.970000,37.970000
05/16/2008,38.790000,38.790000,38.790000,38.790000
05/19/2008,39.480000,39.480000,39.480000,39.480000
05/20/2008,39.990000,39.990000,39.990000,39.990000
05/21/2008,41.000000,41.000000,41.000000,41.000000
05/22/2008,40.650000,40.650000,40.650000,40.650000
05/23/2008,42.140000,42.140000,42.140000,42.140000
05/27/2008,41.370000,41.370000,41.370000,41.370000
05/28/2008,40.110000,40.110000,40.110000,40.110000
05/29/2008,39.340000,39.340000,39.340000,39.340000
05/30/2008,39.070000,39.070000,39.070000,39.070000
06/02/2008,41.000000,41.000000,41.000000,41.000000
06/03/2008,41.250000,41.250000,41.250000,41.250000
06/04/2008,42.340000,42.340000,42.340000,42.340000
06/05/2008,37.800000,37.800000,37.800000,37.800000
06/06/2008,45.180000,45.180000,45.180000,45.180000
06/09/2008,42.740000,42.740000,42.740000,42.740000
06/10/2008,43.830000,43.830000,43.830000,43.830000
06/11/2008,43.740000,43.740000,43.740000,43.740000
06/12/2008,40.610000,40.610000,40.610000,40.610000
06/13/2008,39.210000,39.210000,39.210000,39.210000
06/16/2008,38.680000,38.680000,38.680000,38.680000
06/17/2008,39.710000,39.710000,39.710000,39.710000
06/18/2008,41.620000,41.620000,41.620000,41.620000
06/19/2008,39.630000,39.630000,39.630000,39.630000
06/20/2008,41.210000,41.210000,41.210000,41.210000
06/23/2008,40.440000,40.440000,40.440000,40.440000
06/24/2008,40.440000,40.440000,40.440000,40.440000
06/25/2008,39.810000,39.810000,39.810000,39.810000
06/26/2008,43.740000,43.740000,43.740000,43.740000
06/27/2008,41.560000,41.560000,41.560000,41.560000
06/30/2008,41.470000,41.470000,41.470000,41.470000
07/01/2008,40.660000,40.660000,40.660000,40.660000
07/02/2008,44.120000,44.120000,44.120000,44.120000
07/03/2008,42.180000,42.180000,42.180000,42.180000
07/07/2008,42.630000,42.630000,42.630000,42.630000
07/08/2008,38.590000,38.590000,38.590000,38.590000
07/09/2008,41.120000,41.120000,41.120000,41.120000
07/10/2008,40.640000,40.640000,40.640000,40.640000
07/11/2008,43.500000,43.500000,43.500000,43.500000
07/14/2008,43.680000,43.680000,43.680000,43.680000
07/15/2008,44.450000,44.450000,44.450000,44.450000
07/16/2008,39.540000,39.540000,39.540000,39.540000
07/17/2008,39.410000,39.410000,39.410000,39.410000
07/18/2008,39.560000,39.560000,39.560000,39.560000
07/21/2008,38.540000,38.540000,38.540000,38.540000
07/22/2008,36.440000,36.440000,36.440000,36.440000
07/23/2008,38.030000,38.030000,38.030000,38.030000
07/24/2008,39.440000,39.440000,39.440000,39.440000
07/25/2008,40.120000,40.120000,40.120000,40.120000
07/28/2008,40.300000,40.300000,40.300000,40.300000
07/29/2008,37.310000,37.310000,37.310000,37.310000
07/30/2008,34.660000,34.660000,34.660000,34.660000
07/31/2008,38.560000,38.560000,38.560000,38.560000
08/01/2008,39.030000,39.030000,39.030000,39.030000
08/04/2008,40.140000,40.140000,40.140000,40.140000
08/05/2008,37.170000,37.170000,37.170000,37.170000
08/06/2008,36.930000,36.930000,36.930000,36.930000
08/07/2008,37.500000,37.500000,37.500000,37.500000
08/08/2008,39.220000,39.220000,39.220000,39.220000
08/11/2008,37.640000,37.640000,37.640000,37.640000
08/12/2008,38.950000,38.950000,38.950000,38.950000
08/13/2008,39.830000,39.830000,39.830000,39.830000
08/14/2008,38.520000,38.520000,38.520000,38.520000
08/15/2008,38.670000,38.670000,38.670000,38.670000
08/18/2008,39.690000,39.690000,39.690000,39.690000
08/19/2008,40.490000,40.490000,40.490000,40.490000
08/20/2008,39.070000,39.070000,39.070000,39.070000
08/21/2008,37.680000,37.680000,37.680000,37.680000
08/22/2008,37.750000,37.750000,37.750000,37.750000
08/25/2008,39.540000,39.540000,39.540000,39.540000
08/26/2008,39.300000,39.300000,39.300000,39.300000
08/27/2008,38.340000,38.340000,38.340000,38.340000
08/28/2008,38.540000,38.540000,38.540000,38.540000
08/29/2008,40.520000,40.520000,40.520000,40.520000
09/02/2008,41.800000,41.800000,41.800000,41.800000
09/03/2008,40.190000,40.190000,40.190000,40.190000
09/04/2008,41.950000,41.950000,41.950000,41.950000
09/05/2008,40.840000,40.840000,40.840000,40.840000
09/08/2008,40.420000,40.420000,40.420000,40.420000
09/09/2008,42.060000,42.060000,42.060000,42.060000
09/10/2008,41.430000,41.430000,41.430000,41.430000
09/11/2008,40.500000,40.500000,40.500000,40.500000
09/12/2008,40.770000,40.770000,40.770000,40.770000
09/15/2008,44.080000,44.080000,44.080000,44.080000
09/16/2008,41.370000,41.370000,41.370000,41.370000
09/17/2008,41.900000,41.900000,41.900000,41.900000
09/18/2008,41.680000,41.680000,41.680000,41.680000
09/19/2008,45.600000,45.600000,45.600000,45.600000
09/22/2008,46.480000,46.480000,46.480000,46.480000
09/23/2008,49.140000,49.140000,49.140000,49.140000
09/24/2008,48.250000,48.250000,48.250000,48.250000
09/25/2008,49.760000,49.760000,49.760000,49.760000
09/26/2008,50.450000,50.450000,50.450000,50.450000
09/30/2008,53.030000,53.030000,53.030000,53.030000
10/01/2008,52.580000,52.580000,52.580000,52.580000
10/02/2008,51.090000,51.090000,51.090000,51.090000
10/03/2008,52.420000,52.420000,52.420000,52.420000
10/06/2008,51.610000,51.610000,51.610000,51.610000
10/07/2008,50.810000,50.810000,50.810000,50.810000
10/08/2008,53.760000,53.760000,53.760000,53.760000
10/09/2008,50.720000,50.720000,50.720000,50.720000
10/13/2008,47.180000,47.180000,47.180000,47.180000
10/14/2008,51.560000,51.560000,51.560000,51.560000
10/15/2008,55.210000,55.210000,55.210000,55.210000
10/16/2008,56.040000,56.040000,56.040000,56.040000
10/17/2008,65.620000,65.620000,65.620000,65.620000
10/20/2008,58.760000,58.760000,58.760000,58.760000
10/21/2008,60.380000,60.380000,60.380000,60.380000
10/22/2008,63.690000,63.690000,63.690000,63.690000
10/23/2008,62.440000,62.440000,62.440000,62.440000
10/24/2008,75.170000,75.170000,75.170000,75.170000
10/27/2008,72.780000,72.780000,72.780000,72.780000
10/28/2008,68.270000,68.270000,68.270000,68.270000
10/29/2008,67.600000,67.600000,67.600000,67.600000
10/30/2008,60.600000,60.600000,60.600000,60.600000
10/31/2008,63.350000,63.350000,63.350000,63.350000
11/03/2008,57.450000,57.450000,57.450000,57.450000
11/04/2008,57.410000,57.410000,57.410000,57.410000
11/05/2008,56.900000,56.900000,56.900000,56.900000
11/06/2008,63.900000,63.900000,63.900000,63.900000
11/07/2008,59.750000,59.750000,59.750000,59.750000
11/10/2008,62.240000,62.240000,62.240000,62.240000
11/11/2008,65.870000,65.870000,65.870000,65.870000
11/12/2008,63.110000,63.110000,63.110000,63.110000
11/13/2008,60.850000,60.850000,60.850000,60.850000
11/14/2008,68.620000,68.620000,68.620000,68.620000
11/17/2008,67.390000,67.390000,67.390000,67.390000
11/18/2008,63.760000,63.760000,63.760000,63.760000
11/19/2008,64.930000,64.930000,64.930000,64.930000
11/20/2008,63.040000,63.040000,63.040000,63.040000
11/21/2008,65.070000,65.070000,65.070000,65.070000
11/24/2008,63.480000,63.480000,63.480000,63.480000
11/25/2008,64.290000,64.290000,64.290000,64.290000
11/26/2008,60.940000,60.940000,60.940000,60.940000
11/28/2008,63.800000,63.800000,63.800000,63.800000
12/01/2008,64.960000,64.960000,64.960000,64.960000
12/02/2008,67.640000,67.640000,67.640000,67.640000
12/03/2008,69.330000,69.330000,69.330000,69.330000
12/04/2008,69.590000,69.590000,69.590000,69.590000
12/05/2008,70.680000,70.680000,70.680000,70.680000
12/08/2008,70.870000,70.870000,70.870000,70.870000
12/09/2008,68.060000,68.060000,68.060000,68.060000
12/10/2008,67.280000,67.280000,67.280000,67.280000
12/11/2008,65.120000,65.120000,65.120000,65.120000
12/12/2008,65.710000,65.710000,65.710000,65.710000
12/15/2008,66.960000,66.960000,66.960000,66.960000
12/16/2008,68.860000,68.860000,68.860000,68.860000
12/17/2008,68.450000,68.450000,68.450000,68.450000
12/18/2008,62.090000,62.090000,62.090000,62.090000
12/19/2008,61.020000,61.020000,61.020000,61.020000
12/22/2008,60.540000,60.540000,60.540000,60.540000
12/23/2008,65.800000,65.800000,65.800000,65.800000
12/24/2008,65.390000,65.390000,65.390000,65.390000
12/26/2008,65.200000,65.200000,65.200000,65.200000
12/29/2008,64.090000,64.090000,64.090000,64.090000
12/30/2008,64.570000,64.570000,64.570000,64.570000
12/31/2008,63.000000,63.000000,63.000000,63.000000
01/02/2009,60.510000,60.510000,60.510000,60.510000
01/05/2009,56.630000,56.630000,56.630000,56.630000
01/06/2009,53.940000,53.940000,53.940000,53.940000
01/07/2009,58.390000,58.390000,58.390000,58.390000
01/08/2009,58.000000,58.000000,58.000000,58.000000
01/09/2009,60.230000,60.230000,60.230000,60.230000
01/12/2009,63.800000,63.800000,63.800000,63.800000
01/13/2009,64.720000,64.720000,64.720000,64.720000
01/14/2009,67.280000,67.280000,67.280000,67.280000
01/15/2009,65.180000,65.180000,65.180000,65.180000
01/16/2009,68.170000,68.170000,68.170000,68.170000
01/20/2009,77.710000,77.710000,77.710000,77.710000
01/21/2009,71.810000,71.810000,71.810000,71.810000
01/22/2009,72.370000,72.370000,72.370000,72.370000
01/23/2009,72.440000,72.440000,72.440000,72.440000
01/26/2009,73.870000,73.870000,73.870000,73.870000
01/27/2009,71.430000,71.430000,71.430000,71.430000
01/28/2009,67.400000,67.400000,67.400000,67.400000
01/29/2009,66.540000,66.540000,66.540000,66.540000
01/30/2009,68.510000,68.510000,68.510000,68.510000
02/02/2009,64.510000,64.510000,64.510000,64.510000
02/03/2009,64.860000,64.860000,64.860000,64.860000
02/04/2009,66.970000,66.970000,66.970000,66.970000
02/05/2009,69.280000,69.280000,69.280000,69.280000
02/06/2009,71.770000,71.770000,71.770000,71.770000
02/09/2009,66.570000,66.570000,66.570000,66.570000
02/10/2009,70.950000,70.950000,70.950000,70.950000
02/11/2009,67.250000,67.250000,67.250000,67.250000
02/12/2009,64.440000,64.440000,64.440000,64.440000
02/13/2009,66.870000,66.870000,66.870000,66.870000
02/17/2009,68.190000,68.190000,68.190000,68.190000
02/18/2009,69.890000,69.890000,69.890000,69.890000
02/19/2009,74.140000,74.140000,74.140000,74.140000
02/20/2009,75.230000,75.230000,75.230000,75.230000
02/23/2009,77.490000,77.490000,77.490000,77.490000
02/24/2009,72.190000,72.190000,72.190000,72.190000
02/25/2009,70.960000,70.960000,70.960000,70.960000
02/26/2009,68.250000,68.250000,68.250000,68.250000
02/27/2009,67.170000,67.170000,67.170000,67.170000
03/02/2009,71.210000,71.210000,71.210000,71.210000
03/03/2009,71.840000,71.840000,71.840000,71.840000
03/04/2009,66.430000,66.430000,66.430000,66.430000
03/05/2009,66.040000,66.040000,66.040000,66.040000
03/06/2009,64.920000,64.920000,64.920000,64.920000
03/09/2009,64.160000,64.160000,64.160000,64.160000
03/10/2009,60.170000,60.170000,60.170000,60.170000
03/11/2009,61.080000,61.080000,61.080000,61.080000
03/12/2009,61.640000,61.640000,61.640000,61.640000
03/13/2009,65.390000,65.390000,65.390000,65.390000
03/16/2009,66.550000,66.550000,66.550000,66.550000
03/17/2009,64.640000,64.640000,64.640000,64.640000
03/18/2009,61.790000,61.790000,61.790000,61.790000
03/19/2009,66.620000,66.620000,66.620000,66.620000
03/20/2009,70.650000,70.650000,70.650000,70.650000
03/23/2009,67.530000,67.530000,67.530000,67.530000
03/24/2009,65.740000,65.740000,65.740000,65.740000
03/25/2009,64.800000,64.800000,64.800000,64.800000
03/26/2009,62.780000,62.780000,62.780000,62.780000
03/27/2009,63.700000,63.700000,63.700000,63.700000
03/30/2009,69.320000,69.320000,69.320000,69.320000
03/31/2009,69.100000,69.100000,69.100000,69.100000
04/01/2009,66.820000,66.820000,66.820000,66.820000
04/02/2009,67.020000,67.020000,67.020000,67.020000
04/03/2009,66.700000,66.700000,66.700000,66.700000
04/06/2009,67.530000,67.530000,67.530000,67.530000
04/07/2009,65.010000,65.010000,65.010000,65.010000
04/08/2009,63.600000,63.600000,63.600000,63.600000
04/09/2009,64.390000,64.390000,64.390000,64.390000
04/13/2009,61.990000,61.990000,61.990000,61.990000
04/14/2009,59.730000,59.730000,59.730000,59.730000
04/15/2009,60.140000,60.140000,60.140000,60.140000
04/16/2009,60.600000,60.600000,60.600000,60.600000
04/17/2009,61.190000,61.190000,61.190000,61.190000
04/20/2009,63.840000,63.840000,63.840000,63.840000
04/21/2009,63.380000,63.380000,63.380000,63.380000
04/22/2009,65.430000,65.430000,65.430000,65.430000
04/23/2009,65.690000,65.690000,65.690000,65.690000
04/24/2009,66.740000,66.740000,66.740000,66.740000
04/27/2009,67.920000,67.920000,67.920000,67.920000
04/28/2009,68.130000,68.130000,68.130000,68.130000
04/29/2009,66.570000,66.570000,66.570000,66.570000
04/30/2009,66.840000,66.840000,66.840000,66.840000
05/01/2009,65.960000,65.960000,65.960000,65.960000
05/04/2009,63.850000,63.850000,63.850000,63.850000
05/05/2009,60.000000,60.000000,60.000000,60.000000
05/06/2009,57.990000,57.990000,57.990000,57.990000
05/07/2009,57.930000,57.930000,57.930000,57.930000
05/08/2009,58.650000,58.650000,58.650000,58.650000
05/11/2009,58.070000,58.070000,58.070000,58.070000
05/12/2009,57.810000,57.810000,57.810000,57.810000
05/13/2009,59.120000,59.120000,59.120000,59.120000
05/14/2009,55.410000,55.410000,55.410000,55.410000
05/15/2009,60.700000,60.700000,60.700000,60.700000
05/18/2009,57.880000,57.880000,57.880000,57.880000
05/19/2009,55.930000,55.930000,55.930000,55.930000
05/20/2009,57.390000,57.390000,57.390000,57.390000
05/21/2009,57.960000,57.960000,57.960000,57.960000
05/22/2009,61.750000,61.750000,61.750000,61.750000
05/26/2009,56.680000,56.680000,56.680000,56.680000
05/27/2009,58.810000,58.810000,58.810000,58.810000
05/28/2009,58.000000,58.000000,58.000000,58.000000
05/29/2009,55.010000,55.010000,55.010000,55.010000
06/01/2009,54.910000,54.910000,54.910000,54.910000
06/02/2009,54.210000,54.210000,54.210000,54.210000
06/03/2009,58.420000,58.420000,58.420000,58.420000
06/04/2009,58.080000,58.080000,58.080000,58.080000
06/05/2009,57.870000,57.870000,57.870000,57.870000
06/08/2009,57.980000,57.980000,57.980000,57.980000
06/09/2009,56.790000,56.790000,56.790000,56.790000
06/10/2009,55.950000,55.950000,55.950000,55.950000
06/11/2009,55.840000,55.840000,55.840000,55.840000
06/12/2009,54.950000,54.950000,54.950000,54.950000
06/15/2009,55.400000,55.400000,55.400000,55.400000
06/16/2009,59.340000,59.340000,59.340000,59.340000
06/17/2009,56.820000,56.820000,56.820000,56.820000
06/18/2009,56.330000,56.330000,56.330000,56.330000
06/19/2009,55.010000,55.010000,55.010000,55.010000
06/22/2009,58.010000,58.010000,58.010000,58.010000
06/23/2009,57.650000,57.650000,57.650000,57.650000
06/24/2009,56.380000,56.380000,56.380000,56.380000
06/25/2009,54.370000,54.370000,54.370000,54.370000
06/26/2009,57.240000,57.240000,57.240000,57.240000
06/29/2009,55.780000,55.780000,55.780000,55.780000
06/30/2009,56.320000,56.320000,56.320000,56.320000
07/01/2009,58.070000,58.070000,58.070000,58.070000
07/02/2009,59.510000,59.510000,59.510000,59.510000
07/06/2009,57.670000,57.670000,57.670000,57.670000
07/07/2009,59.640000,59.640000,59.640000,59.640000
07/08/2009,60.520000,60.520000,60.520000,60.520000
07/09/2009,58.890000,58.890000,58.890000,58.890000
07/10/2009,59.960000,59.960000,59.960000,59.960000
07/13/2009,56.350000,56.350000,56.350000,56.350000
07/14/2009,57.520000,57.520000,57.520000,57.520000
07/15/2009,59.160000,59.160000,59.160000,59.160000
07/16/2009,59.790000,59.790000,59.790000,59.790000
07/17/2009,63.670000,63.670000,63.670000,63.670000
07/20/2009,60.950000,60.950000,60.950000,60.950000
07/21/2009,61.710000,61.710000,61.710000,61.710000
07/22/2009,60.830000,60.830000,60.830000,60.830000
07/23/2009,59.160000,59.160000,59.160000,59.160000
07/24/2009,56.300000,56.300000,56.300000,56.300000
07/27/2009,57.010000,57.010000,57.010000,57.010000
07/28/2009,60.600000,60.600000,60.600000,60.600000
07/29/2009,60.940000,60.940000,60.940000,60.940000
07/30/2009,61.150000,61.150000,61.150000,61.150000
07/31/2009,62.260000,62.260000,62.260000,62.260000
08/03/2009,59.050000,59.050000,59.050000,59.050000
08/04/2009,55.940000,55.940000,55.940000,55.940000
08/05/2009,53.940000,53.940000,53.940000,53.940000
08/06/2009,54.900000,54.900000,54.900000,54.900000
08/07/2009,52.030000,52.030000,52.030000,52.030000
08/10/2009,52.060000,52.060000,52.060000,52.060000
08/11/2009,55.210000,55.210000,55.210000,55.210000
08/12/2009,54.950000,54.950000,54.950000,54.950000
08/13/2009,53.080000,53.080000,53.080000,53.080000
08/14/2009,52.930000,52.930000,52.930000,52.930000
08/17/2009,58.260000,58.260000,58.260000,58.260000
08/18/2009,56.820000,56.820000,56.820000,56.820000
08/19/2009,56.570000,56.570000,56.570000,56.570000
08/20/2009,55.470000,55.470000,55.470000,55.470000
08/21/2009,56.650000,56.650000,56.650000,56.650000
08/24/2009,57.480000,57.480000,57.480000,57.480000
08/25/2009,59.460000,59.460000,59.460000,59.460000
08/26/2009,61.060000,61.060000,61.060000,61.060000
08/27/2009,59.990000,59.990000,59.990000,59.990000
08/28/2009,59.610000,59.610000,59.610000,59.610000
08/31/2009,59.620000,59.620000,59.620000,59.620000
09/01/2009,63.430000,63.430000,63.430000,63.430000
09/02/2009,63.060000,63.060000,63.060000,63.060000
09/03/2009,58.420000,58.420000,58.420000,58.420000
09/04/2009,57.670000,57.670000,57.670000,57.670000
09/08/2009,56.180000,56.180000,56.180000,56.180000
09/09/2009,54.940000,54.940000,54.940000,54.940000
09/10/2009,53.270000,53.270000,53.270000,53.270000
09/11/2009,55.040000,55.040000,55.040000,55.040000
09/14/2009,54.280000,54.280000,54.280000,54.280000
09/15/2009,53.350000,53.350000,53.350000,53.350000
09/16/2009,52.880000,52.880000,52.880000,52.880000
09/17/2009,52.360000,52.360000,52.360000,52.360000
09/18/2009,55.870000,55.870000,55.870000,55.870000
09/21/2009,55.600000,55.600000,55.600000,55.600000
09/22/2009,54.460000,54.460000,54.460000,54.460000
09/23/2009,55.440000,55.440000,55.440000,55.440000
09/24/2009,58.640000,58.640000,58.640000,58.640000
09/25/2009,57.930000,57.930000,57.930000,57.930000
09/28/2009,56.020000,56.020000,56.020000,56.020000
09/29/2009,57.580000,57.580000,57.580000,57.580000
09/30/2009,56.430000,56.430000,56.430000,56.430000
10/01/2009,58.840000,58.840000,58.840000,58.840000
10/02/2009,60.800000,60.800000,60.800000,60.800000
10/05/2009,56.620000,56.620000,56.620000,56.620000
10/06/2009,55.530000,55.530000,55.530000,55.530000
10/07/2009,55.160000,55.160000,55.160000,55.160000
10/08/2009,54.040000,54.040000,54.040000,54.040000
10/09/2009,52.990000,52.990000,52.990000,52.990000
10/12/2009,53.550000,53.550000,53.550000,53.550000
10/13/2009,54.410000,54.410000,54.410000,54.410000
10/14/2009,54.650000,54.650000,54.650000,54.650000
10/15/2009,54.090000,54.090000,54.090000,54.090000
10/16/2009,57.020000,57.020000,57.020000,57.020000
10/19/2009,58.650000,58.650000,58.650000,58.650000
10/20/2009,56.570000,56.570000,56.570000,56.570000
10/21/2009,57.860000,57.860000,57.860000,57.860000
10/22/2009,53.850000,53.850000,53.850000,53.850000
10/23/2009,55.310000,55.310000,55.310000,55.310000
10/26/2009,55.340000,55.340000,55.340000,55.340000
10/27/2009,56.080000,56.080000,56.080000,56.080000
10/28/2009,59.230000,59.230000,59.230000,59.230000
10/29/2009,56.080000,56.080000,56.080000,56.080000
10/30/2009,59.500000,59.500000,59.500000,59.500000
11/02/2009,58.770000,58.770000,58.770000,58.770000
11/03/2009,58.110000,58.110000,58.110000,58.110000
11/04/2009,58.230000,58.230000,58.230000,58.230000
11/05/2009,56.830000,56.830000,56.830000,56.830000
11/06/2009,55.150000,55.150000,55.150000,55.150000
11/09/2009,52.210000,52.210000,52.210000,52.210000
11/10/2009,53.690000,53.690000,53.690000,53.690000
11/11/2009,55.700000,55.700000,55.700000,55.700000
11/12/2009,59.060000,59.060000,59.060000,59.060000
11/13/2009,58.220000,58.220000,58.220000,58.220000
11/16/2009,57.330000,57.330000,57.330000,57.330000
11/17/2009,57.670000,57.670000,57.670000,57.670000
11/18/2009,56.730000,56.730000,56.730000,56.730000
11/19/2009,56.480000,56.480000,56.480000,56.480000
11/20/2009,56.440000,56.440000,56.440000,56.440000
11/23/2009,56.570000,56.570000,56.570000,56.570000
11/24/2009,56.630000,56.630000,56.630000,56.630000
11/25/2009,57.740000,57.740000,57.740000,57.740000
11/27/2009,62.280000,62.280000,62.280000,62.280000
11/30/2009,60.560000,60.560000,60.560000,60.560000
12/01/2009,57.460000,57.460000,57.460000,57.460000
12/02/2009,57.290000,57.290000,57.290000,57.290000
12/03/2009,61.290000,61.290000,61.290000,61.290000
12/04/2009,56.950000,56.950000,56.950000,56.950000
12/07/2009,58.600000,58.600000,58.600000,58.600000
12/08/2009,60.500000,60.500000,60.500000,60.500000
12/09/2009,59.340000,59.340000,59.340000,59.340000
12/10/2009,59.400000,59.400000,59.400000,59.400000
12/11/2009,59.480000,59.480000,59.480000,59.480000
12/14/2009,57.990000,57.990000,57.990000,57.990000
12/15/2009,58.860000,58.860000,58.860000,58.860000
12/16/2009,57.330000,57.330000,57.330000,57.330000
12/17/2009,57.550000,57.550000,57.550000,57.550000
12/18/2009,58.490000,58.490000,58.490000,58.490000
12/21/2009,58.970000,58.970000,58.970000,58.970000
12/22/2009,56.660000,56.660000,56.660000,56.660000
12/23/2009,57.720000,57.720000,57.720000,57.720000
12/24/2009,56.350000,56.350000,56.350000,56.350000
12/28/2009,56.150000,56.150000,56.150000,56.150000
12/29/2009,58.360000,58.360000,58.360000,58.360000
12/30/2009,54.700000,54.700000,54.700000,54.700000
12/31/2009,61.280000,61.280000,61.280000,61.280000
01/04/2010,55.450000,55.450000,55.450000,55.450000
01/05/2010,52.830000,52.830000,52.830000,52.830000
01/06/2010,51.620000,51.620000,51.620000,51.620000
01/07/2010,48.960000,48.960000,48.960000,48.960000
01/08/2010,48.920000,48.920000,48.920000,48.920000
01/11/2010,48.110000,48.110000,48.110000,48.110000
01/12/2010,48.300000,48.300000,48.300000,48.300000
01/13/2010,49.370000,49.370000,49.370000,49.370000
01/14/2010,46.200000,46.200000,46.200000,46.200000
01/15/2010,47.240000,47.240000,47.240000,47.240000
01/19/2010,56.710000,56.710000,56.710000,56.710000
01/20/2010,57.280000,57.280000,57.280000,57.280000
01/21/2010,61.200000,61.200000,61.200000,61.200000
01/22/2010,64.690000,64.690000,64.690000,64.690000
01/25/2010,62.290000,62.290000,62.290000,62.290000
01/26/2010,64.170000,64.170000,64.170000,64.170000
01/27/2010,61.470000,61.470000,61.470000,61.470000
01/28/2010,61.970000,61.970000,61.970000,61.970000
01/29/2010,61.860000,61.860000,61.860000,61.860000
02/01/2010,59.090000,59.090000,59.090000,59.090000
02/02/2010,62.250000,62.250000,62.250000,62.250000
02/03/2010,62.510000,62.510000,62.510000,62.510000
02/04/2010,66.260000,66.260000,66.260000,66.260000
02/05/2010,64.210000,64.210000,64.210000,64.210000
02/08/2010,65.180000,65.180000,65.180000,65.180000
02/09/2010,67.330000,67.330000,67.330000,67.330000
02/10/2010,68.000000,68.000000,68.000000,68.000000
02/11/2010,65.830000,65.830000,65.830000,65.830000
02/12/2010,63.820000,63.820000,63.820000,63.820000
02/16/2010,63.970000,63.970000,63.970000,63.970000
02/17/2010,63.840000,63.840000,63.840000,63.840000
02/18/2010,62.220000,62.220000,62.220000,62.220000
02/19/2010,62.510000,62.510000,62.510000,62.510000
02/22/2010,61.230000,61.230000,61.230000,61.230000
02/23/2010,64.320000,64.320000,64.320000,64.320000
02/24/2010,65.540000,65.540000,65.540000,65.540000
02/25/2010,64.870000,64.870000,64.870000,64.870000
02/26/2010,64.550000,64.550000,64.550000,64.550000
03/01/2010,62.370000,62.370000,62.370000,62.370000
03/02/2010,61.180000,61.180000,61.180000,61.180000
03/03/2010,59.450000,59.450000,59.450000,59.450000
03/04/2010,60.560000,60.560000,60.560000,60.560000
03/05/2010,57.390000,57.390000,57.390000,57.390000
03/08/2010,56.630000,56.630000,56.630000,56.630000
03/09/2010,56.950000,56.950000,56.950000,56.950000
03/10/2010,58.150000,58.150000,58.150000,58.150000
03/11/2010,58.050000,58.050000,58.050000,58.050000
03/12/2010,56.790000,56.790000,56.790000,56.790000
03/15/2010,59.170000,59.170000,59.170000,59.170000
03/16/2010,57.200000,57.200000,57.200000,57.200000
03/17/2010,55.490000,55.490000,55.490000,55.490000
03/18/2010,56.500000,56.500000,56.500000,56.500000
03/19/2010,57.300000,57.300000,57.300000,57.300000
03/22/2010,56.600000,56.600000,56.600000,56.600000
03/23/2010,56.190000,56.190000,56.190000,56.190000
03/24/2010,56.670000,56.670000,56.670000,56.670000
03/25/2010,58.560000,58.560000,58.560000,58.560000
03/26/2010,55.300000,55.300000,55.300000,55.300000
03/29/2010,55.380000,55.380000,55.380000,55.380000
03/30/2010,54.410000,54.410000,54.410000,54.410000
03/31/2010,57.410000,57.410000,57.410000,57.410000
04/01/2010,57.760000,57.760000,57.760000,57.760000
04/05/2010,53.800000,53.800000,53.800000,53.800000
04/06/2010,51.870000,51.870000,51.870000,51.870000
04/07/2010,52.450000,52.450000,52.450000,52.450000
04/08/2010,50.780000,50.780000,50.780000,50.780000
04/09/2010,49.970000,49.970000,49.970000,49.970000
04/12/2010,50.950000,50.950000,50.950000,50.950000
04/13/2010,52.250000,52.250000,52.250000,52.250000
04/14/2010,49.640000,49.640000,49.640000,49.640000
04/15/2010,49.710000,49.710000,49.710000,49.710000
04/16/2010,52.070000,52.070000,52.070000,52.070000
04/19/2010,51.340000,51.340000,51.340000,51.340000
04/20/2010,50.090000,50.090000,50.090000,50.090000
04/21/2010,53.140000,53.140000,53.140000,53.140000
04/22/2010,49.730000,49.730000,49.730000,49.730000
04/23/2010,50.280000,50.280000,50.280000,50.280000
04/26/2010,49.490000,49.490000,49.490000,49.490000
04/27/2010,56.070000,56.070000,56.070000,56.070000
04/28/2010,53.370000,53.370000,53.370000,53.370000
04/29/2010,49.830000,49.830000,49.830000,49.830000
04/30/2010,56.290000,56.290000,56.290000,56.290000
05/03/2010,53.650000,53.650000,53.650000,53.650000
05/04/2010,54.120000,54.120000,54.120000,54.120000
05/05/2010,57.550000,57.550000,57.550000,57.550000
05/06/2010,65.460000,65.460000,65.460000,65.460000
05/07/2010,72.390000,72.390000,72.390000,72.390000
05/10/2010,61.190000,61.190000,61.190000,61.190000
05/11/2010,63.060000,63.060000,63.060000,63.060000
05/12/2010,61.660000,61.660000,61.660000,61.660000
05/13/2010,62.870000,62.870000,62.870000,62.870000
05/14/2010,65.360000,65.360000,65.360000,65.360000
05/17/2010,65.930000,65.930000,65.930000,65.930000
05/18/2010,71.270000,71.270000,71.270000,71.270000
05/19/2010,73.270000,73.270000,73.270000,73.270000
05/20/2010,78.830000,78.830000,78.830000,78.830000
05/21/2010,72.230000,72.230000,72.230000,72.230000
05/24/2010,74.690000,74.690000,74.690000,74.690000
05/25/2010,68.360000,68.360000,68.360000,68.360000
05/26/2010,75.160000,75.160000,75.160000,75.160000
05/27/2010,69.620000,69.620000,69.620000,69.620000
05/28/2010,70.040000,70.040000,70.040000,70.040000
06/01/2010,73.440000,73.440000,73.440000,73.440000
06/02/2010,67.840000,67.840000,67.840000,67.840000
06/03/2010,67.920000,67.920000,67.920000,67.920000
06/04/2010,72.360000,72.360000,72.360000,72.360000
06/07/2010,75.080000,75.080000,75.080000,75.080000
06/08/2010,72.890000,72.890000,72.890000,72.890000
06/09/2010,71.830000,71.830000,71.830000,71.830000
06/10/2010,71.230000,71.230000,71.230000,71.230000
06/11/2010,70.200000,70.200000,70.200000,70.200000
06/14/2010,70.680000,70.680000,70.680000,70.680000
06/15/2010,66.530000,66.530000,66.530000,66.530000
06/16/2010,68.930000,68.930000,68.930000,68.930000
06/17/2010,67.330000,67.330000,67.330000,67.330000
06/18/2010,68.160000,68.160000,68.160000,68.160000
06/21/2010,67.470000,67.470000,67.470000,67.470000
06/22/2010,71.910000,71.910000,71.910000,71.910000
06/23/2010,69.830000,69.830000,69.830000,69.830000
06/24/2010,73.590000,73.590000,73.590000,73.590000
06/25/2010,70.290000,70.290000,70.290000,70.290000
06/28/2010,72.840000,72.840000,72.840000,72.840000
06/29/2010,77.640000,77.640000,77.640000,77.640000
06/30/2010,79.850000,79.850000,79.850000,79.850000
07/01/2010,77.470000,77.470000,77.470000,77.470000
07/06/2010,74.990000,74.990000,74.990000,74.990000
07/07/2010,72.500000,72.500000,72.500000,72.500000
07/08/2010,72.740000,72.740000,72.740000,72.740000
07/09/2010,72.550000,72.550000,72.550000,72.550000
07/12/2010,73.020000,73.020000,73.020000,73.020000
07/13/2010,73.370000,73.370000,73.370000,73.370000
07/14/2010,73.250000,73.250000,73.250000,73.250000
07/15/2010,76.410000,76.410000,76.410000,76.410000
07/16/2010,77.220000,77.220000,77.220000,77.220000
07/19/2010,82.580000,82.580000,82.580000,82.580000
07/20/2010,79.000000,79.000000,79.000000,79.000000
07/21/2010,79.430000,79.430000,79.430000,79.430000
07/22/2010,77.980000,77.980000,77.980000,77.980000
07/23/2010,74.760000,74.760000,74.760000,74.760000
07/26/2010,74.080000,74.080000,74.080000,74.080000
07/27/2010,74.300000,74.300000,74.300000,74.300000
07/28/2010,76.630000,76.630000,76.630000,76.630000
07/29/2010,76.870000,76.870000,76.870000,76.870000
07/30/2010,74.830000,74.830000,74.830000,74.830000
08/02/2010,71.900000,71.900000,71.900000,71.900000
08/03/2010,75.570000,75.570000,75.570000,75.570000
08/04/2010,73.390000,73.390000,73.390000,73.390000
08/05/2010,74.290000,74.290000,74.290000,74.290000
08/06/2010,73.960000,73.960000,73.960000,73.960000
08/09/2010,75.340000,75.340000,75.340000,75.340000
08/10/2010,75.250000,75.250000,75.250000,75.250000
08/11/2010,78.090000,78.090000,78.090000,78.090000
08/12/2010,80.740000,80.740000,80.740000,80.740000
08/13/2010,82.590000,82.590000,82.590000,82.590000
08/16/2010,82.310000,82.310000,82.310000,82.310000
08/17/2010,80.030000,80.030000,80.030000,80.030000
08/18/2010,82.030000,82.030000,82.030000,82.030000
08/19/2010,81.550000,81.550000,81.550000,81.550000
08/20/2010,83.310000,83.310000,83.310000,83.310000
08/23/2010,82.310000,82.310000,82.310000,82.310000
08/24/2010,81.360000,81.360000,81.360000,81.360000
08/25/2010,80.200000,80.200000,80.200000,80.200000
08/26/2010,81.160000,81.160000,81.160000,81.160000
08/27/2010,77.160000,77.160000,77.160000,77.160000
08/30/2010,80.130000,80.130000,80.130000,80.130000
08/31/2010,79.130000,79.130000,79.130000,79.130000
09/01/2010,76.780000,76.780000,76.780000,76.780000
09/02/2010,75.380000,75.380000,75.380000,75.380000
09/03/2010,72.130000,72.130000,72.130000,72.130000
09/07/2010,75.990000,75.990000,75.990000,75.990000
09/08/2010,74.690000,74.690000,74.690000,74.690000
09/09/2010,76.740000,76.740000,76.740000,76.740000
09/10/2010,74.880000,74.880000,74.880000,74.880000
09/13/2010,71.400000,71.400000,71.400000,71.400000
09/14/2010,73.020000,73.020000,73.020000,73.020000
09/15/2010,73.100000,73.100000,73.100000,73.100000
09/16/2010,73.180000,73.180000,73.180000,73.180000
09/17/2010,74.960000,74.960000,74.960000,74.960000
09/20/2010,73.990000,73.990000,73.990000,73.990000
09/21/2010,75.130000,75.130000,75.130000,75.130000
09/22/2010,73.820000,73.820000,73.820000,73.820000
09/23/2010,75.710000,75.710000,75.710000,75.710000
09/24/2010,71.890000,71.890000,71.890000,71.890000
09/27/2010,72.580000,72.580000,72.580000,72.580000
09/28/2010,74.290000,74.290000,74.290000,74.290000
09/29/2010,76.480000,76.480000,76.480000,76.480000
09/30/2010,78.600000,78.600000,78.600000,78.600000
10/01/2010,75.380000,75.380000,75.380000,75.380000
10/04/2010,76.420000,76.420000,76.420000,76.420000
10/05/2010,75.580000,75.580000,75.580000,75.580000
10/06/2010,73.240000,73.240000,73.240000,73.240000
10/07/2010,72.490000,72.490000,72.490000,72.490000
10/08/2010,71.850000,71.850000,71.850000,71.850000
10/11/2010,69.850000,69.850000,69.850000,69.850000
10/12/2010,69.290000,69.290000,69.290000,69.290000
10/13/2010,69.180000,69.180000,69.180000,69.180000
10/14/2010,67.030000,67.030000,67.030000,67.030000
10/15/2010,65.150000,65.150000,65.150000,65.150000
10/18/2010,65.460000,65.460000,65.460000,65.460000
10/19/2010,67.730000,67.730000,67.730000,67.730000
10/20/2010,67.240000,67.240000,67.240000,67.240000
10/21/2010,65.790000,65.790000,65.790000,65.790000
10/22/2010,65.430000,65.430000,65.430000,65.430000
10/25/2010,66.060000,66.060000,66.060000,66.060000
10/26/2010,68.420000,68.420000,68.420000,68.420000
10/27/2010,68.120000,68.120000,68.120000,68.120000
10/28/2010,69.070000,69.070000,69.070000,69.070000
10/29/2010,69.240000,69.240000,69.240000,69.240000
11/01/2010,69.680000,69.680000,69.680000,69.680000
11/02/2010,69.710000,69.710000,69.710000,69.710000
11/03/2010,61.940000,61.940000,61.940000,61.940000
11/04/2010,58.810000,58.810000,58.810000,58.810000
11/05/2010,58.440000,58.440000,58.440000,58.440000
11/08/2010,56.240000,56.240000,56.240000,56.240000
11/09/2010,59.260000,59.260000,59.260000,59.260000
11/10/2010,57.080000,57.080000,57.080000,57.080000
11/11/2010,54.940000,54.940000,54.940000,54.940000
11/12/2010,60.870000,60.870000,60.870000,60.870000
11/15/2010,60.260000,60.260000,60.260000,60.260000
11/16/2010,62.520000,62.520000,62.520000,62.520000
11/17/2010,62.350000,62.350000,62.350000,62.350000
11/18/2010,58.230000,58.230000,58.230000,58.230000
11/19/2010,57.220000,57.220000,57.220000,57.220000
11/22/2010,55.990000,55.990000,55.990000,55.990000
11/23/2010,59.260000,59.260000,59.260000,59.260000
11/24/2010,58.650000,58.650000,58.650000,58.650000
11/26/2010,65.770000,65.770000,65.770000,65.770000
11/29/2010,61.940000,61.940000,61.940000,61.940000
11/30/2010,66.680000,66.680000,66.680000,66.680000
12/01/2010,64.620000,64.620000,64.620000,64.620000
12/02/2010,57.190000,57.190000,57.190000,57.190000
12/03/2010,54.350000,54.350000,54.350000,54.350000
12/06/2010,53.850000,53.850000,53.850000,53.850000
12/07/2010,54.960000,54.960000,54.960000,54.960000
12/08/2010,53.860000,53.860000,53.860000,53.860000
12/09/2010,51.380000,51.380000,51.380000,51.380000
12/10/2010,51.230000,51.230000,51.230000,51.230000
12/13/2010,54.580000,54.580000,54.580000,54.580000
12/14/2010,55.270000,55.270000,55.270000,55.270000
12/15/2010,56.450000,56.450000,56.450000,56.450000
12/16/2010,56.660000,56.660000,56.660000,56.660000
12/17/2010,56.190000,56.190000,56.190000,56.190000
12/20/2010,57.150000,57.150000,57.150000,57.150000
12/21/2010,56.330000,56.330000,56.330000,56.330000
12/22/2010,54.300000,54.300000,54.300000,54.300000
12/23/2010,57.640000,57.640000,57.640000,57.640000
12/27/2010,59.010000,59.010000,59.010000,59.010000
12/28/2010,57.960000,57.960000,57.960000,57.960000
12/29/2010,57.520000,57.520000,57.520000,57.520000
12/30/2010,58.260000,58.260000,58.260000,58.260000
12/31/2010,57.870000,57.870000,57.870000,57.870000
01/03/2011,55.780000,55.780000,55.780000,55.780000
01/04/2011,55.490000,55.490000,55.490000,55.490000
01/05/2011,53.140000,53.140000,53.140000,53.140000
01/06/2011,53.800000,53.800000,53.800000,53.800000
01/07/2011,53.080000,53.080000,53.080000,53.080000
01/10/2011,52.890000,52.890000,52.890000,52.890000
01/11/2011,52.610000,52.610000,52.610000,52.610000
01/12/2011,51.030000,51.030000,51.030000,51.030000
01/13/2011,51.480000,51.480000,51.480000,51.480000
01/14/2011,48.210000,48.210000,48.210000,48.210000
01/18/2011,47.020000,47.020000,47.020000,47.020000
01/19/2011,52.770000,52.770000,52.770000,52.770000
01/20/2011,53.490000,53.490000,53.490000,53.490000
01/21/2011,55.360000,55.360000,55.360000,55.360000
01/24/2011,54.680000,54.680000,54.680000,54.680000
01/25/2011,53.310000,53.310000,53.310000,53.310000
01/26/2011,51.480000,51.480000,51.480000,51.480000
01/27/2011,49.910000,49.910000,49.910000,49.910000
01/28/2011,57.020000,57.020000,57.020000,57.020000
01/31/2011,55.450000,55.450000,55.450000,55.450000
02/01/2011,51.880000,51.880000,51.880000,51.880000
02/02/2011,51.890000,51.890000,51.890000,51.890000
02/03/2011,50.400000,50.400000,50.400000,50.400000
02/04/2011,47.810000,47.810000,47.810000,47.810000
02/07/2011,47.430000,47.430000,47.430000,47.430000
02/08/2011,46.240000,46.240000,46.240000,46.240000
02/09/2011,45.320000,45.320000,45.320000,45.320000
02/10/2011,46.470000,46.470000,46.470000,46.470000
02/11/2011,45.380000,45.380000,45.380000,45.380000
02/14/2011,45.590000,45.590000,45.590000,45.590000
02/15/2011,47.430000,47.430000,47.430000,47.430000
02/16/2011,48.460000,48.460000,48.460000,48.460000
02/17/2011,48.170000,48.170000,48.170000,48.170000
02/18/2011,49.160000,49.160000,49.160000,49.160000
02/22/2011,54.640000,54.640000,54.640000,54.640000
02/23/2011,58.420000,58.420000,58.420000,58.420000
02/24/2011,57.120000,57.120000,57.120000,57.120000
02/25/2011,51.340000,51.340000,51.340000,51.340000
02/28/2011,50.200000,50.200000,50.200000,50.200000
03/01/2011,56.970000,56.970000,56.970000,56.970000
03/02/2011,57.560000,57.560000,57.560000,57.560000
03/03/2011,53.940000,53.940000,53.940000,53.940000
03/04/2011,53.820000,53.820000,53.820000,53.820000
03/07/2011,57.530000,57.530000,57.530000,57.530000
03/08/2011,57.770000,57.770000,57.770000,57.770000
03/09/2011,60.120000,60.120000,60.120000,60.120000
03/10/2011,59.370000,59.370000,59.370000,59.370000
03/11/2011,57.360000,57.360000,57.360000,57.360000
03/14/2011,57.390000,57.390000,57.390000,57.390000
03/15/2011,62.070000,62.070000,62.070000,62.070000
03/16/2011,62.630000,62.630000,62.630000,62.630000
03/17/2011,61.640000,61.640000,61.640000,61.640000
03/18/2011,60.780000,60.780000,60.780000,60.780000
03/21/2011,58.100000,58.100000,58.100000,58.100000
03/22/2011,59.860000,59.860000,59.860000,59.860000
03/23/2011,58.780000,58.780000,58.780000,58.780000
03/24/2011,56.080000,56.080000,56.080000,56.080000
03/25/2011,56.690000,56.690000,56.690000,56.690000
03/28/2011,57.260000,57.260000,57.260000,57.260000
03/29/2011,55.820000,55.820000,55.820000,55.820000
03/30/2011,55.030000,55.030000,55.030000,55.030000
03/31/2011,54.790000,54.790000,54.790000,54.790000
04/01/2011,54.950000,54.950000,54.950000,54.950000
04/04/2011,54.490000,54.490000,54.490000,54.490000
04/05/2011,52.980000,52.980000,52.980000,52.980000
04/06/2011,51.540000,51.540000,51.540000,51.540000
04/07/2011,52.900000,52.900000,52.900000,52.900000
04/08/2011,54.750000,54.750000,54.750000,54.750000
04/11/2011,55.030000,55.030000,55.030000,55.030000
04/12/2011,54.570000,54.570000,54.570000,54.570000
04/13/2011,52.910000,52.910000,52.910000,52.910000
04/14/2011,51.980000,51.980000,51.980000,51.980000
04/15/2011,52.790000,52.790000,52.790000,52.790000
04/18/2011,54.910000,54.910000,54.910000,54.910000
04/19/2011,54.460000,54.460000,54.460000,54.460000
04/20/2011,53.490000,53.490000,53.490000,53.490000
04/21/2011,53.290000,53.290000,53.290000,53.290000
04/25/2011,53.530000,53.530000,53.530000,53.530000
04/26/2011,53.350000,53.350000,53.350000,53.350000
04/27/2011,53.200000,53.200000,53.200000,53.200000
04/28/2011,50.450000,50.450000,50.450000,50.450000
04/29/2011,51.860000,51.860000,51.860000,51.860000
05/02/2011,53.000000,53.000000,53.000000,53.000000
05/03/2011,54.480000,54.480000,54.480000,54.480000
05/04/2011,54.900000,54.900000,54.900000,54.900000
05/05/2011,55.600000,55.600000,55.600000,55.600000
05/06/2011,56.450000,56.450000,56.450000,56.450000
05/09/2011,55.130000,55.130000,55.130000,55.130000
05/10/2011,52.790000,52.790000,52.790000,52.790000
05/11/2011,52.290000,52.290000,52.290000,52.290000
05/12/2011,51.310000,51.310000,51.310000,51.310000
05/13/2011,52.550000,52.550000,52.550000,52.550000
05/16/2011,54.850000,54.850000,54.850000,54.850000
05/17/2011,53.970000,53.970000,53.970000,53.970000
05/18/2011,51.910000,51.910000,51.910000,51.910000
05/19/2011,50.610000,50.610000,50.610000,50.610000
05/20/2011,54.800000,54.800000,54.800000,54.800000
05/23/2011,57.280000,57.280000,57.280000,57.280000
05/24/2011,56.920000,56.920000,56.920000,56.920000
05/25/2011,56.500000,56.500000,56.500000,56.500000
05/26/2011,54.540000,54.540000,54.540000,54.540000
05/27/2011,54.810000,54.810000,54.810000,54.810000
05/31/2011,52.630000,52.630000,52.630000,52.630000
06/01/2011,58.200000,58.200000,58.200000,58.200000
06/02/2011,57.490000,57.490000,57.490000,57.490000
06/03/2011,57.320000,57.320000,57.320000,57.320000
06/06/2011,55.660000,55.660000,55.660000,55.660000
06/07/2011,55.840000,55.840000,55.840000,55.840000
06/08/2011,56.760000,56.760000,56.760000,56.760000
06/09/2011,55.660000,55.660000,55.660000,55.660000
06/10/2011,57.130000,57.130000,57.130000,57.130000
06/13/2011,58.400000,58.400000,58.400000,58.400000
06/14/2011,56.190000,56.190000,56.190000,56.190000
06/15/2011,61.120000,61.120000,61.120000,61.120000
06/16/2011,59.780000,59.780000,59.780000,59.780000
06/17/2011,59.780000,59.780000,59.780000,59.780000
06/20/2011,56.910000,56.910000,56.910000,56.910000
06/21/2011,56.610000,56.610000,56.610000,56.610000
06/22/2011,59.600000,59.600000,59.600000,59.600000
06/23/2011,57.450000,57.450000,57.450000,57.450000
06/24/2011,60.850000,60.850000,60.850000,60.850000
06/27/2011,59.120000,59.120000,59.120000,59.120000
06/28/2011,56.330000,56.330000,56.330000,56.330000
06/29/2011,52.780000,52.780000,52.780000,52.780000
06/30/2011,53.060000,53.060000,53.060000,53.060000
07/01/2011,52.960000,52.960000,52.960000,52.960000
07/05/2011,53.250000,53.250000,53.250000,53.250000
07/06/2011,54.270000,54.270000,54.270000,54.270000
07/07/2011,52.020000,52.020000,52.020000,52.020000
07/08/2011,51.490000,51.490000,51.490000,51.490000
07/11/2011,57.210000,57.210000,57.210000,57.210000
07/12/2011,58.910000,58.910000,58.910000,58.910000
07/13/2011,61.230000,61.230000,61.230000,61.230000
07/14/2011,59.330000,59.330000,59.330000,59.330000
07/15/2011,58.310000,58.310000,58.310000,58.310000
07/18/2011,59.130000,59.130000,59.130000,59.130000
07/19/2011,58.030000,58.030000,58.030000,58.030000
07/20/2011,58.460000,58.460000,58.460000,58.460000
07/21/2011,55.190000,55.190000,55.190000,55.190000
07/22/2011,55.020000,55.020000,55.020000,55.020000
07/25/2011,59.000000,59.000000,59.000000,59.000000
07/26/2011,59.990000,59.990000,59.990000,59.990000
07/27/2011,63.770000,63.770000,63.770000,63.770000
07/28/2011,64.900000,64.900000,64.900000,64.900000
07/29/2011,61.970000,61.970000,61.970000,61.970000
08/01/2011,59.580000,59.580000,59.580000,59.580000
08/02/2011,62.860000,62.860000,62.860000,62.860000
08/03/2011,61.880000,61.880000,61.880000,61.880000
08/04/2011,68.900000,68.900000,68.900000,68.900000
08/05/2011,68.530000,68.530000,68.530000,68.530000
08/08/2011,74.210000,74.210000,74.210000,74.210000
08/09/2011,62.360000,62.360000,62.360000,62.360000
08/10/2011,68.400000,68.400000,68.400000,68.400000
08/11/2011,66.190000,66.190000,66.190000,66.190000
08/12/2011,68.980000,68.980000,68.980000,68.980000
08/15/2011,67.450000,67.450000,67.450000,67.450000
08/16/2011,70.570000,70.570000,70.570000,70.570000
08/17/2011,71.120000,71.120000,71.120000,71.120000
08/18/2011,76.740000,76.740000,76.740000,76.740000
08/19/2011,75.990000,75.990000,75.990000,75.990000
08/22/2011,76.270000,76.270000,76.270000,76.270000
08/23/2011,72.370000,72.370000,72.370000,72.370000
08/24/2011,71.170000,71.170000,71.170000,71.170000
08/25/2011,74.820000,74.820000,74.820000,74.820000
08/26/2011,73.960000,73.960000,73.960000,73.960000
08/29/2011,73.700000,73.700000,73.700000,73.700000
08/30/2011,76.130000,76.130000,76.130000,76.130000
08/31/2011,75.680000,75.680000,75.680000,75.680000
09/01/2011,76.610000,76.610000,76.610000,76.610000
09/02/2011,75.640000,75.640000,75.640000,75.640000
09/06/2011,76.290000,76.290000,76.290000,76.290000
09/07/2011,74.270000,74.270000,74.270000,74.270000
09/08/2011,76.400000,76.400000,76.400000,76.400000
09/09/2011,78.590000,78.590000,78.590000,78.590000
09/12/2011,77.400000,77.400000,77.400000,77.400000
09/13/2011,80.340000,80.340000,80.340000,80.340000
09/14/2011,80.940000,80.940000,80.940000,80.940000
09/15/2011,80.010000,80.010000,80.010000,80.010000
09/16/2011,81.740000,81.740000,81.740000,81.740000
09/19/2011,81.490000,81.490000,81.490000,81.490000
09/20/2011,82.330000,82.330000,82.330000,82.330000
09/21/2011,78.470000,78.470000,78.470000,78.470000
09/22/2011,80.850000,80.850000,80.850000,80.850000
09/23/2011,79.680000,79.680000,79.680000,79.680000
09/26/2011,79.680000,79.680000,79.680000,79.680000
09/27/2011,80.820000,80.820000,80.820000,80.820000
09/28/2011,84.380000,84.380000,84.380000,84.380000
09/29/2011,80.550000,80.550000,80.550000,80.550000
09/30/2011,83.090000,83.090000,83.090000,83.090000
10/03/2011,79.050000,79.050000,79.050000,79.050000
10/04/2011,77.430000,77.430000,77.430000,77.430000
10/05/2011,77.000000,77.000000,77.000000,77.000000
10/06/2011,80.770000,80.770000,80.770000,80.770000
10/07/2011,80.160000,80.160000,80.160000,80.160000
10/10/2011,80.120000,80.120000,80.120000,80.120000
10/11/2011,77.790000,77.790000,77.790000,77.790000
10/12/2011,75.230000,75.230000,75.230000,75.230000
10/13/2011,75.290000,75.290000,75.290000,75.290000
10/14/2011,71.140000,71.140000,71.140000,71.140000
10/17/2011,76.080000,76.080000,76.080000,76.080000
10/18/2011,75.450000,75.450000,75.450000,75.450000
10/19/2011,81.770000,81.770000,81.770000,81.770000
10/20/2011,81.110000,81.110000,81.110000,81.110000
10/21/2011,82.100000,82.100000,82.100000,82.100000
10/24/2011,79.990000,79.990000,79.990000,79.990000
10/25/2011,82.520000,82.520000,82.520000,82.520000
10/26/2011,81.250000,81.250000,81.250000,81.250000
10/27/2011,75.530000,75.530000,75.530000,75.530000
10/28/2011,73.110000,73.110000,73.110000,73.110000
10/31/2011,78.990000,78.990000,78.990000,78.990000
11/01/2011,81.770000,81.770000,81.770000,81.770000
11/02/2011,80.240000,80.240000,80.240000,80.240000
11/03/2011,79.310000,79.310000,79.310000,79.310000
11/04/2011,80.440000,80.440000,80.440000,80.440000
11/07/2011,79.660000,79.660000,79.660000,79.660000
11/08/2011,78.990000,78.990000,78.990000,78.990000
11/09/2011,86.130000,86.130000,86.130000,86.130000
11/10/2011,81.390000,81.390000,81.390000,81.390000
11/11/2011,78.940000,78.940000,78.940000,78.940000
11/14/2011,83.280000,83.280000,83.280000,83.280000
11/15/2011,84.270000,84.270000,84.270000,84.270000
11/16/2011,86.750000,86.750000,86.750000,86.750000
11/17/2011,86.280000,86.280000,86.280000,86.280000
11/18/2011,86.920000,86.920000,86.920000,86.920000
11/21/2011,86.860000,86.860000,86.860000,86.860000
11/22/2011,87.660000,87.660000,87.660000,87.660000
11/23/2011,87.420000,87.420000,87.420000,87.420000
11/25/2011,89.150000,89.150000,89.150000,89.150000
11/28/2011,86.530000,86.530000,86.530000,86.530000
11/29/2011,86.440000,86.440000,86.440000,86.440000
11/30/2011,82.320000,82.320000,82.320000,82.320000
12/01/2011,83.210000,83.210000,83.210000,83.210000
12/02/2011,84.910000,84.910000,84.910000,84.910000
12/05/2011,85.740000,85.740000,85.740000,85.740000
12/06/2011,88.280000,88.280000,88.280000,88.280000
12/07/2011,88.910000,88.910000,88.910000,88.910000
12/08/2011,90.790000,90.790000,90.790000,90.790000
12/09/2011,85.130000,85.130000,85.130000,85.130000
12/12/2011,83.890000,83.890000,83.890000,83.890000
12/13/2011,84.920000,84.920000,84.920000,84.920000
12/14/2011,83.770000,83.770000,83.770000,83.770000
12/15/2011,83.690000,83.690000,83.690000,83.690000
12/16/2011,84.900000,84.900000,84.900000,84.900000
12/19/2011,86.160000,86.160000,86.160000,86.160000
12/20/2011,81.460000,81.460000,81.460000,81.460000
12/21/2011,78.150000,78.150000,78.150000,78.150000
12/22/2011,79.950000,79.950000,79.950000,79.950000
12/23/2011,82.780000,82.780000,82.780000,82.780000
12/27/2011,80.620000,80.620000,80.620000,80.620000
12/28/2011,82.360000,82.360000,82.360000,82.360000
12/29/2011,79.840000,79.840000,79.840000,79.840000
12/30/2011,79.760000,79.760000,79.760000,79.760000
01/03/2012,77.000000,77.000000,77.000000,77.000000
01/04/2012,75.080000,75.080000,75.080000,75.080000
01/05/2012,72.140000,72.140000,72.140000,72.140000
01/06/2012,71.480000,71.480000,71.480000,71.480000
01/09/2012,72.580000,72.580000,72.580000,72.580000
01/10/2012,72.460000,72.460000,72.460000,72.460000
01/11/2012,72.460000,72.460000,72.460000,72.460000
01/12/2012,71.580000,71.580000,71.580000,71.580000
01/13/2012,74.540000,74.540000,74.540000,74.540000
01/17/2012,74.880000,74.880000,74.880000,74.880000
01/18/2012,70.580000,70.580000,70.580000,70.580000
01/19/2012,69.420000,69.420000,69.420000,69.420000
01/20/2012,68.910000,68.910000,68.910000,68.910000
01/23/2012,70.600000,70.600000,70.600000,70.600000
01/24/2012,70.620000,70.620000,70.620000,70.620000
01/25/2012,66.970000,66.970000,66.970000,66.970000
01/26/2012,70.000000,70.000000,70.000000,70.000000
01/27/2012,67.390000,67.390000,67.390000,67.390000
01/30/2012,68.280000,68.280000,68.280000,68.280000
01/31/2012,67.950000,67.950000,67.950000,67.950000
02/01/2012,67.830000,67.830000,67.830000,67.830000
02/02/2012,65.290000,65.290000,65.290000,65.290000
02/03/2012,63.100000,63.100000,63.100000,63.100000
02/06/2012,63.820000,63.820000,63.820000,63.820000
02/07/2012,62.640000,62.640000,62.640000,62.640000
02/08/2012,66.140000,66.140000,66.140000,66.140000
02/09/2012,67.310000,67.310000,67.310000,67.310000
02/10/2012,68.680000,68.680000,68.680000,68.680000
02/13/2012,66.080000,66.080000,66.080000,66.080000
02/14/2012,66.010000,66.010000,66.010000,66.010000
02/15/2012,69.140000,69.140000,69.140000,69.140000
02/16/2012,63.180000,63.180000,63.180000,63.180000
02/17/2012,63.640000,63.640000,63.640000,63.640000
02/21/2012,66.130000,66.130000,66.130000,66.130000
02/22/2012,66.650000,66.650000,66.650000,66.650000
02/23/2012,62.670000,62.670000,62.670000,62.670000
02/24/2012,64.840000,64.840000,64.840000,64.840000
02/27/2012,65.930000,65.930000,65.930000,65.930000
02/28/2012,65.110000,65.110000,65.110000,65.110000
02/29/2012,64.390000,64.390000,64.390000,64.390000
03/01/2012,61.250000,61.250000,61.250000,61.250000
03/02/2012,63.390000,63.390000,63.390000,63.390000
03/05/2012,64.040000,64.040000,64.040000,64.040000
03/06/2012,68.460000,68.460000,68.460000,68.460000
03/07/2012,67.110000,67.110000,67.110000,67.110000
03/08/2012,63.290000,63.290000,63.290000,63.290000
03/09/2012,63.840000,63.840000,63.840000,63.840000
03/12/2012,62.280000,62.280000,62.280000,62.280000
03/13/2012,60.700000,60.700000,60.700000,60.700000
03/14/2012,61.410000,61.410000,61.410000,61.410000
03/15/2012,59.330000,59.330000,59.330000,59.330000
03/16/2012,58.860000,58.860000,58.860000,58.860000
03/19/2012,59.090000,59.090000,59.090000,59.090000
03/20/2012,58.130000,58.130000,58.130000,58.130000
03/21/2012,56.630000,56.630000,56.630000,56.630000
03/22/2012,57.170000,57.170000,57.170000,57.170000
03/23/2012,54.410000,54.410000,54.410000,54.410000
03/26/2012,50.220000,50.220000,50.220000,50.220000
03/27/2012,54.660000,54.660000,54.660000,54.660000
03/28/2012,53.190000,53.190000,53.190000,53.190000
03/29/2012,52.370000,52.370000,52.370000,52.370000
03/30/2012,54.030000,54.030000,54.030000,54.030000
04/02/2012,54.340000,54.340000,54.340000,54.340000
04/03/2012,54.180000,54.180000,54.180000,54.180000
04/04/2012,55.690000,55.690000,55.690000,55.690000
04/05/2012,57.020000,57.020000,57.020000,57.020000
04/09/2012,59.090000,59.090000,59.090000,59.090000
04/10/2012,63.470000,63.470000,63.470000,63.470000
04/11/2012,63.410000,63.410000,63.410000,63.410000
04/12/2012,56.230000,56.230000,56.230000,56.230000
04/13/2012,60.930000,60.930000,60.930000,60.930000
04/16/2012,61.860000,61.860000,61.860000,61.860000
04/17/2012,56.600000,56.600000,56.600000,56.600000
04/18/2012,59.190000,59.190000,59.190000,59.190000
04/19/2012,60.130000,60.130000,60.130000,60.130000
04/20/2012,61.440000,61.440000,61.440000,61.440000
04/23/2012,65.520000,65.520000,65.520000,65.520000
04/24/2012,64.860000,64.860000,64.860000,64.860000
04/25/2012,60.300000,60.300000,60.300000,60.300000
04/26/2012,56.500000,56.500000,56.500000,56.500000
04/27/2012,57.540000,57.540000,57.540000,57.540000
04/30/2012,58.730000,58.730000,58.730000,58.730000
05/02/2012,58.690000,58.690000,58.690000,58.690000
05/03/2012,61.550000,61.550000,61.550000,61.550000
05/04/2012,63.410000,63.410000,63.410000,63.410000
05/07/2012,61.970000,61.970000,61.970000,61.970000
05/08/2012,61.060000,61.060000,61.060000,61.060000
05/09/2012,62.330000,62.330000,62.330000,62.330000
05/10/2012,62.260000,62.260000,62.260000,62.260000
05/11/2012,64.080000,64.080000,64.080000,64.080000
05/14/2012,66.200000,66.200000,66.200000,66.200000
05/15/2012,67.510000,67.510000,67.510000,67.510000
05/16/2012,67.090000,67.090000,67.090000,67.090000
05/17/2012,67.740000,67.740000,67.740000,67.740000
05/18/2012,70.090000,70.090000,70.090000,70.090000
05/21/2012,68.910000,68.910000,68.910000,68.910000
05/22/2012,70.060000,70.060000,70.060000,70.060000
05/23/2012,66.480000,66.480000,66.480000,66.480000
05/24/2012,65.530000,65.530000,65.530000,65.530000
05/25/2012,67.230000,67.230000,67.230000,67.230000
05/29/2012,65.060000,65.060000,65.060000,65.060000
05/30/2012,69.240000,69.240000,69.240000,69.240000
05/31/2012,68.280000,68.280000,68.280000,68.280000
06/01/2012,72.150000,72.150000,72.150000,72.150000
06/04/2012,69.720000,69.720000,69.720000,69.720000
06/05/2012,71.290000,71.290000,71.290000,71.290000
06/06/2012,69.150000,69.150000,69.150000,69.150000
06/07/2012,68.470000,68.470000,68.470000,68.470000
06/08/2012,67.680000,67.680000,67.680000,67.680000
06/11/2012,72.740000,72.740000,72.740000,72.740000
06/12/2012,71.670000,71.670000,71.670000,71.670000
06/13/2012,76.580000,76.580000,76.580000,76.580000
06/14/2012,69.610000,69.610000,69.610000,69.610000
06/15/2012,66.110000,66.110000,66.110000,66.110000
06/18/2012,65.480000,65.480000,65.480000,65.480000
06/19/2012,66.190000,66.190000,66.190000,66.190000
06/20/2012,65.610000,65.610000,65.610000,65.610000
06/21/2012,71.990000,71.990000,71.990000,71.990000
06/22/2012,65.710000,65.710000,65.710000,65.710000
06/25/2012,67.230000,67.230000,67.230000,67.230000
06/26/2012,66.140000,66.140000,66.140000,66.140000
06/27/2012,69.020000,69.020000,69.020000,69.020000
06/28/2012,68.220000,68.220000,68.220000,68.220000
06/29/2012,62.470000,62.470000,62.470000,62.470000
07/02/2012,60.170000,60.170000,60.170000,60.170000
07/03/2012,60.150000,60.150000,60.150000,60.150000
07/05/2012,64.740000,64.740000,64.740000,64.740000
07/06/2012,62.030000,62.030000,62.030000,62.030000
07/09/2012,62.710000,62.710000,62.710000,62.710000
07/10/2012,63.310000,63.310000,63.310000,63.310000
07/11/2012,61.580000,61.580000,61.580000,61.580000
07/12/2012,61.560000,61.560000,61.560000,61.560000
07/13/2012,58.910000,58.910000,58.910000,58.910000
07/16/2012,59.950000,59.950000,59.950000,59.950000
07/17/2012,57.780000,57.780000,57.780000,57.780000
07/18/2012,59.030000,59.030000,59.030000,59.030000
07/19/2012,58.930000,58.930000,58.930000,58.930000
07/20/2012,62.670000,62.670000,62.670000,62.670000
07/23/2012,67.100000,67.100000,67.100000,67.100000
07/24/2012,70.940000,70.940000,70.940000,70.940000
07/25/2012,72.670000,72.670000,72.670000,72.670000
07/26/2012,65.600000,65.600000,65.600000,65.600000
07/27/2012,65.510000,65.510000,65.510000,65.510000
07/30/2012,66.850000,66.850000,66.850000,66.850000
07/31/2012,67.720000,67.720000,67.720000,67.720000
08/01/2012,68.700000,68.700000,68.700000,68.700000
08/02/2012,64.350000,64.350000,64.350000,64.350000
08/03/2012,61.320000,61.320000,61.320000,61.320000
08/06/2012,61.490000,61.490000,61.490000,61.490000
08/07/2012,64.940000,64.940000,64.940000,64.940000
08/08/2012,62.050000,62.050000,62.050000,62.050000
08/09/2012,60.570000,60.570000,60.570000,60.570000
08/10/2012,61.780000,61.780000,61.780000,61.780000
08/13/2012,60.510000,60.510000,60.510000,60.510000
08/14/2012,64.560000,64.560000,64.560000,64.560000
08/15/2012,64.740000,64.740000,64.740000,64.740000
08/16/2012,63.670000,63.670000,63.670000,63.670000
08/17/2012,61.620000,61.620000,61.620000,61.620000
08/20/2012,62.390000,62.390000,62.390000,62.390000
08/21/2012,61.570000,61.570000,61.570000,61.570000
08/22/2012,61.620000,61.620000,61.620000,61.620000
08/23/2012,62.910000,62.910000,62.910000,62.910000
08/24/2012,60.420000,60.420000,60.420000,60.420000
08/27/2012,63.810000,63.810000,63.810000,63.810000
08/28/2012,63.160000,63.160000,63.160000,63.160000
08/29/2012,65.050000,65.050000,65.050000,65.050000
08/30/2012,64.110000,64.110000,64.110000,64.110000
08/31/2012,63.470000,63.470000,63.470000,63.470000
09/04/2012,62.440000,62.440000,62.440000,62.440000
09/05/2012,60.200000,60.200000,60.200000,60.200000
09/06/2012,55.680000,55.680000,55.680000,55.680000
09/07/2012,53.320000,53.320000,53.320000,53.320000
09/10/2012,56.370000,56.370000,56.370000,56.370000
09/11/2012,57.120000,57.120000,57.120000,57.120000
09/12/2012,55.780000,55.780000,55.780000,55.780000
09/13/2012,51.360000,51.360000,51.360000,51.360000
09/14/2012,54.240000,54.240000,54.240000,54.240000
09/17/2012,54.060000,54.060000,54.060000,54.060000
09/18/2012,51.710000,51.710000,51.710000,51.710000
09/19/2012,50.870000,50.870000,50.870000,50.870000
09/20/2012,52.290000,52.290000,52.290000,52.290000
09/21/2012,52.420000,52.420000,52.420000,52.420000
09/24/2012,50.520000,50.520000,50.520000,50.520000
09/25/2012,53.590000,53.590000,53.590000,53.590000
09/26/2012,54.690000,54.690000,54.690000,54.690000
09/27/2012,48.550000,48.550000,48.550000,48.550000
09/28/2012,50.510000,50.510000,50.510000,50.510000
10/01/2012,51.500000,51.500000,51.500000,51.500000
10/02/2012,50.570000,50.570000,50.570000,50.570000
10/03/2012,49.390000,49.390000,49.390000,49.390000
10/04/2012,48.080000,48.080000,48.080000,48.080000
10/05/2012,48.000000,48.000000,48.000000,48.000000
10/08/2012,48.620000,48.620000,48.620000,48.620000
10/09/2012,51.290000,51.290000,51.290000,51.290000
10/10/2012,51.540000,51.540000,51.540000,51.540000
10/11/2012,49.280000,49.280000,49.280000,49.280000
10/12/2012,50.850000,50.850000,50.850000,50.850000
10/15/2012,49.030000,49.030000,49.030000,49.030000
10/16/2012,49.740000,49.740000,49.740000,49.740000
10/17/2012,49.550000,49.550000,49.550000,49.550000
10/18/2012,48.490000,48.490000,48.490000,48.490000
10/19/2012,51.940000,51.940000,51.940000,51.940000
10/22/2012,52.350000,52.350000,52.350000,52.350000
10/23/2012,56.330000,56.330000,56.330000,56.330000
10/24/2012,57.220000,57.220000,57.220000,57.220000
10/25/2012,56.610000,56.610000,56.610000,56.610000
10/26/2012,56.680000,56.680000,56.680000,56.680000
10/31/2012,56.990000,56.990000,56.990000,56.990000
11/01/2012,52.930000,52.930000,52.930000,52.930000
11/02/2012,54.060000,54.060000,54.060000,54.060000
11/05/2012,55.420000,55.420000,55.420000,55.420000
11/06/2012,53.380000,53.380000,53.380000,53.380000
11/07/2012,57.130000,57.130000,57.130000,57.130000
11/08/2012,57.200000,57.200000,57.200000,57.200000
11/09/2012,58.990000,58.990000,58.990000,58.990000
11/12/2012,56.370000,56.370000,56.370000,56.370000
11/13/2012,56.470000,56.470000,56.470000,56.470000
11/14/2012,59.960000,59.960000,59.960000,59.960000
11/15/2012,57.720000,57.720000,57.720000,57.720000
11/16/2012,54.420000,54.420000,54.420000,54.420000
11/19/2012,50.870000,50.870000,50.870000,50.870000
11/20/2012,50.840000,50.840000,50.840000,50.840000
11/21/2012,53.380000,53.380000,53.380000,53.380000
11/23/2012,51.760000,51.760000,51.760000,51.760000
11/26/2012,51.500000,51.500000,51.500000,51.500000
11/27/2012,53.580000,53.580000,53.580000,53.580000
11/28/2012,51.220000,51.220000,51.220000,51.220000
11/29/2012,51.070000,51.070000,51.070000,51.070000
11/30/2012,52.600000,52.600000,52.600000,52.600000
12/03/2012,55.140000,55.140000,55.140000,55.140000
12/04/2012,56.330000,56.330000,56.330000,56.330000
12/05/2012,53.970000,53.970000,53.970000,53.970000
12/06/2012,54.750000,54.750000,54.750000,54.750000
12/07/2012,52.140000,52.140000,52.140000,52.140000
12/10/2012,52.190000,52.190000,52.190000,52.190000
12/11/2012,52.070000,52.070000,52.070000,52.070000
12/12/2012,53.090000,53.090000,53.090000,53.090000
12/13/2012,53.820000,53.820000,53.820000,53.820000
12/14/2012,53.680000,53.680000,53.680000,53.680000
12/17/2012,51.040000,51.040000,51.040000,51.040000
12/18/2012,47.830000,47.830000,47.830000,47.830000
12/19/2012,52.860000,52.860000,52.860000,52.860000
12/20/2012,52.850000,52.850000,52.850000,52.850000
12/21/2012,53.200000,53.200000,53.200000,53.200000
12/24/2012,54.390000,54.390000,54.390000,54.390000
12/26/2012,57.620000,57.620000,57.620000,57.620000
12/27/2012,56.110000,56.110000,56.110000,56.110000
12/28/2012,60.430000,60.430000,60.430000,60.430000
12/31/2012,50.330000,50.330000,50.330000,50.330000
01/02/2013,45.820000,45.820000,45.820000,45.820000
01/03/2013,48.830000,48.830000,48.830000,48.830000
01/04/2013,49.530000,49.530000,49.530000,49.530000
01/07/2013,49.400000,49.400000,49.400000,49.400000
01/08/2013,50.190000,50.190000,50.190000,50.190000
01/09/2013,51.210000,51.210000,51.210000,51.210000
01/10/2013,48.940000,48.940000,48.940000,48.940000
01/11/2013,49.110000,49.110000,49.110000,49.110000
01/14/2013,50.370000,50.370000,50.370000,50.370000
01/15/2013,50.690000,50.690000,50.690000,50.690000
01/16/2013,50.670000,50.670000,50.670000,50.670000
01/17/2013,50.790000,50.790000,50.790000,50.790000
01/18/2013,48.360000,48.360000,48.360000,48.360000
01/22/2013,47.300000,47.300000,47.300000,47.300000
01/23/2013,46.960000,46.960000,46.960000,46.960000
01/24/2013,49.380000,49.380000,49.380000,49.380000
01/25/2013,49.230000,49.230000,49.230000,49.230000
01/28/2013,49.750000,49.750000,49.750000,49.750000
01/29/2013,46.550000,46.550000,46.550000,46.550000
01/30/2013,50.370000,50.370000,50.370000,50.370000
01/31/2013,51.750000,51.750000,51.750000,51.750000
02/01/2013,47.350000,47.350000,47.350000,47.350000
02/04/2013,50.120000,50.120000,50.120000,50.120000
02/05/2013,47.470000,47.470000,47.470000,47.470000
02/06/2013,46.080000,46.080000,46.080000,46.080000
02/07/2013,45.770000,45.770000,45.770000,45.770000
02/08/2013,45.060000,45.060000,45.060000,45.060000
02/11/2013,43.410000,43.410000,43.410000,43.410000
02/12/2013,43.320000,43.320000,43.320000,43.320000
02/13/2013,45.110000,45.110000,45.110000,45.110000
02/14/2013,43.740000,43.740000,43.740000,43.740000
02/15/2013,43.320000,43.320000,43.320000,43.320000
02/19/2013,42.220000,42.220000,42.220000,42.220000
02/20/2013,48.440000,48.440000,48.440000,48.440000
02/21/2013,49.930000,49.930000,49.930000,49.930000
02/22/2013,46.400000,46.400000,46.400000,46.400000
02/25/2013,56.700000,56.700000,56.700000,56.700000
02/26/2013,52.600000,52.600000,52.600000,52.600000
02/27/2013,46.700000,46.700000,46.700000,46.700000
02/28/2013,48.680000,48.680000,48.680000,48.680000
03/01/2013,49.870000,49.870000,49.870000,49.870000
03/04/2013,45.360000,45.360000,45.360000,45.360000
03/05/2013,44.320000,44.320000,44.320000,44.320000
03/06/2013,45.730000,45.730000,45.730000,45.730000
03/07/2013,44.830000,44.830000,44.830000,44.830000
03/08/2013,45.580000,45.580000,45.580000,45.580000
03/11/2013,44.810000,44.810000,44.810000,44.810000
03/12/2013,46.650000,46.650000,46.650000,46.650000
03/13/2013,46.040000,46.040000,46.040000,46.040000
03/14/2013,43.880000,43.880000,43.880000,43.880000
03/15/2013,45.490000,45.490000,45.490000,45.490000
03/18/2013,51.120000,51.120000,51.120000,51.120000
03/19/2013,51.720000,51.720000,51.720000,51.720000
03/20/2013,46.690000,46.690000,46.690000,46.690000
03/21/2013,49.240000,49.240000,49.240000,49.240000
03/22/2013,50.200000,50.200000,50.200000,50.200000
03/25/2013,49.680000,49.680000,49.680000,49.680000
03/26/2013,47.980000,47.980000,47.980000,47.980000
03/27/2013,47.690000,47.690000,47.690000,47.690000
03/28/2013,45.770000,45.770000,45.770000,45.770000
04/01/2013,48.640000,48.640000,48.640000,48.640000
04/02/2013,45.450000,45.450000,45.450000,45.450000
04/03/2013,48.030000,48.030000,48.030000,48.030000
04/04/2013,46.560000,46.560000,46.560000,46.560000
04/05/2013,44.820000,44.820000,44.820000,44.820000
04/08/2013,42.060000,42.060000,42.060000,42.060000
04/09/2013,41.040000,41.040000,41.040000,41.040000
04/10/2013,39.650000,39.650000,39.650000,39.650000
04/11/2013,40.020000,40.020000,40.020000,40.020000
04/12/2013,39.930000,39.930000,39.930000,39.930000
04/15/2013,48.530000,48.530000,48.530000,48.530000
04/16/2013,42.930000,42.930000,42.930000,42.930000
04/17/2013,47.660000,47.660000,47.660000,47.660000
04/18/2013,51.300000,51.300000,51.300000,51.300000
04/19/2013,47.430000,47.430000,47.430000,47.430000
04/22/2013,46.280000,46.280000,46.280000,46.280000
04/23/2013,42.580000,42.580000,42.580000,42.580000
04/24/2013,44.410000,44.410000,44.410000,44.410000
04/25/2013,45.910000,45.910000,45.910000,45.910000
04/26/2013,46.810000,46.810000,46.810000,46.810000
04/29/2013,45.120000,45.120000,45.120000,45.120000
04/30/2013,44.710000,44.710000,44.710000,44.710000
05/01/2013,48.560000,48.560000,48.560000,48.560000
05/02/2013,45.600000,45.600000,45.600000,45.600000
05/03/2013,42.460000,42.460000,42.460000,42.460000
05/06/2013,41.720000,41.720000,41.720000,41.720000
05/07/2013,42.780000,42.780000,42.780000,42.780000
05/08/2013,44.360000,44.360000,44.360000,44.360000
05/09/2013,46.730000,46.730000,46.730000,46.730000
05/10/2013,45.280000,45.280000,45.280000,45.280000
05/13/2013,46.940000,46.940000,46.940000,46.940000
05/14/2013,47.620000,47.620000,47.620000,47.620000
05/15/2013,46.200000,46.200000,46.200000,46.200000
05/16/2013,48.140000,48.140000,48.140000,48.140000
05/17/2013,45.680000,45.680000,45.680000,45.680000
05/20/2013,47.320000,47.320000,47.320000,47.320000
05/21/2013,47.430000,47.430000,47.430000,47.430000
05/22/2013,49.900000,49.900000,49.900000,49.900000
05/23/2013,48.560000,48.560000,48.560000,48.560000
05/24/2013,48.180000,48.180000,48.180000,48.180000
05/28/2013,46.840000,46.840000,46.840000,46.840000
05/29/2013,47.260000,47.260000,47.260000,47.260000
05/30/2013,45.560000,45.560000,45.560000,45.560000
05/31/2013,48.970000,48.970000,48.970000,48.970000
06/03/2013,48.230000,48.230000,48.230000,48.230000
06/04/2013,49.180000,49.180000,49.180000,49.180000
06/05/2013,49.990000,49.990000,49.990000,49.990000
06/06/2013,48.730000,48.730000,48.730000,48.730000
06/07/2013,45.550000,45.550000,45.550000,45.550000
06/10/2013,47.200000,47.200000,47.200000,47.200000
06/11/2013,51.920000,51.920000,51.920000,51.920000
06/12/2013,56.100000,56.100000,56.100000,56.100000
06/13/2013,51.230000,51.230000,51.230000,51.230000
06/14/2013,53.080000,53.080000,53.080000,53.080000
06/17/2013,53.600000,53.600000,53.600000,53.600000
06/18/2013,53.240000,53.240000,53.240000,53.240000
06/19/2013,52.720000,52.720000,52.720000,52.720000
06/20/2013,58.610000,58.610000,58.610000,58.610000
06/21/2013,54.920000,54.920000,54.920000,54.920000
06/24/2013,59.670000,59.670000,59.670000,59.670000
06/25/2013,57.460000,57.460000,57.460000,57.460000
06/26/2013,56.120000,56.120000,56.120000,56.120000
06/27/2013,55.750000,55.750000,55.750000,55.750000
06/28/2013,55.710000,55.710000,55.710000,55.710000
07/01/2013,53.400000,53.400000,53.400000,53.400000
07/02/2013,53.880000,53.880000,53.880000,53.880000
07/03/2013,53.260000,53.260000,53.260000,53.260000
07/05/2013,49.990000,49.990000,49.990000,49.990000
07/08/2013,48.320000,48.320000,48.320000,48.320000
07/09/2013,47.160000,47.160000,47.160000,47.160000
07/10/2013,47.360000,47.360000,47.360000,47.360000
07/11/2013,48.260000,48.260000,48.260000,48.260000
07/12/2013,48.690000,48.690000,48.690000,48.690000
07/15/2013,48.750000,48.750000,48.750000,48.750000
07/16/2013,51.290000,51.290000,51.290000,51.290000
07/17/2013,49.360000,49.360000,49.360000,49.360000
07/18/2013,49.060000,49.060000,49.060000,49.060000
07/19/2013,47.920000,47.920000,47.920000,47.920000
07/22/2013,46.490000,46.490000,46.490000,46.490000
07/23/2013,47.720000,47.720000,47.720000,47.720000
07/24/2013,50.160000,50.160000,50.160000,50.160000
07/25/2013,48.020000,48.020000,48.020000,48.020000
07/26/2013,47.290000,47.290000,47.290000,47.290000
07/29/2013,47.520000,47.520000,47.520000,47.520000
07/30/2013,46.040000,46.040000,46.040000,46.040000
07/31/2013,46.720000,46.720000,46.720000,46.720000
08/01/2013,45.150000,45.150000,45.150000,45.150000
08/02/2013,43.340000,43.340000,43.340000,43.340000
08/05/2013,41.970000,41.970000,41.970000,41.970000
08/06/2013,45.420000,45.420000,45.420000,45.420000
08/07/2013,45.580000,45.580000,45.580000,45.580000
08/08/2013,45.370000,45.370000,45.370000,45.370000
08/09/2013,47.300000,47.300000,47.300000,47.300000
08/12/2013,47.380000,47.380000,47.380000,47.380000
08/13/2013,45.020000,45.020000,45.020000,45.020000
08/14/2013,45.780000,45.780000,45.780000,45.780000
08/15/2013,49.060000,49.060000,49.060000,49.060000
08/16/2013,48.570000,48.570000,48.570000,48.570000
08/19/2013,50.270000,50.270000,50.270000,50.270000
08/20/2013,49.360000,49.360000,49.360000,49.360000
08/21/2013,50.310000,50.310000,50.310000,50.310000
08/22/2013,47.980000,47.980000,47.980000,47.980000
08/23/2013,46.430000,46.430000,46.430000,46.430000
08/26/2013,48.300000,48.300000,48.300000,48.300000
08/27/2013,52.370000,52.370000,52.370000,52.370000
08/28/2013,52.530000,52.530000,52.530000,52.530000
08/29/2013,54.180000,54.180000,54.180000,54.180000
08/30/2013,54.120000,54.120000,54.120000,54.120000
09/03/2013,52.240000,52.240000,52.240000,52.240000
09/04/2013,51.100000,51.100000,51.100000,51.100000
09/05/2013,49.450000,49.450000,49.450000,49.450000
09/06/2013,49.530000,49.530000,49.530000,49.530000
09/09/2013,48.070000,48.070000,48.070000,48.070000
09/10/2013,45.580000,45.580000,45.580000,45.580000
09/11/2013,43.880000,43.880000,43.880000,43.880000
09/12/2013,46.420000,46.420000,46.420000,46.420000
09/13/2013,46.920000,46.920000,46.920000,46.920000
09/16/2013,46.790000,46.790000,46.790000,46.790000
09/17/2013,48.320000,48.320000,48.320000,48.320000
09/18/2013,46.920000,46.920000,46.920000,46.920000
09/19/2013,47.490000,47.490000,47.490000,47.490000
09/20/2013,48.280000,48.280000,48.280000,48.280000
09/23/2013,50.070000,50.070000,50.070000,50.070000
09/24/2013,49.500000,49.500000,49.500000,49.500000
09/25/2013,47.930000,47.930000,47.930000,47.930000
09/26/2013,46.260000,46.260000,46.260000,46.260000
09/27/2013,47.640000,47.640000,47.640000,47.640000
09/30/2013,50.470000,50.470000,50.470000,50.470000
10/01/2013,48.180000,48.180000,48.180000,48.180000
10/02/2013,48.480000,48.480000,48.480000,48.480000
10/03/2013,51.430000,51.430000,51.430000,51.430000
10/04/2013,50.560000,50.560000,50.560000,50.560000
10/07/2013,55.920000,55.920000,55.920000,55.920000
10/08/2013,57.370000,57.370000,57.370000,57.370000
10/09/2013,53.360000,53.360000,53.360000,53.360000
10/10/2013,48.140000,48.140000,48.140000,48.140000
10/11/2013,47.380000,47.380000,47.380000,47.380000
10/14/2013,47.050000,47.050000,47.050000,47.050000
10/15/2013,53.050000,53.050000,53.050000,53.050000
10/16/2013,45.460000,45.460000,45.460000,45.460000
10/17/2013,43.690000,43.690000,43.690000,43.690000
10/18/2013,40.450000,40.450000,40.450000,40.450000
10/21/2013,41.090000,41.090000,41.090000,41.090000
10/22/2013,43.500000,43.500000,43.500000,43.500000
10/23/2013,42.520000,42.520000,42.520000,42.520000
10/24/2013,42.000000,42.000000,42.000000,42.000000
10/25/2013,42.150000,42.150000,42.150000,42.150000
10/28/2013,43.280000,43.280000,43.280000,43.280000
10/29/2013,45.350000,45.350000,45.350000,45.350000
10/30/2013,46.230000,46.230000,46.230000,46.230000
10/31/2013,47.030000,47.030000,47.030000,47.030000
11/01/2013,45.310000,45.310000,45.310000,45.310000
11/04/2013,44.320000,44.320000,44.320000,44.320000
11/05/2013,45.370000,45.370000,45.370000,45.370000
11/06/2013,44.950000,44.950000,44.950000,44.950000
11/07/2013,48.100000,48.100000,48.100000,48.100000
11/08/2013,45.320000,45.320000,45.320000,45.320000
11/11/2013,45.070000,45.070000,45.070000,45.070000
11/12/2013,45.730000,45.730000,45.730000,45.730000
11/13/2013,44.470000,44.470000,44.470000,44.470000
11/14/2013,45.080000,45.080000,45.080000,45.080000
11/15/2013,44.910000,44.910000,44.910000,44.910000
11/18/2013,45.520000,45.520000,45.520000,45.520000
11/19/2013,46.600000,46.600000,46.600000,46.600000
11/20/2013,44.860000,44.860000,44.860000,44.860000
11/21/2013,43.360000,43.360000,43.360000,43.360000
11/22/2013,39.440000,39.440000,39.440000,39.440000
11/25/2013,40.290000,40.290000,40.290000,40.290000
11/26/2013,41.380000,41.380000,41.380000,41.380000
11/27/2013,40.490000,40.490000,40.490000,40.490000
11/29/2013,41.580000,41.580000,41.580000,41.580000
12/02/2013,42.050000,42.050000,42.050000,42.050000
12/03/2013,42.570000,42.570000,42.570000,42.570000
12/04/2013,41.710000,41.710000,41.710000,41.710000
12/05/2013,42.000000,42.000000,42.000000,42.000000
12/06/2013,38.490000,38.490000,38.490000,38.490000
12/09/2013,38.750000,38.750000,38.750000,38.750000
12/10/2013,39.330000,39.330000,39.330000,39.330000
12/11/2013,42.960000,42.960000,42.960000,42.960000
12/12/2013,42.180000,42.180000,42.180000,42.180000
12/13/2013,42.450000,42.450000,42.450000,42.450000
12/16/2013,43.310000,43.310000,43.310000,43.310000
12/17/2013,42.560000,42.560000,42.560000,42.560000
12/18/2013,36.650000,36.650000,36.650000,36.650000
12/19/2013,37.390000,37.390000,37.390000,37.390000
12/20/2013,36.770000,36.770000,36.770000,36.770000
12/23/2013,35.150000,35.150000,35.150000,35.150000
12/24/2013,34.060000,34.060000,34.060000,34.060000
12/26/2013,33.810000,33.810000,33.810000,33.810000
12/27/2013,34.300000,34.300000,34.300000,34.300000
12/30/2013,37.850000,37.850000,37.850000,37.850000
12/31/2013,39.200000,39.200000,39.200000,39.200000
01/02/2014,38.530000,38.530000,38.530000,38.530000
01/03/2014,38.720000,38.720000,38.720000,38.720000
01/06/2014,37.680000,37.680000,37.680000,37.680000
01/07/2014,37.200000,37.200000,37.200000,37.200000
01/08/2014,36.610000,36.610000,36.610000,36.610000
01/09/2014,35.800000,35.800000,35.800000,35.800000
01/10/2014,35.350000,35.350000,35.350000,35.350000
01/13/2014,39.840000,39.840000,39.840000,39.840000
01/14/2014,37.750000,37.750000,37.750000,37.750000
01/15/2014,37.710000,37.710000,37.710000,37.710000
01/16/2014,37.700000,37.700000,37.700000,37.700000
01/17/2014,38.930000,38.930000,38.930000,38.930000
01/21/2014,38.740000,38.740000,38.740000,38.740000
01/22/2014,38.300000,38.300000,38.300000,38.300000
01/23/2014,39.370000,39.370000,39.370000,39.370000
01/24/2014,45.200000,45.200000,45.200000,45.200000
01/27/2014,46.270000,46.270000,46.270000,46.270000
01/28/2014,45.470000,45.470000,45.470000,45.470000
01/29/2014,47.630000,47.630000,47.630000,47.630000
01/30/2014,45.580000,45.580000,45.580000,45.580000
01/31/2014,51.700000,51.700000,51.700000,51.700000
02/03/2014,55.170000,55.170000,55.170000,55.170000
02/04/2014,50.390000,50.390000,50.390000,50.390000
02/05/2014,52.950000,52.950000,52.950000,52.950000
02/06/2014,47.330000,47.330000,47.330000,47.330000
02/07/2014,42.620000,42.620000,42.620000,42.620000
02/10/2014,41.300000,41.300000,41.300000,41.300000
02/11/2014,40.040000,40.040000,40.040000,40.040000
02/12/2014,41.020000,41.020000,41.020000,41.020000
02/13/2014,40.630000,40.630000,40.630000,40.630000
02/14/2014,40.160000,40.160000,40.160000,40.160000
02/18/2014,40.340000,40.340000,40.340000,40.340000
02/19/2014,44.510000,44.510000,44.510000,44.510000
02/20/2014,41.060000,41.060000,41.060000,41.060000
02/21/2014,40.460000,40.460000,40.460000,40.460000
02/24/2014,40.570000,40.570000,40.570000,40.570000
02/25/2014,41.290000,41.290000,41.290000,41.290000
02/26/2014,41.730000,41.730000,41.730000,41.730000
02/27/2014,40.250000,40.250000,40.250000,40.250000
02/28/2014,41.000000,41.000000,41.000000,41.000000
03/03/2014,45.690000,45.690000,45.690000,45.690000
03/04/2014,41.410000,41.410000,41.410000,41.410000
03/05/2014,40.660000,40.660000,40.660000,40.660000
03/06/2014,41.520000,41.520000,41.520000,41.520000
03/07/2014,41.680000,41.680000,41.680000,41.680000
03/10/2014,42.190000,42.190000,42.190000,42.190000
03/11/2014,43.280000,43.280000,43.280000,43.280000
03/12/2014,42.670000,42.670000,42.670000,42.670000
03/13/2014,46.500000,46.500000,46.500000,46.500000
03/14/2014,48.610000,48.610000,48.610000,48.610000
03/17/2014,44.610000,44.610000,44.610000,44.610000
03/18/2014,42.770000,42.770000,42.770000,42.770000
03/19/2014,43.450000,43.450000,43.450000,43.450000
03/20/2014,42.290000,42.290000,42.290000,42.290000
03/21/2014,44.180000,44.180000,44.180000,44.180000
03/24/2014,44.890000,44.890000,44.890000,44.890000
03/25/2014,43.360000,43.360000,43.360000,43.360000
03/26/2014,46.320000,46.320000,46.320000,46.320000
03/27/2014,46.430000,46.430000,46.430000,46.430000
03/28/2014,45.410000,45.410000,45.410000,45.410000
03/31/2014,43.160000,43.160000,43.160000,43.160000
04/01/2014,41.250000,41.250000,41.250000,41.250000
04/02/2014,41.730000,41.730000,41.730000,41.730000
04/03/2014,39.590000,39.590000,39.590000,39.590000
04/04/2014,40.560000,40.560000,40.560000,40.560000
04/07/2014,43.680000,43.680000,43.680000,43.680000
04/08/2014,42.300000,42.300000,42.300000,42.300000
04/09/2014,38.440000,38.440000,38.440000,38.440000
04/10/2014,43.100000,43.100000,43.100000,43.100000
04/11/2014,47.390000,47.390000,47.390000,47.390000
04/14/2014,46.610000,46.610000,46.610000,46.610000
04/15/2014,46.590000,46.590000,46.590000,46.590000
04/16/2014,43.590000,43.590000,43.590000,43.590000
04/17/2014,44.550000,44.550000,44.550000,44.550000
04/21/2014,45.900000,45.900000,45.900000,45.900000
04/22/2014,44.350000,44.350000,44.350000,44.350000
04/23/2014,45.960000,45.960000,45.960000,45.960000
04/24/2014,46.050000,46.050000,46.050000,46.050000
04/25/2014,48.140000,48.140000,48.140000,48.140000
04/28/2014,44.900000,44.900000,44.900000,44.900000
04/29/2014,44.560000,44.560000,44.560000,44.560000
04/30/2014,43.950000,43.950000,43.950000,43.950000
05/01/2014,43.960000,43.960000,43.960000,43.960000
05/02/2014,46.640000,46.640000,46.640000,46.640000
05/05/2014,44.500000,44.500000,44.500000,44.500000
05/06/2014,47.570000,47.570000,47.570000,47.570000
05/07/2014,45.440000,45.440000,45.440000,45.440000
05/08/2014,45.920000,45.920000,45.920000,45.920000
05/09/2014,46.370000,46.370000,46.370000,46.370000
05/12/2014,42.850000,42.850000,42.850000,42.850000
05/13/2014,45.470000,45.470000,45.470000,45.470000
05/14/2014,47.080000,47.080000,47.080000,47.080000
05/15/2014,48.810000,48.810000,48.810000,48.810000
05/16/2014,46.210000,46.210000,46.210000,46.210000
05/19/2014,47.890000,47.890000,47.890000,47.890000
05/20/2014,47.050000,47.050000,47.050000,47.050000
05/21/2014,44.580000,44.580000,44.580000,44.580000
05/22/2014,45.490000,45.490000,45.490000,45.490000
05/23/2014,44.820000,44.820000,44.820000,44.820000
05/27/2014,43.630000,43.630000,43.630000,43.630000
05/28/2014,43.880000,43.880000,43.880000,43.880000
05/29/2014,43.320000,43.320000,43.320000,43.320000
05/30/2014,42.770000,42.770000,42.770000,42.770000
06/02/2014,43.800000,43.800000,43.800000,43.800000
06/03/2014,43.970000,43.970000,43.970000,43.970000
06/04/2014,43.020000,43.020000,43.020000,43.020000
06/05/2014,40.800000,40.800000,40.800000,40.800000
06/06/2014,37.880000,37.880000,37.880000,37.880000
06/09/2014,37.930000,37.930000,37.930000,37.930000
06/10/2014,37.980000,37.980000,37.980000,37.980000
06/11/2014,38.930000,38.930000,38.930000,38.930000
06/12/2014,41.690000,41.690000,41.690000,41.690000
06/13/2014,40.160000,40.160000,40.160000,40.160000
06/16/2014,40.040000,40.040000,40.040000,40.040000
06/17/2014,37.680000,37.680000,37.680000,37.680000
06/18/2014,33.310000,33.310000,33.310000,33.310000
06/19/2014,33.010000,33.010000,33.010000,33.010000
06/20/2014,33.940000,33.940000,33.940000,33.940000
06/23/2014,36.160000,36.160000,36.160000,36.160000
06/24/2014,39.110000,39.110000,39.110000,39.110000
06/25/2014,36.670000,36.670000,36.670000,36.670000
06/26/2014,38.430000,38.430000,38.430000,38.430000
06/27/2014,35.580000,35.580000,35.580000,35.580000
06/30/2014,35.110000,35.110000,35.110000,35.110000
07/01/2014,34.290000,34.290000,34.290000,34.290000
07/02/2014,33.430000,33.430000,33.430000,33.430000
07/03/2014,32.440000,32.440000,32.440000,32.440000
07/07/2014,35.310000,35.310000,35.310000,35.310000
07/08/2014,37.280000,37.280000,37.280000,37.280000
07/09/2014,35.680000,35.680000,35.680000,35.680000
07/10/2014,38.750000,38.750000,38.750000,38.750000
07/11/2014,37.160000,37.160000,37.160000,37.160000
07/14/2014,36.010000,36.010000,36.010000,36.010000
07/15/2014,37.430000,37.430000,37.430000,37.430000
07/16/2014,35.420000,35.420000,35.420000,35.420000
07/17/2014,44.370000,44.370000,44.370000,44.370000
07/18/2014,38.580000,38.580000,38.580000,38.580000
07/21/2014,41.410000,41.410000,41.410000,41.410000
07/22/2014,40.150000,40.150000,40.150000,40.150000
07/23/2014,42.770000,42.770000,42.770000,42.770000
07/24/2014,44.090000,44.090000,44.090000,44.090000
07/25/2014,46.180000,46.180000,46.180000,46.180000
07/28/2014,44.150000,44.150000,44.150000,44.150000
07/29/2014,45.600000,45.600000,45.600000,45.600000
07/30/2014,47.460000,47.460000,47.460000,47.460000
07/31/2014,52.960000,52.960000,52.960000,52.960000
08/01/2014,52.010000,52.010000,52.010000,52.010000
08/04/2014,49.270000,49.270000,49.270000,49.270000
08/05/2014,50.870000,50.870000,50.870000,50.870000
08/06/2014,49.960000,49.960000,49.960000,49.960000
08/07/2014,50.910000,50.910000,50.910000,50.910000
08/08/2014,47.930000,47.930000,47.930000,47.930000
08/11/2014,48.130000,48.130000,48.130000,48.130000
08/12/2014,47.460000,47.460000,47.460000,47.460000
08/13/2014,44.210000,44.210000,44.210000,44.210000
08/14/2014,41.810000,41.810000,41.810000,41.810000
08/15/2014,42.150000,42.150000,42.150000,42.150000
08/18/2014,39.880000,39.880000,39.880000,39.880000
08/19/2014,39.550000,39.550000,39.550000,39.550000
08/20/2014,39.850000,39.850000,39.850000,39.850000
08/21/2014,39.570000,39.570000,39.570000,39.570000
08/22/2014,40.460000,40.460000,40.460000,40.460000
08/25/2014,38.990000,38.990000,38.990000,38.990000
08/26/2014,39.970000,39.970000,39.970000,39.970000
08/27/2014,42.600000,42.600000,42.600000,42.600000
08/28/2014,42.520000,42.520000,42.520000,42.520000
08/29/2014,42.350000,42.350000,42.350000,42.350000
09/02/2014,44.360000,44.360000,44.360000,44.360000
09/03/2014,41.710000,41.710000,41.710000,41.710000
09/04/2014,42.460000,42.460000,42.460000,42.460000
09/05/2014,39.070000,39.070000,39.070000,39.070000
09/08/2014,39.850000,39.850000,39.850000,39.850000
09/09/2014,42.130000,42.130000,42.130000,42.130000
09/10/2014,41.200000,41.200000,41.200000,41.200000
09/11/2014,40.500000,40.500000,40.500000,40.500000
09/12/2014,42.430000,42.430000,42.430000,42.430000
09/15/2014,43.870000,43.870000,43.870000,43.870000
09/16/2014,40.070000,40.070000,40.070000,40.070000
09/17/2014,38.970000,38.970000,38.970000,38.970000
09/18/2014,38.080000,38.080000,38.080000,38.080000
09/19/2014,39.050000,39.050000,39.050000,39.050000
09/22/2014,45.870000,45.870000,45.870000,45.870000
09/23/2014,47.480000,47.480000,47.480000,47.480000
09/24/2014,43.090000,43.090000,43.090000,43.090000
09/25/2014,48.320000,48.320000,48.320000,48.320000
09/26/2014,46.030000,46.030000,46.030000,46.030000
09/29/2014,48.110000,48.110000,48.110000,48.110000
09/30/2014,49.860000,49.860000,49.860000,49.860000
10/01/2014,51.240000,51.240000,51.240000,51.240000
10/02/2014,49.590000,49.590000,49.590000,49.590000
10/03/2014,45.640000,45.640000,45.640000,45.640000
10/06/2014,47.620000,47.620000,47.620000,47.620000
10/07/2014,52.080000,52.080000,52.080000,52.080000
10/08/2014,44.830000,44.830000,44.830000,44.830000
10/09/2014,54.520000,54.520000,54.520000,54.520000
10/10/2014,54.270000,54.270000,54.270000,54.270000
10/13/2014,59.140000,59.140000,59.140000,59.140000
10/14/2014,59.650000,59.650000,59.650000,59.650000
10/15/2014,56.530000,56.530000,56.530000,56.530000
10/16/2014,56.590000,56.590000,56.590000,56.590000
10/17/2014,59.330000,59.330000,59.330000,59.330000
10/20/2014,59.090000,59.090000,59.090000,59.090000
10/21/2014,55.600000,55.600000,55.600000,55.600000
10/22/2014,64.420000,64.420000,64.420000,64.420000
10/23/2014,60.070000,60.070000,60.070000,60.070000
10/24/2014,59.610000,59.610000,59.610000,59.610000
10/27/2014,60.220000,60.220000,60.220000,60.220000
10/28/2014,53.230000,53.230000,53.230000,53.230000
10/29/2014,54.300000,54.300000,54.300000,54.300000
10/30/2014,53.820000,53.820000,53.820000,53.820000
10/31/2014,52.090000,52.090000,52.090000,52.090000
11/03/2014,55.140000,55.140000,55.140000,55.140000
11/04/2014,55.040000,55.040000,55.040000,55.040000
11/05/2014,49.930000,49.930000,49.930000,49.930000
11/06/2014,46.980000,46.980000,46.980000,46.980000
11/07/2014,45.000000,45.000000,45.000000,45.000000
11/10/2014,42.810000,42.810000,42.810000,42.810000
11/11/2014,43.600000,43.600000,43.600000,43.600000
11/12/2014,44.350000,44.350000,44.350000,44.350000
11/13/2014,44.620000,44.620000,44.620000,44.620000
11/14/2014,44.080000,44.080000,44.080000,44.080000
11/17/2014,43.260000,43.260000,43.260000,43.260000
11/18/2014,41.620000,41.620000,41.620000,41.620000
11/19/2014,42.960000,42.960000,42.960000,42.960000
11/20/2014,41.230000,41.230000,41.230000,41.230000
11/21/2014,41.480000,41.480000,41.480000,41.480000
11/24/2014,40.150000,40.150000,40.150000,40.150000
11/25/2014,40.180000,40.180000,40.180000,40.180000
11/26/2014,39.760000,39.760000,39.760000,39.760000
11/28/2014,43.910000,43.910000,43.910000,43.910000
12/01/2014,43.410000,43.410000,43.410000,43.410000
12/02/2014,40.640000,40.640000,40.640000,40.640000
12/03/2014,38.750000,38.750000,38.750000,38.750000
12/04/2014,38.730000,38.730000,38.730000,38.730000
12/05/2014,37.520000,37.520000,37.520000,37.520000
12/08/2014,40.380000,40.380000,40.380000,40.380000
12/09/2014,39.840000,39.840000,39.840000,39.840000
12/10/2014,46.260000,46.260000,46.260000,46.260000
12/11/2014,50.990000,50.990000,50.990000,50.990000
12/12/2014,51.630000,51.630000,51.630000,51.630000
12/15/2014,47.970000,47.970000,47.970000,47.970000
12/16/2014,55.330000,55.330000,55.330000,55.330000
12/17/2014,46.640000,46.640000,46.640000,46.640000
12/18/2014,42.170000,42.170000,42.170000,42.170000
12/19/2014,41.910000,41.910000,41.910000,41.910000
12/22/2014,40.570000,40.570000,40.570000,40.570000
12/23/2014,41.140000,41.140000,41.140000,41.140000
12/24/2014,40.040000,40.040000,40.040000,40.040000
12/26/2014,40.900000,40.900000,40.900000,40.900000
12/29/2014,39.690000,39.690000,39.690000,39.690000
12/30/2014,42.430000,42.430000,42.430000,42.430000
12/31/2014,48.710000,48.710000,48.710000,48.710000
01/02/2015,45.320000,45.320000,45.320000,45.320000
01/05/2015,48.460000,48.460000,48.460000,48.460000
01/06/2015,50.190000,50.190000,50.190000,50.190000
01/07/2015,47.360000,47.360000,47.360000,47.360000
01/08/2015,42.700000,42.700000,42.700000,42.700000
01/09/2015,45.180000,45.180000,45.180000,45.180000
01/12/2015,49.680000,49.680000,49.680000,49.680000
01/13/2015,52.160000,52.160000,52.160000,52.160000
01/14/2015,52.690000,52.690000,52.690000,52.690000
01/15/2015,53.910000,53.910000,53.910000,53.910000
01/16/2015,53.480000,53.480000,53.480000,53.480000
01/20/2015,55.260000,55.260000,55.260000,55.260000
01/21/2015,52.400000,52.400000,52.400000,52.400000
01/22/2015,47.280000,47.280000,47.280000,47.280000
01/23/2015,50.200000,50.200000,50.200000,50.200000
01/26/2015,46.750000,46.750000,46.750000,46.750000
01/27/2015,51.020000,51.020000,51.020000,51.020000
01/28/2015,56.000000,56.000000,56.000000,56.000000
01/29/2015,52.340000,52.340000,52.340000,52.340000
01/30/2015,59.340000,59.340000,59.340000,59.340000
02/02/2015,53.450000,53.450000,53.450000,53.450000
02/03/2015,49.320000,49.320000,49.320000,49.320000
02/04/2015,51.990000,51.990000,51.990000,51.990000
02/05/2015,50.870000,50.870000,50.870000,50.870000
02/06/2015,56.710000,56.710000,56.710000,56.710000
02/09/2015,56.100000,56.100000,56.100000,56.100000
02/10/2015,52.150000,52.150000,52.150000,52.150000
02/11/2015,51.860000,51.860000,51.860000,51.860000
02/12/2015,46.090000,46.090000,46.090000,46.090000
02/13/2015,46.690000,46.690000,46.690000,46.690000
02/17/2015,47.360000,47.360000,47.360000,47.360000
02/18/2015,48.200000,48.200000,48.200000,48.200000
02/19/2015,47.500000,47.500000,47.500000,47.500000
02/20/2015,44.060000,44.060000,44.060000,44.060000
02/23/2015,42.860000,42.860000,42.860000,42.860000
02/24/2015,40.420000,40.420000,40.420000,40.420000
02/25/2015,40.470000,40.470000,40.470000,40.470000
02/26/2015,40.670000,40.670000,40.670000,40.670000
02/27/2015,41.360000,41.360000,41.360000,41.360000
03/02/2015,38.020000,38.020000,38.020000,38.020000
03/03/2015,39.880000,39.880000,39.880000,39.880000
03/04/2015,39.940000,39.940000,39.940000,39.940000
03/05/2015,38.540000,38.540000,38.540000,38.540000
03/06/2015,43.350000,43.350000,43.350000,43.350000
03/09/2015,42.010000,42.010000,42.010000,42.010000
03/10/2015,45.590000,45.590000,45.590000,45.590000
03/11/2015,47.650000,47.650000,47.650000,47.650000
03/12/2015,43.540000,43.540000,43.540000,43.540000
03/13/2015,45.830000,45.830000,45.830000,45.830000
03/16/2015,44.320000,44.320000,44.320000,44.320000
03/17/2015,45.930000,45.930000,45.930000,45.930000
03/18/2015,41.650000,41.650000,41.650000,41.650000
03/19/2015,43.630000,43.630000,43.630000,43.630000
03/20/2015,42.950000,42.950000,42.950000,42.950000
03/23/2015,44.300000,44.300000,44.300000,44.300000
03/24/2015,46.000000,46.000000,46.000000,46.000000
03/25/2015,49.970000,49.970000,49.970000,49.970000
03/26/2015,48.440000,48.440000,48.440000,48.440000
03/27/2015,45.990000,45.990000,45.990000,45.990000
03/30/2015,44.370000,44.370000,44.370000,44.370000
03/31/2015,46.870000,46.870000,46.870000,46.870000
04/01/2015,47.260000,47.260000,47.260000,47.260000
04/02/2015,45.560000,45.560000,45.560000,45.560000
04/06/2015,44.990000,44.990000,44.990000,44.990000
04/07/2015,46.150000,46.150000,46.150000,46.150000
04/08/2015,44.170000,44.170000,44.170000,44.170000
04/09/2015,40.150000,40.150000,40.150000,40.150000
04/10/2015,37.910000,37.910000,37.910000,37.910000
04/13/2015,43.030000,43.030000,43.030000,43.030000
04/14/2015,42.160000,42.160000,42.160000,42.160000
04/15/2015,40.790000,40.790000,40.790000,40.790000
04/16/2015,40.910000,40.910000,40.910000,40.910000
04/17/2015,43.050000,43.050000,43.050000,43.050000
04/20/2015,41.800000,41.800000,41.800000,41.800000
04/21/2015,41.950000,41.950000,41.950000,41.950000
04/22/2015,39.770000,39.770000,39.770000,39.770000
04/23/2015,40.680000,40.680000,40.680000,40.680000
04/24/2015,41.520000,41.520000,41.520000,41.520000
04/27/2015,43.390000,43.390000,43.390000,43.390000
04/28/2015,41.890000,41.890000,41.890000,41.890000
04/29/2015,42.540000,42.540000,42.540000,42.540000
04/30/2015,45.760000,45.760000,45.760000,45.760000
05/01/2015,40.800000,40.800000,40.800000,40.800000
05/04/2015,42.700000,42.700000,42.700000,42.700000
05/05/2015,48.070000,48.070000,48.070000,48.070000
05/06/2015,48.620000,48.620000,48.620000,48.620000
05/07/2015,47.900000,47.900000,47.900000,47.900000
05/08/2015,44.300000,44.300000,44.300000,44.300000
05/11/2015,47.670000,47.670000,47.670000,47.670000
05/12/2015,49.150000,49.150000,49.150000,49.150000
05/13/2015,46.730000,46.730000,46.730000,46.730000
05/14/2015,44.350000,44.350000,44.350000,44.350000
05/15/2015,44.770000,44.770000,44.770000,44.770000
05/18/2015,44.540000,44.540000,44.540000,44.540000
05/19/2015,43.300000,43.300000,43.300000,43.300000
05/20/2015,42.950000,42.950000,42.950000,42.950000
05/21/2015,40.550000,40.550000,40.550000,40.550000
05/22/2015,41.000000,41.000000,41.000000,41.000000
05/26/2015,45.170000,45.170000,45.170000,45.170000
05/27/2015,40.890000,40.890000,40.890000,40.890000
05/28/2015,41.940000,41.940000,41.940000,41.940000
05/29/2015,43.470000,43.470000,43.470000,43.470000
06/01/2015,43.350000,43.350000,43.350000,43.350000
06/02/2015,44.390000,44.390000,44.390000,44.390000
06/03/2015,43.820000,43.820000,43.820000,43.820000
06/04/2015,46.610000,46.610000,46.610000,46.610000
06/05/2015,46.020000,46.020000,46.020000,46.020000
06/08/2015,48.840000,48.840000,48.840000,48.840000
06/09/2015,47.340000,47.340000,47.340000,47.340000
06/10/2015,42.870000,42.870000,42.870000,42.870000
06/11/2015,41.570000,41.570000,41.570000,41.570000
06/12/2015,44.050000,44.050000,44.050000,44.050000
06/15/2015,47.510000,47.510000,47.510000,47.510000
06/16/2015,46.840000,46.840000,46.840000,46.840000
06/17/2015,46.130000,46.130000,46.130000,46.130000
06/18/2015,45.960000,45.960000,45.960000,45.960000
06/19/2015,49.120000,49.120000,49.120000,49.120000
06/22/2015,46.760000,46.760000,46.760000,46.760000
06/23/2015,43.980000,43.980000,43.980000,43.980000
06/24/2015,46.710000,46.710000,46.710000,46.710000
06/25/2015,48.700000,48.700000,48.700000,48.700000
06/26/2015,49.920000,49.920000,49.920000,49.920000
06/29/2015,57.810000,57.810000,57.810000,57.810000
06/30/2015,55.490000,55.490000,55.490000,55.490000
07/01/2015,50.960000,50.960000,50.960000,50.960000
07/02/2015,54.570000,54.570000,54.570000,54.570000
07/06/2015,56.690000,56.690000,56.690000,56.690000
07/07/2015,51.520000,51.520000,51.520000,51.520000
07/08/2015,57.770000,57.770000,57.770000,57.770000
07/09/2015,57.450000,57.450000,57.450000,57.450000
07/10/2015,52.050000,52.050000,52.050000,52.050000
07/13/2015,44.910000,44.910000,44.910000,44.910000
07/14/2015,45.060000,45.060000,45.060000,45.060000
07/15/2015,45.890000,45.890000,45.890000,45.890000
07/16/2015,41.800000,41.800000,41.800000,41.800000
07/17/2015,38.680000,38.680000,38.680000,38.680000
07/20/2015,38.550000,38.550000,38.550000,38.550000
07/21/2015,38.260000,38.260000,38.260000,38.260000
07/22/2015,39.000000,39.000000,39.000000,39.000000
07/23/2015,40.960000,40.960000,40.960000,40.960000
07/24/2015,42.840000,42.840000,42.840000,42.840000
07/27/2015,48.310000,48.310000,48.310000,48.310000
07/28/2015,40.980000,40.980000,40.980000,40.980000
07/29/2015,39.600000,39.600000,39.600000,39.600000
07/30/2015,40.210000,40.210000,40.210000,40.210000
07/31/2015,40.830000,40.830000,40.830000,40.830000
08/03/2015,39.450000,39.450000,39.450000,39.450000
08/04/2015,39.990000,39.990000,39.990000,39.990000
08/05/2015,38.830000,38.830000,38.830000,38.830000
08/06/2015,40.030000,40.030000,40.030000,40.030000
08/07/2015,39.840000,39.840000,39.840000,39.840000
08/10/2015,37.880000,37.880000,37.880000,37.880000
08/11/2015,40.050000,40.050000,40.050000,40.050000
08/12/2015,39.380000,39.380000,39.380000,39.380000
08/13/2015,41.980000,41.980000,41.980000,41.980000
08/14/2015,39.140000,39.140000,39.140000,39.140000
08/17/2015,37.740000,37.740000,37.740000,37.740000
08/18/2015,39.340000,39.340000,39.340000,39.340000
08/19/2015,40.680000,40.680000,40.680000,40.680000
08/20/2015,45.760000,45.760000,45.760000,45.760000
08/21/2015,51.230000,51.230000,51.230000,51.230000
08/24/2015,57.260000,57.260000,57.260000,57.260000
08/25/2015,57.730000,57.730000,57.730000,57.730000
08/26/2015,51.240000,51.240000,51.240000,51.240000
08/27/2015,51.830000,51.830000,51.830000,51.830000
08/28/2015,58.080000,58.080000,58.080000,58.080000
08/31/2015,55.700000,55.700000,55.700000,55.700000
09/01/2015,56.690000,56.690000,56.690000,56.690000
09/02/2015,53.180000,53.180000,53.180000,53.180000
09/03/2015,54.210000,54.210000,54.210000,54.210000
09/04/2015,56.920000,56.920000,56.920000,56.920000
09/08/2015,53.780000,53.780000,53.780000,53.780000
09/09/2015,59.570000,59.570000,59.570000,59.570000
09/10/2015,54.430000,54.430000,54.430000,54.430000
09/11/2015,52.930000,52.930000,52.930000,52.930000
09/14/2015,53.980000,53.980000,53.980000,53.980000
09/15/2015,51.890000,51.890000,51.890000,51.890000
09/16/2015,49.670000,49.670000,49.670000,49.670000
09/17/2015,51.220000,51.220000,51.220000,51.220000
09/18/2015,56.170000,56.170000,56.170000,56.170000
09/21/2015,53.750000,53.750000,53.750000,53.750000
09/22/2015,57.420000,57.420000,57.420000,57.420000
09/23/2015,52.740000,52.740000,52.740000,52.740000
09/24/2015,54.310000,54.310000,54.310000,54.310000
09/25/2015,53.670000,53.670000,53.670000,53.670000
09/28/2015,56.720000,56.720000,56.720000,56.720000
09/29/2015,54.680000,54.680000,54.680000,54.680000
09/30/2015,52.720000,52.720000,52.720000,52.720000
10/01/2015,50.650000,50.650000,50.650000,50.650000
10/02/2015,47.780000,47.780000,47.780000,47.780000
10/05/2015,46.150000,46.150000,46.150000,46.150000
10/06/2015,45.500000,45.500000,45.500000,45.500000
10/07/2015,43.810000,43.810000,43.810000,43.810000
10/08/2015,41.200000,41.200000,41.200000,41.200000
10/09/2015,42.190000,42.190000,42.190000,42.190000
10/12/2015,41.290000,41.290000,41.290000,41.290000
10/13/2015,45.720000,45.720000,45.720000,45.720000
10/14/2015,47.320000,47.320000,47.320000,47.320000
10/15/2015,43.790000,43.790000,43.790000,43.790000
10/16/2015,43.480000,43.480000,43.480000,43.480000
10/19/2015,40.600000,40.600000,40.600000,40.600000
10/20/2015,41.250000,41.250000,41.250000,41.250000
10/21/2015,44.320000,44.320000,44.320000,44.320000
10/22/2015,38.260000,38.260000,38.260000,38.260000
10/23/2015,41.870000,41.870000,41.870000,41.870000
10/26/2015,41.170000,41.170000,41.170000,41.170000
10/27/2015,41.720000,41.720000,41.720000,41.720000
10/28/2015,39.930000,39.930000,39.930000,39.930000
10/29/2015,40.780000,40.780000,40.780000,40.780000
10/30/2015,42.680000,42.680000,42.680000,42.680000
11/02/2015,38.180000,38.180000,38.180000,38.180000
11/03/2015,38.980000,38.980000,38.980000,38.980000
11/04/2015,41.590000,41.590000,41.590000,41.590000
11/05/2015,40.840000,40.840000,40.840000,40.840000
11/06/2015,39.570000,39.570000,39.570000,39.570000
11/09/2015,42.470000,42.470000,42.470000,42.470000
11/10/2015,40.950000,40.950000,40.950000,40.950000
11/11/2015,41.790000,41.790000,41.790000,41.790000
11/12/2015,47.540000,47.540000,47.540000,47.540000
11/13/2015,50.150000,50.150000,50.150000,50.150000
11/16/2015,45.510000,45.510000,45.510000,45.510000
11/17/2015,45.980000,45.980000,45.980000,45.980000
11/18/2015,41.080000,41.080000,41.080000,41.080000
11/19/2015,45.960000,45.960000,45.960000,45.960000
11/20/2015,41.980000,41.980000,41.980000,41.980000
11/23/2015,41.880000,41.880000,41.880000,41.880000
11/24/2015,41.020000,41.020000,41.020000,41.020000
11/25/2015,40.910000,40.910000,40.910000,40.910000
11/27/2015,41.130000,41.130000,41.130000,41.130000
11/30/2015,42.500000,42.500000,42.500000,42.500000
12/01/2015,38.530000,38.530000,38.530000,38.530000
12/02/2015,44.860000,44.860000,44.860000,44.860000
12/03/2015,46.340000,46.340000,46.340000,46.340000
12/04/2015,41.000000,41.000000,41.000000,41.000000
12/07/2015,45.710000,45.710000,45.710000,45.710000
12/08/2015,44.710000,44.710000,44.710000,44.710000
12/09/2015,46.230000,46.230000,46.230000,46.230000
12/10/2015,49.710000,49.710000,49.710000,49.710000
12/11/2015,52.910000,52.910000,52.910000,52.910000
12/14/2015,47.770000,47.770000,47.770000,47.770000
12/15/2015,48.130000,48.130000,48.130000,48.130000
12/16/2015,45.130000,45.130000,45.130000,45.130000
12/17/2015,49.040000,49.040000,49.040000,49.040000
12/18/2015,52.900000,52.900000,52.900000,52.900000
12/21/2015,51.300000,51.300000,51.300000,51.300000
12/22/2015,48.690000,48.690000,48.690000,48.690000
12/23/2015,47.150000,47.150000,47.150000,47.150000
12/24/2015,51.960000,51.960000,51.960000,51.960000
12/28/2015,48.040000,48.040000,48.040000,48.040000
12/29/2015,46.230000,46.230000,46.230000,46.230000
12/30/2015,48.360000,48.360000,48.360000,48.360000
12/31/2015,49.560000,49.560000,49.560000,49.560000
01/04/2016,51.080000,51.080000,51.080000,51.080000
01/05/2016,49.520000,49.520000,49.520000,49.520000
01/06/2016,50.880000,50.880000,50.880000,50.880000
01/07/2016,53.770000,53.770000,53.770000,53.770000
01/08/2016,60.070000,60.070000,60.070000,60.070000
01/11/2016,54.760000,54.760000,54.760000,54.760000
01/12/2016,52.880000,52.880000,52.880000,52.880000
01/13/2016,57.230000,57.230000,57.230000,57.230000
01/14/2016,55.430000,55.430000,55.430000,55.430000
01/15/2016,57.230000,57.230000,57.230000,57.230000
01/19/2016,59.420000,59.420000,59.420000,59.420000
01/20/2016,57.270000,57.270000,57.270000,57.270000
01/21/2016,60.120000,60.120000,60.120000,60.120000
01/22/2016,55.970000,55.970000,55.970000,55.970000
01/25/2016,58.700000,58.700000,58.700000,58.700000
01/26/2016,56.620000,56.620000,56.620000,56.620000
01/27/2016,63.200000,63.200000,63.200000,63.200000
01/28/2016,55.520000,55.520000,55.520000,55.520000
01/29/2016,56.030000,56.030000,56.030000,56.030000
02/01/2016,53.680000,53.680000,53.680000,53.680000
02/02/2016,58.370000,58.370000,58.370000,58.370000
02/03/2016,56.590000,56.590000,56.590000,56.590000
02/04/2016,57.720000,57.720000,57.720000,57.720000
02/05/2016,58.070000,58.070000,58.070000,58.070000
02/08/2016,59.020000,59.020000,59.020000,59.020000
02/09/2016,58.380000,58.380000,58.380000,58.380000
02/10/2016,59.630000,59.630000,59.630000,59.630000
02/11/2016,59.560000,59.560000,59.560000,59.560000
02/12/2016,59.810000,59.810000,59.810000,59.810000
02/16/2016,58.530000,58.530000,58.530000,58.530000
02/17/2016,57.920000,57.920000,57.920000,57.920000
02/18/2016,55.920000,55.920000,55.920000,55.920000
02/19/2016,55.530000,55.530000,55.530000,55.530000
02/22/2016,52.570000,52.570000,52.570000,52.570000
02/23/2016,55.180000,55.180000,55.180000,55.180000
02/24/2016,54.140000,54.140000,54.140000,54.140000
02/25/2016,50.550000,50.550000,50.550000,50.550000
02/26/2016,55.140000,55.140000,55.140000,55.140000
02/29/2016,54.540000,54.540000,54.540000,54.540000
03/01/2016,49.830000,49.830000,49.830000,49.830000
03/02/2016,47.880000,47.880000,47.880000,47.880000
03/03/2016,46.470000,46.470000,46.470000,46.470000
03/04/2016,47.650000,47.650000,47.650000,47.650000
03/07/2016,48.250000,48.250000,48.250000,48.250000
03/08/2016,52.120000,52.120000,52.120000,52.120000
03/09/2016,52.020000,52.020000,52.020000,52.020000
03/10/2016,54.250000,54.250000,54.250000,54.250000
03/11/2016,48.470000,48.470000,48.470000,48.470000
03/14/2016,50.770000,50.770000,50.770000,50.770000
03/15/2016,52.440000,52.440000,52.440000,52.440000
03/16/2016,47.580000,47.580000,47.580000,47.580000
03/17/2016,49.730000,49.730000,49.730000,49.730000
03/18/2016,46.200000,46.200000,46.200000,46.200000
03/21/2016,46.030000,46.030000,46.030000,46.030000
03/22/2016,45.340000,45.340000,45.340000,45.340000
03/23/2016,47.580000,47.580000,47.580000,47.580000
03/24/2016,47.080000,47.080000,47.080000,47.080000
03/28/2016,47.690000,47.690000,47.690000,47.690000
03/29/2016,43.380000,43.380000,43.380000,43.380000
03/30/2016,46.250000,46.250000,46.250000,46.250000
03/31/2016,45.020000,45.020000,45.020000,45.020000
04/01/2016,41.160000,41.160000,41.160000,41.160000
04/04/2016,44.370000,44.370000,44.370000,44.370000
04/05/2016,47.920000,47.920000,47.920000,47.920000
04/06/2016,42.700000,42.700000,42.700000,42.700000
04/07/2016,47.940000,47.940000,47.940000,47.940000
04/08/2016,47.450000,47.450000,47.450000,47.450000
04/11/2016,49.990000,49.990000,49.990000,49.990000
04/12/2016,46.350000,46.350000,46.350000,46.350000
04/13/2016,43.390000,43.390000,43.390000,43.390000
04/14/2016,44.970000,44.970000,44.970000,44.970000
04/15/2016,48.060000,48.060000,48.060000,48.060000
04/18/2016,42.910000,42.910000,42.910000,42.910000
04/19/2016,42.690000,42.690000,42.690000,42.690000
04/20/2016,43.190000,43.190000,43.190000,43.190000
04/21/2016,42.940000,42.940000,42.940000,42.940000
04/22/2016,43.390000,43.390000,43.390000,43.390000
04/25/2016,45.070000,45.070000,45.070000,45.070000
04/26/2016,44.390000,44.390000,44.390000,44.390000
04/27/2016,44.640000,44.640000,44.640000,44.640000
04/28/2016,49.080000,49.080000,49.080000,49.080000
04/29/2016,50.330000,50.330000,50.330000,50.330000
05/02/2016,46.630000,46.630000,46.630000,46.630000
05/03/2016,50.270000,50.270000,50.270000,50.270000
05/04/2016,50.600000,50.600000,50.600000,50.600000
05/05/2016,50.520000,50.520000,50.520000,50.520000
05/06/2016,47.570000,47.570000,47.570000,47.570000
05/09/2016,47.380000,47.380000,47.380000,47.380000
05/10/2016,44.010000,44.010000,44.010000,44.010000
05/11/2016,47.400000,47.400000,47.400000,47.400000
05/12/2016,46.380000,46.380000,46.380000,46.380000
05/13/2016,47.980000,47.980000,47.980000,47.980000
05/16/2016,45.600000,45.600000,45.600000,45.600000
05/17/2016,48.500000,48.500000,48.500000,48.500000
05/18/2016,48.520000,48.520000,48.520000,48.520000
05/19/2016,49.140000,49.140000,49.140000,49.140000
05/20/2016,48.040000,48.040000,48.040000,48.040000
05/23/2016,48.660000,48.660000,48.660000,48.660000
05/24/2016,43.740000,43.740000,43.740000,43.740000
05/25/2016,42.420000,42.420000,42.420000,42.420000
05/26/2016,42.570000,42.570000,42.570000,42.570000
05/27/2016,40.790000,40.790000,40.790000,40.790000
05/31/2016,42.570000,42.570000,42.570000,42.570000
06/01/2016,42.740000,42.740000,42.740000,42.740000
06/02/2016,41.260000,41.260000,41.260000,41.260000
06/03/2016,41.610000,41.610000,41.610000,41.610000
06/06/2016,42.260000,42.260000,42.260000,42.260000
06/07/2016,42.650000,42.650000,42.650000,42.650000
06/08/2016,43.000000,43.000000,43.000000,43.000000
06/09/2016,44.010000,44.010000,44.010000,44.010000
06/10/2016,48.880000,48.880000,48.880000,48.880000
06/13/2016,56.220000,56.220000,56.220000,56.220000
06/14/2016,53.860000,53.860000,53.860000,53.860000
06/15/2016,53.870000,53.870000,53.870000,53.870000
06/16/2016,51.560000,51.560000,51.560000,51.560000
06/17/2016,52.610000,52.610000,52.610000,52.610000
06/20/2016,52.230000,52.230000,52.230000,52.230000
06/21/2016,56.230000,56.230000,56.230000,56.230000
06/22/2016,60.530000,60.530000,60.530000,60.530000
06/23/2016,49.210000,49.210000,49.210000,49.210000
06/24/2016,58.680000,58.680000,58.680000,58.680000
06/27/2016,57.240000,57.240000,57.240000,57.240000
06/28/2016,53.200000,53.200000,53.200000,53.200000
06/29/2016,49.780000,49.780000,49.780000,49.780000
06/30/2016,50.690000,50.690000,50.690000,50.690000
07/01/2016,45.900000,45.900000,45.900000,45.900000
07/05/2016,46.890000,46.890000,46.890000,46.890000
07/06/2016,44.760000,44.760000,44.760000,44.760000
07/07/2016,43.760000,43.760000,43.760000,43.760000
07/08/2016,40.930000,40.930000,40.930000,40.930000
07/11/2016,42.280000,42.280000,42.280000,42.280000
07/12/2016,41.530000,41.530000,41.530000,41.530000
07/13/2016,39.340000,39.340000,39.340000,39.340000
07/14/2016,40.680000,40.680000,40.680000,40.680000
07/15/2016,41.270000,41.270000,41.270000,41.270000
07/18/2016,40.640000,40.640000,40.640000,40.640000
07/19/2016,40.580000,40.580000,40.580000,40.580000
07/20/2016,40.130000,40.130000,40.130000,40.130000
07/21/2016,40.970000,40.970000,40.970000,40.970000
07/22/2016,41.220000,41.220000,41.220000,41.220000
07/25/2016,42.260000,42.260000,42.260000,42.260000
07/26/2016,42.050000,42.050000,42.050000,42.050000
07/27/2016,41.600000,41.600000,41.600000,41.600000
07/28/2016,41.220000,41.220000,41.220000,41.220000
07/29/2016,41.010000,41.010000,41.010000,41.010000
08/01/2016,41.110000,41.110000,41.110000,41.110000
08/02/2016,43.630000,43.630000,43.630000,43.630000
08/03/2016,41.200000,41.200000,41.200000,41.200000
08/04/2016,40.320000,40.320000,40.320000,40.320000
08/05/2016,37.420000,37.420000,37.420000,37.420000
08/08/2016,37.270000,37.270000,37.270000,37.270000
08/09/2016,40.370000,40.370000,40.370000,40.370000
08/10/2016,40.960000,40.960000,40.960000,40.960000
08/11/2016,39.910000,39.910000,39.910000,39.910000
08/12/2016,40.090000,40.090000,40.090000,40.090000
08/15/2016,39.950000,39.950000,39.950000,39.950000
08/16/2016,42.380000,42.380000,42.380000,42.380000
08/17/2016,41.080000,41.080000,41.080000,41.080000
08/18/2016,39.980000,39.980000,39.980000,39.980000
08/19/2016,40.000000,40.000000,40.000000,40.000000
08/22/2016,40.420000,40.420000,40.420000,40.420000
08/23/2016,39.890000,39.890000,39.890000,39.890000
08/24/2016,42.570000,42.570000,42.570000,42.570000
08/25/2016,42.820000,42.820000,42.820000,42.820000
08/26/2016,43.360000,43.360000,43.360000,43.360000
08/29/2016,41.480000,41.480000,41.480000,41.480000
08/30/2016,42.050000,42.050000,42.050000,42.050000
08/31/2016,43.060000,43.060000,43.060000,43.060000
09/01/2016,43.130000,43.130000,43.130000,43.130000
09/02/2016,40.880000,40.880000,40.880000,40.880000
09/06/2016,39.950000,39.950000,39.950000,39.950000
09/07/2016,39.310000,39.310000,39.310000,39.310000
09/08/2016,40.370000,40.370000,40.370000,40.370000
09/09/2016,50.460000,50.460000,50.460000,50.460000
09/12/2016,45.830000,45.830000,45.830000,45.830000
09/13/2016,52.460000,52.460000,52.460000,52.460000
09/14/2016,52.610000,52.610000,52.610000,52.610000
09/15/2016,49.590000,49.590000,49.590000,49.590000
09/16/2016,49.920000,49.920000,49.920000,49.920000
09/19/2016,50.680000,50.680000,50.680000,50.680000
09/20/2016,51.410000,51.410000,51.410000,51.410000
09/21/2016,45.620000,45.620000,45.620000,45.620000
09/22/2016,42.630000,42.630000,42.630000,42.630000
09/23/2016,43.040000,43.040000,43.040000,43.040000
09/26/2016,47.220000,47.220000,47.220000,47.220000
09/27/2016,44.390000,44.390000,44.390000,44.390000
09/28/2016,41.270000,41.270000,41.270000,41.270000
09/29/2016,44.170000,44.170000,44.170000,44.170000
09/30/2016,42.220000,42.220000,42.220000,42.220000
10/04/2016,42.310000,42.310000,42.310000,42.310000
10/05/2016,40.260000,40.260000,40.260000,40.260000
10/06/2016,39.470000,39.470000,39.470000,39.470000
10/07/2016,40.450000,40.450000,40.450000,40.450000
10/10/2016,38.780000,38.780000,38.780000,38.780000
10/11/2016,43.120000,43.120000,43.120000,43.120000
10/12/2016,42.330000,42.330000,42.330000,42.330000
10/13/2016,45.520000,45.520000,45.520000,45.520000
10/14/2016,45.560000,45.560000,45.560000,45.560000
10/17/2016,47.300000,47.300000,47.300000,47.300000
10/18/2016,44.540000,44.540000,44.540000,44.540000
10/19/2016,42.890000,42.890000,42.890000,42.890000
10/20/2016,42.120000,42.120000,42.120000,42.120000
10/21/2016,41.600000,41.600000,41.600000,41.600000
10/24/2016,40.810000,40.810000,40.810000,40.810000
10/25/2016,42.700000,42.700000,42.700000,42.700000
10/26/2016,44.520000,44.520000,44.520000,44.520000
10/27/2016,46.860000,46.860000,46.860000,46.860000
10/28/2016,48.990000,48.990000,48.990000,48.990000
10/31/2016,50.630000,50.630000,50.630000,50.630000
11/01/2016,50.880000,50.880000,50.880000,50.880000
11/02/2016,52.060000,52.060000,52.060000,52.060000
11/03/2016,55.410000,55.410000,55.410000,55.410000
11/04/2016,57.200000,57.200000,57.200000,57.200000
11/07/2016,48.360000,48.360000,48.360000,48.360000
11/08/2016,47.430000,47.430000,47.430000,47.430000
11/09/2016,40.420000,40.420000,40.420000,40.420000
11/10/2016,37.200000,37.200000,37.200000,37.200000
11/11/2016,37.560000,37.560000,37.560000,37.560000
11/14/2016,34.370000,34.370000,34.370000,34.370000
11/15/2016,32.970000,32.970000,32.970000,32.970000
11/16/2016,34.390000,34.390000,34.390000,34.390000
11/17/2016,34.220000,34.220000,34.220000,34.220000
11/18/2016,34.740000,34.740000,34.740000,34.740000
11/21/2016,34.290000,34.290000,34.290000,34.290000
11/22/2016,33.770000,33.770000,33.770000,33.770000
11/23/2016,33.990000,33.990000,33.990000,33.990000
11/25/2016,33.320000,33.320000,33.320000,33.320000
11/28/2016,35.000000,35.000000,35.000000,35.000000
11/29/2016,34.530000,34.530000,34.530000,34.530000
11/30/2016,34.710000,34.710000,34.710000,34.710000
12/01/2016,35.480000,35.480000,35.480000,35.480000
12/02/2016,36.270000,36.270000,36.270000,36.270000
12/05/2016,34.180000,34.180000,34.180000,34.180000
12/06/2016,32.440000,32.440000,32.440000,32.440000
12/07/2016,32.120000,32.120000,32.120000,32.120000
12/08/2016,32.650000,32.650000,32.650000,32.650000
12/09/2016,31.140000,31.140000,31.140000,31.140000
12/12/2016,32.890000,32.890000,32.890000,32.890000
12/13/2016,34.100000,34.100000,34.100000,34.100000
12/14/2016,33.200000,33.200000,33.200000,33.200000
12/15/2016,32.540000,32.540000,32.540000,32.540000
12/16/2016,33.090000,33.090000,33.090000,33.090000
12/19/2016,33.450000,33.450000,33.450000,33.450000
12/20/2016,32.030000,32.030000,32.030000,32.030000
12/21/2016,31.950000,31.950000,31.950000,31.950000
12/22/2016,32.170000,32.170000,32.170000,32.170000
12/23/2016,32.310000,32.310000,32.310000,32.310000
12/27/2016,32.510000,32.510000,32.510000,32.510000
12/28/2016,34.620000,34.620000,34.620000,34.620000
12/29/2016,36.240000,36.240000,36.240000,36.240000
12/30/2016,36.930000,36.930000,36.930000,36.930000
01/03/2017,32.980000,32.980000,32.980000,32.980000
01/04/2017,30.240000,30.240000,30.240000,30.240000
01/05/2017,30.410000,30.410000,30.410000,30.410000
01/06/2017,31.270000,31.270000,31.270000,31.270000
01/09/2017,31.580000,31.580000,31.580000,31.580000
01/10/2017,32.000000,32.000000,32.000000,32.000000
01/11/2017,31.220000,31.220000,31.220000,31.220000
01/12/2017,30.860000,30.860000,30.860000,30.860000
01/13/2017,32.040000,32.040000,32.040000,32.040000
01/17/2017,32.770000,32.770000,32.770000,32.770000
01/18/2017,33.360000,33.360000,33.360000,33.360000
01/19/2017,34.700000,34.700000,34.700000,34.700000
01/20/2017,34.770000,34.770000,34.770000,34.770000
01/23/2017,36.460000,36.460000,36.460000,36.460000
01/24/2017,34.010000,34.010000,34.010000,34.010000
01/25/2017,33.290000,33.290000,33.290000,33.290000
01/26/2017,32.950000,32.950000,32.950000,32.950000
01/27/2017,34.630000,34.630000,34.630000,34.630000
01/30/2017,35.710000,35.710000,35.710000,35.710000
01/31/2017,36.320000,36.320000,36.320000,36.320000
02/01/2017,35.010000,35.010000,35.010000,35.010000
02/02/2017,35.990000,35.990000,35.990000,35.990000
02/03/2017,35.150000,35.150000,35.150000,35.150000
02/06/2017,36.800000,36.800000,36.800000,36.800000
02/07/2017,37.630000,37.630000,37.630000,37.630000
02/08/2017,38.320000,38.320000,38.320000,38.320000
02/09/2017,37.730000,37.730000,37.730000,37.730000
02/10/2017,37.860000,37.860000,37.860000,37.860000
02/13/2017,35.680000,35.680000,35.680000,35.680000
02/14/2017,32.600000,32.600000,32.600000,32.600000
02/15/2017,33.380000,33.380000,33.380000,33.380000
02/16/2017,35.050000,35.050000,35.050000,35.050000
02/17/2017,35.270000,35.270000,35.270000,35.270000
02/21/2017,35.840000,35.840000,35.840000,35.840000
02/22/2017,37.220000,37.220000,37.220000,37.220000
02/23/2017,39.730000,39.730000,39.730000,39.730000
02/24/2017,39.350000,39.350000,39.350000,39.350000
02/27/2017,40.220000,40.220000,40.220000,40.220000
02/28/2017,41.010000,41.010000,41.010000,41.010000
03/01/2017,39.640000,39.640000,39.640000,39.640000
03/02/2017,39.620000,39.620000,39.620000,39.620000
03/03/2017,37.300000,37.300000,37.300000,37.300000
03/06/2017,36.710000,36.710000,36.710000,36.710000
03/07/2017,37.320000,37.320000,37.320000,37.320000
03/08/2017,37.230000,37.230000,37.230000,37.230000
03/09/2017,38.830000,38.830000,38.830000,38.830000
03/10/2017,37.250000,37.250000,37.250000,37.250000
03/13/2017,37.700000,37.700000,37.700000,37.700000
03/14/2017,38.880000,38.880000,38.880000,38.880000
03/15/2017,37.050000,37.050000,37.050000,37.050000
03/16/2017,36.030000,36.030000,36.030000,36.030000
03/17/2017,37.500000,37.500000,37.500000,37.500000
03/20/2017,38.570000,38.570000,38.570000,38.570000
03/21/2017,39.390000,39.390000,39.390000,39.390000
03/22/2017,38.570000,38.570000,38.570000,38.570000
03/23/2017,40.500000,40.500000,40.500000,40.500000
03/24/2017,40.030000,40.030000,40.030000,40.030000
03/27/2017,37.470000,37.470000,37.470000,37.470000
03/28/2017,35.600000,35.600000,35.600000,35.600000
03/29/2017,35.540000,35.540000,35.540000,35.540000
03/30/2017,35.290000,35.290000,35.290000,35.290000
03/31/2017,35.820000,35.820000,35.820000,35.820000
04/03/2017,36.060000,36.060000,36.060000,36.060000
04/04/2017,34.340000,34.340000,34.340000,34.340000
04/05/2017,35.680000,35.680000,35.680000,35.680000
04/06/2017,34.420000,34.420000,34.420000,34.420000
04/07/2017,35.310000,35.310000,35.310000,35.310000
04/10/2017,37.740000,37.740000,37.740000,37.740000
04/11/2017,37.710000,37.710000,37.710000,37.710000
04/12/2017,38.490000,38.490000,38.490000,38.490000
04/13/2017,41.970000,41.970000,41.970000,41.970000
04/17/2017,37.780000,37.780000,37.780000,37.780000
04/18/2017,36.450000,36.450000,36.450000,36.450000
04/19/2017,39.620000,39.620000,39.620000,39.620000
04/20/2017,35.400000,35.400000,35.400000,35.400000
04/21/2017,36.440000,36.440000,36.440000,36.440000
04/24/2017,30.270000,30.270000,30.270000,30.270000
04/25/2017,29.710000,29.710000,29.710000,29.710000
04/26/2017,30.700000,30.700000,30.700000,30.700000
04/27/2017,30.250000,30.250000,30.250000,30.250000
04/28/2017,33.110000,33.110000,33.110000,33.110000
05/01/2017,32.130000,32.130000,32.130000,32.130000
05/02/2017,31.610000,31.610000,31.610000,31.610000
05/03/2017,33.620000,33.620000,33.620000,33.620000
05/04/2017,32.800000,32.800000,32.800000,32.800000
05/05/2017,32.060000,32.060000,32.060000,32.060000
05/08/2017,29.890000,29.890000,29.890000,29.890000
05/09/2017,29.590000,29.590000,29.590000,29.590000
05/10/2017,31.060000,31.060000,31.060000,31.060000
05/11/2017,32.150000,32.150000,32.150000,32.150000
05/12/2017,31.170000,31.170000,31.170000,31.170000
05/15/2017,29.150000,29.150000,29.150000,29.150000
05/16/2017,29.180000,29.180000,29.180000,29.180000
05/17/2017,38.060000,38.060000,38.060000,38.060000
05/18/2017,35.420000,35.420000,35.420000,35.420000
05/19/2017,32.140000,32.140000,32.140000,32.140000
05/22/2017,29.330000,29.330000,29.330000,29.330000
05/23/2017,29.150000,29.150000,29.150000,29.150000
05/24/2017,27.650000,27.650000,27.650000,27.650000
05/25/2017,27.100000,27.100000,27.100000,27.100000
05/26/2017,27.200000,27.200000,27.200000,27.200000
05/30/2017,28.130000,28.130000,28.130000,28.130000
05/31/2017,27.690000,27.690000,27.690000,27.690000
06/01/2017,26.460000,26.460000,26.460000,26.460000
06/02/2017,26.610000,26.610000,26.610000,26.610000
06/05/2017,27.320000,27.320000,27.320000,27.320000
06/06/2017,30.020000,30.020000,30.020000,30.020000
06/07/2017,29.160000,29.160000,29.160000,29.160000
06/08/2017,28.100000,28.100000,28.100000,28.100000
06/09/2017,24.740000,24.740000,24.740000,24.740000
06/12/2017,26.190000,26.190000,26.190000,26.190000
06/13/2017,25.810000,25.810000,25.810000,25.810000
06/14/2017,25.040000,25.040000,25.040000,25.040000
06/15/2017,25.520000,25.520000,25.520000,25.520000
06/16/2017,25.160000,25.160000,25.160000,25.160000
06/19/2017,24.760000,24.760000,24.760000,24.760000
06/20/2017,26.230000,26.230000,26.230000,26.230000
06/21/2017,25.630000,25.630000,25.630000,25.630000
06/22/2017,24.950000,24.950000,24.950000,24.950000
06/23/2017,24.300000,24.300000,24.300000,24.300000
06/26/2017,23.280000,23.280000,23.280000,23.280000
06/27/2017,25.450000,25.450000,25.450000,25.450000
06/28/2017,22.790000,22.790000,22.790000,22.790000
06/29/2017,25.760000,25.760000,25.760000,25.760000
06/30/2017,25.890000,25.890000,25.890000,25.890000
07/03/2017,26.300000,26.300000,26.300000,26.300000
07/05/2017,25.720000,25.720000,25.720000,25.720000
07/06/2017,29.670000,29.670000,29.670000,29.670000
07/07/2017,27.120000,27.120000,27.120000,27.120000
07/10/2017,26.220000,26.220000,26.220000,26.220000
07/11/2017,25.430000,25.430000,25.430000,25.430000
07/12/2017,23.740000,23.740000,23.740000,23.740000
07/13/2017,22.770000,22.770000,22.770000,22.770000
07/14/2017,22.440000,22.440000,22.440000,22.440000
07/17/2017,22.340000,22.340000,22.340000,22.340000
07/18/2017,21.330000,21.330000,21.330000,21.330000
07/19/2017,20.510000,20.510000,20.510000,20.510000
07/20/2017,20.220000,20.220000,20.220000,20.220000
07/21/2017,21.260000,21.260000,21.260000,21.260000
07/24/2017,20.680000,20.680000,20.680000,20.680000
07/25/2017,20.550000,20.550000,20.550000,20.550000
07/26/2017,21.150000,21.150000,21.150000,21.150000
07/27/2017,21.830000,21.830000,21.830000,21.830000
07/28/2017,23.260000,23.260000,23.260000,23.260000
07/31/2017,24.030000,24.030000,24.030000,24.030000
08/01/2017,22.300000,22.300000,22.300000,22.300000
08/02/2017,23.090000,23.090000,23.090000,23.090000
08/03/2017,24.780000,24.780000,24.780000,24.780000
08/04/2017,24.800000,24.800000,24.800000,24.800000
08/07/2017,23.840000,23.840000,23.840000,23.840000
08/08/2017,25.790000,25.790000,25.790000,25.790000
08/09/2017,27.300000,27.300000,27.300000,27.300000
08/10/2017,35.120000,35.120000,35.120000,35.120000
08/11/2017,35.410000,35.410000,35.410000,35.410000
08/14/2017,27.940000,27.940000,27.940000,27.940000
08/15/2017,26.770000,26.770000,26.770000,26.770000
08/16/2017,27.030000,27.030000,27.030000,27.030000
08/17/2017,34.200000,34.200000,34.200000,34.200000
08/18/2017,36.030000,36.030000,36.030000,36.030000
08/21/2017,34.260000,34.260000,34.260000,34.260000
08/22/2017,28.270000,28.270000,28.270000,28.270000
08/23/2017,30.040000,30.040000,30.040000,30.040000
08/24/2017,32.050000,32.050000,32.050000,32.050000
08/25/2017,30.700000,30.700000,30.700000,30.700000
08/28/2017,30.570000,30.570000,30.570000,30.570000
08/29/2017,30.720000,30.720000,30.720000,30.720000
08/30/2017,29.540000,29.540000,29.540000,29.540000
08/31/2017,28.030000,28.030000,28.030000,28.030000
09/01/2017,26.040000,26.040000,26.040000,26.040000
09/05/2017,31.230000,31.230000,31.230000,31.230000
09/06/2017,29.680000,29.680000,29.680000,29.680000
09/07/2017,29.230000,29.230000,29.230000,29.230000
09/08/2017,29.790000,29.790000,29.790000,29.790000
09/11/2017,26.900000,26.900000,26.900000,26.900000
09/12/2017,25.110000,25.110000,25.110000,25.110000
09/13/2017,24.420000,24.420000,24.420000,24.420000
09/14/2017,24.720000,24.720000,24.720000,24.720000
09/15/2017,23.890000,23.890000,23.890000,23.890000
09/18/2017,23.200000,23.200000,23.200000,23.200000
09/19/2017,22.930000,22.930000,22.930000,22.930000
09/20/2017,21.540000,21.540000,21.540000,21.540000
09/21/2017,23.090000,23.090000,23.090000,23.090000
09/22/2017,23.290000,23.290000,23.290000,23.290000
09/25/2017,23.750000,23.750000,23.750000,23.750000
09/26/2017,23.510000,23.510000,23.510000,23.510000
09/27/2017,23.330000,23.330000,23.330000,23.330000
09/28/2017,22.280000,22.280000,22.280000,22.280000
09/29/2017,22.310000,22.310000,22.310000,22.310000
10/02/2017,20.720000,20.720000,20.720000,20.720000
10/03/2017,20.460000,20.460000,20.460000,20.460000
10/04/2017,20.230000,20.230000,20.230000,20.230000
10/05/2017,19.000000,19.000000,19.000000,19.000000
10/06/2017,19.660000,19.660000,19.660000,19.660000
10/09/2017,20.880000,20.880000,20.880000,20.880000
10/10/2017,19.270000,19.270000,19.270000,19.270000
10/11/2017,18.420000,18.420000,18.420000,18.420000
10/12/2017,18.860000,18.860000,18.860000,18.860000
10/13/2017,18.210000,18.210000,18.210000,18.210000
10/16/2017,17.490000,17.490000,17.490000,17.490000
10/17/2017,17.640000,17.640000,17.640000,17.640000
10/18/2017,17.860000,17.860000,17.860000,17.860000
10/19/2017,18.120000,18.120000,18.120000,18.120000
10/20/2017,17.650000,17.650000,17.650000,17.650000
10/23/2017,18.750000,18.750000,18.750000,18.750000
10/24/2017,18.790000,18.790000,18.790000,18.790000
10/25/2017,21.010000,21.010000,21.010000,21.010000
10/26/2017,20.290000,20.290000,20.290000,20.290000
10/27/2017,17.970000,17.970000,17.970000,17.970000
10/30/2017,17.410000,17.410000,17.410000,17.410000
10/31/2017,16.890000,16.890000,16.890000,16.890000
11/01/2017,17.910000,17.910000,17.910000,17.910000
11/02/2017,18.710000,18.710000,18.710000,18.710000
11/03/2017,18.580000,18.580000,18.580000,18.580000
11/06/2017,18.840000,18.840000,18.840000,18.840000
11/07/2017,19.550000,19.550000,19.550000,19.550000
11/08/2017,19.210000,19.210000,19.210000,19.210000
11/09/2017,20.560000,20.560000,20.560000,20.560000
11/10/2017,22.130000,22.130000,22.130000,22.130000
11/13/2017,22.660000,22.660000,22.660000,22.660000
11/14/2017,22.440000,22.440000,22.440000,22.440000
11/15/2017,24.960000,24.960000,24.960000,24.960000
11/16/2017,22.490000,22.490000,22.490000,22.490000
11/17/2017,22.050000,22.050000,22.050000,22.050000
11/20/2017,21.410000,21.410000,21.410000,21.410000
11/21/2017,18.950000,18.950000,18.950000,18.950000
11/22/2017,18.670000,18.670000,18.670000,18.670000
11/24/2017,18.420000,18.420000,18.420000,18.420000
11/27/2017,18.840000,18.840000,18.840000,18.840000
11/28/2017,17.590000,17.590000,17.590000,17.590000
11/29/2017,17.330000,17.330000,17.330000,17.330000
11/30/2017,18.420000,18.420000,18.420000,18.420000
12/01/2017,19.020000,19.020000,19.020000,19.020000
12/04/2017,18.080000,18.080000,18.080000,18.080000
12/05/2017,18.580000,18.580000,18.580000,18.580000
12/06/2017,19.290000,19.290000,19.290000,19.290000
12/07/2017,18.490000,18.490000,18.490000,18.490000
12/08/2017,17.270000,17.270000,17.270000,17.270000
12/11/2017,16.410000,16.410000,16.410000,16.410000
12/12/2017,16.180000,16.180000,16.180000,16.180000
12/13/2017,17.910000,17.910000,17.910000,17.910000
12/14/2017,18.210000,18.210000,18.210000,18.210000
12/15/2017,17.580000,17.580000,17.580000,17.580000
12/18/2017,17.500000,17.500000,17.500000,17.500000
12/19/2017,18.080000,18.080000,18.080000,18.080000
12/20/2017,17.970000,17.970000,17.970000,17.970000
12/21/2017,18.650000,18.650000,18.650000,18.650000
12/22/2017,19.150000,19.150000,19.150000,19.150000
12/26/2017,19.830000,19.830000,19.830000,19.830000
12/27/2017,20.240000,20.240000,20.240000,20.240000
12/28/2017,20.110000,20.110000,20.110000,20.110000
12/29/2017,20.990000,20.990000,20.990000,20.990000
01/02/2018,19.150000,19.150000,19.150000,19.150000
01/03/2018,17.800000,17.800000,17.800000,17.800000
01/04/2018,18.270000,18.270000,18.270000,18.270000
01/05/2018,18.810000,18.810000,18.810000,18.810000
01/08/2018,18.040000,18.040000,18.040000,18.040000
01/09/2018,18.720000,18.720000,18.720000,18.720000
01/10/2018,18.510000,18.510000,18.510000,18.510000
01/11/2018,17.870000,17.870000,17.870000,17.870000
01/12/2018,18.570000,18.570000,18.570000,18.570000
01/16/2018,20.630000,20.630000,20.630000,20.630000
01/17/2018,20.290000,20.290000,20.290000,20.290000
01/18/2018,21.230000,21.230000,21.230000,21.230000
01/19/2018,20.190000,20.190000,20.190000,20.190000
01/22/2018,20.350000,20.350000,20.350000,20.350000
01/23/2018,19.680000,19.680000,19.680000,19.680000
01/24/2018,20.040000,20.040000,20.040000,20.040000
01/25/2018,19.900000,19.900000,19.900000,19.900000
01/26/2018,19.400000,19.400000,19.400000,19.400000
01/29/2018,20.150000,20.150000,20.150000,20.150000
01/30/2018,22.210000,22.210000,22.210000,22.210000
01/31/2018,21.900000,21.900000,21.900000,21.900000
02/01/2018,23.790000,23.790000,23.790000,23.790000
02/02/2018,30.870000,30.870000,30.870000,30.870000
02/05/2018,52.780000,52.780000,52.780000,52.780000
02/06/2018,39.480000,39.480000,39.480000,39.480000
02/07/2018,34.800000,34.800000,34.800000,34.800000
02/08/2018,53.330000,53.330000,53.330000,53.330000
02/09/2018,42.930000,42.930000,42.930000,42.930000
02/12/2018,40.160000,40.160000,40.160000,40.160000
02/13/2018,39.560000,39.560000,39.560000,39.560000
02/14/2018,34.460000,34.460000,34.460000,34.460000
02/15/2018,34.810000,34.810000,34.810000,34.810000
02/16/2018,34.070000,34.070000,34.070000,34.070000
02/20/2018,35.270000,35.270000,35.270000,35.270000
02/21/2018,35.400000,35.400000,35.400000,35.400000
02/22/2018,34.510000,34.510000,34.510000,34.510000
02/23/2018,29.870000,29.870000,29.870000,29.870000
02/26/2018,29.150000,29.150000,29.150000,29.150000
02/27/2018,33.040000,33.040000,33.040000,33.040000
02/28/2018,34.090000,34.090000,34.090000,34.090000
03/01/2018,36.660000,36.660000,36.660000,36.660000
03/02/2018,33.600000,33.600000,33.600000,33.600000
03/05/2018,32.720000,32.720000,32.720000,32.720000
03/06/2018,32.970000,32.970000,32.970000,32.970000
03/07/2018,31.860000,31.860000,31.860000,31.860000
03/08/2018,31.790000,31.790000,31.790000,31.790000
03/09/2018,28.370000,28.370000,28.370000,28.370000
03/12/2018,29.910000,29.910000,29.910000,29.910000
03/13/2018,30.760000,30.760000,30.760000,30.760000
03/14/2018,33.460000,33.460000,33.460000,33.460000
03/15/2018,32.320000,32.320000,32.320000,32.320000
03/16/2018,31.480000,31.480000,31.480000,31.480000
03/19/2018,35.700000,35.700000,35.700000,35.700000
03/20/2018,35.700000,35.700000,35.700000,35.700000
03/21/2018,34.190000,34.190000,34.190000,34.190000
03/22/2018,39.740000,39.740000,39.740000,39.740000
03/23/2018,43.340000,43.340000,43.340000,43.340000
03/26/2018,37.770000,37.770000,37.770000,37.770000
03/27/2018,40.880000,40.880000,40.880000,40.880000
03/28/2018,40.780000,40.780000,40.780000,40.780000
03/29/2018,39.250000,39.250000,39.250000,39.250000
04/02/2018,43.040000,43.040000,43.040000,43.040000
04/03/2018,41.020000,41.020000,41.020000,41.020000
04/04/2018,39.240000,39.240000,39.240000,39.240000
04/05/2018,37.450000,37.450000,37.450000,37.450000
04/06/2018,40.700000,40.700000,40.700000,40.700000
04/09/2018,42.350000,42.350000,42.350000,42.350000
04/10/2018,40.410000,40.410000,40.410000,40.410000
04/11/2018,40.310000,40.310000,40.310000,40.310000
04/12/2018,37.940000,37.940000,37.940000,37.940000
04/13/2018,36.070000,36.070000,36.070000,36.070000
04/16/2018,32.740000,32.740000,32.740000,32.740000
04/17/2018,30.050000,30.050000,30.050000,30.050000
04/18/2018,28.890000,28.890000,28.890000,28.890000
04/19/2018,29.170000,29.170000,29.170000,29.170000
04/20/2018,30.520000,30.520000,30.520000,30.520000
04/23/2018,32.000000,32.000000,32.000000,32.000000
04/24/2018,34.370000,34.370000,34.370000,34.370000
04/25/2018,35.590000,35.590000,35.590000,35.590000
04/26/2018,33.810000,33.810000,33.810000,33.810000
04/27/2018,35.570000,35.570000,35.570000,35.570000
04/30/2018,36.770000,36.770000,36.770000,36.770000
05/01/2018,34.680000,34.680000,34.680000,34.680000
05/02/2018,37.090000,37.090000,37.090000,37.090000
05/03/2018,37.670000,37.670000,37.670000,37.670000
05/04/2018,35.060000,35.060000,35.060000,35.060000
05/07/2018,34.240000,34.240000,34.240000,34.240000
05/08/2018,33.000000,33.000000,33.000000,33.000000
05/09/2018,29.860000,29.860000,29.860000,29.860000
05/10/2018,26.970000,26.970000,26.970000,26.970000
05/11/2018,26.640000,26.640000,26.640000,26.640000
05/14/2018,24.910000,24.910000,24.910000,24.910000
05/15/2018,27.570000,27.570000,27.570000,27.570000
05/16/2018,26.340000,26.340000,26.340000,26.340000
05/17/2018,25.990000,25.990000,25.990000,25.990000
05/18/2018,26.990000,26.990000,26.990000,26.990000
05/21/2018,25.040000,25.040000,25.040000,25.040000
05/22/2018,26.110000,26.110000,26.110000,26.110000
05/23/2018,24.530000,24.530000,24.530000,24.530000
05/24/2018,24.190000,24.190000,24.190000,24.190000
05/25/2018,25.120000,25.120000,25.120000,25.120000
05/29/2018,30.810000,30.810000,30.810000,30.810000
05/30/2018,28.450000,28.450000,28.450000,28.450000
05/31/2018,29.650000,29.650000,29.650000,29.650000
06/01/2018,27.280000,27.280000,27.280000,27.280000
06/04/2018,25.160000,25.160000,25.160000,25.160000
06/05/2018,24.570000,24.570000,24.570000,24.570000
06/06/2018,22.260000,22.260000,22.260000,22.260000
06/07/2018,22.630000,22.630000,22.630000,22.630000
06/08/2018,22.940000,22.940000,22.940000,22.940000
06/11/2018,23.290000,23.290000,23.290000,23.290000
06/12/2018,23.210000,23.210000,23.210000,23.210000
06/13/2018,24.460000,24.460000,24.460000,24.460000
06/14/2018,23.050000,23.050000,23.050000,23.050000
06/15/2018,23.300000,23.300000,23.300000,23.300000
06/18/2018,22.710000,22.710000,22.710000,22.710000
06/19/2018,24.050000,24.050000,24.050000,24.050000
06/20/2018,22.720000,22.720000,22.720000,22.720000
06/21/2018,24.400000,24.400000,24.400000,24.400000
06/22/2018,23.850000,23.850000,23.850000,23.850000
06/25/2018,29.340000,29.340000,29.340000,29.340000
06/26/2018,29.020000,29.020000,29.020000,29.020000
06/27/2018,31.630000,31.630000,31.630000,31.630000
06/28/2018,30.010000,30.010000,30.010000,30.010000
06/29/2018,29.620000,29.620000,29.620000,29.620000
07/02/2018,28.860000,28.860000,28.860000,28.860000
07/03/2018,30.450000,30.450000,30.450000,30.450000
07/05/2018,27.960000,27.960000,27.960000,27.960000
07/06/2018,26.000000,26.000000,26.000000,26.000000
07/09/2018,23.820000,23.820000,23.820000,23.820000
07/10/2018,23.360000,23.360000,23.360000,23.360000
07/11/2018,24.650000,24.650000,24.650000,24.650000
07/12/2018,23.350000,23.350000,23.350000,23.350000
07/13/2018,22.860000,22.860000,22.860000,22.860000
07/16/2018,22.800000,22.800000,22.800000,22.800000
07/17/2018,21.370000,21.370000,21.370000,21.370000
07/18/2018,20.840000,20.840000,20.840000,20.840000
07/19/2018,22.450000,22.450000,22.450000,22.450000
07/20/2018,24.150000,24.150000,24.150000,24.150000
07/23/2018,23.990000,23.990000,23.990000,23.990000
07/24/2018,23.840000,23.840000,23.840000,23.840000
07/25/2018,22.930000,22.930000,22.930000,22.930000
07/26/2018,22.680000,22.680000,22.680000,22.680000
07/27/2018,24.500000,24.500000,24.500000,24.500000
07/30/2018,25.310000,25.310000,25.310000,25.310000
07/31/2018,23.110000,23.110000,23.110000,23.110000
08/01/2018,24.560000,24.560000,24.560000,24.560000
08/02/2018,23.840000,23.840000,23.840000,23.840000
08/03/2018,23.310000,23.310000,23.310000,23.310000
08/06/2018,23.110000,23.110000,23.110000,23.110000
08/07/2018,22.210000,22.210000,22.210000,22.210000
08/08/2018,22.540000,22.540000,22.540000,22.540000
08/09/2018,24.090000,24.090000,24.090000,24.090000
08/10/2018,26.110000,26.110000,26.110000,26.110000
08/13/2018,28.730000,28.730000,28.730000,28.730000
08/14/2018,26.300000,26.300000,26.300000,26.300000
08/15/2018,27.840000,27.840000,27.840000,27.840000
08/16/2018,26.720000,26.720000,26.720000,26.720000
08/17/2018,25.080000,25.080000,25.080000,25.080000
08/20/2018,24.380000,24.380000,24.380000,24.380000
08/21/2018,24.150000,24.150000,24.150000,24.150000
08/22/2018,24.680000,24.680000,24.680000,24.680000
08/23/2018,26.040000,26.040000,26.040000,26.040000
08/24/2018,24.940000,24.940000,24.940000,24.940000
08/27/2018,24.470000,24.470000,24.470000,24.470000
08/28/2018,25.380000,25.380000,25.380000,25.380000
08/29/2018,24.960000,24.960000,24.960000,24.960000
08/30/2018,26.190000,26.190000,26.190000,26.190000
08/31/2018,24.550000,24.550000,24.550000,24.550000
09/04/2018,24.390000,24.390000,24.390000,24.390000
09/05/2018,24.140000,24.140000,24.140000,24.140000
09/06/2018,24.970000,24.970000,24.970000,24.970000
09/07/2018,25.860000,25.860000,25.860000,25.860000
09/10/2018,24.930000,24.930000,24.930000,24.930000
09/11/2018,23.030000,23.030000,23.030000,23.030000
09/12/2018,22.250000,22.250000,22.250000,22.250000
09/13/2018,20.800000,20.800000,20.800000,20.800000
09/14/2018,20.420000,20.420000,20.420000,20.420000
09/17/2018,21.410000,21.410000,21.410000,21.410000
09/18/2018,21.830000,21.830000,21.830000,21.830000
09/19/2018,20.880000,20.880000,20.880000,20.880000
09/20/2018,22.070000,22.070000,22.070000,22.070000
09/21/2018,22.750000,22.750000,22.750000,22.750000
09/24/2018,23.000000,23.000000,23.000000,23.000000
09/25/2018,24.310000,24.310000,24.310000,24.310000
09/26/2018,24.400000,24.400000,24.400000,24.400000
09/27/2018,22.750000,22.750000,22.750000,22.750000
09/28/2018,22.850000,22.850000,22.850000,22.850000
10/02/2018,22.270000,22.270000,22.270000,22.270000
10/03/2018,21.940000,21.940000,21.940000,21.940000
10/04/2018,23.290000,23.290000,23.290000,23.290000
10/05/2018,25.820000,25.820000,25.820000,25.820000
10/08/2018,25.560000,25.560000,25.560000,25.560000
10/09/2018,26.190000,26.190000,26.190000,26.190000
10/10/2018,34.140000,34.140000,34.140000,34.140000
10/11/2018,39.680000,39.680000,39.680000,39.680000
10/12/2018,34.470000,34.470000,34.470000,34.470000
10/15/2018,36.350000,36.350000,36.350000,36.350000
10/16/2018,32.880000,32.880000,32.880000,32.880000
10/17/2018,33.390000,33.390000,33.390000,33.390000
10/18/2018,36.290000,36.290000,36.290000,36.290000
10/19/2018,38.340000,38.340000,38.340000,38.340000
10/22/2018,38.170000,38.170000,38.170000,38.170000
10/23/2018,39.190000,39.190000,39.190000,39.190000
10/24/2018,41.910000,41.910000,41.910000,41.910000
10/25/2018,40.830000,40.830000,40.830000,40.830000
10/26/2018,44.050000,44.050000,44.050000,44.050000
10/30/2018,41.740000,41.740000,41.740000,41.740000
10/31/2018,42.160000,42.160000,42.160000,42.160000
11/01/2018,40.560000,40.560000,40.560000,40.560000
11/02/2018,42.640000,42.640000,42.640000,42.640000
11/05/2018,41.480000,41.480000,41.480000,41.480000
11/06/2018,40.690000,40.690000,40.690000,40.690000
11/07/2018,36.070000,36.070000,36.070000,36.070000
11/08/2018,35.250000,35.250000,35.250000,35.250000
11/09/2018,34.850000,34.850000,34.850000,34.850000
11/12/2018,38.740000,38.740000,38.740000,38.740000
11/13/2018,38.650000,38.650000,38.650000,38.650000
11/14/2018,40.020000,40.020000,40.020000,40.020000
11/15/2018,39.840000,39.840000,39.840000,39.840000
11/16/2018,37.880000,37.880000,37.880000,37.880000
11/19/2018,41.000000,41.000000,41.000000,41.000000
11/20/2018,41.860000,41.860000,41.860000,41.860000
11/21/2018,40.870000,40.870000,40.870000,40.870000
11/23/2018,41.790000,41.790000,41.790000,41.790000
11/26/2018,38.280000,38.280000,38.280000,38.280000
11/27/2018,38.870000,38.870000,38.870000,38.870000
11/28/2018,37.960000,37.960000,37.960000,37.960000
11/29/2018,38.400000,38.400000,38.400000,38.400000
11/30/2018,36.700000,36.700000,36.700000,36.700000
12/03/2018,34.790000,34.790000,34.790000,34.790000
12/04/2018,40.790000,40.790000,40.790000,40.790000
12/06/2018,39.700000,39.700000,39.700000,39.700000
12/07/2018,43.290000,43.290000,43.290000,43.290000
12/10/2018,41.420000,41.420000,41.420000,41.420000
12/11/2018,41.710000,41.710000,41.710000,41.710000
12/12/2018,42.450000,42.450000,42.450000,42.450000
12/13/2018,41.530000,41.530000,41.530000,41.530000
12/14/2018,41.710000,41.710000,41.710000,41.710000
12/17/2018,43.460000,43.460000,43.460000,43.460000
12/18/2018,43.900000,43.900000,43.900000,43.900000
12/19/2018,42.570000,42.570000,42.570000,42.570000
12/20/2018,44.840000,44.840000,44.840000,44.840000
12/21/2018,43.340000,43.340000,43.340000,43.340000
12/24/2018,46.070000,46.070000,46.070000,46.070000
12/26/2018,43.460000,43.460000,43.460000,43.460000
12/27/2018,45.210000,45.210000,45.210000,45.210000
12/28/2018,46.760000,46.760000,46.760000,46.760000
12/31/2018,45.980000,45.980000,45.980000,45.980000
01/02/2019,42.800000,42.800000,42.800000,42.800000
01/03/2019,44.500000,44.500000,44.500000,44.500000
01/04/2019,43.010000,43.010000,43.010000,43.010000
01/07/2019,41.840000,41.840000,41.840000,41.840000
01/08/2019,41.500000,41.500000,41.500000,41.500000
01/09/2019,40.670000,40.670000,40.670000,40.670000
01/10/2019,39.810000,39.810000,39.810000,39.810000
01/11/2019,39.620000,39.620000,39.620000,39.620000
01/14/2019,39.760000,39.760000,39.760000,39.760000
01/15/2019,38.930000,38.930000,38.930000,38.930000
01/16/2019,39.560000,39.560000,39.560000,39.560000
01/17/2019,38.720000,38.720000,38.720000,38.720000
01/18/2019,40.740000,40.740000,40.740000,40.740000
01/22/2019,44.030000,44.030000,44.030000,44.030000
01/23/2019,43.010000,43.010000,43.010000,43.010000
01/24/2019,39.440000,39.440000,39.440000,39.440000
01/25/2019,40.090000,40.090000,40.090000,40.090000
01/28/2019,40.550000,40.550000,40.550000,40.550000
01/29/2019,40.570000,40.570000,40.570000,40.570000
01/30/2019,38.710000,38.710000,38.710000,38.710000
01/31/2019,35.870000,35.870000,35.870000,35.870000
02/01/2019,36.970000,36.970000,36.970000,36.970000
02/04/2019,36.320000,36.320000,36.320000,36.320000
02/05/2019,37.390000,37.390000,37.390000,37.390000
02/06/2019,36.470000,36.470000,36.470000,36.470000
02/07/2019,37.320000,37.320000,37.320000,37.320000
02/08/2019,36.310000,36.310000,36.310000,36.310000
02/11/2019,36.580000,36.580000,36.580000,36.580000
02/12/2019,35.750000,35.750000,35.750000,35.750000
02/13/2019,36.170000,36.170000,36.170000,36.170000
02/14/2019,36.870000,36.870000,36.870000,36.870000
02/15/2019,34.610000,34.610000,34.610000,34.610000
02/19/2019,33.580000,33.580000,33.580000,33.580000
02/20/2019,31.630000,31.630000,31.630000,31.630000
02/21/2019,31.420000,31.420000,31.420000,31.420000
02/22/2019,29.850000,29.850000,29.850000,29.850000
02/25/2019,30.980000,30.980000,30.980000,30.980000
02/26/2019,32.580000,32.580000,32.580000,32.580000
02/27/2019,32.400000,32.400000,32.400000,32.400000
02/28/2019,32.760000,32.760000,32.760000,32.760000
03/01/2019,29.140000,29.140000,29.140000,29.140000
03/04/2019,30.610000,30.610000,30.610000,30.610000
03/05/2019,31.680000,31.680000,31.680000,31.680000
03/06/2019,34.240000,34.240000,34.240000,34.240000
03/07/2019,35.590000,35.590000,35.590000,35.590000
03/08/2019,35.610000,35.610000,35.610000,35.610000
03/11/2019,32.800000,32.800000,32.800000,32.800000
03/12/2019,31.710000,31.710000,31.710000,31.710000
03/13/2019,31.250000,31.250000,31.250000,31.250000
03/14/2019,30.970000,30.970000,30.970000,30.970000
03/15/2019,31.190000,31.190000,31.190000,31.190000
03/18/2019,31.990000,31.990000,31.990000,31.990000
03/19/2019,32.440000,32.440000,32.440000,32.440000
03/20/2019,32.500000,32.500000,32.500000,32.500000
03/21/2019,31.340000,31.340000,31.340000,31.340000
03/22/2019,37.960000,37.960000,37.960000,37.960000
03/25/2019,37.130000,37.130000,37.130000,37.130000
03/26/2019,35.570000,35.570000,35.570000,35.570000
03/27/2019,36.460000,36.460000,36.460000,36.460000
03/28/2019,34.360000,34.360000,34.360000,34.360000
03/29/2019,33.320000,33.320000,33.320000,33.320000
04/01/2019,31.800000,31.800000,31.800000,31.800000
04/03/2019,30.950000,30.950000,30.950000,30.950000
04/04/2019,29.880000,29.880000,29.880000,29.880000
04/05/2019,28.060000,28.060000,28.060000,28.060000
04/08/2019,28.120000,28.120000,28.120000,28.120000
04/09/2019,30.950000,30.950000,30.950000,30.950000
04/10/2019,28.800000,28.800000,28.800000,28.800000
04/11/2019,28.060000,28.060000,28.060000,28.060000
04/12/2019,26.200000,26.200000,26.200000,26.200000
04/15/2019,26.010000,26.010000,26.010000,26.010000
04/16/2019,27.180000,27.180000,27.180000,27.180000
04/17/2019,27.770000,27.770000,27.770000,27.770000
04/18/2019,27.920000,27.920000,27.920000,27.920000
04/22/2019,27.600000,27.600000,27.600000,27.600000
04/23/2019,26.480000,26.480000,26.480000,26.480000
04/24/2019,27.540000,27.540000,27.540000,27.540000
04/25/2019,28.520000,28.520000,28.520000,28.520000
04/26/2019,28.400000,28.400000,28.400000,28.400000
04/29/2019,29.330000,29.330000,29.330000,29.330000
04/30/2019,30.740000,30.740000,30.740000,30.740000
05/01/2019,34.180000,34.180000,34.180000,34.180000
05/02/2019,32.880000,32.880000,32.880000,32.880000
05/03/2019,29.560000,29.560000,29.560000,29.560000
05/06/2019,32.220000,32.220000,32.220000,32.220000
05/07/2019,40.630000,40.630000,40.630000,40.630000
05/08/2019,40.210000,40.210000,40.210000,40.210000
05/09/2019,39.350000,39.350000,39.350000,39.350000
05/10/2019,35.920000,35.920000,35.920000,35.920000
05/13/2019,41.490000,41.490000,41.490000,41.490000
05/14/2019,40.890000,40.890000,40.890000,40.890000
05/15/2019,39.110000,39.110000,39.110000,39.110000
05/16/2019,36.250000,36.250000,36.250000,36.250000
05/17/2019,36.090000,36.090000,36.090000,36.090000
05/20/2019,35.950000,35.950000,35.950000,35.950000
05/21/2019,33.990000,33.990000,33.990000,33.990000
05/22/2019,33.360000,33.360000,33.360000,33.360000
05/23/2019,35.940000,35.940000,35.940000,35.940000
05/24/2019,37.150000,37.150000,37.150000,37.150000
05/28/2019,39.430000,39.430000,39.430000,39.430000
05/29/2019,39.290000,39.290000,39.290000,39.290000
05/30/2019,38.830000,38.830000,38.830000,38.830000
05/31/2019,40.450000,40.450000,40.450000,40.450000
06/03/2019,39.230000,39.230000,39.230000,39.230000
06/04/2019,36.440000,36.440000,36.440000,36.440000
06/05/2019,34.210000,34.210000,34.210000,34.210000
06/06/2019,34.410000,34.410000,34.410000,34.410000
06/07/2019,34.890000,34.890000,34.890000,34.890000
06/10/2019,33.910000,33.910000,33.910000,33.910000
06/11/2019,34.530000,34.530000,34.530000,34.530000
06/12/2019,34.680000,34.680000,34.680000,34.680000
06/13/2019,34.610000,34.610000,34.610000,34.610000
06/14/2019,34.370000,34.370000,34.370000,34.370000
06/17/2019,34.960000,34.960000,34.960000,34.960000
06/18/2019,35.250000,35.250000,35.250000,35.250000
06/19/2019,33.170000,33.170000,33.170000,33.170000
06/20/2019,33.530000,33.530000,33.530000,33.530000
06/21/2019,37.170000,37.170000,37.170000,37.170000
06/24/2019,34.890000,34.890000,34.890000,34.890000
06/25/2019,37.190000,37.190000,37.190000,37.190000
06/26/2019,35.570000,35.570000,35.570000,35.570000
06/27/2019,35.270000,35.270000,35.270000,35.270000
06/28/2019,31.860000,31.860000,31.860000,31.860000
07/01/2019,30.000000,30.000000,30.000000,30.000000
07/02/2019,28.770000,28.770000,28.770000,28.770000
07/03/2019,27.050000,27.050000,27.050000,27.050000
07/05/2019,27.740000,27.740000,27.740000,27.740000
07/08/2019,29.800000,29.800000,29.800000,29.800000
07/09/2019,31.600000,31.600000,31.600000,31.600000
07/10/2019,29.600000,29.600000,29.600000,29.600000
07/11/2019,29.760000,29.760000,29.760000,29.760000
07/12/2019,27.560000,27.560000,27.560000,27.560000
07/15/2019,28.390000,28.390000,28.390000,28.390000
07/16/2019,29.570000,29.570000,29.570000,29.570000
07/17/2019,30.400000,30.400000,30.400000,30.400000
07/18/2019,31.550000,31.550000,31.550000,31.550000
07/19/2019,32.650000,32.650000,32.650000,32.650000
07/22/2019,31.390000,31.390000,31.390000,31.390000
07/23/2019,30.860000,30.860000,30.860000,30.860000
07/24/2019,28.740000,28.740000,28.740000,28.740000
07/25/2019,32.670000,32.670000,32.670000,32.670000
07/26/2019,30.590000,30.590000,30.590000,30.590000
07/29/2019,30.620000,30.620000,30.620000,30.620000
07/30/2019,34.490000,34.490000,34.490000,34.490000
07/31/2019,36.630000,36.630000,36.630000,36.630000
08/01/2019,40.520000,40.520000,40.520000,40.520000
08/02/2019,38.690000,38.690000,38.690000,38.690000
08/05/2019,43.580000,43.580000,43.580000,43.580000
08/06/2019,42.590000,42.590000,42.590000,42.590000
08/07/2019,38.550000,38.550000,38.550000,38.550000
08/08/2019,36.540000,36.540000,36.540000,36.540000
08/09/2019,36.670000,36.670000,36.670000,36.670000
08/12/2019,41.060000,41.060000,41.060000,41.060000
08/13/2019,40.120000,40.120000,40.120000,40.120000
08/14/2019,44.610000,44.610000,44.610000,44.610000
08/15/2019,44.910000,44.910000,44.910000,44.910000
08/16/2019,41.080000,41.080000,41.080000,41.080000
08/19/2019,36.170000,36.170000,36.170000,36.170000
08/20/2019,40.380000,40.380000,40.380000,40.380000
08/21/2019,35.820000,35.820000,35.820000,35.820000
08/22/2019,37.000000,37.000000,37.000000,37.000000
08/23/2019,43.020000,43.020000,43.020000,43.020000
08/26/2019,41.480000,41.480000,41.480000,41.480000
08/27/2019,42.830000,42.830000,42.830000,42.830000
08/28/2019,39.910000,39.910000,39.910000,39.910000
08/29/2019,39.890000,39.890000,39.890000,39.890000
08/30/2019,38.240000,38.240000,38.240000,38.240000
09/03/2019,39.160000,39.160000,39.160000,39.160000
09/04/2019,35.800000,35.800000,35.800000,35.800000
09/05/2019,34.830000,34.830000,34.830000,34.830000
09/06/2019,32.240000,32.240000,32.240000,32.240000
09/09/2019,30.980000,30.980000,30.980000,30.980000
09/10/2019,32.260000,32.260000,32.260000,32.260000
09/11/2019,31.080000,31.080000,31.080000,31.080000
09/12/2019,31.530000,31.530000,31.530000,31.530000
09/13/2019,30.590000,30.590000,30.590000,30.590000
09/16/2019,32.040000,32.040000,32.040000,32.040000
09/17/2019,34.450000,34.450000,34.450000,34.450000
09/18/2019,32.400000,32.400000,32.400000,32.400000
09/19/2019,34.960000,34.960000,34.960000,34.960000
09/20/2019,36.260000,36.260000,36.260000,36.260000
09/23/2019,36.390000,36.390000,36.390000,36.390000
09/24/2019,40.290000,40.290000,40.290000,40.290000
09/25/2019,37.330000,37.330000,37.330000,37.330000
09/26/2019,39.470000,39.470000,39.470000,39.470000
09/27/2019,38.850000,38.850000,38.850000,38.850000
09/30/2019,37.050000,37.050000,37.050000,37.050000
10/01/2019,42.230000,42.230000,42.230000,42.230000
10/02/2019,43.670000,43.670000,43.670000,43.670000
10/03/2019,44.070000,44.070000,44.070000,44.070000
10/04/2019,37.980000,37.980000,37.980000,37.980000
10/07/2019,39.240000,39.240000,39.240000,39.240000
10/08/2019,45.120000,45.120000,45.120000,45.120000
10/09/2019,41.560000,41.560000,41.560000,41.560000
10/10/2019,41.010000,41.010000,41.010000,41.010000
10/11/2019,35.230000,35.230000,35.230000,35.230000
10/14/2019,34.730000,34.730000,34.730000,34.730000
10/15/2019,34.410000,34.410000,34.410000,34.410000
10/16/2019,33.160000,33.160000,33.160000,33.160000
10/17/2019,35.820000,35.820000,35.820000,35.820000
10/18/2019,34.130000,34.130000,34.130000,34.130000
10/21/2019,34.460000,34.460000,34.460000,34.460000
10/22/2019,34.830000,34.830000,34.830000,34.830000
10/23/2019,33.470000,33.470000,33.470000,33.470000
10/24/2019,35.010000,35.010000,35.010000,35.010000
10/25/2019,32.840000,32.840000,32.840000,32.840000
10/28/2019,32.470000,32.470000,32.470000,32.470000
10/29/2019,34.480000,34.480000,34.480000,34.480000
10/30/2019,31.850000,31.850000,31.850000,31.850000
10/31/2019,34.620000,34.620000,34.620000,34.620000
11/01/2019,31.920000,31.920000,31.920000,31.920000
11/04/2019,31.080000,31.080000,31.080000,31.080000
11/05/2019,33.260000,33.260000,33.260000,33.260000
11/06/2019,32.980000,32.980000,32.980000,32.980000
11/07/2019,34.450000,34.450000,34.450000,34.450000
11/08/2019,32.140000,32.140000,32.140000,32.140000
11/11/2019,33.050000,33.050000,33.050000,33.050000
11/12/2019,34.120000,34.120000,34.120000,34.120000
11/13/2019,32.040000,32.040000,32.040000,32.040000
11/14/2019,33.900000,33.900000,33.900000,33.900000
11/15/2019,30.390000,30.390000,30.390000,30.390000
11/18/2019,29.280000,29.280000,29.280000,29.280000
11/19/2019,30.930000,30.930000,30.930000,30.930000
11/20/2019,29.320000,29.320000,29.320000,29.320000
11/21/2019,31.830000,31.830000,31.830000,31.830000
11/22/2019,29.340000,29.340000,29.340000,29.340000
11/25/2019,28.330000,28.330000,28.330000,28.330000
11/26/2019,29.260000,29.260000,29.260000,29.260000
11/27/2019,27.350000,27.350000,27.350000,27.350000
11/29/2019,29.850000,29.850000,29.850000,29.850000
12/02/2019,33.940000,33.940000,33.940000,33.940000
12/03/2019,37.890000,37.890000,37.890000,37.890000
12/04/2019,35.090000,35.090000,35.090000,35.090000
12/05/2019,37.340000,37.340000,37.340000,37.340000
12/06/2019,33.080000,33.080000,33.080000,33.080000
12/09/2019,35.960000,35.960000,35.960000,35.960000
12/10/2019,37.970000,37.970000,37.970000,37.970000
12/11/2019,34.550000,34.550000,34.550000,34.550000
12/12/2019,32.490000,32.490000,32.490000,32.490000
12/13/2019,30.350000,30.350000,30.350000,30.350000
12/16/2019,29.380000,29.380000,29.380000,29.380000
12/17/2019,30.350000,30.350000,30.350000,30.350000
12/18/2019,30.470000,30.470000,30.470000,30.470000
12/19/2019,30.750000,30.750000,30.750000,30.750000
12/20/2019,30.850000,30.850000,30.850000,30.850000
12/23/2019,32.600000,32.600000,32.600000,32.600000
12/24/2019,32.270000,32.270000,32.270000,32.270000
12/26/2019,31.910000,31.910000,31.910000,31.910000
12/27/2019,31.780000,31.780000,31.780000,31.780000
12/30/2019,35.430000,35.430000,35.430000,35.430000
12/31/2019,31.830000,31.830000,31.830000,31.830000
01/02/2020,29.930000,29.930000,29.930000,29.930000
01/03/2020,32.430000,32.430000,32.430000,32.430000
01/06/2020,31.070000,31.070000,31.070000,31.070000
01/07/2020,32.650000,32.650000,32.650000,32.650000
01/08/2020,30.240000,30.240000,30.240000,30.240000
01/09/2020,28.870000,28.870000,28.870000,28.870000
01/10/2020,27.600000,27.600000,27.600000,27.600000
01/13/2020,26.480000,26.480000,26.480000,26.480000
01/14/2020,28.330000,28.330000,28.330000,28.330000
01/15/2020,27.310000,27.310000,27.310000,27.310000
01/16/2020,28.540000,28.540000,28.540000,28.540000
01/17/2020,27.900000,27.900000,27.900000,27.900000
01/21/2020,28.170000,28.170000,28.170000,28.170000
01/22/2020,28.640000,28.640000,28.640000,28.640000
01/23/2020,29.570000,29.570000,29.570000,29.570000
01/24/2020,31.160000,31.160000,31.160000,31.160000
01/27/2020,36.900000,36.900000,36.900000,36.900000
01/28/2020,36.680000,36.680000,36.680000,36.680000
01/29/2020,36.160000,36.160000,36.160000,36.160000
01/30/2020,36.290000,36.290000,36.290000,36.290000
01/31/2020,38.150000,38.150000,38.150000,38.150000
02/03/2020,36.500000,36.500000,36.500000,36.500000
02/04/2020,34.010000,34.010000,34.010000,34.010000
02/05/2020,29.190000,29.190000,29.190000,29.190000
02/06/2020,29.550000,29.550000,29.550000,29.550000
02/07/2020,29.390000,29.390000,29.390000,29.390000
02/10/2020,27.390000,27.390000,27.390000,27.390000
02/11/2020,27.550000,27.550000,27.550000,27.550000
02/12/2020,25.360000,25.360000,25.360000,25.360000
02/13/2020,27.940000,27.940000,27.940000,27.940000
02/14/2020,27.190000,27.190000,27.190000,27.190000
02/18/2020,28.060000,28.060000,28.060000,28.060000
02/19/2020,27.270000,27.270000,27.270000,27.270000
02/20/2020,28.960000,28.960000,28.960000,28.960000
02/21/2020,31.220000,31.220000,31.220000,31.220000
02/24/2020,42.560000,42.560000,42.560000,42.560000
02/25/2020,49.380000,49.380000,49.380000,49.380000
02/26/2020,47.250000,47.250000,47.250000,47.250000
02/27/2020,58.800000,58.800000,58.800000,58.800000
02/28/2020,57.060000,57.060000,57.060000,57.060000
03/02/2020,50.830000,50.830000,50.830000,50.830000
03/03/2020,58.210000,58.210000,58.210000,58.210000
03/04/2020,53.060000,53.060000,53.060000,53.060000
03/05/2020,59.780000,59.780000,59.780000,59.780000
03/06/2020,56.510000,56.510000,56.510000,56.510000
03/09/2020,70.610000,70.610000,70.610000,70.610000
03/10/2020,69.800000,69.800000,69.800000,69.800000
03/11/2020,71.950000,71.950000,71.950000,71.950000
03/12/2020,82.650000,82.650000,82.650000,82.650000
03/13/2020,69.400000,69.400000,69.400000,69.400000
03/16/2020,90.290000,90.290000,90.290000,90.290000
03/17/2020,85.760000,85.760000,85.760000,85.760000
03/18/2020,78.760000,78.760000,78.760000,78.760000
03/19/2020,72.630000,72.630000,72.630000,72.630000
03/20/2020,73.760000,73.760000,73.760000,73.760000
03/23/2020,63.610000,63.610000,63.610000,63.610000
03/24/2020,69.670000,69.670000,69.670000,69.670000
03/25/2020,73.280000,73.280000,73.280000,73.280000
03/26/2020,74.640000,74.640000,74.640000,74.640000
03/27/2020,74.330000,74.330000,74.330000,74.330000
03/30/2020,72.490000,72.490000,72.490000,72.490000
03/31/2020,70.850000,70.850000,70.850000,70.850000
04/01/2020,77.110000,77.110000,77.110000,77.110000
04/02/2020,73.310000,73.310000,73.310000,73.310000
04/03/2020,68.360000,68.360000,68.360000,68.360000
04/06/2020,70.820000,70.820000,70.820000,70.820000
04/07/2020,74.720000,74.720000,74.720000,74.720000
04/08/2020,74.360000,74.360000,74.360000,74.360000
04/09/2020,72.660000,72.660000,72.660000,72.660000
04/13/2020,72.330000,72.330000,72.330000,72.330000
04/14/2020,69.460000,69.460000,69.460000,69.460000
04/15/2020,69.760000,69.760000,69.760000,69.760000
04/16/2020,67.420000,67.420000,67.420000,67.420000
04/17/2020,63.500000,63.500000,63.500000,63.500000
04/20/2020,70.430000,70.430000,70.430000,70.430000
04/21/2020,72.620000,72.620000,72.620000,72.620000
04/22/2020,69.660000,69.660000,69.660000,69.660000
04/23/2020,71.620000,71.620000,71.620000,71.620000
04/24/2020,66.500000,66.500000,66.500000,66.500000
04/27/2020,63.070000,63.070000,63.070000,63.070000
04/28/2020,67.450000,67.450000,67.450000,67.450000
04/29/2020,61.670000,61.670000,61.670000,61.670000
04/30/2020,65.040000,65.040000,65.040000,65.040000
05/01/2020,71.940000,71.940000,71.940000,71.940000
05/04/2020,67.620000,67.620000,67.620000,67.620000
05/05/2020,69.720000,69.720000,69.720000,69.720000
05/06/2020,69.000000,69.000000,69.000000,69.000000
05/07/2020,69.990000,69.990000,69.990000,69.990000
05/08/2020,62.320000,62.320000,62.320000,62.320000
05/11/2020,56.500000,56.500000,56.500000,56.500000
05/12/2020,67.990000,67.990000,67.990000,67.990000
05/13/2020,67.610000,67.610000,67.610000,67.610000
05/14/2020,62.830000,62.830000,62.830000,62.830000
05/15/2020,59.820000,59.820000,59.820000,59.820000
05/18/2020,56.060000,56.060000,56.060000,56.060000
05/19/2020,59.920000,59.920000,59.920000,59.920000
05/20/2020,53.790000,53.790000,53.790000,53.790000
05/21/2020,58.360000,58.360000,58.360000,58.360000
05/22/2020,58.140000,58.140000,58.140000,58.140000
05/26/2020,55.400000,55.400000,55.400000,55.400000
05/27/2020,50.910000,50.910000,50.910000,50.910000
05/28/2020,55.200000,55.200000,55.200000,55.200000
05/29/2020,53.560000,53.560000,53.560000,53.560000
06/01/2020,53.850000,53.850000,53.850000,53.850000
06/02/2020,53.500000,53.500000,53.500000,53.500000
06/03/2020,51.350000,51.350000,51.350000,51.350000
06/04/2020,51.620000,51.620000,51.620000,51.620000
06/05/2020,48.130000,48.130000,48.130000,48.130000
06/08/2020,47.670000,47.670000,47.670000,47.670000
06/09/2020,51.990000,51.990000,51.990000,51.990000
06/10/2020,48.900000,48.900000,48.900000,48.900000
06/11/2020,69.420000,69.420000,69.420000,69.420000
06/12/2020,59.120000,59.120000,59.120000,59.120000
06/15/2020,59.030000,59.030000,59.030000,59.030000
06/16/2020,60.770000,60.770000,60.770000,60.770000
06/17/2020,58.420000,58.420000,58.420000,58.420000
06/18/2020,60.030000,60.030000,60.030000,60.030000
06/19/2020,60.980000,60.980000,60.980000,60.980000
06/22/2020,58.010000,58.010000,58.010000,58.010000
06/23/2020,58.640000,58.640000,58.640000,58.640000
06/24/2020,60.710000,60.710000,60.710000,60.710000
06/25/2020,58.420000,58.420000,58.420000,58.420000
06/26/2020,60.210000,60.210000,60.210000,60.210000
06/29/2020,56.340000,56.340000,56.340000,56.340000
06/30/2020,52.400000,52.400000,52.400000,52.400000
07/01/2020,51.960000,51.960000,51.960000,51.960000
07/02/2020,54.680000,54.680000,54.680000,54.680000
07/06/2020,51.210000,51.210000,51.210000,51.210000
07/07/2020,54.200000,54.200000,54.200000,54.200000
07/08/2020,48.860000,48.860000,48.860000,48.860000
07/09/2020,49.420000,49.420000,49.420000,49.420000
07/10/2020,44.200000,44.200000,44.200000,44.200000
07/13/2020,49.290000,49.290000,49.290000,49.290000
07/14/2020,44.290000,44.290000,44.290000,44.290000
07/15/2020,42.210000,42.210000,42.210000,42.210000
07/16/2020,43.400000,43.400000,43.400000,43.400000
07/17/2020,42.980000,42.980000,42.980000,42.980000
07/20/2020,39.500000,39.500000,39.500000,39.500000
07/21/2020,42.060000,42.060000,42.060000,42.060000
07/22/2020,39.920000,39.920000,39.920000,39.920000
07/23/2020,45.510000,45.510000,45.510000,45.510000
07/24/2020,45.870000,45.870000,45.870000,45.870000
07/27/2020,44.260000,44.260000,44.260000,44.260000
07/28/2020,48.370000,48.370000,48.370000,48.370000
07/29/2020,44.900000,44.900000,44.900000,44.900000
07/30/2020,49.280000,49.280000,49.280000,49.280000
07/31/2020,46.690000,46.690000,46.690000,46.690000
08/03/2020,42.340000,42.340000,42.340000,42.340000
08/04/2020,41.900000,41.900000,41.900000,41.900000
08/05/2020,39.030000,39.030000,39.030000,39.030000
08/06/2020,38.270000,38.270000,38.270000,38.270000
08/07/2020,35.110000,35.110000,35.110000,35.110000
08/10/2020,34.620000,34.620000,34.620000,34.620000
08/11/2020,43.310000,43.310000,43.310000,43.310000
08/12/2020,39.690000,39.690000,39.690000,39.690000
08/13/2020,40.180000,40.180000,40.180000,40.180000
08/14/2020,39.560000,39.560000,39.560000,39.560000
08/17/2020,37.800000,37.800000,37.800000,37.800000
08/18/2020,38.600000,38.600000,38.600000,38.600000
08/19/2020,39.180000,39.180000,39.180000,39.180000
08/20/2020,38.080000,38.080000,38.080000,38.080000
08/21/2020,33.120000,33.120000,33.120000,33.120000
08/24/2020,31.340000,31.340000,31.340000,31.340000
08/25/2020,31.940000,31.940000,31.940000,31.940000
08/26/2020,29.860000,29.860000,29.860000,29.860000
08/27/2020,29.670000,29.670000,29.670000,29.670000
08/28/2020,27.380000,27.380000,27.380000,27.380000
08/31/2020,30.190000,30.190000,30.190000,30.190000
09/01/2020,30.100000,30.100000,30.100000,30.100000
09/02/2020,29.040000,29.040000,29.040000,29.040000
09/03/2020,35.490000,35.490000,35.490000,35.490000
09/04/2020,31.800000,31.800000,31.800000,31.800000
09/08/2020,39.440000,39.440000,39.440000,39.440000
09/09/2020,36.470000,36.470000,36.470000,36.470000
09/10/2020,41.310000,41.310000,41.310000,41.310000
09/11/2020,41.230000,41.230000,41.230000,41.230000
09/14/2020,40.000000,40.000000,40.000000,40.000000
09/15/2020,41.210000,41.210000,41.210000,41.210000
09/16/2020,39.800000,39.800000,39.800000,39.800000
09/17/2020,41.500000,41.500000,41.500000,41.500000
09/18/2020,42.790000,42.790000,42.790000,42.790000
09/21/2020,45.190000,45.190000,45.190000,45.190000
09/22/2020,45.650000,45.650000,45.650000,45.650000
09/23/2020,48.260000,48.260000,48.260000,48.260000
09/24/2020,47.460000,47.460000,47.460000,47.460000
09/25/2020,45.250000,45.250000,45.250000,45.250000
09/28/2020,48.930000,48.930000,48.930000,48.930000
09/29/2020,45.870000,45.870000,45.870000,45.870000
09/30/2020,45.600000,45.600000,45.600000,45.600000
10/01/2020,44.490000,44.490000,44.490000,44.490000
10/02/2020,43.230000,43.230000,43.230000,43.230000
10/05/2020,45.030000,45.030000,45.030000,45.030000
10/06/2020,44.250000,44.250000,44.250000,44.250000
10/07/2020,41.100000,41.100000,41.100000,41.100000
10/08/2020,38.650000,38.650000,38.650000,38.650000
10/09/2020,34.880000,34.880000,34.880000,34.880000
10/12/2020,33.370000,33.370000,33.370000,33.370000
10/13/2020,36.010000,36.010000,36.010000,36.010000
10/14/2020,35.620000,35.620000,35.620000,35.620000
10/15/2020,36.930000,36.930000,36.930000,36.930000
10/16/2020,38.080000,38.080000,38.080000,38.080000
10/19/2020,42.690000,42.690000,42.690000,42.690000
10/20/2020,43.220000,43.220000,43.220000,43.220000
10/21/2020,41.720000,41.720000,41.720000,41.720000
10/22/2020,41.600000,41.600000,41.600000,41.600000
10/23/2020,40.170000,40.170000,40.170000,40.170000
10/26/2020,46.340000,46.340000,46.340000,46.340000
10/27/2020,47.910000,47.910000,47.910000,47.910000
10/28/2020,56.340000,56.340000,56.340000,56.340000
10/29/2020,51.650000,51.650000,51.650000,51.650000
10/30/2020,55.990000,55.990000,55.990000,55.990000
11/02/2020,51.920000,51.920000,51.920000,51.920000
11/03/2020,48.830000,48.830000,48.830000,48.830000
11/04/2020,45.490000,45.490000,45.490000,45.490000
11/05/2020,45.360000,45.360000,45.360000,45.360000
11/06/2020,41.660000,41.660000,41.660000,41.660000
11/09/2020,41.300000,41.300000,41.300000,41.300000
11/10/2020,38.300000,38.300000,38.300000,38.300000
11/11/2020,36.720000,36.720000,36.720000,36.720000
11/12/2020,39.890000,39.890000,39.890000,39.890000
11/13/2020,36.330000,36.330000,36.330000,36.330000
11/16/2020,37.310000,37.310000,37.310000,37.310000
11/18/2020,38.850000,38.850000,38.850000,38.850000
11/19/2020,38.740000,38.740000,38.740000,38.740000
11/20/2020,39.790000,39.790000,39.790000,39.790000
11/23/2020,37.390000,37.390000,37.390000,37.390000
11/24/2020,35.820000,35.820000,35.820000,35.820000
11/25/2020,33.760000,33.760000,33.760000,33.760000
11/27/2020,33.710000,33.710000,33.710000,33.710000
11/30/2020,32.470000,32.470000,32.470000,32.470000
12/01/2020,32.590000,32.590000,32.590000,32.590000
12/02/2020,32.100000,32.100000,32.100000,32.100000
12/03/2020,34.020000,34.020000,34.020000,34.020000
12/04/2020,31.590000,31.590000,31.590000,31.590000
12/07/2020,32.020000,32.020000,32.020000,32.020000
12/08/2020,30.710000,30.710000,30.710000,30.710000
12/09/2020,31.680000,31.680000,31.680000,31.680000
12/10/2020,33.210000,33.210000,33.210000,33.210000
12/11/2020,34.580000,34.580000,34.580000,34.580000
12/14/2020,37.080000,37.080000,37.080000,37.080000
12/15/2020,33.970000,33.970000,33.970000,33.970000
12/16/2020,30.860000,30.860000,30.860000,30.860000
12/17/2020,30.980000,30.980000,30.980000,30.980000
12/18/2020,31.040000,31.040000,31.040000,31.040000
12/21/2020,33.300000,33.300000,33.300000,33.300000
12/22/2020,33.290000,33.290000,33.290000,33.290000
12/23/2020,29.480000,29.480000,29.480000,29.480000
12/24/2020,28.410000,28.410000,28.410000,28.410000
12/28/2020,27.590000,27.590000,27.590000,27.590000
12/29/2020,32.460000,32.460000,32.460000,32.460000
12/30/2020,30.020000,30.020000,30.020000,30.020000
12/31/2020,29.260000,29.260000,29.260000,29.260000
01/04/2021,34.780000,34.780000,34.780000,34.780000
01/05/2021,33.420000,33.420000,33.420000,33.420000
01/06/2021,32.940000,32.940000,32.940000,32.940000
01/07/2021,29.340000,29.340000,29.340000,29.340000
01/08/2021,26.620000,26.620000,26.620000,26.620000
01/11/2021,30.500000,30.500000,30.500000,30.500000
01/12/2021,29.000000,29.000000,29.000000,29.000000
01/13/2021,27.600000,27.600000,27.600000,27.600000
01/14/2021,30.120000,30.120000,30.120000,30.120000
01/15/2021,32.350000,32.350000,32.350000,32.350000
01/19/2021,32.010000,32.010000,32.010000,32.010000
01/20/2021,28.730000,28.730000,28.730000,28.730000
01/21/2021,28.810000,28.810000,28.810000,28.810000
01/22/2021,27.830000,27.830000,27.830000,27.830000
01/25/2021,27.490000,27.490000,27.490000,27.490000
01/26/2021,29.360000,29.360000,29.360000,29.360000
01/27/2021,38.070000,38.070000,38.070000,38.070000
01/28/2021,38.640000,38.640000,38.640000,38.640000
01/29/2021,40.530000,40.530000,40.530000,40.530000
02/01/2021,37.860000,37.860000,37.860000,37.860000
02/02/2021,36.180000,36.180000,36.180000,36.180000
02/03/2021,34.080000,34.080000,34.080000,34.080000
02/04/2021,33.210000,33.210000,33.210000,33.210000
02/05/2021,32.870000,32.870000,32.870000,32.870000
02/08/2021,32.030000,32.030000,32.030000,32.030000
02/09/2021,33.340000,33.340000,33.340000,33.340000
02/10/2021,33.540000,33.540000,33.540000,33.540000
02/11/2021,33.680000,33.680000,33.680000,33.680000
02/12/2021,30.410000,30.410000,30.410000,30.410000
02/16/2021,30.950000,30.950000,30.950000,30.950000
02/17/2021,30.380000,30.380000,30.380000,30.380000
02/18/2021,33.210000,33.210000,33.210000,33.210000
02/19/2021,31.990000,31.990000,31.990000,31.990000
02/22/2021,33.870000,33.870000,33.870000,33.870000
02/23/2021,32.670000,32.670000,32.670000,32.670000
02/24/2021,28.250000,28.250000,28.250000,28.250000
02/25/2021,38.370000,38.370000,38.370000,38.370000
02/26/2021,35.600000,35.600000,35.600000,35.600000
03/01/2021,31.750000,31.750000,31.750000,31.750000
03/02/2021,34.820000,34.820000,34.820000,34.820000
03/03/2021,35.820000,35.820000,35.820000,35.820000
03/04/2021,39.610000,39.610000,39.610000,39.610000
03/05/2021,32.980000,32.980000,32.980000,32.980000
03/08/2021,33.840000,33.840000,33.840000,33.840000
03/09/2021,33.710000,33.710000,33.710000,33.710000
03/10/2021,31.110000,31.110000,31.110000,31.110000
03/11/2021,30.950000,30.950000,30.950000,30.950000
03/12/2021,29.220000,29.220000,29.220000,29.220000
03/15/2021,26.770000,26.770000,26.770000,26.770000
03/16/2021,29.680000,29.680000,29.680000,29.680000
03/17/2021,26.580000,26.580000,26.580000,26.580000
03/18/2021,29.800000,29.800000,29.800000,29.800000
03/19/2021,30.100000,30.100000,30.100000,30.100000
03/22/2021,28.700000,28.700000,28.700000,28.700000
03/23/2021,33.900000,33.900000,33.900000,33.900000
03/24/2021,32.790000,32.790000,32.790000,32.790000
03/25/2021,30.650000,30.650000,30.650000,30.650000
03/26/2021,27.200000,27.200000,27.200000,27.200000
03/29/2021,28.830000,28.830000,28.830000,28.830000
03/30/2021,28.520000,28.520000,28.520000,28.520000
03/31/2021,27.680000,27.680000,27.680000,27.680000
04/01/2021,25.620000,25.620000,25.620000,25.620000
04/05/2021,25.220000,25.220000,25.220000,25.220000
04/06/2021,28.190000,28.190000,28.190000,28.190000
04/07/2021,26.390000,26.390000,26.390000,26.390000
04/08/2021,27.800000,27.800000,27.800000,27.800000
04/09/2021,27.140000,27.140000,27.140000,27.140000
04/12/2021,27.670000,27.670000,27.670000,27.670000
04/13/2021,27.450000,27.450000,27.450000,27.450000
04/14/2021,27.990000,27.990000,27.990000,27.990000
04/15/2021,27.970000,27.970000,27.970000,27.970000
04/16/2021,28.100000,28.100000,28.100000,28.100000
04/19/2021,31.920000,36.180000,31.440000,33.650000
04/20/2021,34.770000,39.140000,34.600000,34.830000
04/21/2021,36.400000,37.230000,32.090000,33.060000
04/22/2021,33.030000,39.790000,32.790000,37.100000
04/23/2021,36.450000,36.800000,33.970000,35.010000
04/26/2021,34.520000,35.570000,33.600000,33.750000
04/27/2021,34.060000,35.630000,32.990000,33.620000
04/28/2021,33.410000,35.730000,33.270000,34.380000
04/29/2021,33.840000,39.080000,33.840000,35.760000
04/30/2021,37.970000,41.490000,36.970000,40.160000
05/03/2021,37.440000,39.730000,37.320000,38.350000
05/04/2021,40.180000,45.440000,39.600000,40.060000
05/05/2021,38.310000,41.880000,38.080000,40.620000
05/06/2021,40.020000,43.590000,36.720000,37.210000
05/07/2021,37.590000,39.030000,35.340000,35.410000
05/10/2021,35.080000,39.160000,34.070000,39.100000
05/11/2021,43.520000,45.620000,39.280000,42.590000
05/12/2021,45.490000,53.170000,44.180000,49.240000
05/13/2021,45.510000,47.200000,40.620000,42.930000
05/14/2021,39.050000,40.410000,36.420000,38.320000
05/17/2021,38.600000,42.330000,37.810000,38.220000
05/18/2021,37.450000,42.890000,37.280000,42.320000
05/19/2021,49.580000,50.630000,41.050000,41.460000
05/20/2021,40.590000,42.850000,39.480000,40.330000
05/21/2021,39.150000,41.950000,38.830000,40.770000
05/24/2021,38.590000,38.800000,37.300000,38.340000
05/25/2021,37.650000,40.310000,37.540000,38.910000
05/26/2021,38.430000,39.110000,36.030000,36.030000
05/27/2021,35.330000,35.330000,32.200000,34.030000
05/28/2021,32.620000,33.510000,31.970000,32.980000
06/01/2021,32.760000,36.450000,32.510000,34.830000
06/02/2021,34.880000,35.930000,33.770000,34.920000
06/03/2021,36.410000,37.810000,34.160000,35.610000
06/04/2021,33.560000,33.560000,32.760000,32.880000
06/07/2021,33.350000,34.590000,32.190000,32.270000
06/08/2021,32.200000,35.220000,32.200000,33.550000
06/09/2021,32.920000,35.780000,32.860000,35.350000
06/10/2021,33.020000,35.220000,31.070000,31.340000
06/11/2021,30.210000,31.950000,29.690000,30.950000
06/14/2021,31.670000,34.410000,31.600000,32.170000
06/15/2021,33.000000,34.560000,32.530000,33.320000
06/16/2021,33.000000,49.410000,32.170000,35.540000
06/17/2021,35.130000,38.120000,32.930000,35.860000
06/18/2021,41.400000,43.180000,37.280000,41.450000
06/21/2021,40.200000,42.380000,36.050000,37.420000
06/22/2021,36.890000,37.750000,31.950000,32.240000
06/23/2021,31.770000,32.120000,30.030000,31.570000
06/24/2021,29.120000,30.110000,29.010000,29.750000
06/25/2021,29.120000,30.010000,28.810000,28.810000
06/28/2021,28.790000,30.170000,27.570000,27.720000
06/29/2021,27.460000,29.520000,27.330000,28.630000
06/30/2021,30.070000,31.020000,28.410000,29.470000
07/01/2021,28.560000,30.210000,28.290000,29.790000
07/02/2021,28.090000,30.180000,27.870000,29.660000
07/06/2021,29.390000,34.770000,29.360000,30.310000
07/07/2021,29.720000,33.850000,29.660000,31.480000
07/08/2021,37.510000,38.300000,32.710000,33.050000
07/09/2021,31.140000,31.200000,28.500000,29.460000
07/12/2021,30.460000,31.640000,30.280000,30.590000
07/13/2021,31.250000,33.950000,30.580000,33.550000
07/14/2021,31.470000,35.850000,31.030000,33.280000
07/15/2021,34.690000,38.540000,33.750000,34.600000
07/16/2021,33.030000,40.160000,33.030000,38.920000
07/19/2021,44.830000,49.730000,43.010000,44.590000
07/20/2021,43.420000,44.890000,38.140000,39.470000
07/21/2021,37.730000,38.230000,35.940000,36.160000
07/22/2021,35.720000,37.770000,34.920000,36.430000
07/23/2021,34.700000,35.670000,34.410000,35.410000
07/26/2021,35.800000,36.560000,34.860000,34.890000
07/27/2021,37.190000,39.790000,33.620000,35.290000
07/28/2021,36.370000,39.520000,34.610000,37.110000
07/29/2021,35.890000,37.580000,35.610000,36.760000
07/30/2021,40.620000,40.820000,33.700000,39.630000
08/02/2021,38.070000,42.360000,37.140000,41.610000
08/03/2021,40.370000,43.760000,36.040000,37.110000
08/04/2021,38.710000,38.830000,36.190000,37.830000
08/05/2021,36.250000,37.510000,35.490000,36.510000
08/06/2021,35.480000,36.880000,34.830000,35.450000
08/09/2021,35.190000,37.460000,35.190000,36.310000
08/10/2021,35.830000,36.990000,35.390000,35.520000
08/11/2021,35.430000,36.160000,34.220000,34.320000
08/12/2021,34.670000,35.240000,32.740000,32.770000
08/13/2021,32.040000,33.940000,31.910000,33.480000
08/16/2021,35.680000,37.050000,33.730000,33.820000
08/17/2021,36.710000,39.740000,34.630000,34.700000
08/18/2021,36.080000,42.680000,34.550000,42.290000
08/19/2021,45.070000,45.190000,38.970000,41.620000
08/20/2021,40.570000,40.870000,36.990000,37.650000
08/23/2021,35.460000,35.580000,33.760000,34.360000
08/24/2021,34.530000,35.540000,34.060000,34.390000
08/25/2021,34.660000,34.970000,32.830000,33.360000
08/26/2021,34.390000,37.640000,33.870000,36.520000
08/27/2021,34.420000,34.580000,31.460000,33.490000
08/30/2021,32.530000,33.590000,32.360000,32.720000
08/31/2021,33.590000,34.510000,31.950000,32.650000
09/01/2021,32.690000,33.660000,31.120000,31.810000
09/02/2021,30.900000,33.110000,30.740000,31.180000
09/03/2021,32.480000,33.960000,31.910000,32.680000
09/07/2021,34.460000,36.310000,33.770000,35.230000
09/08/2021,37.410000,39.120000,35.130000,35.320000
09/09/2021,35.770000,38.530000,33.920000,38.290000
09/10/2021,35.090000,41.100000,35.090000,40.350000
09/13/2021,36.700000,43.340000,36.700000,39.970000
09/14/2021,38.330000,43.150000,37.890000,40.740000
09/15/2021,40.550000,42.060000,38.060000,39.050000
09/16/2021,40.390000,43.460000,37.550000,39.670000
09/17/2021,41.050000,45.930000,38.930000,43.380000
09/20/2021,53.300000,55.760000,46.250000,47.960000
09/21/2021,46.200000,52.450000,45.270000,48.660000
09/22/2021,45.920000,47.190000,42.880000,44.130000
09/23/2021,41.350000,42.180000,39.020000,39.320000
09/24/2021,40.800000,40.900000,37.560000,37.910000
09/27/2021,39.640000,40.580000,37.460000,39.760000
09/28/2021,42.130000,48.670000,41.280000,47.470000
09/29/2021,45.410000,48.370000,43.420000,46.010000
09/30/2021,42.810000,49.380000,42.250000,46.650000
10/01/2021,43.870000,48.540000,35.610000,44.080000
10/04/2021,45.060000,48.920000,43.680000,45.170000
10/05/2021,43.670000,44.920000,41.370000,44.200000
10/06/2021,43.490000,49.760000,42.530000,42.790000
10/07/2021,40.600000,42.730000,39.980000,41.840000
10/08/2021,40.150000,42.050000,39.200000,41.080000
10/11/2021,42.590000,44.430000,39.900000,43.210000
10/12/2021,42.610000,44.330000,38.920000,40.540000
10/13/2021,40.530000,43.810000,39.720000,41.290000
10/14/2021,38.950000,39.870000,38.530000,38.860000
10/15/2021,37.400000,39.850000,36.100000,39.680000
10/18/2021,41.330000,41.520000,38.620000,38.860000
10/19/2021,39.280000,40.590000,37.290000,38.420000
10/20/2021,36.980000,37.940000,36.100000,36.510000
10/21/2021,37.300000,37.700000,34.810000,35.180000
10/22/2021,36.240000,39.080000,34.600000,35.760000
10/25/2021,35.090000,36.730000,32.450000,32.770000
10/26/2021,32.370000,36.120000,31.510000,33.130000
10/27/2021,34.340000,38.130000,32.630000,37.800000
10/28/2021,34.420000,35.730000,31.600000,32.590000
10/29/2021,35.680000,36.420000,31.650000,31.810000
11/01/2021,31.400000,34.940000,30.470000,30.640000
11/02/2021,31.370000,31.370000,29.240000,29.730000
11/03/2021,29.650000,29.730000,26.260000,26.900000
11/04/2021,26.200000,26.980000,24.300000,24.820000
11/05/2021,24.060000,26.560000,23.530000,25.390000
11/08/2021,25.320000,27.790000,25.050000,26.630000
11/09/2021,25.960000,29.340000,25.960000,26.380000
11/10/2021,28.490000,31.870000,25.950000,29.800000
11/11/2021,28.560000,30.360000,28.560000,29.890000
11/12/2021,28.750000,29.430000,27.010000,27.490000
11/15/2021,26.860000,29.310000,26.810000,26.810000
11/16/2021,27.870000,27.870000,26.120000,27.050000
11/17/2021,26.700000,28.210000,26.450000,28.050000
11/18/2021,27.210000,29.320000,24.280000,26.560000
11/19/2021,27.090000,27.910000,25.390000,26.710000
11/22/2021,25.350000,28.510000,24.400000,27.820000
11/23/2021,28.190000,30.110000,25.280000,25.820000
11/24/2021,28.220000,28.610000,25.050000,25.100000
11/26/2021,34.130000,54.350000,18.690000,39.800000
11/29/2021,30.610000,34.620000,27.680000,30.680000
11/30/2021,34.190000,39.710000,31.250000,37.260000
12/01/2021,31.580000,43.570000,29.530000,41.510000
12/02/2021,39.510000,41.560000,35.440000,37.130000
12/03/2021,35.800000,45.120000,35.240000,37.600000
12/06/2021,34.810000,38.380000,34.620000,35.570000
12/07/2021,31.250000,32.280000,29.410000,30.150000
12/08/2021,30.280000,31.110000,27.780000,27.780000
12/09/2021,28.560000,31.570000,27.490000,30.090000
12/10/2021,27.820000,31.740000,27.330000,28.710000
12/13/2021,29.970000,33.140000,29.670000,32.820000
12/14/2021,35.800000,36.690000,32.860000,35.070000
12/15/2021,34.380000,37.120000,27.760000,29.010000
12/16/2021,27.170000,33.040000,27.170000,29.750000
12/17/2021,32.890000,36.210000,30.950000,35.520000
12/20/2021,40.980000,43.630000,36.920000,37.200000
12/21/2021,34.940000,37.720000,34.570000,35.160000
12/22/2021,34.630000,34.860000,30.740000,30.960000
12/23/2021,30.140000,30.150000,28.800000,29.750000
12/27/2021,29.100000,29.470000,26.610000,26.830000
12/28/2021,26.870000,27.950000,25.790000,26.310000
12/29/2021,26.040000,27.520000,24.960000,25.440000
12/30/2021,25.780000,27.920000,25.270000,27.070000
12/31/2021,27.760000,29.300000,27.030000,28.210000
01/03/2022,27.230000,29.490000,26.030000,26.410000
01/04/2022,25.700000,28.120000,24.790000,25.910000
01/05/2022,26.920000,31.650000,25.190000,31.310000
01/06/2022,31.480000,33.030000,29.460000,31.810000
01/07/2022,31.560000,34.580000,30.260000,30.760000
01/10/2022,32.880000,37.010000,29.230000,29.420000
01/11/2022,30.430000,32.610000,28.890000,29.250000
01/12/2022,28.130000,30.650000,27.240000,29.220000
01/13/2022,29.290000,33.850000,28.760000,33.270000
01/14/2022,35.260000,36.400000,31.870000,32.250000
01/18/2022,34.880000,38.410000,34.820000,36.970000
01/19/2022,36.600000,40.620000,36.050000,40.350000
01/20/2022,38.660000,44.060000,36.100000,43.220000
01/21/2022,45.590000,47.240000,40.600000,45.120000
01/24/2022,52.020000,54.260000,31.380000,42.520000
01/25/2022,46.320000,51.340000,41.590000,42.870000
01/26/2022,41.850000,49.490000,23.720000,45.910000
01/27/2022,43.000000,49.620000,42.110000,45.830000
01/28/2022,45.920000,49.320000,41.980000,42.930000
01/31/2022,44.190000,45.060000,39.080000,39.770000
02/01/2022,38.790000,41.970000,35.250000,35.410000
02/02/2022,35.290000,37.580000,30.250000,33.280000
02/03/2022,40.720000,44.670000,36.140000,41.830000
02/04/2022,39.830000,43.710000,37.240000,39.570000
02/07/2022,39.600000,41.250000,37.820000,39.170000
02/08/2022,39.060000,41.500000,37.050000,37.640000
02/09/2022,35.640000,36.930000,35.230000,35.410000
02/10/2022,37.540000,43.180000,35.420000,41.520000
02/11/2022,40.410000,48.900000,40.240000,44.640000
02/14/2022,44.950000,49.510000,44.180000,44.870000
02/15/2022,41.260000,44.470000,39.760000,42.270000
02/16/2022,42.600000,44.130000,38.260000,39.530000
02/17/2022,43.130000,46.270000,41.570000,45.410000
02/18/2022,45.060000,48.380000,44.500000,46.530000
02/22/2022,48.260000,50.500000,45.510000,46.270000
02/23/2022,45.840000,50.840000,45.840000,50.500000
02/24/2022,54.330000,54.750000,45.690000,47.990000
02/25/2022,46.060000,47.730000,44.290000,45.910000
02/28/2022,48.300000,50.270000,45.040000,46.290000
03/01/2022,47.420000,51.880000,46.180000,48.490000
03/02/2022,48.180000,49.700000,46.340000,48.440000
03/03/2022,47.440000,50.950000,46.080000,47.520000
03/04/2022,51.130000,53.320000,47.340000,48.620000
03/07/2022,48.760000,53.540000,48.600000,52.790000
03/08/2022,51.260000,53.910000,41.760000,52.400000
03/09/2022,47.960000,51.460000,46.930000,51.210000
03/10/2022,51.990000,51.990000,46.270000,46.300000
03/11/2022,45.930000,49.330000,45.610000,48.150000
03/14/2022,48.610000,51.970000,47.370000,48.870000
03/15/2022,49.900000,50.610000,47.830000,49.080000
03/16/2022,46.170000,50.970000,44.560000,45.930000
03/17/2022,46.050000,46.630000,42.720000,44.510000
03/18/2022,45.300000,46.150000,42.020000,42.120000
03/21/2022,47.390000,47.420000,40.390000,41.660000
03/22/2022,40.540000,42.730000,39.370000,39.740000
03/23/2022,42.000000,42.370000,38.910000,40.750000
03/24/2022,39.700000,40.780000,37.260000,38.170000
03/25/2022,38.210000,39.980000,36.430000,36.630000
03/28/2022,37.420000,38.990000,33.290000,33.590000
03/29/2022,31.620000,34.470000,31.360000,33.400000
03/30/2022,33.930000,37.740000,33.350000,34.570000
03/31/2022,35.960000,39.460000,35.060000,36.060000
04/01/2022,36.300000,38.120000,35.070000,35.960000
04/04/2022,35.400000,36.040000,32.360000,32.650000
04/05/2022,33.560000,38.380000,32.640000,37.020000
04/06/2022,40.610000,42.650000,36.770000,37.460000
04/07/2022,37.460000,39.630000,35.250000,36.370000
04/08/2022,36.290000,37.510000,34.390000,36.220000
04/11/2022,38.060000,41.180000,37.770000,40.910000
04/12/2022,39.810000,42.700000,38.740000,41.920000
04/13/2022,41.810000,42.690000,38.130000,39.210000
04/14/2022,37.930000,42.170000,36.920000,42.110000
04/18/2022,47.130000,47.130000,41.200000,41.730000
04/19/2022,42.930000,43.180000,38.850000,41.860000
04/20/2022,38.050000,38.750000,35.750000,35.830000
04/21/2022,35.200000,41.130000,35.120000,39.950000
04/22/2022,41.220000,47.460000,40.670000,47.390000
04/25/2022,48.270000,49.470000,43.540000,44.460000
04/26/2022,45.210000,50.350000,45.210000,49.730000
04/27/2022,48.970000,51.350000,47.380000,49.630000
04/28/2022,48.470000,51.830000,46.870000,51.300000
04/29/2022,51.070000,53.920000,49.570000,51.380000
05/02/2022,52.340000,55.670000,50.910000,52.350000
05/03/2022,50.210000,51.010000,47.360000,47.980000
05/04/2022,47.710000,49.140000,44.340000,46.150000
05/05/2022,46.720000,52.740000,46.340000,50.100000
05/06/2022,51.340000,54.230000,49.190000,50.590000
05/09/2022,52.650000,53.980000,49.240000,52.620000
05/10/2022,50.020000,54.320000,50.020000,51.680000
05/11/2022,51.210000,51.830000,49.060000,49.490000
05/12/2022,51.420000,51.810000,47.280000,47.920000
05/13/2022,46.220000,49.580000,45.800000,47.590000
05/16/2022,46.400000,48.420000,45.590000,47.170000
05/17/2022,45.320000,48.280000,45.320000,47.740000
05/18/2022,49.140000,49.930000,47.570000,49.680000
05/19/2022,49.460000,50.080000,45.940000,46.100000
05/20/2022,46.410000,50.100000,46.120000,48.140000
05/23/2022,47.830000,50.160000,47.720000,49.640000
05/24/2022,49.660000,50.370000,47.580000,47.820000
05/25/2022,48.870000,49.300000,46.580000,47.100000
05/26/2022,47.420000,48.350000,47.050000,47.930000
05/27/2022,46.540000,47.770000,46.110000,46.500000
05/31/2022,47.800000,49.130000,44.760000,45.030000
06/01/2022,44.630000,47.440000,43.500000,44.650000
06/02/2022,44.470000,45.460000,42.390000,43.670000
06/03/2022,45.360000,45.520000,43.550000,43.570000
06/06/2022,42.530000,44.640000,42.520000,43.830000
06/07/2022,45.140000,45.300000,43.150000,43.490000
06/08/2022,44.260000,45.130000,43.710000,43.780000
06/09/2022,44.970000,46.730000,43.850000,46.460000
06/10/2022,47.860000,49.660000,47.460000,47.990000
06/13/2022,53.030000,53.220000,50.060000,51.140000
06/14/2022,50.550000,51.580000,48.480000,49.430000
06/15/2022,48.920000,48.950000,43.560000,48.520000
06/16/2022,52.250000,52.380000,48.260000,48.620000
06/17/2022,49.400000,54.480000,44.650000,49.720000
06/21/2022,47.110000,52.260000,46.700000,50.950000
06/22/2022,51.590000,51.840000,48.130000,48.140000
06/23/2022,48.870000,50.250000,48.490000,49.170000
06/24/2022,48.540000,49.530000,47.040000,48.220000
06/27/2022,47.460000,47.750000,45.630000,45.770000
06/28/2022,46.090000,48.380000,45.950000,47.800000
06/29/2022,47.830000,50.330000,47.250000,47.790000
06/30/2022,49.760000,50.750000,47.380000,48.450000
07/01/2022,48.240000,49.660000,46.570000,47.250000
07/05/2022,49.180000,50.140000,46.480000,46.890000
07/06/2022,47.280000,48.260000,46.250000,46.840000
07/07/2022,46.000000,47.450000,45.830000,47.450000
07/08/2022,45.680000,47.350000,45.120000,45.930000
07/11/2022,47.270000,47.790000,46.460000,46.960000
07/12/2022,47.680000,47.970000,45.930000,46.680000
07/13/2022,48.700000,48.910000,45.220000,46.590000
07/14/2022,48.010000,48.960000,46.040000,46.750000
07/15/2022,44.860000,46.750000,44.220000,45.180000
07/18/2022,44.290000,46.770000,43.520000,45.420000
07/19/2022,44.230000,46.420000,44.230000,46.240000
07/20/2022,45.470000,45.880000,43.990000,45.140000
07/21/2022,44.920000,45.950000,42.780000,43.530000
07/22/2022,42.790000,43.980000,42.150000,42.830000
07/25/2022,42.440000,43.580000,41.230000,41.600000
07/26/2022,42.840000,44.220000,41.700000,42.030000
07/27/2022,43.130000,44.700000,43.030000,44.430000
07/28/2022,43.260000,44.510000,42.290000,42.530000
07/29/2022,43.110000,44.430000,42.700000,43.360000
08/01/2022,43.840000,44.930000,42.850000,44.250000
08/02/2022,45.610000,46.940000,43.590000,46.010000
08/03/2022,44.660000,45.030000,42.700000,43.460000
08/04/2022,44.200000,44.460000,42.360000,42.360000
08/05/2022,43.860000,44.720000,42.780000,43.360000
08/08/2022,42.910000,44.230000,41.650000,43.350000
08/09/2022,44.180000,45.010000,42.920000,43.540000
08/10/2022,42.420000,43.850000,41.170000,41.940000
08/11/2022,42.290000,42.770000,40.960000,41.160000
08/12/2022,40.940000,41.780000,40.270000,41.730000
08/15/2022,42.420000,42.420000,40.280000,41.490000
08/16/2022,41.420000,42.300000,40.850000,41.240000
08/17/2022,41.610000,43.010000,40.610000,41.670000
08/18/2022,42.030000,42.550000,40.820000,41.290000
08/19/2022,42.960000,45.170000,42.660000,43.740000
08/22/2022,46.880000,47.250000,45.240000,45.700000
08/23/2022,45.670000,45.920000,44.290000,45.750000
08/24/2022,45.020000,45.260000,43.230000,43.350000
08/25/2022,43.540000,44.270000,42.220000,42.800000
08/26/2022,42.910000,46.280000,42.510000,45.210000
08/29/2022,46.220000,46.740000,44.610000,45.910000
08/30/2022,45.020000,47.150000,44.700000,45.620000
08/31/2022,45.200000,46.240000,44.240000,45.290000
09/01/2022,46.230000,47.420000,44.430000,45.270000
09/02/2022,43.380000,46.820000,43.330000,45.100000
09/06/2022,44.520000,47.680000,44.170000,46.960000
09/07/2022,46.810000,47.020000,44.910000,45.460000
09/08/2022,46.890000,47.000000,43.870000,44.150000
09/09/2022,43.380000,45.660000,43.240000,44.890000
09/12/2022,45.100000,46.720000,44.830000,45.130000
09/13/2022,47.190000,49.070000,46.050000,47.320000
09/14/2022,47.370000,49.540000,47.290000,48.020000
09/15/2022,48.020000,48.890000,46.780000,47.440000
09/16/2022,49.650000,51.490000,46.180000,47.650000
09/19/2022,49.290000,49.940000,46.570000,47.620000
09/20/2022,49.660000,50.640000,48.520000,49.330000
09/21/2022,49.050000,50.940000,47.390000,50.760000
09/22/2022,49.540000,51.590000,48.720000,49.640000
09/23/2022,50.660000,52.740000,49.180000,50.080000
09/26/2022,51.420000,52.810000,48.820000,52.220000
09/27/2022,50.690000,56.190000,50.060000,51.010000
09/28/2022,50.680000,51.740000,48.060000,48.850000
09/29/2022,50.250000,51.690000,48.830000,49.120000
09/30/2022,49.550000,51.540000,48.090000,48.470000
10/03/2022,46.940000,49.660000,46.830000,48.940000
10/04/2022,47.090000,49.290000,46.880000,49.140000
10/05/2022,49.550000,50.500000,48.050000,48.050000
10/06/2022,48.720000,49.830000,48.280000,49.770000
10/07/2022,49.210000,51.150000,49.210000,50.630000
10/10/2022,50.760000,53.050000,50.560000,51.380000
10/11/2022,52.400000,53.560000,51.480000,52.340000
10/12/2022,52.730000,53.360000,51.270000,51.500000
10/13/2022,50.940000,52.860000,49.560000,51.580000
10/14/2022,50.990000,53.400000,50.930000,51.570000
10/17/2022,50.500000,52.560000,50.390000,52.520000
10/18/2022,51.800000,54.160000,51.020000,51.290000
10/19/2022,52.790000,53.150000,51.430000,51.760000
10/20/2022,52.690000,53.250000,51.520000,51.630000
10/21/2022,52.330000,55.120000,51.040000,53.830000
10/24/2022,53.550000,54.420000,46.010000,53.210000
10/25/2022,53.960000,54.920000,52.100000,53.090000
10/26/2022,53.450000,53.610000,50.870000,51.200000
10/27/2022,51.710000,52.400000,49.550000,51.220000
10/28/2022,52.480000,54.100000,52.480000,52.920000
10/31/2022,53.300000,54.150000,51.790000,52.010000
11/01/2022,52.010000,53.770000,51.430000,52.030000
11/02/2022,52.430000,53.810000,49.070000,52.060000
11/03/2022,53.640000,54.760000,50.620000,51.420000
11/04/2022,49.650000,51.560000,49.640000,50.170000
11/07/2022,49.280000,49.850000,48.350000,49.060000
11/08/2022,49.150000,51.270000,48.820000,50.830000
11/09/2022,50.540000,51.350000,49.640000,50.030000
11/10/2022,46.000000,49.100000,46.000000,49.070000
11/11/2022,48.600000,49.130000,45.530000,45.810000
11/14/2022,46.180000,46.230000,44.600000,45.120000
11/15/2022,45.570000,47.780000,44.840000,46.440000
11/16/2022,46.170000,46.420000,45.070000,45.130000
11/17/2022,47.500000,47.710000,45.960000,46.520000
11/18/2022,45.790000,47.310000,45.340000,46.670000
11/21/2022,46.840000,46.840000,44.090000,44.260000
11/22/2022,44.220000,44.470000,43.530000,43.540000
11/23/2022,44.210000,44.290000,41.690000,42.180000
11/25/2022,42.560000,42.810000,41.380000,41.670000
11/28/2022,43.150000,43.710000,42.140000,42.850000
11/29/2022,42.880000,43.240000,41.980000,42.290000
11/30/2022,42.890000,44.140000,41.000000,41.970000
12/01/2022,42.190000,42.210000,39.830000,40.200000
12/02/2022,41.550000,41.550000,40.020000,40.400000
12/05/2022,41.370000,41.960000,40.180000,41.190000
12/06/2022,41.040000,43.480000,40.750000,43.010000
12/07/2022,44.390000,44.970000,43.460000,44.320000
12/08/2022,44.060000,44.990000,42.550000,43.410000
12/09/2022,43.510000,44.400000,42.700000,44.090000
12/12/2022,44.790000,45.880000,44.600000,45.550000
12/13/2022,40.670000,45.160000,40.590000,42.840000
12/14/2022,43.100000,43.880000,40.870000,40.870000
12/15/2022,43.160000,44.960000,42.540000,44.960000
12/16/2022,46.000000,46.850000,43.740000,46.230000
12/19/2022,46.570000,47.170000,44.870000,46.870000
12/20/2022,47.140000,47.360000,44.850000,45.320000
12/21/2022,43.950000,44.900000,43.600000,43.600000
12/22/2022,44.310000,47.660000,43.740000,45.270000
12/23/2022,44.620000,83.380000,43.720000,44.490000
12/27/2022,45.410000,45.850000,44.390000,44.390000
12/28/2022,45.590000,46.080000,43.730000,45.120000
12/29/2022,44.350000,45.070000,43.890000,44.910000
12/30/2022,45.360000,45.840000,44.080000,44.720000
01/03/2023,44.590000,45.770000,43.510000,44.140000
01/04/2023,43.560000,47.780000,42.170000,42.330000
01/05/2023,42.740000,44.000000,42.530000,43.030000
01/06/2023,41.420000,42.150000,40.710000,41.680000
01/09/2023,42.170000,42.870000,41.690000,42.800000
01/10/2023,43.060000,43.220000,39.640000,39.720000
01/11/2023,39.210000,39.710000,38.800000,39.150000
01/12/2023,37.520000,38.670000,36.200000,36.200000
01/13/2023,36.670000,36.670000,34.950000,36.590000
01/17/2023,37.660000,37.940000,36.160000,36.430000
01/18/2023,36.250000,39.740000,36.060000,39.010000
01/19/2023,40.780000,41.250000,38.050000,38.680000
01/20/2023,39.120000,39.770000,37.600000,38.420000
01/23/2023,38.170000,39.080000,37.680000,37.780000
01/24/2023,35.510000,38.580000,34.890000,35.930000
01/25/2023,39.190000,39.590000,36.010000,36.520000
01/26/2023,36.290000,37.390000,35.740000,36.200000
01/27/2023,35.880000,35.930000,32.780000,33.680000
01/30/2023,34.830000,36.130000,34.210000,34.430000
01/31/2023,35.160000,35.300000,33.220000,33.790000
02/01/2023,34.450000,35.560000,32.590000,32.610000
02/02/2023,32.450000,32.630000,29.940000,31.300000
02/03/2023,34.700000,34.790000,32.310000,33.250000
02/06/2023,33.620000,34.860000,33.150000,34.340000
02/07/2023,34.860000,35.130000,32.290000,32.930000
02/08/2023,33.220000,34.620000,31.570000,33.760000
02/09/2023,33.170000,35.440000,32.230000,34.990000
02/10/2023,36.010000,37.060000,35.210000,35.870000
02/13/2023,35.550000,35.730000,33.710000,33.710000
02/14/2023,33.450000,34.270000,31.640000,32.430000
02/15/2023,32.720000,32.910000,31.150000,31.320000
02/16/2023,32.950000,34.350000,31.620000,34.090000
02/17/2023,35.980000,36.710000,34.660000,35.260000
02/21/2023,38.080000,39.050000,37.010000,38.030000
02/22/2023,38.620000,39.680000,37.000000,37.460000
02/23/2023,36.120000,37.770000,34.990000,35.450000
02/24/2023,37.720000,38.900000,36.890000,38.000000
02/27/2023,36.120000,37.130000,35.530000,35.570000
02/28/2023,35.830000,35.910000,34.370000,35.470000
03/01/2023,35.130000,36.640000,34.090000,35.880000
03/02/2023,37.240000,37.550000,35.240000,35.260000
03/03/2023,34.810000,35.640000,33.830000,33.990000
03/06/2023,34.390000,34.960000,34.100000,34.320000
03/07/2023,35.060000,36.270000,33.810000,35.930000
03/08/2023,36.140000,36.660000,34.290000,34.620000
03/09/2023,34.320000,39.670000,33.610000,39.190000
03/10/2023,39.180000,46.950000,38.460000,41.400000
03/13/2023,50.350000,50.350000,40.520000,42.280000
03/14/2023,36.990000,42.320000,36.480000,40.210000
03/15/2023,45.930000,47.450000,41.020000,42.530000
03/16/2023,43.520000,44.600000,38.470000,38.470000
03/17/2023,40.320000,43.990000,39.500000,43.080000
03/20/2023,42.490000,43.420000,39.930000,40.710000
03/21/2023,37.460000,39.630000,37.230000,37.520000
03/22/2023,37.910000,40.300000,36.140000,39.920000
03/23/2023,36.950000,42.540000,36.680000,39.490000
03/24/2023,40.440000,42.390000,36.910000,37.340000
03/27/2023,35.530000,37.900000,35.220000,35.330000
03/28/2023,36.310000,37.780000,35.210000,35.500000
03/29/2023,34.020000,35.560000,33.960000,34.690000
03/30/2023,34.640000,36.370000,33.840000,34.230000
03/31/2023,33.800000,34.970000,33.570000,34.060000
04/03/2023,34.470000,35.270000,32.870000,32.960000
04/04/2023,33.940000,35.490000,33.340000,33.620000
04/05/2023,34.830000,35.950000,33.900000,34.520000
04/06/2023,35.420000,36.200000,33.150000,33.400000
04/10/2023,34.540000,34.550000,32.450000,32.570000
04/11/2023,32.770000,33.590000,32.080000,33.020000
04/12/2023,32.420000,34.800000,32.170000,33.810000
04/13/2023,32.890000,33.610000,32.000000,32.160000
04/14/2023,32.710000,33.280000,31.630000,31.690000
04/17/2023,32.150000,32.460000,30.280000,30.630000
04/18/2023,31.210000,32.080000,30.510000,31.210000
04/19/2023,32.000000,32.150000,30.520000,31.480000
04/20/2023,33.690000,33.790000,31.400000,32.130000
04/21/2023,32.110000,34.310000,32.110000,33.120000
04/24/2023,33.640000,34.390000,32.740000,33.290000
04/25/2023,35.610000,38.170000,34.870000,35.790000
04/26/2023,37.040000,38.510000,35.310000,36.030000
04/27/2023,34.530000,34.880000,32.380000,33.370000
04/28/2023,33.640000,34.880000,31.940000,32.140000
05/01/2023,32.090000,32.100000,30.220000,31.460000
05/02/2023,32.510000,38.430000,32.420000,34.360000
05/03/2023,34.800000,36.600000,32.520000,35.380000
05/04/2023,37.900000,40.450000,36.910000,38.280000
05/05/2023,34.770000,35.490000,33.670000,34.660000
05/08/2023,33.750000,34.900000,33.060000,33.350000
05/09/2023,34.950000,35.290000,34.090000,34.640000
05/10/2023,33.020000,35.980000,32.370000,32.960000
05/11/2023,34.130000,35.690000,32.280000,32.690000
05/12/2023,31.610000,34.360000,31.270000,32.920000
05/15/2023,32.420000,33.310000,30.670000,30.690000
05/16/2023,31.820000,33.040000,31.030000,32.300000
05/17/2023,30.970000,32.170000,29.800000,30.520000
05/18/2023,30.390000,31.160000,27.870000,27.900000
05/19/2023,28.060000,30.890000,27.590000,30.160000
05/22/2023,29.970000,31.550000,28.820000,29.430000
05/23/2023,30.980000,32.170000,29.310000,31.140000
05/24/2023,33.710000,34.180000,31.370000,32.020000
05/25/2023,28.710000,29.720000,27.440000,28.300000
05/26/2023,27.580000,27.670000,25.080000,25.280000
05/30/2023,23.250000,25.460000,21.580000,24.060000
05/31/2023,25.320000,26.200000,23.960000,24.540000
06/01/2023,24.080000,25.560000,21.910000,22.190000
06/02/2023,21.290000,22.220000,21.200000,21.730000
06/05/2023,21.910000,23.380000,21.530000,22.430000
06/06/2023,23.040000,23.120000,21.350000,21.360000
06/07/2023,21.390000,21.910000,20.560000,20.860000
06/08/2023,21.030000,21.450000,19.710000,19.970000
06/09/2023,19.640000,20.450000,19.350000,20.030000
06/12/2023,20.700000,20.770000,19.630000,20.570000
06/13/2023,20.160000,20.940000,19.790000,20.470000
06/14/2023,20.620000,20.620000,18.940000,19.120000
06/15/2023,19.600000,20.410000,18.980000,19.490000
06/16/2023,20.380000,20.630000,19.270000,19.570000
06/20/2023,20.610000,21.610000,19.980000,20.110000
06/21/2023,20.660000,21.300000,19.860000,19.950000
06/22/2023,21.090000,21.590000,18.890000,19.400000
06/23/2023,20.840000,20.890000,19.180000,20.350000
06/26/2023,20.610000,20.760000,19.550000,20.420000
06/27/2023,20.070000,20.180000,18.740000,19.090000
06/28/2023,19.190000,19.400000,17.590000,17.810000
06/29/2023,18.310000,18.960000,18.000000,18.580000
06/30/2023,18.560000,21.670000,18.150000,18.890000
07/03/2023,18.660000,19.110000,18.140000,19.110000
07/05/2023,20.550000,20.810000,19.550000,20.160000
07/06/2023,22.950000,25.050000,20.980000,21.780000
07/07/2023,22.090000,22.150000,19.850000,20.870000
07/10/2023,21.060000,21.410000,20.220000,20.520000
07/11/2023,20.200000,20.830000,19.930000,20.000000
07/12/2023,18.410000,18.890000,17.640000,17.650000
07/13/2023,17.570000,17.620000,16.280000,16.510000
07/14/2023,16.570000,16.700000,15.900000,16.600000
07/17/2023,16.620000,16.670000,16.000000,16.620000
07/18/2023,16.620000,16.790000,15.560000,15.870000
07/19/2023,15.690000,16.870000,15.570000,16.730000
07/20/2023,17.440000,18.410000,17.090000,17.490000
07/21/2023,17.510000,18.000000,17.020000,17.830000
07/24/2023,17.790000,18.150000,16.880000,16.980000
07/25/2023,17.270000,17.280000,16.480000,16.600000
07/26/2023,18.670000,18.940000,16.750000,17.030000
07/27/2023,16.880000,19.860000,16.880000,18.600000
07/28/2023,16.900000,18.750000,16.740000,17.890000
07/31/2023,17.620000,18.290000,17.290000,17.450000
08/01/2023,18.480000,19.000000,18.140000,18.520000
08/02/2023,20.830000,22.080000,20.550000,21.140000
08/03/2023,22.950000,23.370000,20.370000,20.510000
08/04/2023,20.440000,23.500000,19.790000,22.520000
08/07/2023,21.190000,22.130000,19.780000,20.500000
08/08/2023,22.380000,24.480000,21.090000,21.420000
08/09/2023,21.220000,22.870000,20.820000,21.470000
08/10/2023,20.460000,23.420000,19.610000,22.320000
08/11/2023,22.990000,23.300000,21.560000,21.560000
08/14/2023,22.990000,23.090000,20.710000,20.970000
08/15/2023,21.800000,23.350000,21.390000,23.130000
08/16/2023,22.920000,24.570000,22.350000,24.270000
08/17/2023,23.360000,26.170000,23.310000,25.790000
08/18/2023,28.110000,28.370000,24.710000,25.110000
08/21/2023,30.410000,30.410000,23.280000,23.760000
08/22/2023,22.600000,24.220000,22.370000,23.190000
08/23/2023,22.600000,22.980000,21.470000,21.690000
08/24/2023,21.540000,24.960000,21.490000,24.550000
08/25/2023,23.630000,24.960000,22.220000,23.010000
08/28/2023,24.220000,24.220000,21.180000,21.430000
08/29/2023,21.450000,21.570000,19.950000,20.130000
08/30/2023,19.980000,20.700000,19.410000,19.430000
08/31/2023,19.530000,19.630000,18.640000,18.970000
09/01/2023,18.300000,19.450000,18.230000,19.010000
09/05/2023,23.380000,23.380000,18.750000,19.340000
09/06/2023,20.040000,21.590000,19.610000,20.640000
09/07/2023,22.040000,22.140000,19.930000,20.350000
09/08/2023,20.370000,20.370000,19.660000,19.770000
09/11/2023,26.580000,26.580000,19.300000,19.480000
09/12/2023,20.290000,20.760000,19.460000,20.410000
09/13/2023,20.200000,20.440000,19.330000,19.530000
09/14/2023,18.700000,19.400000,18.230000,18.230000
09/15/2023,19.230000,20.800000,18.780000,20.530000
09/18/2023,23.640000,23.640000,20.400000,21.030000
09/19/2023,21.740000,22.550000,20.970000,21.180000
09/20/2023,20.780000,23.340000,20.530000,23.320000
09/21/2023,25.090000,144.770000,2.240000,26.270000
09/22/2023,25.130000,26.300000,24.470000,25.950000
09/25/2023,32.010000,32.010000,25.350000,25.550000
09/26/2023,26.990000,29.680000,26.330000,28.260000
09/27/2023,27.390000,30.200000,27.160000,27.270000
09/28/2023,27.830000,28.090000,25.280000,25.870000
09/29/2023,23.800000,26.970000,23.690000,26.610000
10/02/2023,34.630000,84.960000,21.980000,26.880000
10/03/2023,28.560000,29.860000,27.060000,28.810000
10/04/2023,28.490000,29.410000,27.250000,27.700000
10/05/2023,27.640000,29.200000,26.700000,27.240000
10/06/2023,28.200000,29.050000,25.110000,26.100000
10/09/2023,30.960000,30.960000,25.630000,25.700000
10/10/2023,25.220000,25.230000,23.750000,24.510000
10/11/2023,23.540000,25.680000,22.750000,22.750000
10/12/2023,22.410000,26.180000,21.830000,23.710000
10/13/2023,23.540000,28.770000,23.400000,26.930000
10/16/2023,30.640000,30.640000,23.730000,23.780000
10/17/2023,26.000000,26.160000,23.840000,25.510000
10/18/2023,27.040000,28.740000,26.360000,27.310000
10/19/2023,27.310000,31.410000,26.360000,31.360000
10/20/2023,30.910000,32.550000,29.710000,32.360000
10/23/2023,40.690000,40.690000,29.120000,30.050000
10/24/2023,28.870000,30.620000,27.300000,28.110000
10/25/2023,30.160000,33.740000,25.310000,31.900000
10/26/2023,32.540000,34.470000,31.520000,31.580000
10/27/2023,31.770000,35.390000,31.740000,34.660000
10/30/2023,41.340000,41.340000,31.700000,32.250000
10/31/2023,31.790000,32.170000,29.350000,30.010000
11/01/2023,29.200000,30.040000,26.270000,28.580000
11/02/2023,26.830000,28.630000,23.740000,26.010000
11/03/2023,25.540000,26.170000,24.660000,25.270000
11/06/2023,31.100000,31.100000,24.410000,24.600000
11/07/2023,25.010000,25.560000,24.280000,24.500000
11/08/2023,24.220000,25.150000,22.970000,23.330000
11/09/2023,22.890000,25.270000,22.890000,24.560000
11/10/2023,23.690000,24.240000,21.950000,22.150000
11/13/2023,27.620000,27.620000,21.770000,22.290000
11/14/2023,20.280000,21.890000,20.100000,21.040000
11/15/2023,20.690000,21.330000,20.480000,20.860000
11/16/2023,20.270000,20.580000,19.060000,19.320000
11/17/2023,19.370000,19.690000,19.000000,19.340000
11/20/2023,24.220000,24.220000,18.750000,19.480000
11/21/2023,19.830000,20.020000,19.130000,19.470000
11/22/2023,19.440000,20.580000,19.320000,20.260000
11/24/2023,21.900000,21.900000,19.200000,19.230000
11/27/2023,22.800000,22.800000,19.360000,19.770000
11/28/2023,19.960000,21.840000,19.570000,19.660000
11/29/2023,19.570000,20.820000,19.480000,20.430000
11/30/2023,20.730000,21.730000,20.340000,20.650000
12/01/2023,20.930000,21.260000,20.340000,21.110000
12/04/2023,25.480000,25.480000,20.940000,21.290000
12/05/2023,21.440000,21.640000,20.850000,20.950000
12/06/2023,20.680000,21.590000,20.510000,21.500000
12/07/2023,20.860000,21.360000,20.770000,20.950000
12/08/2023,20.530000,20.900000,20.240000,20.270000
12/11/2023,26.350000,26.350000,19.410000,19.560000
12/12/2023,19.430000,19.680000,18.460000,18.780000
12/13/2023,19.080000,19.210000,17.990000,18.220000
12/14/2023,18.700000,18.700000,17.030000,17.100000
12/15/2023,17.740000,18.650000,17.250000,18.610000
12/18/2023,23.180000,23.180000,18.260000,19.400000
12/19/2023,19.510000,20.190000,19.400000,20.160000
12/20/2023,20.010000,21.930000,19.880000,20.640000
12/21/2023,20.430000,21.780000,20.090000,20.330000
12/22/2023,20.580000,21.510000,20.170000,20.240000
12/26/2023,22.210000,22.210000,19.670000,19.800000
12/27/2023,19.740000,19.740000,18.480000,18.620000
12/28/2023,18.590000,19.440000,18.430000,18.830000
12/29/2023,19.020000,20.720000,18.760000,19.290000
01/02/2024,23.910000,23.910000,19.090000,19.260000
01/03/2024,20.640000,21.590000,19.850000,21.110000
01/04/2024,21.440000,21.510000,20.400000,21.040000
01/05/2024,20.590000,21.240000,19.740000,20.530000
01/08/2024,24.470000,24.470000,19.070000,19.240000
01/09/2024,19.900000,20.020000,18.400000,18.750000
01/10/2024,18.300000,18.550000,17.910000,18.320000
01/11/2024,17.800000,19.510000,17.290000,17.360000
01/12/2024,17.320000,18.720000,17.300000,18.450000
01/16/2024,24.330000,24.330000,18.690000,19.490000
01/17/2024,21.760000,22.040000,20.550000,20.870000
01/18/2024,19.800000,21.180000,19.310000,19.530000
01/19/2024,19.330000,19.960000,18.270000,18.360000
01/22/2024,21.120000,21.120000,17.570000,17.670000
01/23/2024,17.630000,18.100000,17.010000,17.060000
01/24/2024,17.220000,17.760000,16.880000,17.460000
01/25/2024,17.650000,18.790000,16.940000,17.450000
01/26/2024,17.700000,18.070000,17.070000,17.500000
01/29/2024,22.250000,22.250000,17.270000,17.520000
01/30/2024,17.420000,17.450000,16.350000,16.810000
01/31/2024,18.030000,20.070000,17.850000,19.670000
02/01/2024,18.970000,20.020000,18.370000,18.380000
02/02/2024,19.850000,20.320000,18.980000,19.540000
02/05/2024,24.640000,24.640000,17.340000,17.520000
02/06/2024,17.260000,18.700000,17.260000,17.750000
02/07/2024,17.730000,18.190000,17.350000,17.440000
02/08/2024,17.590000,17.750000,17.140000,17.200000
02/09/2024,17.480000,17.510000,16.730000,17.160000
02/12/2024,20.180000,20.180000,16.710000,17.440000
02/13/2024,18.650000,20.870000,18.010000,18.060000
02/14/2024,16.870000,18.390000,16.580000,17.010000
02/15/2024,16.830000,17.070000,16.200000,16.200000
02/16/2024,16.830000,17.360000,14.850000,16.610000
02/20/2024,19.480000,19.480000,17.030000,18.020000
02/21/2024,18.630000,19.300000,17.920000,18.030000
02/22/2024,17.770000,17.790000,16.600000,17.190000
02/23/2024,17.210000,17.400000,16.310000,16.460000
02/26/2024,19.210000,19.210000,15.880000,16.010000
02/27/2024,15.830000,16.130000,15.580000,15.580000
02/28/2024,16.120000,16.250000,15.650000,16.130000
02/29/2024,15.570000,16.620000,15.360000,15.660000
03/01/2024,15.390000,15.570000,14.850000,15.110000
03/04/2024,18.420000,18.420000,13.650000,14.450000
03/05/2024,14.970000,16.000000,14.660000,15.020000
03/06/2024,14.150000,15.070000,14.010000,14.640000
03/07/2024,14.220000,14.450000,12.780000,12.960000
03/08/2024,12.490000,14.910000,10.630000,13.830000
03/11/2024,17.100000,17.100000,14.500000,14.870000
03/12/2024,13.830000,14.540000,12.260000,12.270000
03/13/2024,12.500000,12.610000,11.560000,11.790000
03/14/2024,11.700000,14.230000,11.530000,13.030000
03/15/2024,13.710000,14.230000,12.870000,13.420000
03/18/2024,14.840000,14.840000,12.130000,13.490000
03/19/2024,14.290000,15.040000,13.860000,13.910000
03/20/2024,14.120000,14.690000,13.430000,13.490000
03/21/2024,12.890000,13.480000,12.240000,12.240000
03/22/2024,12.620000,12.650000,11.350000,11.940000
03/25/2024,13.200000,13.200000,11.310000,12.260000
03/26/2024,11.840000,12.590000,11.480000,12.280000
03/27/2024,12.140000,13.090000,12.140000,12.590000
03/28/2024,12.740000,13.450000,12.620000,13.230000
04/01/2024,14.740000,14.740000,13.100000,13.950000
04/02/2024,15.390000,16.280000,15.130000,15.440000
04/03/2024,16.040000,16.040000,14.710000,15.120000
04/04/2024,14.440000,18.150000,14.440000,17.310000
04/05/2024,17.400000,18.360000,16.100000,17.570000
04/08/2024,18.680000,18.690000,16.210000,16.410000
04/09/2024,16.460000,18.730000,16.390000,16.630000
04/10/2024,18.770000,19.140000,17.330000,17.760000
04/11/2024,17.800000,18.980000,16.400000,16.400000
04/12/2024,18.830000,21.320000,18.170000,19.320000
04/15/2024,21.890000,22.600000,17.690000,22.600000
04/16/2024,21.690000,22.750000,20.190000,21.340000
04/17/2024,20.580000,23.120000,20.190000,21.650000
04/18/2024,20.930000,22.610000,20.590000,21.620000
04/19/2024,22.410000,24.440000,21.540000,23.660000
04/22/2024,28.390000,28.490000,20.700000,20.850000
04/23/2024,19.930000,20.280000,18.830000,18.890000
04/24/2024,18.700000,19.290000,18.090000,18.810000
04/25/2024,20.910000,21.160000,16.840000,16.960000
04/26/2024,18.780000,19.180000,17.890000,18.030000
04/29/2024,18.550000,18.550000,16.680000,16.740000
04/30/2024,17.080000,18.260000,16.580000,18.030000
05/01/2024,19.700000,20.740000,18.060000,19.700000
05/02/2024,19.070000,20.920000,18.550000,18.800000
05/03/2024,17.610000,18.690000,14.740000,17.890000
05/06/2024,19.680000,19.710000,16.840000,16.970000
05/07/2024,16.950000,17.520000,16.710000,16.920000
05/08/2024,17.140000,17.150000,16.370000,16.550000
05/09/2024,16.310000,16.940000,16.240000,16.240000
05/10/2024,16.050000,16.500000,15.810000,16.400000
05/13/2024,20.170000,20.170000,16.230000,16.620000
05/14/2024,16.590000,16.870000,15.670000,15.860000
05/15/2024,15.150000,15.430000,13.950000,14.120000
05/16/2024,14.270000,14.600000,13.820000,14.160000
05/17/2024,14.030000,14.580000,13.900000,14.100000
05/20/2024,15.210000,15.210000,13.800000,14.100000
05/21/2024,14.620000,14.720000,13.250000,13.290000
05/22/2024,13.660000,14.620000,13.400000,13.590000
05/23/2024,13.060000,14.870000,13.050000,13.890000
05/24/2024,13.600000,14.070000,12.950000,13.020000
05/28/2024,14.470000,14.470000,11.560000,12.040000
05/29/2024,13.710000,13.850000,12.680000,13.480000
05/30/2024,13.410000,14.270000,12.440000,13.820000
05/31/2024,12.910000,15.160000,12.310000,12.480000
06/03/2024,15.920000,15.920000,12.100000,12.360000
06/04/2024,13.160000,14.090000,12.840000,13.150000
06/05/2024,12.700000,13.330000,11.660000,11.790000
06/06/2024,11.700000,12.550000,11.130000,11.680000
06/07/2024,12.280000,12.370000,11.580000,11.920000
06/10/2024,12.800000,12.830000,11.920000,12.340000
06/11/2024,12.840000,13.490000,12.250000,12.330000
06/12/2024,11.530000,11.640000,9.810000,10.060000
06/13/2024,9.840000,10.520000,8.670000,9.220000
06/14/2024,10.440000,10.560000,9.420000,9.760000
06/17/2024,10.700000,11.170000,8.740000,9.170000
06/18/2024,9.000000,9.440000,8.650000,8.740000
06/20/2024,8.650000,10.650000,8.350000,9.760000
06/21/2024,10.840000,11.280000,9.680000,10.210000
06/24/2024,13.120000,13.120000,10.490000,11.460000
06/25/2024,11.160000,11.470000,10.220000,10.320000
06/26/2024,10.680000,10.680000,9.120000,9.440000
06/27/2024,9.620000,9.870000,8.820000,8.860000
06/28/2024,8.970000,9.760000,8.660000,9.090000
07/01/2024,10.440000,10.440000,8.290000,8.360000
07/02/2024,9.010000,9.010000,7.880000,8.130000
07/03/2024,8.100000,8.220000,7.570000,7.630000
07/05/2024,7.940000,8.140000,7.570000,8.080000
07/08/2024,8.470000,8.470000,7.590000,7.790000
07/09/2024,7.780000,8.030000,7.340000,7.900000
07/10/2024,7.820000,7.990000,7.490000,7.790000
07/11/2024,7.660000,9.000000,7.520000,8.290000
07/12/2024,7.960000,8.090000,7.460000,7.800000
07/15/2024,9.800000,9.840000,7.880000,8.650000
07/16/2024,8.510000,9.470000,8.470000,9.370000
07/17/2024,10.580000,11.520000,9.990000,11.090000
07/18/2024,10.720000,12.730000,10.640000,11.730000
07/19/2024,12.610000,14.070000,12.060000,13.130000
07/22/2024,14.120000,14.160000,10.980000,11.150000
07/23/2024,11.240000,12.180000,10.800000,11.360000
07/24/2024,13.080000,16.550000,13.080000,15.920000
07/25/2024,16.160000,18.010000,14.260000,16.900000
07/26/2024,15.210000,15.560000,14.380000,14.400000
07/29/2024,16.770000,16.770000,13.510000,14.280000
07/30/2024,13.990000,17.970000,13.900000,16.640000
07/31/2024,14.770000,15.000000,13.050000,14.000000
08/01/2024,14.120000,18.650000,13.950000,17.550000
08/02/2024,22.350000,26.390000,20.500000,23.290000
08/05/2024,73.240000,73.240000,26.530000,35.680000
08/06/2024,32.090000,32.680000,24.050000,28.420000
08/07/2024,22.940000,30.360000,22.570000,27.920000
08/08/2024,24.920000,27.210000,23.740000,24.320000
08/09/2024,24.460000,25.390000,20.820000,20.960000
08/12/2024,26.770000,26.770000,18.420000,20.640000
08/13/2024,19.750000,20.470000,17.970000,18.080000
08/14/2024,16.950000,17.480000,15.620000,15.650000
08/15/2024,14.610000,16.170000,13.940000,14.230000
08/16/2024,14.960000,15.000000,13.730000,14.130000
08/19/2024,16.470000,16.470000,12.980000,13.360000
08/20/2024,13.740000,14.240000,13.220000,13.910000
08/21/2024,14.090000,15.150000,13.610000,14.000000
08/22/2024,13.450000,15.480000,13.400000,14.590000
08/23/2024,14.020000,14.400000,12.720000,12.970000
08/26/2024,14.880000,14.880000,12.570000,12.750000
08/27/2024,13.260000,13.820000,12.510000,12.600000
08/28/2024,12.810000,15.130000,12.800000,14.460000
08/29/2024,15.440000,15.700000,14.490000,14.670000
08/30/2024,14.330000,15.410000,13.960000,14.530000
09/03/2024,18.970000,22.610000,16.030000,20.460000
09/04/2024,21.910000,23.600000,19.450000,22.660000
09/05/2024,21.930000,23.290000,17.220000,20.650000
09/06/2024,19.690000,25.640000,19.570000,24.820000
09/09/2024,29.230000,29.230000,21.250000,21.980000
09/10/2024,21.260000,24.170000,21.030000,21.120000
09/11/2024,20.580000,23.920000,18.320000,18.340000
09/12/2024,19.210000,19.640000,17.100000,17.510000
09/13/2024,17.590000,18.280000,16.990000,17.690000
09/16/2024,22.630000,22.630000,17.930000,18.640000
09/17/2024,18.490000,19.560000,18.100000,18.790000
09/18/2024,19.430000,20.350000,15.870000,19.470000
09/19/2024,17.670000,18.680000,16.740000,16.970000
09/20/2024,17.560000,18.070000,17.040000,17.510000
09/23/2024,20.030000,20.030000,16.870000,17.180000
09/24/2024,17.140000,18.200000,16.030000,16.390000
09/25/2024,16.230000,16.770000,15.750000,16.330000
09/26/2024,16.010000,16.920000,15.780000,15.840000
09/27/2024,15.720000,18.390000,15.560000,17.740000
09/30/2024,21.510000,21.510000,16.590000,17.070000
10/01/2024,17.180000,20.930000,17.140000,19.250000
10/02/2024,20.210000,21.250000,18.710000,18.740000
10/03/2024,19.670000,20.550000,18.440000,19.830000
10/04/2024,18.330000,19.520000,17.750000,18.180000
10/07/2024,23.800000,23.830000,18.540000,20.210000
10/08/2024,18.760000,19.380000,17.910000,18.480000
10/09/2024,18.470000,18.830000,17.840000,18.240000
10/10/2024,18.340000,18.710000,17.640000,18.020000
10/11/2024,18.080000,18.590000,17.670000,18.170000
10/14/2024,20.380000,20.380000,17.240000,17.250000
10/15/2024,17.130000,18.580000,16.900000,18.290000
10/16/2024,18.230000,18.620000,17.050000,17.050000
10/17/2024,16.780000,17.210000,15.450000,15.450000
10/18/2024,15.790000,16.060000,15.180000,15.450000
10/21/2024,17.240000,17.240000,15.110000,15.110000
10/22/2024,16.200000,16.350000,14.470000,14.790000
10/23/2024,15.320000,17.830000,15.200000,16.360000
10/24/2024,15.800000,17.710000,15.480000,15.660000
10/25/2024,14.990000,17.510000,14.790000,17.010000
10/28/2024,17.540000,17.540000,14.800000,15.770000
10/29/2024,16.310000,16.660000,15.050000,15.230000
10/30/2024,16.680000,17.420000,15.870000,17.180000
10/31/2024,19.790000,21.320000,19.170000,20.320000
11/01/2024,19.990000,21.880000,19.350000,21.450000
11/04/2024,26.170000,26.170000,20.140000,20.600000
11/05/2024,20.060000,20.060000,17.780000,17.780000
11/06/2024,12.820000,15.510000,12.780000,14.390000
11/07/2024,13.890000,14.450000,13.500000,14.000000
11/08/2024,13.600000,14.510000,13.600000,13.910000
11/11/2024,16.370000,16.370000,12.650000,12.700000
11/12/2024,13.050000,13.240000,12.100000,12.180000
11/13/2024,12.120000,12.460000,11.410000,11.640000
11/14/2024,11.510000,12.110000,11.140000,11.840000
11/15/2024,12.350000,14.810000,11.980000,13.040000
11/18/2024,14.900000,15.030000,12.010000,12.680000
11/19/2024,14.180000,14.230000,12.530000,13.190000
11/20/2024,13.160000,15.350000,13.040000,13.370000
11/21/2024,13.780000,16.020000,13.380000,13.970000
11/22/2024,13.670000,14.230000,12.620000,12.850000
11/25/2024,14.540000,14.540000,12.230000,12.450000
11/26/2024,12.490000,12.900000,12.150000,12.580000
11/27/2024,12.840000,14.010000,12.630000,12.820000
11/29/2024,12.440000,12.580000,11.890000,12.080000
12/02/2024,13.090000,13.090000,11.760000,11.760000
12/03/2024,12.190000,12.460000,11.690000,11.890000
12/04/2024,11.710000,12.100000,11.530000,11.850000
12/05/2024,11.820000,12.120000,11.390000,11.740000
12/06/2024,11.130000,11.640000,11.040000,11.170000
12/09/2024,13.160000,13.190000,11.050000,12.040000
12/10/2024,11.860000,12.130000,11.260000,11.660000
12/11/2024,10.900000,11.100000,10.760000,10.920000
12/12/2024,10.770000,11.570000,10.590000,11.440000
12/13/2024,10.660000,11.920000,10.630000,11.080000
12/16/2024,10.900000,10.920000,10.110000,10.480000
12/17/2024,11.090000,11.260000,10.310000,11.130000
12/18/2024,11.040000,20.770000,9.880000,19.750000
12/19/2024,15.550000,19.160000,15.150000,19.160000
12/20/2024,18.900000,19.030000,14.220000,15.730000
12/23/2024,14.700000,16.950000,13.230000,13.260000
12/24/2024,12.850000,12.860000,10.070000,10.240000
12/26/2024,10.580000,11.230000,9.720000,10.040000
12/27/2024,11.390000,14.150000,11.280000,12.090000
12/30/2024,14.400000,15.240000,12.750000,14.190000
12/31/2024,13.360000,15.310000,13.170000,14.230000
01/02/2025,13.900000,16.800000,13.760000,14.940000
01/03/2025,14.240000,14.290000,12.420000,12.660000
01/06/2025,11.950000,12.320000,10.750000,11.330000
01/07/2025,10.800000,15.840000,10.750000,14.640000
01/08/2025,15.530000,17.050000,14.500000,14.980000
01/10/2025,16.920000,18.680000,16.260000,18.150000
01/13/2025,19.600000,19.830000,17.540000,17.740000
01/14/2025,17.260000,18.940000,16.640000,17.400000
01/15/2025,14.980000,15.720000,14.030000,14.140000
01/16/2025,14.480000,14.760000,13.880000,14.580000
01/17/2025,13.640000,14.280000,13.590000,14.040000
01/21/2025,13.170000,13.630000,11.720000,11.860000
01/22/2025,12.100000,12.100000,11.100000,11.420000
01/23/2025,11.540000,11.900000,11.350000,11.670000
01/24/2025,11.450000,12.220000,11.430000,11.890000
01/27/2025,15.320000,15.320000,13.110000,13.830000
01/28/2025,13.620000,15.020000,12.150000,12.530000
01/29/2025,12.680000,13.240000,10.880000,11.100000
01/30/2025,11.580000,12.550000,10.500000,11.120000
01/31/2025,11.140000,13.210000,10.830000,12.430000
02/03/2025,15.170000,17.160000,9.600000,14.390000
02/04/2025,13.900000,14.050000,13.250000,13.770000
02/05/2025,13.470000,14.360000,12.250000,12.250000
02/06/2025,12.100000,13.370000,12.090000,12.690000
02/07/2025,12.420000,14.660000,9.310000,13.480000
02/10/2025,13.000000,13.680000,12.940000,13.180000
02/11/2025,13.480000,13.590000,12.870000,13.370000
02/12/2025,14.560000,14.670000,13.230000,13.350000
02/13/2025,13.320000,13.650000,11.960000,12.060000
02/14/2025,12.150000,12.610000,11.780000,12.130000
02/18/2025,12.150000,12.580000,11.850000,11.850000
02/19/2025,12.430000,12.660000,11.670000,12.070000
02/20/2025,12.220000,13.460000,11.890000,12.370000
02/21/2025,12.550000,15.360000,12.440000,14.830000
02/24/2025,14.670000,16.670000,14.260000,15.610000
02/25/2025,16.240000,18.390000,15.610000,16.030000
02/26/2025,16.030000,17.330000,14.950000,16.390000
02/27/2025,16.560000,20.330000,16.420000,20.070000
02/28/2025,20.360000,21.790000,17.700000,18.480000
03/03/2025,18.200000,23.420000,8.280000,21.730000
03/04/2025,23.270000,25.280000,20.180000,22.020000
03/05/2025,22.990000,24.230000,20.780000,21.780000
03/06/2025,24.010000,26.620000,23.170000,24.870000
03/07/2025,25.620000,27.590000,12.310000,24.090000
03/10/2025,26.680000,28.960000,24.940000,27.520000
03/11/2025,28.220000,30.790000,27.260000,28.940000
03/12/2025,26.860000,28.750000,25.820000,27.000000
03/13/2025,26.390000,28.490000,25.370000,26.600000
03/14/2025,26.390000,93.360000,24.170000,24.940000
03/17/2025,24.010000,24.100000,22.520000,23.070000
03/18/2025,23.510000,24.810000,21.120000,24.490000
03/19/2025,24.140000,24.910000,21.960000,22.890000
03/20/2025,24.630000,24.630000,22.320000,22.570000
03/21/2025,24.410000,24.800000,22.860000,23.090000
03/24/2025,21.650000,22.040000,19.940000,20.030000
03/25/2025,19.890000,21.020000,19.590000,19.780000
03/26/2025,20.080000,22.710000,19.740000,21.660000
03/27/2025,22.290000,23.220000,21.220000,21.900000
03/28/2025,22.710000,26.330000,22.660000,26.060000
03/31/2025,27.900000,28.690000,24.380000,25.380000
04/01/2025,25.870000,27.530000,24.650000,24.890000
04/02/2025,27.370000,34.480000,3.400000,21.970000
04/03/2025,30.790000,33.700000,28.780000,33.550000
04/04/2025,39.740000,45.160000,35.190000,44.440000
04/07/2025,47.100000,48.500000,16.350000,43.630000
04/08/2025,38.760000,51.230000,25.910000,46.690000
04/09/2025,48.940000,54.960000,21.640000,39.250000
04/10/2025,41.260000,51.500000,40.320000,42.760000
04/11/2025,46.050000,49.520000,42.390000,43.050000
04/14/2025,38.890000,42.160000,36.880000,38.180000
04/15/2025,37.700000,40.240000,37.300000,40.180000
04/16/2025,42.320000,44.690000,39.700000,43.260000
04/17/2025,41.460000,43.380000,40.130000,40.160000
04/21/2025,42.340000,45.260000,42.160000,44.060000
04/22/2025,41.130000,42.760000,40.790000,41.470000
04/23/2025,39.140000,41.420000,38.200000,39.370000
04/24/2025,38.710000,39.250000,35.360000,35.740000
04/25/2025,36.870000,38.060000,34.260000,34.600000
04/28/2025,33.840000,36.380000,33.710000,34.490000
04/29/2025,34.880000,35.370000,33.240000,33.640000
04/30/2025,36.290000,38.110000,33.070000,33.810000
05/01/2025,34.330000,35.730000,33.000000,35.320000
05/02/2025,33.790000,34.590000,32.410000,33.040000
05/05/2025,33.880000,34.020000,32.380000,33.530000
05/06/2025,35.180000,35.720000,34.190000,35.010000
05/07/2025,35.180000,35.710000,32.180000,32.770000
05/08/2025,31.840000,33.440000,30.450000,31.180000
05/09/2025,30.880000,31.820000,30.450000,31.070000
05/12/2025,26.080000,26.720000,23.020000,23.650000
05/13/2025,22.300000,22.300000,19.970000,20.870000
05/14/2025,20.520000,21.020000,19.610000,20.460000
05/15/2025,21.230000,21.890000,19.260000,19.530000
05/16/2025,19.370000,20.070000,19.130000,19.740000
05/19/2025,21.270000,21.460000,20.000000,20.410000
05/20/2025,20.090000,21.080000,19.840000,20.410000
05/21/2025,21.410000,23.250000,19.960000,23.000000
05/22/2025,23.390000,23.830000,21.150000,22.220000
05/23/2025,26.350000,26.350000,23.570000,25.110000
05/27/2025,21.670000,22.350000,19.760000,19.790000
05/28/2025,20.060000,21.350000,19.990000,21.160000
05/29/2025,20.780000,22.900000,20.360000,22.000000
05/30/2025,22.830000,24.090000,22.210000,22.370000
06/02/2025,22.720000,23.980000,21.900000,21.970000
06/03/2025,21.680000,22.190000,20.840000,21.140000
06/04/2025,20.800000,21.540000,20.790000,21.240000
06/05/2025,20.690000,22.220000,20.080000,21.490000
06/06/2025,20.310000,21.230000,19.820000,20.170000
06/09/2025,20.190000,20.370000,19.420000,20.040000
06/10/2025,19.830000,20.540000,19.210000,19.620000
06/11/2025,19.030000,20.470000,18.750000,19.550000
06/12/2025,20.390000,20.700000,19.300000,19.950000
06/13/2025,21.930000,24.120000,20.910000,23.290000
06/16/2025,21.090000,21.510000,20.240000,20.510000
06/17/2025,21.500000,23.600000,21.200000,23.600000
06/18/2025,23.030000,23.600000,21.400000,21.790000
06/20/2025,21.280000,24.020000,21.190000,23.290000
06/23/2025,22.660000,25.310000,21.770000,21.930000
06/24/2025,20.080000,20.400000,18.780000,18.940000
06/25/2025,18.790000,18.940000,17.790000,17.880000
06/26/2025,17.500000,17.580000,16.840000,17.390000
06/27/2025,17.220000,18.230000,17.020000,17.360000
06/30/2025,17.280000,17.740000,16.750000,17.080000
07/01/2025,17.670000,18.040000,17.460000,18.010000
07/02/2025,18.030000,18.260000,17.520000,17.770000
07/03/2025,17.050000,17.930000,16.820000,17.930000
07/07/2025,18.750000,20.140000,18.690000,19.530000
07/08/2025,18.590000,18.900000,18.120000,18.410000
07/09/2025,17.310000,18.060000,17.110000,17.530000
07/10/2025,17.080000,17.440000,16.700000,16.930000
07/11/2025,17.980000,18.370000,17.330000,18.140000
07/14/2025,18.680000,19.090000,18.480000,19.060000
07/15/2025,18.160000,19.760000,18.160000,19.700000
07/16/2025,18.970000,22.040000,18.900000,19.510000
07/17/2025,19.540000,19.620000,18.260000,18.320000
07/18/2025,18.450000,19.430000,18.350000,18.740000
07/21/2025,18.350000,19.130000,18.340000,18.890000
07/22/2025,19.190000,19.900000,18.290000,18.560000
07/23/2025,18.030000,18.190000,16.280000,16.440000
07/24/2025,16.630000,17.510000,16.630000,17.250000
07/25/2025,17.160000,17.670000,16.910000,16.950000
07/28/2025,16.580000,17.100000,15.970000,16.000000
07/29/2025,15.650000,16.760000,15.470000,16.650000
07/30/2025,16.520000,17.870000,15.270000,15.270000
07/31/2025,16.110000,17.480000,15.540000,16.950000
08/01/2025,20.410000,22.820000,20.200000,21.530000
08/04/2025,19.280000,19.460000,17.710000,17.710000
08/05/2025,18.120000,20.480000,17.930000,18.880000
08/06/2025,19.330000,19.530000,17.530000,17.790000
08/07/2025,16.900000,18.100000,16.650000,16.900000
08/08/2025,16.500000,16.940000,15.900000,15.900000
08/11/2025,15.800000,16.820000,15.520000,16.610000
08/12/2025,15.630000,16.150000,15.030000,15.070000
08/13/2025,14.820000,15.410000,14.310000,14.510000
08/14/2025,15.350000,15.670000,14.480000,15.010000
08/15/2025,14.670000,15.740000,14.670000,15.630000
08/18/2025,15.370000,15.780000,14.860000,15.020000
08/19/2025,15.010000,16.160000,14.670000,15.650000
08/20/2025,15.790000,17.530000,15.720000,16.080000
08/21/2025,17.010000,17.660000,16.410000,16.800000
08/22/2025,16.680000,16.830000,13.700000,13.770000
08/25/2025,14.120000,14.290000,13.420000,14.110000
08/26/2025,14.440000,14.470000,13.510000,13.510000
08/27/2025,13.900000,14.170000,13.490000,13.690000
08/28/2025,13.850000,14.770000,13.710000,14.210000
08/29/2025,14.280000,15.850000,14.160000,15.240000
09/02/2025,18.560000,19.210000,16.660000,16.690000
09/03/2025,17.270000,17.410000,16.360000,16.370000
09/04/2025,16.400000,16.570000,15.500000,15.500000
09/05/2025,14.880000,17.290000,14.790000,15.770000
09/08/2025,15.410000,15.750000,15.070000,15.350000
09/09/2025,15.710000,16.230000,15.000000,15.110000
09/10/2025,14.820000,14.820000,13.560000,14.210000
09/11/2025,13.740000,14.270000,13.590000,13.880000
09/12/2025,13.950000,14.230000,13.340000,14.030000
09/15/2025,13.660000,14.410000,13.570000,14.270000
09/16/2025,14.370000,15.120000,14.370000,14.940000
09/17/2025,14.890000,15.800000,13.950000,14.520000
09/18/2025,14.440000,14.690000,13.860000,14.530000
09/19/2025,14.490000,15.520000,14.390000,14.760000
09/22/2025,15.050000,15.200000,14.020000,14.560000
09/23/2025,14.710000,15.870000,14.610000,15.280000
09/24/2025,15.040000,16.310000,15.010000,15.020000
09/25/2025,16.220000,16.900000,15.250000,15.520000
09/26/2025,15.450000,15.930000,14.050000,14.050000
09/29/2025,13.960000,14.650000,13.650000,14.420000
09/30/2025,14.380000,14.560000,13.230000,13.670000
10/01/2025,14.110000,14.140000,12.940000,13.470000
10/02/2025,12.840000,13.960000,12.580000,13.720000
10/03/2025,13.690000,14.680000,13.550000,14.230000
10/06/2025,13.850000,13.850000,12.760000,13.040000
10/07/2025,12.840000,14.640000,12.710000,14.530000
10/08/2025,14.590000,14.830000,13.420000,13.550000
10/09/2025,13.430000,14.180000,13.150000,13.590000
10/10/2025,13.660000,20.010000,6.490000,18.970000
10/13/2025,16.860000,17.790000,15.690000,16.020000
10/14/2025,18.400000,19.780000,15.880000,17.610000
10/15/2025,16.000000,18.830000,15.380000,17.030000
10/16/2025,16.500000,21.430000,16.380000,21.360000
10/17/2025,20.040000,20.990000,16.990000,17.140000
10/20/2025,16.120000,16.140000,14.460000,14.590000
10/21/2025,14.810000,15.440000,14.030000,14.680000
10/22/2025,15.180000,22.640000,14.790000,15.430000
10/23/2025,15.950000,16.180000,14.110000,14.510000
10/24/2025,13.490000,14.320000,13.120000,13.940000
10/27/2025,13.170000,13.570000,13.050000,13.330000
10/28/2025,13.220000,14.130000,12.690000,13.900000
10/29/2025,13.600000,14.700000,12.910000,13.500000
10/30/2025,14.800000,16.150000,14.350000,15.450000
10/31/2025,15.640000,17.820000,15.400000,16.500000
11/03/2025,17.420000,17.430000,15.400000,15.870000
11/04/2025,17.990000,18.520000,17.020000,17.760000
11/05/2025,17.800000,18.050000,15.170000,16.270000
11/06/2025,16.520000,18.650000,16.170000,17.070000
11/07/2025,18.520000,20.270000,16.580000,16.580000
11/10/2025,18.980000,18.980000,14.460000,14.650000
11/11/2025,14.850000,15.570000,14.730000,15.320000
11/12/2025,15.250000,16.150000,15.250000,15.740000
11/13/2025,16.470000,18.910000,16.470000,17.440000
11/14/2025,19.630000,20.440000,16.980000,17.780000
11/17/2025,21.490000,21.490000,17.240000,19.660000
11/18/2025,20.940000,22.430000,19.390000,21.250000
11/19/2025,21.090000,21.330000,18.390000,19.970000
11/20/2025,16.650000,24.130000,16.370000,22.610000
11/21/2025,22.020000,24.400000,20.310000,20.860000
11/24/2025,21.850000,21.850000,18.370000,18.800000
11/25/2025,18.260000,18.970000,15.860000,16.080000
11/26/2025,15.620000,16.040000,15.000000,15.570000
11/28/2025,15.710000,15.940000,-0.070000,15.380000
12/01/2025,18.000000,18.000000,15.260000,16.230000
12/02/2025,15.690000,16.410000,15.370000,15.750000
12/03/2025,16.190000,16.190000,15.070000,15.090000
12/04/2025,15.040000,15.670000,14.330000,14.400000
12/05/2025,14.300000,14.910000,14.150000,14.420000
12/08/2025,16.310000,16.310000,14.430000,14.820000
12/09/2025,15.180000,15.410000,14.680000,15.110000
12/10/2025,15.390000,15.620000,13.410000,13.700000
12/11/2025,14.480000,14.900000,12.930000,13.030000
12/12/2025,13.540000,16.140000,13.360000,14.080000
12/15/2025,14.620000,15.370000,13.780000,14.840000
12/16/2025,15.310000,16.280000,14.750000,15.390000
12/17/2025,15.340000,17.100000,14.970000,16.620000
12/18/2025,15.790000,16.730000,15.080000,15.770000
12/19/2025,14.680000,14.730000,13.200000,13.220000
12/22/2025,13.960000,13.960000,12.090000,12.290000
12/23/2025,12.440000,12.520000,12.010000,12.420000
12/24/2025,12.560000,12.560000,12.100000,12.370000
12/26/2025,12.560000,12.970000,12.190000,12.350000
12/29/2025,14.520000,14.520000,12.360000,12.790000
12/30/2025,12.940000,13.070000,12.340000,12.990000
12/31/2025,13.030000,13.680000,12.750000,13.250000
01/02/2026,12.840000,13.260000,12.320000,12.670000
01/05/2026,13.590000,13.590000,12.290000,12.770000
01/06/2026,12.730000,12.990000,12.270000,12.620000
01/07/2026,12.780000,13.250000,12.500000,12.950000
01/08/2026,13.260000,13.600000,12.380000,12.620000
01/09/2026,12.700000,12.940000,12.090000,12.130000
01/12/2026,14.490000,14.490000,12.260000,12.380000
01/13/2026,12.350000,13.440000,12.220000,13.010000
01/14/2026,13.830000,15.180000,13.370000,13.610000
01/15/2026,12.710000,12.910000,12.150000,12.780000
01/16/2026,12.550000,13.450000,12.470000,13.360000
01/20/2026,20.200000,20.200000,15.250000,16.180000
01/21/2026,15.580000,16.160000,13.270000,13.630000
01/22/2026,12.820000,13.790000,12.370000,12.740000
01/23/2026,12.670000,13.000000,12.140000,12.960000
01/26/2026,14.260000,14.260000,12.120000,12.570000
01/27/2026,12.470000,12.730000,11.960000,12.670000
01/28/2026,12.580000,13.180000,11.980000,12.400000
01/29/2026,13.150000,15.510000,12.810000,13.030000
01/30/2026,13.690000,15.020000,13.060000,14.430000
02/02/2026,16.050000,16.050000,12.830000,13.230000
02/03/2026,13.170000,16.290000,13.020000,13.880000
02/04/2026,14.030000,16.530000,13.800000,14.260000
02/05/2026,17.510000,18.370000,15.710000,17.170000
02/06/2026,15.630000,16.060000,13.660000,14.200000
02/09/2026,17.090000,17.090000,12.940000,13.310000
02/10/2026,13.130000,14.290000,12.930000,14.130000
02/11/2026,12.960000,14.630000,12.880000,13.360000
02/12/2026,13.000000,15.940000,12.620000,15.640000
02/13/2026,15.740000,17.220000,14.480000,16.060000
02/17/2026,18.370000,18.380000,15.080000,15.660000
02/18/2026,15.670000,15.910000,14.450000,15.130000
02/19/2026,15.960000,16.770000,15.640000,15.670000
02/20/2026,16.760000,16.760000,14.600000,14.680000
02/23/2026,16.590000,17.260000,14.650000,16.290000
02/24/2026,16.990000,17.310000,14.580000,14.970000
02/25/2026,13.730000,14.210000,12.710000,12.760000
02/26/2026,13.220000,15.700000,13.200000,14.080000
02/27/2026,16.460000,16.790000,14.650000,14.760000
03/02/2026,20.400000,20.400000,14.990000,16.000000
03/03/2026,18.860000,21.980000,16.560000,17.990000
03/04/2026,17.310000,18.250000,15.400000,16.040000
03/05/2026,17.130000,20.290000,16.320000,18.370000
03/06/2026,22.520000,23.860000,20.390000,23.420000
03/09/2026,26.730000,26.730000,19.790000,20.810000
03/10/2026,19.880000,22.850000,18.520000,21.930000
03/11/2026,21.440000,23.090000,20.530000,21.660000
03/12/2026,23.800000,25.350000,22.770000,25.150000
03/13/2026,23.290000,26.930000,22.810000,26.830000
03/16/2026,25.810000,25.810000,22.270000,23.010000
03/17/2026,21.660000,23.570000,21.660000,22.910000
03/18/2026,24.010000,26.810000,23.680000,26.760000
03/19/2026,29.430000,29.680000,24.620000,25.240000
03/20/2026,26.480000,32.110000,26.290000,29.490000
03/23/2026,31.710000,31.720000,25.120000,28.330000
03/24/2026,29.960000,30.650000,27.100000,28.240000
03/25/2026,26.730000,28.720000,26.290000,26.960000
03/26/2026,28.690000,31.510000,10.510000,29.300000
03/27/2026,32.610000,34.780000,31.460000,34.020000
03/30/2026,34.390000,35.260000,31.720000,34.510000
03/31/2026,30.750000,32.530000,27.280000,27.440000
04/01/2026,26.210000,26.990000,24.370000,25.430000
04/02/2026,29.000000,29.410000,24.290000,24.670000
04/06/2026,27.540000,27.540000,23.530000,24.410000
04/07/2026,25.540000,28.040000,24.840000,25.150000
04/08/2026,17.950000,21.110000,17.950000,19.110000
04/09/2026,19.390000,19.730000,16.830000,17.280000
04/10/2026,16.900000,17.850000,16.230000,17.040000
04/13/2026,19.630000,19.630000,15.170000,15.350000
04/14/2026,14.620000,15.030000,14.110000,14.600000
04/15/2026,14.220000,15.370000,13.660000,14.340000
04/16/2026,14.680000,16.230000,14.170000,14.550000
04/17/2026,14.100000,15.470000,13.690000,14.800000
04/20/2026,17.230000,17.230000,15.630000,16.130000
04/21/2026,16.320000,17.750000,15.510000,15.990000
04/22/2026,15.660000,16.200000,14.960000,15.390000
04/23/2026,15.780000,18.300000,15.290000,15.970000
04/24/2026,15.450000,15.830000,14.260000,15.280000
04/27/2026,17.030000,17.030000,13.730000,13.740000
04/28/2026,15.190000,15.200000,14.090000,14.170000
04/29/2026,14.460000,15.010000,13.820000,14.940000
04/30/2026,15.130000,15.880000,13.840000,13.870000
05/01/2026,14.090000,15.380000,13.730000,15.240000
05/04/2026,16.850000,17.150000,14.260000,16.260000
05/05/2026,14.980000,15.140000,14.440000,15.000000
05/06/2026,13.810000,13.860000,13.230000,13.580000
05/07/2026,13.480000,14.110000,12.880000,13.520000
05/08/2026,13.710000,14.000000,12.860000,12.910000
05/11/2026,14.200000,14.200000,12.020000,12.640000
05/12/2026,13.010000,13.960000,12.560000,12.640000
05/13/2026,12.590000,12.890000,11.870000,12.150000
05/14/2026,12.100000,12.150000,11.010000,11.360000
05/15/2026,12.920000,13.190000,12.190000,12.580000
05/18/2026,12.650000,12.860000,11.420000,12.040000
05/19/2026,12.460000,13.310000,12.050000,12.960000
05/20/2026,12.860000,12.930000,12.010000,12.120000
05/21/2026,12.500000,12.840000,11.630000,11.790000
05/22/2026,11.850000,12.360000,11.690000,12.060000
05/26/2026,11.260000,11.330000,10.660000,10.900000
05/27/2026,10.720000,10.960000,10.260000,10.260000
05/28/2026,10.310000,10.460000,9.650000,9.930000
05/29/2026,9.700000,9.700000,8.580000,8.600000
06/01/2026,8.870000,8.870000,7.830000,8.220000
06/02/2026,8.210000,8.220000,7.710000,8.100000
06/03/2026,8.300000,8.810000,8.030000,8.380000
06/04/2026,9.120000,9.190000,8.600000,8.830000
06/05/2026,9.410000,12.250000,9.280000,12.230000
06/08/2026,10.460000,11.040000,10.000000,10.750000
06/09/2026,10.040000,14.130000,9.810000,11.620000
