Date,Close,High,Low,Open,Volume
2010-06-01,33.70964813232422,34.024276401915664,33.62897532177735,33.725783309927685,770300
2010-06-02,33.88309097290039,33.93956254499097,33.762078702723514,33.854855186855104,1414500
2010-06-03,33.89521408081055,34.044462236089295,33.76613567643797,33.97185544128773,877200
2010-06-04,33.70563888549805,33.943629087070036,33.612865391432265,33.685472206448985,1439000
2010-06-07,33.4716796875,33.99202483483308,33.4716796875,33.66933033681493,992900
2010-06-08,33.52412033081055,33.68950062481785,33.298233850225934,33.68950062481785,1085200
2010-06-09,33.59672164916992,33.66125931415979,33.48377842733366,33.60075621494178,1081900
2010-06-10,33.93958282470703,33.93958282470703,33.62898899262158,33.72579702012628,588200
2010-06-11,33.98798370361328,33.99604975584966,33.717723252889776,33.758062746485514,468300
2010-06-14,34.03237533569336,34.16548528192903,33.983969760488385,34.02430620108929,843100
2010-06-15,34.36314010620117,34.45994818204991,34.10901467557254,34.14531962743659,1387200
2010-06-16,34.39137649536133,34.415577745357815,34.20582639795055,34.282464715430535,1877200
2010-06-17,34.64949035644531,34.665625528880625,34.431670144772795,34.48814170956165,1097000
2010-06-18,34.79875183105469,34.82295613992952,34.66160741647131,34.681777160955185,734300
2010-06-21,34.92384338378906,35.02065151071757,34.87947235113956,35.00048174043148,1094400
2010-06-22,34.673736572265625,34.931893511300416,34.536592044798034,34.8915570666025,1011000
2010-06-23,34.64949035644531,34.72612857867621,34.40343436237836,34.70192735875797,882300
2010-06-24,34.41152572631836,34.597075729628834,34.36715473884502,34.576909057350235,613600
2010-06-25,34.56884765625,34.58498284416384,34.38733217779606,34.54061184676889,536500
2010-06-28,34.645484924316406,34.77052876899164,34.55674294004158,34.617249118180965,682200
2010-06-29,34.29856872558594,34.52042357376677,34.096883619047176,34.516389009944255,1354400
2010-06-30,34.24614334106445,34.334885310487294,34.08882915071362,34.22597359256961,1111300
2010-07-01,34.409908294677734,34.42616275653459,33.914158058819226,34.320510304575826,2044000
2010-07-02,34.41804504394531,34.60090547347457,34.336775808747376,34.36115595926224,880400
2010-07-06,34.690277099609375,34.70653155432692,34.48303667723588,34.625259280739165,1176600
2010-07-07,35.108848571777344,35.141357508378725,34.62122382342513,34.694367380666826,1173900
2010-07-08,35.27137756347656,35.287628925753054,34.995057901450366,35.21448849484367,1525200
2010-07-09,35.190086364746094,35.27135863361899,35.13726171514376,35.27135863361899,778800
2010-07-12,35.16165542602539,35.23886333621929,34.88940019564441,35.23479894615085,786500
2010-07-13,35.43391036987305,35.49486381952158,35.15759075165808,35.251053121148665,1464900
2010-07-14,35.40140151977539,35.45829057451847,35.30387476859785,35.37295699240385,640400
2010-07-15,35.45423889160156,35.47455774710105,35.320141885837906,35.336396350193084,565900
2010-07-16,35.23887252807617,35.43798429026884,35.14134884254414,35.429858608233694,1215300
2010-07-19,35.356719970703125,35.44205359490162,35.242941805105126,35.34452989584941,556000
2010-07-20,35.64115905761719,35.824019448628704,35.29576023044692,35.352649303146876,2442800
2010-07-21,35.62491226196289,35.937805329382556,35.5030084086049,35.791518225174876,1376100
2010-07-22,35.941856384277344,35.94592077496514,35.73868025299207,35.73868025299207,809300
2010-07-23,36.104400634765625,36.104400634765625,35.77525626930828,35.917478951899604,985400
2010-07-26,36.12064743041992,36.14909196089966,35.949980247541504,36.084077219897964,887200
2010-07-27,36.0718879699707,36.205984956901474,35.95404854533394,36.16128596125789,887100
2010-07-28,35.99466323852539,36.145011504135766,35.970280008794575,36.11656698629975,603100
2010-07-29,36.104400634765625,36.13690956227849,35.994686879687166,36.11659070752746,628800
2010-07-30,36.01093673706055,36.11252479737701,35.90121989579469,36.002807956111155,1038700
2010-08-02,36.19872283935547,36.22736094351059,36.08416730141573,36.16190063611646,1021600
2010-08-03,36.19872283935547,36.2600879758884,36.039164120412075,36.07189427410914,1705900
2010-08-04,36.17826843261719,36.243725623612725,36.120992220001284,36.23963669508265,1844200
2010-08-05,36.161888122558594,36.17007221881044,36.06370081676364,36.14143100324715,708100
2010-08-06,36.15371322631836,36.161894202627536,35.949154484083195,36.141437079876546,830300
2010-08-09,36.08827209472656,36.243735697707265,36.039176846844065,36.243735697707265,1266200
2010-08-10,36.075984954833984,36.125080183516786,35.981886546855065,36.09644208044827,1271500
2010-08-11,35.60548400878906,35.879591896010766,35.55229987466655,35.83458873586179,1558600
2010-08-12,35.482784271240234,35.65052092773515,35.26594923913979,35.450054101717065,1261600
2010-08-13,35.63822555541992,35.72823190452967,35.45003188060809,35.58094935531714,776300
2010-08-16,35.683223724365234,35.78550308467524,35.58503641243677,35.58912533949995,1087600
2010-08-17,35.81822967529297,35.91232492950398,35.78549953412477,35.81822967529297,860800
2010-08-18,35.87963104248047,35.90418023382109,35.79780872820164,35.83871988534106,717000
2010-08-19,35.80595779418945,35.92460222906068,35.70777048031336,35.87959905992613,882800
2010-08-20,35.89186477661133,35.90822672307121,35.781401349443236,35.80594739045058,557700
2010-08-23,35.89186477661133,35.92459179084861,35.82640450550171,35.920502864892406,633300
2010-08-24,35.70368957519531,35.826426096836094,35.69550859703499,35.801880041035695,1000800
2010-08-25,35.65459442138672,35.72414365443319,35.50731185651235,35.67504842570202,788400
2010-08-26,35.60548400878906,35.773223627765745,35.51138876216325,35.6832173074678,1012400
2010-08-27,35.60139083862305,35.76913045231086,35.556390801210746,35.67503208733419,1302000
2010-08-30,35.666893005371094,35.76917246419341,35.60552470581343,35.60552470581343,620800
2010-08-31,35.65459442138672,35.7486897081392,35.63413729575228,35.67504842570202,1154800
2010-09-01,36.03987503051758,36.03987503051758,35.80499373639526,35.81323695028864,1697900
2010-09-02,36.09757995605469,36.1017015647145,35.99044013796329,36.06461337450868,603900
2010-09-03,36.2047119140625,36.2047119140625,36.048125401513445,36.15114358857967,999600
2010-09-07,36.15111541748047,36.155233878170556,35.99452588308972,36.130510538577546,883500
2010-09-08,36.159358978271484,36.20468720114933,36.122273965296934,36.15111891223162,835500
2010-09-09,36.303592681884766,36.31595435593028,36.19233447161092,36.31595435593028,789300
2010-09-10,36.398406982421875,36.414890278842705,36.270662221127274,36.357200313303466,957600
2010-09-13,36.58794403076172,36.60030571165583,36.4478376449413,36.50140912063702,1103500
2010-09-14,36.57968521118164,36.58380681767692,36.476667055851905,36.58380681767692,658700
2010-09-15,36.54673385620117,36.56733560774973,36.4560773465637,36.4560773465637,570800
2010-09-16,36.6085319519043,36.63325844821565,36.53024028786851,36.567325316538394,751400
2010-09-17,36.674476623535156,36.695081519634,36.633269975203206,36.695081519634,922800
2010-09-20,36.732173919677734,36.765140502494816,36.695088871908304,36.71569062826919,631900
2010-09-21,36.67032241821289,36.76922205893365,36.62087574171546,36.76922205893365,810900
2010-09-22,36.52199935913086,36.71567401571727,36.517880896041966,36.71567401571727,832700
2010-09-23,36.4272346496582,36.47668137154907,36.36542310342878,36.4684412991892,758800
2010-09-24,36.57146453857422,36.6291544846469,36.48080801078394,36.48080801078394,917200
2010-09-27,36.63325881958008,36.707432021536526,36.60853232301807,36.64562049592869,615900
2010-09-28,36.68683624267578,36.74040771197698,36.592061271223095,36.74040771197698,1038800
2010-09-29,36.77334976196289,36.84340447771329,36.719781467672576,36.75686648436654,826600
2010-09-30,36.958831787109375,36.979433552690296,36.76927856687888,36.87229682638683,2290800
2010-10-01,37.0073356628418,37.0529625341117,36.91193315984736,37.00318690238717,837800
2010-10-04,36.878746032714844,37.03221533198468,36.87044851327643,37.03221533198468,2490600
2010-10-05,37.011478424072266,37.04880776838217,36.94096216608164,37.019772779060084,993500
2010-10-06,36.97829055786133,37.052952402744886,36.93681245838739,37.00732554395071,1990200
2010-10-07,37.0529670715332,37.12348018501174,36.97000767516663,37.06126142888116,1371700
2010-10-08,37.17740249633789,37.19814313717479,37.065411263720094,37.10688938081641,1524800
2010-10-11,37.25621795654297,37.28525295872649,37.17740730865433,37.18985359351403,644900
2010-10-12,37.22303009033203,37.3101350872826,37.19399509134851,37.235473209242464,855200
2010-10-13,37.347476959228516,37.43458197798745,37.2562231782682,37.30185006874836,880300
2010-10-14,37.16911315917969,37.384801295959996,37.144226918476015,37.38065569889466,994400
2010-10-15,37.264503479003906,37.3308709908736,37.223025366373925,37.24376600497749,524200
2010-10-18,37.21473693847656,37.37235505741201,37.21473693847656,37.310136296266194,516300
2010-10-19,37.2105827331543,37.310130837676816,37.19813961566113,37.243766489520866,601800
2010-10-20,37.32670974731445,37.33915286048447,37.18153481937081,37.25619666296698,965600
2010-10-21,37.268653869628906,37.380648259662934,37.268653869628906,37.368201977210155,521000
2010-10-22,37.438716888427734,37.44701124518337,37.33502002380789,37.35990625865196,418000
2010-10-25,37.583892822265625,37.65025717173077,37.517525308223235,37.52582282976716,1051500
2010-10-26,37.64195251464844,37.650246869345494,37.558996309372326,37.575585018766446,568100
2010-10-27,37.60047149658203,37.66269022800305,37.55069587852999,37.62120896400495,910700
2010-10-28,37.621219635009766,37.704179021960705,37.559004050517856,37.7000302614689,1078600
2010-10-29,37.637794494628906,37.70416197418188,37.604613919428026,37.666829475789434,898000
2010-11-01,37.56721115112305,37.74675891193678,37.558858314430054,37.70500428549322,921400
2010-11-02,37.750972747802734,37.75514598461181,37.60900305437039,37.66328380398093,859800
2010-11-03,37.876251220703125,37.91383266608025,37.721755386469454,37.7676864943314,1301600
2010-11-04,38.368953704833984,38.40235871704889,38.02238387087823,38.02656029382442,1495800
2010-11-05,38.32721710205078,38.36897179416632,38.21447592909214,38.32304067713559,1281500
2010-11-08,38.21445846557617,38.327199587013574,38.1852298758845,38.28961815130866,1178800
2010-11-09,38.10590362548828,38.28545161808529,38.039093588392696,38.28545161808529,705400
2010-11-10,37.792720794677734,38.101709105295676,37.78019471509106,38.101709105295676,1250800
2010-11-11,37.64241409301758,37.80108313045805,37.50044437684245,37.76350487909484,1051000
2010-11-12,37.50462341308594,37.68417139313407,37.50462341308594,37.63824029226053,1088500
2010-11-15,37.43361282348633,37.66326497457406,37.408557486773304,37.650738899055234,1071300
2010-11-16,37.020263671875,37.45451614288037,36.94927721552119,37.40441180389852,1674100
2010-11-17,37.208152770996094,37.3167174566586,37.16222168035722,37.26660994350429,1827000
2010-11-18,37.67998504638672,37.67998504638672,37.40440169940002,37.504613535970016,1197000
2010-11-19,37.66743469238281,37.66743469238281,37.51293902189921,37.579748993678535,592000
2010-11-22,37.40437316894531,37.558865635467804,37.387670677977454,37.47953278546348,424600
2010-11-23,36.89081573486328,37.32089491800333,36.87828965157607,37.32089491800333,1975700
2010-11-24,37.11211395263672,37.17057112480695,36.98267352649935,36.98267352649935,690700
2010-11-26,36.978477478027344,37.10792102114072,36.95760174800441,37.066163189744316,365000
2010-11-29,37.07452392578125,37.17055931282429,36.945083540777176,36.95760961859358,598300
2010-11-30,37.15803527832031,37.21231919941104,36.920030229693005,36.991013465006596,1459300
2010-12-01,37.50189208984375,37.514501493213245,37.321149825523314,37.40101365602022,1710800
2010-12-02,37.52287673950195,37.54389453291814,37.409388992903644,37.51867574631074,775600
2010-12-03,37.585941314697266,37.598550712832505,37.47665772628099,37.49346811921714,1621000
2010-12-06,37.564918518066406,37.58593310808134,37.50607253503969,37.58593310808134,776300
2010-12-07,37.758262634277344,37.7918898199237,37.69100826298462,37.754058434355315,946300
2010-12-08,37.63636016845703,37.8297116431427,37.58171840611033,37.7162239192336,1216200
2010-12-09,37.556514739990234,37.69102031873335,37.55231053872346,37.69102031873335,457200
2010-12-10,37.573333740234375,37.66580694020281,37.539706538997414,37.619570340218594,613100
2010-12-13,37.38419723510742,37.64900430653593,37.33375641855884,37.57754888824262,1176600
2010-12-14,37.56911087036133,37.57751926992566,37.358945777360475,37.57751926992566,1366900
2010-12-15,37.422019958496094,37.577543381579765,37.371582356206055,37.577543381579765,566500
2010-12-16,37.56073760986328,37.56073760986328,37.31694512507494,37.36738594474866,498600
2010-12-17,37.6153678894043,37.63218149080548,37.50608429059646,37.55652188793344,989700
2010-12-20,37.682613372802734,37.682613372802734,37.619563184193495,37.67420497065974,587700
2010-12-21,37.76248550415039,37.783503309071776,37.68682910291369,37.749876103944274,785400
2010-12-22,37.86753845214844,37.8885562406059,37.73303294386776,37.766660122654,803000
2010-12-23,37.90538024902344,37.9348032368328,37.88016146143403,37.89277085522873,560500
2010-12-27,37.934818267822266,37.98105486796671,37.88017647077267,37.964241267289964,590800
2010-12-28,37.95893096923828,38.03084614274188,37.878553288557306,38.018155609476636,575100
2010-12-29,38.085838317871094,38.09852885073265,37.95469850830074,38.00546063974695,535700
2010-12-30,38.128150939941406,38.132382194479725,38.056235750297766,38.132382194479725,335400
2010-12-31,38.19580078125,38.204260054559484,38.094273364044156,38.1281136847805,715700
2011-01-03,38.225425720214844,38.37348725833276,38.187350908984826,38.195813412591264,1448800
2011-01-04,38.39885330200195,38.40308455215095,38.27617609516491,38.310016413862265,1077800
2011-01-05,38.49618911743164,38.50042037158446,38.339664988789984,38.3438962429428,2537800
2011-01-06,38.54271697998047,38.54694823344709,38.36504306439134,38.51310466071561,2046600
2011-01-07,38.394657135009766,38.546949991747425,38.369272840552895,38.546949991747425,917900
2011-01-10,38.365047454833984,38.381969243136226,38.314282089927254,38.331203878229495,517400
2011-01-11,38.513092041015625,38.534241846417025,38.432714388991144,38.45809867397237,493300
2011-01-12,38.593475341796875,38.635778186291034,38.517328930707336,38.517328930707336,609600
2011-01-13,38.58505630493164,38.686583891594964,38.56813450257045,38.597746849826585,1563900
2011-01-14,38.648468017578125,38.66538980056963,38.5977026686036,38.644236764955224,912500
2011-01-18,38.64421844482422,38.707674294084725,38.60191562115007,38.707674294084725,1186800
2011-01-19,38.525787353515625,38.66115838939242,38.521556100910075,38.61039304062609,1073200
2011-01-20,38.44965744018555,38.551184953776506,38.39466404271992,38.52580388225413,766000
2011-01-21,38.606170654296875,38.640010997583694,38.48772138404161,38.48772138404161,681100
2011-01-24,38.66114807128906,38.68652912514835,38.61884523902384,38.61884523902384,697300
2011-01-25,38.72039031982422,38.72039031982422,38.6357846167543,38.678087468289256,686400
2011-01-26,38.8007698059082,38.8007698059082,38.72039212499404,38.76692623210215,985500
2011-01-27,38.85151290893555,38.85574416046397,38.78806027350551,38.82190060323511,679400
2011-01-28,38.61885070800781,38.87267096504293,38.61038820385682,38.86843971296743,2015100
2011-01-31,38.826148986816406,38.826148986816406,38.6484750742151,38.72039024443458,1183200
2011-02-01,38.9023323059082,38.9363911974698,38.83420802609609,38.87678407680644,944600
2011-02-02,38.94492721557617,38.96195829377644,38.9023511442485,38.95344113050329,550400
2011-02-03,38.94492721557617,38.98324470526727,38.85977182457481,38.94918579721274,1240800
2011-02-04,39.115234375,39.123748289845665,38.96621325425987,39.04285148125486,1667600
2011-02-07,39.187618255615234,39.19187683767131,39.081176442637684,39.17484575779334,2260600
2011-02-08,39.230186462402344,39.238703624806135,39.17057931895854,39.22167254834424,2632400
2011-02-09,39.00882339477539,39.23022108749714,39.00882339477539,39.23022108749714,936900
2011-02-10,39.05138397216797,39.1322808125109,38.95771463037031,39.000290718001814,801800
2011-02-11,39.149288177490234,39.149288177490234,39.01304281930459,39.115229274202996,586700
2011-02-14,39.17911148071289,39.17911148071289,39.11099039148354,39.11099039148354,660000
2011-02-15,39.10246276855469,39.19613208350033,39.07265919092165,39.19613208350033,1109100
2011-02-16,39.115234375,39.20890043168632,39.115234375,39.17484152395765,1378100
2011-02-17,39.20463943481445,39.213153348430176,39.15354620808355,39.17057728366052,658800
2011-02-18,39.323875427246094,39.32813401057799,39.21743358237987,39.24723716900852,870300
2011-02-22,39.00029754638672,39.27278845295422,38.996038962373774,39.25150202958516,1305600
2011-02-23,39.03860855102539,39.09821571892094,38.99602921823112,39.013060301679424,1062700
2011-02-24,39.068424224853516,39.13228999546141,39.04713455186821,39.106741738209436,857300
2011-02-25,39.187618255615234,39.2046493354932,39.07691786058161,39.0896903584035,1907800
2011-02-28,39.38347244262695,39.39624494098101,39.16207489168139,39.230195965685226,4044100
2011-03-01,39.32306671142578,39.40875851196624,39.280222445559524,39.40447310473723,1692100
2011-03-02,39.35732650756836,39.36589404953429,39.28877309661469,39.31019685473935,1271400
2011-03-03,39.49871826171875,39.51157120998064,39.37875305286542,39.37875305286542,1615300
2011-03-04,39.41728973388672,39.50726358993573,39.387298448537045,39.498696052180804,1057200
2011-03-07,39.42589569091797,39.47731077396474,39.383051422783055,39.47302536650881,1086800
2011-03-08,39.39160919189453,39.4430209891065,39.378756242591535,39.417315090500516,971400
2011-03-09,39.28019332885742,39.42158224333775,39.26734038550567,39.40015849188114,1241700
2011-03-10,39.074562072753906,39.331634183722926,39.061709120966995,39.305925011341415,1098400
2011-03-11,39.06598663330078,39.138822191246334,39.0145715677355,39.03599532892279,1023500
2011-03-14,38.907474517822266,39.10027863750091,38.88605401706351,39.027439782257886,1643400
2011-03-15,38.706111907958984,38.77037996288914,38.34621603044461,38.51759642065534,1598300
2011-03-16,38.46615982055664,38.82605876569834,38.44045392047767,38.714661084010764,2882900
2011-03-17,38.88175964355469,38.88604505024158,38.654682121262695,38.654682121262695,1634200
2011-03-18,39.06598663330078,39.19023725681161,38.99743321254707,39.04884827811235,1300400
2011-03-21,39.30591583251953,39.32305418716911,39.164530127072545,39.19880356756481,943800
2011-03-22,39.327362060546875,39.344500424987515,39.21596432608709,39.25452646328073,2285400
2011-03-23,39.28019332885742,39.34017591036928,39.21592534329313,39.28447873290985,749400
2011-03-24,39.314510345458984,39.35306921506103,39.26738065896167,39.314510345458984,923100
2011-03-25,39.327362060546875,39.3573533811158,39.31450910441859,39.34878256449109,478500
2011-03-28,39.34021759033203,39.37449432145572,39.28452035386279,39.37449432145572,844000
2011-03-29,39.36161804199219,39.378756397399236,39.28021167101048,39.28877921431047,1010700
2011-03-30,39.42160415649414,39.443024651052156,39.310206470847476,39.39589498669423,1868800
2011-03-31,39.40018844604492,39.43017975960188,39.36162958667513,39.43017975960188,924100
2011-04-01,39.352760314941406,39.460540663432894,39.352760314941406,39.40018393141328,1322400
2011-04-04,39.594200134277344,39.6028244069139,39.3829515034294,39.42175415190138,3254100
2011-04-05,39.55107116699219,39.62436429524062,39.507959690442696,39.507959690442696,1338100
2011-04-06,39.637306213378906,39.65455146566812,39.5941914380581,39.624373096460886,835300
2011-04-07,39.676109313964844,39.69335456788392,39.62868568798634,39.63299782376507,1156700
2011-04-08,39.676109313964844,39.71491195758174,39.62437684140347,39.70197555024553,1168900
2011-04-11,39.637306213378906,39.73646230254744,39.63299407800772,39.697662951793376,1045900
2011-04-12,39.512271881103516,39.6545427141947,39.49933876703974,39.6545427141947,940100
2011-04-13,39.70195388793945,39.70195388793945,39.589864732417674,39.60710997692735,1128100
2011-04-14,39.54246520996094,39.67179968874494,39.50797469994011,39.663178705837765,1538700
2011-04-15,39.594200134277344,39.62006966299076,39.55971291131991,39.59851227059562,658300
2011-04-18,39.456214904785156,39.53381686047186,39.413103438113446,39.53381686047186,1736400
2011-04-19,39.594200134277344,39.6028244069139,39.49504402333079,39.50797714308936,1020800
2011-04-20,39.74508285522461,39.762328105900565,39.624369389688155,39.66316873681263,716400
2011-04-21,39.8399543762207,39.84857536221651,39.71061656190289,39.80115171624646,632000
2011-04-25,39.79682922363281,39.857185977490545,39.79252037635469,39.857185977490545,978700
2011-04-26,39.887351989746094,39.887351989746094,39.805441157300066,39.85717362217221,575400
2011-04-27,39.913211822509766,39.913211822509766,39.87010034918309,39.874409194079554,738800
2011-04-28,39.934776306152344,39.947712711791695,39.9002890920337,39.91322220847762,697600
2011-04-29,40.02962112426758,40.02962112426758,39.95633127605507,39.990821777282804,799000
2011-05-02,40.0092658996582,40.09168542342114,40.00058807002698,40.04396728931625,848700
2011-05-03,40.01789474487305,40.09597857432096,39.952824335396706,40.091639664457595,977700
2011-05-04,40.004886627197266,40.07429264611761,39.961507451669675,40.07429264611761,959400
2011-05-05,39.84003829956055,40.004883788333984,39.81835036814527,40.004883788333984,1300000
2011-05-06,40.04392623901367,40.10465774568531,39.95716788937386,39.95716788937386,968900
2011-05-09,40.09600830078125,40.13071298618053,40.03527675614299,40.078655958081605,620500
2011-05-10,40.1827507019043,40.1827507019043,40.052613147915636,40.052613147915636,723600
2011-05-11,40.122013092041016,40.22612709097389,40.06995940219372,40.20877475781841,595200
2011-05-12,40.16106033325195,40.16106033325195,40.02224496496205,40.113342240125476,1129800
2011-05-13,39.996212005615234,40.16973203122438,39.996212005615234,40.16973203122438,1053400
2011-05-16,40.074310302734375,40.11335389464495,40.02225659301415,40.02225659301415,540400
2011-05-17,40.14370346069336,40.16539139445052,39.95717002036261,40.06995852860469,1674000
2011-05-18,40.19142150878906,40.195760419383845,40.09598533341828,40.117676576773114,813000
2011-05-19,40.1740608215332,40.20008766045128,40.13068165346362,40.20008766045128,715900
2011-05-20,40.14370346069336,40.17406921564864,40.08731086138186,40.17406921564864,538900
2011-05-23,39.952823638916016,40.06127321627986,39.944149128959026,40.02223295704573,1204800
2011-05-24,39.88776779174805,40.06996566354132,39.879093278624396,40.04393550493104,808100
2011-05-25,39.88776779174805,39.93115028622528,39.86607985412909,39.92247246348197,1407900
2011-05-26,39.85306167602539,39.90945427865186,39.85306167602539,39.89644085570877,787900
2011-05-27,39.97453308105469,40.022251181593184,39.86608345430718,39.887771393884705,1225700
2011-05-31,40.08299255371094,40.10901941144514,40.022261012583954,40.08299255371094,1848000
2011-06-01,39.84991455078125,40.10743155915294,39.78444305254513,40.050691370024964,2091600
2011-06-02,39.82369613647461,39.89353324048332,39.80623686047243,39.876073964481144,1177000
2011-06-03,39.66658401489258,39.7538804345884,39.64039675399279,39.70150258277091,1141100
2011-06-06,39.57058334350586,39.72334799418827,39.53129910189059,39.69279506405179,1660100
2011-06-07,39.53998947143555,39.68839165523251,39.51816787353537,39.6752980304891,995500
2011-06-08,39.352317810058594,39.53563525407645,39.343586505095566,39.526903949113425,1642600
2011-06-09,39.37850570678711,39.47453008284276,39.33485917131196,39.37414005423443,1480700
2011-06-10,39.12099838256836,39.43525886961194,39.03807093683396,39.400340297714145,3870000
2011-06-13,38.972599029541016,39.27812820532806,38.972599029541016,39.173375820775114,2015400
2011-06-14,39.217018127441406,39.29121758638831,39.19519652011356,39.26939597906046,1253000
2011-06-15,39.05117416381836,39.21703242605748,39.007527603231125,39.09918637947005,1319400
2011-06-16,38.35717010498047,39.15154925913628,38.248052071002924,39.02497527013828,7149900
2011-06-17,38.78054428100586,38.92458086898348,38.54048663106091,38.79800356409567,3486900
2011-06-20,39.05117416381836,39.09482072440559,38.81984439568883,38.824206720734175,1555600
2011-06-21,39.31303405761719,39.317399710149765,39.09043239869614,39.11662298387444,2212000
2011-06-22,39.02932357788086,39.2999374037703,39.024961255701385,39.23883159308832,1667400
2011-06-23,39.23884963989258,39.282496191879865,38.771824540589854,38.95514205694753,2999800
2011-06-24,39.05117416381836,39.30432887725105,38.99006831299241,39.30432887725105,1416400
2011-06-27,39.04240798950195,39.107879436927504,39.003127119056316,39.06859856648186,1137600
2011-06-28,39.19956588745117,39.19956588745117,39.11663843667524,39.15155368067739,1477500
2011-06-29,39.58798599243164,39.60981091171688,39.26063218324389,39.32610361108448,1752700
2011-06-30,39.85426712036133,39.980844431297726,39.588018868049915,39.588018868049915,2514300
2011-07-01,40.06602096557617,40.17144536572969,39.903489028829334,40.145090103536624,1749800
2011-07-05,40.11869812011719,40.12308842554335,39.934204750872674,40.00009284604701,2253200
2011-07-06,40.13627243041992,40.14066273617801,39.938598075817374,39.9693469730162,1969400
2011-07-07,40.29439926147461,40.29439926147461,40.10990257869802,40.22850782843851,2662100
2011-07-08,40.18459701538086,40.202164943098325,40.035242818751954,40.044030133989494,1771000
2011-07-11,39.78927230834961,40.03086998097469,39.776094680018495,39.97815946765022,1967100
2011-07-12,39.67942428588867,39.82438479074983,39.675030629304935,39.762883652711565,1407200
2011-07-13,39.9869270324707,40.00449831349754,39.77168470480547,39.79803995065615,1056800
2011-07-14,39.96497344970703,40.19339344605012,39.89029465254,39.916653255049475,823300
2011-07-15,39.951805114746094,40.04844553464121,39.925449855276845,40.04844553464121,688800
2011-07-18,39.881507873535156,39.973754597363516,39.758512241764,39.8639365902279,2103500
2011-07-19,40.061607360839844,40.07478833675573,39.8463650068612,39.87711391457243,894100
2011-07-20,40.09675979614258,40.15386731836179,40.06161722114312,40.15386731836179,878500
2011-07-21,40.29001235961914,40.31197394006105,40.127480577734275,40.171407089996165,936300
2011-07-22,40.34272766113281,40.3515149754635,40.21094810857859,40.23730334881375,670000
2011-07-25,40.12748718261719,40.298802954601356,40.1230935252544,40.215343572979975,1050600
2011-07-26,40.210968017578125,40.25489455684483,40.11872127970401,40.167041478311425,570200
2011-07-27,39.89468002319336,40.22852765745608,39.89468002319336,40.20216906042274,1158100
2011-07-28,39.9561653137207,40.05280565268411,39.89906118223237,39.93859403832935,689700
2011-07-29,39.99570846557617,40.008886086563166,39.71457471325795,39.74532361268718,1199100
2011-08-01,40.08452224731445,40.221527873255,39.88564778987284,40.124299161872095,907000
2011-08-02,39.589576721191406,39.996166778663245,39.585156311149234,39.99174636862107,1286700
2011-08-03,39.56745910644531,39.75749618589109,39.24925717139347,39.602815626291815,2361600
2011-08-04,38.427242279052734,39.487914427896435,38.40956738831437,39.33323384555718,3396500
2011-08-05,38.38747787475586,38.94874851364779,37.393098130209694,38.64380768480051,4671900
2011-08-08,36.75226593017578,37.945519916258434,36.385449592102994,37.06604748397109,6491600
2011-08-09,37.87482452392578,37.87482452392578,36.703668661698195,37.23400326452634,5124100
2011-08-10,37.233978271484375,37.69360285891546,37.074877323074276,37.63173064250964,3395000
2011-08-11,37.9101448059082,37.967599970317536,36.97322101220219,36.97322101220219,2916900
2011-08-12,37.73338317871094,38.100199507332505,37.57870260994989,37.998553721482466,2273600
2011-08-15,38.347679138183594,38.40071390826153,37.86595928749411,37.994124119678766,3280700
2011-08-16,38.10460662841797,38.35209545213612,38.060412677294345,38.2416088884359,2712000
2011-08-17,38.52446746826172,38.528887876428726,38.27255815127842,38.28581600399593,1668900
2011-08-18,38.0560188293457,38.109053630775605,37.61407226611724,38.08695495390031,2342700
2011-08-19,37.72454071044922,38.26371579700178,37.605213307735816,37.684763785617065,1879400
2011-08-22,37.768733978271484,38.166486360381384,37.72011961091455,38.00738540753742,1681100
2011-08-23,38.051605224609375,38.113477484783566,37.43287925108213,37.68920911282396,2588800
2011-08-24,37.879234313964844,38.033914915439325,37.6494236163148,37.78642595308016,2550900
2011-08-25,37.574283599853516,38.21068753133135,37.56544615493127,38.10462133334626,1678800
2011-08-26,37.954376220703125,38.0295097120428,37.256103092219156,37.587563072143574,1629000
2011-08-29,38.33885192871094,38.38304589634697,38.0869426042236,38.215107470616616,2082100
2011-08-30,38.409568786621094,38.431664086740334,38.223948709272655,38.276983498769916,1774500
2011-08-31,38.904537200927734,39.05921775125752,38.701242281668144,38.79847101952775,3213700
2011-09-01,38.87915802001953,38.96811480560997,38.7990955555946,38.9147386981654,1624000
2011-09-02,38.69682312011719,38.945905033595345,38.505562824128866,38.505562824128866,1814600
2011-09-06,38.23870086669922,38.385482780436405,38.038542786106426,38.14529511981763,3004100
2011-09-07,38.425514221191406,38.59008819851651,38.30097321931848,38.51447111010413,916900
2011-09-08,38.54558181762695,38.63008978279941,38.42548637179902,38.501100011921594,1533100
2011-09-09,38.19866943359375,38.6078799423467,38.08747162660944,38.49668213536239,1978400
2011-09-12,37.8695182800293,38.01185131244206,37.72273638593537,37.94513196117326,2110000
2011-09-13,38.15863037109375,38.25203609853453,37.86951546607023,37.95847233216043,2331900
2011-09-14,38.41215133666992,38.50110817998229,38.10079899159058,38.283161538426754,1648300
2011-09-15,38.67013931274414,38.67903364160831,38.416608521530634,38.501116522943946,1534000
2011-09-16,38.647911071777344,38.76355774584907,38.51892120329117,38.76355774584907,1217200
2011-09-19,38.590091705322266,38.66570540711812,38.42106885014554,38.58119397952975,1251000
2011-09-20,38.65234375,38.732406276451016,38.50556188592539,38.66123807805612,1509100
2011-09-21,38.318763732910156,38.73241969732543,38.314314870597315,38.652357143132555,2524900
2011-09-22,37.79832458496094,38.03850863646324,37.709364386733625,37.882832531421165,2295700
2011-09-23,37.900630950927734,38.082996842878174,37.67378664911882,37.68713322621299,2251300
2011-09-26,38.0429801940918,38.42105193006176,37.81169032766474,37.98070971491965,2451400
2011-09-27,38.08745574951172,38.269821705819226,38.029634135638936,38.269821705819226,3481300
2011-09-28,37.660465240478516,38.07412113895653,37.58930042225508,38.065226809236265,2696800
2011-09-29,37.589298248291016,37.93178591525083,37.522578902042845,37.80724494544726,1643100
2011-09-30,36.8420524597168,37.35356297050493,36.79757402258027,37.35356297050493,2510700
2011-10-03,36.39793014526367,36.91725921024118,36.39793014526367,36.67550133983581,2560600
2011-10-04,36.28601837158203,36.3442180328796,34.87576533105393,36.089029647692506,4870500
2011-10-05,36.72922897338867,36.760567768983194,36.142744334831534,36.45613229077675,2563800
2011-10-06,37.29782485961914,37.30230280868022,36.66657066898051,36.841173109944876,2317200
2011-10-07,37.329158782958984,37.51719504648079,37.01129275473782,37.508239149531526,2686900
2011-10-10,38.13053894042969,38.13501688868873,37.548532046682006,37.77685617278729,2014300
2011-10-11,37.70968246459961,38.067839560030485,37.687296151778774,38.067839560030485,2278800
2011-10-12,38.58717346191406,38.62746472775413,37.79474441034036,37.95143835917157,4223000
2011-10-13,38.426002502441406,38.51106298206465,38.10365870518788,38.43047703275127,3361300
2011-10-14,38.69464111328125,38.708071542468225,38.50213032502916,38.64091598085959,2760400
2011-10-17,38.47077941894531,38.533457012554344,38.381240975410314,38.511070693834256,1904100
2011-10-18,38.676727294921875,38.76179122203795,38.24693654303106,38.4663081587968,2890000
2011-10-19,38.551368713378906,39.048314973957545,38.528982392725716,38.748357404973454,3574500
2011-10-20,38.891632080078125,38.89610661294788,38.59167100978131,38.681212902285566,1759800
2011-10-21,39.36172103881836,39.3706769374602,39.06176333213293,39.1513018245041,2405600
2011-10-24,40.427207946777344,40.50779387725238,39.33034370332982,39.39749921467088,5630300
2011-10-25,39.710906982421875,40.21680912824984,39.69300202503537,40.028776334635346,4506500
2011-10-26,39.881046295166016,40.06907914289047,39.59899360790544,40.06907914289047,2839500
2011-10-27,40.467498779296875,40.92862804830146,40.29289650104604,40.624192693666714,5132100
2011-10-28,40.34661865234375,40.38243196182463,40.22126011431249,40.364527014919645,2820700
2011-10-31,39.97057342529297,40.14517579371703,39.93475667903344,40.14070126218928,2972600
2011-11-01,39.25720977783203,39.68504653104504,39.068062633505654,39.41933688323048,3132800
2011-11-02,39.631011962890625,39.712075533887734,39.38782124989931,39.46438033475319,1812500
2011-11-03,40.02280044555664,40.07684050948385,39.68503630235342,39.941736913751285,1409900
2011-11-04,39.98228454589844,40.01831356163849,39.66253476201656,39.802142903114216,3759500
2011-11-07,39.84717559814453,39.98678372069908,39.64001050311343,39.95976368044093,1756000
2011-11-08,39.93723678588867,40.000285824623774,39.779614189050925,39.96876130525622,1823800
2011-11-09,39.09058380126953,39.617495205215185,39.09058380126953,39.50040263681094,2151500
2011-11-10,39.13113021850586,39.50041914775776,39.12212467990233,39.437370069781856,2487700
2011-11-11,39.64899444580078,39.680518951507636,39.3292449062274,39.36076941193426,1270200
2011-11-14,39.38331604003906,39.57696770964488,39.180658834228474,39.57696770964488,1603100
2011-11-15,39.27973556518555,39.360799131913396,39.13562293943782,39.32026563059146,1450000
2011-11-16,38.89691925048828,39.2346833874591,38.88791028272362,39.167129872882036,1788500
2011-11-17,38.707740783691406,39.07702916946151,38.5185938281313,38.95994016035021,2131700
2011-11-18,38.680763244628906,38.869910407879544,38.635728696604815,38.8564003870639,2226100
2011-11-21,38.24392318725586,38.69427556610508,38.19888863655413,38.635730993784435,3219000
2011-11-22,37.95117950439453,38.342987166909346,37.91515393862438,38.23490359776946,4123400
2011-11-23,37.266632080078125,37.91964117720656,37.21258859723255,37.83407662425956,4483000
2011-11-25,37.266632080078125,37.68996410591815,37.16755407948464,37.37471560985582,1476200
2011-11-28,38.099788665771484,38.243901206738535,37.83858361154558,38.06826415480725,2455000
2011-11-29,38.347503662109375,38.347503662109375,38.108817464037806,38.24392110880046,2010300
2011-11-30,39.00049591064453,39.036524907640704,38.76180981839487,38.8653923257803,2944100
2011-12-01,39.17228698730469,39.21307562971138,38.904882097237156,38.977399849742504,2442000
2011-12-02,39.39435577392578,39.43061464025719,39.17227626885859,39.290115855517755,2664700
2011-12-05,39.61642074584961,39.720660616919254,39.484985008463944,39.6300169500905,2719200
2011-12-06,39.79320526123047,39.82039768812465,39.48954151028692,39.59831813353681,2355600
2011-12-07,39.66631317138672,39.738830945760995,39.51675131295593,39.69350906569597,1740600
2011-12-08,39.4079475402832,39.66628588254883,39.40341777587946,39.60736782478138,1994200
2011-12-09,39.74787139892578,39.77053405502594,39.43061496053854,39.47593681490303,1355900
2011-12-12,39.53489685058594,39.602877969438616,39.45331605012351,39.602877969438616,1772000
2011-12-13,39.385311126708984,39.752422810217865,39.37171490996235,39.661779060015334,1742400
2011-12-14,39.31732177734375,39.42156518938326,39.19041915944313,39.398902525685145,1317700
2011-12-15,39.457828521728516,39.5892643902894,39.39891042527199,39.58473116507345,1562200
2011-12-16,39.64365005493164,39.66177949673926,39.430633435988966,39.543939853908476,1383900
2011-12-19,39.59381103515625,39.861212630287504,39.58927780840384,39.67539182750524,2268000
2011-12-20,40.087772369384766,40.119497998880064,39.82037112904363,39.85662997927661,1957100
2011-12-21,40.20111083984375,40.20111083984375,39.92917616124445,39.97903125573531,1792300
2011-12-22,40.355201721191406,40.40959002976756,40.09233008316124,40.16937759360017,1885800
2011-12-23,40.541019439697266,40.56821532092377,40.2781512786394,40.332536125420134,1255200
2011-12-27,40.70287322998047,40.71655472538745,40.48857850291303,40.593445617212254,2282000
2011-12-28,40.51140213012695,40.80321161895475,40.470368051374685,40.766738041833904,1899200
2011-12-29,40.75300598144531,40.78036547864994,40.51591237038676,40.62533992328769,1558600
2011-12-30,40.775840759277344,40.876150886881334,40.6983296529078,40.7484847167098,1553400
2012-01-03,40.9080810546875,41.031186765886545,40.784971864845055,40.95367563370036,3118800
2012-01-04,40.83965301513672,40.90348606766606,40.62991534559166,40.898925570016694,3010000
2012-01-05,40.66184997558594,40.84423169771685,40.5752178748793,40.82599317763956,2579700
2012-01-06,40.53416061401367,40.75757626946533,40.46576707252928,40.75757626946533,1916400
2012-01-09,40.58889389038086,40.68464698571741,40.53874231094807,40.53874231094807,2157800
2012-01-10,40.73025894165039,40.79865254811472,40.67098285934776,40.7621754941813,2318000
2012-01-11,40.68919372558594,40.730231253024336,40.59800463138655,40.70287174185175,1191100
2012-01-12,40.63447952270508,40.7803841529325,40.598002495488025,40.68919158488987,1558100
2012-01-13,40.58889389038086,40.639048948455496,40.374599117002326,40.611692909011815,1929400
2012-01-17,40.67097091674805,40.75304252467711,40.60713783043014,40.75304252467711,4144200
2012-01-18,40.784950256347656,40.78951075542574,40.55697400342533,40.67552262896457,2725800
2012-01-19,40.84425354003906,40.96735926809165,40.78953795054687,40.908086655124684,2953000
2012-01-20,40.84425354003906,40.91720418071811,40.82601501020834,40.857931567751145,2037500
2012-01-23,40.9855842590332,41.04485685242048,40.88071709545243,40.93086868761537,1680100
2012-01-24,41.090431213378906,41.11322674601309,40.90804955910186,40.98556063161137,2863800
2012-01-25,41.45066833496094,41.49170241485307,40.99927258428585,41.17253686465779,3882800
2012-01-26,41.55094528198242,41.7105314214958,41.45519568545906,41.628459841812756,6487500
2012-01-27,41.4005241394043,41.573784986698215,41.4005241394043,41.49627382964392,2431100
2012-01-30,41.26827621459961,41.368586356343506,41.19532211927942,41.24547719015136,2553000
2012-01-31,41.37311935424805,41.43239539193665,41.27736976872112,41.3776798522181,2864400
2012-02-01,41.44972610473633,41.596450656508225,41.3947030860009,41.3947030860009,4284200
2012-02-02,41.47721862792969,41.550582622421686,41.45429500329178,41.53682424981359,2079600
2012-02-03,41.596431732177734,41.834857708514,41.53223998861845,41.82568895865739,2312900
2012-02-06,41.6055793762207,41.61475161961205,41.495536942825694,41.55972865382161,2270500
2012-02-07,41.688148498535156,41.72024438207512,41.57351984329401,41.62854285715778,2467000
2012-02-08,41.72481155395508,41.766076171966425,41.63769269612577,41.743152550244794,3336000
2012-02-09,41.74317169189453,41.76609532412797,41.57352002206011,41.75234044515011,3258700
2012-02-10,41.380924224853516,41.55057581066292,41.380924224853516,41.53223481504672,2909600
2012-02-13,41.500152587890625,41.596440222883885,41.41761982958378,41.495566462932366,2193100
2012-02-14,41.500152587890625,41.5643443445528,41.4451295829566,41.47722546128769,3000100
2012-02-15,41.36717224121094,41.619353077621284,41.357999993668756,41.50931059442745,1986600
2012-02-16,41.54140090942383,41.55057315573947,41.26170686597585,41.3671667094837,2514100
2012-02-17,41.527671813964844,41.6606414825786,41.47264879647975,41.65146923056983,2402700
2012-02-21,41.68355941772461,41.76608867845997,41.564344655237306,41.578099532026535,2265100
2012-02-22,41.816505432128906,41.83943254786818,41.711049095376374,41.73855883571413,3570600
2012-02-23,41.96782684326172,42.06411445750766,41.8165162359377,41.84402948157055,3212300
2012-02-24,42.09621810913086,42.114559110213335,41.94491097202993,41.97700684937719,1795500
2012-02-27,42.105377197265625,42.16039668512652,41.99533122516949,41.99533122516949,1608100
2012-02-28,42.18792724609375,42.23836412946287,42.11456323457917,42.13749036272463,2813200
2012-02-29,42.24293518066406,42.30254429823206,42.07786969817794,42.22918030682149,3085800
2012-03-01,42.315338134765625,42.35684467938396,42.20003748589705,42.269218578957506,3802800
2012-03-02,42.14009094238281,42.30612419184658,42.1262519060131,42.30612419184658,1709000
2012-03-05,41.904869079589844,42.19081596215619,41.90025606829292,42.17697692826542,2333700
2012-03-06,41.34682083129883,41.849530061889595,41.34682083129883,41.75729093366839,5792700
2012-03-07,41.46213912963867,41.512871727339785,41.342225397008896,41.475974652884666,5840700
2012-03-08,41.784942626953125,41.794168646723016,41.526670372525246,41.6235224679357,2249700
2012-03-09,41.8310661315918,41.94175726714079,41.79878209673065,41.82645663996584,2531300
2012-03-12,41.8310661315918,41.84029215223549,41.738827037330196,41.79417260510469,2153000
2012-03-13,42.13546371459961,42.13546371459961,41.85874289841914,41.9602080187144,2890700
2012-03-14,42.02937698364258,42.13084208317594,41.81722428402526,42.11239356337939,2928800
2012-03-15,41.886417388916016,42.06167309929688,41.84952033872119,42.06167309929688,1726800
2012-03-16,41.73421096801758,41.96942521544883,41.646584890500556,41.92791868168218,3570300
2012-03-19,41.89104080200195,41.90487631958647,41.66043945906727,41.7342300590838,2283900
2012-03-20,41.8587532043457,41.93254379810343,41.78957210359368,41.8587532043457,2756600
2012-03-21,41.72502136230469,41.937174245771985,41.71579533506353,41.937174245771985,3280100
2012-03-22,41.826454162597656,41.86796069694818,41.706540532203306,41.715763033604865,3500900
2012-03-23,41.73882293701172,41.85412355285982,41.69270339441159,41.812617020128364,3465200
2012-03-26,41.99250030517578,41.99710979795218,41.77112149752147,41.79418303619057,2081200
2012-03-27,42.066307067871094,42.11242664424342,41.94178385979599,41.97406791512643,4196700
2012-03-28,41.92796325683594,42.084770576033954,41.863391604502155,42.084770576033954,2803700
2012-03-29,41.92335510253906,41.946413142253625,41.78499278945255,41.88645801655602,2158600
2012-03-30,41.8403205871582,42.001740871166106,41.780361968313635,41.95562129269217,4020300
2012-04-02,41.91220474243164,41.97716303938524,41.851883795287804,41.92612387178431,5883800
2012-04-03,41.875118255615234,42.0003940601252,41.87047736212538,41.90295653662533,4099700
2012-04-04,41.72198486328125,41.805503214714264,41.661667430565316,41.74518578199833,2297600
2012-04-05,41.61992645263672,41.71272663206408,41.568887238942885,41.6988074901412,3658900
2012-04-09,41.40647506713867,41.55959264800791,41.36007676565319,41.54103261942102,2692500
2012-04-10,41.20232391357422,41.494636413663436,41.16520385452565,41.4203962955663,4471100
2012-04-11,41.45289611816406,41.47609705162133,41.327620281404954,41.40649779121497,2003700
2012-04-12,41.82406234741211,41.856541508943636,41.45286889565487,41.48998894882322,2753500
2012-04-13,41.689510345458984,41.85190617468061,41.661672071867734,41.81014876429372,2767400
2012-04-16,41.75449752807617,41.838015946521885,41.62458077493084,41.77769846540899,3804300
2012-04-17,41.9354248046875,41.986463999908246,41.828709061926745,41.87974825714749,2787400
2012-04-18,41.9215087890625,41.97254798808336,41.84727220682734,41.87046959004164,3322600
2012-04-19,41.84260559082031,41.98644131420089,41.7962073129519,41.907563887828424,2597800
2012-04-20,41.9076042175293,41.972562577049956,41.8101666782483,41.972562577049956,2241500
2012-04-23,41.81943130493164,41.83335398312112,41.68951462820805,41.76839210479538,2850700
2012-04-24,41.91687774658203,41.91687774658203,41.80552107707939,41.865842075532036,2049300
2012-04-25,42.22307205200195,42.22307205200195,41.97251713371121,42.02355629521272,3351000
2012-04-26,42.25092697143555,42.2880470198882,42.20452868085108,42.223088705077394,2641100
2012-04-27,42.23238754272461,42.29270853586763,42.176710982856456,42.28806764255715,2413000
2012-04-30,42.31588363647461,42.325165418207234,42.130290481372434,42.237006191559935,3989000
2012-05-01,42.34809494018555,42.53939673073031,42.33409768232027,42.39008671378137,3624600
2012-05-02,42.51141357421875,42.54407503790887,42.2734494474293,42.30144753047265,2040700
2012-05-03,42.48341751098633,42.576734958194606,42.43675522754976,42.553403816476326,1871900
2012-05-04,42.3994140625,42.497398412298395,42.366752612567204,42.432075512432796,2381400
2012-05-07,42.46942901611328,42.57208037373472,42.27812712586434,42.38544186531696,1906100
2012-05-08,42.460079193115234,42.49274065010128,42.32943336517105,42.40875353787547,1688900
2012-05-09,42.310760498046875,42.39474759306493,42.19877889129984,42.352752265640355,3146800
2012-05-10,42.264122009277344,42.47408806734591,42.23612392432415,42.45076048302318,3354000
2012-05-11,42.371437072753906,42.530081022667176,42.21746362350901,42.24545814885666,2765200
2012-05-14,42.05880355834961,42.25943921940882,41.993480651012334,42.226777765740174,4544000
2012-05-15,41.853485107421875,42.07745181906541,41.853485107421875,42.04012344048647,5242100
2012-05-16,41.44290542602539,42.01681797916924,41.42890816665173,41.90483278451601,6224400
2012-05-17,40.86900329589844,41.44758293633543,40.76635551436887,41.44291599540998,8867800
2012-05-18,40.86900329589844,41.19562152385472,40.8176811850501,41.06497565660536,6525600
2012-05-21,41.293582916259766,41.32157742654863,40.910975849711384,40.9156427880365,4276900
2012-05-22,41.28892517089844,41.578214894340256,41.23759951738728,41.41490761491008,3675300
2012-05-23,41.2469367980957,41.377582632415304,41.036967227368926,41.19561114035129,4320900
2012-05-24,41.256248474121094,41.3635666808621,41.17692833339057,41.17692833339057,2183000
2012-05-25,41.12562942504883,41.358926621042905,41.10229828151634,41.32626515599704,1651500
2012-05-29,41.57820510864258,41.64352800504049,41.27025126005456,41.30757964651932,4380300
2012-05-30,41.39156723022461,41.43822593394708,41.3075801395918,41.40090110686765,2543300
2012-05-31,40.952999114990234,41.43359445687128,40.9436687909943,41.43359445687128,10706100
2012-06-01,40.59709930419922,40.92105093179793,40.54545473800375,40.64874387039469,5945600
2012-06-04,40.62996292114258,40.775504742012245,40.578318355940304,40.62996292114258,3125700
2012-06-05,40.8881950378418,41.0243486087896,40.58771942676797,40.62997571248714,2970100
2012-06-06,41.32479476928711,41.33418664028785,40.991454987746394,41.07596391700667,2334800
2012-06-07,41.47977066040039,41.662872930006564,41.334228749162904,41.55019543685344,5454300
2012-06-08,41.63936996459961,41.737963146805924,41.404623269265436,41.470352057402984,3738100
2012-06-11,41.3670768737793,41.78022990724527,41.36238093534459,41.73797720718749,5266700
2012-06-12,41.65814971923828,41.7004024046456,41.43748725468823,41.507911978984026,3648400
2012-06-13,41.53607940673828,41.74734999244054,41.43748622794722,41.59711225590889,3527200
2012-06-14,41.84595489501953,41.897599467229135,41.5173108736413,41.54547933777338,3874100
2012-06-15,41.921077728271484,41.9633304266396,41.78492417472194,41.78492417472194,2683200
2012-06-18,41.935142517089844,41.94453080727925,41.7849048004113,41.82715747918821,3628200
2012-06-19,42.230918884277344,42.30603952802363,41.94452769840616,42.1088532111138,2809100
2012-06-20,42.3952522277832,42.41402881023854,42.169893836868,42.33891173456688,3719000
2012-06-21,42.04784393310547,42.58306632844344,41.98211511837637,42.44222040343183,4843700
2012-06-22,42.334232330322266,42.38587690711792,42.183994538358036,42.19338641520353,3211700
2012-06-25,42.26852035522461,42.27791223581076,42.09950232420318,42.16523116049452,3385600
2012-06-26,42.20747375488281,42.310762916075944,42.09479629810474,42.30606697730759,2357900
2012-06-27,42.46097946166992,42.47036775255476,42.282569697308304,42.282569697308304,1918000
2012-06-28,42.456298828125,42.48446729288247,42.291976813787656,42.34362138714386,3068700
2012-06-29,42.86003494262695,42.86003494262695,42.620592406090246,42.714493195883506,3394900
2012-07-02,42.90633773803711,42.90633773803711,42.68441597614373,42.87328579067376,3810700
2012-07-03,43.062156677246094,43.090489494056,42.887455051815266,42.94411348065014,1987500
2012-07-05,43.06687927246094,43.1613159908633,42.835515616561956,42.9677234199328,2221300
2012-07-06,43.01019287109375,43.02908020407233,42.82604587754062,42.8449332105192,2612400
2012-07-09,43.024375915527344,43.08103433161915,42.91577461403193,42.962991161572326,1916600
2012-07-10,42.83551025390625,43.12825503832316,42.778848229958456,43.06215114491341,1832600
2012-07-11,42.972415924072266,43.005467851661955,42.7977108197325,42.90158933569723,3188700
2012-07-12,42.87800216674805,42.948828792940844,42.712742440559424,42.934664188180655,1989100
2012-07-13,43.01019287109375,43.02908020407233,42.8543786782037,42.92520527627577,2316400
2012-07-16,42.84495162963867,42.98188215080723,42.80718054983408,42.821345155059795,2178900
2012-07-17,43.047969818115234,43.05741528630024,42.82132901514367,42.96770135049575,4036500
2012-07-18,43.2274284362793,43.2274284362793,43.01022574222084,43.02911308963432,3958600
2012-07-19,43.33601379394531,43.38795308388801,43.19436413242246,43.20852873833553,4718200
2012-07-20,43.13298416137695,43.255750096913665,43.0763257314312,43.208533537828025,2733500
2012-07-23,43.062156677246094,43.10465410126472,42.76941185521932,42.89217418595653,4561700
2012-07-24,42.79773712158203,43.043268965191295,42.76468517367988,43.02438162319118,3447700
2012-07-25,42.70802307128906,42.93466757249282,42.703303937591585,42.9157802305265,2891000
2012-07-26,43.14716339111328,43.166050741626826,42.88747042693796,42.9157996515114,4330900
2012-07-27,43.40214538574219,43.411590863973046,43.14245237270459,43.14245237270459,5556800
2012-07-30,43.40214538574219,43.41631000069403,43.2746602487811,43.392703509905765,3889700
2012-07-31,43.298248291015625,43.43517884786408,43.22270250932956,43.41629150184434,3530800
2012-08-01,43.53328323364258,43.53328323364258,43.276897453556025,43.400343263747885,3598100
2012-08-02,43.35758590698242,43.4857769131746,43.27687291707104,43.42405585424362,4516600
2012-08-03,43.53800964355469,43.63296931116315,43.47628857636488,43.49053162092092,4602000
2012-08-06,43.509517669677734,43.67569253759084,43.509517669677734,43.51426655800109,2864400
2012-08-07,43.42403030395508,43.6329377994799,43.376552315609885,43.59495395986841,3680600
2012-08-08,43.452537536621094,43.54274829405211,43.43354922990517,43.481027241375145,3162100
2012-08-09,43.45730209350586,43.51902679077846,43.38608323945207,43.50003485487469,2975600
2012-08-10,43.419342041015625,43.48106677214965,43.3528720400585,43.40509898685958,1533600
2012-08-13,43.44306564331055,43.44306564331055,43.32436874264577,43.40033649779536,2007800
2012-08-14,43.509517669677734,43.580736505166335,43.42880467988286,43.44304772251249,2381000
2012-08-15,43.30061340332031,43.55225379117091,43.30061340332031,43.55225379117091,2580400
2012-08-16,43.462032318115234,43.48102424586284,43.2436305825275,43.3670726793772,2914300
2012-08-17,43.462032318115234,43.5142592138362,43.390813494646665,43.438291502845765,2222000
2012-08-20,43.51426315307617,43.538000348154675,43.400315198614926,43.4715304061906,2333200
2012-08-21,43.609214782714844,43.61396367018797,43.537995959977124,43.552242622396506,2531200
2012-08-22,43.56648254394531,43.61870943539187,43.52849869155881,43.56648254394531,1889100
2012-08-23,43.55698776245117,43.609214657486206,43.495266714836944,43.57123080248986,1141700
2012-08-24,43.751678466796875,43.75642735709628,43.53327660346954,43.571256858838936,2082100
2012-08-27,43.718441009521484,43.78491098059016,43.64247325839057,43.737432947304214,1883600
2012-08-28,43.68040466308594,43.75162343863454,43.656663863790605,43.713639608696965,1795700
2012-08-29,43.74216842651367,43.76116036004645,43.680447359287854,43.74216842651367,1617600
2012-08-30,43.723167419433594,43.765900166599565,43.68043829460781,43.718422153790854,2022400
2012-08-31,43.837127685546875,43.8703626633342,43.72317608541242,43.79914381883539,1801800
2012-09-04,43.83615493774414,43.860027095569244,43.71202627333743,43.860027095569244,3921500
2012-09-05,43.840946197509766,43.88391172651732,43.80752734971015,43.879140207103966,1541000
2012-09-06,44.0987548828125,44.103526402721855,43.855272599315754,43.855272599315754,3306000
2012-09-07,44.175140380859375,44.20855923297514,44.09875599418693,44.16081853600715,3403300
2012-09-10,44.103519439697266,44.261066988991196,44.07487575523693,44.151263770305874,2138600
2012-09-11,44.40427780151367,44.40427780151367,44.12737680334128,44.12737680334128,4400300
2012-09-12,44.53794860839844,44.54749528491781,44.437692114237585,44.46156062672572,1957400
2012-09-13,44.82439041137695,44.833940729030736,44.52362096810422,44.55703979513452,5946800
2012-09-14,44.819644927978516,44.89603295027,44.73848538607985,44.82919525195564,3467200
2012-09-17,44.78145217895508,44.86738687827464,44.73370784636996,44.77190185548558,3075500
2012-09-18,44.800540924072266,44.838734929251686,44.69551287340007,44.79576940521044,4099400
2012-09-19,44.74323654174805,44.84826819485497,44.74323654174805,44.84826819485497,3306500
2012-09-20,44.53318786621094,44.705057238236435,44.528412705215615,44.70028207724111,2122200
2012-09-21,44.47111511230469,44.623887447584536,44.41382412068233,44.623887447584536,3121700
2012-09-24,44.41381072998047,44.45677987133705,44.37084523100257,44.40903557152336,1867200
2012-09-25,44.01759719848633,44.4472707988705,43.98417834303323,44.42340226919375,5726800
2012-09-26,43.797950744628906,44.017560704444094,43.67382575150231,44.00801402896476,6554200
2012-09-27,44.2753791809082,44.2753791809082,43.9220937941694,44.00802847120102,3882600
2012-09-28,44.0653190612793,44.24195993182011,44.06054390082732,44.23718841374834,3668200
2012-10-01,43.990928649902344,44.28368619550688,43.96213000449592,44.28368619550688,5386700
2012-10-02,44.10131072998047,44.139706481789645,43.98132675179212,44.077312469694625,3151900
2012-10-03,44.21170425415039,44.322087480187065,44.1109181367,44.13971312407983,3201000
2012-10-04,44.398902893066406,44.427697895945144,44.24052305398744,44.264521330801685,1847200
2012-10-05,44.37487030029297,44.53325001689379,44.2884816968398,44.52844963291858,2513500
2012-10-08,44.312522888183594,44.3461182853194,44.245332093911976,44.27892749104779,1143300
2012-10-09,44.1877326965332,44.39890582927054,44.178135582146595,44.39890582927054,5777300
2012-10-10,44.08213806152344,44.25491538184339,44.058143449137205,44.226120382330905,5431800
2012-10-11,44.322105407714844,44.33170618180545,44.21172213703004,44.2501142485251,2811000
2012-10-12,44.398902893066406,44.51888695389175,44.30291344743236,44.36530750250023,3696800
2012-10-15,44.600433349609375,44.61963122070635,44.43245655453523,44.51884514366186,2378500
2012-10-16,44.76362991333008,44.79242856374996,44.60525381331595,44.66284379091339,3536300
2012-10-17,44.8643913269043,44.90278340048458,44.77800275351568,44.82599559170517,2971500
2012-10-18,44.840415954589844,44.8884088172653,44.778025599273825,44.8020201998012,1676300
2012-10-19,44.6148681640625,44.8356383739534,44.57647238974515,44.811643761221994,2041200
2012-10-22,44.62446975708008,44.7252559202951,44.59567109500247,44.634066870024185,3021700
2012-10-23,44.45649337768555,44.54288204887525,44.394102983568594,44.490088768613596,3916900
2012-10-24,44.418087005615234,44.571666409373044,44.394088736244214,44.55726525077735,4332900
2012-10-25,44.49007797241211,44.61486239198815,44.442085091535816,44.59566450731322,2005600
2012-10-26,44.38446807861328,44.533247017242296,44.28847871367531,44.50445203857084,4591800
2012-10-31,44.43727111816406,44.475666875774344,44.36528364967101,44.38448152847615,2914100
2012-11-01,44.413246154785156,44.45643860635444,44.182875428226865,44.24046902527106,2092300
2012-11-02,44.350887298583984,44.51406378020013,44.34128652812358,44.470871297991536,2829300
2012-11-05,44.27888488769531,44.437260943738984,44.206893774064476,44.346075617318725,3361700
2012-11-06,44.346092224121094,44.40368220729605,44.28369819351954,44.36048971991483,1409000
2012-11-07,44.08213806152344,44.283710381355874,44.058143449137205,44.274113268725884,3698200
2012-11-08,43.93813705444336,44.230898272657285,43.91413879264065,44.13490888706709,5829400
2012-11-09,43.86137008666992,44.00055202743333,43.79417930997348,43.80857681046233,3953900
2012-11-12,43.875728607177734,43.94771970728652,43.82773576097836,43.90932396567924,2066000
2012-11-13,43.774967193603516,43.85655544426956,43.70777643874659,43.80856257103198,4347400
2012-11-14,43.53498077392578,43.91413053708297,43.50138541069008,43.894932663574004,5017500
2012-11-15,43.515769958496094,43.635753886028034,43.23740636783346,43.458180016716845,6989700
2012-11-16,43.64057540893555,43.67417077845415,43.44860029956327,43.55898717747904,4730200
2012-11-19,44.19253158569336,44.21172947543865,43.77498572238518,43.78458649806936,9498500
2012-11-20,44.19730758666992,44.24050373374682,44.07732357824271,44.19251086270021,4010400
2012-11-21,44.182918548583984,44.26451047276425,44.139726054860944,44.154123552768624,2984700
2012-11-23,44.331695556640625,44.3652909346609,44.20691115472751,44.27410191076805,1041100
2012-11-26,44.34129333496094,44.34129333496094,44.158918946048736,44.30289757046732,2160700
2012-11-27,44.38446807861328,44.42766054662046,44.278881607991444,44.278881607991444,4194100
2012-11-28,44.39406967163086,44.50925325957926,44.26928531540828,44.350877199257795,6528000
2012-11-29,44.590843200683594,44.610037413155204,44.442060591878025,44.50445459808103,3870500
2012-11-30,44.65802764892578,44.70602049659572,44.57163905847207,44.5860365466111,3276200
2012-12-03,44.88433837890625,44.88433837890625,44.70582621878266,44.80231907933776,5444400
2012-12-04,44.88433837890625,44.95188411748815,44.79749333202,44.865039070601895,3121100
2012-12-05,44.956668853759766,45.00974098294082,44.79745246621661,45.00008949710972,4580900
2012-12-06,45.03874206542969,45.05804137926221,44.942249177234835,44.942249177234835,2261500
2012-12-07,44.971153259277344,45.11107038990291,44.94703190080245,45.0869453504638,2294400
2012-12-10,45.009769439697266,45.111088019200984,44.951871530995575,45.111088019200984,2140700
2012-12-11,45.053192138671875,45.21240863404478,45.03871858108631,45.12556360756554,3206300
2012-12-12,45.188270568847656,45.255816266600675,45.08212627781736,45.13519842333251,3305600
2012-12-13,45.0290412902832,45.255803359910445,45.01456774217311,45.15930690423747,4898700
2012-12-14,44.99528884887695,45.11108096721348,44.99528884887695,45.04353525810342,2741400
2012-12-17,45.16897201538086,45.207566928328696,45.0242291286918,45.0242291286918,2195600
2012-12-18,45.193119049072266,45.26066478630787,45.14969836697792,45.24136547838818,3409800
2012-12-19,45.144874572753906,45.226893874235834,45.144874572753906,45.226893874235834,2566400
2012-12-20,45.3040657043457,45.30889144906994,45.1544970656121,45.159322810336334,3191200
2012-12-21,45.173797607421875,45.19792265074263,45.082130540925576,45.082130540925576,3187900
2012-12-24,45.009769439697266,45.1352130680681,44.96152302292868,45.07731515936641,1221400
2012-12-26,45.1188850402832,45.18194633474406,45.012163079659146,45.1140330327101,2257200
2012-12-27,45.21107864379883,45.21107864379883,45.060699625988875,45.138316990664755,2332600
2012-12-28,45.089805603027344,45.230484304857846,45.04614860987292,45.118913966130044,2426100
2012-12-31,45.28388214111328,45.308138513255855,45.080141938725646,45.09954629623915,2918500
2013-01-02,45.71072769165039,45.71072769165039,45.502135670457704,45.63311033446274,3975200
2013-01-03,45.570064544677734,45.7398479451645,45.540956175308175,45.63797790487244,3950700
2013-01-04,45.599178314208984,45.63798701378054,45.51671260337041,45.58947798981674,2968000
2013-01-07,45.63796615600586,45.64281446548552,45.51669180102136,45.60885779412985,4137300
2013-01-08,45.604007720947266,45.65736873115671,45.565199040613216,45.64766471057347,2179100
2013-01-09,45.69132614135742,45.715578791209474,45.60400845969108,45.715578791209474,2183900
2013-01-10,45.768951416015625,45.78350374981937,45.69618604599643,45.759251093813276,1684300
2013-01-11,45.85142135620117,45.85142135620117,45.701042291629776,45.74470299808648,1982600
2013-01-14,45.78834915161133,45.827157836819374,45.70588347129418,45.8174538150174,2182400
2013-01-15,45.79804992675781,45.80289823631517,45.6816238793872,45.705880231172664,2136000
2013-01-16,45.720458984375,45.79322438078391,45.68165027949001,45.73501132345642,3272700
2013-01-17,45.8853759765625,45.89508000022827,45.74954925324684,45.80291028040666,6058900
2013-01-18,45.94843292236328,45.94843292236328,45.83201056591472,45.861115229776864,2836800
2013-01-22,45.97751998901367,46.021180669096395,45.86109767712402,45.91445867444815,2295200
2013-01-23,45.92420959472656,45.98242266531457,45.91450926679654,45.943613951589235,2227900
2013-01-24,46.0260124206543,46.050268756530116,45.9338464865201,45.97265144252528,3175400
2013-01-25,46.01148986816406,46.06970289133051,45.97753319656688,46.06970289133051,2525100
2013-01-28,45.98727035522461,46.00667100926024,45.933909304120895,45.972714313194444,2331000
2013-01-29,45.90964126586914,45.963002303409674,45.861132241105395,45.9435979533039,1514300
2013-01-30,45.57975769042969,45.84656277847125,45.54580101567894,45.817454413684914,6595600
2013-01-31,45.43907165527344,45.65251569129758,45.414819006361206,45.56519801301492,5963700
2013-02-01,45.58978271484375,45.7263368766983,45.580026719955946,45.61904325786348,5713000
2013-02-04,45.39957046508789,45.55075859410587,45.36055765449665,45.49711179361905,3878000
2013-02-05,45.50200653076172,45.55077535255908,45.45323398814176,45.472742261025225,2590900
2013-02-06,45.43369674682617,45.49709579746526,45.384924239297725,45.43369674682617,2850500
2013-02-07,45.34590530395508,45.41905661370543,45.26299428487232,45.40930434601185,4071400
2013-02-08,45.355674743652344,45.40444354222329,45.31178394118474,45.31665821646726,3220400
2013-02-11,45.35080337524414,45.394697904947435,45.28740429991867,45.30203456954598,3146100
2013-02-12,45.506866455078125,45.53125271869645,45.311791229417224,45.31666550548375,3490600
2013-02-13,45.57516098022461,45.58979497649222,45.438606781642996,45.56053070477984,3672200
2013-02-14,45.5556526184082,45.62392971199107,45.477619528129196,45.477619528129196,2731800
2013-02-15,45.56050491333008,45.67755449227304,45.48247558152217,45.580013176487235,2483000
2013-02-19,45.604400634765625,45.643413441285006,45.555631836000764,45.59952263864289,3074300
2013-02-20,45.56050491333008,45.706815026598406,45.55075264216187,45.63853796595872,3830300
2013-02-21,45.60926818847656,45.64340671466294,45.50197833533387,45.56049939689892,7185300
2013-02-22,45.721492767333984,45.721492767333984,45.6044467876805,45.66296791709494,3367000
2013-02-25,45.57999801635742,45.80921538118932,45.57512002198539,45.73606034888687,5259300
2013-02-26,45.804359436035156,45.804359436035156,45.584897954303365,45.66780529444015,4075600
2013-02-27,45.88237762451172,45.91651614884225,45.721437272316344,45.770206061242796,3681600
2013-02-28,45.862884521484375,45.90677532977713,45.814115716440874,45.8775147909153,3822000
2013-03-01,45.95408630371094,46.08647478936585,45.83640723413433,45.84130787886031,4833200
2013-03-04,45.95897674560547,45.9932999530247,45.90013535819433,45.91974915399804,2222500
2013-03-05,46.0521354675293,46.10116808429412,45.98839343982991,45.98839343982991,3733400
2013-03-06,46.02272415161133,46.12078940113466,46.01291538208931,46.1060799878011,2118000
2013-03-07,46.09137725830078,46.09137725830078,46.042344626428765,46.066859071889766,2124900
2013-03-08,46.14530944824219,46.18453704601609,46.05214483876657,46.1747282760978,2464100
2013-03-11,46.11589050292969,46.16492312954737,46.09137231914604,46.13059991682003,2782800
2013-03-12,46.09627914428711,46.14040738829415,46.07176095920555,46.08647037387456,1526200
2013-03-13,46.10608673095703,46.174733163853006,46.06685912903075,46.14040994740502,1431200
2013-03-14,46.282615661621094,46.282615661621094,46.12570896617503,46.17474160707367,2954100
2013-03-15,46.277706146240234,46.287514917903266,46.18944590602438,46.21396409423168,2024300
2013-03-18,46.28749465942383,46.316913479636725,46.091360462457686,46.091360462457686,3000600
2013-03-19,46.20903778076172,46.351234974796355,46.194328371197535,46.312007388659524,3742800
2013-03-20,46.36105728149414,46.38557172427769,46.248278873651074,46.253183258587626,2553200
2013-03-21,46.277706146240234,46.36596638645609,46.199254677687414,46.27280550135901,3532400
2013-03-22,46.24337387084961,46.31692468011675,46.21395504352258,46.27769708304766,2201500
2013-03-25,46.17471694946289,46.30710912423667,46.16491192289939,46.23846271544608,2131700
2013-03-26,46.25807189941406,46.28749446044913,46.21394366928442,46.28259007678518,1169400
2013-03-27,46.17964172363281,46.23357874591945,46.1747373377112,46.184546109554425,2195100
2013-03-28,46.26300811767578,46.27771753784088,46.169847209646456,46.20907108310297,1959100
2013-04-01,46.34579849243164,46.37537027587014,46.158504263321596,46.24722337403682,3823000
2013-04-02,46.311317443847656,46.41975237859959,46.291601659310814,46.3063875576131,2528700
2013-04-03,46.311317443847656,46.355678899155905,46.222598293632565,46.32610334214994,2773100
2013-04-04,46.29650115966797,46.40493602325063,46.26692938247231,46.29157127666905,3040600
2013-04-05,46.34085464477539,46.34085464477539,46.17327624191967,46.21763390371139,2243800
2013-04-08,46.39017868041992,46.404964578116115,46.306385659472745,46.365533010658766,2346800
2013-04-09,46.538021087646484,46.538021087646484,46.39015841487711,46.42958620470918,2985400
2013-04-10,46.6859130859375,46.70562887184967,46.50354488655121,46.50354488655121,2932600
2013-04-11,46.6859130859375,46.72041477118337,46.64648151411317,46.70069898527121,2676200
2013-04-12,46.70066833496094,46.73024011421998,46.60209323049801,46.646450899386565,2040900
2013-04-15,46.404945373535156,46.700674486275965,46.39508560555064,46.700674486275965,3910600
2013-04-16,46.72533416748047,46.7302602925513,46.48874855005185,46.53310999849508,4138300
2013-04-17,46.651397705078125,46.66125371493992,46.5281768996027,46.63168192495399,5778600
2013-04-18,46.577449798583984,46.66123901741892,46.55773402466999,46.63166723674762,2476900
2013-04-19,46.552818298339844,46.65632708296636,46.54296228858521,46.626751532901416,2474800
2013-04-22,46.66124725341797,46.76968214888467,46.592243912739164,46.67110702231496,3641900
2013-04-23,46.8436164855957,46.84854637016119,46.7105359251286,46.7105359251286,2217400
2013-04-24,46.92744445800781,46.952090140779156,46.8288692477289,46.86829707559853,3872600
2013-04-25,47.05556869506836,47.08021060353567,46.89291630549947,46.93234787152849,2453100
2013-04-26,47.006282806396484,47.06050027153383,46.9865670226737,47.05064049947182,2679000
2013-04-29,47.094970703125,47.114682713366655,47.01117773780359,47.01610762056338,1785300
2013-04-30,47.242862701416016,47.242862701416016,47.09499997032178,47.13442777570626,2953100
2013-05-01,47.15269088745117,47.3309996904276,47.142786522330134,47.22203277984759,4812400
2013-05-02,47.45484924316406,47.464757392188616,47.236919089695256,47.30130694294827,3368200
2013-05-03,47.52912902832031,47.61332937204132,47.4795996366521,47.534083101142244,2407400
2013-05-06,47.55885314941406,47.5786656648683,47.48951123474968,47.509323750203926,1458700
2013-05-07,47.524192810058594,47.62325540946263,47.50933436486093,47.60839696426497,2590900
2013-05-08,47.69260025024414,47.69755432522963,47.55886667760004,47.55886667760004,3801200
2013-05-09,47.55391311645508,47.69259697571074,47.54895904180974,47.648017861606135,1644900
2013-05-10,47.30622863769531,47.5736917955127,47.281462060937585,47.5736917955127,4654400
2013-05-13,47.11309051513672,47.301303766596355,47.10813644095711,47.2567284355341,2710000
2013-05-14,47.16264724731445,47.281518644541556,47.1081637363242,47.15273909321427,4473900
2013-05-15,47.16756820678711,47.222047900672166,47.098222513336,47.1626141332154,3179800
2013-05-16,47.28147506713867,47.37062947760242,47.142791268383974,47.19727472915905,6036800
2013-05-17,47.28147506713867,47.365675405118296,47.22203753387947,47.35081696651602,4313300
2013-05-20,47.3310432434082,47.37066829805389,47.23198438564718,47.28151381452769,2086200
2013-05-21,47.420166015625,47.439978529698614,47.32110722410761,47.331011591719076,4666500
2013-05-22,47.127925872802734,47.48949375491745,47.10315929288823,47.4102475011202,5243800
2013-05-23,46.9991340637207,47.06352186412755,46.900075327887315,47.05361750208363,3294400
2013-05-24,46.91000747680664,46.949632506151076,46.89019496213442,46.92981999147886,3420400
2013-05-28,46.73664093017578,47.06849196497152,46.71187434835826,47.06849196497152,3486700
2013-05-29,46.54844665527344,46.68713050051806,46.33546681326166,46.57816354243975,10958100
2013-05-30,46.64253616333008,46.73664464710124,46.40479358591366,46.558335824613856,5462100
2013-05-31,46.023414611816406,46.612824607825395,46.01351024448079,46.543482699924404,6809400
2013-06-03,45.98310852050781,46.06276545951343,45.704303536338614,45.99306421347113,14320900
2013-06-04,45.98310852050781,46.32663880345416,45.898471835804024,46.05280976655011,7927000
2013-06-05,45.58478546142578,45.923335798381665,45.52504374212407,45.89844468148288,10309200
2013-06-06,45.94325256347656,46.09759040826345,45.46529980034184,45.50513014687746,11849800
2013-06-07,45.97313690185547,46.28679622473863,45.90343567419966,46.022926748837065,8879800
2013-06-10,45.8785400390625,46.09759939083246,45.843689428660575,45.973132382478205,7678000
2013-06-11,45.594764709472656,45.923355703348506,45.45038249452803,45.594764709472656,9065200
2013-06-12,45.62958526611328,45.8635837431258,45.619625782853646,45.768987644308844,9193300
2013-06-13,46.15237808227539,46.212123630425275,45.629618780086574,45.629618780086574,7526400
2013-06-14,46.20712661743164,46.271851886680885,46.07768367579575,46.19219118558375,3909200
2013-06-17,46.202144622802734,46.52575573295066,46.202144622802734,46.26686608514616,3830700
2013-06-18,46.31666946411133,46.35649982436183,46.18224674630614,46.18224674630614,3609700
2013-06-19,45.62458801269531,46.43611085909791,45.61463233168682,46.27679337396278,7971700
2013-06-20,45.17655563354492,45.59476686182189,44.94753673647311,45.35080872931341,11094000
2013-06-21,44.882808685302734,45.36076159176035,44.86787325048094,45.310975542877024,9245400
2013-06-24,44.33015060424805,44.8081032497673,43.94679026043481,44.53427443275785,12116100
2013-06-25,44.96244812011719,44.96244812011719,44.5591763430134,44.5591763430134,6233300
2013-06-26,45.33586502075195,45.39561055630022,45.09191073118569,45.15663221253905,5527200
2013-06-27,45.55491256713867,45.77397565727626,45.50512653713393,45.50512653713393,5578600
2013-06-28,45.24623489379883,45.4652979926037,45.042111023174,45.4553423055811,6112000
2013-07-01,45.49149703979492,45.54154743389782,45.29629782977343,45.33133348750548,5213400
2013-07-02,45.3513298034668,45.571556000356,45.22119579452335,45.44142199141254,3799800
2013-07-03,45.4564208984375,45.47644180196804,45.18614442867055,45.19115060920241,1679600
2013-07-05,44.97096633911133,45.26627016775152,44.86085317652009,45.2412430603988,3312600
2013-07-08,45.591590881347656,45.59159088134766,45.04603517713028,45.09107937937954,5638400
2013-07-09,45.61662292480469,45.64165003005376,45.48148648482,45.59660200432545,6127700
2013-07-10,45.79682540893555,45.816846337291864,45.586611389096625,45.63666180068661,6529900
2013-07-11,46.372398376464844,46.38240692782151,46.04706508766886,46.137157324280054,5865400
2013-07-12,46.32733154296875,46.38238809958177,46.172174239022276,46.252257891768025,5788300
2013-07-15,46.52252197265625,46.5925932464047,46.32732287884299,46.38237942515935,6791500
2013-07-16,46.40745162963867,46.59263853945342,46.28232368793607,46.59263853945342,3292100
2013-07-17,46.74778366088867,46.807842608286975,46.54757825949335,46.56259299634293,8660500
2013-07-18,47.028045654296875,47.04806656638674,46.767781434325755,46.79781089316128,6825000
2013-07-19,46.99803924560547,47.0330749042963,46.93297029475078,47.02306253404154,2603100
2013-07-22,47.033058166503906,47.053079081288104,46.92294504449032,47.0130372517197,3888200
2013-07-23,46.917945861816406,47.03807136844566,46.88291021036611,46.993023348809785,2483700
2013-07-24,46.52252197265625,46.867875977986486,46.37737706174733,46.817825613680164,5249800
2013-07-25,46.417442321777344,46.48751363667684,46.26729114067855,46.3023267981283,5995400
2013-07-26,46.437469482421875,46.43746948242188,46.24227024774584,46.28731828114842,4213600
2013-07-29,46.337371826171875,46.41244934120399,46.25728812517735,46.34738037949567,3850100
2013-07-30,46.40243148803711,46.482515179571834,46.30733305898977,46.30733305898977,4239400
2013-07-31,46.537559509277344,46.552574242836506,46.187199178965464,46.292306132479155,4076500
2013-08-01,46.096466064453125,46.569247714548624,46.07634712485188,46.48374509921486,4616600
2013-08-02,46.378135681152344,46.403285321559245,46.17695006978621,46.25239515371055,4309400
2013-08-05,46.14175796508789,46.36306259369235,46.12163901364225,46.36306259369235,2231000
2013-08-06,46.096466064453125,46.23729480436648,45.95060663031562,46.23729480436648,3398800
2013-08-07,45.95060729980469,46.041140610681666,45.91540011431339,45.995872036595465,2253300
2013-08-08,46.05120086669922,46.06628911318232,45.960667550504965,45.980786491580986,2857100
2013-08-09,46.05622100830078,46.106516430818665,45.82988968832291,45.985806649316785,1765600
2013-08-12,46.01599884033203,46.13168180517031,45.980791648824045,45.99085303913837,3840800
2013-08-13,46.01599884033203,46.05623672699718,45.9204386561224,46.01097198247094,2290500
2013-08-14,45.92544174194336,46.015975021429846,45.90029595376573,45.985798540699044,4605800
2013-08-15,45.689083099365234,45.81482364576898,45.64381834456241,45.76955889096617,6446100
2013-08-16,45.533145904541016,45.81983407001032,45.477819781617534,45.75445039623496,6922400
2013-08-19,45.231380462646484,45.58345238726774,45.16599677301573,45.553275890099115,6536300
2013-08-20,45.648841857910156,45.69913730109816,45.407418358392846,45.41747974940825,4208300
2013-08-21,45.48284149169922,45.65887737655009,45.45266500780892,45.60355126455489,3098100
2013-08-22,45.72929763793945,45.72929763793945,45.513023855099625,45.553261730347735,4049900
2013-08-23,45.92043685913086,45.9506133543008,45.69410163346858,45.71925127097414,3370400
2013-08-26,45.92544174194336,45.96567960778049,45.83490846245687,45.93047243449652,2365400
2013-08-27,45.62872314453125,45.83493561383656,45.623692448998035,45.79470156145995,3578500
2013-08-28,45.79972457885742,45.81481282689537,45.598542821956755,45.64883826118192,3860600
2013-08-29,45.98583984375,46.02104704865598,45.679032556441825,45.72430115549096,4012900
2013-08-30,45.945587158203125,46.06629698799835,45.86511521743841,46.00594399174889,2486900
2013-09-03,45.7028923034668,46.102331699481674,45.66244186543757,45.98098424296009,9986800
2013-09-04,45.87479782104492,45.930412342994046,45.76356106201567,45.77367174121582,3507400
2013-09-05,45.6422004699707,45.834338053729304,45.6422004699707,45.79388763003647,3622300
2013-09-06,45.79389572143555,46.06187307501167,45.71805212800173,45.905132477463084,4713800
2013-09-09,45.910194396972656,46.01131662675239,45.86468669327572,45.874801230793175,4227400
2013-09-10,46.071983337402344,46.07703674761449,45.9455786459277,45.950632056139845,5287100
2013-09-11,46.13268280029297,46.142797341916136,45.960774168372694,46.00627803297487,3514200
2013-09-12,46.077030181884766,46.16804170108046,46.06186223827957,46.107369926659665,3594500
2013-09-13,46.04164505004883,46.17310701347437,46.00119847924227,46.13265658510264,2789300
2013-09-16,46.2944450378418,46.42084970765466,46.23882667451899,46.370288611242394,4331300
2013-09-17,46.446136474609375,46.506812110446994,46.319731793121235,46.35006768225767,5978600
2013-09-18,46.89107894897461,46.961865261073264,46.370292285292514,46.43602133007992,7476300
2013-09-19,46.754581451416016,47.01750158856064,46.719188281847195,47.01750158856064,5821100
2013-09-20,46.69895553588867,46.76468459518962,46.658505103596305,46.739405968181046,4033900
2013-09-23,46.69389724731445,46.749515626109954,46.62816818944952,46.693897247314446,6564600
2013-09-24,46.5927848815918,46.724246882693755,46.54727717224,46.653456683972486,7947700
2013-09-25,46.51186752319336,46.64838674531572,46.491642310376534,46.587711106865235,3535700
2013-09-26,46.48656463623047,46.582629525012266,46.40060656223439,46.57251885266367,4751200
2013-09-27,46.4360237121582,46.486588672735145,46.31973356098697,46.45119551487022,6779700
2013-09-30,46.30457305908203,46.49164955605479,46.26412262714422,46.309626469900124,6248900
2013-10-01,46.50527572631836,46.51543965310638,46.26647384002959,46.31728572116512,5743900
2013-10-02,46.52559280395508,46.52559280395508,46.36300488707838,46.46970284411606,2765700
2013-10-03,46.55606460571289,46.586552497150166,46.45444863799047,46.566228528325546,3169700
2013-10-04,46.63736343383789,46.678011374060745,46.51034152794218,46.54082554490885,2048300
2013-10-07,46.51544189453125,46.622139872533175,46.469711974586154,46.469711974586154,2391700
2013-10-08,46.49510192871094,46.672931830899415,46.48493800492808,46.61704187929716,2944700
2013-10-09,46.535789489746094,46.63232747390759,46.495145385829716,46.63232747390759,2973700
2013-10-10,46.749141693115234,46.79486771696296,46.65260380756898,46.65260380756898,2899500
2013-10-11,46.83554458618164,46.866028620910186,46.74917057018199,46.82538453340653,3293900
2013-10-14,46.90665817260742,46.952388083153124,46.74407025720365,46.74407025720365,1003900
2013-10-15,46.89143371582031,46.94732369607637,46.76949370271762,46.94732369607637,2310100
2013-10-16,47.14037322998047,47.14545519205425,46.90665336780336,46.91173532987713,6949700
2013-10-17,47.369049072265625,47.379209127318575,47.115005055497164,47.125165110550114,7277900
2013-10-18,47.46554183959961,47.506189777231796,47.37916787943171,47.39440988694361,2873800
2013-10-21,47.35886001586914,47.48588195686538,47.35886001586914,47.48079999383297,2471400
2013-10-22,47.50113296508789,47.562104903817364,47.43508293876634,47.44524299035322,5488400
2013-10-23,47.541778564453125,47.5519386155357,47.41475660570698,47.541778564453125,2434200
2013-10-24,47.55701446533203,47.60274438033092,47.48588248769114,47.55701446533203,2284400
2013-10-25,47.572208404541016,47.60777435742062,47.531564370105855,47.57729036249471,2026000
2013-10-28,47.56208419799805,47.60781022483659,47.546842189051866,47.58240816872664,1697900
2013-10-29,47.63832473754883,47.65356675501165,47.541786791746674,47.55194684458748,1864600
2013-10-30,47.44522476196289,47.67386653705252,47.409658780469115,47.63830055555874,3691100
2013-10-31,47.470611572265625,47.52650150301223,47.36391367076749,47.475693532260685,5846500
2013-11-01,47.38893127441406,47.61357300599055,47.3787220571429,47.48082981049889,7882000
2013-11-04,47.47063446044922,47.521688352041174,47.44510556707211,47.521688352041174,2025500
2013-11-05,47.34300994873047,47.44001119913111,47.34300994873047,47.44001119913111,2770300
2013-11-06,47.4808235168457,47.48593007238495,47.38892499294216,47.42466309139572,4936700
2013-11-07,47.51145553588867,47.55230019029081,47.439979338265246,47.53187786308974,4802700
2013-11-08,47.429786682128906,47.46041823604505,47.30725657130232,47.322572348260394,4191100
2013-11-11,47.2510986328125,47.45021153415632,47.24088551752388,47.45021153415632,1607600
2013-11-12,47.18471145629883,47.27150343540189,47.15918646576556,47.25618766204971,2148900
2013-11-13,47.363399505615234,47.36850606152055,47.133655126967625,47.1591840113333,2795100
2013-11-14,47.50123596191406,47.506342516390966,47.30212318407227,47.353177043362,4216800
2013-11-15,47.572723388671875,47.572723388671875,47.46040253458943,47.51145640594671,2990600
2013-11-18,47.43490982055664,47.60849388030777,47.394065137616366,47.59828465715438,3694600
2013-11-19,47.41447448730469,47.48595071528368,47.373629815556036,47.41957714990155,1415800
2013-11-20,47.3685188293457,47.5165778292209,47.312358384732285,47.3940477205925,2470600
2013-11-21,47.531898498535156,47.531898498535156,47.358314484707456,47.394052599034474,1895800
2013-11-22,47.567630767822266,47.582946544200105,47.47573221439339,47.51147032432896,1649200
2013-11-25,47.63911056518555,47.65442634271353,47.51147389223613,47.58295011747483,2813900
2013-11-26,47.67484664916992,47.700375540738364,47.557423096343804,47.59316120744245,2835300
2013-11-27,47.64421463012695,47.80758940714837,47.63400541069647,47.80758940714837,1845300
2013-11-29,47.69526290893555,47.710578683861215,47.63910247076713,47.64931558415855,958700
2013-12-02,47.710636138916016,47.72602604046058,47.63368271717955,47.654203890576845,5748100
2013-12-03,47.66449737548828,47.71066711009287,47.5875439037978,47.63884491358606,2710300
2013-12-04,47.54136276245117,47.64396867987272,47.47467185163882,47.58240512941979,3076100
2013-12-05,47.50544357299805,47.58752829294471,47.474663760025486,47.541354659471,5354700
2013-12-06,47.638832092285156,47.700395635871836,47.5310988265198,47.62344218489227,2487900
2013-12-09,47.81327438354492,47.838926848265906,47.659371337268766,47.73632481741514,4313000
2013-12-10,47.81327438354492,47.8337955725184,47.75684209237202,47.81327438354492,1473200
2013-12-11,47.66962432861328,47.813268720397325,47.602933407861016,47.813268720397325,3586600
2013-12-12,47.582393646240234,47.715779349690166,47.582393646240234,47.6747369926264,4268800
2013-12-13,47.659358978271484,47.69527007115847,47.60292670173257,47.638837794619555,3523200
2013-12-16,47.70039749145508,47.73117730743822,47.6439652194758,47.6439652194758,3108500
2013-12-17,47.70553970336914,47.75171335573413,47.649107413821085,47.75171335573413,2799900
2013-12-18,47.78759765625,47.85428854557896,47.58238980152681,47.71064422147702,4893500
2013-12-19,47.736305236816406,47.75682250335746,47.66448306187775,47.71065278261761,5775500
2013-12-20,47.76709747314453,47.76709747314454,47.67475409363465,47.73631765131324,12743900
2013-12-23,47.803009033203125,47.87996250254311,47.7157969278253,47.75683538599272,5525100
2013-12-24,47.77734375,47.81838611116885,47.76195384306542,47.76195384306542,1281600
2013-12-26,47.82220458984375,47.83251492467752,47.750020444784774,47.750020444784774,1577400
2013-12-27,47.81705856323242,47.83768317143183,47.7706561450901,47.83768317143183,1357300
2013-12-30,47.858299255371094,47.884080994463694,47.78095797183438,47.83251751627849,1888600
2013-12-31,47.88923263549805,47.93048184320626,47.83251595833451,47.873765166042716,2413400
2014-01-02,47.97173309326172,47.97689022788004,47.80158305452713,47.8789243388375,7412500
2014-01-03,47.95624542236328,48.00780494560455,47.92015336272045,47.94593115747135,1903300
2014-01-06,48.05939483642578,48.06970910783505,47.98205353582403,48.02845988968186,2622700
2014-01-07,48.05939483642578,48.11095439224629,48.0336170253865,48.06970910783505,3953000
2014-01-08,48.02843475341797,48.10061888053664,48.0129672881411,48.05936968397172,4540500
2014-01-09,48.100643157958984,48.10580029356749,48.04908360309957,48.08001854926684,3036600
2014-01-10,48.24501419067383,48.24501419067383,48.13158080337656,48.16251968502079,2423900
2014-01-13,48.19343948364258,48.26562362855167,48.16250454546464,48.23468869037374,4716600
2014-01-14,48.265625,48.30171707348009,48.19859798746297,48.19859798746297,2636100
2014-01-15,48.36355972290039,48.36355972290039,48.26559390068845,48.31199627937509,1797400
2014-01-16,48.34296417236328,48.37905624426881,48.327496703509595,48.35843164121697,1269800
2014-01-17,48.35329818725586,48.41001488998931,48.3223632343986,48.379079937132055,2192300
2014-01-21,48.4151611328125,48.4409389431457,48.373911915789165,48.4151611328125,2056000
2014-01-22,48.34296417236328,48.43577291922619,48.327496703509595,48.430615785028024,3235400
2014-01-23,48.281097412109375,48.36874903757101,48.250162469885595,48.35328156645912,4989500
2014-01-24,47.961402893066406,48.19342666892802,47.945935428090266,48.1882695360227,7575400
2014-01-27,47.945960998535156,48.06455151616509,47.92533638965422,48.028459434058924,5482900
2014-01-28,48.157379150390625,48.198628384308016,47.9717615315058,48.00785362774766,5393600
2014-01-29,48.01299285888672,48.08517702444921,48.00267858738237,48.08001988869703,5781700
2014-01-30,48.095489501953125,48.17283080670867,48.05939741756617,48.10580377391636,3940200
2014-01-31,48.080020904541016,48.14189473364843,48.012993873314535,48.018147075433596,7756900
2014-02-03,47.93596649169922,48.20023066882719,47.82715113288272,48.20023066882719,16150600
2014-02-04,47.992958068847656,48.08622892657282,47.97223077231678,48.06031881757733,5246900
2014-02-05,47.992958068847656,48.034408708581836,47.94632066332128,47.992958068847656,3893000
2014-02-06,48.16394805908203,48.17431368330367,48.013682087814054,48.07586001983465,3426100
2014-02-07,48.4074821472168,48.40748214721679,48.22094047027237,48.22094047027237,5193300
2014-02-10,48.43857955932617,48.469668523927645,48.35048757074346,48.407486641397576,5199700
2014-02-11,48.52149200439453,48.57849108353209,48.41785947141408,48.46449292525697,3950800
2014-02-12,48.44376754760742,48.562948523252494,48.428223062377164,48.53703841231682,2432100
2014-02-13,48.58366775512695,48.59402942578417,48.41785335132081,48.41785335132081,3078400
2014-02-14,48.661407470703125,48.682130817702486,48.54740929556508,48.55258815565077,2158700
2014-02-18,48.7287483215332,48.754654471361484,48.614750192974036,48.614750192974036,3734700
2014-02-19,48.60435485839844,48.80644087238899,48.59398924298541,48.76498631738479,7273600
2014-02-20,48.754676818847656,48.754676818847656,48.640682591364104,48.65104426537951,3756900
2014-02-21,48.7961311340332,48.827224062553235,48.75985934520024,48.75985934520024,2574600
2014-02-24,48.904964447021484,48.93605738695159,48.837603658277814,48.837603658277814,3531600
2014-02-25,48.96194076538086,48.97748525144472,48.90494168092799,48.91530730718929,2979500
2014-02-26,49.044837951660156,49.044837951660156,48.967111587047036,49.00338336342287,2722100
2014-02-27,49.13807678222656,49.14325563738656,49.04480599612757,49.04480599612757,4377300
2014-02-28,49.18991470336914,49.23654814032504,49.081099397145735,49.13291564487217,3919300
2014-03-03,49.1446418762207,49.20712854899631,49.00405182835651,49.139437633017955,9488700
2014-03-04,49.3216667175293,49.33728738661022,49.19669739217869,49.26438828243043,9313600
2014-03-05,49.23317337036133,49.31127675768823,49.20713625944879,49.30607251367001,4531600
2014-03-06,49.16024398803711,49.29562575793247,49.13941510666023,49.27479687655559,4075500
2014-03-07,48.97279739379883,49.14462874578866,48.951968508438675,49.108179189584305,4552000
2014-03-10,48.977989196777344,48.99360986365439,48.905090102882674,48.96757674309353,1908200
2014-03-11,48.925926208496094,49.030070624227925,48.91551375327454,49.019654196303115,1618500
2014-03-12,49.00920867919922,49.01962112739648,48.931101413267754,48.93630962371667,2595000
2014-03-13,48.87907028198242,49.0404891805698,48.85824139624474,49.0404891805698,4829700
2014-03-14,48.84260940551758,48.95195805077034,48.81136409780049,48.88947140803898,4088200
2014-03-17,48.910335540771484,48.951993332616986,48.86867774892598,48.89992307916295,2943100
2014-03-18,49.056114196777344,49.066530626920674,48.91031595640341,48.9623861890078,2903500
2014-03-19,48.80615234375,49.097748686201555,48.707216167831554,49.045678478292665,9983600
2014-03-20,48.97279739379883,48.98320985012707,48.77492496922921,48.894690066874176,4872300
2014-03-21,48.94153594970703,49.03005967648877,48.92591528401095,48.95195237530599,6106500
2014-03-24,48.957149505615234,49.05087745888247,48.92590817876008,49.05087745888247,5986100
2014-03-25,49.056114196777344,49.09777197194249,48.99362753402961,48.99362753402961,3468800
2014-03-26,49.0665397644043,49.129022466083846,49.03009019752294,49.129022466083846,3887200
2014-03-27,48.99359893798828,49.07170622765811,48.983186486626465,49.03525668883909,2255400
2014-03-28,49.07694625854492,49.1290164945171,49.035288480685445,49.06653380043223,2732600
2014-03-31,49.149864196777344,49.2019344526807,49.12382708247273,49.18110555577818,2641400
2014-04-01,49.24136734008789,49.24136734008788,49.1628900767875,49.20474514941696,4514900
2014-04-02,49.18906021118164,49.25184283762163,49.16813666055551,49.25184283762163,2285900
2014-04-03,49.209991455078125,49.25707942633038,49.199529678978095,49.230918998799034,2812400
2014-04-04,49.32511901855469,49.36697412981442,49.25710745639996,49.272802125241576,4555000
2014-04-07,49.220455169677734,49.33555465958142,49.21522228608556,49.31985600880492,1520900
2014-04-08,49.335567474365234,49.33556747436524,49.220467954564754,49.257090166181115,2804400
2014-04-09,49.41404342651367,49.41927631174416,49.28324923640482,49.335570105665894,4383400
2014-04-10,49.27277755737305,49.44019392741349,49.27277755737304,49.44019392741349,3226900
2014-04-11,49.063499450683594,49.29369842512633,49.05826656721338,49.29369842512633,7228500
2014-04-14,49.220455169677734,49.251844488189406,49.09488991258971,49.09488991258971,3355800
2014-04-15,49.27277755737305,49.29370510256824,49.17860559975522,49.29370510256824,3104900
2014-04-16,49.29895782470703,49.3094196057539,49.23094227757283,49.29372493842223,3450100
2014-04-17,49.24136734008789,49.3093788394712,49.23090157617081,49.272756648800275,2443800
2014-04-21,49.24136734008789,49.3250734938274,49.23090157617081,49.30414595751267,1682200
2014-04-22,49.2936897277832,49.319846157478125,49.241372876873484,49.30938438390413,2442800
2014-04-23,49.30943298339844,49.40883789216452,49.28327253639984,49.30420009569396,1591300
2014-04-24,49.319889068603516,49.387904626331455,49.257110389498756,49.30942728592717,1021700
2014-04-25,49.304176330566406,49.34603142898004,49.26232522367466,49.34079854379787,1195400
2014-04-28,49.2936897277832,49.33554480511892,49.24660176790055,49.314617266451066,1903900
2014-04-29,49.366943359375,49.37740513490755,49.27800429702616,49.36694335937499,1775300
2014-04-30,49.35649490356445,49.398350003416105,49.28325047458508,49.36696067428838,4393100
2014-05-01,49.30549621582031,49.426370546259484,49.30549621582031,49.40534874924842,7322200
2014-05-02,49.42111587524414,49.42111587524414,49.31075444408315,49.42111587524414,2146000
2014-05-05,49.400142669677734,49.44218630657068,49.268759311513705,49.279268215985994,3541300
2014-05-06,49.41061019897461,49.47893205409016,49.38959240762979,49.47893205409016,2567800
2014-05-07,49.48420715332031,49.53675967048228,49.426398181592134,49.44741598085688,1578600
2014-05-08,49.47367858886719,49.56301824072214,49.447400333851604,49.541996438609424,4522400
2014-05-09,49.52097702026367,49.55776417037854,49.473676964688195,49.48418987014881,1736600
2014-05-12,49.57351303100586,49.59978726692134,49.51570409869556,49.59978726692134,1123000
2014-05-13,49.65235137939453,49.72592566644725,49.53147704523767,49.54198593931752,1933600
2014-05-14,49.67864227294922,49.71017297525662,49.60506796123242,49.61032441478341,1721400
2014-05-15,49.63134765625,49.715430868003594,49.578791138217184,49.715430868003594,4240700
2014-05-16,49.731178283691406,49.741691187306174,49.5997950549925,49.66286044818724,3185000
2014-05-19,49.80475997924805,49.846803580965016,49.66812428791573,49.71542033272341,7351000
2014-05-20,49.741737365722656,49.81005526465067,49.736480909035365,49.80479880796339,4217800
2014-05-21,49.736446380615234,49.80476423211511,49.66287207607726,49.78374643896045,2925900
2014-05-22,49.773258209228516,49.783771120516775,49.71019277000159,49.74698395000962,1950900
2014-05-23,49.78901672363281,49.841569244348634,49.74697711276034,49.74697711276034,2289100
2014-05-27,49.83628845214844,49.84679734651403,49.77847950939254,49.80475375005555,4384700
2014-05-28,49.852054595947266,49.87307639451279,49.82577634536582,49.84679814393135,3904400
2014-05-29,49.89936828613281,49.92564654600947,49.84155932200378,49.87309403575568,4734800
2014-05-30,49.9519157409668,49.96242463731066,49.888850334407195,49.91512858951506,4445800
2014-06-02,49.79301834106445,50.020022297293856,49.78773805528853,50.020022297293856,5722500
2014-06-03,49.79829788208008,49.85108865601597,49.78773731068617,49.84053211229994,2978300
2014-06-04,49.79829788208008,49.83525182660299,49.761343937557164,49.78773731068617,2527200
2014-06-05,49.919700622558594,49.93553744701086,49.798282283306804,49.8457927566636,2034100
2014-06-06,50.062255859375,50.104490089662306,49.93555316851309,49.94083345421847,3059100
2014-06-09,50.12031173706055,50.141428845807575,50.03584330207243,50.136148561701646,2906800
2014-06-10,50.09390640258789,50.151977435516784,50.0252788307974,50.0252788307974,2091000
2014-06-11,50.099212646484375,50.109769190816216,50.03586129745899,50.088652074474425,1699500
2014-06-12,50.067543029785156,50.11505755613379,50.051706196895196,50.051706196895196,1354000
2014-06-13,50.12558364868164,50.141424499626346,50.062236355608064,50.141424499626346,1276500
2014-06-16,50.099212646484375,50.152003423499806,50.0939323604794,50.109769190816216,1869500
2014-06-17,50.062255859375,50.152000577977105,50.035858458525965,50.093929518251535,7251700
2014-06-18,50.28927230834961,50.31566568807894,50.067544558085736,50.067544558085736,4284800
2014-06-19,50.2786979675293,50.315651911175124,50.231187480418,50.294534796566396,2882500
2014-06-20,50.326236724853516,50.36319068630035,50.27872218717632,50.28928276340669,2372300
2014-06-23,50.320919036865234,50.3789900799331,50.30508221196977,50.33147557756997,1551000
2014-06-24,50.2786979675293,50.368446711535825,50.2786979675293,50.294534796566396,1839300
2014-06-25,50.35261154174805,50.36317211408404,50.28398393227709,50.31038133543882,2385000
2014-06-26,50.299808502197266,50.35787955285529,50.25757427850466,50.3314821561281,1806400
2014-06-27,50.299808502197266,50.326205898924464,50.25229802130103,50.315645329162685,1702700
2014-06-30,50.257568359375,50.320919687452644,50.210057884074345,50.210057884074345,2647600
2014-07-01,50.27081298828125,50.387463557925294,50.25490682793167,50.33444167498992,3472700
2014-07-02,50.30263900756836,50.371567064080885,50.27082263545316,50.30263900756836,2819400
2014-07-03,50.22842025756836,50.32386130744137,50.212510044829386,50.29734833152192,2776100
2014-07-07,50.19130325317383,50.26553472950237,50.1859998490612,50.21250877900022,1941300
2014-07-08,50.20188903808594,50.254910925344326,50.19128627875854,50.23370136137883,2035300
2014-07-09,50.16478729248047,50.26553173806452,50.148881126401264,50.2390187643913,3945400
2014-07-10,50.01103591918945,50.127686565780294,49.995129748347615,50.127686565780294,6011600
2014-07-11,50.09585952758789,50.12236845610974,50.01632465139864,50.01632465139864,2071400
2014-07-14,50.07991027832031,50.26549285986907,50.074610923933946,50.26549285986907,2632700
2014-07-15,50.000423431396484,50.111770650951456,49.99512002704275,50.085257674495026,2888400
2014-07-16,49.920902252197266,50.05876248605564,49.9102954405779,50.05876248605564,4264900
2014-07-17,49.570919036865234,49.915567381601896,49.56561967970941,49.89966121951281,5767800
2014-07-18,49.777732849121094,49.830758810451755,49.655782846811505,49.71940752790768,1994800
2014-07-21,49.692893981933594,49.777728230628334,49.645171430226384,49.7618220618301,3111700
2014-07-22,49.761810302734375,49.84134517324335,49.71409180761592,49.71939116575471,3707100
2014-07-23,49.85728454589844,49.88379753549768,49.80426261201419,49.820168787648036,1995900
2014-07-24,49.94740676879883,49.99512932623445,49.836059528533056,49.87847868062849,3089100
2014-07-25,49.862525939941406,49.96327032074784,49.8466197840897,49.93675736412218,3072300
2014-07-28,49.7140998840332,49.86256284226935,49.703493075409355,49.84665667464579,5355100
2014-07-29,49.645179748535156,49.84136530231446,49.63457698266395,49.7459242282209,3877100
2014-07-30,49.438385009765625,49.71940478996627,49.36415352236594,49.69819926097721,5415100
2014-07-31,49.0354118347168,49.29522202260504,49.01420226188537,49.22099054035126,7460000
2014-08-01,49.03062438964844,49.1957631739371,48.647072574554656,49.04127680039909,10942000
2014-08-04,49.328948974609375,49.34492962555561,49.02530441386584,49.041285064812065,7020400
2014-08-05,49.233028411865234,49.34489695868567,49.158449380651604,49.334244553191894,3612500
2014-08-06,49.3502311706543,49.398177161814296,49.195744854643216,49.21172549694559,4167700
2014-08-07,49.3821907043457,49.515368137814,49.36621006260994,49.37686653326893,3833900
2014-08-08,49.53668212890625,49.57397165155693,49.27565547035149,49.27565547035149,3426300
2014-08-11,49.77109909057617,49.80306039234443,49.53670537292879,49.605960279100096,6908300
2014-08-12,49.760433197021484,49.84033642979482,49.71248719310353,49.79239449013082,4231700
2014-08-13,49.90427017211914,49.9149225832514,49.787073328391564,49.88828952329347,4960200
2014-08-14,50.00016403198242,50.053434222441496,49.92025671416629,49.925584952488705,4246600
2014-08-15,50.10136413574219,50.13332542689394,50.0054761980332,50.0853794259126,6051300
2014-08-18,50.24521255493164,50.255864967829304,50.08007373735903,50.11203504030722,5112800
2014-08-19,50.22922897338867,50.27717092501432,50.20259184631555,50.27184675100367,2747200
2014-08-20,50.266510009765625,50.330436665374435,50.16529382111525,50.24520112456269,2470000
2014-08-21,50.266510009765625,50.31978019064583,50.25585353503702,50.266510009765625,1869100
2014-08-22,50.14394760131836,50.29310968668053,50.122638731980906,50.261144350548726,3065500
2014-08-25,50.250518798828125,50.277151851542584,50.11734134249555,50.21322927362514,1958000
2014-08-26,50.287803649902344,50.32509317163936,50.2398576566673,50.250514128165335,1562400
2014-08-27,50.23986053466797,50.33042429057701,50.234536362867004,50.32509605452276,3685200
2014-08-28,50.16530227661133,50.282499132854184,50.14399338781673,50.223900704732756,1815400
2014-08-29,50.20257568359375,50.22388456554085,50.13865310200609,50.20257568359374,2046000
2014-09-02,50.26144790649414,50.293559785635864,50.170473095173605,50.18117433296515,4484800
2014-09-03,50.133026123046875,50.26146142550885,50.1276734612696,50.26146142550885,3200200
2014-09-04,49.96711730957031,50.181174730163875,49.908250294042006,50.159772254411386,4754500
2014-09-05,49.90823745727539,50.00991348104043,49.90288479827221,49.9724530337833,4752700
2014-09-08,49.86007308959961,49.9564005399441,49.8119114058687,49.89753353790677,2549200
2014-09-09,49.629974365234375,49.84403589135805,49.6139204652798,49.84403589135805,4647900
2014-09-10,49.65140151977539,49.67280808955484,49.528318847150665,49.635347613162224,3290600
2014-09-11,49.65140151977539,49.683509333001716,49.544372753763824,49.59788713676961,2822400
2014-09-12,49.59251022338867,49.662082561873184,49.51223664669007,49.60856412215164,5372500
2014-09-15,49.501529693603516,49.640670271625275,49.48547579669393,49.63531761169433,3592400
2014-09-16,49.603233337402344,49.694208184948124,49.46409269340661,49.474793935459275,5132200
2014-09-17,49.76374816894531,49.81726251454978,49.64066558234331,49.69953258737309,4399300
2014-09-18,49.779823303222656,49.81193519059237,49.72096035596148,49.75842082215565,3640300
2014-09-19,49.85475158691406,49.870805490209094,49.77982656672913,49.82263969743913,6000600
2014-09-22,49.76374816894531,49.89753607439792,49.72093914219145,49.854727047644054,4355300
2014-09-23,49.51222610473633,49.7262875693942,49.469417078111036,49.656719328605604,3573100
2014-09-24,49.36239242553711,49.501533012888835,49.26606495473723,49.501533012888835,6342700
2014-09-25,49.02524948120117,49.287472681250385,48.966382465267976,49.287472681250385,7348000
2014-09-26,48.99312210083008,49.089449535408946,48.67202793031252,48.81652112362181,11842500
2014-09-29,48.89144515991211,48.89679781853434,48.63992328213648,48.72019682994095,6289400
2014-09-30,49.20719528198242,49.25000839622145,48.993137876553824,49.04129956791027,6905400
2014-10-01,49.26145935058594,49.390443035268,49.186214425844206,49.30982669472268,9996600
2014-10-02,49.35823059082031,49.3797285709071,49.12176101050654,49.23999785082365,6197300
2014-10-03,49.52482223510742,49.67530394472335,49.4280834074516,49.49794874396784,6371600
2014-10-06,49.57856369018555,49.68067803319422,49.519445291635144,49.605437180551704,4213800
2014-10-07,49.39047622680664,49.55708043566273,49.34210474984574,49.5140844784353,4994200
2014-10-08,49.626895904541016,49.64839386154437,49.29906333610898,49.37967554947651,7589400
2014-10-09,49.10024642944336,49.56781811252224,49.05187496552254,49.524822166885755,7177500
2014-10-10,48.70256423950195,49.07339314745176,48.64344581498575,49.00352778226023,14239800
2014-10-13,48.46070098876953,48.88527677811905,48.449954051206056,48.664929705351575,7908500
2014-10-14,48.6219482421875,48.78317695559779,48.48758893085188,48.63807070349645,11695300
2014-10-15,48.63266372680664,48.63266372680664,47.94474515377293,48.48218205149528,11711300
2014-10-16,48.906761169433594,48.9605040429627,48.28870787305289,48.363948716057315,12623100
2014-10-17,49.32058334350586,49.57317934683142,49.121734311344376,49.30446089228393,13575900
2014-10-20,49.67534637451172,49.71296683404891,49.29914177913984,49.35288470700402,7331400
2014-10-21,50.078399658203125,50.08914659831927,49.77743613110473,49.77743613110473,7453700
2014-10-22,49.75054931640625,50.089133193782274,49.68605539200725,50.067639319302046,8363900
2014-10-23,49.729068756103516,51.013543472874666,49.718321815099955,49.911799555731,9482300
2014-10-24,49.86876678466797,49.93863210042812,49.68603611990765,49.68603611990765,5764300
2014-10-27,49.66453552246094,49.8472620621375,49.6269110110151,49.83651513052247,4911400
2014-10-28,49.74518966674805,49.825806072884234,49.648450799448774,49.73444272607957,6024200
2014-10-29,49.70756149291992,49.80967586483197,49.55707974504117,49.78280236685929,5320700
2014-10-30,49.686038970947266,51.02963119947821,49.653794069564306,49.71291245564511,3341700
2014-10-31,49.729068756103516,49.87955053207858,49.712946294437735,49.87955053207858,5065400
2014-11-03,49.83375549316406,49.93631761664157,49.758184702696184,49.77977694544404,4936200
2014-11-04,49.67723846435547,49.81758604986112,49.639453051138695,49.81758604986112,5886200
2014-11-05,49.666404724121094,49.75816863744756,49.612426193828924,49.74737457870828,4399300
2014-11-06,49.795982360839844,49.80677642572235,49.69881930369644,49.7042183952878,3747700
2014-11-07,49.844539642333984,49.866131880787584,49.73658256836437,49.79596019453717,3456300
2014-11-10,49.866180419921875,49.88777267939312,49.81760092483837,49.8283949954228,2680400
2014-11-11,49.979469299316406,49.99566656080567,49.795941518739845,49.86611317867261,2730700
2014-11-12,49.81760025024414,49.936355616576684,49.801407085435585,49.92016245176813,3218900
2014-11-13,49.61245346069336,49.86615310432893,49.55307580924882,49.86615310432893,5081300
2014-11-14,49.3641471862793,49.62864914465909,49.34255905583638,49.558473306668375,7868000
2014-11-17,49.35874557495117,49.48289584065354,49.31016199223735,49.40192594833037,5213700
2014-11-18,49.26161575317383,49.42355152874077,49.25621665849749,49.342585700108586,5227200
2014-11-19,49.25080871582031,49.26160690323307,49.045688456298066,49.175237877138336,7733300
2014-11-20,49.25615310668945,49.28314442694353,49.078020276925976,49.121204742013596,3274300
2014-11-21,49.52609634399414,49.66644392817501,49.407341012633495,49.45592461105428,7983000
2014-11-24,49.52067565917969,49.62863687620747,49.46129801938924,49.59085147982258,4569100
2014-11-25,49.601680755615234,49.63406708456562,49.4775304157706,49.49911855620269,4878500
2014-11-26,49.666404724121094,49.731177313152536,49.607027105310344,49.63401431130749,3055800
2014-11-28,49.1913948059082,49.472089815656226,49.14281535323959,49.439699395578344,5290500
2014-12-01,48.696311950683594,49.16808870104424,48.663772627146464,49.16808870104424,12432400
2014-12-02,48.962039947509766,48.978307545421124,48.73428530228586,48.83189502698645,6821200
2014-12-03,49.04338836669922,49.081347479106796,48.913239292245,48.978313829472114,7627000
2014-12-04,49.01081085205078,49.075885338587526,48.967431998256025,48.99996717290953,4581600
2014-12-05,48.97285079956055,49.016233789726066,48.82643837928897,48.945739533629336,5237400
2014-12-08,48.723453521728516,48.91324912190793,48.64211136815626,48.875290001872045,6770800
2014-12-09,48.696311950683594,48.73969082001441,48.38721526908375,48.43059413841456,9702100
2014-12-10,48.13776779174805,48.5336305090191,47.94797229876801,48.46313622226407,15409400
2014-12-11,47.964271545410156,48.213721943351366,47.676866161057156,48.056461534751115,12053000
2014-12-12,47.31349563598633,47.68766672481492,47.23215355529793,47.611748552767104,11563300
2014-12-15,47.286407470703125,47.50331843175327,46.88512488196146,47.4165565296727,14114000
2014-12-16,47.11830139160156,47.53585569747669,46.700751222958715,46.87427915680451,14875500
2014-12-17,48.078121185302734,48.25164908369592,47.118291765103315,47.15625086358834,16864000
2014-12-18,48.4631462097168,48.97288219059257,48.1106664288385,48.80477816748557,16638700
2014-12-19,48.92949676513672,48.97287564007566,48.544477703661535,48.59870853749077,9952800
2014-12-22,48.81018829345703,48.96744858627139,48.64208018059691,48.88610648485277,6622400
2014-12-23,48.98372268676758,49.02710569825191,48.77765545083284,48.93491576453978,5314400
2014-12-24,49.15038299560547,49.17761478668409,48.97066314645767,49.0033421267496,2285700
2014-12-26,48.997886657714844,49.28652531242612,48.95976464963953,49.20483410798266,1815500
2014-12-29,49.02511215209961,49.14492535939548,48.86718109337731,49.0251121520996,4717100
2014-12-30,48.92705535888672,48.99240911294471,48.829030960276754,48.8889333744324,3624300
2014-12-31,48.7963752746582,49.014217070412926,48.70924104934831,48.948863285190505,4185400
2015-01-02,48.7963752746582,48.976095067779845,48.736468676950985,48.84539165232167,3271900
2015-01-05,48.3443603515625,48.60032418212011,48.27901071311353,48.52408016727153,7523100
2015-01-06,48.159202575683594,48.447841255870614,48.110186186696346,48.25178400989686,9489700
2015-01-07,48.45872116088867,48.62209938041436,48.398814567233345,48.534965160997935,8353100
2015-01-08,48.823604583740234,48.92163317911419,48.458721983454126,48.63843761248433,8388600
2015-01-09,49.068687438964844,49.09047203890407,48.67112991628983,48.86173997202357,6766700
2015-01-12,49.008758544921875,49.10678712258366,48.81814857585333,49.10678712258366,8698500
2015-01-13,49.008758544921875,49.139466085128056,48.76368917826027,49.014205731176894,7738700
2015-01-14,48.8943977355957,48.92707254661079,48.66021856168665,48.74735693104171,7415500
2015-01-15,48.59489822387695,49.00335022765103,48.584003843649334,49.00335022765103,7061300
2015-01-16,48.7800407409668,48.850837562888735,48.64933731780826,48.654780350657475,7685500
2015-01-20,48.6928825378418,48.9270574846752,48.61119138046615,48.9270574846752,5915300
2015-01-21,48.95430374145508,48.965198114987494,48.63299035701234,48.6656651676374,6110700
2015-01-22,49.0196533203125,49.10678752618038,48.89439296533185,49.02509635162655,6940100
2015-01-23,49.0196533203125,49.090450122266766,48.97608413988569,49.0196533203125,5134500
2015-01-26,49.242942810058594,49.28106480783291,48.97608882563836,49.052332821186994,8252300
2015-01-27,49.204830169677734,49.248399362558644,49.01966733241424,49.0577893374383,8771100
2015-01-28,49.101356506347656,49.28651933597868,49.01966531181001,49.237507112248146,5622400
2015-01-29,49.275638580322266,49.29741902506149,49.0959187488171,49.19939040378481,4923200
2015-01-30,49.13948059082031,49.275631202486686,49.117695994355266,49.221167633830596,6383000
2015-02-02,49.32815933227539,49.3281593322754,49.147709459008404,49.22973250793572,4120600
2015-02-03,49.60699462890625,49.66714453646204,49.37733362107256,49.42107559504415,11682400
2015-02-04,49.39921188354492,49.56325787557778,49.377342978345894,49.56325787557778,8333900
2015-02-05,49.689002990722656,49.69446812844745,49.43199967438855,49.51402263072978,10172500
2015-02-06,49.72731399536133,49.80386769473793,49.63982166929452,49.79839838139283,6076700
2015-02-09,49.60699462890625,49.75463265626732,49.59605600651679,49.69448274871153,4672800
2015-02-10,49.7765007019043,49.7765007019043,49.69994704035809,49.70541635100044,6846600
2015-02-11,49.76009750366211,49.7765012639127,49.66714008100099,49.74916305411563,5688000
2015-02-12,49.75465393066406,49.83667694620859,49.727315706725136,49.83667694620859,3185400
2015-02-13,49.82573699951172,49.86401384629867,49.72731022607907,49.76558707286602,4676600
2015-02-17,49.79292297363281,49.913222821318705,49.776519207468965,49.89134974247916,6624200
2015-02-18,49.96242141723633,49.973355867031465,49.78197170665305,49.84212161018081,4744400
2015-02-19,49.84763717651367,49.93512537164377,49.836698544706366,49.907782963991174,2964800
2015-02-20,49.98429489135742,49.98976003036811,49.803845179320454,49.8421220117045,5470600
2015-02-23,50.0225944519043,50.0225944519043,49.907759730714275,50.00618651183163,4165700
2015-02-24,50.071815490722656,50.08821926212056,49.97338869047069,50.011665547687315,3689300
2015-02-25,50.23584747314453,50.252251239946354,50.07180146139948,50.10460899500314,9048500
2015-02-26,50.22487258911133,50.29049178081032,50.164722706352336,50.21940328017132,7928200
2015-02-27,50.23584747314453,50.27958946066161,50.20303576767749,50.252251239946354,4521800
2015-03-02,50.22648620605469,50.30336875015507,50.13862223699042,50.2814017104429,6933000
2015-03-03,50.08372116088867,50.19355640027956,50.03979125491829,50.149622304523206,10032000
2015-03-04,49.99034881591797,50.06174274678384,49.962893156941206,50.00133443133642,7832800
2015-03-05,50.08372116088867,50.08372116088867,49.995857159161936,50.067246922426534,6412500
2015-03-06,49.76521682739258,49.957423287621914,49.71578991488413,49.94643766715932,9271900
2015-03-09,49.66086196899414,49.83110133553286,49.633402114487964,49.825612716460064,9607500
2015-03-10,49.46866226196289,49.61144179334827,49.36981263804202,49.578493315303355,12447300
2015-03-11,49.60594940185547,49.6773391621202,49.4631656915402,49.61693083044012,9214800
2015-03-12,49.70479202270508,49.77618177292227,49.62241665566357,49.75421472905885,4469900
2015-03-13,49.534549713134766,49.64438493518566,49.408244445007874,49.62241789077548,6184500
2015-03-16,49.48515319824219,49.611458533223,49.45220470907981,49.57301723260438,4772600
2015-03-17,49.23799514770508,49.43569012791465,49.14463418036356,49.358807582893014,13059600
2015-03-18,49.67734146118164,49.68283427062108,49.14465206977855,49.23801307110492,11633900
2015-03-19,49.281959533691406,49.62244260696067,49.24901104555765,49.518100141487245,9226000
2015-03-20,49.66632080078125,49.68828783140128,49.40821342822425,49.479603135402336,9127300
2015-03-23,49.70479202270508,49.721266258156334,49.594956803388,49.660857934978246,5459200
2015-03-24,49.78169631958008,49.82013761568098,49.671861052301075,49.68833948473321,6767200
2015-03-25,49.649906158447266,49.88055397207626,49.644413346754845,49.81465280113038,5364600
2015-03-26,49.64437484741211,49.71576458489976,49.55101806997799,49.70478315981876,4876400
2015-03-27,49.682838439941406,49.732261159685805,49.616937290495855,49.638904340311036,3822000
2015-03-30,49.82011413574219,49.85855541372592,49.699297493569,49.70479030179098,4197700
2015-03-31,49.75969696044922,49.88600219858465,49.732237114010566,49.80363103883733,4498400
2015-04-01,49.8622932434082,49.88435915106942,49.702318569345564,49.840227335746995,9298200
2015-04-02,49.90092468261719,49.97263575068496,49.840244467850994,49.90092468261719,4774400
2015-04-06,50.02781677246094,50.09401032825144,49.85680693316569,49.85680693316569,5020700
2015-04-07,50.29258728027344,50.309135665228915,50.02780470369948,50.071932327366355,8659800
2015-04-08,50.281578063964844,50.36432423299319,50.20434942851039,50.314674848118194,7151900
2015-04-09,50.23192596435547,50.3422555866456,50.19882918199081,50.30364127100525,3415700
2015-04-10,50.34775924682617,50.35327677904275,50.226402998568965,50.226402998568965,3012700
2015-04-13,50.25399398803711,50.375354473303375,50.24296312966969,50.34777101441743,2866600
2015-04-14,50.27605438232422,50.30915116243028,50.16021144330852,50.27053684942505,2830000
2015-04-15,50.47465515136719,50.50775193912614,50.31468032945655,50.331228723336025,4438300
2015-04-16,50.36981964111328,50.44153492612933,50.34775372331168,50.44153492612933,5285400
2015-04-17,50.21535873413086,50.33120163759173,50.1988103491569,50.33120163759173,3901300
2015-04-20,50.32568359375,50.40842551085739,50.25948585142131,50.33119691579531,3641000
2015-04-21,50.35878372192383,50.46359576877953,50.33120027528505,50.46359576877953,3730700
2015-04-22,50.30913543701172,50.441530933341284,50.29810458330583,50.436013402166765,4031100
2015-04-23,50.29258728027344,50.397399329849016,50.24294212540701,50.34223664378304,4755200
2015-04-24,50.375335693359375,50.38636654761449,50.30362461909274,50.30362461909274,4221400
2015-04-27,50.39188003540039,50.4691086349191,50.34774820463454,50.447042719536185,5049600
2015-04-28,50.31467056274414,50.36983326784975,50.29260463897297,50.35328487718253,4697400
2015-04-29,50.22085189819336,50.30911131144541,50.154654181773466,50.19878599272006,8152700
2015-04-30,50.193294525146484,50.24294389040022,50.09400000328232,50.19881205653986,11463800
2015-05-01,50.30523681640625,50.31631662535927,50.20550162654412,50.23320748990852,8053700
2015-05-04,50.294166564941406,50.40498582145154,50.22767923835772,50.39390178213933,6683700
2015-05-05,50.22764587402344,50.29967517241688,50.138990527705744,50.24980971060287,12736900
2015-05-06,50.078025817871094,50.24979444234031,50.04478218676273,50.227630612495304,13677500
2015-05-07,50.07249450683594,50.188851458082084,50.01708281139781,50.03370885642056,8676400
2015-05-08,50.46593475341797,50.46593475341797,50.31079202347772,50.34403568637281,10319600
2015-05-11,50.15004348754883,50.45478654023328,50.133421677242744,50.42708493216213,5499200
2015-05-12,50.144561767578125,50.272002845351686,50.02820472821378,50.06699040800189,6569200
2015-05-13,50.07249450683594,50.29412437931306,50.05033067412446,50.21101529079356,4349000
2015-05-14,50.31629180908203,50.34953967418552,50.19439283411388,50.19439283411388,5147100
2015-05-15,50.427101135253906,50.46588678086958,50.31628198541031,50.36615165966951,8939400
2015-05-18,50.343994140625,50.421565441580384,50.28304465740022,50.421565441580384,2843700
2015-05-19,50.26641845703125,50.35506955297142,50.22209079540192,50.35506955297142,4743200
2015-05-20,50.20549774169922,50.34401859316019,50.20549774169922,50.27198927223601,2841700
2015-05-21,50.27751159667969,50.32738128607201,50.19994028190905,50.19994028190905,3709300
2015-05-22,50.31629180908203,50.338455643377976,50.24980453351333,50.27196836780927,3716900
2015-05-26,50.211029052734375,50.30522219708568,50.20548703620783,50.23873068072711,3951500
2015-05-27,50.321834564208984,50.36616223345249,50.24426325669245,50.29967072958723,3737800
2015-05-28,50.29965591430664,50.32736175625315,50.24979047158449,50.316277728547355,5440700
2015-05-29,50.371707916259766,50.4049515569531,50.28859458720691,50.28859458720691,4764000
2015-06-01,50.456302642822266,50.51751860257932,50.34499124759225,50.450736011536875,9372600
2015-06-02,50.36168670654297,50.506389396751715,50.27820422195733,50.506389396751715,5203700
2015-06-03,50.08899688720703,50.339440173204316,50.055605581366564,50.30604886736385,9532700
2015-06-04,49.92759323120117,50.094558234981626,49.92759323120118,50.050033667827314,11381700
2015-06-05,49.77730178833008,49.88304227175549,49.7160816024076,49.80512644350764,7747600
2015-06-08,49.77730178833008,49.871913258903305,49.7216439857866,49.82182208583301,6487800
2015-06-09,49.69383239746094,49.777314877133456,49.62704556450386,49.766181615259626,11416200
2015-06-10,49.76066207885742,49.79962003677155,49.677179527298854,49.70500421375241,5187500
2015-06-11,49.86080551147461,49.866372143795985,49.74393170930379,49.794022908003484,5202100
2015-06-12,49.677162170410156,49.82186068004936,49.66602890283947,49.76620708048833,5713500
2015-06-15,49.4433708190918,49.65486027326178,49.42667517715082,49.571377817462796,12726200
2015-06-16,49.7216682434082,49.72166824340821,49.42670042883674,49.42670042883674,5249800
2015-06-17,49.677162170410156,49.755078059015105,49.49906810415636,49.64376661379556,5660400
2015-06-18,49.86080551147461,49.91646334249568,49.69384475670045,49.69384475670045,6869900
2015-06-19,49.888633728027344,49.95542057665911,49.78845557812784,49.95542057665911,12585700
2015-06-22,49.98881912231445,50.08343065368169,49.88864095789712,50.02777706147137,5035400
2015-06-23,49.95542526245117,49.97768754741662,49.888638407554836,49.96098764912002,3474800
2015-06-24,49.82183837890625,49.972107701165044,49.82183837890625,49.922016511713586,2636900
2015-06-25,49.67158126831055,49.88863321651799,49.67158126831055,49.8496752834063,5176700
2015-06-26,49.52687454223633,49.71053517464104,49.50461226139067,49.67157724468512,6683200
2015-06-29,49.18737030029297,49.42112206962122,49.18180791599805,49.33763959815362,10156900
2015-06-30,49.42112350463867,49.454514795757326,49.29868310907694,49.398861228527906,4912700
2015-07-01,49.429508209228516,49.64752990603276,49.39596772204849,49.64752990603276,13614700
2015-07-02,49.61400604248047,49.66990829486675,49.4854270234304,49.55810379009419,5586300
2015-07-06,49.451881408691406,49.614000909386576,49.423932417924114,49.51896666365535,4719100
2015-07-07,49.49100112915039,49.54690336188371,49.26738793315016,49.379196663683764,8406300
2015-07-08,49.24504852294922,49.42952981320396,49.22827827202949,49.28977203544774,5744800
2015-07-09,49.356834411621094,49.60280935120656,49.3568344116211,49.44627713006413,6291000
2015-07-10,49.64193344116211,49.68106542395428,49.50776298724649,49.524533227719374,7097900
2015-07-13,49.68665313720703,49.72019788354074,49.597210432138475,49.70342764290703,6119200
2015-07-14,49.636348724365234,49.658710469741244,49.55249324547189,49.608395476378504,6354100
2015-07-15,49.636348724365234,49.697842457882565,49.55808474808259,49.63075722175452,5983300
2015-07-16,49.714622497558594,49.77052473948147,49.68666924406331,49.692260747775904,7523600
2015-07-17,49.580467224121094,49.74817398696277,49.530152209720555,49.74817398696277,7788400
2015-07-20,49.351253509521484,49.56368800845505,49.34566200558433,49.5580965045179,6740400
2015-07-21,49.261802673339844,49.373607143295544,49.25621117032191,49.31211340529977,4904800
2015-07-22,48.94315719604492,49.155587403467145,48.92638268632156,49.122046914155035,10578500
2015-07-23,48.915225982666016,49.032622013216105,48.915225982666016,48.92640472911731,4918400
2015-07-24,48.77544403076172,48.943154999931586,48.747490780877705,48.91520175004757,4702900
2015-07-27,48.568599700927734,48.78662139565904,48.52946771123409,48.641276442549504,11061700
2015-07-28,48.83134460449219,48.88724683729162,48.59655266769438,48.61891441382755,10471000
2015-07-29,49.116458892822266,49.1555908881496,48.83135191825591,48.83135191825591,8839500
2015-07-30,49.261802673339844,49.289751658295195,49.08850020032122,49.08850020032122,6127600
2015-07-31,49.17794418334961,49.32888063507364,49.1611739403877,49.200305928987774,5936500
2015-08-03,49.08584976196289,49.192543005381694,49.06338689904498,49.186926218563954,5416900
2015-08-04,49.11394500732422,49.20940900010178,49.10271571349646,49.136407879334485,3691400
2015-08-05,49.046546936035156,49.26555882482516,49.040934432380645,49.21501630145703,7778300
2015-08-06,48.8443717956543,49.04091646038291,48.83313822375417,48.984761453939356,10794800
2015-08-07,48.692745208740234,48.79382592711138,48.67589913640372,48.77136306921201,5483500
2015-08-10,48.83317184448242,48.83878863429955,48.704015669175874,48.72647425973372,3234500
2015-08-11,48.6085205078125,48.68713838436917,48.55236549375101,48.64782944609083,4598600
2015-08-12,48.541168212890625,48.56363109019791,48.31654372417358,48.44008740718574,6371900
2015-08-13,48.47938919067383,48.541161023030334,48.451309527109906,48.50185206465393,7422100
2015-08-14,48.50745391845703,48.58045931395039,48.45129888801503,48.45691567636549,3437900
2015-08-17,48.50745391845703,48.58045931395039,48.406373149919766,48.45691567636549,4153600
2015-08-18,48.445682525634766,48.51868792177005,48.395144283098865,48.44568252563477,5471300
2015-08-19,48.4007453918457,48.546747568109694,48.30527715739266,48.41197468065337,7208500
2015-08-20,48.164913177490234,48.27722754724662,48.09752883999153,48.23791858892067,11099100
2015-08-21,47.99080276489258,48.15365529107801,47.940264541776024,48.03011169987854,13158600
2015-08-24,47.597740173339844,47.945903997701244,46.85086570437912,47.06425657364433,19116200
2015-08-25,47.69318771362305,48.11997358923531,47.68195842305456,48.04696820530284,18194700
2015-08-26,48.091896057128906,48.181747523053296,47.83919630683553,47.87850525208903,10654800
2015-08-27,48.45127868652344,48.54674262690709,48.2154250863924,48.2154250863924,12772100
2015-08-28,48.49623107910156,48.57484898905223,48.32776168100457,48.417613169150904,9100000
2015-08-31,48.428810119628906,48.462506547356874,48.14241833222851,48.428810119628906,5408800
2015-09-01,48.27260208129883,48.37977132366293,48.19363345914963,48.340287012588334,4739100
2015-09-02,48.470008850097656,48.48693007775793,48.328992881640886,48.470008850097656,5259700
2015-09-03,48.53769302368164,48.63922468256532,48.43051952167514,48.50948811153296,8779000
2015-09-04,48.486915588378906,48.54896294023549,48.424868236522315,48.43051007854506,4671000
2015-09-08,48.75204849243164,48.75769033703205,48.644874962356305,48.70692234256134,5450300
2015-09-09,48.68998718261719,48.85920804448554,48.644861045656924,48.84792435851283,4914800
2015-09-10,48.80845260620117,48.84793691032084,48.66743661956429,48.66743661956429,4744100
2015-09-11,48.791534423828125,48.819739344303706,48.571549815211895,48.59411289089903,4834900
2015-09-14,48.70692825317383,48.75769625380527,48.63360147833623,48.71257009845889,4383100
2015-09-15,48.69564437866211,48.740770529850025,48.62231330711509,48.6505182274742,4247800
2015-09-16,48.52076721191406,48.63922439947674,48.47564537759034,48.52640905500404,5026700
2015-09-17,48.56025695800781,48.74076152942766,48.42488283290877,48.515135118618694,6576800
2015-09-18,48.42490005493164,48.537715452191165,48.33465204059141,48.41925820920183,10827600
2015-09-21,48.3346061706543,48.453058997763556,48.28948005457555,48.43049593972418,7579000
2015-09-22,47.984928131103516,48.334649388215915,47.92288074188249,48.142865375132615,7366900
2015-09-23,47.90031051635742,48.00748404601434,47.86646805582007,47.973641585477,7686000
2015-09-24,47.66342544555664,47.804441497170714,47.57881495389452,47.804441497170714,9167500
2015-09-25,47.420841217041016,47.81004659746296,47.4039199924079,47.71979432813291,8384200
2015-09-28,46.69321823120117,47.39265640120625,46.65937576758594,47.19523485767259,12416300
2015-09-29,46.687583923339844,46.86808426420582,46.60861529317771,46.653741454261095,11417600
2015-09-30,46.980873107910156,47.00907371504435,46.72140428356373,46.89062083676436,14539800
2015-10-01,46.67937088012695,46.97409059817255,46.65669946733424,46.90041174969361,12179800
2015-10-02,46.724693298339844,46.74169576947596,46.28261175228908,46.41296691375125,14060200
2015-10-05,47.28583526611328,47.30850668760676,46.93443471916162,46.9684440134676,13531400
2015-10-06,47.54650115966797,47.59751288652497,47.24611270147505,47.3141268959087,13985800
2015-10-07,48.03392791748047,48.079270716137074,47.72220158187541,47.80721824832472,18000700
2015-10-08,48.232303619384766,48.24930609009218,47.86956983053362,47.96025543981033,9466900
2015-10-09,48.23798751831055,48.515704715667006,48.16430868100799,48.30600174637158,9900600
2015-10-12,48.1473274230957,48.3173609213866,48.07931748308452,48.277687015002925,3867000
2015-10-13,48.03392791748047,48.1472805899947,47.96591371949556,48.05659931680877,7772600
2015-10-14,47.99995803833008,48.147315755398935,47.97161768743891,48.03963193509945,7748100
2015-10-15,48.113277435302734,48.14728237349118,47.954581958253414,48.073603566040404,8049200
2015-10-16,48.33430862426758,48.339977554220496,48.1132679214959,48.12460578140175,5978200
2015-10-19,48.464691162109375,48.4986961097773,48.220978947522404,48.26065282784453,10347000
2015-10-20,48.51001739501953,48.56669805898404,48.33998837550868,48.390995784123675,10294800
2015-10-21,48.459014892578125,48.612041458043635,48.32299079837234,48.54403157300474,14332200
2015-10-22,48.476009368896484,48.56102603530166,48.407999495074165,48.50434969907396,11805100
2015-10-23,48.64605712890625,48.79341478197538,48.50436408425079,48.68573100844464,13201700
2015-10-26,48.59503936767578,48.708396383842434,48.5610344248898,48.702727452002094,9354100
2015-10-27,48.436344146728516,48.561034703162335,48.36832993663877,48.55536577128951,5585800
2015-10-28,48.56670379638672,48.57803733604197,48.34566301802079,48.43634430764698,8637000
2015-10-29,48.44203186035156,48.561053531059166,48.41936044819825,48.430693992210045,6064500
2015-10-30,48.498687744140625,48.60637582535191,48.39666859460569,48.476016341563096,8803100
2015-11-02,48.64900588989258,48.671782162358454,48.46110490014642,48.50096229092926,5476000
2015-11-03,48.70026397705078,48.728735412278404,48.603468047886615,48.603468047886615,5873700
2015-11-04,48.55791091918945,48.723035670880684,48.53513464197714,48.723035670880684,6082100
2015-11-05,48.37004089355469,48.59210430854516,48.364350078702046,48.5408609100705,8529600
2015-11-06,48.13658142089844,48.22199141126435,48.02269998569971,48.18213399497793,8207700
2015-11-09,47.937286376953125,48.07963488920765,47.90311978000239,48.03408232269456,10127900
2015-11-10,47.829097747802734,47.93728400187822,47.75507808898519,47.88603628105712,9673000
2015-11-11,47.7152099609375,47.886025522322896,47.68673852864127,47.851863278871946,3943900
2015-11-12,47.396339416503906,47.64687408243592,47.38495345174791,47.52730190391292,11570600
2015-11-13,47.259700775146484,47.46468295736438,47.25400561893728,47.41913039595344,7487900
2015-11-16,47.48176956176758,47.51024100196817,47.15151996962092,47.208462850022094,8228200
2015-11-17,47.51594543457031,47.681070277974676,47.47039719897813,47.60135543552197,9106400
2015-11-18,47.60703659057617,47.635508030562974,47.48746436206886,47.48746436206886,7479000
2015-11-19,47.17996597290039,47.538682467714985,47.17427081910442,47.4475817276271,9428300
2015-11-20,47.168582916259766,47.37926019780155,47.1515017963756,47.191359190815376,9763700
2015-11-23,47.128746032714844,47.197074886119076,47.08319780791077,47.11166490539681,5138900
2015-11-24,47.19135665893555,47.20844212203324,47.01484597076231,47.06039851742958,9529200
2015-11-25,47.24260330200195,47.25398926634881,47.16857932929287,47.16857932929287,7132500
2015-11-27,47.316650390625,47.34512183421023,47.22554959059054,47.271097818541584,2259900
2015-11-30,47.288185119628906,47.345123664868595,47.25401851717906,47.31665222018248,5356300
2015-12-01,47.62459182739258,47.64747778755117,47.37285499574918,47.40145917215949,9849200
2015-12-02,47.52733612060547,47.73902800656857,47.504450157389094,47.59027142818771,11871300
2015-12-03,47.40143585205078,47.56163312929803,47.3270597919141,47.441485171362594,15290200
2015-12-04,47.292747497558594,47.44722224350615,47.201203673997256,47.37284616064988,14027900
2015-12-07,46.96091079711914,47.20120680231893,46.926579678483414,47.103944757126165,11989900
2015-12-08,46.37733840942383,46.69773750758063,46.32012568780503,46.58903028096931,25199100
2015-12-09,46.617645263671875,46.743511522598986,46.37162659818235,46.37734481559849,16703900
2015-12-10,46.42311096191406,46.66912959675495,46.34301227755199,46.49748706452143,14206800
2015-12-11,45.49623107910156,46.07981196492395,44.981312416969,46.07981196492395,54233300
2015-12-14,45.10145568847656,45.4905081167356,44.74673000343049,45.42757284414599,38540500
2015-12-15,45.83951950073242,46.028320987546834,45.633550274162594,45.65643622878697,36337800
2015-12-16,46.18851852416992,46.280057969401575,45.80518427493057,45.99399010984783,30575300
2015-12-17,45.67361831665039,46.234309156997526,45.656454934912404,46.17137384725736,17345300
2015-12-18,45.501956939697266,45.65071346162076,45.393249746939766,45.51912031433277,23548900
2015-12-21,45.35892868041992,45.71365447250991,45.2387806778693,45.59922468552118,14468700
2015-12-22,45.90819549560547,45.9196406610508,45.40471734230221,45.42760330814122,12569500
2015-12-23,46.199947357177734,46.28004598791204,46.0111415711406,46.06263604235436,12824900
2015-12-24,46.2943000793457,46.415082299385254,46.167765071278104,46.21377859931933,5284300
2015-12-28,46.018226623535156,46.156262816376476,45.94345354517372,46.15051002848141,7151600
2015-12-29,46.28276824951172,46.317276178650616,46.09871864728985,46.10447143150921,7485500
2015-12-30,46.31731033325195,46.380577842052794,46.11600661801834,46.225287658327396,13145300
2015-12-31,46.346031188964844,46.51857520591022,46.23675023990436,46.28851651664972,7935200
2016-01-04,46.06998062133789,46.104492954676985,45.82266344151275,46.0182187034653,14787700
2016-01-05,46.156272888183594,46.317315879655055,46.052744623938736,46.20803482625981,11491300
2016-01-06,46.156272888183594,46.20228642520184,45.972223128203005,45.972223128203005,11320100
2016-01-07,45.857154846191406,46.01244491702735,45.7938873833834,45.822642528603325,11004700
2016-01-08,45.73638153076172,46.13899317296008,45.72488034696861,46.03546496646221,17902100
2016-01-11,45.66737365722656,45.98370673002432,45.61560735085811,45.931944811746604,16917700
2016-01-12,45.7133903503418,45.983709922488295,45.60986211850808,45.94920197457407,15217700
2016-01-13,45.20724868774414,45.79391010890034,45.14398119353924,45.74789658800753,20352700
2016-01-14,45.408531188964844,45.46029747286069,45.02317800432765,45.24173993263858,18572700
2016-01-15,44.81040573120117,45.25327391712899,44.52857613388236,44.67236513280714,27309900
2016-01-19,44.655086517333984,44.93691157106852,44.51129759774234,44.833383373438956,15975700
2016-01-20,44.356021881103516,44.52856600772008,43.608317501492,44.30425557145483,25973500
2016-01-21,44.655086517333984,44.839136158887705,44.17195785378906,44.35600749534278,20065800
2016-01-22,45.33952331542969,45.39128522035569,45.00017918236406,45.09220619746308,17653100
2016-01-25,44.890899658203125,45.28775406767904,44.879394088021606,45.201479843674946,16448400
2016-01-26,45.29352951049805,45.31653627428071,44.965690805755244,45.069219048731476,12010900
2016-01-27,45.224510192871094,45.483332999930084,45.08072120720219,45.27627650951953,14563000
2016-01-28,45.45457458496094,45.60411636246421,45.28777883084032,45.50058811466836,14622600
2016-01-29,45.60411071777344,45.696133377706374,45.51208366974932,45.552344406237076,14218700
2016-02-01,45.333003997802734,45.54108647956708,45.2636417006029,45.52374700772591,8865500
2016-02-02,45.009334564208984,45.21163580811603,44.98621379207155,45.11337583390923,15442100
2016-02-03,45.22898483276367,45.31568664412302,44.87061940373581,45.14806431811824,15465200
2016-02-04,45.084476470947266,45.309898500515075,45.0440162197386,45.211638520413544,8989700
2016-02-05,44.737648010253906,45.07866930187577,44.66828572949147,45.07866930187577,14632300
2016-02-08,44.21744155883789,44.39084505437481,44.09027958342203,44.37350117695385,15649900
2016-02-09,44.0498161315918,44.25211725502159,43.853296300212506,43.980453856487124,18685000
2016-02-10,43.986263275146484,44.35040994000406,43.89956147828341,44.16544816461992,13086000
2016-02-11,43.691497802734375,43.85334328471332,43.40249462824399,43.552777513733766,22158200
2016-02-12,44.344635009765625,44.38509526613144,43.795526490701384,43.84754934022155,17751500
2016-02-16,44.38508224487305,44.52380245316843,44.32728252556963,44.396640424799365,14106000
2016-02-17,44.749210357666016,44.847470290531824,44.57002996128312,44.610490193041656,16353000
2016-02-18,44.78968811035156,44.93997091988604,44.76079045341095,44.91106885310917,13247300
2016-02-19,44.876380920410156,44.899501687237596,44.53535953183508,44.59315924398598,12879900
2016-02-22,45.263641357421875,45.28676212297986,45.055558877235185,45.10758170219942,13826600
2016-02-23,45.171180725097656,45.24631993575992,44.934196090964775,45.11915787938002,16809700
2016-02-24,45.246307373046875,45.29833020432028,44.772342646215094,44.83014236220225,13622100
2016-02-25,45.48907470703125,45.50641859292175,45.11915118508602,45.27521528924692,10699100
2016-02-26,45.795440673828125,45.83590093806751,45.58157675722679,45.633595207032535,12060200
2016-02-29,46.28672790527344,46.31562556334693,45.81276309647123,45.82432127773334,23746800
2016-03-01,47.01825714111328,47.070553603956725,46.21641498610274,46.38491891499501,24023200
2016-03-02,46.69868850708008,46.83813836523023,46.61153068334959,46.774222923363276,14987400
2016-03-03,46.85556411743164,46.98920669083932,46.47788320965925,46.64057543256905,12018400
2016-03-04,46.98921203613281,47.2041963124205,46.774223326814024,46.93691556823101,18029900
2016-03-07,47.047340393066406,47.06477108047753,46.873024652888304,46.87883635970315,12656200
2016-03-08,46.716129302978516,46.97759839776779,46.69288691608116,46.94273703393776,17813700
2016-03-09,46.83233642578125,46.89044017603885,46.69288653855659,46.80328676716844,7699600
2016-03-10,47.157711029052734,47.17514170551248,46.803272497602364,47.09960286347938,18167000
2016-03-11,47.7271614074707,47.79688858665281,47.43663814376171,47.48312292988312,18662700
2016-03-14,47.593505859375,47.68065926032769,47.37270542221064,47.57607074615288,12512400
2016-03-15,47.15191650390625,47.34366288088031,47.128674115815556,47.297178104698915,16442600
2016-03-16,47.465667724609375,47.63997893297312,46.960155910989585,47.024071350632234,21567100
2016-03-17,47.7678108215332,47.84915694042788,47.483099405401845,47.5760644985539,18423000
2016-03-18,47.87821960449219,48.00023880469774,47.8084924473611,47.82011585673218,12922000
2016-03-21,47.825923919677734,47.91308175927569,47.727147103548255,47.87240869186756,12653600
2016-03-22,47.698081970214844,47.79105149307137,47.63417096453954,47.72713605436522,8941200
2016-03-23,47.477298736572266,47.686475786070694,47.4598680546194,47.686475786070694,11354200
2016-03-24,47.26811981201172,47.349465946586214,47.111239247627154,47.13448163365299,13497800
2016-03-28,47.05313491821289,47.31460399996998,47.02989253247397,47.21582718535346,11298900
2016-03-29,47.23322296142578,47.250653629590886,46.87878459864016,46.913645934970376,11348400
2016-03-30,47.40174102783203,47.477275423548384,47.29134085229824,47.320394929974455,11796400
2016-03-31,47.465667724609375,47.58768690037327,47.34364854884547,47.34945581933596,9436700
2016-04-01,47.50010299682617,47.58182826662251,47.16736312588586,47.27243910900876,10822400
2016-04-04,47.38335418701172,47.581833043366125,47.33081841702279,47.435894410694274,9269700
2016-04-05,47.20823287963867,47.32498201018366,47.15569265330773,47.1790433701555,13254500
2016-04-06,47.60517120361328,47.64603383183652,47.272431387026245,47.28994330573728,13935000
2016-04-07,47.37168502807617,47.523462465815456,47.319144799988194,47.412547670502825,11306100
2016-04-08,47.587677001953125,47.6577291631265,47.52930242782258,47.62270530938707,7953000
2016-04-11,47.6518669128418,47.78613237557458,47.64603257588688,47.663544494136296,8126900
2016-04-12,47.93207931518555,47.94959123648536,47.70441543090168,47.73360048183701,11772800
2016-04-13,48.24732971191406,48.34656694792256,48.04885078620189,48.04885078620189,13596100
2016-04-14,48.22983932495117,48.294052730743175,48.15978712216977,48.24735126222223,10758400
2016-04-15,48.15391540527344,48.20061684186744,48.10137962937578,48.142242272972,7857300
2016-04-18,48.42828369140625,48.43412248475527,47.94376627840852,47.96128265845558,9211400
2016-04-19,48.63259506225586,48.690974086125216,48.49833399622246,48.53919664071448,11623600
2016-04-20,48.72600555419922,48.860266641219916,48.58006687910155,48.6734653152427,10128800
2016-04-21,48.5742301940918,48.80189418083343,48.55087947061892,48.78438225165255,13349500
2016-04-22,48.68516540527344,48.71435048156517,48.57425053575274,48.61511320551874,10982300
2016-04-25,48.49836349487305,48.66765296893555,48.48085155853847,48.597600769900296,8972400
2016-04-26,48.661773681640625,48.667612473459435,48.5450245674237,48.620911046295376,8291000
2016-04-27,48.94784164428711,48.98286996262861,48.690992547392916,48.708504479715714,10505400
2016-04-28,48.86610412597656,49.058744240830805,48.8310802700739,48.936156291476685,9229000
2016-04-29,48.94784164428711,48.98286996262861,48.65596422905141,48.819414868992055,20284700
2016-05-02,48.96657943725586,48.98417150443504,48.84343049292555,48.896206694463075,11420700
2016-05-03,48.649906158447266,48.80237818916328,48.57953341948391,48.79064716229813,18449200
2016-05-04,48.46813201904297,48.59128099862178,48.444674431397864,48.56195789554605,17645200
2016-05-05,48.427085876464844,48.6264686748135,48.40362828711599,48.62060763303456,18782100
2016-05-06,48.397769927978516,48.503326858618486,48.21011365951615,48.221844692964126,16204400
2016-05-09,48.309783935546875,48.43293288839678,48.251142216200684,48.321514963861944,11622800
2016-05-10,48.720306396484375,48.732032955892464,48.33912834158494,48.33912834158494,11420700
2016-05-11,48.68511199951172,48.88449927844314,48.63233577731325,48.720300621721876,20692000
2016-05-12,48.76136016845703,48.81413640135176,48.64993771135205,48.81413640135176,11312400
2016-05-13,48.544349670410156,48.77892099473131,48.520892090570456,48.714413768691095,11332400
2016-05-16,48.81410598754883,48.837563567801844,48.5971311998413,48.63231533318285,12981700
2016-05-17,48.714420318603516,48.86102685675678,48.67923618115121,48.732012387329675,7489900
2016-05-18,48.720306396484375,48.86691299651659,48.58542635586025,48.732032955892464,16612500
2016-05-19,48.58542251586914,48.620611139469,48.43295041114446,48.550238366347294,20290200
2016-05-20,48.755455017089844,48.76718604202705,48.59125646056991,48.59125646056991,10556700
2016-05-23,48.76723098754883,49.02525561099501,48.64994300045581,48.74377339013023,10457400
2016-05-24,49.060428619384766,49.060428619384766,48.85517582586075,48.89036444782139,10838400
2016-05-25,49.13665771484375,49.21289151929863,49.113200127147465,49.16011530254003,15119600
2016-05-26,48.99589920043945,49.224605006369956,48.99003368708653,49.224605006369956,12269000
2016-05-27,49.078006744384766,49.078006744384766,48.984176411261906,49.01936054914471,6225600
2016-05-31,49.031089782714844,49.18356183141897,48.97830910374648,49.113189084153284,11994100
2016-06-01,49.10886001586914,49.13243092356602,48.84958902258535,48.902620193135114,16488600
2016-06-02,49.120662689208984,49.150127456733486,48.973347842971116,49.02637902968443,12118900
2016-06-03,49.20906448364258,49.23852476265141,49.04407253497415,49.16781649647547,13093000
2016-06-06,49.42710876464844,49.45657355194845,49.27390445863533,49.36818368574375,16126200
2016-06-07,49.645103454589844,49.70402849426988,49.456540630198326,49.48600539788452,18423500
2016-06-08,49.833656311035156,49.85133336983409,49.70401855225438,49.709912403751176,14652800
2016-06-09,49.639217376708984,49.833674084233195,49.580292327799754,49.833674084233195,11188300
2016-06-10,49.39759826660156,49.50955445402248,49.2974252847073,49.438846229481015,15259900
2016-06-13,49.06761169433594,49.38581220239237,49.06761169433594,49.203143288684224,17257900
2016-06-14,48.902645111083984,49.049959987484385,48.773007300540705,48.98514108221275,20578800
2016-06-15,48.926231384277344,49.1324713768192,48.89087724146864,49.0617630912018,14202800
2016-06-16,48.955665588378906,48.99691356112296,48.5844293379906,48.820133966110255,19195500
2016-06-17,48.98514175415039,49.10299635430329,48.9438937680202,48.96157083411981,16113800
2016-06-20,49.27385330200195,49.48009311189567,49.22081763906318,49.338672170210074,13368400
2016-06-21,49.462459564208984,49.48603049117177,49.27978600417104,49.362282000693476,12141800
2016-06-22,49.50955581665039,49.56848533297788,49.43295373939193,49.49187876002851,10759500
2016-06-23,49.874908447265625,49.874908447265625,49.68634564483651,49.72759361737751,9920200
2016-06-24,49.05583190917969,49.61562639094788,48.84959207356462,48.90262324742654,31416700
2016-06-27,48.34872817993164,48.94387684608625,48.3251572680505,48.90852272611042,27244200
2016-06-28,48.955665588378906,48.973342648741806,48.725854812277504,48.8083507577656,13910300
2016-06-29,49.57438278198242,49.67456027868041,49.22672195648098,49.25029286772217,23604300
2016-06-30,49.91026306152344,49.96919259061507,49.46242921113176,49.533137452934724,26304600
2016-07-01,50.009159088134766,50.14532450499134,49.87891076462664,49.90851429882945,16343000
2016-07-05,49.7249870300293,49.90852083576843,49.642102543643524,49.90852083576843,12078200
2016-07-06,49.94401168823242,49.94993329569079,49.582870419944086,49.659833249450614,9607000
2016-07-07,50.009159088134766,50.08612195345087,49.87891076462664,49.95587362994274,13058100
2016-07-08,50.67222213745117,50.70182566420235,50.19859732748036,50.21635763678546,21395600
2016-07-11,50.701820373535156,50.86758926557039,50.67813845797819,50.70182037353516,18313500
2016-07-12,50.843902587890625,51.104399117755186,50.832063889652744,50.950468939484026,16074300
2016-07-13,50.695919036865234,50.85577090157776,50.62487777865109,50.83801058702423,13040300
2016-07-14,50.79653549194336,50.861659614427225,50.67812594339887,50.855738007784396,7764400
2016-07-15,50.695919036865234,50.879452826604265,50.6781587223117,50.8261673660783,9163800
2016-07-18,50.86760330200195,50.87944652148023,50.69591275448523,50.725516286316136,7447200
2016-07-19,50.73143768310547,50.83800407363871,50.64263160485031,50.75511960509783,7349700
2016-07-20,50.86166000366211,50.90901930657991,50.70772984780748,50.80245297050554,7247500
2016-07-21,50.790611267089844,50.96230171598205,50.76100775226415,50.78468966075227,11265000
2016-07-22,51.01559829711914,51.068883736805056,50.75510625743733,50.802465572102655,10523500
2016-07-25,50.77287292480469,50.96824084982174,50.725509087343035,50.96824084982174,14768400
2016-07-26,50.57748031616211,50.76693107360486,50.547876800336354,50.7373275577791,14292600
2016-07-27,50.73143768310547,50.74919799538355,50.52422199488851,50.66631352684267,11730800
2016-07-28,50.518287658691406,50.62485401285047,50.46500222318025,50.62485401285047,17968100
2016-07-29,50.56563949584961,50.57747819156519,50.316981717200655,50.42946965237846,15202400
2016-08-01,50.28200149536133,50.5377232600858,50.24037258190439,50.53177497610301,18335300
2016-08-02,50.21059799194336,50.31764433718723,50.127340227554555,50.26411889596137,21959800
2016-08-03,50.43660354614258,50.48418072751301,50.2225107671854,50.25224763984435,13733700
2016-08-04,50.757713317871094,50.823130770065994,50.549568941436014,50.62093467215966,11832000
2016-08-05,50.87073516845703,51.013462169136766,50.85289486052326,50.924256092258354,12314900
2016-08-08,51.078887939453125,51.10267653295896,50.906424039443536,50.96589325460298,10800900
2016-08-09,51.25727844238281,51.29295904894497,51.096706638436395,51.10860319876269,13772300
2016-08-10,51.162139892578125,51.29297487328092,51.14429958379315,51.26918628249771,7250400
2016-08-11,51.286991119384766,51.35835684237536,51.2037333778324,51.245362248608586,6732600
2016-08-12,51.32866287231445,51.34055943802176,51.215672721357514,51.257301626912266,3996500
2016-08-15,51.483272552490234,51.51300942151159,51.34054556304795,51.43569537693975,9396400
2016-08-16,51.376251220703125,51.50113796449534,51.352462621331554,51.50113796449534,8104400
2016-08-17,51.44761276245117,51.47140135985467,51.334618059087326,51.411927597740416,14139600
2016-08-18,51.649784088134766,51.649784088134766,51.45353165725254,51.48921680472766,8582700
2016-08-19,51.49515914916992,51.625994099536605,51.47137510111118,51.58436520962073,7474000
2016-08-22,51.41191101074219,51.47732849819343,51.32865321529688,51.44164788220532,5364700
2016-08-23,51.58436584472656,51.631943015847256,51.495159783177456,51.54273695429815,7476400
2016-08-24,51.44163513183594,51.60815068145384,51.43568685157574,51.578418354569756,6655300
2016-08-25,51.536781311035156,51.602194234711384,51.459467291513555,51.47136385015121,7482800
2016-08-26,51.47732162475586,51.75088356429338,51.38812009669609,51.50705849224842,10544900
2016-08-29,51.733055114746094,51.76279198905368,51.53680717082999,51.55464748053054,10038500
2016-08-30,51.762786865234375,51.82225607075291,51.61411158283327,51.73304999387034,16157400
2016-08-31,51.56058120727539,51.756833650269165,51.513008569720725,51.72115303780088,16985000
2016-09-01,51.662715911865234,51.68063288773248,51.43575995636672,51.60299114007173,14952700
2016-09-02,51.90164566040039,51.97928744711216,51.73441439258409,51.818030026492245,13540100
2016-09-06,51.96134567260742,51.96731951695381,51.87175623424406,51.88370392293684,12662000
2016-09-07,51.817996978759766,51.96731116646978,51.78215847514834,51.931472662858354,8245100
2016-09-08,51.72244644165039,51.85384368824867,51.7164725967936,51.82397902067324,8430700
2016-09-09,51.226749420166016,51.69858316769237,51.20883243275669,51.57315969911614,25087600
2016-09-12,51.4058837890625,51.5014470479144,51.09531231120781,51.12517241206879,17718300
2016-09-13,51.01169967651367,51.346161988347504,50.92807954184797,51.28046338327911,21907200
2016-09-14,50.999759674072266,51.25060644574185,50.94003490320445,51.08337526462879,14257700
2016-09-15,51.298397064208984,51.322287888079465,51.029633269906384,51.065467227357736,9964800
2016-09-16,51.31033706665039,51.322280198441824,51.11324121678145,51.232690761527934,8396600
2016-09-19,51.34019470214844,51.40589331560764,51.25657911351087,51.3461685461105,9855500
2016-09-20,51.28048324584961,51.42382364119768,51.196867635504155,51.36409885619507,8705600
2016-09-21,51.70452117919922,51.73438584198944,51.29241252757447,51.31033405927327,17484300
2016-09-22,51.87773132324219,52.03898867079863,51.7881418827294,51.87773132324219,11813600
2016-09-23,51.817996978759766,51.94342034963129,51.78215847514834,51.84188779559826,13122600
2016-09-26,51.5910758972168,51.770254881990624,51.549268074997684,51.704556224687614,6590500
2016-09-27,51.74037170410156,51.74634554991488,51.44174320736535,51.51938953281068,8516500
2016-09-28,52.086761474609375,52.09870916156138,51.64479274824178,51.82994088563074,11149300
2016-09-29,51.88965606689453,52.07480872679557,51.698534121327405,52.06286104205015,13425800
2016-09-30,52.11660385131836,52.13452081737799,51.949372759154436,51.961315884292354,12158000
2016-10-03,52.08427047729492,52.13826484486676,51.98228671038505,52.08427047729492,10708800
2016-10-04,51.99423599243164,52.19220753326801,51.92824547881951,52.15621437200808,11057500
2016-10-05,52.132259368896484,52.18624915424497,52.048272207049706,52.17425294981988,9424500
2016-10-06,52.162227630615234,52.186224605133965,52.030251136194586,52.17422840635205,9455200
2016-10-07,52.282203674316406,52.30620064478276,52.03623815975181,52.186215792450966,10824200
2016-10-10,52.43219757080078,52.492187727097786,52.2822198915805,52.31821306996759,4182300
2016-10-11,52.13821029663086,52.360174195098146,52.05421863750901,52.35417381009958,8855400
2016-10-12,52.120201110839844,52.21018856414209,52.030218234489595,52.11420530371783,7915300
2016-10-13,51.98822784423828,52.05421376523544,51.85024646390248,51.95823049900589,10614800
2016-10-14,52.10821533203125,52.18020622444884,52.03622443961366,52.13821268144348,6766300
2016-10-17,52.03626251220703,52.186240215094266,52.01826592017357,52.096252677970675,7790000
2016-10-18,52.2462043762207,52.26420553625067,52.0842305515829,52.222211983422056,8404600
2016-10-19,52.39619445800781,52.42619182156689,52.27621415768165,52.28821493388731,9874300
2016-10-20,52.402191162109375,52.43818891124056,52.30020745630634,52.39619077442839,12558000
2016-10-21,52.41419982910156,52.46218920691064,52.23422478721238,52.30021533077472,8332900
2016-10-24,52.44418716430664,52.52817428793277,52.3602000406805,52.48018491511424,7200800
2016-10-25,52.41419982910156,52.4441926181128,52.3302126967414,52.390202851719316,6906500
2016-10-26,52.20423889160156,52.402210565787065,52.18624229884951,52.282230229469064,13813300
2016-10-27,52.01223373413086,52.270195408476724,51.92225082897233,52.24619844144996,19333100
2016-10-28,51.76028823852539,51.98825720635924,51.718294677654136,51.95225945635898,19745600
2016-10-31,51.60430908203125,51.77828370959422,51.55031932362625,51.748290925020804,21174600
2016-11-01,51.40304946899414,51.63204146098356,51.20418546149499,51.63204146098356,26184000
2016-11-02,51.17403793334961,51.366874448595595,51.11377738438246,51.31866876797298,19593600
2016-11-03,51.18607711791992,51.36083587468696,51.14389428680951,51.2824930472078,12699700
2016-11-04,51.2102165222168,51.3729205232231,51.168033662875395,51.276499931821704,10970400
2016-11-07,51.92728805541992,51.9574206181152,51.638035682912914,51.6741910800804,14416200
2016-11-08,51.81281280517578,51.90320133014712,51.66818197005125,51.68625967504552,20370600
2016-11-09,51.451263427734375,51.824886356599414,51.403057725289905,51.49344629086533,24858900
2016-11-10,50.77632522583008,51.34278002140594,50.7461926462672,51.34278002140594,33213300
2016-11-11,50.30025863647461,50.740164870591556,50.167682643424754,50.613616312931086,16442900
2016-11-14,50.67387390136719,50.73413905655349,50.16165226538457,50.167679700420365,21036000
2016-11-15,51.34279251098633,51.40908052408089,50.93301415621412,50.93301415621412,17888600
2016-11-16,51.13788604736328,51.22225174124791,51.05954778806627,51.12583117818805,11965700
2016-11-17,50.9992561340332,51.27645821239548,50.999256134033196,51.13183204055062,12017600
2016-11-18,50.9992561340332,51.18606972848188,50.9088676501196,51.10772691231262,17781800
2016-11-21,51.40906524658203,51.433170389415444,51.125835565271764,51.13186300037659,11581600
2016-11-22,51.78871536254883,51.842948485591464,51.47535310412732,51.4934308118082,16648100
2016-11-23,51.59586715698242,51.638049997899515,51.390975788538825,51.39700322226551,10662900
2016-11-25,51.66215133666992,51.680229038935934,51.58380849673789,51.625991334553404,2009600
2016-11-28,51.6561393737793,51.824870775574404,51.505485679664254,51.59587881565046,16897400
2016-11-29,51.58984375,51.644076865018675,51.48137292237747,51.52355576658705,9164000
2016-11-30,51.61397171020508,51.70436487278853,51.48139568476098,51.64409969934141,15211300
2016-12-01,51.372432708740234,51.644819149114674,51.37243270874024,51.62060630270589,18249400
2016-12-02,51.681156158447266,51.68721052693021,51.43903683668999,51.493512298646365,9360400
2016-12-05,51.81432342529297,51.85669476748861,51.681155030355235,51.705367885628455,9782100
2016-12-06,52.07459259033203,52.092751072631906,51.84457745098569,51.893003149204525,16090600
2016-12-07,52.334861755371094,52.41960439683155,52.098792308713,52.141163629443234,20886400
2016-12-08,52.32883071899414,52.35909794077825,52.135132506712985,52.280409629521095,10782100
2016-12-09,52.3530158996582,52.431708787448954,52.274327629994666,52.304594835779916,6463400
2016-12-12,52.2803955078125,52.46803930142554,52.225915446942906,52.449880820511815,8457100
2016-12-13,52.407527923583984,52.56490455893646,52.39541918663069,52.47411212243696,10739200
2016-12-14,52.01407241821289,52.564899828637856,51.96564671101762,52.40752320744765,15672400
2016-12-15,52.03826904296875,52.14117017507038,51.90510069877692,51.92931354482345,11221700
2016-12-16,52.086708068847656,52.21382207953599,52.07459933366056,52.18355485969761,15722200
2016-12-19,52.21986770629883,52.286451890183024,52.11696655597925,52.12907529021038,5897900
2016-12-20,52.29250717163086,52.34698724036551,52.171447535976874,52.238031721025294,11072400
2016-12-21,52.3832893371582,52.431715024924614,52.2561753703672,52.268279483244925,17461400
2016-12-22,52.496246337890625,52.49624633789062,52.332268892274506,52.39299939184191,8507600
2016-12-23,52.59344482421875,52.59951926774335,52.47805819790822,52.51449559217019,4230500
2016-12-27,52.54484176635742,52.6298700482255,52.502329942144044,52.526623075043304,5840600
2016-12-28,52.471954345703125,52.6177084745038,52.44766121866298,52.6177084745038,6961200
2016-12-29,52.54484176635742,52.56306509111286,52.459818117930666,52.51447882531434,3794300
2016-12-30,52.563079833984375,52.6541733161048,52.4598328318435,52.58129853040846,7513400
2017-01-03,52.78169631958008,52.80598481796389,52.65415621913887,52.76347299563053,14050100
2017-01-04,53.067138671875,53.07321311416204,52.836360832828156,52.836360832828156,11912400
2017-01-05,52.98819351196289,53.091435871536,52.957825931645054,52.99426795471491,10458600
2017-01-06,52.97606658935547,53.006429546163375,52.860675306531704,52.93355474306941,6836400
2017-01-09,52.96388626098633,53.00639808203775,52.86671837005778,52.96388626098632,6648800
2017-01-10,52.96997833251953,53.0975138381224,52.94568519334148,53.02463442058825,11777000
2017-01-11,53.00034713745117,53.0307147231397,52.903179203445355,52.98820288324159,11914200
2017-01-12,53.01247024536133,53.01854468623367,52.91529772516706,52.988177115312766,12512300
2017-01-13,53.03072738647461,53.07931368180108,52.897117391048894,52.99428998170183,8861000
2017-01-17,52.97606658935547,53.01250399090245,52.92748029833033,52.99428529012896,8633000
2017-01-18,53.024600982666016,53.024600982666016,52.897065557488446,52.95779605041496,12715500
2017-01-19,52.85457992553711,53.01855743443279,52.799923844866484,52.98818985621006,10703200
2017-01-20,52.95780944824219,52.969958329964804,52.818129742517506,52.87278580994696,9262000
2017-01-23,52.95780944824219,52.969958329964804,52.86064156166512,52.915297629094574,13561300
2017-01-24,52.9942512512207,53.030688629363475,52.903153172423,52.927446302331774,7490500
2017-01-25,53.18252182006836,53.18252182006836,53.04283746936106,53.079279484099274,8953900
2017-01-26,53.15822219848633,53.194659575335095,53.085347444788795,53.140003510061945,7443900
2017-01-27,53.20680618286133,53.25539243887715,53.10963367082969,53.115708111191765,7888100
2017-01-30,53.097511291503906,53.164316262678874,53.02463187746514,53.12787887238064,7637600
2017-01-31,53.0428581237793,53.09144440672187,52.94569019133711,53.073225708979145,12249400
2017-02-01,53.23927688598633,53.269777875387234,53.03798152505456,53.190477164463914,12489400
2017-02-02,53.2697639465332,53.2941638009144,53.15386580167164,53.23316183806323,10886200
2017-02-03,53.36124038696289,53.42223767104087,53.33073941802667,53.3856355775585,12674000
2017-02-06,53.32463836669922,53.39173677541547,53.28193980240656,53.373438055546394,7004900
2017-02-07,53.2453498840332,53.385643192043375,53.23924875861685,53.385643192043375,11170100
2017-02-08,53.28193283081055,53.288033954566764,53.141639560974475,53.245335395860934,11107300
2017-02-09,53.35516357421875,53.397862157908804,53.2819640076944,53.2819640076944,7292600
2017-02-10,53.39174270629883,53.40394495676331,53.312446693459634,53.38564158106658,5471800
2017-02-13,53.47106170654297,53.507659162894605,53.42835846907061,53.434459596394746,7477200
2017-02-14,53.50767135620117,53.53207121726136,53.35517571492326,53.46497276279527,8785000
2017-02-15,53.52593994140625,53.53813753816753,53.416142955374646,53.4527403994535,10582800
2017-02-16,53.483238220214844,53.727232025216786,53.37954236557231,53.47104062417239,8917800
2017-02-17,53.53812789916992,53.55033014752934,53.37953590085106,53.42833093290615,6247300
2017-02-21,53.71502685546875,53.71502685546875,53.53813147280312,53.53813147280312,10437800
2017-02-22,53.739444732666016,53.75164698593447,53.64184997549867,53.68454855434615,10963600
2017-02-23,53.788238525390625,53.861438075566596,53.72724122714175,53.85533694960304,8150200
2017-02-24,53.83096694946289,53.90416654022892,53.71506876086621,53.74556975380159,8390200
2017-02-27,53.898033142089844,53.898033142089844,53.79433727426936,53.83093472084239,5693300
2017-02-28,53.85539627075195,53.90419602462169,53.82489526113321,53.86149740343584,5868400
2017-03-01,54.0538444519043,54.10285265737947,54.02321023362253,54.02321023362253,10612100
2017-03-02,53.88231658935547,54.066112609520204,53.882316589355476,54.066112609520204,9193000
2017-03-03,53.90680694580078,53.96807070952614,53.802658080055124,53.92518560750584,15059300
2017-03-06,53.735225677490234,53.84550223799187,53.72297480371095,53.82099581631129,17066300
2017-03-07,53.38603973388672,53.667856690200885,53.373788854970435,53.624971602807946,17023100
2017-03-08,53.03072738647461,53.34317869210975,53.024604281318325,53.25740847866106,22433500
2017-03-09,52.88978958129883,53.12872141516706,52.81014252059391,52.920419111157955,21260700
2017-03-10,52.871421813964844,53.226753413052236,52.7366387672898,53.226753413052236,20643900
2017-03-13,52.914329528808594,52.981721080961144,52.76116776012119,52.920452634185196,13512300
2017-03-14,52.75503158569336,52.816295348594146,52.68151226573711,52.761159364221086,12808500
2017-03-15,53.48408126831055,53.48408126831055,52.88368519324537,52.93269807164362,19654600
2017-03-16,53.3309211730957,53.624989104300575,53.318665616055625,53.60661044286596,15807500
2017-03-17,53.34929656982422,53.453445427664,53.324790131369234,53.453445427664,9984500
2017-03-20,53.24517059326172,53.34319171507949,53.24517059326172,53.34319171507949,12220600
2017-03-21,52.86530303955078,53.40443064393515,52.85917526162453,53.34929466497398,16918200
2017-03-22,52.99396514892578,53.036850251676654,52.69989253425866,52.834675621225855,14054600
2017-03-23,53.01234817504883,53.1471312731117,52.91432707817422,52.95108440523644,10618900
2017-03-24,53.19611358642578,53.21449223939456,53.05520279012631,53.05520279012631,8920800
2017-03-27,53.1409912109375,53.16549764802327,52.9326935068959,53.00620814402826,7788700
2017-03-28,53.43506622314453,53.453444883267295,53.1164872005995,53.1164872005995,16871700
2017-03-29,53.54536056518555,53.63725857031471,53.4350838938559,53.47184122625688,12266300
2017-03-30,53.796531677246094,53.80878723477993,53.588233940427735,53.667876367894934,16367900
2017-03-31,53.77814865112305,53.85166796798311,53.72301266907197,53.74751910802532,11778400
2017-04-03,53.74922180175781,53.81690091305368,53.66923953116756,53.81074698637114,20664400
2017-04-04,53.7677116394043,53.82923686149464,53.706186417313944,53.75540847261565,8473900
2017-04-05,53.72464370727539,53.96459536014008,53.69387874908307,53.85384808235072,11102300
2017-04-06,53.79230880737305,53.84768008476579,53.71232650867053,53.7738517149088,7234500
2017-04-07,53.7677116394043,53.90922387487829,53.7677116394043,53.86615575000769,5457800
2017-04-10,53.84151077270508,53.90918988255161,53.80459190747114,53.853813931736,7996900
2017-04-11,53.7369270324707,53.87843921620092,53.675401832876986,53.87843921620092,8005800
2017-04-12,53.773860931396484,53.89691136496306,53.72463888034059,53.773860931396484,8723800
2017-04-13,53.66309356689453,53.82921205940586,53.62617938946343,53.75538370454367,10446700
2017-04-17,53.82304000854492,53.835343164449114,53.669224742360775,53.730749910020556,7158700
2017-04-18,53.81074142456055,53.87226660281471,53.669233983983005,53.81689535060703,9062800
2017-04-19,53.76150131225586,53.95838463285519,53.73074108051546,53.841488241731874,8643200
2017-04-20,53.93996047973633,53.95226833520005,53.79845300040391,53.82306401725987,7766000
2017-04-21,53.896846771240234,53.964525836812506,53.829167705667956,53.92145776727265,11328200
2017-04-24,54.149139404296875,54.1552886365523,54.06915244427207,54.11837446673804,8904700
2017-04-25,54.247596740722656,54.26605383174916,54.16146051988433,54.18607153927699,12493400
2017-04-26,54.198341369628906,54.28448223156207,54.18603821453508,54.198341369628906,7269000
2017-04-27,54.23529815673828,54.24145208562397,54.14916192862812,54.198379277496514,6897900
2017-04-28,54.21681213378906,54.290640464732675,54.186047199849305,54.24142314212689,7542800
2017-05-01,54.24462127685547,54.28169320770766,54.189008666445595,54.21990508491015,10336000
2017-05-02,54.263187408447266,54.31261981981854,54.22611545698592,54.30643958986358,10792800
2017-05-03,54.31258010864258,54.343471807562196,54.25079199667258,54.306399883206346,7413400
2017-05-04,54.022193908691406,54.275526690388816,53.97276151231486,54.275526690388816,20562500
2017-05-05,54.114871978759766,54.16430436920367,53.991291002649994,54.02218742521049,14935200
2017-05-08,54.176658630371094,54.20755505208792,54.0901543065225,54.1334064684468,8199200
2017-05-09,54.13962173461914,54.28173405257417,54.133441503449525,54.250842324996405,10810000
2017-05-10,54.3744010925293,54.399117295085574,54.207572617941466,54.281716511476674,10824900
2017-05-11,54.38053894042969,54.399074899367555,54.269318472672516,54.33728679819801,8461400
2017-05-12,54.36202621459961,54.41763411517879,54.31877405388293,54.41145388818156,8929900
2017-05-15,54.48562240600586,54.52887458254849,54.44237022946324,54.44855045872181,10690200
2017-05-16,54.56593322753906,54.590649424414245,54.485609123294104,54.54121703066387,12638900
2017-05-17,54.324947357177734,54.43616786794435,54.29405565171197,54.386735482241015,14055700
2017-05-18,54.38676071166992,54.47326978384726,54.14578361224421,54.16432430108261,10731800
2017-05-19,54.48562240600586,54.56594652983254,54.4547259738467,54.47944217674729,15998800
2017-05-22,54.652442932128906,54.6524429321289,54.54122239232333,54.59683501929261,7181800
2017-05-23,54.64626693725586,54.67715865051554,54.59065431077572,54.67715865051554,6998400
2017-05-24,54.738948822021484,54.75130927909031,54.621552764666525,54.68334090761121,8533600
2017-05-25,54.695682525634766,54.83779946042631,54.677146558951506,54.73893468593969,7985500
2017-05-26,54.72660446166992,54.73896020717548,54.68335228119931,54.68335228119931,2909500
2017-05-30,54.782169342041016,54.80688081150837,54.69566034238524,54.7203765259826,5371100
2017-05-31,54.776004791259766,54.80689649399835,54.70185621925074,54.78836052952893,13758400
2017-06-01,54.93547821044922,54.97891508792327,54.78655244971885,54.8299893271929,19189300
2017-06-02,54.966487884521484,55.016131365967716,54.91684440307525,54.94787276254489,9491600
2017-06-05,54.916873931884766,55.003747703996225,54.89205217781499,54.94790230803836,10384400
2017-06-06,54.83000183105469,54.92308222808717,54.79897345395531,54.9044670955338,14386500
2017-06-07,54.71831130981445,54.87965036382034,54.65005266136066,54.87965036382034,13329000
2017-06-08,54.7617301940918,54.817575578499984,54.625212942074626,54.730701824355336,14208300
2017-06-09,54.80520248413086,54.88586966959927,54.730737189205534,54.81761099948462,10414900
2017-06-12,54.89826583862305,54.941702730248,54.786570298120886,54.82380056686623,9900000
2017-06-13,54.99753952026367,55.00374614217126,54.916872372526576,54.92307899443416,8640400
2017-06-14,55.00373840332031,55.07199703190385,54.92927315370244,55.06579041086951,8850700
2017-06-15,54.79277420043945,54.88584986768144,54.68107866548318,54.867234734233044,10860500
2017-06-16,54.699676513671875,54.84239564785385,54.68726327245164,54.84239564785385,11996100
2017-06-19,54.86723709106445,54.88585222531247,54.78656993123436,54.80518506548238,6398400
2017-06-20,54.67484664916992,54.74310526295524,54.66864002948115,54.69966839366128,18318500
2017-06-21,54.35837936401367,54.705879078451176,54.30873587134202,54.68105733211535,26728100
2017-06-22,54.50734329223633,54.532165055960746,54.37703258338366,54.41426759610396,18699400
2017-06-23,54.7307243347168,54.74313758142267,54.525953106734605,54.53215499582107,11337700
2017-06-26,54.80520248413086,54.830024249105975,54.69971353368734,54.71832867385177,9504500
2017-06-27,54.63142776489258,54.81758380846603,54.594197503030934,54.80517529926723,15293300
2017-06-28,54.85480499267578,54.87962673908875,54.67485088187984,54.73690288078022,9755500
2017-06-29,54.71831130981445,54.848621983880946,54.64384603851956,54.76795482401105,14548400
2017-06-30,54.84859848022461,54.90444859332948,54.73690298827894,54.7927531013838,8202000
2017-07-03,54.82181930541992,54.99631108979355,54.76572994356009,54.846747382408225,13882000
2017-07-05,54.77818298339844,54.90905178972267,54.74078849977482,54.85919564792009,16269100
2017-07-06,54.64112854003906,54.77199746029479,54.5538825932019,54.75953579126699,15424700
2017-07-07,54.59122848510742,54.65977949604125,54.49774940160276,54.597461691886046,15731200
2017-07-10,54.653541564941406,54.678469635357416,54.57252890199685,54.59122376617303,12286600
2017-07-11,54.61615753173828,54.666013677769094,54.541373312692066,54.6535472639895,9261400
2017-07-12,54.971405029296875,54.97140502929687,54.75952342185274,54.83430292822293,17979900
2017-07-13,55.0150260925293,55.039954178640436,54.921546958249074,54.97763634063572,11744600
2017-07-14,55.17078399658203,55.195712065040794,54.99629227191359,55.05237686003863,12626700
2017-07-17,55.18950653076172,55.208201402843486,55.13965512339209,55.18327807643132,10158100
2017-07-18,55.21445846557617,55.239386557303106,55.133445733374124,55.17706870525943,9221100
2017-07-19,55.30790328979492,55.35775944230173,55.233119061034714,55.270513552687014,8250900
2017-07-20,55.33907699584961,55.37023353225185,55.25805954120376,55.36400032315322,11827800
2017-07-21,55.29547882080078,55.33286858305713,55.24562263476059,55.3266353711652,8771700
2017-07-24,55.33907699584961,55.33907699584961,55.245597877551944,55.282987623052826,4707500
2017-07-25,55.364044189453125,55.40767193316543,55.332887628364766,55.38274383156521,7292900
2017-07-26,55.445011138916016,55.4886340882922,55.37646011067561,55.44501113891602,7279800
2017-07-27,55.401397705078125,55.46371553566973,55.345308329363675,55.43878745252395,11624500
2017-07-28,55.4075927734375,55.4075927734375,55.320342165215315,55.370198297187294,4945300
2017-07-31,55.4075927734375,55.45744415086705,55.332808575479525,55.33904178061163,9779900
2017-08-01,55.46268081665039,55.49397161418447,55.42513567905382,55.45016736222,14946800
2017-08-02,55.475196838378906,55.519001088600675,55.43764692797081,55.46267861014114,7422700
2017-08-03,55.36883544921875,55.4814756718675,55.33128552546457,55.42515317338968,9548300
2017-08-04,55.38134002685547,55.39385348322899,55.32502231171544,55.36882657048195,6451600
2017-08-07,55.35630798339844,55.381339670290444,55.31876284021348,55.381339670290444,5204700
2017-08-08,55.118534088134766,55.38135973426009,55.0622115786463,55.331296342338746,18534700
2017-08-09,54.905757904052734,55.055948054772465,54.868212753526315,55.00588467119922,15001700
2017-08-10,54.55533218383789,54.84318952233089,54.51152791003042,54.79312613103443,24749700
2017-08-11,54.64917755126953,54.730526948203696,54.60537329533486,54.67420923670446,17434300
2017-08-14,54.93702697753906,55.030894591025145,54.81186856812257,54.81186856812257,12566000
2017-08-15,54.955806732177734,54.99961098762569,54.89948902130426,54.94329327675222,6830500
2017-08-16,54.96207809448242,55.04968662490052,54.943305520008096,54.99962324343108,11716100
2017-08-17,54.65544509887695,54.94330716378496,54.62415906525268,54.89324378081774,14112300
2017-08-18,54.7368049621582,54.87447689243152,54.62416472596253,54.74931842204329,14324400
2017-08-21,54.7931022644043,54.82439306391196,54.72426632493197,54.80562049392964,7763400
2017-08-22,55.01836013793945,55.0684234869423,54.811852404030525,54.84314319073324,12982200
2017-08-23,55.02464294433594,55.04967462961627,54.88697106244701,54.92451620321461,6449500
2017-08-24,55.10600280761719,55.11226192370258,54.99336258961368,55.049685085768786,8480100
2017-08-25,55.20611572265625,55.22488829189776,55.07470296366018,55.09347553290169,6622800
2017-08-28,55.212364196777344,55.2373911014059,55.156041725601646,55.2373911014059,5161700
2017-08-29,55.14353942871094,55.162311998132296,55.062185262144325,55.074703491295594,8991600
2017-08-30,55.293704986572266,55.31873666161848,55.15603316097,55.162292273307514,13431100
2017-08-31,55.443939208984375,55.4501983268475,55.33129895898844,55.33129895898844,12705200
2017-09-01,55.50047302246094,55.51932431828098,55.39364581659569,55.39364581659569,10535700
2017-09-05,55.374786376953125,55.46276227405995,55.27423975493001,55.46276227405995,9560500
2017-09-06,55.337100982666016,55.47535024571259,55.32453504708393,55.44393300959301,9023300
2017-09-07,55.343353271484375,55.425043789767145,55.33706791028544,55.425043789767145,8784000
2017-09-08,55.16741943359375,55.33708588647418,55.16741943359375,55.33708588647418,7688700
2017-09-11,55.343353271484375,55.418763222894064,55.205104091062886,55.26166275320161,8047600
2017-09-12,55.41248321533203,55.41876857713822,55.330792689156794,55.36849527134132,4752800
2017-09-13,55.43135452270508,55.44392525085676,55.33081266913188,55.362229900854985,11725900
2017-09-14,55.50675582885742,55.53189248690204,55.399928627913305,55.40620919667899,9554600
2017-09-15,55.55704879760742,55.56961473391113,55.45021676454542,55.47535343148183,8248000
2017-09-18,55.53190612792969,55.5633233624574,55.5004840990735,55.53818669823815,7442200
2017-09-19,55.58845138549805,55.59473674915793,55.500475471570674,55.55074879219424,7208300
2017-09-20,55.582149505615234,55.6324228113001,55.50045897962205,55.60100559099179,10087200
2017-09-21,55.51301956176758,55.60728080226572,55.50045363371989,55.6010002354048,6932300
2017-09-22,55.569580078125,55.56958007812499,55.48788955727442,55.50674084713794,7570500
2017-09-25,55.601036071777344,55.613602007924115,55.525626071909876,55.55076273853236,4326200
2017-09-26,55.67015075683594,55.726709450081245,55.63873352221387,55.651299457197,8816500
2017-09-27,55.69526290893555,55.71411899460418,55.60728701978748,55.67012625570376,7490100
2017-09-28,55.69526290893555,55.72039956216734,55.6638456881406,55.69526290893555,5934000
2017-09-29,55.77700424194336,55.77700424194335,55.67645754607348,55.739296833826984,8906900
2017-10-02,55.74858474731445,55.78013652339469,55.67917469123803,55.691797327320174,13097600
2017-10-03,55.849525451660156,55.85583195319036,55.748563657697225,55.748563657697225,5928800
2017-10-04,55.79274368286133,55.84953590612723,55.76119672693512,55.83060676974666,5832400
2017-10-05,55.86214828491211,55.86214828491211,55.78643174676436,55.78643174676436,5967900
2017-10-06,55.78010177612305,55.83688916074258,55.74855001969744,55.81164871842652,5847400
2017-10-09,55.786441802978516,55.82430007887683,55.76750785090476,55.80537094092767,3278400
2017-10-10,55.830623626708984,55.862170592160176,55.78014270503628,55.862170592160176,8786500
2017-10-11,55.7738037109375,55.83059592317,55.761185893843205,55.83059592317,7948700
2017-10-12,55.71072006225586,55.780130110352204,55.71072006225586,55.780130110352204,6181100
2017-10-13,55.7359733581543,55.79907210347221,55.70442157843249,55.786454280058905,3941200
2017-10-16,55.76750564575195,55.78012827996867,55.7044069170416,55.77381696286031,6060300
2017-10-17,55.849525451660156,55.88107240168109,55.76749279053445,55.76749279053445,7468100
2017-10-18,55.90631866455078,55.93787043197648,55.8558377623192,55.86846039493899,7974400
2017-10-19,55.912662506103516,55.937902971902076,55.80539413705461,55.830634602853166,7270600
2017-10-20,55.963134765625,55.98837522751228,55.912653841850435,55.944205622741,7107000
2017-10-23,55.90001678466797,55.9946672887991,55.90001678466797,55.96942683342249,7227200
2017-10-24,55.90001678466797,55.963120330171805,55.89371028141728,55.91895073679389,7103700
2017-10-25,55.742252349853516,55.862143276670466,55.66653581849402,55.862143276670466,16817000
2017-10-26,55.672855377197266,55.817981959872945,55.647614924965836,55.79905282423038,10649800
2017-10-27,55.824275970458984,55.83689378560106,55.67283811814148,55.717007692322525,13720000
2017-10-30,55.811676025390625,55.849539114451034,55.7170303380508,55.7170303380508,5954500
2017-10-31,55.824275970458984,55.84951641486566,55.805346840684614,55.83689378560106,7198400
2017-11-01,55.77108383178711,55.88513532568133,55.76475112899385,55.87246508597054,9505500
2017-11-02,55.739383697509766,55.809082073572796,55.69503062493532,55.76472900099835,6096800
2017-11-03,55.745723724365234,55.80908456885847,55.67602534518591,55.77106419486447,7003200
2017-11-06,55.7520751953125,55.78375804528725,55.68871432948719,55.714059642642155,12262400
2017-11-07,55.593650817871094,55.74572264265107,55.57464304830422,55.739385108087944,11805400
2017-11-08,55.346519470214844,55.59363005051948,55.32117417555274,55.59363005051948,18120000
2017-11-09,55.074073791503906,55.21347052089263,54.94735212885319,55.21347052089263,38343500
2017-11-10,55.194480895996094,55.23883397591378,55.048746585339025,55.086766963927865,24521600
2017-11-13,55.156455993652344,55.22615436942981,55.143780924898806,55.150118459275575,16280500
2017-11-14,54.9220085144043,55.099420781206604,54.88399298126715,55.0740754810746,13870600
2017-11-15,54.9220085144043,54.9726991146683,54.630544814068834,54.78261178073914,25382000
2017-11-16,55.4605827331543,55.504935799762734,55.15011126689528,55.20080186705397,30075200
2017-11-17,55.42258834838867,55.44793365813934,55.34021488316809,55.3528899551052,15942100
2017-11-20,55.435237884521484,55.523944018460746,55.39722235115373,55.45424565120536,8930300
2017-11-21,55.54932403564453,55.57466935177045,55.48596316239211,55.48596316239211,10102400
2017-11-22,55.63801193237305,55.676032311123976,55.56831354447337,55.5809886154314,9473800
2017-11-24,55.67604446411133,55.70772248017476,55.650699150786046,55.67604446411133,3126500
2017-11-27,55.50494384765625,55.67602343946697,55.46692830908605,55.67602343946697,10645400
2017-11-28,55.67604446411133,55.68871470371185,55.52397258415963,55.53031012102201,10403700
2017-11-29,55.606353759765625,55.68238487614385,55.55566312609688,55.64436931795474,11806200
2017-11-30,55.61900329589844,55.726717226752314,55.619003295898445,55.62534083127899,17981500
2017-12-01,55.601165771484375,55.677525268113676,55.34664382544323,55.62661893702748,15485800
2017-12-04,55.58208465576172,55.747527826901816,55.562995992687014,55.67753282583084,14801700
2017-12-05,55.55027770996094,55.64572103542756,55.537548696767985,55.61390821183739,9347600
2017-12-06,55.499385833740234,55.62028721710843,55.486656817229175,55.543927682134196,10081700
2017-12-07,55.52481460571289,55.55662742361223,55.4675437659817,55.52481460571289,8955900
2017-12-08,55.58208465576172,55.594813667608584,55.531178317765445,55.56936049861045,9100400
2017-12-11,55.59479522705078,55.607519379981504,55.543888905939916,55.582066219426075,11847900
2017-12-12,55.569366455078125,55.64572111556138,55.56300194847248,55.64572111556138,8846700
2017-12-13,55.601165771484375,55.64570759751107,55.5693529555767,55.5948061211198,7495000
2017-12-14,55.48662567138672,55.61389149157338,55.403906529286374,55.57570931817006,19337000
2017-12-15,55.49302673339844,55.57574592999199,55.486662224522675,55.55029760388462,14223900
2017-12-18,55.55027770996094,55.607543705240914,55.50573587317781,55.51209552507818,11735200
2017-12-19,55.43575668334961,55.58210639395686,55.416663158111824,55.55029356128887,10985000
2017-12-20,55.480255126953125,55.52479694159829,55.4166198020083,55.48661477569266,11857400
2017-12-21,55.53842544555664,55.58315246941886,55.50648035701505,55.54481641321696,11195700
2017-12-22,55.58952713012695,55.6342541408687,55.53202306269267,55.57035910764886,11136900
2017-12-26,55.67261505126953,55.67261505126953,55.54482492775408,55.55121589639407,5798900
2017-12-27,55.69814682006836,55.72370580725178,55.64064275506441,55.64064275506441,5625500
2017-12-28,55.67261505126953,55.72373305062801,55.65344702023029,55.71095598822876,6116500
2017-12-29,55.755672454833984,55.7876175422198,55.640659415509475,55.678995470324374,5116800
2018-01-02,55.8067512512207,55.81953317821862,55.749247204360515,55.78119714697849,7223500
2018-01-03,56.07516098022461,56.08793804211747,55.80679393166899,55.80679393166899,20557100
2018-01-04,56.17098617553711,56.222099279943826,56.081527274348026,56.11347723012119,13610900
2018-01-05,56.20934295654297,56.234901955613694,56.15183398991366,56.20934295654296,9851600
2018-01-08,56.16460037231445,56.24766344012986,56.13904138032219,56.20293642286322,9804000
2018-01-09,55.99209976196289,56.22212590279318,55.9793226985306,56.22212590279318,13550400
2018-01-10,55.87068557739258,55.94735768713661,55.76205863045552,55.9090216322646,33182000
2018-01-11,56.05596923828125,56.0623553290861,55.88344728898078,55.92178333332379,12911500
2018-01-12,55.96012496948242,56.04318802491593,55.94095694706535,55.96651106036909,12088500
2018-01-16,55.92818069458008,56.05597564846799,55.87706271302491,55.998466700498675,18474100
2018-01-17,55.93457794189453,56.03042294935316,55.92179600763094,55.947355001278545,16340400
2018-01-18,55.87708282470703,55.94736885592348,55.84513773089642,55.909032793398424,16134900
2018-01-19,55.93457794189453,55.94096890902633,55.83873293443591,55.87068289521531,14401800
2018-01-22,55.9857177734375,56.0048858074322,55.902649792951806,55.902649792951806,16674700
2018-01-23,56.15181350708008,56.16459543939321,55.992073477317795,56.02402343322179,11600300
2018-01-24,56.068756103515625,56.151819172416126,56.00486106013991,56.10070606264315,10746300
2018-01-25,56.03041458129883,56.16459562174935,55.97929660163801,56.16459562174935,11039300
2018-01-26,56.07516098022461,56.12627410267662,55.99209301583908,56.04960198155833,7164100
2018-01-29,55.87708282470703,56.02404585585437,55.86430576215894,55.99209588716296,19590800
2018-01-30,55.68539047241211,55.88346660314702,55.67899950451997,55.877075635254876,18469300
2018-01-31,55.78123474121094,55.85790685536501,55.72372578071529,55.78123474121094,12692800
2018-02-01,55.67597961425781,55.81714342609205,55.64390004500585,55.73373067155455,17920000
2018-02-02,55.323097229003906,55.57975836324935,55.27818189766625,55.53484303191169,24787000
2018-02-05,55.01509094238281,55.50916437521366,54.91242944821981,55.26533414769609,28071300
2018-02-06,55.3487663269043,55.41293038950696,54.86752851427801,54.86752851427801,33924300
2018-02-07,55.14344024658203,55.57976274054151,55.0921070366093,55.42576311062333,24298100
2018-02-08,54.662200927734375,55.18193620217904,54.65578305281164,55.12419001408706,25419300
2018-02-09,54.50819396972656,54.809770410273146,53.943543437586364,54.71993975505547,47230300
2018-02-12,54.88035202026367,54.96376969634144,54.642944530881785,54.668606236163455,23448100
2018-02-13,54.70710754394531,54.809769049329155,54.61085901705809,54.74560499653882,14679900
2018-02-14,54.80335235595703,54.822601080949006,54.476109344884215,54.533855519860126,19332400
2018-02-15,55.24609375,55.24609375,54.93168645152313,54.93168645152313,21931600
2018-02-16,55.470664978027344,55.509167323861256,55.22683963296066,55.23967048463653,29195600
2018-02-20,55.2781867980957,55.425763658971896,55.252520192855414,55.310266383092774,22740600
2018-02-21,55.027923583984375,55.42574358259913,55.01508783831141,55.33591294449886,15656700
2018-02-22,55.0664176940918,55.271745553796215,55.01508450531511,55.05358684459878,14626900
2018-02-23,55.43215560913086,55.45140433020757,55.072833094626695,55.11133053678011,15919500
2018-02-26,55.52839660644531,55.61822722293268,55.43214811866559,55.470645555616905,10996300
2018-02-27,55.38082504272461,55.50274014251437,55.310243131836046,55.48990929299024,13840900
2018-02-28,55.297420501708984,55.48991754100003,55.25892305201201,55.445002217885865,8751000
2018-03-01,54.93084716796875,55.35602087174393,54.93084716796875,55.34313905413637,24974200
2018-03-02,55.2401123046875,55.265880876885994,54.943781096683736,54.96310629711945,18767600
2018-03-05,55.2401123046875,55.27876270555894,55.124156187220585,55.124156187220585,9000200
2018-03-06,55.317420959472656,55.36895319175417,55.201464835846714,55.29165238590546,14462900
2018-03-07,55.182132720947266,55.27875871615247,55.143477408012934,55.25299014581366,8195200
2018-03-08,55.24652862548828,55.272297185069434,55.14989775577151,55.24652862548828,10201800
2018-03-09,55.44622039794922,55.484870774025936,55.259402055496,55.310939166831254,8942600
2018-03-12,55.35605239868164,55.44623991784421,55.26586487951908,55.401146158262925,10126500
2018-03-13,55.182132720947266,55.42692676688753,55.1499207793107,55.35606442716888,19020400
2018-03-14,55.11770248413086,55.259427147231236,55.09193391676246,55.227220124159494,10802500
2018-03-15,55.1563720703125,55.240116249798945,55.07906634819604,55.1112782944578,8647900
2018-03-16,55.272342681884766,55.27878114094215,55.13705640401177,55.16926835871567,11006000
2018-03-19,55.046836853027344,55.20144824797023,54.982417895893505,55.18212305231521,14298800
2018-03-20,55.1563720703125,55.175697272128374,55.03397257234134,55.03397257234134,14317800
2018-03-21,55.17567825317383,55.27874759894834,55.091929187702576,55.130584492862866,8643700
2018-03-22,54.84712219238281,55.12412805860091,54.834240370283176,55.046822381452806,15972300
2018-03-23,54.7054328918457,55.00820751257883,54.64101391005963,54.94378853079276,21847400
2018-03-26,55.05971145629883,55.07259327894544,54.84068115250397,54.98240577586824,12454200
2018-03-27,55.0081787109375,55.162785169244586,54.89222263849451,55.06615920458434,12661500
2018-03-28,54.982398986816406,55.04037946869268,54.885768126922414,54.98884235476926,14642900
2018-03-29,55.16921615600586,55.20786653319504,55.00816636458481,55.072585298183306,10299600
2018-04-02,54.95512008666992,55.15563742709686,54.909841818348966,55.058616091381325,18902700
2018-04-03,55.110382080078125,55.11685181680374,54.909864656252736,55.052169254437146,12994100
2018-04-04,55.23325729370117,55.26560102766241,54.91630942771691,54.91630942771691,9677200
2018-04-05,55.27851104736328,55.35613301347273,55.2461722627034,55.259106789575604,10152000
2018-04-06,55.15564727783203,55.30442157743531,55.090964730815735,55.24620876560925,12680800
2018-04-09,55.36262512207031,55.37556459028483,55.24619951790675,55.272068584413425,9043200
2018-04-10,55.56316375732422,55.5890377664093,55.42085917483762,55.433793711898836,11434100
2018-04-11,55.58256149291992,55.62783976975263,55.50493947479439,55.543752951338185,7675500
2018-04-12,55.78308868408203,55.79602815686021,55.60844528127989,55.64725382968861,23692600
2018-04-13,55.81539535522461,55.893017335443915,55.78305162972666,55.821865087316134,16213400
2018-04-16,55.89952087402344,55.95773863327594,55.80896430182004,55.88011659926029,10781600
2018-04-17,55.92537307739258,56.0547430836378,55.905968810196086,55.983590813943216,15577600
2018-04-18,55.867183685302734,55.98361427222967,55.84777447501224,55.96420506193918,13745600
2018-04-19,55.69253921508789,55.78309579622915,55.62138691062496,55.76369151955081,19345500
2018-04-20,55.55669021606445,55.68605531766659,55.54375567988916,55.660186245316,17693500
2018-04-23,55.407936096191406,55.524361758707236,55.35618806731971,55.51789695632102,15971100
2018-04-24,55.29794692993164,55.479060019473145,55.22679465404582,55.42731694743383,17872600
2018-04-25,55.30442810058594,55.330302109436694,55.13624951053732,55.246215281893676,15078400
2018-04-26,55.498504638671875,55.53731320120672,55.31738649859158,55.3497302573471,17479700
2018-04-27,55.47256088256836,55.5760518975481,55.37553466324087,55.54371311441128,7014700
2018-04-30,55.43374252319336,55.53076873392566,55.4272777281138,55.43374252319337,12473000
2018-05-01,55.47469711303711,55.4746971130371,55.33178726684341,55.39674493621714,18707700
2018-05-02,55.45521926879883,55.572145074946505,55.422737950887075,55.474706077164555,12057000
2018-05-03,55.4487190246582,55.47470308639608,55.35777728655214,55.47470308639608,21626200
2018-05-04,55.48770523071289,55.50719204245004,55.31881622502146,55.35129259259867,14862100
2018-05-07,55.53968811035156,55.55917492726197,55.474730401998386,55.494217218908794,23063900
2018-05-08,55.45521926879883,55.520176948669025,55.416240696114066,55.50718243912301,13693500
2018-05-09,55.54617691040039,55.56566372434369,55.4357433714638,55.44224062809648,10476200
2018-05-10,55.70853042602539,55.72801722485439,55.5721178782715,55.58510742550721,13375800
2018-05-11,55.6890754699707,55.760525454548215,55.62411282879417,55.70856227994218,8505100
2018-05-14,55.702091217041016,55.74756211367383,55.58516534627721,55.68260439790639,14695800
2018-05-15,55.42925262451172,55.60463891087239,55.3902740395778,55.57865483956806,20008800
2018-05-16,55.50067901611328,55.520165820573204,55.40324003786136,55.45520815372269,13028100
2018-05-17,55.533164978027344,55.57863584828376,55.43572598291983,55.43572598291983,13198300
2018-05-18,55.47469711303711,55.51367072347084,55.42922624888025,55.442215800373994,14241600
2018-05-21,55.55266571044922,55.58514703561108,55.46822120336457,55.46822120336457,7000400
2018-05-22,55.591644287109375,55.62412065631406,55.546173405459285,55.57864977466398,6220700
2018-05-23,55.637107849121094,55.63710784912109,55.468213901231486,55.52667928763524,13053100
2018-05-24,55.6695442199707,55.68253872137103,55.55261848711865,55.55261848711865,12468600
2018-05-25,55.578643798828125,55.630611931113286,55.51368611144862,55.59163830987635,12895700
2018-05-29,55.34479522705078,55.474715564964654,55.318816115422145,55.45522875326611,13519800
2018-05-30,55.513648986816406,55.53313578440312,55.40322049652467,55.40322049652467,15145000
2018-05-31,55.46171951293945,55.53967171352292,55.448729957485874,55.53317445781913,17391000
2018-06-01,55.58830642700195,55.614407883581016,55.52957690511311,55.56220497042289,12891000
2018-06-04,55.70575714111328,55.73838022611661,55.614404537754346,55.640501014419605,13830900
2018-06-05,55.771018981933594,55.80364207319145,55.66009151063684,55.70576782107341,10614100
2018-06-06,55.90805435180664,55.92762920448455,55.71229586833742,55.731875699360366,6920900
2018-06-07,55.927608489990234,55.96675818084578,55.82320765492771,55.875405583287375,13764400
2018-06-08,55.894981384277344,55.9406576797692,55.83625187387761,55.855826717896576,9784000
2018-06-11,55.9994010925293,56.0189759431481,55.914575080399636,55.921096711709566,10429300
2018-06-12,56.045066833496094,56.09726974419728,55.96676246744433,56.005917139642,12432400
2018-06-13,56.06467056274414,56.14950158092106,56.0059459917104,56.05814892930448,9958900
2018-06-14,56.227787017822266,56.24084023814583,56.136434388936934,56.169062461400934,13954300
2018-06-15,56.19515609741211,56.22125755607918,56.11032511215805,56.188629488159286,16303700
2018-06-18,56.188629150390625,56.20167739047363,56.103803143990696,56.149479451797454,11512000
2018-06-19,56.11030578613281,56.13640723580979,56.03200641544437,56.07768270779346,12543200
2018-06-20,56.169063568115234,56.20168666287712,56.13643549500835,56.169063568115234,10422800
2018-06-21,56.051597595214844,56.16252505491664,56.03202274683735,56.16252505491664,8132500
2018-06-22,56.0580940246582,56.17554305169329,56.038514208477764,56.142919981408404,7385200
2018-06-25,55.927608489990234,55.99285963419721,55.875405583287375,55.96675818084578,13975400
2018-06-26,55.92107391357422,55.94065373455515,55.85582277866522,55.927600520567864,7503900
2018-06-27,55.80363845825195,55.92761914069599,55.7710153691074,55.88846944238488,13119200
2018-06-28,55.64701843261719,55.73184939197168,55.56871905886558,55.69269472675319,13829300
2018-06-29,55.516536712646484,55.80364281994216,55.5034834932931,55.71881680752325,17450500
2018-07-02,55.56962966918945,55.582741606302704,55.45164723886413,55.47786611235185,22438600
2018-07-03,55.57617950439453,55.68760595386627,55.543404665967195,55.60894934208362,10098600
2018-07-05,55.785945892333984,55.79905283206059,55.64174455164102,55.648300521874354,12729400
2018-07-06,55.93015670776367,55.93015670776368,55.7925113139865,55.79906228458952,9640300
2018-07-09,56.01530075073242,56.06773846048137,55.94975611391384,55.95631207781627,11517200
2018-07-10,56.02188491821289,56.09398555523214,56.015328951009934,56.041547819084,7531700
2018-07-11,55.93667984008789,56.00878048676577,55.910465969239965,55.96945467975545,14111200
2018-07-12,56.113651275634766,56.13987014502625,56.002224831274475,56.02844370066596,10327300
2018-07-13,56.113651275634766,56.185751916276836,56.113651275634766,56.15953304688536,9860300
2018-07-16,56.074317932128906,56.12675066312372,56.04809906626283,56.120199697210204,7963100
2018-07-17,56.093963623046875,56.13984537405274,56.00875108493897,56.03496994276173,10721000
2018-07-18,56.120201110839844,56.15952691026089,56.06120741097083,56.113645144023856,12838600
2018-07-19,56.093963623046875,56.1332894094131,56.03496994276173,56.08740765840724,6907300
2018-07-20,56.120201110839844,56.16608287707688,56.09398224431334,56.12020111083985,9329000
2018-07-23,56.10054016113281,56.16608983593929,56.10054016113281,56.152977900682764,7459200
2018-07-24,56.21852493286133,56.257855739542585,56.107098482197415,56.107098482197415,11803700
2018-07-25,56.32338333129883,56.336490262391216,56.18573805151332,56.231619811441824,11342300
2018-07-26,56.3299560546875,56.375837828265276,56.30373718396617,56.3299560546875,9233600
2018-07-27,56.31026840209961,56.35615015551123,56.2447187537378,56.33648226056105,10811200
2018-07-30,56.3299560546875,56.375837828265276,56.27096234537993,56.3299560546875,8400500
2018-07-31,56.447940826416016,56.467603730092385,56.402059050925,56.43482889013945,10709500
2018-08-01,56.49862289428711,56.53153297764122,56.39329857441797,56.45254475987936,23297900
2018-08-02,56.531532287597656,56.53811631304411,56.426212991154074,56.45254407079995,10989200
2018-08-03,56.57759475708008,56.6039258294358,56.51176958726005,56.51835361088361,6940500
2018-08-06,56.682952880859375,56.68295288085938,56.524971374563584,56.524971374563584,7521900
2018-08-07,56.70930480957031,56.761967005069415,56.524992147466826,56.524992147466826,8408200
2018-08-08,56.67634582519531,56.72242395506553,56.663182797577896,56.69609287769119,10103600
2018-08-09,56.63685989379883,56.70268508566453,56.6105288126245,56.68293803031884,6354700
2018-08-10,56.538108825683594,56.61710205416013,56.49203069794043,56.544692850258116,9473300
2018-08-13,56.49862289428711,56.58419513757579,56.459123763266184,56.58419513757579,10479000
2018-08-14,56.597381591796875,56.61712865265828,56.51838832620962,56.53155135940335,9767700
2018-08-15,56.49862289428711,56.54470102869486,56.432797705438894,56.524953974254394,14684800
2018-08-16,56.571006774902344,56.6039168435186,56.518344638551056,56.551259729305045,14931800
2018-08-17,56.63685989379883,56.65660694914452,56.544703620758796,56.544703620758796,15280900
2018-08-20,56.66318130493164,56.70925943358804,56.63026620354591,56.66976030749729,8174900
2018-08-21,56.748775482177734,56.80143765590351,56.66978222158907,56.68295027609117,9281400
2018-08-22,56.76853942871094,56.79487052340653,56.742208334015345,56.742208334015345,8297400
2018-08-23,56.76194381713867,56.8211849962669,56.73561273014568,56.76852282228092,7751800
2018-08-24,56.86066818237305,56.88042026042581,56.77509593270588,56.79484298861827,7458500
2018-08-27,56.88043212890625,56.913342221580365,56.85410104148211,56.87384810151486,5581700
2018-08-28,56.854095458984375,56.88042654382307,56.821180347400784,56.854095458984375,8175300
2018-08-29,56.8211669921875,56.86724512428981,56.794835913537646,56.83433002044256,7403700
2018-08-30,56.775062561035156,56.840887716098734,56.75531551672983,56.827724693940986,8481700
2018-08-31,56.84750747680664,56.88700159024623,56.79484531079347,56.80142933708026,9569300
2018-09-04,56.729183197021484,56.80851728382587,56.66968641477566,56.78207258822441,16029000
2018-09-05,56.66965103149414,56.74237263803991,56.64981878312835,56.722540389674116,13369200
2018-09-06,56.71592330932617,56.7423679862482,56.669646385664215,56.722535739508274,13137500
2018-09-07,56.65641784667969,56.70269476733695,56.61014092602243,56.61014092602243,12374700
2018-09-10,56.7688102722168,56.78203008821783,56.70269606079308,56.72253335050391,6997900
2018-09-11,56.78203582763672,56.84153761517115,56.69609440542775,56.69609440542775,17897800
2018-09-12,56.914268493652344,56.95393804325685,56.80188236469018,56.80188236469018,14041900
2018-09-13,57.02003860473633,57.059703104530016,56.967149242473276,56.967149242473276,10375800
2018-09-14,57.07294464111328,57.11260915249513,57.00683544087398,57.01344283023184,12945000
2018-09-17,57.03327941894531,57.07294897714967,57.00683977188781,57.05972410981187,13279900
2018-09-18,57.02664566040039,57.09275483509387,57.01342079917766,57.04647790842776,19882300
2018-09-19,56.92088317871094,57.04649417711538,56.90766335752486,57.01343705843795,14471100
2018-09-20,57.000213623046875,57.00021362304688,56.80849344325212,56.93410443369196,15360100
2018-09-21,57.013465881347656,57.03991058089697,56.98702118179834,57.00024605347836,10966700
2018-09-24,56.98697280883789,57.02002991616693,56.90764382133847,56.98697280883789,10229400
2018-09-25,56.94069290161133,56.97375000720844,56.91424822589487,56.94069290161133,13240400
2018-09-26,57.000213623046875,57.07954263274965,56.9671565064655,56.98038137062119,19504800
2018-09-27,57.105987548828125,57.119212413037445,57.03326592710046,57.05971061171124,7996600
2018-09-28,57.14564895629883,57.16548120597952,57.03987023292567,57.086147163449645,17085200
2018-10-01,57.31098556518555,57.31098556518555,57.20472870255221,57.21801334368442,22566000
2018-10-02,57.26453399658203,57.31102013537318,57.23132744032729,57.28445590369122,13577600
2018-10-03,57.11178207397461,57.31764850432194,57.05201636191571,57.297726600302305,17930600
2018-10-04,56.899253845214844,57.0453545134975,56.83284583234271,56.99222607655715,24935100
2018-10-05,56.646907806396484,56.89261798860387,56.646907806396484,56.87933841116314,25063300
2018-10-08,56.520721435546875,56.68674399761426,56.500799538755835,56.68010167648174,12869500
2018-10-09,56.607078552246094,56.65356468930444,56.527390926779766,56.54067050882117,19488500
2018-10-10,56.20195770263672,56.52072326141046,56.188678126549206,56.52072326141046,25204700
2018-10-11,56.24846649169922,56.447695679564696,56.16213654581549,56.33480150419166,37665300
2018-10-12,56.54729461669922,56.58713841659689,56.40783625045007,56.52073039456501,31877600
2018-10-15,56.507469177246094,56.57388229341907,56.47426768576903,56.50083191891633,16658500
2018-10-16,56.70005416870117,56.71333881813462,56.607081889103995,56.61372421382072,18955700
2018-10-17,56.587135314941406,56.68674987583282,56.540649195406345,56.620341857440884,18739400
2018-10-18,56.34809494018555,56.57388841305717,56.34809494018555,56.54732417703639,28653800
2018-10-19,56.38127517700195,56.494169327421616,56.34806863082789,56.480889748916546,20606400
2018-10-22,56.40785217285156,56.54731057846603,56.36136603764674,56.514104024773125,15049900
2018-10-23,56.354713439941406,56.38127766473124,56.148847031079974,56.215255059750646,20873200
2018-10-24,56.07581329345703,56.39457395216041,56.05589138561423,56.368009719500236,23827800
2018-10-25,56.18869400024414,56.22853780636951,56.06915751525994,56.18869400024414,29513700
2018-10-26,55.93634033203125,56.13556442528285,55.89649146009453,55.98946371693354,27424100
2018-10-29,55.8831787109375,56.07576543339604,55.810128400122025,56.04920122340814,23379400
2018-10-30,56.01602554321289,56.0160255432129,55.776952588265395,55.896489065739146,24105300
2018-10-31,56.01602554321289,56.17540582430863,56.0160255432129,56.082433571452135,23047900
2018-11-01,56.272945404052734,56.33301167961626,56.059386041845315,56.11944722575202,33115700
2018-11-02,56.239601135253906,56.41311978979771,56.152844353811616,56.339708247169916,19675800
2018-11-05,56.28632736206055,56.35306884326874,56.21292089771979,56.239611380210896,12299600
2018-11-06,56.43315505981445,56.43315505981445,56.31302751220235,56.33305301318817,14675500
2018-11-07,56.760169982910156,56.7735152247539,56.48654415433986,56.48654415433986,26155500
2018-11-08,56.62002182006836,56.78019528596249,56.60667657707426,56.626696987395825,20677500
2018-11-09,56.29966735839844,56.513226820738964,56.24627621989851,56.506551655511664,20869300
2018-11-12,55.95263671875,56.333044807158096,55.93261631234112,56.27965366229452,22319600
2018-11-13,55.85918426513672,56.07274367457167,55.812468303437136,55.96596651568317,22907600
2018-11-14,55.752410888671875,56.05272707830677,55.61893306643325,55.93259958412116,44747700
2018-11-15,55.73905563354492,55.73905563354492,55.38534834628066,55.51882615672047,32332600
2018-11-16,55.572235107421875,55.592260605989814,55.39204635358997,55.4988286459792,64912800
2018-11-19,55.39872360229492,55.552216788799534,55.325312046432664,55.42541917639575,36567300
2018-11-20,55.22518539428711,55.37200845410946,55.19181466554264,55.245205794870465,21901900
2018-11-21,55.50547409057617,55.618926407151584,55.43873773327638,55.50547409057617,16560400
2018-11-23,55.19850158691406,55.325304273162054,55.19850158691406,55.27858829796428,9708100
2018-11-26,55.45875930786133,55.48545486967913,55.33196175379902,55.412043347594626,19807100
2018-11-27,55.432071685791016,55.438746850116026,55.30527411356701,55.35199008052501,14370700
2018-11-28,55.89259338378906,55.9059386284452,55.43210352239991,55.46547427153243,23513100
2018-11-29,55.905921936035156,55.986008655043996,55.75242875584312,55.78579440335186,17927900
2018-11-30,55.792442321777344,55.88587423582771,55.75907669056361,55.76574676181189,15081000
2018-12-03,56.1786003112793,56.19871116295676,55.97748156518024,56.07804093822977,27052900
2018-12-04,55.83000946044922,56.11827700917459,55.77637709913671,56.06464464786208,32066500
2018-12-06,55.635581970214844,55.70261984763464,55.454579189715176,55.541727918894686,27661900
2018-12-07,55.5283317565918,55.903748025203015,55.5283317565918,55.816599281322,28901200
2018-12-10,55.568538665771484,55.6154656868485,55.34730908869626,55.52161164469447,23434700
2018-12-11,55.66910171508789,55.81658810956932,55.62217469090398,55.7629557634557,19243900
2018-12-12,55.85013198852539,56.0378401776819,55.836726452727596,55.85683731375657,17571500
2018-12-13,55.98418045043945,56.04451299853505,55.93054810902453,55.977475129097186,15859200
2018-12-14,55.749568939208984,55.96409328097807,55.70934210879595,55.89035005899522,16397600
2018-12-17,55.387550354003906,55.74956108876167,55.34062332068326,55.70262894077799,24124900
2018-12-18,55.28718185424805,55.52293269313413,55.165937831537654,55.47578252535691,25284300
2018-12-19,54.788734436035156,55.40842899755769,54.72137778384316,55.31412865669227,32062700
2018-12-20,54.31048583984375,54.687692275023025,53.89287158733481,54.606861223416985,68796100
2018-12-21,54.04105758666992,54.51255919214979,53.9534893320936,54.28354045592951,56295000
2018-12-24,53.636905670166016,54.121881670282605,53.636905670166016,54.04105576291778,18853600
2018-12-26,54.539520263671875,54.539520263671875,53.58304233676074,53.70428637953706,25010300
2018-12-27,54.50582504272461,54.53950593313965,54.14209300996809,54.21618685769529,31806100
2018-12-28,54.586673736572266,54.77527445028707,54.45869247841549,54.552992835272896,30106400
2018-12-31,54.6270751953125,54.78200011406444,54.62033798867556,54.68769977707906,14153600
2019-01-02,54.5529899597168,54.63382103518416,54.32397628770156,54.37112646364492,26977400
2019-01-03,54.579917907714844,54.667486165624304,54.41152373663638,54.499091994545836,32776600
2019-01-04,55.4959831237793,55.57007697085903,54.94365044308278,55.0110070843419,38754000
2019-01-07,56.03485870361328,56.03485870361328,55.61723921472041,55.62397642200447,38127600
2019-01-08,56.39860916137695,56.40534123186784,56.082027122811795,56.16959029005924,30795000
2019-01-09,56.46595764160156,56.58720169964196,56.439013946594315,56.479426919613,40909400
2019-01-10,56.68822479248047,56.72190054840015,56.27734254178579,56.35143639938536,50520000
2019-01-11,56.50634002685547,56.566964592550825,56.432246190439805,56.45918987086201,19793300
2019-01-14,56.324485778808594,56.42551817311556,56.27733561513787,56.358161530583445,20137700
2019-01-15,56.51308059692383,56.54002427895046,56.27732980291812,56.32447996171926,24799000
2019-01-16,56.60065460205078,56.674748457137895,56.55350443417561,56.58718532793625,26508100
2019-01-17,56.75558853149414,56.77579501536614,56.50636323944418,56.540044138553306,24574400
2019-01-18,56.91722869873047,57.0317354994432,56.8431348538029,56.86334133169548,36236400
2019-01-22,56.54006576538086,56.80949250537606,56.465971870186486,56.802760434166146,25504200
2019-01-23,56.65455627441406,56.73538735644926,56.492899249327834,56.62087537215335,18529400
2019-01-24,56.715171813964844,56.72864622953202,56.540045523462105,56.634345876497065,17875500
2019-01-25,56.85663604736328,56.910518300797335,56.80948072475853,56.82295514235549,16775200
2019-01-28,56.76904296875,56.8027238590552,56.627592479636384,56.70842353297945,14694100
2019-01-29,56.73538589477539,56.8162118357441,56.60066742818748,56.8162118357441,18717000
2019-01-30,57.18666076660156,57.2742238843659,56.80272226720067,56.809454333887174,25993500
2019-01-31,57.3281135559082,57.415676677191925,57.173188653194416,57.173188653194416,27070400
2019-02-01,57.30039596557617,57.35453078585114,57.205662611385286,57.28686484179774,24749900
2019-02-04,57.435691833496094,57.4695273655935,57.252993382871246,57.307128169196154,15968400
2019-02-05,57.63871383666992,57.69961161957015,57.46954644517495,57.47631458635689,33188300
2019-02-06,57.58460235595703,57.6590364513693,57.53046752973334,57.591370499880284,25936800
2019-02-07,57.38833999633789,57.449242937315,57.286843699007214,57.40187627770111,27119400
2019-02-08,57.37483215332031,57.388363277594124,57.23273211683165,57.32069733106345,16728100
2019-02-11,57.40187072753906,57.42893812506968,57.31390039492002,57.36126704995404,10051800
2019-02-12,57.679317474365234,57.69961673713238,57.564284876965026,57.57105301874726,20174000
2019-02-13,57.59813690185547,57.72670065702208,57.55077022098755,57.71316953216597,25088400
2019-02-14,57.604881286621094,57.66578423526506,57.422182765847886,57.503384976513395,19406700
2019-02-15,57.78758239746094,57.828180919696706,57.70638019041028,57.70638019041028,24052000
2019-02-19,57.80788803100586,57.841723578318266,57.69285543027121,57.71992283560519,11317700
2019-02-20,57.85527038574219,57.88910594222827,57.74023775381924,57.82820297306953,9925700
2019-02-21,57.80112075805664,57.87555483319927,57.753754088654944,57.821420021717394,15479800
2019-02-22,57.9161491394043,57.970283946940654,57.84848321127356,57.86878247345484,12330300
2019-02-25,57.9635124206543,58.078544997771836,57.93644502087747,57.99734279844135,13698200
2019-02-26,58.03794479370117,58.105615878486525,57.97027887149475,58.00411441388743,16049300
2019-02-27,58.05823516845703,58.098833679441555,58.01086851811585,58.05823516845703,14818900
2019-02-28,58.024410247802734,58.07854504740265,57.99057470740813,58.044709507008044,21340600
2019-03-01,58.18889236450195,58.22287930733442,58.11412523881404,58.14811218164651,26455300
2019-03-04,58.10053253173828,58.28404853697797,58.005370130648856,58.25686002033518,16034400
2019-03-05,58.07332992553711,58.10731167383658,58.0189529054443,58.10051843558352,14510100
2019-03-06,57.97822189331055,58.05978230692729,57.951033360210815,58.04619063321865,16806400
2019-03-07,57.93741989135742,58.0053886117803,57.82867097581702,57.998595369714685,28101100
2019-03-08,57.84228515625,57.85588201703467,57.64517216033605,57.76072473427387,21043400
2019-03-11,58.032569885253906,58.03936831215095,57.8082736544549,57.821865322568655,17922400
2019-03-12,58.134490966796875,58.16847789538585,57.97136511805972,57.98495677808897,20180500
2019-03-13,58.29084014892578,58.29763338803293,58.15489758160219,58.168494431173905,24524800
2019-03-14,58.25007247924805,58.338436471268466,58.2364808112266,58.26366933294978,12342500
2019-03-15,58.30445098876953,58.372419701946434,58.284060893384506,58.29085932040632,21775300
2019-03-18,58.2840461730957,58.33842320417586,58.229669142015545,58.311234688635786,10498900
2019-03-19,58.31804275512695,58.426791649586626,58.28405580866333,58.32483599587571,14067200
2019-03-20,58.56955337524414,58.65791740082994,58.2161128299477,58.324861772468815,31184400
2019-03-21,58.55598831176758,58.63075551246343,58.481221111071726,58.49481279043251,16400700
2019-03-22,58.34521484375,58.487955842840684,58.284044574721676,58.46756056748561,27030400
2019-03-25,58.32481002807617,58.3927838907396,58.216061182034466,58.304419943548204,23592100
2019-03-26,58.467594146728516,58.5559581669797,58.37923531215928,58.42001551493248,18762700
2019-03-27,58.50837326049805,58.617122184791185,58.372430623029885,58.50157483220429,16706700
2019-03-28,58.62392807006836,58.62392807006837,58.48119217183178,58.515173946260276,19706700
2019-03-29,58.77345275878906,58.81423295568824,58.65790541045393,58.67149708085993,22358900
2019-04-01,58.75910186767578,58.90246607867147,58.7454503655134,58.854678008339576,21353900
2019-04-02,58.78643035888672,58.80691022344934,58.67037432069131,58.77277364350442,15129300
2019-04-03,58.806880950927734,58.92293693135353,58.77957274226728,58.847840659664314,13746500
2019-04-04,58.895626068115234,58.90245442209964,58.8000499463656,58.8137066543344,14435700
2019-04-05,59.004878997802734,59.05266707495653,58.94343420802799,58.957090920648945,14227000
2019-04-08,58.97072219848633,58.99120726039162,58.92293413772329,58.97755055245476,11472100
2019-04-09,58.92977523803711,58.99804316696362,58.8956386693193,58.93660359348249,19118700
2019-04-10,59.18923568725586,59.18923568725586,59.00491163300283,59.00491163300283,16767000
2019-04-11,59.277957916259766,59.29843777735846,59.15507354115766,59.182381758792566,20976100
2019-04-12,59.36668395996094,59.400820521621384,59.25062798392827,59.34620410636788,17442800
2019-04-15,59.32573318481445,59.359864543105665,59.277945116399714,59.359864543105665,13940000
2019-04-16,59.29159927368164,59.37352391256581,59.271119416087856,59.36669555719819,11543800
2019-04-17,59.14822006225586,59.353029003273,59.14139170861989,59.353029003273,11818600
2019-04-18,59.17555236816406,59.25064866322026,59.107284429524746,59.25064866322026,15295500
2019-04-22,59.073143005371094,59.16189600597343,59.066314649514894,59.13458779105805,24591400
2019-04-23,59.277957916259766,59.31208928192094,59.11410861045033,59.14824518462145,15094100
2019-04-24,59.19601821899414,59.29159435217116,59.18918986419332,59.29159435217116,11938800
2019-04-25,59.223331451416016,59.264291166676806,59.100447097124594,59.18919488302598,14369000
2019-04-26,59.3735237121582,59.38035206750277,59.291599073550564,59.291599073550564,11937200
2019-04-29,59.346221923828125,59.394009999395294,59.346221923828125,59.35987342748606,7601200
2019-04-30,59.35304641723633,59.42131434810236,59.33938970595757,59.37352627564521,11168100
2019-05-01,59.158329010009766,59.55596417959947,59.15147178831957,59.36399858596721,24574300
2019-05-02,59.199462890625,59.28859108253765,59.082916272538284,59.206320112432365,24936600
2019-05-03,59.35031509399414,59.37088153745008,59.28175853896437,59.31603420121432,18522700
2019-05-06,59.37773132324219,59.38458854704505,58.95952959026425,59.0829334660697,18893700
2019-05-07,59.02122497558594,59.26803271073223,58.92524477086558,59.23375705506289,30266300
2019-05-08,59.04177474975586,59.16517857156423,58.980070223588214,59.02806030815108,27527500
2019-05-09,58.95264434814453,59.000634430897975,58.74011758602595,58.95264434814453,30890400
2019-05-10,59.117218017578125,59.172060119811505,58.78813925153015,58.932109577135655,33782400
2019-05-13,58.575584411621094,58.80182039783781,58.56186996971278,58.74012110083153,34801600
2019-05-14,58.705848693847656,58.8429669800724,58.637292165999185,58.692139480489075,18128500
2019-05-15,58.76070022583008,58.794981107478684,58.575597064300815,58.609872715421254,19543700
2019-05-16,58.93896484375,59.03494505763243,58.82241818839696,58.84298462986757,29384100
2019-05-17,58.918392181396484,59.028081601168,58.81555475437212,58.81555475437212,27089400
2019-05-20,58.86354446411133,59.0143719920051,58.80869713932654,58.90467734243553,15780000
2019-05-21,59.04865646362305,59.06237091213133,58.9526762461833,58.9526762461833,15004300
2019-05-22,59.09663772583008,59.09663772583008,58.93895820529569,59.01437196921345,14976200
2019-05-23,58.80184555053711,58.952673092883295,58.73328900325137,58.9321066517505,18333400
2019-05-24,58.719573974609375,58.93895804252916,58.71271675140066,58.87040150202837,17611600
2019-05-28,58.66471862792969,58.83611257100889,58.60987131081761,58.788122476167835,20544600
2019-05-29,58.507041931152344,58.63044579633231,58.445342613826746,58.58931291811524,25441900
2019-05-30,58.630435943603516,58.71956413880103,58.575593858706455,58.60986950795114,20311900
2019-05-31,58.20538330078125,58.50703307961771,58.19166885643124,58.43847654945161,34947400
2019-06-03,58.299034118652344,58.38856411482167,58.17506667927076,58.29903411865235,58940600
2019-06-04,58.88444900512695,58.89133754642292,58.478114393761665,58.478114393761665,34113300
2019-06-05,59.02223205566406,59.03600914846847,58.836283338175306,58.939590516523,28368700
2019-06-06,59.146156311035156,59.2012541330666,58.93265881868521,59.00841701037407,23538600
2019-06-07,59.29768753051758,59.373445741160914,58.65030635013658,59.22881786295605,29934000
2019-06-10,59.38721466064453,59.46296760645181,59.352777204390044,59.40787503262998,17482200
2019-06-11,59.4698600769043,59.68336286183258,59.380330040914025,59.58005574066321,34293700
2019-06-12,59.33211898803711,59.469858309223135,59.31834190326753,59.45608647887185,18195500
2019-06-13,59.4698600769043,59.51118607802312,59.40099041426421,59.43542787279348,19438500
2019-06-14,59.42852020263672,59.47672947641007,59.380310928863366,59.44918056933719,8842000
2019-06-17,59.338966369628906,59.42849634085505,59.31141747361748,59.39405890723711,10554000
2019-06-18,59.75224304199219,59.75912633137487,59.60072660486316,59.62138698184996,22540400
2019-06-19,60.03459930419922,60.04837638928343,59.60760424612003,59.71090611215957,28212600
2019-06-20,60.33762741088867,60.36517632448722,60.11724135651829,60.21365992690421,48362000
2019-06-21,60.14479446411133,60.227435956251696,60.144794464111335,60.17922666769703,22467800
2019-06-24,60.1379280090332,60.17236547968543,60.11037908339548,60.14481655404771,13764100
2019-06-25,59.88309097290039,60.13102599367807,59.841770220910476,60.13102599367807,26173600
2019-06-26,59.855525970458984,60.02770271493125,59.834860347411826,60.00015380528562,19554600
2019-06-27,60.02081298828125,60.05524518384519,59.931277720097285,59.958826629198725,12995100
2019-06-28,60.0414924621582,60.089701754822,60.02083208736213,60.05526429388265,14690800
2019-07-01,60.05947494506836,60.36385545299622,60.04564186642917,60.273921969588486,26036100
2019-07-02,60.19088363647461,60.22546895512698,60.07327877526132,60.100950196853624,20683200
2019-07-03,60.419185638427734,60.45377624746503,60.2047386401971,60.218576994926394,16237900
2019-07-05,60.17707443237305,60.24625038096581,60.080227048785865,60.239336480557135,17591400
2019-07-08,60.05947494506836,60.1494031506895,60.05255576685547,60.1494031506895,16679400
2019-07-09,59.99028396606445,60.0456268223285,59.9764456131058,60.01795539419648,19189100
2019-07-10,60.15632247924805,60.23933678465037,60.107898787210004,60.135570222344114,24497000
2019-07-11,60.038719177246094,60.19090942231018,59.955704876905784,60.19090942231018,19191200
2019-07-12,60.13555145263672,60.14247062870726,59.99028042186507,60.038704098788955,21291200
2019-07-15,60.17707443237305,60.23241730236189,60.08714622698111,60.12173684017078,10735200
2019-07-16,60.052547454833984,60.170152357028684,59.99720987015009,60.170152357028684,20147200
2019-07-17,59.976463317871094,60.10098214232994,59.96954941713608,60.10098214232994,9361300
2019-07-18,60.00413131713867,60.01796967338968,59.84502716475779,59.98337906054869,17236600
2019-07-19,59.900390625,60.03182867721479,59.879638359447945,60.00415723054911,14771000
2019-07-22,60.10099792480469,60.100997924804695,59.941893721529695,59.9695651650967,12852800
2019-07-23,60.204734802246094,60.225487055231184,60.080216006549996,60.14939194242881,14051800
2019-07-24,60.253150939941406,60.260070115998516,60.17705583666804,60.19089418878226,12713700
2019-07-25,60.170162200927734,60.287761844575996,60.121738507790994,60.287761844575996,14272500
2019-07-26,60.30158615112305,60.31542450588424,60.239329388055566,60.26700081979199,8512700
2019-07-29,60.21165084838867,60.294665133798176,60.156307991449005,60.287745957234385,14731800
2019-07-30,60.23933792114258,60.24625182171659,60.073309307205584,60.11481909958318,13794100
2019-07-31,60.13555145263672,60.36383676289999,59.893433068017316,60.2877416594789,23449700
2019-08-01,60.10569763183594,60.43220887032706,60.08485739110892,60.1265431727259,28839000
2019-08-02,60.01538848876953,60.08485772496657,59.869501502706854,60.08485772496657,23559600
2019-08-05,59.3901481628418,59.654138651282345,59.2928901829413,59.654138651282345,47727900
2019-08-06,59.77223205566406,59.827809554034545,59.51519010082207,59.654133846748266,28695000
2019-08-07,59.765289306640625,59.834758536221834,59.36236035484217,59.52909286603204,38028500
2019-08-08,60.001487731933594,60.03621969472378,59.77918302946005,59.77918302946005,27074700
2019-08-09,59.91814041137695,59.987609659067516,59.80004216028661,59.89730016708617,19090800
2019-08-12,59.709686279296875,59.84168146919198,59.66105730936081,59.751372039356504,17466700
2019-08-13,59.97367858886719,60.02925607062821,59.66105922908171,59.702744990482664,30078600
2019-08-14,59.43877410888672,59.72360482126777,59.39709363396739,59.702764583808104,29745300
2019-08-15,59.61246109008789,59.674987114448584,59.501311369237825,59.54299185203621,27296500
2019-08-16,59.81391525268555,59.83475549048284,59.702765551045914,59.702765551045914,15780200
2019-08-19,59.98759078979492,59.99453930242746,59.89728132622068,59.925070076588646,13603000
2019-08-20,60.036231994628906,60.07096926469807,59.918133756654974,60.01539175265272,16126800
2019-08-21,60.293270111083984,60.33495059233918,60.14738312652785,60.189063607783055,18334300
2019-08-22,60.40440368652344,60.45998118012088,60.26546525269135,60.39746047494489,20677200
2019-08-23,60.12654113769531,60.53641332522206,60.077912144257176,60.293268358031376,30340300
2019-08-26,60.42526626586914,60.42526626586914,60.25853373804665,60.31411124732082,14187800
2019-08-27,60.397464752197266,60.56419194463543,60.29325826936271,60.5433517081009,14722700
2019-08-28,60.54335021972656,60.57113896781009,60.36272600726451,60.38356624328672,13576000
2019-08-29,60.60588455200195,60.723988082947066,60.571152584211106,60.67535378774658,16271400
2019-08-30,60.55030822753906,60.71008692887431,60.4183129784827,60.703138415723295,14413600
2019-09-03,60.3765983581543,60.502179661770775,60.271946384670485,60.502179661770775,20561500
2019-09-04,60.502174377441406,60.523103705746074,60.41147352436112,60.481245049136724,13526700
2019-09-05,60.73937225341797,60.78820912041526,60.54402478542878,60.55798121761046,23399100
2019-09-06,60.79518508911133,60.906815251161,60.72541889923983,60.823092629623744,25162700
2019-09-09,60.85797882080078,60.87890814562986,60.71146290135894,60.83007128008896,17484200
2019-09-10,60.892845153808594,60.91377447379114,60.76726391109544,60.86493761955924,14055800
2019-09-11,60.88588333129883,60.906817979735315,60.81611713830186,60.8579811123555,13999200
2019-09-12,60.92076110839844,60.99750550748715,60.87192424741641,60.934712216042456,23246400
2019-09-13,60.80911636352539,60.913762943629905,60.77423062161262,60.816089253654425,34407300
2019-09-16,61.02542495727539,61.03240317386881,60.82309925862356,60.906821889285595,23020800
2019-09-17,61.0603141784668,61.06729239606407,60.934732875818014,61.04636306609268,14626400
2019-09-18,61.02542495727539,61.07426182778999,60.83007747521698,61.018446740681966,15913800
2019-09-19,60.95562744140625,61.074230448459005,60.92771991219085,60.9905078608128,13327000
2019-09-20,61.032405853271484,61.0533351811509,60.934726785134366,60.976590763713105,23298400
2019-09-23,61.00448226928711,61.053319129105596,60.96959651678025,60.98355294691039,15456800
2019-09-24,60.92076110839844,61.06727169134453,60.84401670930973,61.0602934761132,21934200
2019-09-25,60.85797882080078,60.89983747045894,60.71844111724168,60.87192992974712,15142100
2019-09-26,60.81611633300781,60.87890963184714,60.725420815594624,60.857980306507116,13873100
2019-09-27,60.746315002441406,60.857945103441835,60.69747816395777,60.80910826495819,13419200
2019-09-30,60.81611633300781,60.81611633300781,60.71146438348844,60.73937192488155,21827700
2019-10-01,60.67600631713867,60.84412120326703,60.6269725860064,60.83010851192874,27665700
2019-10-02,60.318763732910156,60.64799253775078,60.2697299967175,60.640986191358564,33789500
2019-10-03,60.35379409790039,60.40982883990152,60.06659266393368,60.32577405476144,30387800
2019-10-04,60.542938232421875,60.549944581072296,60.381824279131216,60.430858031127826,17588600
2019-10-07,60.4938850402832,60.58494616636286,60.416831262724855,60.50089138668208,14542500
2019-10-08,60.26974868774414,60.465883693340736,60.26974868774414,60.4308572947936,15471500
2019-10-09,60.45185089111328,60.50788562320957,60.41682450731176,60.43083185426687,11351300
2019-10-10,60.52890396118164,60.577937691372135,60.45185019312862,60.465857539922,11092800
2019-10-11,60.78108215332031,60.82311488815773,60.64098728859967,60.69002102567955,18661400
2019-10-14,60.823143005371094,60.85116306012359,60.72507548587686,60.78111025110285,9842600
2019-10-15,60.956214904785156,60.99124129971075,60.802112662234094,60.83012736504154,26321500
2019-10-16,60.90718460083008,60.949217345971924,60.900183596871294,60.9352046494987,11813000
2019-10-17,60.991207122802734,61.0122208102719,60.94217340394985,60.94917974786441,14814300
2019-10-18,61.00522232055664,61.03324235554785,60.91416121504165,60.99121497519865,21363700
2019-10-21,61.02627944946289,61.06130050685668,61.019273100272706,61.05429950194506,10090400
2019-10-22,61.040245056152344,61.0682650894707,60.99821767831226,61.0682650894707,15464300
2019-10-23,61.09632110595703,61.10332745448179,61.005254607969306,61.04728735483982,9097500
2019-10-24,61.16637420654297,61.16637420654297,61.06130034608113,61.12434680006965,14832800
2019-10-25,61.21541213989258,61.236425844563335,61.1523710258803,61.1523710258803,11593600
2019-10-28,61.2083854675293,61.2504182071938,61.19437811715922,61.22239816217651,10646500
2019-10-29,61.09632110595703,61.22240865801246,61.082308408907515,61.201394956716236,10655700
2019-10-30,61.01926803588867,61.138349240845656,60.94221423402754,61.13134289223697,24566400
2019-10-31,60.80908966064453,61.012230913609876,60.79508231477039,61.0052245685351,24576400
2019-11-01,61.070072174072266,61.13338188148274,60.90125523196736,60.90828546988444,23894100
2019-11-04,61.196659088134766,61.23183172850016,61.15445621296946,61.18259325194348,14135800
2019-11-05,61.133384704589844,61.25296315382814,61.070074994255755,61.245927548992334,21946800
2019-11-06,61.06304168701172,61.133387004828464,61.041940238304406,61.133387004828464,8976900
2019-11-07,61.034915924072266,61.18263682553894,61.020850077863436,61.154499766526015,15077600
2019-11-08,61.09120178222656,61.112303238892586,60.94348621896809,61.02789741222849,11692800
2019-11-11,61.0560417175293,61.084173418689375,60.97163051425824,61.034934891763825,4933600
2019-11-12,61.070072174072266,61.119310672460934,61.00676783325561,61.02083367568359,14690200
2019-11-13,61.00676727294922,61.03489895754681,60.97159461731157,61.00676727294922,15333600
2019-11-14,60.97159194946289,61.05600309934354,60.95049050364112,61.013794841106446,14965100
2019-11-15,61.15447998046875,61.16151021800095,61.02786593917321,61.03489617670541,12996200
2019-11-18,61.07712936401367,61.12636787980386,61.04899230261989,61.10526642540745,13135800
2019-11-19,60.85904312133789,61.02082981529052,60.85904312133789,61.01379421122471,20175500
2019-11-20,60.73243713378906,60.90125945419208,60.72540689538459,60.823883898989244,22566100
2019-11-21,60.74648666381836,60.809790986431,60.68317697461343,60.79572514804784,17853800
2019-11-22,60.9786376953125,60.9786376953125,60.774648074119405,60.83795242211325,20394800
2019-11-25,61.14043045043945,61.15450166368007,60.99271491098557,60.99271491098557,16885300
2019-11-26,61.21076202392578,61.21076202392578,61.12635622243714,61.16152351752584,11469400
2019-11-27,61.28814697265625,61.3022181861225,61.161532884437584,61.18966994477457,11814700
2019-11-29,61.15447998046875,61.27405841763856,61.14744437634302,61.27405841763856,11519500
2019-12-02,61.112831115722656,61.17638474341341,60.97865516251728,61.17638474341341,20966400
2019-12-03,61.028076171875,61.06338732804439,60.90096355248159,60.97158047709438,29757200
2019-12-04,61.21168899536133,61.23287353553317,61.056328517132584,61.056328517132584,12406800
2019-12-05,61.30345153808594,61.303451538085945,61.14103324141866,61.254019179832035,18158900
2019-12-06,61.38824462890625,61.44474033761791,61.33174892019459,61.402365862220506,16094700
2019-12-09,61.38824462890625,61.43767702709712,61.36706008507121,61.36706008507121,18034300
2019-12-10,61.53652572631836,61.54358903499148,61.36704403224493,61.38822857053837,15117100
2019-12-11,61.66366958618164,61.677790822956595,61.50124573076211,61.550683528796064,14127500
2019-12-12,61.80488967895508,61.868448699545695,61.670719102557,61.69190364684473,18958100
2019-12-13,61.868438720703125,61.896686571106436,61.790758479025655,61.826069638961435,18088100
2019-12-16,61.98849868774414,62.02380985374297,61.93200297723702,61.96025083249058,17517400
2019-12-17,62.17918014526367,62.17918014526368,61.995571751095596,61.995571751095596,18650700
2019-12-18,62.292152404785156,62.320400258228325,62.18622430130506,62.20740884445565,31575700
2019-12-19,62.259525299072266,62.316222807450586,62.16739590318651,62.302051133842006,29429300
2019-12-20,62.167423248291016,62.35877066451934,62.15324616147447,62.33042189786063,31918800
2019-12-23,62.195796966552734,62.22414574458436,62.174536734773156,62.18870842030069,9720200
2019-12-24,62.24538803100586,62.24538803100586,62.17451880984668,62.20995071693878,4854900
2019-12-26,62.33750534057617,62.358765562087015,62.28789635472622,62.323333661893585,11382700
2019-12-27,62.30915451049805,62.38002371550932,62.28789428969204,62.38002371550932,11627100
2019-12-30,62.26666259765625,62.380052296231376,62.20287649903955,62.365880611525576,12524300
2019-12-31,62.32332992553711,62.33041306096679,62.23119509521512,62.26663240025798,8310800
2020-01-02,62.58554458618164,62.59263312836616,62.401285745171634,62.43671764214735,15756600
2020-01-03,62.52177429199219,62.56429473820126,62.39420754639064,62.45090507931896,17342200
2020-01-06,62.45798110961914,62.493418415411085,62.40128899011523,62.44380943148659,17936900
2020-01-07,62.40129470825195,62.47925246255891,62.39420616504926,62.46507537615353,9640300
2020-01-08,62.45798110961914,62.52885572120303,62.38002336245584,62.41546066824778,16088100
2020-01-09,62.62095260620117,62.628041145070824,62.486297402532365,62.5359063606781,16649500
2020-01-10,62.642242431640625,62.65641951608253,62.57846177257249,62.6280707541722,16182900
2020-01-13,62.642242431640625,62.68476287101939,62.613893669730295,62.64933097386158,17762400
2020-01-14,62.635162353515625,62.71312010756036,62.564293142649746,62.62807921731098,29157100
2020-01-15,62.64933395385742,62.741463379218146,62.64224541129929,62.64933395385742,24637900
2020-01-16,62.67061233520508,62.74148156040159,62.635175019119174,62.698961106678745,22349200
2020-01-17,62.62095260620117,62.7272590613623,62.62095260620118,62.70599885172425,29626700
2020-01-21,62.48631286621094,62.67057707362591,62.48631286621094,62.606791021955544,19724900
2020-01-22,62.5997314453125,62.628080211503715,62.5288622333216,62.585554358729745,17731800
2020-01-23,62.40837478637695,62.507592758455935,62.38002602192954,62.493421079719205,28566200
2020-01-24,62.146148681640625,62.415453792280886,62.117799921524835,62.415453792280886,40838300
2020-01-27,61.72801971435547,61.92645565547168,61.62880174379736,61.82723768491357,41372700
2020-01-28,62.259525299072266,62.33748302134945,61.93352273635496,62.01148045863214,32628300
2020-01-29,62.224090576171875,62.52883291110399,62.209913496237306,62.34456872075691,17308200
2020-01-30,62.28791046142578,62.302087550293066,62.01151670524044,62.01860524967408,20103300
2020-01-31,62.03276443481445,62.224117247147916,61.933546460631945,62.224117247147916,35659700
2020-02-03,62.0228157043457,62.250552729589884,62.00857908607352,62.15091812040049,25754700
2020-02-04,62.392852783203125,62.40708939381974,62.25763756040164,62.271868741342196,25063800
2020-02-05,62.649078369140625,62.6704278625089,62.51385767157101,62.54232547262134,36687700
2020-02-06,62.69888687133789,62.73447297508006,62.53520382534898,62.62772009353067,18329900
2020-02-07,62.606353759765625,62.66328933856451,62.54229987619798,62.62058493962753,12865100
2020-02-10,62.69175720214844,62.69887550754214,62.54230536693738,62.592122645341064,14220000
2020-02-11,62.734466552734375,62.82698281144485,62.734466552734375,62.81986450548972,16821500
2020-02-12,62.898162841796875,62.95509844208764,62.81276487103842,62.85546385641765,26688200
2020-02-13,62.91952896118164,62.955109645436956,62.83412554554729,62.848356733313686,13297900
2020-02-14,62.91240310668945,62.97645158847419,62.87681699702371,62.94087090848645,11398800
2020-02-18,62.78429412841797,62.91239650822965,62.73447683791773,62.87681040229629,26635300
2020-02-19,62.812774658203125,62.89105976338149,62.80565634963822,62.84835534167058,18547500
2020-02-20,62.91952896118164,62.940878457670564,62.67043702300112,62.85547504203621,31277000
2020-02-21,62.862606048583984,62.89818674002636,62.741621924256336,62.869718929064604,23027000
2020-02-24,62.18648910522461,62.34305930371881,62.058386709154625,62.271892512497296,57828300
2020-02-25,61.7523307800293,62.492476948426194,61.69540063605657,62.45689628715264,68418000
2020-02-26,61.816429138183594,62.09398347233893,61.63139110552036,61.86624644355304,69233800
2020-02-27,60.9837532043457,61.69543194710272,60.8627636915218,61.29688815897781,72596300
2020-02-28,61.23284912109375,61.3111342292436,60.272083756147715,60.272083756147715,97472600
2020-03-02,61.697486877441406,61.761824946582514,60.92546822410516,61.218548117092695,72357700
2020-03-03,61.432987213134766,62.32653191682237,61.290016788286316,61.74751124027324,58721000
2020-03-04,62.276493072509766,62.305087157222765,61.897625540385505,61.94766927895627,52664700
2020-03-05,61.49017333984375,61.84044680982723,61.3686525623055,61.73322034868462,62455700
2020-03-06,60.796775817871094,60.96118496760094,60.11052877645576,60.425058215957506,69860600
2020-03-09,58.18049240112305,59.68164667292799,56.92952959899143,56.92952959899143,73609600
2020-03-10,59.074005126953125,59.238419691172176,57.99460199776382,59.05971081664636,57598000
2020-03-11,57.78730392456055,58.39491851222433,57.32980960347517,58.08038912131719,60006600
2020-03-12,55.478397369384766,57.36556312176223,54.49192609774855,54.59914708636728,82926400
2020-03-13,57.22259521484375,57.38700435808391,55.85725652341251,57.27977792123508,69164600
2020-03-16,54.07733917236328,55.50701103175813,53.11231175802482,54.12737746929149,43080100
2020-03-17,54.584869384765625,55.54274686636832,53.348200886617064,54.00585405495399,68569400
2020-03-18,52.17585754394531,53.433969935021054,51.40383911315594,52.790616697893476,54289800
2020-03-19,51.00354766845703,51.94713097325184,50.58894147825901,51.36811555664949,45706300
2020-03-20,49.85977554321289,51.56823193197686,49.6167340938546,51.04640507717253,55796500
2020-03-23,49.059173583984375,50.124282735312306,48.265705497128906,50.074244452977446,48862100
2020-03-24,51.082157135009766,51.432425091818814,49.96701521730392,50.10283028820178,51304000
2020-03-25,52.51898193359375,54.020135875209064,51.52536070561313,51.646881470758665,45692600
2020-03-26,54.92084503173828,54.92084503173828,52.68340511216709,52.905007955884024,41965200
2020-03-27,55.063785552978516,56.02166809567643,53.87001140646527,53.92719956353201,66536800
2020-03-30,55.535587310791016,55.78577871518511,54.78500764384517,55.11383141158648,35016900
2020-03-31,55.09238815307617,55.54988257284859,55.028055556747404,55.3068410483661,31103400
2020-04-01,53.58012008666992,54.075829445467136,53.42925154432765,54.01117384781157,36859100
2020-04-02,53.996822357177734,54.81582636903052,53.328686928440206,53.42926598385038,31824800
2020-04-03,52.840110778808594,54.02550651853737,52.67487077397383,53.88182384740133,39986200
2020-04-06,54.12610626220703,54.28416054981527,53.745342104502456,53.924948252940055,32347800
2020-04-07,54.12610626220703,55.11753570951519,54.05426489906092,54.90919191959021,35120800
2020-04-08,55.53422927856445,55.771305254400076,54.37756511939196,54.57153736892025,46291400
2020-04-09,59.16946792602539,60.38360761168153,58.5444363666768,58.88928268797341,88846900
2020-04-13,58.321720123291016,58.853352891711296,57.775715790749636,58.77432573248245,40390500
2020-04-14,58.56596374511719,58.97546549728197,58.17083355261799,58.84615434715586,37632800
2020-04-15,58.01998519897461,58.127750009290445,57.44524319805408,57.65358703635913,34367500
2020-04-16,57.96249771118164,58.01278721459865,57.4236792540801,57.87628478483327,25821900
2020-04-17,58.25703430175781,58.47974960186836,58.08461397356208,58.42227433208865,38251800
2020-04-20,57.38056564331055,58.041514854648234,57.27280087423197,57.682302611815516,24676200
2020-04-21,56.3316650390625,56.7986365572884,56.216714493494244,56.72679520688008,42335600
2020-04-22,56.8273811340332,57.02135883308429,56.64058921524365,56.94233169364042,15720900
2020-04-23,56.79864501953125,57.229704148490605,56.56156907597702,56.93514744244468,23896700
2020-04-24,56.266998291015625,56.920767120181104,56.152053238226884,56.841739998388725,37915200
2020-04-27,56.496925354003906,56.70526920197319,56.40353210400921,56.54002908767128,20550700
2020-04-28,56.66932678222656,56.84175262141552,56.353223706002176,56.8058292012984,23927600
2020-04-29,57.66793441772461,57.73259547540242,56.949509890137364,57.064460445500515,34838300
2020-04-30,57.78291320800781,57.876306469017734,57.136329721005275,57.3662254629232,34636000
2020-05-01,56.78615951538086,57.406852596892406,56.73563824160229,57.26250216723515,31859400
2020-05-04,56.706764221191406,56.92328709745137,56.439720074658176,56.67789413726304,20400900
2020-05-05,57.197566986083984,57.197566986083984,56.88722034558773,56.88722034558773,26484200
2020-05-06,56.87279510498047,57.3274867715126,56.851138401081336,57.25531427774043,18823300
2020-05-07,57.01708984375,57.52952125626086,56.99543866534022,57.161434704084186,19581700
2020-05-08,57.55845642089844,57.56567532399985,57.21202065535678,57.255328567555544,21770400
2020-05-11,57.298587799072266,57.53676186426828,57.262498817167824,57.43571932262249,14285100
2020-05-12,57.22642135620117,57.73885301594898,57.22642135620117,57.673899449380976,25332700
2020-05-13,56.92332077026367,57.32027226968172,56.829491565390754,57.26975096952275,29962000
2020-05-14,56.72843551635742,56.944958469369396,56.28096282286357,56.62739293999382,30429100
2020-05-15,56.80781936645508,56.901643030236066,56.41808140655401,56.5624318582248,34133400
2020-05-18,57.811038970947266,57.85434686517114,57.49347894961416,57.70999639510391,31900200
2020-05-19,57.88319396972656,58.04919558356287,57.659457691708944,57.76771913495822,18536500
2020-05-20,58.49671173095703,58.641056744996376,58.135843689449366,58.18636499500407,36053700
2020-05-21,58.482261657714844,58.62661214788269,58.31626547703204,58.482261657714844,23307300
2020-05-22,58.62660217285156,58.6987746524516,58.32346894827981,58.424511521001314,11311900
2020-05-26,59.066864013671875,59.297824790172506,58.590521178159285,59.05965061921222,27673800
2020-05-27,59.18953323364258,59.50709312718991,58.9369268956827,59.48544194199409,24905000
2020-05-28,59.24728775024414,59.57929105587657,59.139031787980336,59.27615784231683,23282500
2020-05-29,59.48546600341797,59.62981647378742,59.09572799303155,59.218427269447446,32189000
2020-06-01,59.935420989990234,59.957156839117545,59.283317876484894,59.37026680093135,46987000
2020-06-02,60.529541015625,60.5585239822343,59.86294936741825,60.02959451550211,35930900
2020-06-03,60.81212615966797,61.13817490372215,60.70344140233778,60.775896064579115,35991000
2020-06-04,60.623756408691406,60.84837311017722,60.51507162125478,60.74692992141522,36405800
2020-06-05,61.19611358642578,61.609111057972086,61.15264191403162,61.27581533777102,35306500
2020-06-08,61.26860427856445,61.35555320246409,61.116447807692985,61.34106447911607,20493100
2020-06-09,60.790374755859375,60.97151412907234,60.55851657926417,60.94253116600607,28412400
2020-06-10,60.703460693359375,61.02226794205901,60.326693013209194,60.710707820267494,36663100
2020-06-11,59.14564895629883,59.8629651309118,59.029722587270854,59.83398215667053,48794500
2020-06-12,59.732566833496094,60.044127013101765,59.305074713600334,59.949930929631265,36156800
2020-06-15,60.31221008300781,60.703472090433664,59.210884287539606,59.34130495668156,39432300
2020-06-16,60.55857467651367,61.10199331748467,60.362940870117555,61.0440273357421,40976300
2020-06-17,60.27598571777344,60.58754589919871,60.24700273253164,60.51508567212463,17066700
2020-06-18,60.25423049926758,60.29045507322533,60.01512509380919,60.10931561962427,22223600
2020-06-19,60.051334381103516,60.40637159989829,59.9281609107148,60.37014150722584,32037600
2020-06-22,60.00787353515625,60.16003000158909,59.91368301629887,60.04410363437517,21536000
2020-06-23,60.094844818115234,60.23975421303841,60.058614705414904,60.21801835659384,17438000
2020-06-24,59.47895050048828,59.9788971796024,59.080447004793264,59.906442501106724,43720600
2020-06-25,59.50068283081055,59.53690740058084,59.04420792262323,59.31954339814873,31159700
2020-06-26,58.935543060302734,59.42100110501027,58.855846768719495,59.42100110501027,33705800
2020-06-29,58.60222244262695,59.01522009399503,58.31240379656512,59.00797849739892,76540200
2020-06-30,59.13841247558594,59.26883310698762,58.74715058138087,58.797869408707214,40554300
2020-07-01,59.32249450683594,59.49712068331438,59.23518419422975,59.23518419422975,28799100
2020-07-02,59.75904846191406,60.03554585588921,59.64263288913353,59.839086596879,30623300
2020-07-06,60.18834686279297,60.202896728257315,59.96278786487325,60.11558643294128,22888200
2020-07-07,59.78817367553711,60.27567480465766,59.75906838482246,60.122876191855696,22408000
2020-07-08,59.94825744628906,60.02829561788095,59.751803648642685,59.75907580877484,21155700
2020-07-09,59.81726837158203,59.99917224288033,59.540776485664225,59.94823938096743,21655600
2020-07-10,60.02098846435547,60.05737145223838,59.64990863401972,59.715391350691476,17903400
2020-07-13,59.69356918334961,60.326596591482776,59.68629147486117,60.246558451905074,20039400
2020-07-14,60.20289611816406,60.23200140006278,59.69356756309881,59.69356756309881,31929700
2020-07-15,60.544883728027344,60.61764416613882,60.32660241369291,60.56671130433422,21291300
2020-07-16,60.60307693481445,60.61035464192005,60.45027839318106,60.50848894749778,17570400
2020-07-17,60.770442962646484,60.7922760902948,60.54488393833772,60.74134322831328,22863700
2020-07-20,61.134246826171875,61.163352109923665,60.76316694868329,60.821371964921624,16701600
2020-07-21,61.41802215576172,61.541715448662366,61.316150886664694,61.33798401299888,22331600
2020-07-22,61.541717529296875,61.570822814127844,61.36708582031103,61.48350695963492,15251400
2020-07-23,61.49808120727539,61.57084722383358,61.0978958725437,61.534464215554486,28434900
2020-07-24,61.55624008178711,61.6290004859459,61.337958869310725,61.36705858996385,14977500
2020-07-27,61.701812744140625,61.71636261538581,61.490803527848776,61.650879867881706,12931500
2020-07-28,61.541717529296875,61.70179382023449,61.48350695963492,61.64358325057255,14862900
2020-07-29,61.883731842041016,61.92738701774904,61.629061847028105,61.730927624525854,18012800
2020-07-30,62.01465606689453,62.043755794535336,61.658120563754885,61.68722584266002,54812400
2020-07-31,62.13106918334961,62.13834689060525,61.77453924552121,61.99282050181316,28623100
2020-08-03,62.146453857421875,62.175675851779374,61.985735675218386,62.11723186306437,17480600
2020-08-04,62.12451934814453,62.14643444368528,61.94919301029472,62.073382267374846,17120700
2020-08-05,62.23409652709961,62.263318510510324,62.10260038851314,62.13912368763395,14566000
2020-08-06,62.372867584228516,62.38748135651082,62.16831936044498,62.234070188673165,13258600
2020-08-07,62.219478607177734,62.350974737011555,62.1318182363039,62.350974737011555,14289900
2020-08-10,62.24871063232422,62.314461494611415,62.10260627494553,62.28523950843088,13708700
2020-08-11,61.68619918823242,62.29253725275598,61.656977203727585,62.27792904726538,20535400
2020-08-12,61.700767517089844,62.109863888715104,61.70076751708984,61.95645274935563,18003400
2020-08-13,61.53279495239258,61.95649984212287,61.474350976731756,61.71542819618945,28444900
2020-08-14,61.42317581176758,61.58389385843466,61.30628793291122,61.518143033197745,14072300
2020-08-17,61.78844451904297,61.817666489913925,61.43778644211259,61.481622185179546,13756500
2020-08-18,61.88343811035156,61.9272682985718,61.664281595726955,61.81769282802121,24900300
2020-08-19,61.708099365234375,61.94186961123524,61.63504720839453,61.854203678914054,18738300
2020-08-20,61.91270065307617,61.91270065307617,61.59857109348821,61.60587798748618,19912800
2020-08-21,61.905338287353516,61.95647535246262,61.82497924596463,61.91264517480398,17570600
2020-08-24,62.19026565551758,62.21948764122614,62.01493931479008,62.02224620459819,16058100
2020-08-25,62.25601577758789,62.299845968868404,62.02955235794013,62.19757180686466,24018600
2020-08-26,62.24871063232422,62.36559857704635,62.21948864614369,62.26332441217647,16243100
2020-08-27,62.15371322631836,62.35095457051275,62.02221713901502,62.3290394848824,19861800
2020-08-28,62.20489501953125,62.29255542509491,62.161059243224145,62.19028123625379,14418500
2020-08-31,62.11720657348633,62.26331648578857,62.08798459102588,62.19025874287582,21473800
2020-09-01,62.455360412597656,62.5140397209083,62.081286817075906,62.132629812856,22774200
2020-09-02,62.528682708740234,62.63136866081935,62.30863818516231,62.49200675615568,15878600
2020-09-03,62.13993453979492,62.43332533625137,61.88321969138203,62.418652718648346,34169800
2020-09-04,61.97126388549805,62.30133079442817,61.59719588973074,62.19864480390772,36087300
2020-09-08,61.62649154663086,61.91255159450592,61.545814543751014,61.71451045335882,34967600
2020-09-09,62.11062240600586,62.15462908637512,61.795228139437725,61.89057781222662,32976800
2020-09-10,61.81719970703125,62.22061272295955,61.79519637815582,62.20594010640019,32866300
2020-09-11,61.9418830871582,61.97122272152778,61.68516828137816,61.86120049163261,20807100
2020-09-14,61.875885009765625,62.12526355593506,61.80986942074397,62.06658987187199,28958000
2020-09-15,62.04460144042969,62.13995670096418,61.93458474899142,62.01526738669014,22176900
2020-09-16,62.04460144042969,62.33799234151906,61.98592773698461,62.08861371297099,26951200
2020-09-17,61.97856140136719,62.09591994333748,61.78052585674642,61.83919953176829,25752400
2020-09-18,61.8245735168457,62.11796447039824,61.79523386189375,62.10329184493877,29891800
2020-09-21,61.325782775878906,61.63384061928261,61.157081235368615,61.56049431313379,42968900
2020-09-22,61.53846740722656,61.575137748271366,61.25974371628204,61.399105561754304,41396800
2020-09-23,60.91501235961914,61.597143340986186,60.84899679576451,61.597143340986186,39577800
2020-09-24,60.95173263549805,61.12776495672759,60.55565571575662,60.78303662647666,38755800
2020-09-25,60.841678619384766,60.995713115624625,60.70232233587603,60.87835456533971,36032200
2020-09-28,61.237770080566406,61.333125324628256,61.01773113973566,61.15708745680563,20277000
2020-09-29,61.289127349853516,61.325803313192516,61.09109169733538,61.289127349853516,20243400
2020-09-30,61.53846740722656,61.633817009097825,61.2817526360637,61.28908334669527,28797600
2020-10-01,61.74990463256836,61.79409935331783,61.64677987090092,61.735169312399854,31098000
2020-10-02,61.74990463256836,61.779369653027345,61.34476762610482,61.34476762610482,26284300
2020-10-05,62.21395492553711,62.22869024306841,61.81618565034725,61.86774802195277,27394000
2020-10-06,62.07399368286133,62.427568223421126,62.0371666310567,62.228686408021446,37848500
2020-10-07,62.294986724853516,62.33918144082382,62.221326991610546,62.25815404829333,20968200
2020-10-08,62.43495559692383,62.50124768303132,62.346560528902046,62.493880022393235,18738800
2020-10-09,62.57487869262695,62.63380871091153,62.4349269240459,62.53068398885144,21287800
2020-10-12,62.89163589477539,62.957933586526096,62.70748375751277,62.773781449263474,10503400
2020-10-13,62.61174774169922,62.80326760247528,62.56018535070711,62.72960784675499,25183100
2020-10-14,62.45705032348633,62.62646717186453,62.40548794095232,62.58227244965773,31620600
2020-10-15,62.412864685058594,62.44969175229813,62.11085238634769,62.206609505025305,32232100
2020-10-16,62.339195251464844,62.567547780947976,62.25816784098352,62.50861773334725,27456900
2020-10-19,62.11821365356445,62.508615369367185,62.09611629151953,62.46442064527735,20998100
2020-10-20,62.339195251464844,62.44232002482678,62.22134077614206,62.22870843706181,27650700
2020-10-21,62.33177947998047,62.4643691628495,62.26548182860905,62.33177947998047,26901600
2020-10-22,62.44230651855469,62.493868894082716,62.206591999015515,62.32445206872382,28977800
2020-10-23,62.5160026550293,62.55282973003876,62.36867749535079,62.538100024011015,20734700
2020-10-26,61.96350860595703,62.33181285335837,61.94140563041642,62.28761252215397,50102400
2020-10-27,61.99298095703125,62.12556510670538,61.96351593936673,62.007710655924775,30880900
2020-10-28,61.47734832763672,61.66886812239243,61.36685592220545,61.587840733067985,45794300
2020-10-29,61.65413284301758,61.68359785914285,61.3373909445174,61.43315365189383,37112600
2020-10-30,61.786712646484375,61.8161776578603,61.455241103288756,61.60256054029208,36801700
2020-11-02,61.933956146240234,62.030124852343036,61.7638054341749,61.97834083459004,25665400
2020-11-03,62.466583251953125,62.46658325195313,62.05970487170559,62.05970487170559,39777600
2020-11-04,63.05101776123047,63.18417747015522,62.62934629030785,62.65153863445621,57673400
2020-11-05,63.2729377746582,63.53185782598936,63.19156209509215,63.354313454224254,55079000
2020-11-06,63.05101776123047,63.309937849685646,62.96224274060242,63.295139190897,25953400
2020-11-09,63.53187942504883,64.28645313864364,63.50228774568867,64.27165447694568,59347100
2020-11-10,63.443077087402344,63.665006101310574,61.68240976595323,63.45787009738311,39295700
2020-11-11,63.42085647583008,63.56880908580797,63.34687452681084,63.561409762099984,14416200
2020-11-12,62.9918212890625,63.361708665223716,62.9918212890625,63.361708665223716,43300100
2020-11-13,63.206356048583984,63.272933066529234,63.05839771309444,63.06579704087727,20277100
2020-11-16,63.561439514160156,63.59103117881316,63.39129449744653,63.54664650385011,28350400
2020-11-17,63.58366012573242,63.702026836979215,63.41351503335946,63.45789972805929,23747100
2020-11-18,63.46528625488281,63.72420632845571,63.443093912010035,63.65022997086835,22098900
2020-11-19,63.679813385009766,63.724198064999726,63.361710009003424,63.40609468899338,21704200
2020-11-20,63.561439514160156,63.6354158537762,63.509655512025624,63.56143951416015,48530200
2020-11-23,63.657623291015625,63.77598432317611,63.591040624647924,63.72420031334957,23790600
2020-11-24,63.84996032714844,64.00531235578468,63.77598397694552,63.85735965537884,26080100
2020-11-25,63.820377349853516,63.93134471228722,63.76119964805211,63.84257533756786,26510900
2020-11-27,63.92395782470703,63.9905348628263,63.909159164657126,63.93875084072184,7338500
2020-11-30,63.857357025146484,63.93873270022801,63.73159667057812,63.93873270022801,24256900
2020-12-01,64.021484375,64.16260083398323,64.00663269498895,64.05862207465371,26256700
2020-12-02,64.19976043701172,64.28145887098947,63.98437417165397,64.03636356905622,23705000
2020-12-03,64.2369155883789,64.39288383668612,64.19978352911798,64.25919595721975,20748400
2020-12-04,64.5042495727539,64.5413872743849,64.25915434139175,64.37056177986706,19362000
2020-12-07,64.47451782226562,64.49679816882498,64.3779677650365,64.46709481768964,17811300
2020-12-08,64.42255401611328,64.50425243018644,64.39284498677596,64.44483437151179,21408300
2020-12-09,64.32600402832031,64.50425253822486,64.23687694015905,64.50425253822486,36608500
2020-12-10,64.44485473632812,64.5265531762183,64.21461676923023,64.22947412180285,24251500
2020-12-11,64.37800598144531,64.51169380657764,64.27402719150007,64.4077150166324,17699600
2020-12-14,64.39282989501953,64.5265176624961,64.3185601722918,64.48938563434055,20705200
2020-12-15,64.5933837890625,64.61566414593416,64.37799756193918,64.50425669515751,25052800
2020-12-16,64.49681091308594,64.59336665580972,64.31856243897431,64.57108630484787,42386700
2020-12-17,64.5930404663086,64.64524567458184,64.51846241019551,64.57812144112141,23911400
2020-12-18,64.64523315429688,64.67506550895246,64.5482822691211,64.62286031079014,26741200
2020-12-21,64.4140625,64.5483052988758,64.30219255261319,64.4215163238684,30308300
2020-12-22,64.49608612060547,64.54083181389733,64.39912953188556,64.45879424956848,21975100
2020-12-23,64.78697967529297,64.81681205032838,64.58561256628988,64.60053159877945,15913900
2020-12-24,64.92118072509766,64.92118072509766,64.83914316904773,64.8465969905504,7327300
2020-12-28,65.00322723388672,65.05543244129585,64.91373015406784,65.0181405688861,22575500
2020-12-29,64.92118072509766,65.11508250308832,64.91372121365492,65.11508250308832,22893000
2020-12-30,65.05543518066406,65.09272136470301,64.94356524866502,64.94356524866502,21080100
2020-12-31,65.10763549804688,65.13746216706039,65.01067890896057,65.04051126791477,12059900
2021-01-04,64.97339630126953,65.1822171354934,64.78694831500664,65.1822171354934,34528300
2021-01-05,64.99578857421875,65.07036665302451,64.8690052712547,64.89883195082284,33725500
2021-01-06,64.87643432617188,65.13746034730292,64.86152099208175,64.95101237650353,37148100
2021-01-07,65.06288146972656,65.15983805487141,64.98084390842266,65.0181357780846,25868200
2021-01-08,65.15982818603516,65.16728200688627,64.98829357748679,65.14490916445378,27403600
2021-01-11,64.8093490600586,65.0107104683242,64.80188954421367,64.898840490424,26608000
2021-01-12,64.89137268066406,64.93611838620423,64.72729750709384,64.80187557964152,41746100
2021-01-13,65.08525848388672,65.11509084353877,64.84660529661112,64.86898383380576,47710300
2021-01-14,65.07032775878906,65.16727863429222,65.04795491751445,65.08524108965905,25484800
2021-01-15,64.96595001220703,65.08527378893388,64.92120430717723,64.98832286472194,48134800
2021-01-19,65.1523666381836,65.16727996935911,64.99575105611338,65.14490712762614,24270500
2021-01-20,65.27171325683594,65.34629700869812,65.15984900892546,65.34629700869812,24534700
2021-01-21,65.23443603515625,65.30901410732531,65.16731178724457,65.23443603515625,20451400
2021-01-22,65.10763549804688,65.1747540382383,65.01813842118429,65.09271647359944,26615900
2021-01-25,65.12257385253906,65.13748719277551,64.90629343448207,65.10766051230263,28718200
2021-01-26,65.0256118774414,65.13002231120043,65.01815236361807,65.10018994584901,39103500
2021-01-27,64.83916473388672,65.04798560421453,64.74220812270454,64.8988237754504,46378600
2021-01-28,65.0330581665039,65.24933852278676,64.98831246863202,65.00323149455014,38836200
2021-01-29,64.86152648925781,65.15984440580812,64.80186176795955,64.98085024191333,46095900
2021-02-01,65.0696029663086,65.09954480091707,64.8675027212276,64.97977746248314,35620700
2021-02-02,65.22679138183594,65.31661688299933,65.1893626619793,65.23427826797143,29522300
2021-02-03,65.27920532226562,65.39148580052841,65.24926348067406,65.27171843416215,31911000
2021-02-04,65.41394805908203,65.47383174895265,65.35406436921141,65.38400621414672,21181100
2021-02-05,65.51123046875,65.6085428563947,65.48129434574334,65.5935690840705,21653100
2021-02-08,65.70584869384766,65.70584869384766,65.54117146531036,65.56362641268893,16590100
2021-02-09,65.58609008789062,65.66842870594691,65.5486613666574,65.60854503630215,14404300
2021-02-10,65.57111358642578,65.63099725357857,65.47380691041812,65.5860873586244,20469400
2021-02-11,65.6010513305664,65.63099316227628,65.52619960670194,65.6010513305664,17047200
2021-02-12,65.70584869384766,65.71333557991412,65.5336902900647,65.5336902900647,17800100
2021-02-16,65.6010513305664,65.67590305443088,65.54865455277923,65.66842187961875,22264400
2021-02-17,65.5786361694336,65.5786361694336,65.44390070040868,65.46635566010883,20276700
2021-02-18,65.48878479003906,65.5636365297916,65.41393305028653,65.47381672641723,26366700
2021-02-19,65.49629211425781,65.59359883521684,65.48132404596545,65.59359883521684,28124800
2021-02-22,65.294189453125,65.46634793105025,65.294189453125,65.39898305990296,25455400
2021-02-23,65.45133972167969,65.50373649293348,65.12947220945786,65.26420757994188,29015900
2021-02-24,65.51872253417969,65.51872253417969,65.29416732895338,65.35404529052093,21791800
2021-02-25,64.8974380493164,65.4363796440192,64.82258631912346,65.36901480009183,59413400
2021-02-26,64.70286560058594,65.06215641699778,64.68041063841326,65.03221456382603,46615300
2021-03-01,65.42926788330078,65.47434360761827,65.02362075151852,65.1062528930582,48014200
2021-03-02,65.3315658569336,65.47429503756462,65.3015173067389,65.46678146722222,23988500
2021-03-03,65.12126159667969,65.28652583294131,65.09872660649448,65.23393654760574,30197000
2021-03-04,64.87336730957031,65.3165707471429,64.66303308623567,65.16633365366896,49020300
2021-03-05,65.06867218017578,65.14379071775122,64.6705330417896,64.97101292326838,46950100
2021-03-08,64.59537506103516,65.08365385388862,64.58035365516325,65.03107033657662,39868700
2021-03-09,64.6855697631836,64.94097397498204,64.66303477169289,64.76820188610142,31441100
2021-03-10,64.88839721679688,64.97854292338306,64.71562510981316,64.76820867252714,23776600
2021-03-11,65.12876892089844,65.24896317583296,65.03862896087506,65.03862896087506,27728500
2021-03-12,64.94849395751953,65.05366108230466,64.88088897637701,65.02361251362628,21842000
2021-03-15,64.95599365234375,65.01609077685865,64.83579940331396,64.90341010118752,14719400
2021-03-16,64.80572509765625,64.97098925883414,64.73812015781527,64.92591929894016,22931400
2021-03-17,64.89588928222656,65.09120204950477,64.63297155580008,64.6780415285656,28345800
2021-03-18,64.40011596679688,64.73063872206109,64.38508881858888,64.64800660045059,37150300
2021-03-19,64.64801788330078,64.71562859968103,64.34003006541843,64.49778076206726,47467800
2021-03-22,64.88087463378906,64.99354957745197,64.71561040818054,64.75316681234244,32979500
2021-03-23,64.94849395751953,64.97854252619793,64.79074327034186,64.8658618264486,24705800
2021-03-24,64.98602294921875,65.20387066262046,64.98602294921875,65.00855793143694,31374500
2021-03-25,65.09870147705078,65.09870147705078,64.87334019983767,64.94094514429639,24070300
2021-03-26,65.2940444946289,65.30155806966148,65.03112668027396,65.17385595000029,25948000
2021-03-29,65.3315658569336,65.35410083678588,65.12873957591319,65.24893377669194,17447500
2021-03-30,65.17384338378906,65.26398334208595,65.1588162366213,65.22642693652138,19622100
2021-03-31,65.48934936523438,65.51188435641384,65.24145299990452,65.24896657402363,41604700
2021-04-01,65.6280288696289,65.6280288696289,65.46220543429799,65.55265614917938,30806600
2021-04-05,65.658203125,65.71096462367126,65.60544162632874,65.63559187565117,20758300
2021-04-06,65.77123260498047,65.80138283939661,65.67324290548568,65.67324290548568,15367900
2021-04-07,65.7486343383789,65.81646806627127,65.70340610254698,65.78631782590676,15645400
2021-04-08,65.77123260498047,65.84660531573623,65.75615461248778,65.82399407756643,11052100
2021-04-09,65.72601318359375,65.73355218085011,65.65064046274006,65.6883296984519,17413100
2021-04-12,65.658203125,65.68081437434881,65.59036362638149,65.65066412502637,15464500
2021-04-13,65.70339965820312,65.72601089861614,65.50743174091039,65.58280445914373,20643500
2021-04-14,65.67326354980469,65.79386452538007,65.64311330591083,65.71849179093097,17992800
2021-04-15,65.93708801269531,65.93708801269531,65.7787977675633,65.8240260164176,20944400
2021-04-16,65.80139923095703,65.97475593382266,65.80139923095703,65.95214469002025,32509300
2021-04-19,65.69583892822266,65.79382284587788,65.66568870342857,65.72598340244936,23904900
2021-04-20,65.58283233642578,65.68081633672219,65.54514308600365,65.62051583627567,22901000
2021-04-21,65.80139923095703,65.80139923095703,65.54512504986478,65.55266404798914,19527000
2021-04-22,65.6807632446289,65.82397537978285,65.66569100698682,65.81643638567802,18506500
2021-04-23,65.8541488647461,65.9144435871776,65.7184756757784,65.72600892197632,14388700
2021-04-26,65.82398986816406,65.93705180235207,65.793839635676,65.86167334584749,12746100
2021-04-27,65.73355865478516,65.86169286791305,65.73355865478516,65.86169286791305,17660600
2021-04-28,65.86167907714844,65.91444055095165,65.7033946557388,65.75615612954202,14795000
2021-04-29,65.93708801269531,65.98984951088198,65.83909826565436,65.98984951088198,17152900
2021-04-30,65.90691375732422,65.94459724197606,65.83907428403904,65.85415227835571,23367500
2021-05-03,65.93262481689453,66.04606820176623,65.92506038591102,65.97044120184185,15782400
2021-05-04,65.89484405517578,65.90997292532157,65.77384194387618,65.87972095500334,23089700
2021-05-05,66.02339172363281,66.03851481815948,65.9250714143102,65.94020027880808,13676300
2021-05-06,66.00067138671875,66.05361085082988,65.90992131679616,66.01580024501841,23110100
2021-05-07,66.04606628417969,66.10657019035062,65.97043928645105,66.06118937573738,17872700
2021-05-10,65.89484405517578,66.08391454218474,65.89484405517578,66.06879144201231,16580800
2021-05-11,65.82673645019531,65.86454705976571,65.65278918226937,65.72085751144715,28683600
2021-05-12,65.50909423828125,65.78135599262863,65.50909423828125,65.73597518692478,31630100
2021-05-13,65.74353790283203,65.79647736646608,65.61497145828777,65.62253011740064,28689600
2021-05-14,65.95532989501953,65.95532989501953,65.81163451793702,65.83432781692777,22550800
2021-05-17,65.83431243896484,65.95531448879224,65.78893162155545,65.94775005756226,13545000
2021-05-18,65.67546844482422,65.92504267048214,65.66790978584211,65.92504267048214,16447500
2021-05-19,65.50153350830078,65.67547500175421,65.471281559446,65.49396907859477,34701000
2021-05-20,65.7813949584961,66.05365110414652,65.5545081054863,65.5545081054863,28013700
2021-05-21,65.87972259521484,65.8948456957638,65.73602717511896,65.85703505940465,36466200
2021-05-24,65.95532989501953,66.03095691507336,65.8721384419688,65.93264236600056,24277800
2021-05-25,65.9628677368164,66.00824277656258,65.9023638371752,65.99311968663702,15466600
2021-05-26,65.9855728149414,66.00069590889112,65.9175102372112,65.9175102372112,14354900
2021-05-27,65.95532989501953,66.08389640610821,65.94776546202262,66.08389640610821,12682100
2021-05-28,65.93262481689453,66.06119129376302,65.93262481689453,66.02338067878594,15464100
2021-06-01,66.13070678710938,66.1382965556317,66.01688341646295,66.06241044900267,22655300
2021-06-02,66.2141342163086,66.22171819064803,66.10790068262256,66.13066418422765,13698300
2021-06-03,66.07756805419922,66.19139138706647,66.00927173876079,66.0396250134784,16701800
2021-06-04,66.22171020507812,66.2520634666558,66.14582994578029,66.19136273279314,26829200
2021-06-07,66.24449920654297,66.28243645283506,66.21414593593265,66.23690944156678,9189800
2021-06-08,66.29003143310547,66.35073797910214,66.25208839453384,66.35073797910214,10983900
2021-06-09,66.34313201904297,66.3886590227798,66.32036851717456,66.37348528463201,13232200
2021-06-10,66.46453857421875,66.5176611303959,66.3658948040899,66.3962480693511,15290000
2021-06-11,66.48731994628906,66.54043672282445,66.43420316975367,66.51008345204788,12559600
2021-06-14,66.42660522460938,66.46454246643746,66.37348845461507,66.46454246643746,19408600
2021-06-15,66.41902923583984,66.44938250917383,66.35073871280959,66.38109198614357,16037000
2021-06-16,66.32796478271484,66.44937206767855,66.21414147292174,66.41901879911413,21267200
2021-06-17,66.37348175048828,66.39624525114462,66.3051854592261,66.36589198717178,21099000
2021-06-18,66.34313201904297,66.35830575719076,66.23689848412805,66.27483572414427,35134500
2021-06-21,66.47212982177734,66.47212982177734,66.35830652183023,66.41142328989974,21265000
2021-06-22,66.51766204833984,66.51766204833984,66.41142272381286,66.44936575323631,14604400
2021-06-23,66.44937896728516,66.58596579536025,66.44937896728516,66.49490598021198,16583100
2021-06-24,66.65425109863281,66.65425109863281,66.54801755058726,66.57837081992801,12722300
2021-06-25,66.72254180908203,66.73771554783342,66.64666153673775,66.66183527548914,16175000
2021-06-28,66.71495056152344,66.75289359149869,66.669423556988,66.75289359149869,16019300
2021-06-29,66.7984390258789,66.7984390258789,66.72255873428642,66.73014850023422,12728000
2021-06-30,66.8060302734375,66.82879378249058,66.74532372309912,66.75291348921523,26093500
2021-07-01,66.93695831298828,66.93695831298828,66.85321051473018,66.86844055544545,31932400
2021-07-02,67.04352569580078,67.05114071392447,66.93693867629688,66.96739294023469,11464800
2021-07-06,67.00553131103516,67.05882487573757,66.95223774633274,67.04359482378665,17784300
2021-07-07,67.02835845947266,67.07403698993943,66.94461061457565,67.06642196534102,11463700
2021-07-08,66.8836898803711,66.944598448966,66.82278131177618,66.85323559607365,21936400
2021-07-09,66.99788665771484,67.0131108943705,66.89891459805222,66.90652381209988,17698100
2021-07-12,66.97503662109375,67.01310011088805,66.91412806715161,66.9978758766822,17546700
2021-07-13,66.77710723876953,66.96744217188946,66.76949221504759,66.93698788556293,26938600
2021-07-14,66.8836898803711,66.90652914145399,66.79994205069329,66.85323559607365,16100200
2021-07-15,66.8379898071289,66.86082906084756,66.7846962789324,66.82275976561051,16384800
2021-07-16,66.74662780761719,66.87605411932651,66.7237885536166,66.87605411932651,17820400
2021-07-19,66.29747009277344,66.60961638521155,66.22133727573205,66.5867771209553,54224700
2021-07-20,66.63245391845703,66.64006894253183,66.29746837046508,66.35837694594052,26941300
2021-07-21,66.7923355102539,66.81517477225123,66.66290334466736,66.67813339170625,18522600
2021-07-22,66.83037567138672,66.88366920028898,66.73140363444223,66.79992139650557,17110500
2021-07-23,66.95982360839844,66.99027789311504,66.86846656280953,66.90653006228462,19441000
2021-07-26,66.86083984375,66.97504193932002,66.83038556436067,66.93697263794338,15282700
2021-07-27,66.76948547363281,66.82277901718314,66.66289838653216,66.76948547363281,19919000
2021-07-28,66.82274627685547,66.88365481351626,66.74661351030836,66.84559133452159,15129200
2021-07-29,66.96742248535156,66.9978767627254,66.86845044030622,66.86845044030622,18675000
2021-07-30,66.87606048583984,66.97503834067695,66.87606048583984,66.94458406292395,21062100
2021-08-02,66.7103271484375,66.97766196236567,66.7103271484375,66.962382690369,27274400
2021-08-03,66.78668212890625,66.8019555667703,66.66447131666479,66.74848979324773,16058700
2021-08-04,66.66449737548828,66.77142896433246,66.66449737548828,66.73324244107928,17113300
2021-08-05,66.81725311279297,66.84779999687852,66.70268190180362,66.70268190180362,15465700
2021-08-06,66.74085235595703,66.84778390651948,66.73321855044004,66.77904469287182,12923200
2021-08-09,66.58811950683594,66.7256038127588,66.58811950683594,66.71032454135924,10788700
2021-08-10,66.43537902832031,66.60341026605678,66.42773939063443,66.59577645570704,31522900
2021-08-11,66.54228210449219,66.57283481479456,66.45826360799407,66.48117668388744,15834400
2021-08-12,66.6568374633789,66.67211672989997,66.51935320135317,66.54227210113477,14127800
2021-08-13,66.80194854736328,66.80194854736328,66.67974357529512,66.67974357529512,10016800
2021-08-16,66.82487487792969,66.82487487792969,66.71794332089833,66.78668836603724,12598100
2021-08-17,66.67213439941406,66.75615290554828,66.60338933651593,66.74851327026309,18468400
2021-08-18,66.5193862915039,66.74852878464495,66.5193862915039,66.67978953310403,12147600
2021-08-19,66.51173400878906,66.6033863187214,66.41243623658363,66.4506285839448,20026700
2021-08-20,66.67213439941406,66.70268711322053,66.5193708303817,66.5270104656669,16784100
2021-08-23,66.87833404541016,66.9012471157472,66.76376869372496,66.76376869372496,21933100
2021-08-24,66.97003936767578,66.98531281622411,66.87074738377079,66.89366047026145,20828100
2021-08-25,67.03873443603516,67.07692677323458,66.95472178339494,66.98526866035549,19085400
2021-08-26,67.00057220458984,67.03875872829408,66.8936406144826,67.031124919954,17676100
2021-08-27,67.18387603759766,67.20678911502533,67.00820522576281,67.02347866826992,18519700
2021-08-30,67.26787567138672,67.29078874238738,67.18385719282936,67.19913645838474,11640000
2021-08-31,67.28316497802734,67.2908046126068,67.19151267240895,67.26025190162275,19163900
2021-09-01,67.34066772460938,67.40962809890607,67.28703447597225,67.30235575604614,22973500
2021-09-02,67.4249038696289,67.44022513936149,67.37127065719224,67.4249038696289,16521300
2021-09-03,67.43257904052734,67.45556387187554,67.34063386955181,67.39426709122517,6491000
2021-09-07,67.25634002685547,67.41723966261569,67.24867646927211,67.41723966261569,11728800
2021-09-08,67.33297729492188,67.3559679742376,67.20272600671615,67.26402279372473,13020900
2021-09-09,67.39427947998047,67.40960660075194,67.31766141287457,67.32532497326031,23024700
2021-09-10,67.294677734375,67.49388354315873,67.2870141738575,67.48622582822514,16112600
2021-09-13,67.46322631835938,67.47088403162734,67.34063275908028,67.38660242101861,17136900
2021-09-14,67.43257904052734,67.51686065252589,67.40193065020216,67.48621226220072,20108000
2021-09-15,67.53215789794922,67.53215789794922,67.43255504901667,67.4402127596864,17069500
2021-09-16,67.5091781616211,67.53216298652355,67.38658463469989,67.5091781616211,13859700
2021-09-17,67.4249038696289,67.49385835179815,67.40191904223916,67.48620063972272,38948500
2021-09-20,67.1873779296875,67.27931722793967,67.08011151800596,67.11841761041735,49641000
2021-09-21,67.30233001708984,67.33297841110219,67.17974228662389,67.29467230277434,27304200
2021-09-22,67.4249038696289,67.48620063972272,67.30997388709842,67.40191904223916,24344800
2021-09-23,67.45555877685547,67.54750394088624,67.39426200083494,67.4632223352536,27590300
2021-09-24,67.35596466064453,67.44024043165618,67.3176527092531,67.3942707664529,21713200
2021-09-27,67.294677734375,67.34064740631219,67.21805966595173,67.24104450192031,17652900
2021-09-28,66.98818969726562,67.19505903593915,66.94987774593424,67.16441648957371,35515900
2021-09-29,67.11077880859375,67.2027239863424,67.04948786901117,67.06480914251102,19783400
2021-09-30,67.0341567993164,67.17973519410974,66.94987518607635,67.14908680333309,41680700
2021-10-01,67.19479370117188,67.24860464792621,66.9872330030099,67.14866584327292,30062800
2021-10-04,66.95650482177734,67.17174867877526,66.94113277411545,67.1486876748048,24726400
2021-10-05,66.92578125,67.04878113961433,66.9027202369367,67.02572012655104,22347700
2021-10-06,66.8873291015625,66.91039010804694,66.70282931977519,66.77970716133117,28905900
2021-10-07,66.89501190185547,67.11026164633473,66.84888988908783,66.97957283523336,29054000
2021-10-08,66.69511413574219,66.91804686608256,66.69511413574219,66.87960796380031,28064300
2021-10-11,66.48760986328125,66.73360379774005,66.48760986328125,66.69517072779969,16068400
2021-10-12,66.61060333251953,66.70284738343773,66.55679234783142,66.57216440133197,32922200
2021-10-13,66.78738403320312,66.78738403320312,66.54139021202016,66.649012142228,29370400
2021-10-14,67.16407012939453,67.17175322126744,66.91038733865372,66.91807629548225,26937000
2021-10-15,67.04875183105469,67.17943475792723,67.01031291611336,67.17943475792723,29782900
2021-10-18,67.01799774169922,67.01799774169922,66.87193691187005,66.89499791343157,20338400
2021-10-19,67.06414031982422,67.07182927768855,66.97189628527802,67.01801830255111,26103300
2021-10-20,67.08718872070312,67.10256663354178,67.02569466421443,67.07181667281978,19720100
2021-10-21,66.91807556152344,67.10256946869521,66.87194768601381,67.07181950667399,19273600
2021-10-22,66.75662231445312,66.92574413640776,66.72587822405619,66.89499418105652,20734400
2021-10-25,66.87197875976562,66.94116767270263,66.7028568225399,66.83354568809686,20230000
2021-10-26,66.8873291015625,67.03338409761594,66.8873291015625,66.97189003530937,19617200
2021-10-27,66.83350372314453,66.9795586877107,66.82581476765539,66.95649768619788,18521300
2021-10-28,67.00261688232422,67.00261688232422,66.86424502620144,66.86424502620144,16374700
2021-10-29,66.82583618164062,66.91808608220758,66.82583618164062,66.89501920834847,26521600
2021-11-01,66.75409698486328,66.9237594529527,66.74638933355251,66.88520354528902,29987000
2021-11-02,66.91605377197266,66.9700367560005,66.75410481988911,66.75410481988911,26441600
2021-11-03,67.04717254638672,67.06259373732728,66.85437529925191,66.86979649019247,22984200
2021-11-04,67.22452545166016,67.52528860924036,67.09342476937206,67.10884595635156,28989800
2021-11-05,67.47901916503906,67.49444035201866,67.28622196742467,67.32478376042896,27595000
2021-11-08,67.39421081542969,67.56387334834275,67.35564900932926,67.54844627242036,11957900
2021-11-09,67.44817352294922,67.44817352294922,67.30935929993564,67.39419054087192,13732600
2021-11-10,67.07030487060547,67.3633545576126,67.04717014317133,67.3633545576126,30438400
2021-11-11,66.95462036132812,67.12428286147767,66.95462036132812,67.11656932500604,10086100
2021-11-12,66.97775268554688,67.13199399092721,66.9700391493518,67.03173567150395,26392400
2021-11-15,66.90064239501953,67.03174310635576,66.88522120462315,67.02403545301,17057100
2021-11-16,66.93145751953125,66.9931540179785,66.89289573707623,66.91603045306847,14302000
2021-11-17,66.8620834350586,66.9700494235363,66.8620834350586,66.95462823248452,17919200
2021-11-18,66.80805969238281,66.94687386200182,66.80805969238281,66.94687386200182,23421300
2021-11-19,66.75409698486328,66.91604591793865,66.75409698486328,66.80807996255507,45282700
2021-11-22,66.49959564208984,66.83891462555646,66.49188210864453,66.81577990892261,26266000
2021-11-23,66.40706634521484,66.60757707553853,66.34536983069933,66.4996111169881,33967100
2021-11-24,66.39166259765625,66.40708967355629,66.13717468236102,66.32225840722269,31158800
2021-11-26,65.91350555419922,66.02918504721369,65.8132472478584,66.02147151202514,36123400
2021-11-29,66.32225036621094,66.42250281258426,66.13716666378909,66.17572258145353,31728900
2021-11-30,66.04462432861328,66.37623582813363,65.95207953210584,66.29140456892807,35465700
2021-12-01,66.05392456054688,66.49495437933719,66.01523535236666,66.3634146134111,41845200
2021-12-02,66.54135131835938,66.58777362794811,66.08484953235792,66.09258264852797,42383500
2021-12-03,66.54135131835938,66.61872380205463,66.40981750576324,66.58004051177807,47368800
2021-12-06,66.83535766601562,66.91273603959489,66.54133991709415,66.56455106791148,28211300
2021-12-07,67.19129943847656,67.36926149604561,67.0365544430503,67.09071578176382,42893500
2021-12-08,67.17581176757812,67.21450095906044,67.06748911519784,67.14486159502064,26598200
2021-12-09,66.87403869628906,67.16032329544784,66.87403869628906,67.16032329544784,24939100
2021-12-10,67.02880859375,67.05202565352755,66.95143610391924,66.9746472605542,20247200
2021-12-13,67.02880859375,67.09070894687166,66.9746472605542,67.02880859375,17125800
2021-12-14,66.91276550292969,66.997871125687,66.79670379459706,66.92823764257365,20310500
2021-12-15,67.16808319091797,67.19129434815913,66.7966928687737,66.90501553799434,31699000
2021-12-16,67.1183853149414,67.25813465289487,67.0718041767366,67.19602844306814,27374000
2021-12-17,67.05628204345703,67.16497531959044,66.93205777168211,67.04851654563628,27248200
2021-12-20,66.93981170654297,66.99415833522201,66.83887802232597,66.86993408490517,27560400
2021-12-21,67.29694366455078,67.30470916058282,67.03297010950286,67.03297010950286,24390500
2021-12-22,67.47555541992188,67.49108049805541,67.26592836339931,67.27369386413683,17433300
2021-12-23,67.66963958740234,67.70845523758817,67.49883414123138,67.51435921663762,15612100
2021-12-27,67.73950958251953,67.79385623006473,67.64634136243905,67.67739743579921,13396700
2021-12-28,67.70842742919922,67.73171799441319,67.60749967215934,67.71619292538323,17150700
2021-12-29,67.5997543334961,67.68515704697218,67.58422925983672,67.66186647481322,16760300
2021-12-30,67.56871032714844,67.6230569796695,67.53765425094485,67.6230569796695,12326100
2021-12-31,67.55316925048828,67.63857195898495,67.52987867968727,67.59198489404346,11505300
2022-01-03,67.5220947265625,67.5220947265625,67.35905485217788,67.48327317027851,35368400
2022-01-04,67.3512954711914,67.54539142355794,67.28918334483289,67.54539142355794,33609900
2022-01-05,66.83113861083984,67.3746050615836,66.83113861083984,67.34354898963537,44808500
2022-01-06,66.83888244628906,67.01745333710429,66.80783230499297,66.84664794328242,42823200
2022-01-07,66.6680679321289,66.84663285931221,66.66030243688783,66.83886736407113,34630100
2022-01-10,66.72245025634766,66.73797533180017,66.27991156419469,66.582700883913,52621800
2022-01-11,67.03300476074219,67.03300476074219,66.57494095481073,66.76127149253361,32513100
2022-01-12,67.14169311523438,67.17274326370762,67.03299390221788,67.13392761644604,24621400
2022-01-13,66.90100860595703,67.15721675042148,66.87771803343115,67.12616067927368,31699700
2022-01-14,66.83888244628906,66.94758163418007,66.76901074336484,66.85441344027578,31046200
2022-01-18,66.51278686523438,66.65253616125075,66.46620574100801,66.6447706661006,46331500
2022-01-19,66.45069885253906,66.73796304391338,66.42740828197833,66.62926976573702,31390200
2022-01-20,66.32646179199219,66.74570971383956,66.31093672377757,66.57490434679013,38217700
2022-01-21,66.33426666259766,66.45848505206156,66.24886392837942,66.32650116221203,57098000
2022-01-24,66.2643814086914,66.31096848232282,65.8140772114113,66.14016303346895,79230800
2022-01-25,66.07027435302734,66.21778920210544,65.9149999290901,66.06250885482861,43642700
2022-01-26,65.84513092041016,66.66810206047158,65.75972819905151,66.357547248562,63574900
2022-01-27,65.55784606933594,66.08578725887759,65.41033126063904,66.00814414482366,47351000
2022-01-28,65.74418640136719,65.7519518986083,65.17742356954263,65.41034110006534,51496700
2022-01-31,65.75972747802734,65.86066119671197,65.3870664464942,65.60445303544525,78932100
2022-02-01,66.020751953125,66.05970787485126,65.74024315981278,65.95841534466757,42377300
2022-02-02,66.12203979492188,66.1999575775958,65.92724236586419,66.1532080969406,29261500
2022-02-03,65.5298843383789,65.87272987484855,65.52209077307319,65.8181868072055,44760800
2022-02-04,65.2727279663086,65.37402644655408,64.82859001104917,65.26494034840239,65508300
2022-02-07,65.22599029541016,65.342869977387,65.00002449552096,65.09352943005194,37620700
2022-02-08,65.15584564208984,65.33505594619962,65.12467734034342,65.28051290432981,39549000
2022-02-09,65.49868774414062,65.54544317104072,65.40518877983234,65.40518877983234,37641800
2022-02-10,64.6338119506836,65.31950299593916,64.6260243304408,65.09353716918433,57751400
2022-02-11,64.4078369140625,64.86755607964696,64.24420181149335,64.85197489807922,58997100
2022-02-14,64.2987289428711,64.540281782961,64.06497560875411,64.40002740459265,36550200
2022-02-15,64.4078369140625,64.52471063768779,64.32991317198314,64.47016758508036,32724800
2022-02-16,64.76626586914062,64.8130153602737,64.3143343056973,64.36887736026824,38996000
2022-02-17,64.49354553222656,64.6493870793767,64.4467960404551,64.6493870793767,30755200
2022-02-18,64.58704376220703,64.66496155532768,64.37666512630663,64.43120817596575,43848800
2022-02-22,64.43901062011719,64.71173187590713,64.35329924454,64.54809674453399,37004300
2022-02-23,64.32211303710938,64.6026218087195,64.30652591382785,64.55586638362067,36545400
2022-02-24,64.78182220458984,64.81299050163983,63.761085741367864,63.82342233546786,56132500
2022-02-25,65.14804077148438,65.16362194728002,64.84415731313975,64.84415731313975,44118800
2022-02-28,65.19482421875,65.35845340122768,64.84419110554751,64.84419110554751,54006400
2022-03-01,65.01258087158203,65.41143274481483,64.87180997318448,65.24720102445741,43268500
2022-03-02,65.16899108886719,65.19245190895259,64.86398849448118,64.97347629930498,41489200
2022-03-03,64.9734878540039,65.30195132688833,64.29309411733853,65.2863127662629,23594200
2022-03-04,64.5511474609375,64.86397223916877,64.50422583252553,64.86397223916877,32141100
2022-03-07,63.988094329833984,64.4495124385413,63.9333504152388,64.43386791057742,43675900
2022-03-08,63.761295318603516,64.19924662788601,63.737834493697534,64.03501488690507,57474500
2022-03-09,64.2931137084961,64.37914073474712,64.01157179833649,64.13670418802553,31143000
2022-03-10,63.753456115722656,64.02718157793556,63.67525139793504,63.94115459837794,46408900
2022-03-11,63.292057037353516,63.85514066710598,63.237313127051955,63.83949614036912,40097000
2022-03-14,62.54129409790039,63.24514878414966,62.47090564595547,63.22950425409968,61536700
2022-03-15,63.01051330566406,63.15910647195033,62.64294450483292,62.66640532758579,57385300
2022-03-16,63.89426040649414,63.92554350329549,62.99489673167784,63.31553803227063,66254800
2022-03-17,64.33219146728516,64.36347455128399,63.93333960459778,63.948978163278106,48573700
2022-03-18,64.54338073730469,64.55120300431618,64.08978471690237,64.2070948555087,59780500
2022-03-21,63.8004264831543,64.48081454725084,63.67529407751173,64.43389287845564,62364300
2022-03-22,64.12887573242188,64.18361965596688,63.73784600234613,63.86297837995765,40148600
2022-03-23,63.92552185058594,64.13668119081152,63.80821176897602,64.0193711092016,36294900
2022-03-24,64.05850219726562,64.08196302968643,63.75349347587217,63.9177312360998,18435800
2022-03-25,63.59706497192383,64.06629938024815,63.55014332108317,64.06629938024815,36497500
2022-03-28,63.99590301513672,64.0115415731432,63.55012952897769,63.565768086984185,26886100
2022-03-29,64.78578186035156,64.80142638581295,64.24616506469849,64.28526444507547,49781100
2022-03-30,64.59027862548828,64.67630563101706,64.43386914269377,64.61374541788284,43905200
2022-03-31,64.35566711425781,64.69977515087905,64.34002258533528,64.66849205967353,40717600
2022-04-01,64.35095977783203,64.41378094688717,64.11538938030992,64.25673401520577,31316100
2022-04-04,64.83781433105469,64.84566847486263,64.39022398930388,64.40592628596339,32710900
2022-04-05,63.99756622314453,64.75925600668415,63.974009795357226,64.69643487194924,51886400
2022-04-06,63.495033264160156,63.91906709838321,63.36154279531829,63.55785442277589,67118000
2022-04-07,63.39295196533203,63.63637646086212,63.385097822940814,63.55785300981583,42831400
2022-04-08,63.008201599121094,63.39297684488289,63.00035344460504,63.19666514474396,42177200
2022-04-11,62.5762825012207,62.87467395248279,62.489904924890126,62.804004657823654,42293400
2022-04-12,63.055294036865234,63.30657266802348,62.87468471246003,63.00817517474141,38031000
2022-04-13,63.432220458984375,63.51074392211714,63.118120615497084,63.165239486141715,31635500
2022-04-14,63.008201599121094,63.518613217673824,62.84330048991931,63.432235590336084,45130400
2022-04-18,62.90610885620117,63.10242051634636,62.819731246460776,62.94537358461278,20864100
2022-04-19,62.85111999511719,62.96890814847335,62.70977540928065,62.78829884786665,29920800
2022-04-20,63.04744338989258,63.165231565299344,62.94536349971629,63.039589247277334,25769700
2022-04-21,62.61556625366211,63.24376597064797,62.56059922774758,63.20450124172766,38695100
2022-04-22,62.2386360168457,62.55273579863186,62.167960720240174,62.53702751451728,28243000
2022-04-25,62.76473617553711,62.819703176178116,62.24647074867584,62.348556600547525,35914500
2022-04-26,62.395668029785156,62.74117830643508,62.38781388960122,62.74117830643508,31171600
2022-04-27,62.08943557739258,62.56058224173124,62.026614424559455,62.40353535060331,37598600
2022-04-28,62.4349479675293,62.529173708903606,61.987357723136114,62.22292806752696,30808800
2022-04-29,61.6654052734375,62.2307836990352,61.626146543910295,62.14440610673804,35697100
2022-05-02,61.66935729980469,61.72453863696118,61.35403279563276,61.614175962648204,38674400
2022-05-03,61.992557525634766,62.08715667655617,61.76394742164381,61.80336523810633,42665700
2022-05-04,62.62322235107422,62.788766396344776,61.551122426575084,62.00045798211399,55154900
2022-05-05,61.511680603027344,62.29210394464641,61.33825185726454,62.25269214789986,53807900
2022-05-06,61.164825439453125,61.48803466236953,61.02293574858889,61.19635848663866,39256900
2022-05-09,60.51841354370117,60.944100663003816,60.47900174510568,60.802204956569604,38442700
2022-05-10,60.86526870727539,61.11752706296341,60.57359254019622,61.007164408244506,48419700
2022-05-11,60.50264358520508,61.085989865406525,60.49475882059996,60.6997206001406,42473500
2022-05-12,60.479007720947266,60.683969542562856,60.226749330618254,60.43171115223384,49069700
2022-05-13,60.54994583129883,60.7470228647446,60.25039090561421,60.68396278492042,49084400
2022-05-16,60.46324920654297,60.66821106550816,60.36077128421813,60.573611896528334,33300100
2022-05-17,60.40804672241211,60.59724499416389,60.258272275167066,60.58936022926254,41666500
2022-05-18,59.91141891479492,60.10849595069885,59.84047406874015,60.07696290323656,47647800
2022-05-19,60.31346893310547,60.43959513202237,59.80895210880795,59.87201220110892,53929100
2022-05-20,60.27404022216797,60.54206811969908,60.092732716300745,60.52629858873697,56691000
2022-05-23,60.510536193847656,60.58936580717798,60.368640484127475,60.41593704926287,29917100
2022-05-24,60.8731575012207,60.90469054955788,60.34499247377956,60.36864075645394,42246500
2022-05-25,61.795475006103516,61.8348928190795,60.912567718540544,60.94410076605856,56661500
2022-05-26,62.654754638671875,62.686281682255306,61.85856146608396,62.02410550931823,64773400
2022-05-27,63.21440887451172,63.21440887451172,62.75718887476117,62.90696929192709,52813100
2022-05-31,62.67051696777344,62.95430846915012,62.528621217085096,62.85970929725265,68424700
2022-06-01,62.43861389160156,62.8738604208152,62.31990809722421,62.69976543170625,87646100
2022-06-02,62.69976806640625,62.70767735877026,62.27243081126718,62.454441137683524,34752500
2022-06-03,62.23286819458008,62.41488458200954,62.137902335360984,62.41488458200954,36008000
2022-06-06,61.765968322753906,62.3594913776005,61.69474241660537,62.34366071506584,35756100
2022-06-07,61.90842819213867,61.97964807687313,61.51274606548917,61.56022598864548,31499900
2022-06-08,61.378204345703125,61.78180177117559,61.29906913461411,61.75806181161184,25361600
2022-06-09,60.88753890991211,61.33861608038241,60.768833120287866,61.14077511021777,49468700
2022-06-10,59.850860595703125,60.31776852217802,59.57388438726642,60.30193786019392,59907000
2022-06-13,57.84871292114258,58.806262731451866,57.68252718920085,58.75878281879102,122714600
2022-06-14,58.228580474853516,58.74296842289028,57.80915840630394,58.12569926266827,62818600
2022-06-15,59.360225677490234,59.66094187636129,58.5926014976668,58.71921662017016,70628200
2022-06-16,58.41850280761719,58.67965443283642,57.94368551298278,58.481813390269636,61583400
2022-06-17,58.60050964355469,59.01201628826516,58.41057792664664,58.55302369551343,49281000
2022-06-21,58.56094741821289,59.09115995256296,58.50555216891705,58.956629495362975,45924600
2022-06-22,58.54510498046875,58.75877058056926,58.41056852656953,58.45805446696882,38204800
2022-06-23,58.96453857421875,59.01993381763989,58.62425178245211,58.71130231320372,30961800
2022-06-24,59.383968353271484,59.6372046474966,59.02785085232304,59.15447201825036,38198600
2022-06-27,59.019935607910156,59.43144228043117,59.019935607910156,59.43144228043117,25658200
2022-06-28,58.37100601196289,59.186109905637004,58.36309068201262,59.106974719017444,39303800
2022-06-29,58.283958435058594,58.39474890943945,58.1098573931378,58.33935367224902,36806800
2022-06-30,58.25230026245117,58.426401295737975,57.81704767923417,58.03071932467805,45139900
2022-07-01,58.80795669555664,59.00668592652134,58.38664563153422,58.4263939036211,38849300
2022-07-05,58.7523307800293,58.80797473918285,58.05279979097123,58.43436269997896,38316200
2022-07-06,58.52973556518555,58.823857033658555,58.442294211443176,58.65692519416911,44706000
2022-07-07,59.48365783691406,59.523400059612165,58.84772162637264,58.89541471950523,44430400
2022-07-08,59.531314849853516,59.58695877969644,59.11000994322373,59.2689908671368,31230300
2022-07-11,59.19746398925781,59.55517417728232,59.18156225460995,59.459788028334344,28213700
2022-07-12,59.435951232910156,59.53929434140019,59.221326275964515,59.26901936312212,24036500
2022-07-13,59.37235641479492,59.555183940072375,58.76026688994411,58.82386170949097,46874900
2022-07-14,59.261077880859375,59.324666645722445,58.51385379490328,58.88746583788132,53953100
2022-07-15,60.01624298095703,60.01624298095703,59.428006006157275,59.435950810802844,48360800
2022-07-18,59.435951232910156,60.19112614641196,59.372362471612156,60.167279602833155,33302800
2022-07-19,60.222930908203125,60.366016251872516,59.65058953352555,59.65058953352555,31028200
2022-07-20,60.48523712158203,60.90654826428863,60.31830526416362,60.46139057977025,82881900
2022-07-21,61.20066833496094,61.25631229164822,60.35805811520027,60.42959774605402,52282000
2022-07-22,61.12116241455078,61.637859633282964,60.930384049002015,61.29604510994336,51055800
2022-07-25,61.10527038574219,61.28014702682101,60.93038767992811,61.16885913489119,26032000
2022-07-26,60.676021575927734,60.978087880055625,60.63627329642376,60.90654825463164,24151200
2022-07-27,61.3437385559082,61.58221606283669,60.94628008751735,60.94628008751735,35075700
2022-07-28,61.97169876098633,62.01939181731304,61.39141302656964,61.63783523723433,42335900
2022-07-29,62.154537200927734,62.28172071617097,61.80477192072612,61.971703695895165,33606800
2022-08-01,62.17369842529297,62.30936027091035,61.854489426824564,61.95822976375457,31595600
2022-08-02,61.88642501831055,62.13380915642551,61.84652160126966,62.06198422343323,40604400
2022-08-03,62.429073333740234,62.44503104616325,61.9023774976891,62.06996087595825,35660900
2022-08-04,62.596675872802734,62.60465168725257,62.33332787416655,62.51686902104051,24386400
2022-08-05,62.277462005615234,62.33332314456549,61.758747950558615,61.84653061011009,31006700
2022-08-08,62.333316802978516,62.76424815464213,62.285437571151526,62.516857917253255,19465600
2022-08-09,61.870460510253906,62.213609192308056,61.84652089566515,62.18966957771929,24675700
2022-08-10,62.796173095703125,62.86001004548393,62.5567647467016,62.66050511745174,38121800
2022-08-11,62.437049865722656,63.29891246825039,62.34926722536856,63.20314792738969,37778700
2022-08-12,62.99568176269531,63.0196213813349,62.47696770134312,62.66050883651834,16912300
2022-08-15,62.88393783569336,63.04353929728632,62.7642336952959,62.89989554649046,18441100
2022-08-16,62.58868408203125,62.82809242267964,62.45302219692043,62.82809242267964,22963200
2022-08-17,61.94227981567383,62.277446566283444,61.918334114853714,62.149760515533494,28774600
2022-08-18,62.03803634643555,62.14975859318307,61.97419941144111,62.093897469809306,19089300
2022-08-19,61.40760803222656,61.74278090368311,61.271946156478705,61.710859387905984,45428900
2022-08-22,60.71332931518555,60.96869532971016,60.657468189770974,60.936773816843825,42014200
2022-08-23,60.86495590209961,60.96870235296772,60.51383139693444,60.72929402309473,33240000
2022-08-24,60.93677520751953,61.04849746089835,60.77717372795155,60.84101066673503,16917400
2022-08-25,61.511356353759766,61.559235584680195,61.0086000754682,61.112346527004824,20080000
2022-08-26,60.497867584228516,61.5432774635299,60.4420064523885,61.5432774635299,34460600
2022-08-29,60.26645278930664,60.465957739876714,60.05897202436747,60.1307908841369,28020200
2022-08-30,59.80360412597656,60.37817934041983,59.61207499555699,60.330294013611066,66233900
2022-08-31,59.476409912109375,59.94724472202179,59.46045219629879,59.82754054401644,39161800
2022-09-01,59.633609771728516,59.67371012744995,59.032141146638565,59.30480398648749,38499700
2022-09-02,59.593482971191406,60.20297262065355,59.52933099634213,60.14683581862759,22364500
2022-09-06,59.43311309814453,59.657660378946595,59.22460228663354,59.59350226487329,28820900
2022-09-07,60.291194915771484,60.299216207905,59.49725831124321,59.51329477705704,26853200
2022-09-08,60.55583190917969,60.587910953655374,59.97040005478967,60.066637188216724,26928000
2022-09-09,60.79642868041992,61.085134024530106,60.65207600836482,60.852565490749484,29526800
2022-09-12,60.98086166381836,61.133235578280214,60.76432966764083,61.01294070467619,30276100
2022-09-13,59.593482971191406,60.28316717805454,59.569425215816366,60.13079935452841,47111300
2022-09-14,59.681705474853516,60.0746692513063,59.59348961633989,59.63358995873816,29672400
2022-09-15,59.304786682128906,59.69775047448045,59.27271374905653,59.57745556087188,46282300
2022-09-16,59.5052604675293,59.5052604675293,58.83964020893579,58.9438925100524,56479900
2022-09-19,59.72980880737305,59.73782397863417,59.216550279448256,59.27269318898416,26891900
2022-09-20,59.12034225463867,59.40102631915317,59.08024190894215,59.360925973456645,32769500
2022-09-21,58.94390869140625,59.53735585486022,58.67124592819486,59.26469309164883,37851300
2022-09-22,58.59102249145508,58.8556699777904,58.38251791293436,58.743396399063506,48278100
2022-09-23,57.84521484375,58.326394426267974,57.64472539051836,58.19005694804652,53312000
2022-09-26,57.1635627746582,57.88532616695514,57.147526307475474,57.67681538285742,42287400
2022-09-27,57.04327392578125,57.67682151985035,56.85882700051247,57.652763757289584,45295500
2022-09-28,58.06174087524414,58.133914134086666,57.29186218866429,57.47630904022979,48935800
2022-09-29,57.516422271728516,57.71691174918521,57.19563788410715,57.68483269857774,38068800
2022-09-30,57.25176239013672,57.96550428702918,57.24374109959523,57.524431202479306,42928700
2022-10-03,58.00209045410156,58.131034516966935,57.59106934064192,57.70389770140582,48967900
2022-10-04,59.25127029418945,59.259331220527464,58.64682994122824,58.75160353756673,45901300
2022-10-05,59.01753234863281,59.154537291620954,58.51785966700945,58.76769293347989,47833500
2022-10-06,58.84025955200195,59.20292133062748,58.751607801904925,58.95308793418259,37196000
2022-10-07,58.122962951660156,58.64680612588906,58.1068411055309,58.48562455669289,33983000
2022-10-10,57.41377258300781,58.1149256057012,57.155878278457116,58.082688049046716,37759700
2022-10-11,57.591060638427734,58.04237401328827,57.4540556708713,57.5265855423952,46344600
2022-10-12,57.687774658203125,57.905370426647615,57.55076968737942,57.55076968737942,32784800
2022-10-13,57.81671142578125,57.95372252803956,56.73678134651716,56.79319551261778,48832500
2022-10-14,57.631378173828125,58.32447031372869,57.486312234112056,58.17940437401262,37152100
2022-10-17,58.34056091308594,58.50980341181044,58.139080869554434,58.14714179292693,33820000
2022-10-18,58.751590728759766,59.082014852357716,58.49369648033556,58.93694895332636,37648400
2022-10-19,58.187442779541016,58.5420496765543,58.01014547971826,58.348630527585186,33194000
2022-10-20,57.865089416503906,58.63071136662852,57.80867523227035,58.19551359596187,47281100
2022-10-21,58.42116928100586,58.49370531582007,57.671663047578086,57.69583967628788,60211200
2022-10-24,58.46147155761719,58.61459841430256,58.155223992931646,58.47758726157528,29551200
2022-10-25,59.02558898925781,59.03364991224217,58.5903913783427,58.60651322431141,37459200
2022-10-26,59.18681335449219,59.40440922034555,58.79190781660476,58.88055957827856,50552100
2022-10-27,59.62199401855469,59.75093808550063,59.12232115601302,59.33186218207046,49481500
2022-10-28,60.08137512207031,60.19420349902542,59.7348290646552,59.839596515060556,123446800
2022-10-31,59.17874526977539,59.78318567244284,59.170684342774486,59.775124745441936,60269700
2022-11-01,59.53469467163086,59.825937061703456,59.2272748919855,59.81785145302726,39586700
2022-11-02,58.99264907836914,60.100988262337125,58.960288134433696,59.510411836898385,50659500
2022-11-03,58.571964263916016,58.76612373910747,58.15936997844305,58.385890394869485,37507100
2022-11-04,58.97648239135742,59.22727203707887,58.571979777112475,58.952213222057935,39849100
2022-11-07,58.968406677246094,59.1463888635617,58.79851627364168,59.09785051173808,24913000
2022-11-08,58.91176986694336,59.11402120625203,58.725695919002106,59.01693834138429,39489200
2022-11-09,58.207908630371094,58.84702333585196,58.10274019993189,58.73376312700405,45728900
2022-11-10,60.020084381103516,60.08480009178749,59.42950800100099,59.85019406764844,67165700
2022-11-11,60.23043441772461,60.42460010890605,59.80975443127113,60.0443666789505,20934800
2022-11-14,59.785465240478516,60.10097666770723,59.76119608026365,60.068615730014834,37932800
2022-11-15,60.311344146728516,60.43268999703649,59.9230189090822,60.3841516569133,50673700
2022-11-16,60.181907653808594,60.327528864087206,60.11718574430232,60.26280695458093,31124900
2022-11-17,59.923004150390625,60.003903421411,59.64794539447758,59.712661107962646,34338000
2022-11-18,60.05244827270508,60.23851597991733,59.882551778685155,60.23851597991733,31663800
2022-11-21,60.02818298339844,60.14953499705861,59.88256180145019,59.98773642699158,19070500
2022-11-22,60.46503448486328,60.50548720543193,60.076715525166,60.14143123696983,24572500
2022-11-23,60.804840087890625,60.918100333835326,60.400337446025105,60.41651483592271,30316300
2022-11-25,60.68348693847656,60.82101635283416,60.5944958651345,60.79674718232639,9465900
2022-11-28,60.04436111450195,60.618754010188816,60.02009194840831,60.5135855663766,31668900
2022-11-29,60.30324935913086,60.35178769683383,59.93110770156149,60.044367937681734,27162300
2022-11-30,61.20932388305664,61.23359304654068,60.181884032629334,60.3517743492362,41702100
2022-12-01,61.436004638671875,61.46850260670455,61.0785331886661,61.395380629042634,42134200
2022-12-02,61.38725280761719,61.41162473334666,60.92416762369689,60.92416762369689,27535800
2022-12-05,60.80229949951172,61.176023007755376,60.68043987546836,61.15977092564746,29736500
2022-12-06,60.58294677734375,60.932292167035556,60.46920699450021,60.82667842535321,24976800
2022-12-07,60.91604232788086,60.98915809852443,60.56669696087152,60.56669696087152,24614200
2022-12-08,60.96479034423828,61.0460321610714,60.76980874416814,60.98916226945288,23839500
2022-12-09,60.96479034423828,61.192269910712334,60.78605462819344,60.78605462819344,20687300
2022-12-12,61.200401306152344,61.25727120274624,61.01353953257018,61.111033440311374,22415700
2022-12-13,61.834083557128906,62.31341455913874,61.49286424739113,62.24029879206032,45923300
2022-12-14,61.48472595214844,61.915313023615624,61.11100875430236,61.752829441369975,57177300
2022-12-15,61.2528076171875,61.342645566836,60.950624856464565,61.17930723890662,41666500
2022-12-16,60.92613220214844,61.09763933679469,60.77096264087339,60.9016320730502,38197100
2022-12-19,60.615779876708984,60.81178711790903,60.48510422860371,60.689280255549804,24135100
2022-12-20,60.4605827331543,60.59125833507362,60.1829064255092,60.31357579647288,32917800
2022-12-21,60.97510528564453,61.08944331276777,60.71375410255695,60.76276056486345,23211500
2022-12-22,60.59941864013672,60.836263486617284,60.37074257621216,60.738263019767,26893700
2022-12-23,60.754615783691406,60.80361603440024,60.39526399593964,60.501439513752274,13196500
2022-12-27,60.125736236572266,60.73826408899106,60.0930673367286,60.69742640644759,22108000
2022-12-28,59.31719970703125,60.29724808749128,59.28453080458698,60.22374149925267,41064800
2022-12-29,60.08491897583008,60.12575667225355,59.41522187880555,59.554060077113135,33378900
2022-12-30,60.13392639160156,60.166595306441245,59.848081175452336,59.88075009029202,15170300
2023-01-03,60.24825668334961,60.59127712930828,60.15842496786059,60.5259393080821,28787700
2023-01-04,60.94245910644531,60.97512801650988,60.4279315616253,60.64844514682173,37120100
2023-01-05,60.8199348449707,60.87710386348272,60.58308998800498,60.73009692574385,35142000
2023-01-06,61.685638427734375,61.88981438240367,61.007772762802965,61.14661714750437,60041200
2023-01-09,61.90617370605469,62.036843122872014,61.775498058279524,61.86533600838549,35806900
2023-01-10,61.83266830444336,61.96334395477149,61.6856613133032,61.87350600291039,35695500
2023-01-11,62.24102020263672,62.27368911513339,61.9470062211247,62.0695130852477,31826700
2023-01-12,62.592220306396484,62.641220573036016,62.110367735215426,62.39621300887874,29404900
2023-01-13,62.592220306396484,62.69838962776868,62.24920597800051,62.28187489941341,26301500
2023-01-17,62.37986373901367,62.518708186730734,62.3063633528327,62.494201827045266,30961200
2023-01-18,62.45337677001953,62.95156687515992,62.43703919521804,62.76372215069751,52989700
2023-01-19,62.08583450317383,62.3390169768187,62.02866547318118,62.24101025499259,50070900
2023-01-20,62.208335876464844,62.208335876464844,61.8489903899543,62.06949770597313,36625400
2023-01-23,62.20018005371094,62.37168714716204,62.04500429874977,62.151173576327004,26764800
2023-01-24,62.24102020263672,62.27368911513339,61.97150634775772,62.07768187111135,27774500
2023-01-25,62.23284912109375,62.29818694367686,61.97150406171903,62.03684188430214,25857700
2023-01-26,62.38801193237305,62.45334974138379,62.14299826406098,62.363511811733126,25512400
2023-01-27,62.20018005371094,62.37168714716204,62.11034211462364,62.29001176184117,35813400
2023-01-30,61.85716247558594,62.09400739578397,61.84083113634627,61.9715005431357,32002000
2023-01-31,62.339019775390625,62.36351989920779,62.00416813400339,62.02050570385299,41006600
2023-02-01,62.993900299072266,63.17444660674499,62.18965027247811,62.35378612542722,46900900
2023-02-02,63.35498046875,63.46987242402767,63.24829687060416,63.45346197090599,56399900
2023-02-03,62.690250396728516,63.075961804609996,62.64101277398356,62.8625883374781,39682300
2023-02-06,62.28815841674805,62.452288078731364,62.197885224313644,62.41946089410565,40944200
2023-02-07,62.509708404541016,62.665635902164325,62.18965131236674,62.23068684157583,37101300
2023-02-08,62.247100830078125,62.501509855559355,62.1157983992124,62.41943879248235,34066600
2023-02-09,61.844993591308594,62.460489143561944,61.78754759021073,62.460489143561944,42581900
2023-02-10,61.36900329589844,61.7547148087795,61.29514684167558,61.57416846137611,65905000
2023-02-13,61.52492904663086,61.7300942061775,61.3443827044468,61.410037058176236,38741300
2023-02-14,61.54136276245117,61.70549870880568,61.14744901349266,61.41006026651372,54193600
2023-02-15,61.442874908447266,61.45107700823041,61.20488253069361,61.319774539106426,44897600
2023-02-16,60.950469970703125,61.21308115518658,60.917649051144146,61.17205187516559,89945400
2023-02-17,61.188453674316406,61.2869352024878,60.62220210547591,60.85198607673218,75910300
2023-02-21,60.24469757080078,60.75350313498866,59.998496886672555,60.605783976740426,98782400
2023-02-22,60.63862991333008,60.88483067363162,60.40063751467737,60.40063751467737,70093300
2023-02-23,61.23769760131836,61.327970770237236,60.83556939026385,60.91764046102183,47908100
2023-02-24,60.86838150024414,60.991481814767795,60.66321639641875,60.72887073231698,47576500
2023-02-27,61.278743743896484,61.360808576101014,61.040751347701594,61.155643365017006,40292000
2023-02-28,61.16383361816406,61.254106785206005,61.07356045112211,61.254106785206005,32999000
2023-03-01,60.990447998046875,61.180342974880254,60.841831525266734,61.16383283309427,45341400
2023-03-02,61.06477355957031,61.13908497046492,60.668467032061336,60.668467032061336,37886100
2023-03-03,61.69224166870117,61.76654675081763,61.23813405851333,61.33721380051145,50123300
2023-03-06,61.69224166870117,61.91516321422673,61.6427049472902,61.83259991214972,33430800
2023-03-07,61.25467300415039,61.733542851810185,61.246414781155664,61.700522558188254,40222100
2023-03-08,60.96568298339844,61.395022327888604,60.84184115246624,61.29594256396528,54303900
2023-03-09,60.627174377441406,61.279435347957005,60.56112119833601,61.023487152895925,52669500
2023-03-10,60.63542556762695,61.05650036244087,60.41249768879404,60.6684521533495,81516000
2023-03-13,60.30516052246094,61.081269468380434,60.13177568757656,60.42900863285737,78478100
2023-03-14,60.74277114868164,61.02349404198211,60.49507484866231,60.84185092852508,66395600
2023-03-15,60.54459762573242,60.60239256983757,59.9501317439786,60.1152583559429,81454700
2023-03-16,60.94091796875,61.0565078834288,60.288656993532236,60.379478540662426,63386700
2023-03-17,60.57762145996094,60.9161328888847,60.470283497794526,60.63541640144432,55132200
2023-03-20,60.41249084472656,60.734492145070796,60.329927539362274,60.46203386728628,38540800
2023-03-21,61.07302474975586,61.16384629751337,60.68497019100612,60.80881832878254,38203400
2023-03-22,61.13080596923828,61.75004021977856,60.85834138719818,61.08126924493155,55263500
2023-03-23,60.891361236572266,61.40326376145082,60.7014599824344,61.122540990009085,54660900
2023-03-24,60.76750564575195,60.84181701400645,60.59412085205821,60.64365756477783,44225600
2023-03-27,60.61890411376953,60.982190227507296,60.61890411376953,60.891368699072856,30905100
2023-03-28,60.58588409423828,60.66019548881531,60.38773087399503,60.5033207774017,38277200
2023-03-29,61.34546661376953,61.35371853382663,60.808795748804336,60.808795748804336,44457300
2023-03-30,61.70875549316406,61.71701371361759,61.3207010211433,61.48583393433115,37130200
2023-03-31,62.37751770019531,62.46008098725709,61.882125379474545,61.898641816391915,54218900
2023-04-03,62.329429626464844,62.453840928677685,62.18013732937377,62.32113385223153,43302900
2023-04-04,62.14693832397461,62.42064182534692,62.08058480949295,62.32940732488948,46144300
2023-04-05,61.798614501953125,62.16354630964059,61.72396518886181,62.10548854515701,37633900
2023-04-06,62.072303771972656,62.17183406732009,61.61613748922735,61.699076238106414,35719600
2023-04-10,62.01425552368164,62.04743229388448,61.7156772474999,61.856673774995535,29083900
2023-04-11,62.14693832397461,62.28793479638359,61.964469323059745,62.014231295011285,28875100
2023-04-12,62.13039779663086,62.520210736990386,62.08062946106396,62.46215295201565,41457600
2023-04-13,62.553340911865234,62.71922469378761,62.23817121794161,62.23817121794161,95864000
2023-04-14,62.437225341796875,62.661166865126546,62.271347887923916,62.5367556108122,43767600
2023-04-17,62.27138137817383,62.3377349265364,62.04743973440582,62.263085602672845,26391100
2023-04-18,62.312835693359375,62.50360052649494,62.188430723729056,62.42066177080091,28030700
2023-04-19,62.064022064208984,62.196722813395375,62.02254952068852,62.064022064208984,26979400
2023-04-20,62.00596618652344,62.10549016948585,61.831792888517306,61.91473165025995,30203900
2023-04-21,62.19672775268555,62.22990452457228,61.947911455268425,62.105493211952606,33061800
2023-04-24,62.37089157104492,62.42065988521511,62.163541524162696,62.22989505784211,24661600
2023-04-25,62.27138137817383,62.45385047225957,62.21332360531224,62.3377349265364,34575300
2023-04-26,62.030853271484375,62.29626113180758,61.93961872626491,62.25478858295418,33762700
2023-04-27,62.23819351196289,62.41236679950665,62.03913923017309,62.14695898117974,39687600
2023-04-28,62.50360870361328,62.60313902016017,62.254786076157195,62.254786076157195,33821100
2023-05-01,62.21703338623047,62.47526243727123,62.08374977581436,62.416952446542275,37748300
2023-05-02,62.15873718261719,62.25869355728775,61.9504862616352,62.2170471862796,39045300
2023-05-03,62.125431060791016,62.50861208397159,62.10876742417019,62.22538745925492,33178300
2023-05-04,61.942169189453125,61.98382192568966,61.71725458228027,61.95882647075858,45207600
2023-05-05,62.275360107421875,62.35865920865432,62.042120081845404,62.12541918307785,31591500
2023-05-08,62.100433349609375,62.22537883036287,61.958817879231454,62.22537883036287,18367400
2023-05-09,61.942169189453125,62.042131943231645,61.86719553529042,61.933837371142765,21732900
2023-05-10,62.3170280456543,62.40865899531377,62.08378793936334,62.28370712256755,35392700
2023-05-11,62.21703338623047,62.283668836126175,62.15039158102241,62.25867974800124,25265500
2023-05-12,61.99211502075195,62.30032858415511,61.87549504655874,62.20869769653017,27553200
2023-05-15,61.975486755371094,62.05045405016385,61.8921876427186,62.00047585363534,19764500
2023-05-16,61.54231262207031,61.87551538154667,61.4840026158105,61.85885810346417,40998700
2023-05-17,61.70892333984375,61.92549975310719,61.58397149815196,61.608960595427384,38534100
2023-05-18,61.74224853515625,61.800558551279686,61.48401301633953,61.52566575156274,29129200
2023-05-19,61.80888366699219,61.942167334705935,61.70059545346106,61.80055820424638,36044900
2023-05-22,62.08377456665039,62.20039459467616,61.82554541249545,61.82554541249545,34897700
2023-05-23,61.758888244628906,62.04211278187144,61.700578245095635,61.967139150863915,32415500
2023-05-24,61.32574462890625,61.658941078699385,61.20079278257637,61.5839737840904,38083200
2023-05-25,61.284088134765625,61.56731272608963,61.26743085542399,61.55064909143348,21457900
2023-05-26,61.658939361572266,61.733913009408234,61.32574292105825,61.35073201856533,23547600
2023-05-30,61.92547607421875,61.93380788856288,61.717225202801046,61.93380788856288,27482600
2023-05-31,61.733917236328125,61.85053726955595,61.60063356674481,61.75890633554621,43393600
2023-06-01,62.10471725463867,62.196786757127825,61.75318263735278,61.769926030023505,42425700
2023-06-02,62.42277145385742,62.581795353514764,62.18841506637702,62.32233026533755,49950900
2023-06-05,62.37251663208008,62.39763170601303,62.22185811712964,62.37251663208008,24080200
2023-06-06,62.47297286987305,62.48971625654176,62.20513615475252,62.31394262517521,23006600
2023-06-07,62.12980651855469,62.59851914677583,62.05447405431593,62.52318668253707,32340900
2023-06-08,62.52318572998047,62.55666611516199,62.12980557199133,62.12980557199133,33987800
2023-06-09,62.5399055480957,62.657083659208716,62.514796865104074,62.57338592066058,27016700
2023-06-12,62.47297286987305,62.6068944202988,62.339057705178284,62.59852272696445,30629500
2023-06-13,62.54831314086914,62.72408040843039,62.45624365989918,62.632010927460435,39425900
2023-06-14,62.57341003417969,62.76591426845173,62.28046464350663,62.606890419646696,32864600
2023-06-15,62.874717712402344,62.899826401314016,62.62361805182639,62.65709843228516,42412300
2023-06-16,62.715694427490234,62.86635296332744,62.690585735805755,62.84960957838423,47560800
2023-06-20,62.54831314086914,62.71570871405172,62.54831314086914,62.6152675387031,31930500
2023-06-21,62.3892822265625,62.52319740656752,62.26373235511724,62.42276261799669,39751900
2023-06-22,62.205116271972656,62.33903777959274,62.18837927638462,62.246968339536174,31504700
2023-06-23,62.09634017944336,62.15492927122422,61.937309907867274,62.11307718320985,33811100
2023-06-26,62.12980651855469,62.213504289918376,62.01262197576877,62.10469143998802,36111900
2023-06-27,62.33905029296875,62.39763936788094,62.18002006717985,62.19675706612752,31707600
2023-06-28,62.69894790649414,62.69894790649414,62.28881805216429,62.33067012243611,35679600
2023-06-29,62.531558990478516,62.53993068341642,62.29720267406272,62.47296991137456,41712000
2023-06-30,62.83286666870117,62.975153498682346,62.68220814703589,62.74079721736518,35842000
2023-07-03,62.73442459106445,62.85223519861865,62.70917395784861,62.84381832088004,13046500
2023-07-05,62.54085922241211,62.725991965001604,62.43987597549194,62.70915821375075,37947100
2023-07-06,62.086448669433594,62.15377083884832,61.91814966609225,62.0864486694336,52251100
2023-07-07,62.145362854003906,62.549289508088144,62.044386005630116,62.069630217723564,42269100
2023-07-10,62.456729888916016,62.5240520752623,62.19586444207051,62.204274900216,45752200
2023-07-11,62.793338775634766,62.79333877563477,62.515639552755204,62.61662283931073,32000700
2023-07-12,63.281410217285156,63.37397662726254,63.129938493703776,63.18884380730778,42820700
2023-07-13,63.66006851196289,63.727390679091755,63.45810843077153,63.533841053645084,33954200
2023-07-14,63.197261810302734,63.64326010983542,63.15519025423609,63.59277167447633,36081800
2023-07-17,63.315067291259766,63.416050573964455,63.113107146047646,63.163595577301365,28836600
2023-07-18,63.491783142089844,63.57593908767133,63.340311428319325,63.36556206411212,25990800
2023-07-19,63.54228973388672,63.66010037523141,63.50021175332142,63.60960551451337,26794800
2023-07-20,63.264556884765625,63.365540132393306,63.09625789224784,63.28980109162379,27028500
2023-07-21,63.424442291259766,63.52541911370836,63.281381092466404,63.281381092466404,37447800
2023-07-24,63.315067291259766,63.56752228792286,63.29823995424095,63.47495588382621,20925500
2023-07-25,63.27298355102539,63.34029930633162,63.16358341078523,63.247739340261056,30067600
2023-07-26,63.52546310424805,63.584368431532454,63.21410912583011,63.24777023002108,33068400
2023-07-27,63.02053451538086,63.69374349316972,62.88589657194107,63.64324864670775,48675800
2023-07-28,63.38238525390625,63.4328736817938,63.239330428093616,63.289818855981174,27588400
2023-07-31,63.533843994140625,63.61799349684873,63.43286073877359,63.46652182389594,30744800
2023-08-01,63.219303131103516,63.37995342504766,63.14320969762435,63.37995342504766,34529700
2023-08-02,62.94876480102539,63.00795075812753,62.788120889339865,62.94876480102539,37500500
2023-08-03,62.7458381652832,62.872667050655245,62.644373766828565,62.74583816528321,30348000
2023-08-04,63.117855072021484,63.36305581392184,63.050212153404054,63.117855072021484,37411900
2023-08-07,63.236236572265625,63.270058036718495,63.07558622881071,63.23623657226563,19412600
2023-08-08,63.37151336669922,63.41379180821849,63.12631904839778,63.193955523730345,32545600
2023-08-09,63.37998580932617,63.456085732471685,63.24470637486956,63.37998580932617,27569200
2023-08-10,63.363040924072266,63.70969951165277,63.19393366726765,63.422226851258316,43697200
2023-08-11,63.27004623413086,63.29541071504275,63.05866695882034,63.14321737878784,23329000
2023-08-14,63.261592864990234,63.35460026749417,63.050213577623815,63.160128484772144,28545100
2023-08-15,63.05868148803711,63.23623934611464,63.033317001281034,63.09250295397354,32968600
2023-08-16,62.86421203613281,63.202420257433324,62.86421203613281,63.033319372175704,31759400
2023-08-17,62.60210418701172,62.92339845166726,62.449910808851655,62.89803396377147,38546600
2023-08-18,62.64435958862305,62.83883136228366,62.44989426574604,62.47525874692273,44130500
2023-08-21,62.627445220947266,62.686631154134105,62.43297346860029,62.635902197340506,30768700
2023-08-22,62.66127014160156,62.788098991383514,62.61054118200209,62.76273451158377,18135400
2023-08-23,63.168601989746094,63.26160941658424,62.906493669085286,62.906493669085286,33378000
2023-08-24,62.821937561035156,63.1770532765332,62.75429462928743,63.1770532765332,34336100
2023-08-25,63.08404541015625,63.160138869743385,62.78811564934242,62.838844622400515,31149300
2023-08-28,63.320777893066406,63.354599352650716,63.15167704592866,63.32923487065844,21461600
2023-08-29,63.718162536621094,63.718162536621094,63.227761121502155,63.2531255997354,42178200
2023-08-30,63.69281768798828,63.81964656902498,63.63363173694247,63.71818217403865,29458200
2023-08-31,63.65050506591797,63.735055457613505,63.54904717619589,63.642048091514,30824500
2023-09-01,63.77032470703125,63.914734437646864,63.58343847635036,63.87226441858555,33213100
2023-09-05,63.354061126708984,63.67686038428422,63.3030880474063,63.67686038428422,29500600
2023-09-06,63.20115661621094,63.328579596524264,63.07373363589761,63.294599703040575,30797500
2023-09-07,63.41355895996094,63.44753887105801,63.09924964306704,63.09924964306704,28757400
2023-09-08,63.388065338134766,63.60892500283945,63.337092239276195,63.540971672701865,26389100
2023-09-11,63.49848175048828,63.49848175048828,63.34557544823695,63.47299844694688,29159400
2023-09-12,63.396522521972656,63.50695877796236,63.33705933836318,63.33705933836318,21668500
2023-09-13,63.5664176940918,63.63437746536904,63.37103497191984,63.37103497191984,27498900
2023-09-14,63.642879486083984,63.71083927007915,63.56642958984071,63.63438937383587,29575900
2023-09-15,63.40504455566406,63.583434178071855,63.40504455566406,63.45601116749385,41636900
2023-09-18,63.447486877441406,63.51544016294419,63.32856052656148,63.32856052656148,19549700
2023-09-19,63.25212860107422,63.40503489426789,63.20965859135531,63.31159179948273,33937200
2023-09-20,63.20115661621094,63.506969176562116,63.192660022589514,63.39653290248963,26715100
2023-09-21,62.75094985961914,62.997299287436675,62.75094985961914,62.946326194127245,43327300
2023-09-22,62.861385345458984,63.090741602510036,62.85288874897437,62.87837205742402,36657300
2023-09-25,62.77641677856445,62.88684657006828,62.63200709405901,62.699960399060345,30197500
2023-09-26,62.50458908081055,62.76792517123966,62.46211259093379,62.725448681362906,39193000
2023-09-27,62.41967010498047,62.73397293704639,62.309233775006795,62.68300631152333,45532200
2023-09-28,62.716949462890625,62.74243276071603,62.275217363912105,62.3091972546798,45776600
2023-09-29,62.62350082397461,63.039743107173315,62.61500423178662,62.980279923859214,51698300
2023-10-02,62.24350357055664,62.54238039119138,62.16665232311888,62.42282966293748,69255900
2023-10-03,61.61159133911133,62.16665201181118,61.58597425676035,61.99586060442798,77754200
2023-10-04,61.92757034301758,62.02150402821684,61.5860004132335,61.756785378125535,138971500
2023-10-05,61.98733139038086,62.064189167320045,61.82508766577998,61.884863041165,56138500
2023-10-06,62.0727424621582,62.18375203377992,61.56891575858278,61.73970723226452,52741500
2023-10-09,62.533851623535156,62.54238630848502,62.08125923515186,62.08125923515186,27277200
2023-10-10,62.51678466796875,62.7131932257907,62.29475901891531,62.371616807638084,50761600
2023-10-11,62.50823974609375,62.713189493805984,62.23497993083867,62.63633170965692,53330500
2023-10-12,62.175167083740234,62.482585005033854,61.987299852391466,62.482585005033854,60368000
2023-10-13,62.123966217041016,62.5423938560134,62.064190840044965,62.34599183803813,54191200
2023-10-16,62.10688781738281,62.26059685415795,62.05564712843963,62.09834661672108,39352900
2023-10-17,61.81657028198242,62.00443768129699,61.73117778639301,61.842187379156265,50948700
2023-10-18,61.517662048339844,61.87631425669275,61.47496256471505,61.74822232084486,58306500
2023-10-19,61.295650482177734,61.82509423111582,61.295650482177734,61.517676120768286,70971900
2023-10-20,61.42372131347656,61.56034791827349,61.32978767235491,61.36394595231058,64845500
2023-10-23,61.671382904052734,61.84216784127523,61.21025575551872,61.28710702276052,47508700
2023-10-24,61.98733139038086,62.01295499271212,61.76531229039497,61.83362886655706,46427900
2023-10-25,61.65428161621094,61.88484837736773,61.58597157126239,61.83361421489989,42518300
2023-10-26,61.867774963378906,61.97879101821366,61.568898113875115,61.662831768722974,45233400
2023-10-27,61.790931701660156,62.00441612392542,61.67992214749213,61.92755834409561,35621800
2023-10-30,61.80799865722656,61.91047351051561,61.714065003801586,61.78238157266095,29094000
2023-10-31,61.97025680541992,62.16666533725432,61.808006562384,61.83363016525343,42185900
2023-11-01,62.56093215942383,62.56093215942383,62.05439727840451,62.05439727840451,59313100
2023-11-02,63.26493453979492,63.350786035381184,62.94727680107155,62.955863915644954,68930600
2023-11-03,63.88304138183594,63.92596383148718,63.5310419244488,63.65982237349399,88763600
2023-11-06,63.62550735473633,63.86589413445229,63.565410659807334,63.73711363101917,93899100
2023-11-07,63.63407516479492,63.711339513387415,63.44519802372905,63.58255904902009,50458200
2023-11-08,63.66841506958008,63.72851174440116,63.58255706265312,63.61689895541465,41143500
2023-11-09,63.27348709106445,63.69417036827056,63.25631941956759,63.57397701765349,62856100
2023-11-10,63.58253860473633,63.616880487528455,63.419422849029246,63.45376473182137,35563300
2023-11-13,63.52248764038086,63.58258434098476,63.35078465295519,63.35078465295519,37530100
2023-11-14,64.1663589477539,64.32948130799862,64.06333981500701,64.06333981500701,68210800
2023-11-15,63.9603157043457,64.14060574113087,63.900219025417314,64.0547542783827,44022800
2023-11-16,64.04615020751953,64.10624687053418,63.91736977247528,63.986053544504884,52928200
2023-11-17,64.1921157836914,64.1921157836914,63.94314850489379,64.05475475228744,44272100
2023-11-20,64.26081848144531,64.34666997008814,64.08911550415965,64.08911550415965,30846200
2023-11-21,64.34664154052734,64.36381576069725,64.2178676394822,64.2178676394822,29493900
2023-11-22,64.45826721191406,64.52695100623747,64.28655772610554,64.43251242655457,40866800
2023-11-24,64.38955688476562,64.41531165951241,64.34662789349133,64.40672455124867,8536200
2023-11-27,64.48401641845703,64.56128076785102,64.32948116962251,64.38957784694446,31007400
2023-11-28,64.76734161376953,64.79309640067089,64.43251628395673,64.47543874544316,44031100
2023-11-29,65.11932373046875,65.28244608696734,64.99913037832656,65.02488516092183,48815500
2023-11-30,64.99913024902344,65.12791071179001,64.80167254948826,65.0935688183825,55047100
2023-12-01,65.53730010986328,65.55455272263612,64.8559666641011,64.93359026169115,60321100
2023-12-04,65.37345123291016,65.41656961251633,65.1578395950443,65.1578395950443,33105700
2023-12-05,65.4338150024414,65.51143202512824,65.26132176323019,65.26132176323019,32466500
2023-12-06,65.44242095947266,65.57178921667418,65.39930259370075,65.51141824063919,21297200
2023-12-07,65.55455780029297,65.66667347222511,65.47693419669044,65.5373051861838,27779300
2023-12-08,65.42517852783203,65.4683034759189,65.26131162103383,65.38205357974516,30123200
2023-12-11,65.3820571899414,65.39068349602375,65.1750719035705,65.37343746380269,30141700
2023-12-12,65.5286636352539,65.55453596785671,65.20092987577254,65.3475441471499,29203400
2023-12-13,66.52910614013672,66.53773244540209,65.59766256976742,65.63216121088588,64201300
2023-12-14,66.82294464111328,67.06562094849109,66.6929375871799,66.84894472941328,67220400
2023-12-15,66.67558288574219,67.03959721843795,66.51957579852528,66.76225202032245,36336400
2023-12-18,66.71891784667969,66.80558697747647,66.50224171347233,66.80558697747647,34793600
2023-12-19,66.90959930419922,66.98760616462533,66.77092999251015,66.79693007517484,25269400
2023-12-20,66.91827392578125,67.20428808441848,66.88360494178589,66.98761189377196,38376400
2023-12-21,67.22160339355469,67.28227244810938,67.01359615114306,67.17827213311907,22861400
2023-12-22,67.14362335205078,67.3862996432591,67.10028546614944,67.33429947012388,18048400
2023-12-26,67.27361297607422,67.28227526106488,67.15227486189191,67.16960604430454,12374700
2023-12-27,67.55096435546875,67.67230248074067,67.26495022628556,67.31695039070728,22835300
2023-12-28,67.33428955078125,67.52496564076493,67.2042825246622,67.51629674237512,22648100
2023-12-29,67.07427978515625,67.48163207389426,67.07427978515625,67.3169560561238,36993900
2024-01-02,66.84893035888672,66.9442684037808,66.77093011075449,66.84893035888672,41547100
2024-01-03,66.66693878173828,66.80561473858465,66.3462622032898,66.49360044811388,39495500
2024-01-04,66.40691375732422,66.64959000533248,66.38957596107687,66.57158314708308,32856100
2024-01-05,66.45890808105469,66.73625328475381,66.34623886507515,66.3895701270221,31158500
2024-01-08,66.83160400390625,66.88360417308536,66.47625188136242,66.47625188136242,33479100
2024-01-09,66.93562316894531,67.01362343694726,66.70160914007207,66.74494703058451,25593500
2024-01-10,67.05695343017578,67.16095377526361,66.97894655892698,67.09162241601604,35702800
2024-01-11,67.27361297607422,67.28227526106488,66.88359194126141,67.03959903270028,35947100
2024-01-12,67.34293365478516,67.53360969328811,67.2822646073006,67.32560247511682,31155500
2024-01-16,66.91827392578125,67.21295698352546,66.84893595779054,67.21295698352546,43669900
2024-01-17,66.63225555419922,66.80560046321594,66.50225513797687,66.80560046321594,54160800
2024-01-18,66.77092742919922,66.779596327232,66.60625142873528,66.7275895514671,34837600
2024-01-19,66.88358306884766,66.88358306884766,66.54556885097448,66.79691394341897,44359700
2024-01-22,66.93562316894531,67.10896150612767,66.89228527843288,66.89228527843288,36758900
2024-01-23,66.85760498046875,66.95294303352404,66.76226692741346,66.90094286365118,24561500
2024-01-24,66.82294464111328,67.10895883728003,66.76227556426883,67.08295874898005,27623300
2024-01-25,67.33428955078125,67.33428955078125,66.99627525033092,67.05694431419555,48268800
2024-01-26,67.28227996826172,67.40361809093308,67.24761098857965,67.29961776431863,26232800
2024-01-29,67.42962646484375,67.45562654714509,67.23028147981368,67.3082883391496,25924900
2024-01-30,67.34293365478516,67.45560946613521,67.19559548409842,67.42960939041758,32486600
2024-01-31,67.15228271484375,67.51629709995939,67.10894483509719,67.34295219340522,55548900
2024-02-01,67.53900909423828,67.599980334495,67.16446957684222,67.35609537346812,48019300
2024-02-02,67.23414611816406,67.32124693184463,67.10349157496016,67.11220364993805,42727400
2024-02-05,66.92057800292969,67.07736212600643,66.77250595484779,67.02509632140344,51908600
2024-02-06,67.16448211669922,67.2602950329008,66.95543877469942,66.95543877469942,32948200
2024-02-07,67.27770233154297,67.32996814313638,67.08607652822347,67.30383191465617,42954100
2024-02-08,67.24285125732422,67.32995871599464,67.1731745939004,67.22543375280979,25548400
2024-02-09,67.38224792480469,67.4258016735632,67.1906220628577,67.2864349938312,33951400
2024-02-12,67.23414611816406,67.46931897963819,67.21672196820828,67.35608858639007,36249100
2024-02-13,66.69412231445312,66.89446020241449,66.58089190104636,66.78122314364043,69904200
2024-02-14,66.95542907714844,67.05994741032632,66.83348659152954,66.88574575811847,38603100
2024-02-15,67.19060516357422,67.2690005625483,67.01640350309218,67.06866267216331,44319900
2024-02-16,66.99028778076172,67.0773886290264,66.91189236556538,67.00770529226715,50322900
2024-02-20,67.129638671875,67.18189784464704,66.91188325816769,66.97285450819102,31994100
2024-02-21,67.00768280029297,67.17317900820309,66.91186990575201,67.12091320049296,38674100
2024-02-22,67.32996368408203,67.33866911429855,67.15575539925294,67.19930913180185,45450200
2024-02-23,67.3735122680664,67.46932516550939,67.32125310413996,67.3909364196197,24686900
2024-02-26,67.15576171875,67.37351711125267,67.13834421131135,67.3473875274111,32795300
2024-02-27,67.24285125732422,67.24285125732422,67.11220336005076,67.19930417335509,30926600
2024-02-28,67.23414611816406,67.31253485686673,67.15575073409528,67.19930446361862,24667600
2024-02-29,67.35608673095703,67.47802919582394,67.27769134904777,67.32995715210926,43322400
2024-03-01,67.6083755493164,67.63465397285495,67.25798097462103,67.38937977553438,39342900
2024-03-04,67.5908432006836,67.65216173583659,67.47696114738585,67.55580308299345,21607300
2024-03-05,67.5383071899414,67.75730300228443,67.50326705797991,67.59087072949457,38076900
2024-03-06,67.70474243164062,67.80986282175817,67.60838374483824,67.71350413495578,34335200
2024-03-07,67.7835922241211,67.89747434193569,67.73103535942074,67.87995093155365,30393000
2024-03-08,67.80110168457031,68.09017774739122,67.792339981182,67.87993696540065,38317900
2024-03-11,67.79235076904297,67.8273909049507,67.7135154756675,67.74854892835266,27177600
2024-03-12,67.85363006591797,67.89743188125806,67.67843617099501,67.89743188125806,33351700
2024-03-13,67.87995147705078,68.04639046090327,67.80111617936672,67.80111617936672,28482200
2024-03-14,67.55581665039062,67.89744951245665,67.476974698949,67.8624093877293,46677200
2024-03-15,67.51203918457031,67.66095475598054,67.41568047760538,67.5208008897188,53985300
2024-03-18,67.66970825195312,67.73102681410822,67.60838968979803,67.68722497690229,34649300
2024-03-19,67.94123077392578,67.95875417431922,67.64339979942807,67.65216149962478,41841500
2024-03-20,68.16901397705078,68.19529240435999,67.86242118640735,67.92373974453604,36886700
2024-03-21,68.13398742675781,68.29166470526305,68.04639042386,68.28290300000639,34693300
2024-03-22,68.06389617919922,68.23033513613102,68.02886273026586,68.16025487182058,26955700
2024-03-25,67.95877838134766,68.03761366154217,67.9237382512985,67.94125497471235,29373100
2024-03-26,67.87995147705078,68.04639046090327,67.86243474975085,68.03762875564183,28522200
2024-03-27,68.23907470703125,68.23907470703125,67.97627714271493,68.04635738429523,28891100
2024-03-28,68.0901870727539,68.2566193605968,68.08142536816563,68.15150563842705,31546700
2024-04-01,67.81283569335938,68.10338828909016,67.786423042358,68.10338828909016,47857400
2024-04-02,67.69837188720703,67.7159847976914,67.54869573487566,67.58391483848725,45551200
2024-04-03,67.75119018554688,67.78640928552049,67.53988230306169,67.60151404867639,29542300
2024-04-04,67.69837188720703,67.98892445398475,67.60152103161445,67.89207359839217,36056400
2024-04-05,67.63672637939453,67.73357721528976,67.61031373639689,67.64553283284567,30857300
2024-04-08,67.79523468017578,67.83045378998875,67.60153293488366,67.64555850148945,31067800
2024-04-09,67.93608093261719,67.99771266806476,67.81281074436669,67.90086183845352,32219100
2024-04-10,67.33737182617188,67.58389877550259,67.17888925626562,67.48704794292901,76623900
2024-04-11,67.2757568359375,67.40782007927119,67.09966131589718,67.36380123727905,50836000
2024-04-12,67.24051666259766,67.28453549079683,67.1348593836804,67.24931639782442,41441700
2024-04-15,66.8531265258789,67.31096138999362,66.7738818717427,67.31096138999362,55560400
2024-04-16,66.63299560546875,66.83550370020974,66.5537509710554,66.83550370020974,55746100
2024-04-17,66.7210693359375,66.94999017043696,66.659437578652,66.81792019986582,48158800
2024-04-18,66.77387237548828,66.81789792345357,66.59778361833813,66.72104709181433,40291400
2024-04-19,66.89714050292969,66.9851848787891,66.82670231530004,66.83550876809257,54739500
2024-04-22,67.26692199707031,67.29333463459214,67.01158863876863,67.03800127629046,40772500
2024-04-23,67.5398941040039,67.58391966600242,67.24934151647203,67.32858618459784,43554400
2024-04-24,67.39022827148438,67.53109800023033,67.24055208551721,67.50468534592538,40496500
2024-04-25,67.24933624267578,67.26694915303702,66.83552689218644,66.98520304347133,46371600
2024-04-26,67.46066284179688,67.49588195141605,67.24054844469578,67.24054844469578,34500800
2024-04-29,67.66313934326172,67.66313934326172,67.5046567671685,67.54868231727721,33157800
2024-04-30,67.17010498046875,67.58392108948327,67.17010498046875,67.44304466200693,49937500
2024-05-01,67.52413177490234,67.82506187383014,67.20549593323628,67.22319492321226,71484700
2024-05-02,67.94013214111328,67.95783113192232,67.5595396874743,67.69230575321117,41497900
2024-05-03,68.22335815429688,68.49773638424624,68.09944496962541,68.28531474663261,44204400
2024-05-06,68.30301666259766,68.3561271388482,68.25876581061168,68.30301666259766,29547100
2024-05-07,68.3118667602539,68.40037521339433,68.1791007041622,68.3826762238711,34064000
2024-05-08,68.15255737304688,68.20566110102483,68.10829976455659,68.14370450079622,22959500
2024-05-09,68.17025756835938,68.2056623052241,68.0286453736636,68.11715383944384,24590900
2024-05-10,68.06404876708984,68.17910909505682,67.98438642252582,68.16141010335534,24633800
2024-05-13,68.04634094238281,68.2056588738774,68.01978907926083,68.2056588738774,22109800
2024-05-14,68.15255737304688,68.17910923703586,68.06404890882928,68.0817479005676,27298700
2024-05-15,68.55087280273438,68.55972567807986,68.32075206587456,68.37385581241678,56544400
2024-05-16,68.39151763916016,68.55968841549583,68.38267152138792,68.55968841549583,31749800
2024-05-17,68.40037536621094,68.42692722693617,68.29416792330998,68.34727164476045,31550300
2024-05-20,68.43578338623047,68.43578338623047,68.32956918546411,68.35612780022755,18665000
2024-05-21,68.38268280029297,68.50659599715883,68.3738299282989,68.39152891952426,20295900
2024-05-22,68.23219299316406,68.32070818423585,68.1702364110704,68.28530345835934,31110700
2024-05-23,67.99322509765625,68.34726563262807,67.96667323926663,68.30300803347102,36464700
2024-05-24,68.23219299316406,68.24989873248282,68.01091852100656,68.09943371207835,20488500
2024-05-28,67.95780944824219,68.32070279528172,67.94011046308047,68.30299705735955,27771700
2024-05-29,67.75426483154297,67.84277329435479,67.72770621521285,67.74541195943293,38800000
2024-05-30,68.02862548828125,68.0463244751585,67.82504999900685,67.82504999900685,44210200
2024-05-31,68.26763153076172,68.28533727884981,68.08176169242276,68.08176169242276,45381900
2024-06-03,68.47925567626953,68.47925567626953,68.32808218960518,68.35476465260616,36791300
2024-06-04,68.44368743896484,68.55928431098971,68.39033608022292,68.39922345051183,39230600
2024-06-05,68.66598510742188,68.66598510742188,68.43478460843104,68.57706392604118,29793700
2024-06-06,68.55037689208984,68.63041069896848,68.50591969649133,68.63041069896848,24398300
2024-06-07,68.37254333496094,68.41700732052902,68.24805231647233,68.28362214807646,32498800
2024-06-10,68.43479919433594,68.44369334964505,68.25695679366996,68.3014140017101,24875700
2024-06-11,68.52371215820312,68.53260631244316,68.33697562467353,68.39922113585006,25339600
2024-06-12,68.79937744140625,69.03946533457955,68.78158913272559,68.99500134712983,51775700
2024-06-13,68.79049682617188,68.95945187063154,68.70157561802327,68.95945187063154,38532000
2024-06-14,68.52371215820312,68.63042165632798,68.4258968143183,68.56817614515145,52953300
2024-06-17,68.56819152832031,68.63933120969698,68.32809679973745,68.41702479358499,33165000
2024-06-18,68.78157806396484,68.83493619716816,68.63041138576568,68.64819290733287,46845500
2024-06-20,68.73714447021484,68.7727075255605,68.59486511181933,68.75492599788768,26989000
2024-06-21,68.81716918945312,68.83495750077647,68.65710830880798,68.72824798559537,26857600
2024-06-24,68.74600982666016,68.92385896770003,68.74600982666016,68.79047380798289,28766200
2024-06-25,68.83494567871094,68.84383304859327,68.71934202772253,68.79048169229205,26111600
2024-06-26,68.68378448486328,68.7104601677869,68.62153896329048,68.7015727963144,29282000
2024-06-27,68.76380920410156,68.76380920410156,68.63042402290894,68.6482055477503,29404500
2024-06-28,68.59486389160156,68.93276718540021,68.59486389160156,68.80827614114529,34952000
2024-07-01,68.58145141601562,68.76023244796276,68.55463494322947,68.71554060000558,31113100
2024-07-02,68.76917266845703,68.78704804340006,68.55463406884498,68.59039163879017,30418400
2024-07-03,69.0105209350586,69.0105209350586,68.76022479018422,68.76022479018422,22067300
2024-07-05,69.21612548828125,69.23400086152641,69.04627875218901,69.08203631873782,25941500
2024-07-08,69.1982421875,69.26081621677716,69.10884487134034,69.1982421875,26962000
2024-07-09,69.1177978515625,69.19825408592887,69.03734843725499,69.19825408592887,19108500
2024-07-10,69.27871704101562,69.29659241878036,69.16251003539429,69.19826761098398,25361900
2024-07-11,69.52899169921875,69.58262463594939,69.466417666347,69.51111632699457,44932500
2024-07-12,69.70775604248047,69.74350677488711,69.53790937329788,69.53790937329788,31688100
2024-07-15,69.71672821044922,69.7882433542465,69.63627878872188,69.7614268803374,23235600
2024-07-16,69.98490905761719,70.02066663077679,69.72567176725484,69.78824581526922,41375400
2024-07-17,69.9044418334961,69.94914049793996,69.75247728648078,69.77929375712364,32750400
2024-07-18,69.76140594482422,69.96700339646694,69.69883191779503,69.94018693060549,42513000
2024-07-19,69.70775604248047,69.84183833914484,69.6183587512965,69.83290406607108,36125700
2024-07-22,69.9670181274414,69.97595922463017,69.82399467271547,69.87762761573033,32378800
2024-07-23,69.97595977783203,70.10110785922866,69.93126793165261,69.95808440337206,28826900
2024-07-24,69.75247192382812,70.00276805732997,69.73459655146004,69.90443645916022,37612800
2024-07-25,69.76140594482422,70.02064314824727,69.76140594482422,69.79716350599196,35409000
2024-07-26,69.98490905761719,70.0564242039364,69.91339391129797,70.0564242039364,23683700
2024-07-29,69.92231750488281,70.11898069799709,69.85080237646707,70.08322313378922,28468400
2024-07-30,69.95807647705078,70.03852588309407,69.83292840983354,70.0206505106594,33652100
2024-07-31,70.2083740234375,70.26200696187831,70.0474683880568,70.14579998857047,50714800
2024-08-01,70.05471801757812,70.36024498439107,70.03674906929994,70.26139862945986,51319800
2024-08-02,69.82108306884766,70.06370844178039,69.74021251504392,69.91992942733718,71578700
2024-08-05,69.38975524902344,69.53352739840695,68.81465293996878,68.86856663901756,104456100
2024-08-06,69.65036010742188,69.91993549927203,69.34483310307809,69.623403253813,60113400
2024-08-07,69.78514862060547,70.09965666054576,69.74021596243068,70.07269980794533,56107800
2024-08-08,70.07268524169922,70.10862313385522,69.90194940303975,70.0007957458679,31528100
2024-08-09,70.06369018554688,70.17151756252235,69.9378870085695,70.10861597403367,29759900
2024-08-12,70.10861206054688,70.12658785954535,69.97382784685124,70.12658785954535,33878400
2024-08-13,70.43212127685547,70.44110917806366,70.17152698789701,70.18950279031338,37310200
2024-08-14,70.55794525146484,70.58490896303077,70.36025935698136,70.4141730685894,36086900
2024-08-15,70.6208267211914,70.64779042506551,70.4950235261521,70.59386987307727,39411300
2024-08-16,70.8454818725586,70.88142662481015,70.57590651431275,70.58489441631576,33682600
2024-08-19,70.9623031616211,70.98926001153926,70.76461045454072,70.81852415437703,29604300
2024-08-20,70.89940643310547,71.01622174270017,70.7825842677499,70.99825279343979,33189300
2024-08-21,71.0611343383789,71.0880911825398,70.9083743176279,70.97127590592297,34266700
2024-08-22,70.9712905883789,71.07013008549698,70.89041318340547,71.06114903942466,29292100
2024-08-23,71.34869384765625,71.34869384765625,71.06114271643978,71.15100115948997,32590900
2024-08-26,71.20491027832031,71.3756461081755,71.19592923362427,71.33970136211339,20460100
2024-08-27,71.24986267089844,71.32175218294599,71.08811469667205,71.12405945269583,22784300
2024-08-28,71.21391296386719,71.27681456859537,71.15101135913899,71.26782666627399,22351600
2024-08-29,71.28579711914062,71.31275396832025,71.19593866995515,71.28579711914062,18353000
2024-08-30,71.29476928710938,71.36665877980987,71.20491084911343,71.36665877980987,27633300
2024-09-03,71.0419692993164,71.29478659221805,71.0148827163276,71.22255111174485,31596800
2024-09-04,71.30380249023438,71.37603795524896,71.0238986742442,71.0238986742442,32371800
2024-09-05,71.54759216308594,71.58370989740517,71.37604153601139,71.43021469311351,44675300
2024-09-06,71.45731353759766,71.67401309195697,71.3218737328401,71.5746910277184,49888900
2024-09-09,71.6288833618164,71.67402537863761,71.47538810486382,71.57470329737282,24823800
2024-09-10,71.493408203125,71.66496569303018,71.4211727454015,71.63787222981956,38347600
2024-09-11,71.6017837524414,71.61080802091101,71.30381756283526,71.41216389450692,42342700
2024-09-12,71.70110321044922,71.77333179935444,71.52051451630041,71.55663225513017,28515000
2024-09-13,71.89974212646484,71.94489102324907,71.7823646390821,71.80042006454312,31806800
2024-09-16,72.080322265625,72.143526580365,71.90876474472199,71.92682705679265,31402400
2024-09-17,72.09837341308594,72.17964003507701,72.05323141309377,72.14352230183134,27423900
2024-09-18,72.16159057617188,72.48664334452211,72.04421308878325,72.12547283649357,39546900
2024-09-19,72.37830352783203,72.53179876871256,72.31509231114055,72.4956810257839,48785900
2024-09-20,72.46855926513672,72.46855926513672,72.23379749442934,72.37826839601904,43626300
2024-09-23,72.33314514160156,72.42343604270543,72.30605856014583,72.40538061798632,29049400
2024-09-24,72.3421859741211,72.39635914427825,72.23383274505169,72.3421859741211,28674500
2024-09-25,72.26091003417969,72.33314551093328,72.25187887739693,72.30605892933924,28899100
2024-09-26,72.37830352783203,72.40539011283977,72.25188798320414,72.40539011283977,32732300
2024-09-27,72.55887603759766,72.56790719435905,72.41440508443218,72.43246739795497,36712700
2024-09-30,72.50469970703125,72.56790402409139,72.40537765325762,72.5317862873779,31551500
2024-10-01,72.46841430664062,72.58636465715344,72.40490151446062,72.57728942330624,45992200
2024-10-02,72.47747802734375,72.47747802734375,72.30509012941728,72.38674646174434,41214300
2024-10-03,72.3050765991211,72.41395168851693,72.25063213204974,72.38673291616797,31147700
2024-10-04,72.22341918945312,72.32322597770451,72.1689816403611,72.2960072031585,40122800
2024-10-07,71.9149398803711,72.16899103905139,71.90586464688255,72.16899103905139,69202500
2024-10-08,72.08731842041016,72.09639365272011,71.95122454763089,72.01473732905255,40947200
2024-10-09,72.04197692871094,72.1145649634255,71.98753244148702,72.07827094606822,42426500
2024-10-10,72.00568389892578,72.05105315183863,71.90587708041839,72.04197791678084,30091700
2024-10-11,72.19619750976562,72.21434105127489,71.98750870935375,71.98750870935375,26970800
2024-10-14,72.23251342773438,72.25065697474768,72.04197503340342,72.24158866242894,12065800
2024-10-15,72.21434020996094,72.33229745670488,72.20527190049881,72.22341544179669,31134400
2024-10-16,72.34137725830078,72.41395835045084,72.27786447618568,72.31415156107369,31626300
2024-10-17,72.23251342773438,72.40490827505202,72.1145630662083,72.37768257096833,46599300
2024-10-18,72.4048843383789,72.4048843383789,72.2687835524579,72.31414586618256,28905600
2024-10-21,72.11454010009766,72.32322197498361,72.04195209040967,72.27785966070883,36341500
2024-10-22,72.01473236083984,72.09638867887404,71.93306912043214,72.06916990619597,35466600
2024-10-23,71.79695892333984,71.95121015225175,71.74252138511953,71.91491615264734,39761500
2024-10-24,72.00568389892578,72.06012146452032,71.87865829762113,71.95124633333124,30163900
2024-10-25,71.93306732177734,72.17805011450125,71.90584854977988,72.0963868761355,35590200
2024-10-28,72.11454010009766,72.15082718256804,72.02380162680087,72.06009563164486,31854500
2024-10-29,72.1326904296875,72.15083397263017,71.88771452690305,71.90585806984572,42992200
2024-10-30,72.00568389892578,72.26881033659289,71.97846511612852,72.12363426517265,28728700
2024-10-31,71.8060531616211,72.02381029451746,71.8060531616211,72.02381029451746,43194600
2024-11-01,71.81061553955078,72.11153788389637,71.79238098402921,72.06594105944451,44045700
2024-11-04,72.01121520996094,72.12975718853356,71.93826308910216,72.08416733081971,27291200
2024-11-05,72.21183776855469,72.22095156681158,71.98386758437019,71.98386758437019,31611900
2024-11-06,72.33951568603516,72.36687100073854,72.11154545404118,72.23920822738985,43173100
2024-11-07,72.6495590209961,72.67691433839505,72.26657066321053,72.31216749694217,51325800
2024-11-08,72.76808166503906,72.79543697253587,72.64953272308955,72.74984015530951,30543400
2024-11-11,72.68600463867188,72.78631206516923,72.68600463867188,72.75895675923307,11008700
2024-11-12,72.39421844482422,72.67689927549222,72.33950782136553,72.59483334030419,44594900
2024-11-13,72.41246032714844,72.58571295468518,72.38509805818076,72.57659219836262,33873600
2024-11-14,72.2574234008789,72.52186963390288,72.2574234008789,72.4580382643521,32749300
2024-11-15,72.2483139038086,72.29390376643151,72.08417509275068,72.21183783945152,33709500
2024-11-18,72.38510131835938,72.39422207509273,72.21184868301944,72.28479386558938,27780900
2024-11-19,72.49451446533203,72.55834583500503,72.31214111115133,72.33037566373041,34523200
2024-11-20,72.4762954711914,72.49453002768487,72.3942225742233,72.48540927088864,19934000
2024-11-21,72.50364685058594,72.62218885410913,72.46717078247912,72.53100216239139,28040000
2024-11-22,72.48540496826172,72.57659165951435,72.44892890034095,72.49452572451656,29564900
2024-11-25,72.75895690917969,72.81366752116476,72.69512554283138,72.69512554283138,35003000
2024-11-26,72.6221923828125,72.76809666232926,72.5674817565432,72.76809666232926,41103500
2024-11-27,72.84103393554688,72.84103393554688,72.66778131880707,72.68601587321717,30239600
2024-11-29,72.98693084716797,73.01428615457672,72.85014735302674,72.95957553975923,25037800
2024-12-02,72.96036529541016,73.21684756569776,72.85044132730788,73.21684756569776,32387400
2024-12-03,72.96036529541016,73.04280303002358,72.9237239727094,73.02448586298206,24868500
2024-12-04,73.1343994140625,73.1343994140625,72.95119979776447,73.01532036233053,22733500
2024-12-05,73.07029724121094,73.1161006511228,73.015338740212,73.08862140062334,23106300
2024-12-06,73.18938446044922,73.28098429309173,73.14358104981832,73.18022238059919,29931300
2024-12-09,73.09776306152344,73.22600418711139,73.07943890722962,73.18936286714094,22095100
2024-12-10,73.1343994140625,73.22600621082891,73.04279960591349,73.22600621082891,27195200
2024-12-11,73.15274047851562,73.23517822832045,73.12526122858068,73.22602313742148,24730000
2024-12-12,72.95121002197266,73.27181288973583,72.94204794328846,73.10693041651214,29081600
2024-12-13,72.74053955078125,73.01533904554417,72.7130533115477,73.01533904554417,34201100
2024-12-16,72.87793731689453,72.93290280788362,72.80466164327463,72.86878222557912,22269000
2024-12-17,72.72220611572266,72.82296801420284,72.72220611572266,72.74053027287448,29039500
2024-12-18,71.97547149658203,72.86860565096025,71.95705947346873,72.86860565096025,80034500
2024-12-19,71.90180969238281,72.28853242766453,71.90180969238281,72.23328230844797,69005700
2024-12-20,72.35298919677734,72.4358538431431,71.81894917083494,71.81894917083494,63276200
2024-12-23,72.1596450805664,72.45428669847055,72.1596450805664,72.41745561813124,29239400
2024-12-24,72.38982391357422,72.40823593875699,72.14121591234631,72.1872565125172,11926100
2024-12-26,72.57398223876953,72.57398223876953,72.25171906771133,72.28855014794802,18384900
2024-12-27,72.32537078857422,72.51872866329943,72.30695173870939,72.5003096134346,20631800
2024-12-30,72.4266586303711,72.50031375961488,72.27933432226422,72.35299647631766,20659200
2024-12-31,72.4174575805664,72.5923964359059,72.32538338962819,72.53715332630506,18664900
2025-01-02,72.5923843383789,72.69366803897516,72.48189813758975,72.6292154135784,30415400
2025-01-03,72.702880859375,72.76733348769321,72.67525930792571,72.73050241082429,32611000
2025-01-06,72.83177947998047,72.91465115158714,72.75811733295431,72.87782007807407,32110000
2025-01-07,72.5923843383789,72.94227604036936,72.57397231318382,72.86861388997039,43790200
2025-01-08,72.68448638916016,72.7305199777578,72.51875001562375,72.60161468998629,35304900
2025-01-10,72.30694580078125,72.55555377987572,72.27932425306156,72.55555377987572,37417300
2025-01-13,72.28852081298828,72.33455437599584,72.15961559687523,72.27010176793932,39180700
2025-01-14,72.380615234375,72.4911084611907,72.32537213337184,72.45427738558547,29581100
2025-01-15,73.01595306396484,73.02515556603227,72.79496656775345,72.88704778691357,53574900
2025-01-16,73.09880065917969,73.11721970863422,72.85019969001615,72.9330643381343,32363000
2025-01-17,73.16323852539062,73.21848161299334,73.09878591491822,73.19086006919198,29546400
2025-01-21,73.35662078857422,73.38424234157506,73.29216815663557,73.30137768257252,32962700
2025-01-22,73.25533294677734,73.40265725422084,73.21850186991648,73.38423820338559,25028500
2025-01-23,73.347412109375,73.3566146097268,73.14484470468439,73.21849983154598,27434800
2025-01-24,73.43029022216797,73.50395238734227,73.34742555495491,73.38424961273135,23648600
2025-01-27,73.48551940917969,73.53156000989226,73.30137105594815,73.35661415695573,28540600
2025-01-28,73.45789337158203,73.4855149203986,73.35660967604868,73.4486838470402,30439900
2025-01-29,73.41187286376953,73.5039470511477,73.31058915021049,73.43949441750196,20072100
2025-01-30,73.54997253417969,73.60522266037141,73.46710788210625,73.60522266037141,34495300
2025-01-31,73.40264892578125,73.63283786143671,73.35660832872662,73.56838524044554,37101100
2025-02-03,73.3101577758789,73.4119009235318,73.1066714805731,73.22691017476492,29965100
2025-02-04,73.5414047241211,73.5414047241211,73.28242468390867,73.34716969396177,28938600
2025-02-05,73.73562622070312,73.78186861558116,73.56913807445599,73.56913807445599,31834000
2025-02-06,73.62464141845703,73.80038088937819,73.60614586941735,73.73563588272457,24224100
2025-02-07,73.39339447021484,73.606132055968,73.38414316909294,73.58762945372418,28778200
2025-02-10,73.5414047241211,73.61539398084119,73.50440656742263,73.56915157747574,23382600
2025-02-11,73.51365661621094,73.55989901878723,73.4396603040768,73.55989901878723,24410000
2025-02-12,73.35639190673828,73.46738634349454,73.20840638107133,73.26390007111209,34362700
2025-02-13,73.68939208984375,73.7171389438745,73.42116073975144,73.46741020092071,36149900
2025-02-14,73.77263641357422,73.89287512789606,73.73563825762673,73.80038326636567,26668300
2025-02-18,73.7078857421875,73.81887314482661,73.66163628663709,73.76337944350706,23274200
2025-02-19,73.76338958740234,73.77264089111989,73.5876501001546,73.66164641654072,38958600
2025-02-20,73.80963134765625,73.8281268964843,73.69863688465878,73.75413058781932,25789000
2025-02-21,73.6708755493164,73.8651105288679,73.6708755493164,73.78186293381727,32016500
2025-02-24,73.76338958740234,73.84663015082887,73.66164641654072,73.68939327101623,21029200
2025-02-25,73.94837188720703,73.97612579782128,73.84662871831907,73.94837188720703,30604400
2025-02-26,74.05010223388672,74.06860483775905,73.96686168648851,73.99460853562125,21777500
2025-02-27,73.911376953125,74.06861382173268,73.8743787975685,74.04086696923446,40521800
2025-02-28,74.11483764648438,74.11483764648438,73.92985397174539,73.98534766283211,44321200
2025-03-03,73.96058654785156,74.10927313214506,73.88625034547137,74.05351920791828,40729100
2025-03-04,73.95130157470703,74.0070555009099,73.70039472726052,73.88625296421475,66274600
2025-03-05,73.98846435546875,74.04421827499019,73.82119550713851,73.83048310054811,32302200
2025-03-06,73.70968627929688,73.87695514056428,73.67251463348562,73.8119065328362,50431500
2025-03-07,73.83050537109375,73.88626639720114,73.71899749841519,73.73757978060559,52828900
2025-03-10,73.55171966552734,73.76544778871242,73.5424249806771,73.69111157921213,57602100
2025-03-11,73.29151916503906,73.65393385687842,73.22647055598499,73.60746752622552,75826700
2025-03-12,73.37516021728516,73.51455213878742,73.30081691384827,73.46808580169746,53763000
2025-03-13,72.96627807617188,73.29152825153257,72.93840111023067,73.28223356629633,81223200
2025-03-14,73.30082702636719,73.38446502671422,73.14285280209552,73.25436777263538,51469800
2025-03-17,73.47737121582031,73.50524817864977,73.29152007044608,73.31010234907681,33954200
2025-03-18,73.34728240966797,73.47737964430654,73.34728240966797,73.42162571225217,40195900
2025-03-19,73.83050537109375,73.91414336537078,73.37516501486405,73.37516501486405,45212700
2025-03-20,73.72826385498047,73.87695042874238,73.65392765786557,73.77473018172257,42977600
2025-03-21,73.61676788330078,73.70039877720072,73.47737597036702,73.66322712776723,35124000
2025-03-24,73.83050537109375,73.87697171122188,73.73757978060559,73.80262840292411,36393500
2025-03-25,73.79332733154297,73.9513015155025,73.76544327869705,73.87695822078031,29075500
2025-03-26,73.49596405029297,73.8026248649946,73.38445618295984,73.784042583695,51236100
2025-03-27,73.35658264160156,73.54243382234716,73.34728795563386,73.45880291794207,38493100
2025-03-28,73.22647857666016,73.4123297400952,73.09638134430215,73.40303505499323,58896900
2025-03-31,73.31010437011719,73.33798133371516,72.96627194295256,72.96627194295256,47853500
2025-04-01,73.48005676269531,73.50806936832699,73.23726897344771,73.47071685273012,54256000
2025-04-02,73.62944793701172,73.63878784548467,73.3399748927152,73.3399748927152,49072400
2025-04-03,72.71434020996094,73.0971909863322,72.5929427662168,72.92910824629374,116401400
2025-04-04,71.67781829833984,72.21007902552442,71.47238308359108,71.71517080322705,181273300
2025-04-07,71.06151580810547,72.46220274436614,70.62263276152852,70.84674780079898,193374800
2025-04-08,70.73470306396484,72.02333271346461,70.42655017247682,71.9206150829686,106007700
2025-04-09,72.63029479980469,72.68632000469441,70.10906084008393,70.12773353362614,152382200
2025-04-10,71.44438171386719,72.0700202394614,71.09887633255877,71.96730261594439,93884100
2025-04-11,71.65914916992188,72.06067975201029,70.96814553711724,71.22026607737605,71884000
2025-04-14,72.01399993896484,72.33148561562594,71.84591719124325,72.16340286790434,50011400
2025-04-15,72.21009063720703,72.36883346530782,72.07002050242158,72.12604570663056,39790500
2025-04-16,72.20075225830078,72.38750769246327,72.00465691515123,72.22876486099884,52028800
2025-04-17,72.62095642089844,72.63963623909729,72.39684847235489,72.48089340572324,37355500
2025-04-21,72.19142150878906,72.3781840909107,72.04201856735581,72.3595042705665,36078000
2025-04-22,72.47156524658203,72.65832071327014,72.37818751323798,72.44355263900525,33941100
2025-04-23,72.83573150634766,73.52673516943469,72.80771890334272,73.39600493923615,63723400
2025-04-24,73.4893798828125,73.52673239349662,73.00381149244488,73.0971892070237,49007800
2025-04-25,73.55474090576172,73.71349084840838,73.33997288659796,73.38665817916016,47981700
2025-04-28,73.59210968017578,73.64814201760264,73.34932900696121,73.56409707359443,42220700
2025-04-29,73.7881851196289,73.81620484290602,73.4426868994289,73.4426868994289,51198600
2025-04-30,73.3960189819336,73.49873662877994,73.26528872672272,73.42403159029813,69994200
2025-05-01,73.49080657958984,73.66913188529193,73.41571847150679,73.5846631342956,50848600
2025-05-02,73.71607971191406,73.78178003052014,73.54713501252733,73.67853564973949,41354100
2025-05-05,73.68790435791016,73.8099171577574,73.58466000388718,73.65036030546582,39815300
2025-05-06,73.63158416748047,73.69728446858498,73.51895917175604,73.59404727610283,36292600
2025-05-07,73.69729614257812,73.79115986827796,73.54712707089281,73.73484020069868,32676200
2025-05-08,73.67852783203125,73.93194127382391,73.63159596909337,73.83808470874503,32684900
2025-05-09,73.7254638671875,73.86624514237435,73.71607606190928,73.76300076670579,23971200
2025-05-12,74.45756530761719,74.51387782538072,74.17598839720299,74.3730893701736,70558600
2025-05-13,74.58894348144531,74.6921878401015,74.44815506865997,74.50446756945566,52141900
2025-05-14,74.31675720214844,74.55140217851785,74.27921314663377,74.52324592708094,45406500
2025-05-15,74.45756530761719,74.45756530761719,74.20414465608474,74.20414465608474,49301300
2025-05-16,74.54200744628906,74.5513952494943,74.40121904139343,74.50446339426385,30657200
2025-05-19,74.50447082519531,74.51385862933687,74.19474489648833,74.20412553983344,26228800
2025-05-20,74.46693420410156,74.5044782636197,74.3449213812655,74.40123389014411,25933700
2025-05-21,73.96949005126953,74.3543113016805,73.96010940672099,74.22291067002733,54737300
2025-05-22,74.11965942382812,74.19474753804106,73.91317069014089,73.96948319540225,43242700
2025-05-23,74.10087585449219,74.12903926489408,73.90377494645458,73.92255055338917,29598900
2025-05-27,74.55139923095703,74.56078703466363,74.30736646015826,74.41061081854251,33524700
2025-05-28,74.50447082519531,74.56079048924822,74.38245801454083,74.5420148809651,27012900
2025-05-29,74.61711120605469,74.68281152068472,74.53264244187201,74.6734237155098,28616300
2025-05-30,74.68281555175781,74.69220335743945,74.52325865915793,74.57018336597092,28930300
2025-06-02,74.66959381103516,74.67902618596182,74.48098948126585,74.62243913119583,45527200
2025-06-03,74.8110580444336,74.82991560135538,74.66016880988046,74.72618105129878,28458700
2025-06-04,74.9525146484375,74.9808045811214,74.8204829712548,74.8204829712548,41403600
2025-06-05,74.79219055175781,74.96193733701192,74.75446824450196,74.9430797807812,44563900
2025-06-06,74.78277587890625,74.8676456860613,74.73562118951203,74.85821330922336,41300100
2025-06-09,74.82048034667969,74.90535733654875,74.76390048329661,74.76390048329661,30169000
2025-06-10,74.9996566772461,75.01852142752495,74.81105234322257,74.88649695474965,24234400
2025-06-11,74.98079681396484,75.10338890782752,74.96193206426662,75.05623422837591,30114400
2025-06-12,75.065673828125,75.065673828125,74.94308172246312,74.9808040306963,28373200
2025-06-13,74.83934783935547,74.97137232194892,74.78276797389962,74.89592770481133,35271000
2025-06-16,74.99021911621094,75.0656637225207,74.96192918754319,74.99021911621094,26225100
2025-06-17,74.9053726196289,75.10340937666993,74.84879274470173,74.99024243201967,27747200
2025-06-18,75.0185317993164,75.1694138484368,74.90536486637974,74.9619447354505,32833500
2025-06-20,75.25428771972656,75.26371290098326,75.05624379661812,75.0845409247728,45845800
2025-06-23,75.39573669433594,75.39573669433594,75.16941003474038,75.22598990094058,32361400
2025-06-24,75.60320281982422,75.6409251274039,75.4428884087064,75.49004309187964,50893200
2025-06-25,75.58434295654297,75.65035519409406,75.51833071899188,75.61263288766568,24156100
2025-06-26,75.80123138427734,75.81066375885622,75.63148461582632,75.69749684829095,28889100
2025-06-27,75.76350402832031,75.88610330528867,75.7257889221074,75.8200910772262,47849500
2025-06-30,76.05586242675781,76.07471998292993,75.86725089106456,75.94269550534186,52885900
2025-07-01,75.96015930175781,76.05490671597333,75.89383538893051,75.98858280314603,45411000
2025-07-02,76.10228729248047,76.10228729248047,75.87489204288428,75.96016255069611,32359500
2025-07-03,76.14967346191406,76.16862005626274,76.04544912108263,76.08334953854546,19750000
2025-07-07,75.89383697509766,76.1212322197203,75.85593656286646,76.11176253823588,37027200
2025-07-08,75.78961181640625,75.91278996199613,75.74224172321081,75.88435923156156,31358900
2025-07-09,75.9980697631836,76.00754667448767,75.87489883129172,75.93174584158561,30277500
2025-07-10,75.92225646972656,76.00753419993671,75.92225646972656,75.998057290188,28776200
2025-07-11,75.82752227783203,75.84647610063374,75.73277485011961,75.83699918923288,30482200
2025-07-14,75.88436889648438,75.89384580783624,75.77067487532327,75.80857529196541,23716200
2025-07-15,75.6569595336914,75.9601555815906,75.6569595336914,75.95068590076787,37039500
2025-07-16,75.85594940185547,75.87490322556134,75.56223019330595,75.75172505777034,39780100
2025-07-17,75.93174743652344,75.96964785377057,75.79909959054123,75.83700000778835,25703200
2025-07-18,76.03595733642578,76.10228124682101,75.96963342603055,76.04543424612912,27686400
2025-07-21,76.14019012451172,76.22546063503259,76.10228971024749,76.10228971024749,28483300
2025-07-22,76.27283477783203,76.29178136979122,76.12123312710015,76.21598777318987,26017700
2025-07-23,76.31073760986328,76.32021452052562,76.21599018953428,76.2917837885386,26025000
2025-07-24,76.21598815917969,76.28231207451964,76.18756465671466,76.21598815917969,27013700
2025-07-25,76.26335906982422,76.34863680689652,76.1875654720279,76.27283598033551,30123100
2025-07-28,76.22544860839844,76.29177251570523,76.21597892790014,76.29177251570523,22093800
2025-07-29,76.27283477783203,76.32021210087689,76.22545745478718,76.26335786747015,21371800
2025-07-30,76.11176300048828,76.29178092372413,76.03596217556554,76.22545700910787,38392400
2025-07-31,76.15912628173828,76.25388091879778,76.11175619197242,76.17808010065573,41501300
2025-08-01,76.16294860839844,76.26769216184051,75.99153883824106,76.22008277669063,68963100
2025-08-04,76.42005157470703,76.42005157470703,76.23911704048166,76.26768412161618,37539200
2025-08-05,76.38197326660156,76.41054035280577,76.27722244033195,76.38197326660156,29656300
2025-08-06,76.45816040039062,76.46768518464191,76.315317697748,76.38197665694366,30512900
2025-08-07,76.38197326660156,76.52481596290387,76.33436387802169,76.47719930904266,29405000
2025-08-08,76.39149475097656,76.42006183594691,76.33436058103588,76.37244518414232,24679000
2025-08-11,76.39149475097656,76.45815370433438,76.34387809917197,76.39149475097656,30159800
2025-08-12,76.56291198730469,76.56291198730469,76.38197741115201,76.43911158666054,40846200
2025-08-13,76.76287078857422,76.76287078857422,76.62002811816177,76.62002811816177,35039600
2025-08-14,76.56291198730469,76.6486132505675,76.51529533085976,76.6486132505675,36559900
2025-08-15,76.62003326416016,76.62955804690203,76.53433201532478,76.62955804690203,22754000
2025-08-18,76.56291198730469,76.6486132505675,76.54386241861403,76.60100385940429,25400800
2025-08-19,76.54385375976562,76.63908706188245,76.52481145851081,76.61051271207886,21700500
2025-08-20,76.5152816772461,76.59146540785085,76.47718981194372,76.57242310783987,29704900
2025-08-21,76.37244415283203,76.4676774551552,76.36292663482445,76.42958558728212,35825900
2025-08-22,76.99141693115234,77.00094171353027,76.46767014484968,76.4867124443253,59541500
2025-08-25,76.83906555175781,76.9533338922769,76.83906555175781,76.92476680714714,32714800
2025-08-26,77.01046752929688,77.03903461153378,76.88666715256318,76.93428379981157,33659900
2025-08-27,77.1056900024414,77.12473230129436,76.96284733256437,76.96284733256437,24335000
2025-08-28,77.14379119873047,77.14379119873047,77.03904037916594,77.10569933113601,24203800
2025-08-29,77.00094604492188,77.1247391616776,77.00094604492188,77.1247391616776,35070300
2025-09-02,76.91770935058594,76.95598250418277,76.73591369596538,76.80288988979542,51804000
2025-09-03,77.1281967163086,77.1281967163086,76.93683827629012,76.93683827629012,34283100
2025-09-04,77.33869934082031,77.34826215341135,77.14733359114528,77.17604392848924,37999700
2025-09-05,77.3769760131836,77.59703751050655,77.34826567453266,77.48222535533189,39147800
2025-09-08,77.3769760131836,77.47265524244824,77.3578357874163,77.45351501668095,27003400
2025-09-09,77.29086303710938,77.38654227063265,77.18561369027651,77.35783923056142,36704500
2025-09-10,77.34825134277344,77.44393785416572,77.30041538693321,77.34825134277344,38106100
2025-09-11,77.53962707519531,77.59703314955642,77.41524481412728,77.41524481412728,34221500
2025-09-12,77.46308135986328,77.5300575470749,77.44394843488436,77.5300575470749,25702800
2025-09-15,77.68315124511719,77.69271405781345,77.56833179404882,77.57790190660211,27248800
2025-09-16,77.62574005126953,77.72142657977754,77.59703701266001,77.70228635413305,33075600
2025-09-17,77.54920959472656,77.73099795924024,77.41525719988152,77.6831619895716,35955700
2025-09-18,77.72142791748047,77.75969376971362,77.56833530911847,77.63531150031251,43250000
2025-09-19,77.75013732910156,77.77884037055765,77.64488797719063,77.74056721533022,32042900
2025-09-22,77.80754852294922,77.81711863734918,77.67359612078329,77.68316623518326,26670200
2025-09-23,77.75013732910156,77.84581656724114,77.69272394633145,77.82667633969847,37088500
2025-09-24,77.64488220214844,77.74056143317164,77.61617916282722,77.74056143317164,28124300
2025-09-25,77.42481994628906,77.51093637139026,77.39611690454134,77.50136625752168,33509900
2025-09-26,77.57791137695312,77.6066144182599,77.46309191186813,77.53963822192479,31046800
2025-09-29,77.71185302734375,77.73098595228417,77.62573661546959,77.65444695266558,28558500
2025-09-30,77.68315124511719,77.70228417036674,77.59703483185166,77.66401102001062,54970300
2025-10-01,77.82830047607422,77.86675407424845,77.65526295142715,77.68410131648935,58042600
2025-10-02,77.79946899414062,77.83792259571695,77.71294655702526,77.80908422810334,33348900
2025-10-03,77.71293640136719,77.80907405988185,77.69371327022843,77.78984359446947,35109200
2025-10-06,77.732177734375,77.78024657035274,77.7033393664982,77.76101610225179,29485100
2025-10-07,77.64566040039062,77.7610212137555,77.63605249998322,77.7610212137555,27672300
2025-10-08,77.53030395507812,77.71294940140747,77.52068872076347,77.69372626705301,34932200
2025-10-09,77.30919647216797,77.53030285261183,77.203450899035,77.52068761843391,65586700
2025-10-10,76.85738372802734,77.37649641298516,76.85738372802734,77.35727327692398,83840400
2025-10-13,77.33802795410156,77.33802795410156,77.06886009528476,77.12654416094128,31926800
2025-10-14,77.42455291748047,77.52068325101966,77.01118588241508,77.07847784931995,63860100
2025-10-15,77.67449951171875,77.7033378790435,77.48223150576294,77.59759230933643,59802200
2025-10-16,77.39571380615234,77.69372003753872,77.3476449727081,77.67449690472559,75725200
2025-10-17,77.59759521484375,77.6072104490702,77.31881209647514,77.32842733070159,70044200
2025-10-20,77.75140380859375,77.78024951183606,77.64565823286334,77.64565823286334,43762300
2025-10-21,77.63604736328125,77.80908490474216,77.63604736328125,77.75140083473877,45418100
2025-10-22,77.55913543701172,77.68410413490645,77.48222823787303,77.6360426361504,50698600
2025-10-23,77.732177734375,77.732177734375,77.57836332666592,77.57836332666592,37962400
2025-10-24,77.94367218017578,77.9532800803587,77.83792660396419,77.89560334216144,39905600
2025-10-27,78.13593292236328,78.18400176041372,77.99173374248693,78.03018734607228,36495000
2025-10-28,78.05902099609375,78.135928198615,78.0301826287169,78.135928198615,31591400
2025-10-29,77.81868743896484,78.08786263378042,77.77062594059623,78.05901693363029,51827100
2025-10-30,77.67449951171875,77.80908344875057,77.63604591052759,77.66488427785234,39967300
2025-10-31,77.67449951171875,77.8283065822089,77.62643067666117,77.76101461369299,45044600
2025-11-03,77.43293762207031,77.68415710484635,77.42327334958816,77.6744928323642,54615100
2025-11-04,77.44261169433594,77.51024686690975,77.25902735234376,77.27835589975396,49705000
2025-11-05,77.51991271972656,77.5682193458742,77.46193444799587,77.4812629957998,42273700
2025-11-06,77.54889678955078,77.6165319622986,77.42328334610417,77.59720341483867,46629200
2025-11-07,77.61652374267578,77.63584491640863,77.38462542780061,77.53922430438406,47233800
2025-11-10,77.87741088867188,77.92572488719733,77.71315508837522,77.7324762647767,51875200
2025-11-11,77.96436309814453,78.00301281692099,77.88706366059161,77.88706366059161,17001100
2025-11-12,77.80976867675781,77.97402446219944,77.7711189557691,77.96436756071266,43962900
2025-11-13,77.49091339111328,77.70348316902047,77.44260676902194,77.70348316902047,53631300
2025-11-14,77.51024627685547,77.68416634381856,77.3749759327376,77.3749759327376,40853500
2025-11-17,77.38462829589844,77.55854835266071,77.33632167393586,77.48125628318449,42954200
2025-11-18,77.40396118164062,77.48126062713104,77.288012013405,77.31699746254368,44098700
2025-11-19,77.44261169433594,77.58754631318865,77.38463342378628,77.43294742063084,33510100
2025-11-20,77.394287109375,77.77111264383096,77.394287109375,77.69382057980711,65471200
2025-11-21,77.65518951416016,77.69383924129542,77.42329115134858,77.54890460745861,62331700
2025-11-24,77.86773681640625,77.87740108923151,77.68415986280792,77.70348103677817,38964900
2025-11-25,78.1382827758789,78.16726822190363,77.8194281262468,77.84841357227153,56524800
2025-11-26,78.215576171875,78.24456899007298,78.06098466655342,78.09963438580387,27454800
2025-11-28,78.25422668457031,78.33152612385496,78.20592006377761,78.26389095740096,29430800
2025-12-01,78.11347961425781,78.18142940488424,78.02611136575426,78.04552982363137,45274800
2025-12-02,78.25908660888672,78.27849766034177,78.12318703078662,78.18142759112337,38842600
2025-12-03,78.32703399658203,78.42410406282447,78.21054547350832,78.24937498119955,35019100
2025-12-04,78.38528442382812,78.40469547713194,78.21055532020485,78.33674568161022,34777400
2025-12-05,78.38528442382812,78.4435249897118,78.30762539866839,78.36587337052433,30486800
2025-12-08,78.19114685058594,78.37557778396918,78.13289887680531,78.35616673002397,43160800
2025-12-09,78.10376739501953,78.24937619963615,78.08435634385732,78.19113564017808,30558800
2025-12-10,78.3658676147461,78.42410817635214,78.06494076584751,78.07464999477243,53052100
2025-12-11,78.35616302490234,78.39499253692918,78.29792245984817,78.37557407792968,44546400
2025-12-12,78.21055603027344,78.34645562255066,78.17172651734104,78.32704456907064,45566100
2025-12-15,78.24938201904297,78.3367428647271,78.21055250785936,78.3076225828324,28983600
2025-12-16,78.29790496826172,78.30760678962194,78.20082750689544,78.24936623757857,27908000
2025-12-17,78.20084381103516,78.30762311602415,78.15231247620419,78.28821206328617,36999700
2025-12-18,78.41439819335938,78.43381665102247,78.30761889412732,78.41439819335938,52680500
2025-12-19,78.37635803222656,78.48364333779146,78.34709975635742,78.44462982294358,34413300
2025-12-22,78.44463348388672,78.47389176112131,78.3080898960803,78.47389176112131,37203900
2025-12-23,78.5031509399414,78.5031509399414,78.36660735056684,78.38611782965894,24341800
2025-12-24,78.64945220947266,78.64945220947266,78.48365033738239,78.52266385570971,10533500
2025-12-26,78.61043548583984,78.7079655571475,78.60068024638883,78.6494490025764,10922900
2025-12-29,78.63970184326172,78.66896756462177,78.56168224283965,78.57143004222476,22012700
2025-12-30,78.71772003173828,78.75673354809577,78.62018996137826,78.64944823837953,20146700
2025-12-31,78.63970184326172,78.75674240549718,78.63970184326172,78.72748412520538,17457100
2026-01-02,78.67871856689453,78.72748733007833,78.60069152222788,78.72748733007833,28403300
2026-01-05,78.8835220336914,78.91278775181135,78.70796493030878,78.74697844673463,38563200
2026-01-06,78.90303039550781,78.94204391088695,78.82500336474953,78.90303039550781,31721500
2026-01-07,78.8835220336914,79.00056258296895,78.84450851726555,78.96154906654311,27022700
2026-01-08,78.94204711914062,78.95179491758117,78.80550353029804,78.84450960619519,33516900
2026-01-09,79.00056457519531,79.02982285298567,78.9517958181663,78.9517958181663,31849200
2026-01-12,79.03958892822266,79.04934416917934,78.90304531910364,78.91280056006032,23983600
2026-01-13,79.03958892822266,79.07860245098075,78.97131712366314,79.06884721002407,27607400
2026-01-14,79.03958892822266,79.04934416917934,78.93230360090506,79.00057540546456,42994000
2026-01-15,79.03958892822266,79.10786073278216,79.00057540546456,79.09810549182548,30412400
2026-01-16,79.08834075927734,79.09809599906328,78.99081068462125,79.07859296055913,52466300
2026-01-20,78.8835220336914,78.9517938271698,78.67870665325624,78.75673368610795,38653400
2026-01-21,79.11760711669922,79.15662063508984,78.96155304313676,78.98106352286595,42023500
2026-01-22,79.17611694335938,79.23463349543718,79.12734818924976,79.18587218239472,35231900
2026-01-23,79.1371078491211,79.19562440446782,79.0395777765207,79.17612136637477,38360500
2026-01-26,79.17611694335938,79.21513045843363,79.11760039128156,79.18587218239472,27027500
2026-01-27,79.16636657714844,79.21513533425986,79.13710829930864,79.17612181678425,22961500
2026-01-28,79.03958892822266,79.17613253734167,79.02983368726598,79.166377296385,35559200
2026-01-29,79.02981567382812,79.0688291876938,78.90302733456492,79.04932615129442,38201600
2026-01-30,79.11760711669922,79.12735491549604,78.92253952474614,78.92253952474614,59848000
2026-02-02,79.16563415527344,79.20484051872678,79.03821908243698,79.06762198556468,42890700
2026-02-03,79.11662292480469,79.20483162428226,78.93039458877644,79.1558292838553,49372700
2026-02-04,79.01861572265625,79.11662788750651,78.9402029996365,79.09702096782715,42829400
2026-02-05,78.9303970336914,79.0186132137499,78.85198431316132,78.95979993442803,75554200
2026-02-06,79.204833984375,79.204833984375,79.01861312064624,79.06761546253334,40915900
2026-02-09,79.31265258789062,79.31265258789062,79.15583461896705,79.15583461896705,33716900
2026-02-10,79.2342300415039,79.40085892750417,79.2342300415039,79.3420456533314,37886100
2026-02-11,79.22444152832031,79.32245369071623,79.11662590633021,79.29305078978233,27272300
2026-02-12,79.18523406982422,79.36165895083006,79.14602770983974,79.30285314977763,48457000
2026-02-13,79.24403381347656,79.33224998616053,79.2146309151979,79.22443437390679,36612400
2026-02-17,79.204833984375,79.25384380411072,79.13622472345418,79.21463744389186,35682000
2026-02-18,79.30284881591797,79.37145807267919,79.20482918238923,79.23423208130859,33943100
2026-02-19,79.3322525024414,79.3322525024414,79.22443688676793,79.27343922617064,29531000
2026-02-20,79.39105987548828,79.39105987548828,79.26364481709625,79.32245061668513,37959800
2026-02-23,79.26364135742188,79.40085986903891,79.23423098106277,79.3518500529551,33666000
2026-02-24,79.204833984375,79.26364726362758,79.04801602134822,79.24404034459384,54979900
2026-02-25,79.31265258789062,79.32245604777613,79.21464042258228,79.21464042258228,29428200
2026-02-26,79.24403381347656,79.33224998616053,79.15582511864058,79.28324017046411,54533600
2026-02-27,79.11662292480469,79.19503564290589,79.04801366592824,79.14602582463054,62450000
2026-03-02,79.07131958007812,79.1993671360341,78.82508352881254,78.85463065263994,74327000
2026-03-03,78.91372680664062,79.10086108242436,78.6379361366194,78.73643656174782,118126800
2026-03-04,79.18951416015625,79.23875686080353,78.99252081398373,79.02207545180545,58694100
2026-03-05,78.87432098388672,79.10085390626489,78.81521923126598,79.06145524269331,79841000
2026-03-06,78.49020385742188,78.79553414759494,78.45080518860476,78.5492981033837,82125600
2026-03-09,78.96296691894531,78.97281846404104,78.34245483940359,78.39169753582789,88695000
2026-03-10,78.83493041992188,79.16980782289596,78.82507887438514,78.84478196545861,67499600
2026-03-11,78.65763854980469,78.83492879317009,78.60838833766478,78.78567858103018,59983500
2026-03-12,78.15531921386719,78.54929838894299,78.12577209077887,78.54929838894299,68674300
2026-03-13,78.00757598876953,78.4803525011895,77.92878616547264,78.33260937140027,68652900
2026-03-16,78.25381469726562,78.47050362639534,78.25381469726562,78.31291645990973,57535600
2026-03-17,78.60839080810547,78.61824235374853,78.37200631436514,78.41140498240978,47967800
2026-03-18,78.20455932617188,78.54928824188293,78.19470778157248,78.49019400334012,50281900
2026-03-19,78.46065521240234,78.5000463659276,77.80073691567675,77.84013558372959,103981600
2026-03-20,77.7317886352539,78.33260515339065,77.66284284700185,78.30305803192938,109084800
2026-03-23,78.24396514892578,78.50004521572573,77.97802602209762,78.10607357002506,79015800
2026-03-24,77.97802734375,78.21441935260998,77.86968288498774,78.04697313436893,71941600
2026-03-25,78.2242660522461,78.3818607301955,78.15532025927519,78.25381317572965,49917700
2026-03-26,77.7317886352539,78.13561933396402,77.61360014940887,78.05682200038244,74979300
2026-03-27,77.53479766845703,77.65298614645579,77.38705455643175,77.65298614645579,68174300
2026-03-30,77.62344360351562,77.90907829973126,77.57420090628848,77.8302809667351,55210700
2026-03-31,78.36215209960938,78.41140231161955,77.92878179493448,77.96818046163717,101521300
2026-04-01,78.55416107177734,78.6432323402401,78.42549250492372,78.5343624225819,69789200
2026-04-02,78.74220275878906,78.81148292887508,78.26714089276277,78.26714089276277,53828200
2026-04-06,78.88076782226562,78.89066714743416,78.68282662473084,78.69272594989938,37098300
2026-04-07,78.90056610107422,78.92035720034544,78.50467615689615,78.85107702643722,47264100
2026-04-08,79.36573791503906,79.69234014131507,79.20737891359498,79.6428586165934,58556400
2026-04-09,79.4548110961914,79.56368102455274,79.17769038798912,79.3261500676612,45207500
2026-04-10,79.13809204101562,79.51418331115877,79.12819271651992,79.51418331115877,33005600
2026-04-13,79.43501281738281,79.44490459108684,79.05891398940568,79.05891398940568,38561400
2026-04-14,79.67254638671875,79.73192723479515,79.4647058674788,79.51418739055163,42038000
2026-04-15,79.6329574584961,79.66264788284033,79.52408753525215,79.62305813339047,47834900
2026-04-16,79.52408599853516,79.70223609213063,79.43501472722365,79.70223609213063,37743400
2026-04-17,79.82100677490234,79.92987669800208,79.73192795101501,79.77151770041242,61651600
2026-04-20,79.7517318725586,79.84080315136066,79.67255236853023,79.80121339934648,21104400
2026-04-21,79.54388427734375,79.7517247937403,79.48449587910727,79.72203437010828,58623500
2026-04-22,79.67254638671875,79.74182655979874,79.59336688863519,79.67254638671875,28004500
2026-04-23,79.54388427734375,79.72203437010828,79.3360437609472,79.63295554823979,49921700
2026-04-24,79.65275573730469,79.70223726065682,79.47460564109733,79.61316598803943,33626300
2026-04-27,79.68244171142578,79.71213213397344,79.59336289281066,79.61316154182387,24643700
2026-04-28,79.57357788085938,79.60326830567786,79.50429770595865,79.5240888055134,36382400
2026-04-29,79.30635070800781,79.51419123730271,79.15789858063496,79.49440013731063,56809400
2026-04-30,79.55377960205078,79.59336935231799,79.34593907637746,79.35583840168746,51626100
2026-05-01,79.65227508544922,79.82141509329865,79.62242908128174,79.65227508544922,43740400
2026-05-04,79.39360046386719,79.61247367971954,79.2841600606711,79.61247367971954,35069300
2026-05-05,79.51298522949219,79.61247443592278,79.483139226617,79.483139226617,26357900
2026-05-06,79.75177001953125,79.83135683193446,79.67217561658799,79.68211922405087,38323100
2026-05-07,79.45329284667969,79.8313548655377,79.45329284667969,79.81146006056196,44772900
2026-05-08,79.73186492919922,79.74181612686587,79.59257852402536,79.60252972169201,29715200
2026-05-11,79.57268524169922,79.74181765256924,79.57268524169922,79.67217444864983,34366600
2026-05-12,79.46324920654297,79.48314401281112,79.29410919583208,79.41350080506206,37418900
2026-05-13,79.50304412841797,79.54283373981258,79.38365252261373,79.43339333212705,33257100
2026-05-14,79.44334411621094,79.64233012484763,79.44334411621094,79.56273572139295,27235600
2026-05-15,79.05532836914062,79.28416037414807,79.05532836914062,79.23441197593867,54466000
2026-05-18,79.13492584228516,79.29410705976333,79.03543663254378,79.22446385389036,38596100
2026-05-19,78.94589233398438,79.04538154536856,78.82650831653946,79.0055919332471,42904700
2026-05-20,79.45329284667969,79.46324404443749,78.99563642683897,79.09512563279742,58906300
2026-05-21,79.49309539794922,79.58263341217676,79.24436857104108,79.34385778369627,37584600
2026-05-22,79.50304412841797,79.61247694556336,79.43339333212705,79.60253333798478,22429400
2026-05-26,79.77166748046875,79.78161867880293,79.63238106595145,79.73187027767234,30406100
2026-05-27,79.72191619873047,79.80151060144729,79.67217538993746,79.76171340008888,22523800
2026-05-28,79.8214111328125,79.86120074270143,79.63237632841079,79.67217352883956,32001600
2026-05-29,79.9010009765625,79.95074937662211,79.8015117669834,79.85126016704301,39142200
2026-06-01,79.83999633789062,79.87999725341797,79.63999938964844,79.79000091552734,32671000
2026-06-02,79.9000015258789,79.9000015258789,79.79000091552734,79.83999633789062,25237500
2026-06-03,79.68000030517578,79.77999877929688,79.62999725341797,79.75,28203400
2026-06-04,79.83000183105469,79.8499984741211,79.75,79.75,22697900
2026-06-05,79.43000030517578,79.72000122070312,79.3499984741211,79.69999694824219,46035600
2026-06-08,79.54000091552734,79.6500015258789,79.4800033569336,79.5999984741211,25128800
2026-06-09,79.58000183105469,79.79000091552734,79.41999816894531,79.62000274658203,25253350
