Date,Close,High,Low,Open,Volume
2010-06-01,58.80304718017578,59.027209083635135,58.76942439109332,58.85908658715744,782400
2010-06-02,59.0103874206543,59.010387420654304,58.803036947817375,58.803036947817375,521000
2010-06-03,58.81989288330078,59.15053284575453,58.81989288330079,58.99361642893358,1017000
2010-06-04,59.17852020263672,59.21214726969106,58.898318871870885,58.96556873044656,745200
2010-06-07,59.42511749267578,59.475551695871616,59.12249944689768,59.12249944689768,551500
2010-06-08,59.42511749267578,59.55400775119916,59.26820538202069,59.391494690545215,953500
2010-06-09,59.44752883911133,59.53159011250571,59.21216069403423,59.341050941109515,526900
2010-06-10,59.200897216796875,59.37462055748032,59.100024634183555,59.256936590353135,1037200
2010-06-11,59.41950225830078,59.447524105712375,59.18973935655348,59.341046216188666,483100
2010-06-14,59.30741500854492,59.30741500854492,59.08885831143853,59.21774852997152,712900
2010-06-15,59.234561920166016,59.35785119458891,59.133689266141204,59.32983362574118,663100
2010-06-16,59.296226501464844,59.346664983208655,59.15052483317076,59.31303790353458,568000
2010-06-17,59.68849182128906,59.73332078716811,59.40268525170232,59.486746510467036,1487500
2010-06-18,59.68284606933594,59.778113435995394,59.604390087906935,59.69965745456639,726300
2010-06-21,59.83418655395508,59.84539700078412,59.548384292805565,59.58761230564174,686300
2010-06-22,60.12562942504883,60.14804605477328,59.744555270803,59.7613666742126,657000
2010-06-23,60.377750396728516,60.40577222555689,60.03590460757017,60.041509828442,1105800
2010-06-24,60.136802673339844,60.42821442465595,60.10317988493129,60.40019258396042,743000
2010-06-25,60.23768615722656,60.377786834857915,60.08077408236478,60.14241872256525,485000
2010-06-28,60.56831741333008,60.59073403164464,60.37217734749361,60.46744476868093,772700
2010-06-29,60.54029846191406,60.669192954493376,60.489864274948005,60.669192954493376,1007200
2010-06-30,60.78125,60.78125,60.62433799605573,60.65235982913068,850800
2010-07-01,60.84878158569336,61.028840690998955,60.77563404986373,60.86003769455804,1478700
2010-07-02,60.67437744140625,60.89382443915853,60.640613392786946,60.85443662656068,600400
2010-07-06,60.9276008605957,61.10766009500244,60.77004956710866,60.88258497875633,993400
2010-07-07,60.96696090698242,61.07387250440355,60.88818529612963,60.893813352033064,634100
2010-07-08,60.81501388549805,60.85440167547394,60.696850515570375,60.837521807333864,738200
2010-07-09,60.74190902709961,60.83756884209516,60.69126938352885,60.815060902857994,530000
2010-07-12,60.81501388549805,60.916297387285645,60.736238305546266,60.86565348991828,585100
2010-07-13,60.84878158569336,60.93881328482001,60.74749807064973,60.882541326392,709000
2010-07-14,61.118873596191406,61.17514126278205,60.882542527794264,60.89942669142446,1880300
2010-07-15,61.22578811645508,61.28768384490998,61.118880825172475,61.118880825172475,1038800
2010-07-16,61.33269500732422,61.54089010464521,61.270799283605754,61.32706695254582,814100
2010-07-19,61.32146072387695,61.4114881613323,61.26518874589953,61.310204611101796,580700
2010-07-20,61.38896179199219,61.54088921818469,61.31018619802122,61.31018619802122,1052100
2010-07-21,61.687217712402344,61.68721771240234,61.29896758693161,61.32709928976125,779400
2010-07-22,61.60841369628906,61.715325279464224,61.43398262306495,61.704073462105484,827300
2010-07-23,61.687217712402344,61.72098176592822,61.540922554607675,61.70410188564039,675800
2010-07-26,61.74345016479492,61.75470198013131,61.529627036876185,61.597150807736966,538000
2010-07-27,61.53529357910156,61.7828766008311,61.53529357910156,61.6196972722321,1108600
2010-07-28,61.75475311279297,61.766004937445814,61.467782215208366,61.66472134376602,777600
2010-07-29,61.777252197265625,61.83914795635911,61.63658079804412,61.70410461513259,513000
2010-07-30,62.0641975402832,62.131717036665265,61.91227008752627,61.91227008752627,796300
2010-08-02,61.932559967041016,62.11333530942586,61.89301549558259,62.09074216289888,764100
2010-08-03,62.08507537841797,62.16416430051602,61.97208812540433,62.085075378417976,1060700
2010-08-04,61.893001556396484,62.1133213206206,61.88735542604839,62.045533276258205,859900
2010-08-05,62.00601577758789,62.07945429425695,61.909975489605216,61.966471297839156,1093400
2010-08-06,62.36191940307617,62.4127647711786,62.17549357007603,62.24893640066562,685700
2010-08-09,62.5653190612793,62.58226608789923,62.31110504192603,62.40149062057472,844400
2010-08-10,62.4862060546875,62.55399844514656,62.35627171714735,62.480555611309555,1260100
2010-08-11,62.480525970458984,62.67260216395902,62.44663194632156,62.49747298252769,934600
2010-08-12,62.260223388671875,62.53703471896578,62.243276371922704,62.44664919296199,1427100
2010-08-13,62.503135681152344,62.58222462633264,62.33365690718073,62.361904806184086,894800
2010-08-16,63.19236373901367,63.254505689156005,62.864706967358785,62.864706967358785,786200
2010-08-17,63.09068298339844,63.26016182814041,62.972049516089484,63.21496689487241,799600
2010-08-18,63.14719009399414,63.265823590608704,63.04550362403492,63.152840539554965,1889200
2010-08-19,63.21495819091797,63.48611913313818,63.034182792762664,63.039828926124216,1439500
2010-08-20,63.32794189453125,63.412681306165965,63.15846738128731,63.18671097848188,1402000
2010-08-23,63.463539123535156,63.47484001341719,63.17543108194309,63.26581665086609,549100
2010-08-24,63.61040115356445,63.72338846784887,63.46917024322793,63.616051596785006,826000
2010-08-25,63.729061126708984,63.83639804244922,63.497444578565535,63.83639804244922,1820000
2010-08-26,63.78550720214844,63.81375078792292,63.59908143393704,63.69511738361305,703600
2010-08-27,63.209312438964844,63.78553702649511,63.16976795237165,63.67820014430254,1642300
2010-08-30,63.62166976928711,63.67816124276257,63.260119167016384,63.53127996370785,1574500
2010-08-31,63.83635711669922,63.86460501642433,63.497403870119854,63.644285190646514,1450700
2010-09-01,63.35663986206055,63.73089144801567,63.19786187350311,63.70820887822175,2395600
2010-09-02,63.27726364135742,63.322628791653784,63.12983339228252,63.20922024217173,1243900
2010-09-03,62.8009147644043,63.02773608930139,62.75554963417349,62.78390392213198,1184800
2010-09-07,63.26594543457031,63.36234316612798,62.942726202795555,63.27728456276404,1128300
2010-09-08,63.141178131103516,63.2262367139077,63.05611954829932,63.21489758845478,556200
2010-09-09,62.81228256225586,63.05611484075262,62.6932022857238,63.04477571614624,967700
2010-09-10,62.85761642456055,62.908653275531904,62.613784267436124,62.66482111840749,1105900
2010-09-13,62.94269943237305,63.1128165667477,62.800936595813646,62.84630174181468,987900
2010-09-14,63.23753356933594,63.28289869334254,63.016383997624146,63.056077399565844,1846500
2010-09-15,63.135501861572266,63.260253863872485,63.05611501033739,63.13550186157227,983200
2010-09-16,62.936988830566406,62.9710148321781,62.778215243897726,62.965343110866854,1382000
2010-09-17,63.141178131103516,63.20355413674263,62.965393565898296,63.13550640524744,2647200
2010-09-20,63.220542907714844,63.277247167693425,63.11847350925031,63.220542907714844,775000
2010-09-21,63.7025146484375,63.78190577779666,63.282898071142924,63.29424151516121,1416600
2010-09-22,63.66282272338867,63.84427889558311,63.611790202891676,63.76489209063907,851200
2010-09-23,63.708229064941406,63.90669620570264,63.66286391097908,63.89535708034165,594200
2010-09-24,63.566429138183594,63.70252019445727,63.51539661442721,63.70252019445727,1064700
2010-09-27,63.89533615112305,63.93502956627353,63.74223421447342,63.810277596869796,770900
2010-09-28,64.00877380371094,64.18456271617318,63.85567179738293,63.89536523059832,595900
2010-09-29,63.94635772705078,64.07110967507113,63.89532519900085,64.03141626672438,751900
2010-09-30,64.12781524658203,64.16184125890634,63.623140047385625,63.94069164695542,1089800
2010-10-01,63.817054748535156,64.06182642695717,62.03534745215953,63.959363762898505,3916600
2010-10-04,63.919464111328125,63.9593104284057,63.8226951045573,63.8226951045573,847300
2010-10-05,64.0504379272461,64.1642877420992,63.9707452283121,64.09028427671309,1236000
2010-10-06,64.4659423828125,64.88148635055944,64.36347978411625,64.39763253604043,1457100
2010-10-07,64.44889068603516,64.60258247147034,64.42042715324976,64.56842970646815,713800
2010-10-08,64.3862533569336,64.65948407355289,64.363483406728,64.60825494278325,1160400
2010-10-11,64.44319152832031,64.55134773202504,64.36349885493526,64.37488166130812,460300
2010-10-12,64.34639739990234,64.6025517012631,64.30085750630653,64.48301273776653,748800
2010-10-13,64.31221771240234,64.42606305578168,64.15282815158123,64.28375420509678,996600
2010-10-14,63.79426193237305,64.2951879200342,63.782879126189236,64.23257162871094,1236100
2010-10-15,63.39008712768555,63.737321247892005,63.39008712768554,63.572242375750925,1287700
2010-10-18,63.828407287597656,63.83979443538508,63.61779282569864,63.634869204455384,662600
2010-10-19,63.83406066894531,63.97067595590505,63.606365628731304,63.63482913735368,685300
2010-10-20,63.947959899902344,64.10734960239849,63.703192628365265,63.86257798793607,632700
2010-10-21,63.777164459228516,64.07885866695968,63.77716445922852,63.91947337554876,841200
2010-10-22,63.856815338134766,63.94789072668988,63.75435281168488,63.80558190344951,640000
2010-10-25,64.08456420898438,64.27241305591407,64.06748783070427,64.22117957814947,716400
2010-10-26,63.74304962158203,64.00489766220014,63.74304962158203,63.84551227599138,598800
2010-10-27,63.57792282104492,63.708844571380816,63.56084644864657,63.5665356774975,1751000
2010-10-28,63.83406066894531,63.94790601759148,63.70313895229438,63.74867448599985,1264500
2010-10-29,63.95932388305664,64.03901653397614,63.82270853046948,63.845478479721294,583800
2010-11-01,63.93758773803711,64.32616204683356,63.869014262478544,64.04616131775042,865500
2010-11-02,64.2347183227539,64.26328732700895,64.04614458400101,64.04614458400101,555600
2010-11-03,64.0233383178711,64.51477092747653,63.886195651839984,64.34905487449919,932000
2010-11-04,64.62903594970703,64.68046715851133,64.33189287108749,64.33189287108749,990300
2010-11-05,64.42333984375,64.58905589741352,64.34905514094365,64.49762890624314,455800
2010-11-08,64.45764923095703,64.56050735346224,64.32621771232165,64.48621826739905,432500
2010-11-09,63.97764587402344,64.52622109703178,63.94907683639003,64.5205099053181,1438900
2010-11-10,63.840492248535156,63.960492649340665,63.32048615202371,63.789061014082755,1169900
2010-11-11,63.56047058105469,63.85761371093314,63.55475503249371,63.829040327814404,778500
2010-11-12,63.11476135253906,63.5719094112815,63.09761906328145,63.486193605306426,1351700
2010-11-15,62.42333221435547,63.01762298625898,62.42333221435547,62.89190704378303,1294100
2010-11-16,62.7547721862793,62.8004878728234,62.29762404021392,62.571913799790714,2219600
2010-11-17,62.7547721862793,63.06906208166023,62.726198792267276,62.806203423563375,1237000
2010-11-18,62.80046463012695,62.9033227069391,62.56046390412735,62.81760691631461,1001200
2010-11-19,63.01763916015625,63.06335485273297,62.8004961599494,62.89763873690864,676400
2010-11-22,63.366172790527344,63.377603886138175,63.143314382657515,63.143314382657515,759800
2010-11-23,63.400482177734375,63.5376292206406,63.28619733499981,63.52048693019915,749200
2010-11-24,62.88045120239258,63.12045187621785,62.77759314794099,63.1090251411389,644500
2010-11-26,62.960453033447266,63.05187999546741,62.83473714594486,62.96045303344726,233400
2010-11-29,63.02338409423828,63.14338457343218,62.96624163172077,63.040526397024486,494600
2010-11-30,62.92620849609375,63.28049419385643,62.9033506511271,63.20049391631723,1324500
2010-12-01,62.786258697509766,62.84936081693407,62.568272342802736,62.75757870107563,1473400
2010-12-02,62.64849853515625,62.80912030295847,62.48213902518542,62.59113424331474,1011600
2010-12-03,62.470664978027344,62.912374818699625,62.44771838704746,62.77469964943504,1391800
2010-12-06,62.90665817260742,62.90665817260742,62.70587654232382,62.76324522332821,670700
2010-12-07,62.32155227661133,62.72884466714796,62.11503720864663,62.61411601899753,1302200
2010-12-08,61.91999816894531,62.109300002374965,61.5127057748733,62.0978288881073,3831100
2010-12-09,62.069129943847656,62.183862942635415,61.82819721131796,61.988819033004425,1967300
2010-12-10,61.78226852416992,62.09204087803954,61.707695400254856,61.92568140781619,1335200
2010-12-13,62.01175308227539,62.17237487145379,61.70771835609976,61.73066495121318,1670200
2010-12-14,61.63312911987305,61.91421717757893,61.386458757547466,61.75359543031843,1976500
2010-12-15,61.248809814453125,61.851146044140414,61.19718324559701,61.73641741782691,2601900
2010-12-16,61.5471076965332,61.57578766314956,61.00213581142676,61.20291746082278,1892500
2010-12-17,62.10930633544922,62.13799068896936,61.58728523900219,61.5930229850298,1678700
2010-12-20,62.069129943847656,62.32153816456432,61.988819033004425,62.19533405420599,1438200
2010-12-21,62.201053619384766,62.22400021243593,61.91422777116785,62.14942269086586,985200
2010-12-22,62.14944839477539,62.275652520445036,62.069137474188686,62.23549706015169,749800
2010-12-23,62.178104400634766,62.178104400634766,62.006007148326006,62.08058466674677,861300
2010-12-27,62.29860305786133,62.35023401099496,61.937203892394656,62.02898593174072,781400
2010-12-28,61.80217742919922,62.308991511237046,61.75034656750101,62.25715625560346,584800
2010-12-29,62.26866912841797,62.42992653594194,61.72154075982187,61.761855111702864,1031600
2010-12-30,62.297462463378906,62.32049986354298,62.02102244927958,62.18227985649332,562900
2010-12-31,62.452938079833984,62.631472365115066,62.343511572631776,62.343511572631776,914800
2011-01-03,62.694854736328125,62.712131689292846,62.23411548557153,62.326265093296904,2447900
2011-01-04,62.77549362182617,62.884920200253966,62.631513131867855,62.76397711596128,962500
2011-01-05,62.314754486083984,62.5336076436058,62.19957185134103,62.49329328205218,1209200
2011-01-06,62.406898498535156,62.56815593025231,62.314748883876526,62.383861094870504,1089700
2011-01-07,62.72365188598633,62.81003664984417,62.31474349869543,62.349301798173656,1118600
2011-01-10,62.83308029174805,62.89067160468463,62.648785453989696,62.648785453989696,909200
2011-01-11,62.8043098449707,62.87341768824284,62.53362574165578,62.71792064694339,845000
2011-01-12,62.76392364501953,62.78695663712664,62.58538500169861,62.666013655869826,1291600
2011-01-13,63.03462219238281,63.04038263912547,62.64299529861752,62.6890700846919,971000
2011-01-14,62.73517608642578,63.02313705177356,62.71213868192568,63.000099647273466,1629900
2011-01-18,62.70064926147461,62.82159239189227,62.42996513409043,62.66033488466872,1422700
2011-01-19,62.654510498046875,62.7581765603263,62.59115877143539,62.67754788899042,1685300
2011-01-20,62.38385772705078,62.63150431065723,62.02678458042851,62.53359864581951,1699200
2011-01-21,62.476009368896484,62.51632372596069,62.280193638916494,62.30323104208681,1056600
2011-01-24,62.504798889160156,62.67181675617009,62.46448453463604,62.516319786987104,727200
2011-01-25,62.815773010253906,62.879124742079036,62.44142306599637,62.67179260045742,1302200
2011-01-26,62.46446228027344,62.76970005491325,62.46446228027344,62.677554874801956,1647100
2011-01-27,62.56814956665039,62.65453872312264,62.395371253705896,62.487520858992305,1094300
2011-01-28,62.64875411987305,62.786974080576464,62.39534719697234,62.41262853675193,1388100
2011-01-31,62.476009368896484,62.77548682223982,62.45297196572617,62.614229393982995,1849900
2011-02-01,62.39331817626953,62.50895595592368,62.28345919768911,62.4222254155338,989200
2011-02-02,62.2718620300293,62.532053522745336,62.19091474197445,62.5147083054902,1975700
2011-02-03,62.12150955200195,62.312311278404714,62.109943137495954,62.161983180183704,1645800
2011-02-04,61.93077087402344,62.121577219561644,61.79778343011212,62.040629875024116,1367700
2011-02-07,62.00014877319336,62.069529682311845,61.797776024800726,61.826687677799356,1709500
2011-02-08,61.77464294433594,62.1389103350409,61.745735704807636,62.01748934190544,1263200
2011-02-09,62.17357635498047,62.24874485307237,61.763056660090214,61.83822074688527,2124900
2011-02-10,61.86716842651367,62.09266522955683,61.83247796798378,61.98280622914628,690600
2011-02-11,62.208290100097656,62.24876817503368,62.00014298088926,62.069523883525896,817300
2011-02-14,62.248748779296875,62.364386521859345,62.05794253390139,62.05794253390139,785400
2011-02-15,62.38753890991211,62.38753890991212,62.173604151592166,62.26611791020581,621800
2011-02-16,62.31233215332031,62.543611996679246,62.242951288219906,62.38171742971682,1892600
2011-02-17,62.42803192138672,62.56101497647849,62.387558242276164,62.514762494137976,585600
2011-02-18,62.5204963684082,62.5204963684082,62.24874723898098,62.27765446825775,505900
2011-02-22,62.693931579589844,62.83848090035701,62.43952336342516,62.43952336342516,1225300
2011-02-23,62.61879348754883,62.878980608305774,62.589881846888275,62.821161738281674,1293600
2011-02-24,62.68820571899414,62.879012055667985,62.65351526188953,62.78649828832337,718900
2011-02-25,62.983070373535156,63.000415597277765,62.7575736422853,62.855866184358725,722900
2011-02-28,63.150753021240234,63.150753021240234,62.98885837227484,62.98885837227484,718600
2011-03-01,63.15188980102539,63.15769597622243,62.91388533490122,62.94291178207237,1332300
2011-03-02,62.81520462036133,63.16930602949143,62.81520462036133,63.08803728924657,837100
2011-03-03,62.54820251464844,62.78040090394628,62.51337430633933,62.73976651798035,1024200
2011-03-04,62.78616714477539,62.85001734312315,62.58879708932918,62.60621118240703,1385200
2011-03-07,62.629451751708984,62.85584389273561,62.542376829280016,62.542376829280016,451800
2011-03-08,62.54820251464844,62.69913213201442,62.495960202184776,62.64688539073485,745900
2011-03-09,62.873294830322266,62.91973540667022,62.577246120942554,62.63529462696894,1745300
2011-03-10,63.128719329833984,63.18096166137798,62.76881147353326,62.98359583712172,965400
2011-03-11,63.07065963745117,63.27383160546685,63.00099877892434,63.105487852306226,1541500
2011-03-14,63.14036178588867,63.33192596393286,63.09972736286292,63.239049180796854,1095700
2011-03-15,63.134517669677734,63.31446936107324,63.05324887815608,63.29124907366463,1659400
2011-03-16,63.51182556152344,63.84850858254131,63.30864919877873,63.424750610177995,2000100
2011-03-17,63.47116470336914,63.540825526016576,63.2563849172982,63.314433388430494,1117800
2011-03-18,63.51182556152344,63.55826169726715,63.233186602981206,63.23899278075517,693500
2011-03-21,63.30863952636719,63.48278940245114,63.23898311898586,63.3318598050994,870400
2011-03-22,63.42477035522461,63.442184465151755,63.17515777902819,63.17515777902819,463300
2011-03-23,63.384124755859375,63.552468503437936,63.27382950738665,63.50602793262662,537800
2011-03-24,63.17511749267578,63.35506908559227,63.146091042095584,63.32604263501207,516800
2011-03-25,63.08226013183594,63.320264715474366,63.01260371033491,63.19836154903135,420200
2011-03-28,63.10543441772461,63.19250930994822,62.902262621744825,62.983531340136736,573000
2011-03-29,62.79776382446289,63.12283864723643,62.76293564454067,62.925473055927434,625000
2011-03-30,63.01259994506836,63.01259994506836,62.80362183542015,62.809423584321074,754700
2011-03-31,62.80943298339844,63.047437588431144,62.75719066257659,63.047437588431144,832900
2011-04-01,63.10608673095703,63.1701955981122,62.663153952370386,62.803030269679816,2873600
2011-04-04,63.25175476074219,63.31586359431582,63.11771225159315,63.11771225159315,767300
2011-04-05,63.286746978759766,63.29840556032736,63.08859555657134,63.29840556032736,1901800
2011-04-06,63.08278274536133,63.2751093734549,63.04781588441604,63.26928008114828,1253300
2011-04-07,62.989540100097656,63.14106613763184,62.94291465172675,63.11775785989388,641400
2011-04-08,62.954551696777344,63.07694457712994,62.884617989657336,62.942897561072776,572200
2011-04-11,62.96037673950195,63.04779831394934,62.88461374641873,62.88461374641873,667500
2011-04-12,63.181854248046875,63.28092997141106,63.088603369741804,63.193508384611704,625100
2011-04-13,63.29254150390625,63.333337624092,63.08273161539564,63.08273161539564,673700
2011-04-14,63.135196685791016,63.38580273566963,63.094400558901214,63.38580273566963,1076400
2011-04-15,63.46738052368164,63.52566005646312,63.36830487330878,63.36830487330878,662600
2011-04-18,63.55482864379883,63.618937490621036,63.269251254701636,63.41495237085299,822800
2011-04-19,63.68885803222656,63.7821088616057,63.572298941946926,63.63640777553401,467300
2011-04-20,63.71805191040039,63.77633150299433,63.648113731418924,63.7646773630547,515400
2011-04-21,63.776268005371094,63.93362319335184,63.67719235195939,63.74712601486485,624800
2011-04-25,63.840415954589844,63.88121209843613,63.723852367567446,63.76465295785993,687000
2011-04-26,64.13768768310547,64.15517112048904,63.8812520776158,63.887081372226646,953600
2011-04-27,64.0560302734375,64.10848053230696,63.921983312252564,64.02105898774673,716100
2011-04-28,64.260009765625,64.27749318493595,64.02105784452365,64.07933739104162,508700
2011-04-29,64.38239288330078,64.38822217140928,64.20172496993331,64.2192083878148,756000
2011-05-02,64.53277587890625,64.60883284524884,64.33385113537332,64.38650939184046,1771000
2011-05-03,64.5035171508789,64.59127793089876,64.40990446187142,64.55032349538266,661300
2011-05-04,64.59713745117188,64.70244504316533,64.53862728179877,64.6263880721592,720600
2011-05-05,64.81945037841797,64.87210416585306,64.65563264368855,64.65563264368855,771600
2011-05-06,64.81945037841797,64.9598649419434,64.60297439255496,64.68488325991967,857100
2011-05-09,64.88382720947266,64.9423329229696,64.78436705015787,64.83116894273553,485200
2011-05-10,64.62052917480469,64.84285708150314,64.59127855698034,64.82530581806878,974700
2011-05-11,64.7258529663086,64.80776185300051,64.53863201619855,64.62054090289047,538900
2011-05-12,64.57369995117188,64.76676823089781,64.46253604489266,64.69071130032073,595000
2011-05-13,64.76679992675781,64.90136706146123,64.67904360379802,64.7316973975739,1062900
2011-05-16,64.95401763916016,64.98912463030484,64.70829101964136,64.73169419250489,614900
2011-05-17,65.04178619384766,65.14709825246871,64.9364741352266,64.97158113056652,1227800
2011-05-18,64.87798309326172,65.15296488980266,64.86628373463672,65.08275534695167,477800
2011-05-19,64.98914337158203,65.00084272953819,64.64980396275196,64.70245776910485,430800
2011-05-20,64.94231414794922,64.99496793576415,64.82530275478368,64.91891097657641,585600
2011-05-23,64.90135192871094,65.1470785031015,64.88380066821134,65.11197598210227,1200000
2011-05-24,64.98323822021484,65.05344770152975,64.83111990921411,64.8603749756861,590500
2011-05-25,64.85456085205078,65.07103686444543,64.81360641334899,65.07103686444543,675300
2011-05-26,65.13536834716797,65.14121579056598,64.93059623580648,65.00080126616056,1042600
2011-05-27,65.2055435180664,65.2055435180664,65.0066234048913,65.01247530930681,510300
2011-05-31,65.19974517822266,65.28165404694316,65.11783630950217,65.19389326940018,1022400
2011-06-01,65.52568817138672,65.71950010234328,65.372987454804,65.41409866917786,1467600
2011-06-02,64.93254089355469,65.33778341103502,64.92079674673563,65.33778341103502,1448900
2011-06-03,65.07345581054688,65.33186720195216,64.91488080505307,65.20853357589347,684700
2011-06-06,64.96187591552734,65.06171679696622,64.86790486420627,64.91489038986681,445500
2011-06-07,65.18502807617188,65.20852083094175,64.87963122573312,64.91486811749553,405200
2011-06-08,65.22618103027344,65.33189625401731,65.13808874447662,65.20856257311408,450600
2011-06-09,65.04999542236328,65.3377740263757,64.93253156710155,65.27904433913878,1355700
2011-06-10,64.97364807128906,65.18507854713778,64.91491837928405,65.08523762265041,1379300
2011-06-13,65.04412841796875,65.11460673904496,64.8855577965328,64.95015732320046,908900
2011-06-14,64.85030364990234,64.92665626959231,64.78569965514355,64.85030364990234,690200
2011-06-15,65.20857238769531,65.22032101476164,64.77984159632999,64.80920420241908,1024100
2011-06-16,65.08521270751953,65.24378326330987,65.03235734918495,65.19092790497528,1002000
2011-06-17,65.10871124267578,65.22030076121099,65.04998156794717,65.0617257105781,556100
2011-06-20,65.12043762207031,65.1909159009921,64.96774140558507,65.18504159088552,619400
2011-06-21,65.10282897949219,65.22616262559471,64.98536964438114,65.10282897949219,692800
2011-06-22,65.1909408569336,65.24967053812469,65.01474733257284,65.24379622576934,703200
2011-06-23,65.36122131347656,65.44344371454841,65.19090220246063,65.22613909412435,796100
2011-06-24,65.39646911621094,65.5198027383963,65.3025025625016,65.3729763575872,716900
2011-06-27,65.18502807617188,65.43756958896702,65.13804704741693,65.41995114308581,995100
2011-06-28,64.73286437988281,65.08524706381733,64.68000451285872,65.03826151108234,863400
2011-06-29,64.58598327636719,64.80328343264391,64.48614242181924,64.71519119673991,1041200
2011-06-30,64.6799545288086,64.72694004523362,64.35106487540435,64.7034472870211,1004100
2011-07-01,64.68355560302734,64.8309522763999,64.49488804103807,64.8309522763999,1495800
2011-07-05,64.91345977783203,65.0785432451311,64.68941857195288,64.68941857195288,1116100
2011-07-06,65.04906463623047,65.05495726117734,64.86039717962996,64.96062578197058,1343800
2011-07-07,65.06674194335938,65.10801280285604,64.85449052360902,64.89576138310568,1463800
2011-07-08,65.48539733886719,65.53256535641331,65.1552302124238,65.3262109023862,1044300
2011-07-11,65.70349884033203,65.73887257898177,65.44407942840337,65.65633085667473,1397100
2011-07-12,65.75655364990234,65.8862633444289,65.64453082314104,65.8862633444289,694400
2011-07-13,65.92163848876953,65.94522247902256,65.68580758261162,65.83320414805341,1014400
2011-07-14,65.51485443115234,65.8273345608866,65.48537330645783,65.79785343619209,761200
2011-07-15,65.6622543334961,65.66814696017845,65.42641881874071,65.48537657288249,531400
2011-07-18,65.40869140625,65.64452227666438,65.33793944621436,65.62683541120185,1163600
2011-07-19,65.72708892822266,65.78014954111852,65.402814633236,65.43229575030276,1230200
2011-07-20,65.57382202148438,65.79196618347846,65.51486426143703,65.69173754157909,1019800
2011-07-21,65.47352600097656,65.59733851911754,65.35560610404411,65.47352600097656,931400
2011-07-22,65.7388916015625,65.75657847600533,65.55022411052589,65.63866298092788,1121000
2011-07-25,65.4263916015625,65.70349787876057,65.33795275804599,65.45586821727704,1166900
2011-07-26,65.71526336669922,65.84497302288308,65.49711489964591,65.49711489964591,900200
2011-07-27,65.52071380615234,65.69759146817884,65.43817209672287,65.63273662531485,762400
2011-07-28,65.6622543334961,65.75658584048526,65.61508633090736,65.7153149627672,890200
2011-07-29,66.25183868408203,66.2931095604376,65.76248079430303,65.85681229817799,1680200
2011-08-01,66.44770050048828,66.77319425231309,66.35892906679946,66.42402781716441,2151200
2011-08-02,67.00396728515625,67.01580136397085,66.48909681225858,66.631128333537,1427300
2011-08-03,66.98033905029297,67.2939942706307,66.96258566274233,67.09278319158523,2093400
2011-08-04,67.46561431884766,67.56621985306673,67.0454342802532,67.11645234181553,2160900
2011-08-05,66.63118743896484,67.41828757380469,66.50690918321719,67.38278079076383,2470900
2011-08-08,65.99795532226562,66.56017162031206,65.9920405353621,66.56017162031206,2548400
2011-08-09,66.58967590332031,67.25249693185543,66.01563074867609,66.09256351824311,2109000
2011-08-10,67.18749237060547,67.31177064099697,66.74955877278228,66.98036191995295,1264900
2011-08-11,65.80852508544922,67.05131562623609,65.57772215989758,66.40032838483312,1858300
2011-08-12,66.56015014648438,66.6548363725425,65.99793402982172,66.14588492655878,1962400
2011-08-15,66.68445587158203,66.7613887441903,66.45957204119294,66.59568439389255,1884300
2011-08-16,66.92707061767578,67.05726813921412,66.52464848216222,66.589742727828,1692300
2011-08-17,67.11051940917969,67.3058156524783,66.86196301685555,67.09868081043902,1050200
2011-08-18,67.19928741455078,67.4655971763111,66.99807188213667,67.424171113035,1358100
2011-08-19,67.11642456054688,67.2347834323888,66.98030779433726,67.14009272283403,1749300
2011-08-22,66.86790466308594,67.25849730659078,66.82056379441312,67.19931783442152,1464200
2011-08-23,66.10447692871094,66.5779217337482,65.95652599152483,66.55424904198591,2340100
2011-08-24,65.32324981689453,66.05708919558477,65.21672503709118,65.97423709074894,1513600
2011-08-25,65.68425750732422,65.79670159713912,65.49488060164217,65.6369166672299,1480200
2011-08-26,65.71391296386719,66.05716034796804,65.62514146589545,65.77309245747969,1134400
2011-08-29,65.92691802978516,65.96834409872208,65.60142426306427,65.66060371653093,1186200
2011-08-30,66.27608489990234,66.37669494489899,66.08079314043371,66.14588738352111,1420000
2011-08-31,66.477294921875,66.71993203341512,66.40035756947464,66.54830845934877,1332700
2011-09-01,66.52660369873047,66.85923526705925,66.24742883312658,66.75231732984426,2821200
2011-09-02,66.93646240234375,67.1205971035247,66.6751064147845,67.00180139923357,1386300
2011-09-06,67.32848358154297,67.69081632641868,66.82953624669022,67.02554868151663,4665100
2011-09-07,67.45915222167969,67.60764907913092,67.27501756860477,67.45915222167969,826700
2011-09-08,67.39976501464844,67.56013965201205,67.20968918840462,67.56013965201205,1397100
2011-09-09,67.4710464477539,67.6551856775465,67.1681160474705,67.35819189014002,1029500
2011-09-12,67.06114959716797,67.42941872685168,67.01362953793063,67.15024857529741,1749500
2011-09-13,67.0492935180664,67.10869588120754,66.82357994612788,66.93643899797917,1536800
2011-09-14,67.01957702636719,67.18589271768903,66.93047803979829,66.93047803979829,954900
2011-09-15,66.7879638671875,66.90081842396505,66.67510477864442,66.77608157799058,1326900
2011-09-16,66.7879638671875,67.01367751250812,66.70480596987119,66.70480596987119,1528700
2011-09-19,67.15621185302734,67.2393697238353,67.07305398221939,67.12057406032795,903300
2011-09-20,67.1858901977539,67.3106269615668,67.12055124550488,67.17994905706875,889200
2011-09-21,67.34029388427734,67.44721170341944,66.97202038906345,67.18585602734763,1006500
2011-09-22,67.4710464477539,67.60172443929524,67.06119810273356,67.52450768600515,1304000
2011-09-23,67.05525970458984,67.42947026061358,67.05525970458984,67.38789130994428,686500
2011-09-26,66.9305419921875,67.1324956583993,66.79392281134001,66.94241975359,811500
2011-09-27,66.71668243408203,66.85330156660521,66.55036664267324,66.61570563669318,1298700
2011-09-28,66.44937133789062,66.63350597969892,66.32463452907557,66.63350597969892,1238500
2011-09-29,66.37806701660156,66.68693835460488,66.37806701660156,66.58596162215788,864500
2011-09-30,66.7107162475586,66.78199635930453,66.46718379634655,66.7225985320648,1483800
2011-10-03,66.8347396850586,66.88840062891235,66.59029741484099,66.7870420791206,3575400
2011-10-04,66.25040435791016,66.86449573596919,66.02980652701827,66.85853240305582,1753300
2011-10-05,66.5246810913086,66.53660321248675,65.99405799939049,66.33389531161548,4530500
2011-10-06,66.25640869140625,66.66779252012739,66.22660110372813,66.56047519736072,1410900
2011-10-07,66.19680786132812,66.47106230918912,66.14911024899716,66.26835427982455,2117800
2011-10-10,66.32197570800781,66.39352208877506,65.97021623712652,66.19677295318436,953700
2011-10-11,66.50086212158203,66.62606491921112,66.26237865284833,66.50086212158203,2097300
2011-10-12,66.60220336914062,66.70355734562679,66.30410022745687,66.50084939265446,1613100
2011-10-13,66.66178131103516,66.7810252221947,66.57235406352814,66.7631397726933,1494400
2011-10-14,66.6201171875,66.72743454613479,66.22662323830238,66.26239417494901,1051900
2011-10-17,66.5723876953125,66.74528349363158,66.55449768808312,66.74528349363158,979000
2011-10-18,66.8049545288086,66.94207950606513,66.65590287171504,66.6857104739164,835100
2011-10-19,66.97782897949219,67.0732241928285,66.77512097419371,66.94205804883813,1839700
2011-10-20,67.12684631347656,67.16262177455759,66.81682112582234,66.95395053780074,937600
2011-10-21,67.34749603271484,67.38326697262379,67.15671010537496,67.16267344492488,850600
2011-10-24,67.69327545166016,67.69327545166016,67.49056290959126,67.50248958490383,1341200
2011-10-25,68.02715301513672,68.08677274862741,67.62769579718557,67.65750793827796,1546300
2011-10-26,67.97946166992188,68.15236209705526,67.8304100481201,68.09870569657998,1035800
2011-10-27,67.96749877929688,68.34907033837302,67.90787907607094,67.94961332319828,2364200
2011-10-28,68.2298355102539,68.396772509965,67.99135213265575,68.11655488243906,2102500
2011-10-31,68.38490295410156,68.53395462100126,68.17623153018117,68.34913200962832,1548300
2011-11-01,68.72713470458984,68.79892821364923,68.4219985970051,68.62541962559885,1530900
2011-11-02,68.97840881347656,68.99635718754034,68.56557795123648,68.64934007332964,1871200
2011-11-03,69.01432037353516,69.12201520572471,68.72115288328915,68.9066255413456,1868200
2011-11-04,69.15190887451172,69.21173830227139,68.81685586261071,68.98438465090759,1489300
2011-11-07,68.87670135498047,69.21174985812972,68.8467843537592,69.04422560655509,757000
2011-11-08,68.45189666748047,68.94848503832294,68.42796398284942,68.87070723679169,4358700
2011-11-09,68.27241516113281,68.73310686393646,68.24249815919895,68.57755123502248,1252300
2011-11-10,67.93135833740234,68.12879952514774,67.64417074025522,68.0749498536299,1487800
2011-11-11,67.81169128417969,67.95528735736491,67.59630630378535,67.94930304647592,1114200
2011-11-14,67.80573272705078,67.97325696675922,67.72795035526244,67.85359809973696,821400
2011-11-15,67.7398910522461,67.93733220965352,67.61424792426627,67.76382372872196,1425200
2011-11-16,67.52452850341797,67.8296645445172,67.45871475799082,67.8296645445172,2641800
2011-11-17,66.99200439453125,67.5663748704141,66.95012335664471,67.44671606636422,4230700
2011-11-18,67.09971618652344,67.1296286127879,66.87834232164516,66.99202140964914,1280400
2011-11-21,66.82450866699219,67.08177931335199,66.75869492736344,67.08177931335199,1355300
2011-11-22,66.6510238647461,66.84248083965004,66.6510238647461,66.71683762780941,1391700
2011-11-23,66.30996704101562,66.53133637802456,66.20227224622737,66.53133637802456,1796600
2011-11-25,66.0467758178711,66.31003102909995,66.01087903986611,66.17840342348552,660100
2011-11-28,66.07662963867188,66.29799897755329,65.69969557137826,65.89115247876656,2416000
2011-11-29,65.92704010009766,66.07063160965484,65.77147996867382,66.04669893061335,1460500
2011-11-30,66.2261962890625,66.35183943913987,66.0766204583001,66.29201001977333,1759300
2011-12-01,66.3798828125,66.42791566604073,66.10970602749718,66.22378290949017,1661300
2011-12-02,66.94426727294922,66.97428895601055,66.38589786493476,66.5540082964805,1882200
2011-12-05,67.44261932373047,67.44261932373047,66.91426685024071,66.94428854284068,1826300
2011-12-06,67.08241271972656,67.46666674198428,67.04638575592979,67.28054040759716,1166900
2011-12-07,67.502685546875,67.52670199457668,67.23850920282553,67.34058025072493,1560000
2011-12-08,67.27449035644531,67.4486014675567,67.22045224074468,67.42458961687409,1110300
2011-12-09,67.01634216308594,67.50866772095866,66.94429284461647,67.4726407713902,1018000
2011-12-12,67.02237701416016,67.22050930548414,66.92631578788384,67.19049217631583,574500
2011-12-13,67.25050354003906,67.41861405284317,67.0343601433858,67.05237132966225,1206100
2011-12-14,67.36454772949219,67.4185858463811,67.1844313614165,67.33453062514592,1085400
2011-12-15,67.47264099121094,67.54469030991514,67.35856862909696,67.36456930348838,912600
2011-12-16,67.85090637207031,67.87492281595084,67.51468073841124,67.54470243842897,1464900
2011-12-19,68.09107208251953,68.13910039374024,67.76685693326912,67.92295696090663,1061800
2011-12-20,68.0429916381836,68.19309088493826,67.96493709824526,68.03698638572708,1127900
2011-12-21,67.75482177734375,68.1090585003553,67.75482177734375,68.073031554207,1159500
2011-12-22,68.10904693603516,68.14506929540015,67.91091479819524,67.95894766445939,1762800
2011-12-23,67.89891815185547,68.05502270874725,67.8148629090677,68.05502270874725,830600
2011-12-27,68.15673828125,68.16276420715705,67.73501539645099,67.96997594604397,872900
2011-12-28,68.28329467773438,68.3796911623148,68.10858409319776,68.2471482942354,501500
2011-12-29,68.24713897705078,68.37968182703527,68.09049700921123,68.37365589846232,971600
2011-12-30,68.53629302978516,68.59051257329301,68.27723337467779,68.34952609935495,807100
2012-01-03,68.48211669921875,68.68093102374839,68.37969887013544,68.56044000087836,2509400
2012-01-04,68.53629302978516,68.65075804266887,68.34350476992164,68.53026710391717,1641400
2012-01-05,68.24111938476562,68.53633015857336,68.19894707371269,68.50017918021572,1454800
2012-01-06,68.50618743896484,68.57245885301653,68.31339912438791,68.37364461086146,781000
2012-01-09,68.40377044677734,68.63873106425825,68.40377044677734,68.578485577085,1184400
2012-01-10,68.59661865234375,68.63276505691836,68.44600250469614,68.50022211155806,1946400
2012-01-11,68.58447265625,68.7109940914941,68.56639947876762,68.61459768300979,2382700
2012-01-12,68.74110412597656,68.9097932188792,68.68688460172916,68.78930232292961,1820800
2012-01-13,68.98815155029297,69.17491391299946,68.89175510732487,68.94597925560328,3220100
2012-01-17,69.19893646240234,69.21700962635397,69.04832063423177,69.15073829424449,1689000
2012-01-18,69.06049346923828,69.30750608293373,69.03639434133346,69.2834069550289,1643200
2012-01-19,69.0423583984375,69.24117257815115,68.93391471826955,69.14477615291985,1268300
2012-01-20,68.86767578125,69.04841686552176,68.80743028530499,69.00021863019106,1140300
2012-01-23,68.76526641845703,68.92190840428901,68.76526641845703,68.82551192179633,1129000
2012-01-24,69.01227569580078,69.02432295732434,68.77731502637634,68.82550866890764,1321300
2012-01-25,69.2472152709961,69.602666833126,68.91585822457361,69.0484010431426,1697600
2012-01-26,69.78942108154297,69.80749886087231,69.5906114732713,69.66290420484822,1342800
2012-01-27,69.89189147949219,70.01238251255292,69.7352494593626,69.83164596296182,1148400
2012-01-30,69.80152893066406,70.1328862043304,69.78947706810956,70.12686027305315,1325500
2012-01-31,70.00633239746094,70.11477612832776,69.85571635994796,69.97018601931757,1504000
2012-02-01,70.28499603271484,70.31522278420613,69.96461275950826,70.17014452334847,3195600
2012-02-02,70.43009185791016,70.46636027680579,70.24269426571962,70.29105523221754,2860600
2012-02-03,70.3272933959961,70.35752014004252,70.06131741859282,70.18221517087126,2148400
2012-02-06,70.50868225097656,70.62958006775094,70.26688200547171,70.26688200547171,1141700
2012-02-07,70.3757095336914,70.46033894904748,70.24271913471551,70.38780208557499,1061100
2012-02-08,70.44822692871094,70.51472210546969,70.31523657519342,70.40591223549679,1651200
2012-02-09,70.22455596923828,70.4300877589148,70.10970444543455,70.42404148546554,2439000
2012-02-10,70.15802001953125,70.27287608853307,70.01898809469475,70.23056142289335,1776500
2012-02-13,70.39983367919922,70.44214835300963,70.29707013022445,70.42401415165568,1061300
2012-02-14,70.45423889160156,70.56909036756159,70.36356327545693,70.4361000788099,1972900
2012-02-15,70.35748291015625,70.64159755081938,70.333302450105,70.51465359451373,1025100
2012-02-16,70.23662567138672,70.3817039032941,70.13385750399657,70.3817039032941,1821400
2012-02-17,70.12782287597656,70.2064059653153,70.01901303814753,70.09759612748627,1858600
2012-02-21,70.01301574707031,70.30317705492895,70.01301574707031,70.22458929865603,1887500
2012-02-22,70.44822692871094,70.47240741225554,70.08552889945314,70.22456091489005,2834500
2012-02-23,70.54500579833984,70.55709835664021,70.25484896656684,70.39388110330317,1590800
2012-02-24,70.59935760498047,70.7202554212162,70.44218675430919,70.62353809061884,2175100
2012-02-27,70.85928344726562,70.90764441266377,70.70815888936306,70.83510296456656,1160200
2012-02-28,71.0829086303711,71.20985725286013,70.9741034315859,71.0285060309785,2136700
2012-02-29,71.1494369506836,71.25220515071634,70.96809025618609,71.08898805251775,1769800
2012-03-01,70.98145294189453,71.08457427945119,70.8419431881817,70.93293042588316,2300600
2012-03-02,71.00568389892578,71.19372533788366,70.97535791882363,70.98748738530429,1880600
2012-03-05,70.8782730102539,71.15729689659945,70.78122343699411,71.07844382908843,1646400
2012-03-06,70.76909637451172,70.91467769055446,70.66597974649771,70.86008354008855,1682900
2012-03-07,70.73880004882812,70.878309750417,70.67813882782278,70.77519307919019,1410400
2012-03-08,70.75093841552734,70.86618919657224,70.68421476626997,70.79946554731488,1202400
2012-03-09,70.71453094482422,70.72666041139398,70.52648950448506,70.68420033669824,1659400
2012-03-12,70.57495880126953,70.83578608292234,70.5688917590551,70.81758958407636,2027900
2012-03-13,70.38091278076172,70.60534724865623,70.31418914511204,70.5264895186333,2230100
2012-03-14,69.54381561279297,70.20498005528776,69.51348501562558,70.20498005528776,3067800
2012-03-15,69.3921890258789,69.82892381730801,69.3254653978661,69.58629286342511,2035800
2012-03-16,69.49527740478516,69.50740686503448,69.14952994019612,69.27084305388402,3390500
2012-03-19,69.39824676513672,69.53168937546538,69.24660301777243,69.47709984775818,1961200
2012-03-20,69.35578918457031,69.45284341417884,69.1798864920555,69.25873958276216,1825900
2012-03-21,69.67122650146484,69.6954900643341,69.42859550057376,69.50138618918152,2112500
2012-03-22,69.55593872070312,69.65905533717303,69.51347866522734,69.64692587609379,3073000
2012-03-23,69.61055755615234,69.81679086224379,69.61055755615234,69.70760716260698,2235200
2012-03-26,69.76221466064453,69.92598792750302,69.64696389238763,69.7682770805938,1600200
2012-03-27,70.30198669433594,70.33231264318397,69.76819816329245,69.76819816329245,2904800
2012-03-28,70.1686019897461,70.36270582069116,70.07154776037338,70.19893259337516,1666400
2012-03-29,70.30810546875,70.38695854713141,70.13219817593023,70.28384191514041,1632100
2012-03-30,70.13829803466797,70.47191629014213,70.04731544481332,70.42338915701822,4285000
2012-04-02,70.31906127929688,70.36166764025842,70.09385821867666,70.25819571274398,6107600
2012-04-03,69.64949798583984,70.48337025084187,69.62515084192633,70.30076899336197,2724100
2012-04-04,69.78341674804688,69.99036054066842,69.77732880010399,69.88080069641477,1620100
2012-04-05,69.89909362792969,70.07560705350477,69.75301531301255,69.92344078770687,1646300
2012-04-09,70.35556030273438,70.44686094927671,70.23382920317378,70.39208334759758,1026600
2012-04-10,70.31295776367188,70.48947111822038,70.28252730900464,70.48947111822038,2263600
2012-04-11,70.23992919921875,70.34948906511312,69.9903743654476,70.31296601398527,1311400
2012-04-12,70.27033233642578,70.42249849968677,70.23381394324083,70.36163296313093,1400700
2012-04-13,70.6051025390625,70.6294496833941,70.42250127844706,70.42250127844706,1012800
2012-04-16,70.6051025390625,70.78161585265931,70.54423700010501,70.58684334174956,2396800
2012-04-17,70.69640350341797,70.7085747537698,70.48945509749308,70.58684367527961,2229300
2012-04-18,70.68421936035156,70.77551998043575,70.63552972088344,70.74508953623598,2663500
2012-04-19,70.73294830322266,70.8485961215804,70.68425399615153,70.84250817226032,1141800
2012-04-20,70.71466064453125,70.76943823513608,70.56249447897181,70.65379510705604,663400
2012-04-23,70.72687530517578,70.8546990491949,70.69644483963204,70.84861109858788,976400
2012-04-24,70.59903717041016,70.73294418518739,70.56860671307089,70.70251372784813,1988800
2012-04-25,70.72076416015625,70.74511130925478,70.45295016381628,70.51381571469068,1709800
2012-04-26,70.83641815185547,70.93380676315032,70.75120543884478,70.75729338798685,1116300
2012-04-27,70.93985748291016,70.9702879251614,70.76942750258618,70.8911632028176,1601000
2012-04-30,70.89725494384766,71.06768028955224,70.86073190995211,71.0189860068531,1733000
2012-05-01,70.76228332519531,71.1531335630891,70.73785460291415,71.07984739624563,2430700
2012-05-02,70.99433135986328,71.01876007600647,70.87829612300843,70.92104521143371,2046500
2012-05-03,71.03711700439453,71.1165068782385,70.90886967312184,70.9943678939703,1356300
2012-05-04,71.11656951904297,71.19596412212277,71.11046582596582,71.13489457619748,686400
2012-05-07,71.23863983154297,71.26917224337645,71.08596379446692,71.14703327743676,787200
2012-05-08,71.41574096679688,71.45238172285738,71.22031583563637,71.29970569353503,1570700
2012-05-09,71.29360961914062,71.44628567474227,71.18979101956434,71.2386484755897,2175700
2012-05-10,71.14705657958984,71.2569835486601,71.02491757364709,71.22034277873816,1600000
2012-05-11,71.36076354980469,71.45237008433729,71.29969407988358,71.31801445492972,2977200
2012-05-14,71.37911224365234,71.56232538540516,71.30583071439422,71.4890391968433,1925800
2012-05-15,71.28752899169922,71.48905790921333,71.22035113275953,71.48905790921333,2455300
2012-05-16,71.3241195678711,71.39740572403682,70.97601847986188,71.0309796025099,2700500
2012-05-17,70.7928695678711,71.11654223045353,70.78065752709507,71.07990144881957,2367900
2012-05-18,70.51805877685547,70.7012673557362,70.46920129209813,70.68905531419996,1969000
2012-05-21,70.59742736816406,70.63407280031487,70.38368176105436,70.51803747389611,1387000
2012-05-22,70.40813446044922,70.59745139699666,70.365385324477,70.46309563842503,1728300
2012-05-23,70.57909393310547,70.71955796855421,70.45695493999658,70.46916697558589,1870700
2012-05-24,70.59127807617188,70.62181514203503,70.4935678521535,70.59127807617188,1212900
2012-05-25,70.7684326171875,70.78675766518451,70.59743611032503,70.64629358637299,594000
2012-05-29,70.87224578857422,71.01881353646321,70.81117162259116,70.8294966679689,2514200
2012-05-30,70.93328857421875,71.18978320122747,70.92107188190238,71.13482206371258,1919500
2012-05-31,71.43407440185547,71.45239478323441,70.99436661154701,71.140934321882,4629800
2012-06-01,71.87284851074219,71.87897760969746,71.2845812396178,71.44390041139359,3800200
2012-06-04,71.32745361328125,71.63997211188767,71.30294190014239,71.54192525933223,2643900
2012-06-05,71.17425537109375,71.3825979097107,71.12523194725529,71.24778583172042,2430900
2012-06-06,70.96592712402344,71.24780487373401,70.81886148833362,71.24780487373401,2499400
2012-06-07,71.11299896240234,71.14363510479916,70.91690988555972,71.01495208641485,2929700
2012-06-08,71.37647247314453,71.49289725919162,71.20489049214972,71.42549122115497,1713000
2012-06-11,71.3642349243164,71.5296878564987,71.25393452790566,71.3642349243164,1354200
2012-06-12,71.1559066772461,71.34586669126375,71.03947715890844,71.29684324405493,926300
2012-06-13,71.41325378417969,71.41938288223528,71.10686433324797,71.19878210355388,1333000
2012-06-14,71.32745361328125,71.42549579070544,71.18651243151561,71.37647703955898,1574900
2012-06-15,71.62158203125,71.67060545561841,71.46226291474925,71.54192247299962,1347100
2012-06-18,71.59099578857422,71.695167131605,71.51133149967536,71.67065540233875,996800
2012-06-19,71.52356719970703,71.88510457358787,71.49292637898061,71.6767619530734,2159200
2012-06-20,71.55416870117188,71.6828563458103,71.37646698742103,71.48676734344639,2579000
2012-06-21,71.66449737548828,71.86058645533697,71.64611475474192,71.68288467136709,2229400
2012-06-22,71.60936737060547,71.76869124869229,71.5726021199445,71.65839082157581,1245600
2012-06-25,71.79319763183594,71.90349337561139,71.67063901353002,71.76868590817476,1702300
2012-06-26,71.86666870117188,71.95245732548082,71.70734496668553,71.75023927884,1642300
2012-06-27,71.96473693847656,72.06890820255906,71.89120180640792,71.99537307049042,2352100
2012-06-28,72.0750961303711,72.22216183942011,72.06896702891314,72.1118613888497,2286500
2012-06-29,72.05670928955078,72.19152147168573,71.94028441190802,72.0015614014781,2348600
2012-07-02,72.43907165527344,72.54974093925216,72.21158349077056,72.29151417355773,2310500
2012-07-03,72.50054168701172,72.54357947425295,72.38987242113899,72.46365349530981,808800
2012-07-05,72.68505096435547,72.75882740758156,72.50675007527443,72.5374933871325,1982300
2012-07-06,72.86949157714844,72.90023488681854,72.56207724352927,72.78956553908482,1533100
2012-07-09,72.91864013671875,73.0170149226211,72.783377151487,72.80182594191967,1119500
2012-07-10,72.90023040771484,73.07853127315133,72.90023040771484,73.02319425729922,1385600
2012-07-11,73.0231704711914,73.23221457631638,73.01087596654578,73.04161926431284,1210000
2012-07-12,73.39210510253906,73.41669881393248,73.05394743434313,73.13387347829362,1716700
2012-07-13,73.41668701171875,73.48431384371567,73.19534833553048,73.36134999728665,1634700
2012-07-16,73.61957550048828,73.69335662141592,73.52735027202122,73.6749125138765,750100
2012-07-17,73.61957550048828,73.7179503283918,73.4904620569424,73.6380196080277,2479000
2012-07-18,74.02530670166016,74.08063898097868,73.82241229595965,73.85315557831414,2351900
2012-07-19,74.15447235107422,74.31432908869758,74.03150851645293,74.03150851645293,3499900
2012-07-20,74.20979309082031,74.34505610226105,74.18520408034826,74.27127968930711,1144600
2012-07-23,73.97000122070312,74.27127050557567,73.93311301878742,74.22208310917587,1328000
2012-07-24,74.08685302734375,74.16677906392412,73.88395844513542,73.91470175423501,1333100
2012-07-25,74.22826385498047,74.30818988959345,74.11144491220203,74.20367014646025,2551400
2012-07-26,74.34506225585938,74.37580555764742,74.2282480287572,74.2282480287572,1094600
2012-07-27,73.99459075927734,74.17904114002351,73.61954509165668,74.12370414949245,2952200
2012-07-30,74.18525695800781,74.25903342354803,73.91473074230106,73.91473074230106,2581500
2012-07-31,74.56639099121094,74.57254058890567,74.29586498186713,74.42498307961297,1563500
2012-08-01,74.48310852050781,74.61263306771956,74.26106509508608,74.42143083693635,2583100
2012-08-02,74.532470703125,74.66816447202298,74.13772776035289,74.63115879167155,1500000
2012-08-03,74.35359954833984,74.43378008320781,74.13155607640608,74.34743036697874,2259800
2012-08-06,74.45223236083984,74.5015763668058,74.3843855290625,74.45840153801144,1596300
2012-08-07,74.06373596191406,74.2240970895974,74.01439190460766,74.15625489293649,4136600
2012-08-08,73.85403442382812,74.18093060546421,73.82936239238461,74.15626327972953,2310300
2012-08-09,73.80467987060547,73.87252206097068,73.58263633904043,73.75533581787815,2496100
2012-08-10,74.01438903808594,74.07606675447605,73.88486442195426,74.0698975711246,1482700
2012-08-13,73.86018371582031,74.05755520850276,73.84785005627472,73.98970831673307,1127000
2012-08-14,73.52713775634766,73.68750360681642,73.5086349093145,73.68750360681642,1593600
2012-08-15,73.18172454833984,73.44077376802198,73.18172454833984,73.41610174152255,3995300
2012-08-16,72.9658432006836,73.33591415126688,72.86098592169058,73.24339523719419,1895700
2012-08-17,73.06455993652344,73.26810069923326,73.02755423628878,73.03372342156442,1734500
2012-08-20,73.26806640625,73.2865692477071,72.94117032528803,72.9473348019688,1813900
2012-08-21,73.39141845703125,73.39141845703125,73.07686075525841,73.249560208555,2010000
2012-08-22,73.81085205078125,73.82935489605796,73.51479711493695,73.67515824447413,2281400
2012-08-23,73.8663330078125,73.95885189946755,73.8416609896574,73.9156723384164,883300
2012-08-24,73.94649505615234,73.98350072128305,73.84781171390208,73.98350072128305,1335300
2012-08-27,74.03901672363281,74.17471044184863,74.01434471071127,74.10686358274071,1879300
2012-08-28,74.1438980102539,74.18707287318813,74.05137910233566,74.13156435186146,908300
2012-08-29,73.98970794677734,74.13157091223394,73.94036389742656,74.13157091223394,1777000
2012-08-30,74.01438903808594,74.09456959882228,73.98354782703682,74.05139472677838,1888000
2012-08-31,74.52630615234375,74.52630615234375,74.03904430347326,74.03904430347326,1766500
2012-09-04,74.3499755859375,74.6036639522295,74.28191181725558,74.5974750494176,3788800
2012-09-05,74.38091278076172,74.7459825250856,74.28809811893363,74.3437888043304,817600
2012-09-06,74.0529556274414,74.20145622161827,74.00964275744195,74.15814335161882,2078500
2012-09-07,74.20765686035156,74.63460144698033,74.1890948732372,74.62222364173772,2192700
2012-09-10,74.20144653320312,74.25713719921596,74.07769684100509,74.20763543403748,1075900
2012-09-11,74.26332092285156,74.3252004893184,74.12719815056964,74.25094784200706,2641500
2012-09-12,74.11483001708984,74.14576980435929,73.9848914079059,74.11483001708984,1334800
2012-09-13,74.51083374023438,74.6160214623323,74.0343921796593,74.26332960766672,3618500
2012-09-14,74.0653305053711,74.31283464883138,73.85495505191662,74.31283464883138,3164800
2012-09-17,74.31900787353516,74.46131953949964,74.20144236802265,74.26950611113537,898100
2012-09-18,74.54801940917969,74.65320721167762,74.44901579218,74.55420359467796,1563000
2012-09-19,74.67167663574219,74.83255495354221,74.65311466075497,74.76449123142476,1237400
2012-09-20,74.6098403930664,74.9068415879347,74.59127840848075,74.8573445359559,1165200
2012-09-21,74.7459716796875,74.78309565073224,74.52940259326216,74.5789043684879,1305900
2012-09-24,74.85728454589844,74.88821958850046,74.7706541526755,74.85109564908,1191700
2012-09-25,75.00585174560547,75.00585174560547,74.76453648322078,74.87591312130212,3287800
2012-09-26,75.21622467041016,75.22241357252437,74.99347140178956,75.03060009372575,1162900
2012-09-27,75.17910766601562,75.32760828527442,75.13579478870058,75.19148075064153,1720200
2012-09-28,75.34616088867188,75.43279135326223,75.21622227290982,75.33378780558697,2519100
2012-10-01,75.5472640991211,75.57830176065528,75.3548438575195,75.5224349170302,3318000
2012-10-02,75.57208251953125,75.5969116980864,75.4541451053147,75.47276580531066,2188900
2012-10-03,75.62181854248047,75.62181854248047,75.43560187990765,75.51008949207407,6193600
2012-10-04,75.55970001220703,75.67763273711945,75.52245386188633,75.55970001220703,1710500
2012-10-05,75.44173431396484,75.53484255139122,75.41690513493903,75.46035501431379,1711500
2012-10-08,75.64041137695312,75.69627351371967,75.55972004528434,75.64041137695312,715300
2012-10-09,75.72105407714844,75.86382067222408,75.51001315954633,75.51001315954633,3132200
2012-10-10,75.85765075683594,75.95075904133277,75.57833063902952,75.65902195989527,2418400
2012-10-11,76.10590362548828,76.15556198625659,75.74588761344098,75.76450831480862,2165200
2012-10-12,76.19277954101562,76.32312914547217,76.1369174543973,76.19898801808893,1712000
2012-10-15,76.42864990234375,76.44106685654316,76.1803676465214,76.21760903775866,2144800
2012-10-16,76.37903594970703,76.4721394761409,76.304548392877,76.38523969434733,2177900
2012-10-17,76.23007202148438,76.44111776229528,76.19903908668053,76.36042171330128,6454900
2012-10-18,76.08729553222656,76.34799486593664,76.03763716322959,76.32316568143816,1541400
2012-10-19,76.22386169433594,76.3542113748977,76.09971575878909,76.1617863587209,1716000
2012-10-22,76.0438461303711,76.16798731797601,76.01280846562848,76.06246683494355,2030300
2012-10-23,76.1741943359375,76.19281504015255,75.95694489395751,75.97556559817255,1188600
2012-10-24,75.96935272216797,76.1990191107899,75.95694049863707,76.1059108594198,2842400
2012-10-25,75.75214385986328,75.99422260165514,75.72731466382245,75.87628510438246,1511200
2012-10-26,76.12451171875,76.13692867472648,75.86381247141756,75.95692069851661,1206500
2012-10-31,76.36043548583984,76.45975226076587,76.15560292500273,76.3107818340613,1286500
2012-11-01,76.0252456665039,76.2052490157497,75.96937880222997,76.09352002288583,1953700
2012-11-02,75.87626647949219,76.0314453648928,75.74591678403772,75.9693747578693,1940300
2012-11-05,75.91349792480469,76.04384759500526,75.88866873966893,75.88866873966893,2073200
2012-11-06,75.5472640991211,75.87003873062045,75.51002269382589,75.79555118434777,1459400
2012-11-07,75.70243835449219,76.00658752925689,75.70243835449219,75.98176308435043,1585400
2012-11-08,75.6279525756836,75.72726930035243,75.4789822243624,75.66519871527545,3176500
2012-11-09,75.44173431396484,75.62174231014073,75.34241759786158,75.53484255139122,2850300
2012-11-12,75.45416259765625,75.59072074352669,75.41692118903075,75.44175037334197,991500
2012-11-13,75.48518371582031,75.71485006859496,75.44794231535802,75.63415405335112,1849500
2012-11-14,75.64041137695312,75.68386128411089,75.3424657738108,75.3424657738108,2445600
2012-11-15,75.49142456054688,75.54728668519057,75.4293492189201,75.4355577002195,2218400
2012-11-16,75.51624298095703,75.63417569472587,75.47899683415577,75.49761753971491,2181100
2012-11-19,75.75214385986328,75.77076457297267,75.44799449581184,75.46040672598978,2385000
2012-11-20,75.51624298095703,75.7521131441777,75.49761753971491,75.71487173305943,3229500
2012-11-21,75.57208251953125,75.60312017664559,75.4479413624371,75.503803462425,2263700
2012-11-23,75.60318756103516,75.69008739559035,75.57214987625723,75.60318756103516,929000
2012-11-26,75.72734069824219,75.83906975099494,75.6714785397091,75.72734069824219,2412300
2012-11-27,75.770751953125,75.82041033693588,75.70868134120346,75.70868134120346,2243300
2012-11-28,75.75833892822266,75.9135178242365,75.73971348272637,75.82661802132347,1479700
2012-11-29,75.81415557861328,75.85760545400528,75.75829348268695,75.81415557861328,1052700
2012-11-30,75.80797576904297,75.95695088588069,75.78935506335901,75.90108403314578,2129200
2012-12-03,75.89207458496094,75.95433639228214,75.66792827838746,75.79245664330128,3859100
2012-12-04,75.96051788330078,76.02277965282356,75.89202851174518,75.9854235411636,2387600
2012-12-05,76.1161880493164,76.15354416753662,75.9729816790233,76.02902060662299,1943900
2012-12-06,76.10370635986328,76.25936312225743,76.08502355815136,76.16596811476745,2737400
2012-12-07,75.92317962646484,76.01656992757731,75.91695202296746,75.99166901412707,1947300
2012-12-10,75.9916763305664,76.05393812072579,75.94186499833086,76.02280485051105,2290200
2012-12-11,75.7114486694336,75.97295089154197,75.68654301728982,75.96050044060381,2365400
2012-12-12,75.48108673095703,75.83598399409551,75.43127542202969,75.7052281205943,2390900
2012-12-13,75.36280059814453,75.47487368971724,75.25695510895608,75.35657299576027,3635100
2012-12-14,75.41880798339844,75.51843058508993,75.40012993314807,75.43749078391592,2844200
2012-12-17,75.17601776123047,75.4624257449666,75.17601776123047,75.4250696276047,1983300
2012-12-18,74.98917388916016,75.26935405121007,74.90200651651061,75.25690360523107,2278500
2012-12-19,75.2818832397461,75.30678415617842,75.11999878131462,75.11999878131462,3112200
2012-12-20,75.35657501220703,75.49355376671338,75.30054084005566,75.41261393462732,2545200
2012-12-21,75.4873046875,75.54334359397683,75.39390967688367,75.4561761841396,2649700
2012-12-24,75.43746948242188,75.5121816623267,75.37520299881352,75.38765819564149,1902500
2012-12-26,75.54489135742188,75.65105398513404,75.53239883386648,75.63856622608039,1642000
2012-12-27,75.78849792480469,75.8259659935432,75.54494594899393,75.56367998336319,1556900
2012-12-28,75.95714569091797,75.95714569091797,75.8197611176759,75.87596324793299,1894500
2012-12-31,75.55741119384766,75.87590397669979,75.50120910749338,75.81970189034553,1867700
2013-01-02,75.7322998046875,75.7572801082336,75.4450334606659,75.53870840783736,4058400
2013-01-03,75.32013702392578,75.67609801306843,75.2889104532355,75.65111770941736,3207900
2013-01-04,75.28262329101562,75.34507163001486,75.10151977276584,75.29511105301432,4663300
2013-01-07,75.40756225585938,75.43878882512156,75.257685205313,75.37009418434916,3832600
2013-01-08,75.47627258300781,75.52623319840853,75.4138241960102,75.43880450371054,2534900
2013-01-09,75.45120239257812,75.5636112610672,75.43246837524676,75.55112350434656,1867600
2013-01-10,75.48873901367188,75.54494588123443,75.33261570806116,75.33886197434703,1439900
2013-01-11,75.62609100341797,75.63233726662462,75.35131736086223,75.40751943621356,758200
2013-01-14,75.47627258300781,75.68235654815585,75.45753854335918,75.68235654815585,1569400
2013-01-15,75.41374206542969,75.65104758338178,75.35753524319023,75.55737272265023,3042900
2013-01-16,75.41374206542969,75.52615094540727,75.38251552368538,75.46369786191869,4199900
2013-01-17,75.28262329101562,75.32009134151458,75.12650006126611,75.29511105301432,2225700
2013-01-18,75.3575668334961,75.43250770639723,75.23891640703181,75.28887222446257,2704400
2013-01-22,75.3575668334961,75.42626144252964,75.17646329736253,75.26389193349551,1730300
2013-01-23,75.45120239257812,75.52614322640446,75.41373435791539,75.4699364099095,2446600
2013-01-24,75.34504699707031,75.43872185719499,75.30133269761231,75.41374157686165,1873600
2013-01-25,75.00161743164062,75.21394755490083,74.95790310692588,75.21394755490083,2434600
2013-01-28,74.93917846679688,74.95791249909283,74.3146853129069,74.75182861482801,2434200
2013-01-29,74.77056121826172,74.97039882037345,74.70186659586354,74.79553674958446,1424100
2013-01-30,74.52078247070312,74.68939355590413,74.45208783037907,74.55825054196879,3009300
2013-01-31,74.57698059082031,74.61445342458823,74.46457161852705,74.58322685719918,2804100
2013-02-01,74.38339233398438,74.95345432355678,74.37713138285976,74.82190265965977,4589000
2013-02-04,74.63400268554688,74.73423530103072,74.52750911611092,74.5337748494172,2581400
2013-02-05,74.4836196899414,74.5963789338668,74.46482727917912,74.49614637066571,2814700
2013-02-06,74.6778564453125,74.72170702161856,74.52124656145453,74.59642102627393,1970200
2013-02-07,74.7029037475586,74.85951360866459,74.61520260768754,74.6214683403508,1680000
2013-02-08,74.86576080322266,74.86576080322266,74.65276895959519,74.79685209905075,1496700
2013-02-11,74.82821655273438,74.87206713839159,74.8031631718063,74.84701375746351,749100
2013-02-12,74.75299072265625,74.82816036770981,74.64649720592918,74.65275815678244,1520200
2013-02-13,74.5776138305664,74.65278350113981,74.50243938063959,74.50243938063959,2317800
2013-02-14,74.78433227539062,74.83444857337925,74.59013759487624,74.59640332696313,3180500
2013-02-15,74.75299072265625,74.80936795644642,74.67155056804583,74.78430981497797,1363600
2013-02-19,74.73421478271484,74.92214371611983,74.67783275714635,74.77806534511129,1842300
2013-02-20,74.85951232910156,74.8720390148603,74.64652521572773,74.64652521572773,1369800
2013-02-21,74.97850799560547,75.05994336953803,74.92839171348463,74.97224226550243,3578100
2013-02-22,75.02861785888672,75.07873413991244,74.96597489728038,75.02235690827222,1914300
2013-02-25,75.47341918945312,75.50473829108361,74.80312923883945,74.8093901915536,2643500
2013-02-26,75.37947845458984,75.54234930997193,75.33562787362469,75.37321272035058,1574100
2013-02-27,75.35438537597656,75.53605334988721,75.27921093800754,75.49846374122637,941400
2013-02-28,75.37947845458984,75.41706330131574,75.2416609774551,75.41706330131574,2231100
2013-03-01,75.5516357421875,75.5893377597017,75.40081808362167,75.48251218057513,1363700
2013-03-04,75.49507141113281,75.5516292267812,75.43223312261,75.52649295252127,1733400
2013-03-05,75.369384765625,75.50134659217058,75.31282695753207,75.49506132588171,1395400
2013-03-06,75.1494140625,75.28766110100781,75.11799733190831,75.18083558734325,1014700
2013-03-07,74.90430450439453,75.02998574742408,74.90430450439453,74.96086226232012,1964000
2013-03-08,74.64043426513672,74.7975323351658,74.55874499465254,74.69699206335855,2526900
2013-03-11,74.69068908691406,74.75352734117446,74.64041656580514,74.64041656580514,2632500
2013-03-12,74.84151458740234,74.8855018522925,74.74725479285131,74.77239105768173,3172900
2013-03-13,74.77241516113281,74.8478239799327,74.7095768759265,74.7095768759265,1958600
2013-03-14,74.80382537841797,74.86037838826753,74.66557829533711,74.67186356118255,1669600
2013-03-15,74.90430450439453,74.96086226232012,74.76606232843584,74.76606232843584,1188500
2013-03-18,75.08658599853516,75.10543699829911,74.98604573504328,75.03631826391532,1665700
2013-03-19,75.2122802734375,75.29396955123359,75.13687146714285,75.14943720439877,1354600
2013-03-20,74.9923095703125,75.1431271234736,74.98602910128584,75.0488673513107,1905100
2013-03-21,75.06775665283203,75.15573120660918,74.9797820990549,75.14316546789256,1854000
2013-03-22,75.07404327392578,75.16830309588883,74.99234919090608,75.03005599624352,997900
2013-03-25,75.07404327392578,75.14316682374843,74.93579617428048,75.01120499070166,1089700
2013-03-26,75.1242904663086,75.13685620101143,74.94205615047893,74.95462188518177,918000
2013-03-27,75.3882064819336,75.4384790042068,75.1871211870924,75.1871211870924,1847200
2013-03-28,75.34426879882812,75.36940507650398,75.23744321439675,75.24372368812465,1874300
2013-04-01,75.23584747314453,75.49427909868236,75.19172476590566,75.27366556248802,5877400
2013-04-02,75.22952270507812,75.30516367251913,75.18540000965749,75.27995001670546,1319200
2013-04-03,75.53207397460938,75.53207397460938,75.31776032680645,75.33666936446294,1421000
2013-04-04,75.93548583984375,75.94809026244711,75.61401775981052,75.61401775981052,2660900
2013-04-05,76.16873168945312,76.30110462495708,76.1056999352698,76.16873168945312,3268500
2013-04-08,76.23802947998047,76.29476139634535,76.20021140841197,76.26954774562898,2276800
2013-04-09,76.313720703125,76.38305708601673,76.25699355840375,76.2822024167141,3157000
2013-04-10,76.1119613647461,76.23802480157985,76.05523426087446,76.14347962846047,2181600
2013-04-11,76.16236877441406,76.256918731855,76.11824610214305,76.1938822208873,1496900
2013-04-12,76.54058837890625,76.58471106534884,76.30106591093389,76.39561108973078,1358900
2013-04-15,76.56581115722656,76.60362923325373,76.47126115814595,76.52168846552397,1024800
2013-04-16,76.42713928222656,76.50278024410099,76.41453485975387,76.42713928222656,1629800
2013-04-17,76.53429412841797,76.66666220567132,76.4712623976801,76.4712623976801,1373200
2013-04-18,76.60364532470703,76.6855909186631,76.55321800673619,76.55321800673619,1656700
2013-04-19,76.71710205078125,76.75492013360154,76.56582491048648,76.6603749265508,877900
2013-04-22,76.74225616455078,76.78007421802798,76.69182888724127,76.74225616455078,1271500
2013-04-23,76.84315490722656,76.95660913289913,76.78011836983609,76.84315490722656,1659700
2013-04-24,76.87466430664062,76.92509161028454,76.78011431456135,76.8116325815919,1366900
2013-04-25,76.83055114746094,76.91249191928611,76.79273306954362,76.84316037944201,1067100
2013-04-26,77.10794067382812,77.1205451040101,76.99448156612752,76.99448156612752,1294500
2013-04-29,77.1141586303711,77.24653145635901,77.08894979676546,77.2402268434523,875700
2013-04-30,76.98182678222656,77.25917217230145,76.96291774363289,77.10159043867033,2347500
2013-05-01,77.32447052001953,77.37504773652199,77.09687786906733,77.09687786906733,4063500
2013-05-02,77.32447052001953,77.381371094412,77.1853855862922,77.1853855862922,1799000
2013-05-03,76.59744262695312,77.05894645798661,76.59111926913782,77.05894645798661,2882200
2013-05-06,76.58480834960938,76.7491819163423,76.5468778431747,76.68596279784796,1839300
2013-05-07,76.5279312133789,76.66069284151801,76.48999587440292,76.5279312133789,3886100
2013-05-08,76.59744262695312,76.66698026968645,76.47099958719076,76.50893008746507,2379000
2013-05-09,76.43310546875,76.75552934448045,76.43310546875,76.59115572620262,825800
2013-05-10,76.03482055664062,76.40782169601349,75.89574037284049,76.40782169601349,2808200
2013-05-13,75.83880615234375,75.96524920426718,75.80087564842134,75.88306001468963,2498400
2013-05-14,75.63646697998047,76.06004015484346,75.61750173682347,76.00946778086046,2325000
2013-05-15,75.90202331542969,75.95892389315979,75.65546539965385,75.94627717663793,2081600
2013-05-16,76.2497787475586,76.33828651997767,76.04115121686567,76.04115121686567,2916500
2013-05-17,75.9210205078125,76.21183723045588,75.88941334982859,76.18022524916083,909500
2013-05-20,75.83248901367188,76.06008170249187,75.78191661206382,76.00950930088382,2097100
2013-05-21,76.1169662475586,76.12328960516831,75.69339293057176,75.80718925100345,2007700
2013-05-22,75.51639556884766,76.24342756844393,75.5100770326315,76.12963121352182,2886300
2013-05-23,75.59224700927734,75.74397384582555,75.37730105944316,75.69340144918226,2568500
2013-05-24,75.54167938232422,75.74398346451537,75.52271412826094,75.63651047595033,1090900
2013-05-28,74.81466674804688,75.54169888917284,74.80834821060068,75.44054923361266,1683700
2013-05-29,74.78305053710938,74.96638939038385,74.69454279046796,74.85891638707793,3574100
2013-05-30,74.87786865234375,74.97901827810846,74.75774894989542,74.80200281553802,1759000
2013-05-31,74.50489044189453,74.88421009533951,74.27097914764751,74.80202569780828,4297500
2013-06-03,74.30892181396484,74.67038334875207,74.15038596821378,74.35331165724993,10863900
2013-06-04,74.01720428466797,74.3532994483723,74.010861497203,74.16305452945738,3726500
2013-06-05,73.9094009399414,74.1947634796113,73.86501110403434,74.07427470866526,4575200
2013-06-06,74.22643280029297,74.48642888894952,73.82691965310184,73.92204206139147,2500000
2013-06-07,73.93473815917969,74.32156581866926,73.80791148051621,74.12498301530256,3159800
2013-06-10,73.70648193359375,73.86501776729592,73.6050166777221,73.70013914556935,2911100
2013-06-11,73.56694030761719,73.592306611476,73.07230947768957,73.24352598107691,3983700
2013-06-12,73.31329345703125,73.62402226068318,73.24353732015224,73.43378220948198,3469000
2013-06-13,74.09966278076172,74.1377146785203,73.42747225730507,73.4591765276181,2474400
2013-06-14,74.04884338378906,74.28982071410852,74.02981987626384,74.15030854142357,1283900
2013-06-17,73.94109344482422,74.26450781965757,73.90938918886235,74.13768111955312,1868600
2013-06-18,73.7952880859375,73.91577207284408,73.66211851843143,73.73821264950266,1748400
2013-06-19,72.74893188476562,73.91575342267602,72.71722277939907,73.87770636674031,2823000
2013-06-20,71.74696350097656,72.2225709158256,71.52501434167277,72.2098901802063,6649600
2013-06-21,71.15719604492188,71.96256048419399,71.15085325930181,71.8230482293199,4107600
2013-06-24,70.69429779052734,71.08746354333766,70.33283630009846,70.66258869001643,6063600
2013-06-25,70.928955078125,71.32212582073171,70.80847109359125,71.14456640088717,3653200
2013-06-26,71.46795654296875,71.65820149102879,71.34747259145206,71.4996656470221,2010000
2013-06-27,72.1147689819336,72.1591588145652,71.81037810236757,71.81037810236757,1544800
2013-06-28,72.07040405273438,72.10210832235279,71.58211088693133,71.74064674941508,2960300
2013-07-01,72.25680541992188,72.48582895957561,71.93871770969538,71.93871770969538,2849900
2013-07-02,72.48582458496094,72.63214220480002,72.3076962545657,72.40311867896816,2214800
2013-07-03,72.27587890625,72.57488208493878,72.25043131086876,72.46037033253951,2132000
2013-07-05,71.35980987548828,71.52521687657143,71.06080659209599,71.36617298996993,2500100
2013-07-08,71.9450454711914,71.9450454711914,71.59515205044491,71.59515205044491,3096700
2013-07-09,72.0086669921875,72.21224284663742,71.9196028592176,71.9196028592176,4037000
2013-07-10,71.79875946044922,72.17410063462665,71.76059048778937,72.05323060332601,2908800
2013-07-11,72.64488220214844,72.65124046255865,72.26953613168817,72.43494312139781,2179100
2013-07-12,72.44124603271484,72.84203451900612,72.35854017977626,72.7275228295472,2008800
2013-07-15,72.90568542480469,72.91841164831784,72.49217052600588,72.58123467606936,3308200
2013-07-16,72.79755401611328,72.905702673401,72.70848984497832,72.86117058783351,1625900
2013-07-17,73.07105255126953,73.25554386265566,72.99470981267301,73.08377391422086,1248400
2013-07-18,72.88025665283203,73.12836468545912,72.79119247976762,73.12836468545912,1119900
2013-07-19,73.28103637695312,73.29375774770499,72.98839631333516,73.01383905483891,2734900
2013-07-22,73.44644165039062,73.45916787532694,73.34465611906356,73.36374060283534,2235900
2013-07-23,73.33192443847656,73.40190410952196,73.16652235567136,73.2428602850792,827300
2013-07-24,72.9756851196289,73.08383378100874,72.708492596114,72.98204823313169,1960700
2013-07-25,72.88658905029297,72.88658905029297,72.60667042226358,72.63848112222378,2109200
2013-07-26,72.9629135131836,73.0265300435126,72.83567559889543,72.9501872949397,1022700
2013-07-29,72.84207916259766,72.95659092223875,72.80391019392823,72.86752675958822,2211900
2013-07-30,72.86119842529297,73.02024234217473,72.7530497266858,72.98207335528636,1331900
2013-07-31,72.86754608154297,72.937525778415,72.33315611030513,72.4476679003108,2282100
2013-08-01,72.28681182861328,72.71435448473942,72.18471434243025,72.71435448473942,1845700
2013-08-02,72.64417266845703,72.72713206285778,72.5037892096809,72.52293218730905,1772000
2013-08-05,72.36976623535156,72.63777759523484,72.3506183937817,72.54205786141712,3111500
2013-08-06,72.4144515991211,72.49102350913746,72.28682363491208,72.33787482059569,1047200
2013-08-07,72.57400512695312,72.65695967770995,72.48466309039357,72.49742832497802,946000
2013-08-08,72.72710418701172,72.85472723462166,72.67605302056488,72.68881824643019,960900
2013-08-09,72.72710418701172,72.79729832374935,72.58671591353648,72.75900751466061,539600
2013-08-12,72.68885803222656,72.86114972765348,72.65056720217957,72.79733816892166,1042800
2013-08-13,72.17198944091797,72.36981164654107,72.10817786783446,72.28685221987266,1221600
2013-08-14,72.05068969726562,72.20383832050199,72.0251641153084,72.12087896201429,1723700
2013-08-15,71.54025268554688,71.73807003951138,71.46367587021639,71.52748744873611,1793800
2013-08-16,71.182861328125,71.60402138898179,71.06161599357893,71.51468425884525,2469000
2013-08-19,70.79360961914062,71.11267221180881,70.78722700410479,71.03609543690528,4884400
2013-08-20,71.22753143310547,71.30410333573028,71.01694896387014,71.01694896387014,2100500
2013-08-21,70.79998779296875,71.25306096157978,70.76170183954032,71.09352966428285,2310800
2013-08-22,71.12543487548828,71.15096046794898,70.8638060726568,70.8638060726568,2507700
2013-08-23,71.60404968261719,71.61043229972282,71.07440443858896,71.10631265560671,2327600
2013-08-26,71.75078582763672,71.76992880114868,71.63592311805695,71.67420906508087,1385700
2013-08-27,72.05707550048828,72.08898369863026,71.75715596458059,71.79544677605247,2398500
2013-08-28,72.06985473632812,72.06985473632812,71.82098632166874,71.94222678745892,2488300
2013-08-29,72.14005279541016,72.15281315673346,71.80184236398364,71.88480175236562,2273100
2013-08-30,72.14005279541016,72.29320147383339,71.98689924847821,72.10814458933882,1668800
2013-09-03,71.85576629638672,71.87497143996619,71.38842485488853,71.70212026343164,5473600
2013-09-04,71.59333038330078,71.93903782602298,71.56772188187814,71.87501413030529,2335000
2013-09-05,71.00436401367188,71.33086148380697,70.88912817588208,71.31165632489588,2703800
2013-09-06,71.10674285888672,71.4780586162632,71.0555258818031,71.32441256933215,1960600
2013-09-09,71.29241943359375,71.44606552081758,71.23479909818415,71.35643822957692,1615600
2013-09-10,70.9787368774414,71.26682395414095,70.94672503144281,71.0875693389215,2115900
2013-09-11,71.3116455078125,71.3116455078125,70.94673289088466,71.13239087273531,2301300
2013-09-12,71.26043701171875,71.54852903905696,71.20922488438306,71.44609501573944,1860200
2013-09-13,71.3052978515625,71.4077319426506,71.26688750956761,71.27968932879047,1255400
2013-09-16,71.3884506225586,71.98383471002275,71.34363697659124,71.97102802013431,2311100
2013-09-17,71.58049774169922,71.59970288972356,71.42044832906913,71.49727380548694,1020100
2013-09-18,72.63045501708984,72.7969078506536,71.33085396825302,71.51010861163428,5100000
2013-09-19,72.16948699951172,72.70084736465535,72.12467335704609,72.59841827515709,5030300
2013-09-20,72.2335433959961,72.3999913636242,72.18232638242287,72.297562220801,1089700
2013-09-23,72.6624755859375,72.67527739729091,72.27195440129364,72.27195440129364,3719000
2013-09-24,72.8481216430664,72.9377489608009,72.5984448459028,72.73928916929202,2576200
2013-09-25,73.07217407226562,73.09778256953297,72.74567183750882,72.8032921774407,1931100
2013-09-26,72.89295959472656,72.95057508204756,72.80973559604375,72.80973559604375,921300
2013-09-27,72.83529663085938,72.88651362363262,72.76487937119774,72.82249482482669,1194100
2013-09-30,72.67526245117188,72.84171527047407,72.61124363892404,72.72647945469906,1800800
2013-10-01,72.60205078125,72.69196800271388,72.53140083579679,72.62131805726068,3172400
2013-10-02,72.82040405273438,72.93601258395721,72.69837636430806,72.70479552151154,910300
2013-10-03,72.85896301269531,72.9809907338082,72.76262172751679,72.76262172751679,1411600
2013-10-04,72.78831481933594,72.85254071096374,72.69839759103273,72.76262348266053,569300
2013-10-07,72.9167709350586,73.01953628786619,72.85254503961471,72.87181231823571,1374600
2013-10-08,72.90390014648438,72.974550074792,72.75617623271756,72.88463287514955,1667900
2013-10-09,72.749755859375,72.91674705293252,72.71122131475407,72.85252117852428,1017300
2013-10-10,72.8525390625,72.89107361658046,72.5892065426267,72.63416515576101,1978400
2013-10-11,72.94879913330078,73.09651802623337,72.91668377390715,73.01302495197216,3275900
2013-10-14,72.72405242919922,72.98737992275169,72.64697845785464,72.90388679555095,525100
2013-10-15,72.73690795898438,72.94885774098633,72.704792573789,72.9424336839233,1430400
2013-10-16,73.2764663696289,73.31500584093018,72.71127142515303,72.74338683455017,1395200
2013-10-17,73.81592559814453,73.86088420121874,73.43698460070185,73.48194810389627,2697900
2013-10-18,73.91229248046875,74.03432021675431,73.85448574212555,73.92513570003284,1071200
2013-10-21,73.7195816040039,73.97648999782133,73.69389027461015,73.86730552298793,1031400
2013-10-22,74.16917419433594,74.17559335173941,74.02787432953716,74.05998481691496,1372100
2013-10-23,74.14990234375,74.29120220916235,74.12421591378428,74.16275045885304,1514800
2013-10-24,74.07283782958984,74.27193952490518,74.03429838202007,74.22055686155913,1500200
2013-10-25,74.06639099121094,74.20126676592051,74.05354777938481,74.05996693523839,708700
2013-10-28,74.13704681396484,74.1948486219666,74.02143829784197,74.02786235432639,2958700
2013-10-29,74.23982238769531,74.24624644549246,74.02787748159284,74.08567930140615,1584300
2013-10-30,74.09213256835938,74.34261701987228,73.91229808010625,74.23985165508631,1436200
2013-10-31,73.98931884765625,74.18200133064062,73.91866893056992,74.14988595010352,1072800
2013-11-01,73.78961181640625,74.06025631271153,73.64784424700646,73.98292720676447,1965300
2013-11-04,73.80890655517578,73.97000509272864,73.79601591902272,73.88623562308256,772400
2013-11-05,73.4931411743164,73.67357071631443,73.40936680386284,73.67357071631443,1264700
2013-11-06,73.57691192626953,73.61557399556928,73.51247350532451,73.60913359491025,1060000
2013-11-07,73.72515106201172,73.77669886738457,73.59626925773429,73.69937470115623,1337000
2013-11-08,73.00342559814453,73.14519312058525,72.99698027903231,73.12586207958661,1634000
2013-11-11,72.8809814453125,72.99697259543323,72.82298832842088,72.95831051750548,1241500
2013-11-12,72.93254852294922,72.9583248854231,72.81655734998597,72.84233371245985,2301900
2013-11-13,73.10009765625,73.1838671530358,73.0098828392995,73.02921388345477,4339700
2013-11-14,73.49956512451172,73.55111781535466,73.24181150296744,73.29335927747518,1355100
2013-11-15,73.49956512451172,73.55756313079382,73.41579568914335,73.51245575539005,1451200
2013-11-18,73.8282241821289,73.8282241821289,73.53824883374284,73.53824883374284,3003900
2013-11-19,73.57048797607422,73.75736289252366,73.57048797607422,73.692924452864,914200
2013-11-20,73.25473022460938,73.74447117561424,73.15162479646628,73.55115095601465,1881300
2013-11-21,73.39653015136719,73.4158611985987,73.02922550494951,73.19676452518243,3320600
2013-11-22,73.65426635742188,73.65426635742188,73.46094611164547,73.4802771529555,1190900
2013-11-25,73.78316497802734,73.80894134614636,73.63495209042794,73.63495209042794,1189200
2013-11-26,73.93135833740234,73.96357510178673,73.79603121143798,73.79603121143798,1044500
2013-11-27,73.9442367553711,73.98289883534845,73.64137068531458,73.84757663909,2387900
2013-11-29,73.88624572753906,73.94423884914718,73.68003485158692,73.69937080846084,741200
2013-12-02,73.53582763671875,73.82673663032743,73.52936156756849,73.76209073532168,5714000
2013-12-03,73.72331237792969,73.7879582801198,73.62634105856142,73.62634105856142,1164500
2013-12-04,73.48411560058594,73.51644101709815,73.32249838235705,73.32249838235705,1705000
2013-12-05,73.32254791259766,73.43244651151123,73.20618323958053,73.30315462245638,1234400
2013-12-06,73.47766876220703,73.49706204302197,73.27079394773557,73.32897872234743,737400
2013-12-09,73.58755493164062,73.60048213928735,73.47765640406168,73.47765640406168,590100
2013-12-10,73.88493347167969,73.89786067992873,73.69099082277893,73.8073554256861,1171600
2013-12-11,73.6780776977539,73.88494759444593,73.65868441559019,73.82676281578738,1087800
2013-12-12,73.55524444580078,73.64574971419886,73.50999181160174,73.60696315121889,877300
2013-12-13,73.75564575195312,73.78150510378141,73.58110129232105,73.69099983846596,904000
2013-12-16,73.8138198852539,73.9237184155553,73.73624184095308,73.87846578942141,1593500
2013-12-17,74.03361511230469,74.03361511230469,73.75563329231932,73.75563329231932,1500800
2013-12-18,74.03361511230469,74.27927644708993,73.7233128071192,73.91078937707827,1946900
2013-12-19,73.92375183105469,74.02072319722275,73.80738717808673,73.82031932406571,2493300
2013-12-20,74.26636505126953,74.26636505126953,74.02717465174663,74.12414599876534,1269700
2013-12-23,74.14999389648438,74.36979592586326,74.14353275750791,74.22757195370643,1204900
2013-12-24,74.13057708740234,74.34391297792831,74.02714464276785,74.03360577969366,1003500
2013-12-26,74.07743835449219,74.1747048898052,74.03204796430364,74.03204796430364,2268000
2013-12-27,74.01258087158203,74.07742356645235,73.94773817671171,73.97367624409594,2463600
2013-12-30,74.23303985595703,74.23952066136005,74.05147341389898,74.05147341389898,2790000
2013-12-31,74.0450210571289,74.23954918473211,73.93478300958733,74.11634952140456,1658600
2014-01-02,74.18767547607422,74.2200943559873,73.99314240787005,74.10986125935626,1887700
2014-01-03,74.29792785644531,74.40167522514838,74.06449009288501,74.06449009288501,1695800
2014-01-06,74.46001434326172,74.49891897621666,74.34329549721573,74.40165244664813,1171700
2014-01-07,74.40166473388672,74.53135511045652,74.34979353044082,74.51838359920852,1086500
2014-01-08,74.08393096923828,74.26549254680415,74.01908825541932,74.24604022737665,1067000
2014-01-09,74.25255584716797,74.25255584716797,74.03857035303703,74.18122734912431,1216000
2014-01-10,74.65455627441406,74.7323705019092,74.49893276660589,74.51190427811281,1736900
2014-01-13,74.79721069335938,74.86205340715904,74.68049182964718,74.71940141567255,2109900
2014-01-14,74.57673645019531,74.7647837630019,74.57025069535884,74.69993610899994,1529100
2014-01-15,74.59620666503906,74.62862555263675,74.40167355072258,74.44058314189544,1495000
2014-01-16,74.771240234375,74.77772598710051,74.68045948493695,74.71288330138474,1372300
2014-01-17,74.85557556152344,74.85557556152344,74.64159014505142,74.69346629701715,1766000
2014-01-21,74.75181579589844,74.82963001607965,74.74533004075458,74.74533004075458,1114100
2014-01-22,74.57022094726562,74.75826818505504,74.56373519501649,74.67397319453404,1687800
2014-01-23,74.85557556152344,74.95932291827275,74.69994710562626,74.71291861720876,1597600
2014-01-24,74.8036880493164,74.97876385163475,74.7453261504227,74.88798307307243,1681100
2014-01-27,74.66104125976562,74.95283595229277,74.66104125976562,74.7453362949623,1979600
2014-01-28,75.02416229248047,75.02416229248047,74.7647914385705,74.829634152048,2420900
2014-01-29,75.17330169677734,75.2122063337252,74.94634973594532,75.03713052027813,2105500
2014-01-30,75.21218872070312,75.23164103462176,75.00468912693682,75.10844139741025,1821900
2014-01-31,75.43916320800781,75.43916320800781,75.22518274367606,75.25112081905792,1427400
2014-02-03,75.92566680908203,75.93217202474683,75.3338211962517,75.37284256618922,6064600
2014-02-04,75.56141662597656,75.6654752148448,75.50938485053082,75.65897496443151,2015000
2014-02-05,75.32078552246094,75.45086498203491,75.30127484403084,75.44435976855021,3226900
2014-02-06,75.24922180175781,75.33377466710012,75.19719499465018,75.28174289796986,853500
2014-02-07,75.48336029052734,75.55490273303991,75.30125405941267,75.33377515583571,1076900
2014-02-10,75.51590728759766,75.52241250151796,75.36631713957655,75.39883824715376,1048800
2014-02-11,75.35982513427734,75.39884649802062,75.25576154826209,75.35982513427734,2288900
2014-02-12,75.13216400146484,75.26224344368016,75.09314264981192,75.24923301844696,971500
2014-02-13,75.44437408447266,75.50941134558877,75.34681571178602,75.47038998132409,1125500
2014-02-14,75.58744812011719,75.58744812011719,75.43135772357547,75.5224108683935,1063900
2014-02-18,75.74352264404297,75.86709686983906,75.63295884307972,75.67198019353188,1034400
2014-02-19,75.65892028808594,75.89955839208017,75.61339375797733,75.89955839208017,1556900
2014-02-20,75.56141662597656,75.64596453955846,75.44434761223526,75.56792183841308,1148800
2014-02-21,75.63948059082031,75.66549152212579,75.470379765189,75.48338523084173,711000
2014-02-24,75.6784896850586,75.74352692683068,75.59394176695724,75.71101078695638,703600
2014-02-25,75.97117614746094,75.97117614746094,75.73703805693924,75.85410710220009,787300
2014-02-26,76.21829223632812,76.22479248572576,75.95813836177163,75.96464357319172,898200
2014-02-27,76.34838104248047,76.38090214367088,76.26383312621815,76.28334380212304,964900
2014-02-28,76.30294799804688,76.3289639184807,76.11433629642372,76.24441589859285,1791900
2014-03-03,76.50247955322266,76.5090040094848,76.29374174315159,76.35897137566718,1292700
2014-03-04,76.09151458740234,76.34591359176008,76.09151458740234,76.30677681468998,1075900
2014-03-05,76.05240631103516,76.22200738083046,76.02631843263887,76.03936237183702,2869300
2014-03-06,75.82405853271484,75.91538098720842,75.7457849869778,75.75882891903379,1271000
2014-03-07,75.55007934570312,75.66749462263381,75.43266406877243,75.63487733254762,1473800
2014-03-10,75.43270111083984,75.53054805244754,75.41965717441984,75.47183789680204,1851400
2014-03-11,75.45877838134766,75.54357639232597,75.41311714825146,75.46530283656172,943800
2014-03-12,75.72621154785156,75.75882884300962,75.62184516140671,75.66750638860768,1303800
2014-03-13,75.99368286132812,76.03281964622279,75.55011438461453,75.55011438461453,1696400
2014-03-14,75.90884399414062,76.1697623886599,75.90884399414062,76.12410117194909,797800
2014-03-17,75.81100463867188,75.94798830241182,75.77838734776718,75.90232708116517,635800
2014-03-18,76.0458755493164,76.0458755493164,75.79147647071206,75.83061325920426,963500
2014-03-19,75.49788665771484,76.01973339041074,75.4652743473584,76.01320893765974,1286700
2014-03-20,75.60224914550781,75.64138590403421,75.47830944124264,75.49135834521724,2003400
2014-03-21,75.86321258544922,75.92191775427256,75.67404319140513,75.71317997062069,636100
2014-03-24,76.00672912597656,76.09805658803212,75.83060861185284,75.85670146148269,1061300
2014-03-25,76.03279876708984,76.05889160875502,75.85015385213428,75.85015385213428,1352800
2014-03-26,76.3263168334961,76.33936076210415,76.05886901838863,76.07191792369589,955000
2014-03-27,76.3458251953125,76.48933318067793,76.19579276242264,76.23493447087387,665500
2014-03-28,76.28719329833984,76.39156465890672,76.20891975461507,76.33285452441275,816300
2014-03-31,76.28070831298828,76.3002767077678,76.03935316506812,76.11763172088881,1695700
2014-04-01,76.09095764160156,76.23488425080976,76.08441915297406,76.17600790588605,3416600
2014-04-02,75.98625183105469,76.05821510242735,75.94045747574575,75.94045747574575,1236800
2014-04-03,76.1302261352539,76.22181490333139,76.05171933781027,76.05171933781027,1012200
2014-04-04,76.43115997314453,76.56199964194248,76.35919665794162,76.37227862833605,989900
2014-04-07,76.61431884765625,76.67319518691284,76.51618662434974,76.5358120707686,1024500
2014-04-08,76.81710052490234,76.81710052490234,76.56195980963705,76.6077541690126,992600
2014-04-09,76.88252258300781,76.92831694372816,76.62738186025001,76.66663773458959,1675600
2014-04-10,76.9872055053711,77.22272080873039,76.79748456704215,76.85636588848769,1401500
2014-04-11,77.03956604003906,77.19657462478715,77.03956604003906,77.19657462478715,1258200
2014-04-14,77.09188842773438,77.15076975851875,77.00029968314733,77.0984319069798,908600
2014-04-15,77.25543975830078,77.34703349325582,77.04609334528685,77.09188771715826,1152500
2014-04-16,77.28816986083984,77.2947133415233,77.03302901753106,77.04611098768468,956300
2014-04-17,76.84332275390625,77.27510272003546,76.81715381736379,77.27510272003546,1510500
2014-04-21,76.94796752929688,77.05918172142903,76.87600423057317,77.00684386940956,652500
2014-04-22,76.9872055053711,77.02645639219384,76.80402804524975,76.83673545386488,1385000
2014-04-23,77.15734100341797,77.20313539219094,77.03958329068546,77.04612178107156,1778900
2014-04-24,77.17041015625,77.20312256760269,77.00031460139977,77.02648353223927,1161000
2014-04-25,77.15734100341797,77.37322598408254,77.15734100341797,77.22276084577736,1051500
2014-04-28,77.06572723388672,77.24890472957519,77.0003024215302,77.15731598173095,1015500
2014-04-29,77.07881927490234,77.11153168535573,76.93489265484838,76.94143613518168,1359500
2014-04-30,77.294677734375,77.37972297922923,77.05916245039755,77.17037661471717,2123200
2014-05-01,77.61878967285156,77.63190983508566,77.30385071559903,77.34321620808626,2193800
2014-05-02,77.78285217285156,77.86814577795651,77.38261947712056,77.44823032764644,862700
2014-05-05,77.58599853515625,77.84188430322371,77.57943594972771,77.75002813036801,1879800
2014-05-06,77.71723175048828,77.78284760294612,77.66474607662343,77.69099141644922,2251100
2014-05-07,77.73035430908203,77.80252773972894,77.61225278673132,77.73691689526446,1869200
2014-05-08,77.75005340576172,77.96657374321742,77.66475979060688,77.80254409468206,3351200
2014-05-09,77.66475677490234,77.73693021791844,77.57290057575231,77.64506901298098,1148100
2014-05-12,77.46793365478516,77.55322728254087,77.40232278683551,77.50074159165416,1634400
2014-05-13,77.75660705566406,77.76316463668464,77.61882276742635,77.65162568989037,961600
2014-05-14,78.1436996459961,78.22243565528025,77.97310746210681,77.98623263321387,1359000
2014-05-15,78.28150939941406,78.44553905116426,78.14372509263842,78.26838922982064,755100
2014-05-16,78.18964385986328,78.31430798216189,78.124033008154,78.14371576308807,821100
2014-05-19,78.11748504638672,78.37993350814651,78.05843677052948,78.30776005601786,726700
2014-05-20,78.11748504638672,78.28807729739879,78.04531159425807,78.04531159425807,1200100
2014-05-21,77.97311401367188,78.00592193841008,77.86157507882034,77.93374850861521,1397200
2014-05-22,77.94692993164062,77.9928580559465,77.86819385892049,77.97973287426476,605800
2014-05-23,78.03219604492188,78.1043695013247,77.9665851770434,78.03875863344622,582500
2014-05-27,78.30775451660156,78.30775451660156,77.95344986915723,78.1174795204303,1062700
2014-05-28,78.68179321289062,78.68179321289062,78.41278701245083,78.41278701245083,1430800
2014-05-29,78.45207214355469,78.81949682348395,78.45207214355469,78.64234706874258,1325700
2014-05-30,78.4652099609375,78.53082581636036,78.30118033395424,78.38647894368918,1045400
2014-06-02,78.0296630859375,78.35207614540762,78.00334836514308,78.22705863173647,2652700
2014-06-03,77.67430114746094,77.96380803986258,77.67430114746094,77.94406950401401,1431100
2014-06-04,77.63485717773438,77.79277558201451,77.62169982069902,77.77961320500319,1263600
2014-06-05,77.79935455322266,77.87173256946444,77.58222552447347,77.6677608982246,801000
2014-06-06,77.9638442993164,78.14150124452537,77.88489011920205,77.93094839759404,1112700
2014-06-09,77.80594635009766,77.85858582726426,77.71382977504453,77.83226608868095,1215400
2014-06-10,77.66119384765625,77.7533104269199,77.64145529781077,77.68751358744258,758800
2014-06-11,77.72042083740234,77.8256947851315,77.66120016307299,77.7138396469263,507500
2014-06-12,77.97041320800781,78.03621002106597,77.68090120658184,77.75986039423667,964800
2014-06-13,77.95722198486328,78.02959493380229,77.69402982699945,77.72692570924939,474700
2014-06-16,77.95072174072266,78.04941952990127,77.89150105922425,77.90466344176971,732400
2014-06-17,77.68749237060547,77.89146402327258,77.68091118246197,77.88488785510478,605200
2014-06-18,78.13493347167969,78.13493347167969,77.75330480234992,77.86515992336759,791400
2014-06-19,77.85857391357422,78.23362134603813,77.77961470990643,78.22704015740513,610700
2014-06-20,78.00991821289062,78.04281914118302,77.75988822578971,77.7993653237591,1151900
2014-06-23,78.00331115722656,78.15464331950605,77.96382905491355,78.10200386307193,833300
2014-06-24,78.3322982788086,78.3388744457179,78.02962392183916,78.2204381816787,777600
2014-06-25,78.41126251220703,78.58233825334113,78.39152396899452,78.58233825334113,827100
2014-06-26,78.55602264404297,78.64155800911017,78.45732490282658,78.45732490282658,698700
2014-06-27,78.5428695678711,78.70078295043703,78.5428695678711,78.64156229448984,729300
2014-06-30,78.47050476074219,78.6020984316969,78.41128409482884,78.58894107259214,857200
2014-07-01,78.16700744628906,78.41773123991979,78.1604079945363,78.3253590510081,5448400
2014-07-02,77.88983154296875,78.06797633332839,77.83704603697223,78.06797633332839,3278000
2014-07-03,77.8106918334961,77.85687791564916,77.63254695487866,77.69852635311085,648400
2014-07-07,77.9491958618164,78.00198135724897,77.82383156863953,77.87001761866755,1219200
2014-07-08,78.23956298828125,78.29234851875289,78.16038469257377,78.18017800802433,1296400
2014-07-09,78.36490631103516,78.43089072758849,78.10098878043873,78.19995533746028,836700
2014-07-10,78.30550384521484,78.49684752357302,78.28571053950586,78.47705421786404,524000
2014-07-11,78.54969787597656,78.5892845200759,78.41113455381502,78.41113455381502,1259300
2014-07-14,78.38472747802734,78.47050019705345,78.33854139333549,78.4243141123616,690900
2014-07-15,78.2989273071289,78.54305656140613,78.18676185269244,78.32532006709707,791400
2014-07-16,78.483642578125,78.51003532833593,78.31209725260753,78.37807661118366,963800
2014-07-17,78.78060913085938,78.83998908251736,78.55627312326034,78.63545142604336,847900
2014-07-18,78.67501831054688,78.7739899057042,78.56285285185731,78.74759714473528,539300
2014-07-21,78.67501831054688,78.82677542764203,78.6552249982963,78.76079604217196,852600
2014-07-22,78.73442077636719,78.78060685984946,78.63544915921791,78.72122187599766,1017500
2014-07-23,78.82677459716797,78.87956011854968,78.78718797308387,78.82017514851916,1597800
2014-07-24,78.51667022705078,78.62883569066659,78.50347636293907,78.58924906442681,813400
2014-07-25,78.82015991210938,78.82015991210938,78.66180841247892,78.76077998746173,655400
2014-07-28,78.72781372070312,78.85317809257513,78.66843377649326,78.78719869881805,1290600
2014-07-29,78.80039978027344,78.87957808037586,78.7014281636218,78.86637918007268,787500
2014-07-30,78.43749237060547,78.63543557069866,78.3187274573305,78.56945618196916,1305800
2014-07-31,78.2197494506836,78.3385143465879,78.09438510670019,78.1009845547793,2121700
2014-08-01,78.62272644042969,78.6624265889613,78.13307276462524,78.1661545389548,2763600
2014-08-04,78.64257049560547,78.74844428137361,78.55655183092385,78.65580724299647,1779300
2014-08-05,78.72200775146484,78.73523945588046,78.41100969010692,78.52349684683664,2416200
2014-08-06,78.58304595947266,78.82125700696189,78.5698092077557,78.8146386311034,1799500
2014-08-07,78.78814697265625,78.82123379386287,78.60287288991545,78.70212830519519,1839200
2014-08-08,78.76828002929688,79.01310932810597,78.74181158766841,78.92046725823678,1048300
2014-08-11,78.80140686035156,78.92713076790156,78.75508832309765,78.83449369339375,770900
2014-08-12,78.76166534423828,78.88077081297311,78.72858357690816,78.87415244017139,1927400
2014-08-13,78.92050170898438,78.96020691292891,78.74184596042835,78.76831441361095,2260600
2014-08-14,79.00651550292969,79.07268410338992,78.867559927461,79.0462156535377,1694200
2014-08-15,79.2844467163086,79.52265777691578,79.07932248847425,79.11902264912815,1729500
2014-08-18,79.1058120727539,79.2315309645158,79.04625676752502,79.1918307932587,1624200
2014-08-19,79.0528564453125,79.25798067940903,78.94036928779775,79.2315122220511,1559000
2014-08-20,78.87418365478516,79.05284445276243,78.81463342102026,79.02637599941983,746700
2014-08-21,79.14542388916016,79.16527395262888,78.99323165533734,78.99985002593944,1817900
2014-08-22,79.24473571777344,79.32413602822209,78.96681948617959,79.14548028137143,1014500
2014-08-25,79.37046813964844,79.37046813964844,79.21828081968734,79.32414960118088,793300
2014-08-26,79.42337036132812,79.46307050600386,79.30426487896104,79.43660710844661,730100
2014-08-27,79.55573272705078,79.59543288177497,79.41677208883384,79.46970899402685,1412400
2014-08-28,79.72775268554688,79.80053965220682,79.6152655728324,79.73437105933597,1100200
2014-08-29,79.787353515625,79.85352214628153,79.66162958353755,79.68809804546875,1257900
2014-09-02,79.40776062011719,79.54710679948879,79.34804299861429,79.45420934657439,3493400
2014-09-03,79.51396179199219,79.51396179199219,79.23526932893682,79.26844411023386,838300
2014-09-04,78.94988250732422,79.40110071781223,78.92997157797632,79.31483521156044,4901900
2014-09-05,78.96315002441406,79.22857338994324,78.8901584723303,79.13567597138747,1557300
2014-09-08,78.83043670654297,79.1622146302868,78.81052577859369,79.10249197149764,1133000
2014-09-09,78.61812591552734,78.77074097760855,78.61148893727523,78.75747208363539,1853400
2014-09-10,78.49203491210938,78.57166344961351,78.43231224334873,78.45885508918343,1894800
2014-09-11,78.43232727050781,78.66457595042642,78.43232727050781,78.55840454674578,1300200
2014-09-12,78.05410766601562,78.31953113703943,78.03420179163187,78.20672780717709,1296900
2014-09-15,78.07402038574219,78.25981530094197,78.04084055265719,78.22663546785697,3575600
2014-09-16,78.06072235107422,78.24651720896892,78.02091061367683,78.0806282197729,1567600
2014-09-17,77.84847259521484,78.23997368452393,77.80866081284086,78.17361396385276,1763300
2014-09-18,77.98773956298828,78.02091938957167,77.85503038171625,77.90811607923736,1521200
2014-09-19,78.29300689697266,78.31291277608881,77.96786572549892,78.080669082179,739000
2014-09-22,78.36598205566406,78.41243078470193,78.23990982686516,78.33280728494088,1729400
2014-09-23,78.49203491210938,78.49203491210938,78.33941481419234,78.41240637460524,904400
2014-09-24,78.30628204345703,78.45889716067967,78.25983330397193,78.44562826191232,786700
2014-09-25,78.5384750366211,78.59156072248432,78.33277433206314,78.3394062458988,1375200
2014-09-26,78.36598205566406,78.39252490976166,77.90149476528542,78.21999888939312,3295000
2014-09-29,78.3327865600586,78.45222684063104,78.21997819435708,78.3792352768073,3628200
2014-09-30,78.44560241699219,78.57831161107457,78.33279909576903,78.39251671434674,1716100
2014-10-01,78.92137908935547,79.0611212273598,78.68847552601493,78.72840040061132,1973500
2014-10-02,78.91475677490234,79.04784820829019,78.76836381355432,78.9214126158015,1891200
2014-10-03,79.14100646972656,79.15431307406719,78.76836062516273,78.90144697624443,2535800
2014-10-06,79.18091583251953,79.2873889540409,79.10106606829638,79.12768434867671,1858400
2014-10-07,79.46707153320312,79.60681372482573,79.29406029229068,79.37391007212139,1887900
2014-10-08,79.87293243408203,79.90620653568303,79.34058234687184,79.58679242182482,2297900
2014-10-09,79.54026794433594,79.81310155493904,79.52696134043957,79.67335936789307,1786200
2014-10-10,79.60680389404297,79.63342217633902,79.46041095679203,79.58684145155048,1371400
2014-10-13,79.81310272216797,79.97280735585343,79.71994126277488,79.79979104115823,1748200
2014-10-14,79.99280548095703,80.01942377793073,79.77986418208845,79.91295059003592,2826400
2014-10-15,80.05260467529297,81.46999306899042,79.93947577569392,80.38532538453872,3497900
2014-10-16,79.87293243408203,80.37866933230956,79.74649694029638,80.34539523070856,2229900
2014-10-17,79.83971405029297,79.98610699021249,79.68666019353023,79.89294553893718,1537800
2014-10-20,79.98609924316406,80.04599164285064,79.83305047814318,80.0393358035704,1735300
2014-10-21,79.93951416015625,80.0127131574914,79.8197344442367,79.85300856190452,1150000
2014-10-22,79.80642700195312,79.86631432082275,79.70660972691957,79.80642700195312,957000
2014-10-23,79.65336608886719,79.75318335502708,79.48700567090638,79.65336608886719,1408400
2014-10-24,79.68669128417969,79.81977767309286,79.58687395403464,79.64011054036804,1727800
2014-10-27,79.78646087646484,79.79311671500426,79.62675628993946,79.6866436060425,1946500
2014-10-28,79.52031707763672,79.68667757361504,79.48039218321614,79.66005928502818,2212700
2014-10-29,79.37391662597656,79.52031467031267,79.0944322196545,79.48038977710074,3574000
2014-10-30,79.42713165283203,79.65337942221063,79.3872067704518,79.48701897640241,2542000
2014-10-31,79.41381072998047,79.48035896209159,79.2075254258045,79.39384829111407,1893700
2014-11-03,79.25699615478516,79.39046220251379,79.16357246697969,79.26367072997387,6621700
2014-11-04,79.37049102783203,79.4972774849749,79.25704354662436,79.27706728416372,2155400
2014-11-05,79.22364807128906,79.31039719990365,79.1502430043036,79.2837039854353,1725300
2014-11-06,78.98338317871094,79.21694234946894,78.96336454853282,79.13686273754844,1458700
2014-11-07,79.48384857177734,79.49052314383226,79.07678622694127,79.07678622694127,1730000
2014-11-10,79.08349609375,79.41047899347875,79.07682151871623,79.39713493462021,1710500
2014-11-11,79.07682037353516,79.13687627434236,79.01008989779083,79.07682037353516,805600
2014-11-12,79.07012939453125,79.39711731289596,78.9767057296293,79.29701907444162,1931400
2014-11-13,78.98338317871094,79.11684410737034,78.95001540094204,79.09682547719224,2128500
2014-11-14,79.08349609375,79.2169570471714,78.86995551355035,78.90999278133496,1784800
2014-11-17,78.8966293334961,79.19691895050207,78.85658698434294,79.17022574813589,1770100
2014-11-18,78.9634017944336,78.98342043405421,78.84995944244316,78.88332214474069,2002900
2014-11-19,78.54296875,78.79655169315602,78.54296875,78.64974158737287,1890200
2014-11-20,78.84326171875,78.94335997867674,78.65641434886487,78.88329898623711,2040100
2014-11-21,79.1836166381836,79.24367255676138,78.94338278145152,79.0034387000293,1820200
2014-11-24,79.31038665771484,79.33707986863506,79.1435579078706,79.1569070589354,1592600
2014-11-25,79.65072631835938,79.71078223024213,79.37712469877823,79.41049248840858,2052800
2014-11-26,79.92430114746094,79.97768755989124,79.8509011943799,79.89761303245429,978200
2014-11-28,80.13784790039062,80.15119705013431,80.01773609995092,80.01773609995092,1037800
2014-12-01,79.86015319824219,80.22151198125326,79.59917270586509,80.16798131764016,6029800
2014-12-02,79.32479095458984,79.60584601360439,79.32479095458984,79.5924646274159,1496200
2014-12-03,79.40512084960938,79.51888053891255,79.33151043760088,79.3783529629288,5153700
2014-12-04,79.53225708007812,79.63263537264666,79.35158023781639,79.3716548752397,2413000
2014-12-05,79.204345703125,79.50547542321735,79.164196435233,79.46532615532534,1118600
2014-12-08,79.57909393310547,79.6727789713745,79.2445030520156,79.3181134542915,1842000
2014-12-09,79.64601135253906,79.81330679363916,79.56571280830009,79.71962175505924,1369900
2014-12-10,79.61922454833984,79.8132827086582,79.58576342803659,79.61922454833984,2974000
2014-12-11,79.53895568847656,79.73301903906801,79.41850275036643,79.66610187466291,1915600
2014-12-12,79.66610717773438,80.05422879930067,79.63264604057825,79.7330243465939,3457700
2014-12-15,79.8534164428711,79.96048281036913,79.53890037290068,79.63258535900478,4318600
2014-12-16,79.82670593261719,80.03415067869625,79.72632763096676,79.86016196286566,2041000
2014-12-17,79.8467788696289,80.2282123234069,79.71963268321878,79.98061319867463,1875200
2014-12-18,79.92701721191406,79.97385969934443,79.55227220702294,79.79987112941099,2056600
2014-12-19,79.88697814941406,79.94720720899937,79.6527653742614,79.75983698887724,1088400
2014-12-22,80.14122772216797,80.17468375470982,79.85347929395323,80.00738827564201,2011400
2014-12-23,79.53225708007812,80.04083668509388,79.47872130998131,80.03414343746876,1285700
2014-12-24,79.78856658935547,79.84224266781276,79.45977309245535,79.52016571978588,466200
2014-12-26,79.84895324707031,79.93618135304023,79.75501371161941,79.91605218391798,499100
2014-12-29,80.00332641601562,80.13081292557496,79.9228045789334,80.03016190905302,826200
2014-12-30,80.07035827636719,80.33204762839557,80.05022911379871,80.21797896096146,1052000
2014-12-31,80.12403106689453,80.3790089649302,80.05692703960014,80.23809972238534,1231400
2015-01-02,80.40587615966797,80.6809833092022,80.21799710743575,80.25154401286566,2523600
2015-01-05,80.73466491699219,80.97622516234097,80.58033276939481,80.64743681924078,3218800
2015-01-06,81.06348419189453,81.3050445294167,80.83534671719148,80.95612688595257,5313400
2015-01-07,81.17081451416016,81.22449570556137,80.86215534258348,80.9493834391203,1636600
2015-01-08,80.9091567993164,80.9695443238079,80.76824745618073,80.95612658036163,2156900
2015-01-09,81.12380981445312,81.2043264475592,80.78159876579844,80.80172792407495,1530400
2015-01-12,81.27816772460938,81.31843117581259,81.10371154023518,81.15068130053899,1948000
2015-01-13,81.35195922851562,81.37879981665833,81.1305333351461,81.27814889095286,1468300
2015-01-14,81.4928970336914,81.74116872152226,81.42579809948106,81.66735835809472,2457000
2015-01-15,81.91559600830078,82.04308239453104,81.49286317172084,81.54654434451169,2171300
2015-01-16,81.4593734741211,81.8015847917951,81.34530474133709,81.66738176558863,1322500
2015-01-20,81.64724731445312,81.90222536878265,81.61369528023954,81.66737648725261,1648900
2015-01-21,81.61368560791016,81.93576769249574,81.40567735453844,81.91563852208185,1878000
2015-01-22,81.57341003417969,81.83509943291897,81.35869039625722,81.78141824360834,1938400
2015-01-23,82.04985046386719,82.13708370970318,81.88881195364051,81.92235887030502,1436300
2015-01-26,82.02969360351562,82.17731432111624,81.86194371884585,82.09679253351948,2347900
2015-01-27,82.0900650024414,82.41885839781061,81.99612549499854,82.31820746288777,1268000
2015-01-28,82.64698791503906,82.76105657480416,82.11019151179924,82.12360924616978,1367900
2015-01-29,82.45244598388672,82.55309696847719,82.3249595147724,82.4390282416248,1674500
2015-01-30,83.13014221191406,83.13685364149964,82.82148300214772,82.90200479921229,3499000
2015-02-02,83.20752716064453,83.24117016500173,82.79038265254506,82.91821477605856,5684700
2015-02-03,82.53472137451172,82.88459019640581,82.43379747845755,82.797120424331,2828500
2015-02-04,82.64911651611328,82.66930540606852,82.21178809795272,82.25888524144095,3209500
2015-02-05,82.38668823242188,82.54816849564911,82.32613698361304,82.48088248603685,1789300
2015-02-06,81.52542877197266,82.14442065384196,81.50524503522452,82.05695608353388,2578400
2015-02-09,81.57931518554688,81.8282600983958,81.48512092299913,81.7878874621594,2426900
2015-02-10,81.35724639892578,81.61292082294104,81.33706265665089,81.56582371323296,2580300
2015-02-11,81.41110229492188,81.44474529956413,81.16888703446266,81.4312860444265,2239600
2015-02-12,81.61968994140625,81.7071597166892,81.34383675749015,81.41111764625973,4045600
2015-02-13,81.29671478271484,81.65330800412298,81.28998515593322,81.60621088305399,2068700
2015-02-17,80.91997528076172,81.26311456245126,80.77868384317283,81.18237953137414,2970300
2015-02-18,81.20930480957031,81.41115269598285,80.87962471942117,80.96708939915727,3221900
2015-02-19,81.1957778930664,81.46490645596016,81.10158366603363,81.16886452345699,2765500
2015-02-20,81.31689453125,81.62639061637024,81.05449556488281,81.42454288845659,1621100
2015-02-23,81.59270477294922,81.5994343958662,81.45141349088216,81.51196983073848,2191400
2015-02-24,82.12425994873047,82.15117331634198,81.27651196836783,81.45144115804266,1891700
2015-02-25,82.19829559326172,82.21847934185007,81.90898321935832,82.03009084409001,2024500
2015-02-26,81.7542495727539,82.18485338238158,81.70715244148845,82.08392949161208,1192200
2015-02-27,81.9493408203125,81.98970831008585,81.6196558764947,81.77440647596026,2892800
2015-03-02,81.23898315429688,81.87313731194155,81.22549281237762,81.87313731194155,4540700
2015-03-03,81.19169616699219,81.47503945038271,81.18494842776376,81.29289166735079,4737600
2015-03-04,81.13780212402344,81.40765533398394,81.09057819830699,81.40091273532579,2703200
2015-03-05,81.24569702148438,81.34689255825623,81.04330594794064,81.29292091904206,1307600
2015-03-06,80.3821792602539,80.82743245986228,80.35519343800199,80.75322273542433,3372800
2015-03-09,80.70597839355469,80.73971194958102,80.53732090745906,80.67899257813723,6241000
2015-03-10,80.83415222167969,81.08376713084199,80.81391414875092,80.96907613921645,3356900
2015-03-11,81.24569702148438,81.25244476314084,80.87464843566048,81.00282979203942,1712200
2015-03-12,81.16476440429688,81.44136527966302,81.00960232784008,81.38064588020833,2970700
2015-03-13,80.93540954589844,81.15803881217788,80.88818562399264,80.95564763428358,1845300
2015-03-16,81.01632690429688,81.23895607441125,80.8948984264373,81.23895607441125,1588300
2015-03-17,81.1512451171875,81.20521675366875,80.87464434048498,81.02306376729915,2528800
2015-03-18,82.14973449707031,82.23069199105407,81.19850839111113,81.31994205857625,3382500
2015-03-19,81.73148345947266,82.04181286178735,81.66402144106026,81.95411275255344,2503000
2015-03-20,81.96078491210938,82.10920431327415,81.87308487824731,81.9472945788297,3669300
2015-03-23,82.14973449707031,82.1902158175727,82.00132014529832,82.01481048745175,2946600
2015-03-24,82.27116394042969,82.30489751461283,82.10250636355548,82.23068776902652,2782100
2015-03-25,82.00131225585938,82.5072849637803,81.92710251360266,82.3048938218037,3205900
2015-03-26,81.49526977539062,81.8865510894499,81.4412981641355,81.81234141072814,2681800
2015-03-27,81.81915283203125,81.99455813162734,81.65049527584813,81.75169083896203,1009700
2015-03-30,81.96078491210938,82.0282468725431,81.81911325109327,81.913561025104,981100
2015-03-31,82.10919189453125,82.14292544315485,81.84608668572118,81.9472821845751,1688400
2015-04-01,82.34529876708984,82.6429370095274,82.26412188589653,82.32500067606478,7393500
2015-04-02,82.20999908447266,82.60911227543411,82.18970615562132,82.48734954135742,3013700
2015-04-06,82.3182601928711,82.63619660507091,82.12208655213142,82.53472676869241,3496000
2015-04-07,82.61585998535156,82.62262601421388,82.16940013882822,82.25733787016685,2613500
2015-04-08,82.58882141113281,82.61588037229149,82.32500299104716,82.61588037229149,3933500
2015-04-09,82.16942596435547,82.57530008720529,82.09501510638655,82.57530008720529,1780600
2015-04-10,82.28446197509766,82.46034273800007,82.23034402328584,82.3994587519688,1325000
2015-04-13,82.25736236572266,82.4264770108664,82.21677650239837,82.29118735913917,1710100
2015-04-14,82.44676208496094,82.73763945332496,82.42646915523281,82.5617639550352,2245000
2015-04-15,82.50091552734375,82.72414817240842,82.50091552734375,82.62944435225452,1560900
2015-04-16,82.45354461669922,82.62265927957061,82.23707805466263,82.62265927957061,1820500
2015-04-17,82.6767807006836,82.76471847114,82.29119945949755,82.40619619647212,1625800
2015-04-20,82.4806137084961,82.76472513836856,82.4197297386831,82.65649442454739,1527200
2015-04-21,82.46034240722656,82.59563212524145,82.37916547983447,82.56181227622369,2441600
2015-04-22,81.9259033203125,82.48736520970215,81.9123712578621,82.48059917847695,2106000
2015-04-23,82.13562774658203,82.250624506034,81.87857525587094,81.94622010490322,1962900
2015-04-24,82.2911605834961,82.41292329481959,82.19645682590756,82.26410162976111,1690200
2015-04-27,82.23033142089844,82.36562627969306,82.06798275131605,82.2912153975988,1564700
2015-04-28,81.7432632446289,82.10855154592002,81.68915047334029,82.0003208423727,1972700
2015-04-29,81.06680297851562,81.27650867164755,80.90445434590542,81.18180487254409,3087100
2015-04-30,81.13444519042969,81.18179708543933,80.61356918435408,80.9450376103911,5716000
2015-05-01,80.68678283691406,81.0395148493796,80.58503819409778,80.86993354440483,3462200
2015-05-04,80.42903900146484,80.82925366131077,80.42225429869814,80.72750382065762,2689600
2015-05-05,80.29329681396484,80.51036051152938,80.07623311640029,80.47644220635718,3307400
2015-05-06,79.9473876953125,80.2458523617627,79.82528898405644,80.2458523617627,2105900
2015-05-07,80.26622009277344,80.32048734942765,79.94740642894293,80.04915624136699,3641200
2015-05-08,80.72746276855469,80.87669510226239,80.60536405690377,80.78172483745901,5393700
2015-05-11,79.91345977783203,80.48325542034085,79.83206409690834,80.45612180163009,3882800
2015-05-12,79.7981185913086,80.02875168416564,79.49965406239012,79.6692352401471,3737200
2015-05-13,79.72351837158203,80.23226200639621,79.69638475670033,80.1847794741552,3263600
2015-05-14,79.994873046875,80.13732068580384,79.77780923871542,79.87277433133465,3094300
2015-05-15,80.55113983154297,80.59862240169835,80.11022729426475,80.18484350096777,1856500
2015-05-18,79.93378448486328,80.36791707752131,79.87273774266254,80.2525979391304,2820500
2015-05-19,79.5064468383789,79.9066611496646,79.49966214152121,79.56749875968336,3562500
2015-05-20,79.60143280029297,79.82528127852252,79.43863625940271,79.62178172100316,2626800
2015-05-21,79.98126983642578,80.00839827091383,79.64888699906794,79.7370725243782,1606900
2015-05-22,79.92700958251953,79.94057380094566,79.70994586125022,79.9202248857028,2858500
2015-05-26,80.27978515625,80.32048818677022,79.91348893283102,79.94740726239611,2232300
2015-05-27,80.36117553710938,80.4154427872354,80.1034086866156,80.28655936198852,2282700
2015-05-28,80.19157409667969,80.37471955078854,80.17122517680188,80.33402171103292,2901000
2015-05-29,80.22550201416016,80.42900160083627,80.13053692043383,80.38151905397311,2845800
2015-06-01,79.7759017944336,80.25885556171336,79.73509040807531,80.17042916138799,5315800
2015-06-02,79.3677749633789,79.57864071933807,79.30655269218748,79.49701794394612,7084900
2015-06-03,78.85760498046875,79.20451731456853,78.7079563191062,79.20451731456853,3307900
2015-06-04,79.2657470703125,79.36097710829516,78.98686058469126,78.98686058469126,2849100
2015-06-05,78.86436462402344,79.04802093985639,78.56506746822029,78.84395894333579,5548400
2015-06-08,78.80999755859375,79.04126901050066,78.80999755859375,78.95964623436764,2131100
2015-06-09,78.45628356933594,78.68075658873659,78.38826285760328,78.68075658873659,6152300
2015-06-10,78.245361328125,78.41541557953434,78.17734066549004,78.34739491689939,1959600
2015-06-11,78.9392318725586,78.95283393720472,78.42226519200814,78.59231954314278,2562600
2015-06-12,78.80315399169922,79.12966049969387,78.72153125693421,78.74193694062546,2437900
2015-06-15,78.78953552246094,79.07522541392576,78.68750193561098,79.04121248842785,1827600
2015-06-16,78.98680877685547,78.98680877685547,78.67390954448062,78.87797155360624,2274100
2015-06-17,78.9800033569336,79.04122040138583,78.54466485312548,78.93238837025596,3824200
2015-06-18,78.83718872070312,78.9052094150282,78.58550644308941,78.80317577871743,1853100
2015-06-19,79.25892639160156,79.32695228093914,78.94602702130629,79.06166791939214,5114500
2015-06-22,78.63311767578125,79.0752599521526,78.59230629907333,78.96642269473674,2547700
2015-06-23,78.45628356933594,78.66035089418156,78.28622919518047,78.28622919518047,1238700
2015-06-24,78.67391967773438,78.71473104688714,78.42904108352755,78.52427107131408,2540000
2015-06-25,78.54469299316406,78.66032868943195,78.4018479819544,78.55149661931105,2567500
2015-06-26,78.18416595458984,78.3134036925167,78.04132096657888,78.2385793859902,2285000
2015-06-29,78.86436462402344,78.96639302746168,78.32699254412421,78.37460752894343,5945700
2015-06-30,78.7147216796875,79.02762091512838,78.63309376145072,78.68070874967772,2668600
2015-07-01,78.46234130859375,78.64652812826783,78.46234130859375,78.46916439196738,4088700
2015-07-02,78.76250457763672,78.89894024008753,78.63971508367516,78.65336125216443,1971000
2015-07-06,79.0762710571289,79.17859646695247,78.8511561964144,79.04898393421018,4845100
2015-07-07,79.40374755859375,79.71754180860955,79.30824518704499,79.5742882512864,3627500
2015-07-08,79.51285552978516,79.61518094078613,79.2877458709669,79.47875052910922,3490600
2015-07-09,78.98760986328125,79.26729382926722,78.9398586883818,79.24001190459987,1427800
2015-07-10,78.48283386230469,78.69430266928845,78.31911103965025,78.55104910283275,2740000
2015-07-13,78.31226348876953,78.50326817167834,78.1621868937734,78.1621868937734,3146100
2015-07-14,78.3805160522461,78.4487312994346,78.2167984180957,78.36005199853851,4364200
2015-07-15,78.58511352539062,78.70108509931795,78.29178345860795,78.35318078650907,1923800
2015-07-16,78.70790100097656,78.76247524563284,78.39410690093257,78.46914518621335,2036600
2015-07-17,78.76250457763672,78.87165310759737,78.71475339690102,78.71475339690102,2268200
2015-07-20,78.57829284667969,78.75565133321219,78.55100572463937,78.61922092749697,2805800
2015-07-21,78.74199676513672,78.7761069629133,78.4486667595087,78.45548983996112,2490900
2015-07-22,78.84434509277344,78.96031147177605,78.68062234119527,78.72837871377081,1292900
2015-07-23,79.0762710571289,79.14448626218244,78.72154886815865,78.81022811427958,2007600
2015-07-24,79.04219055175781,79.20590813551912,78.90575489488327,79.20590813551912,2704700
2015-07-27,79.04900360107422,79.2536544716371,79.00125242520792,79.08311381433064,4836700
2015-07-28,78.98760986328125,79.00807390902563,78.78978208027277,78.87846134666097,2755100
2015-07-29,78.91937255859375,79.00122871866539,78.80340099101514,78.94665968011306,1569200
2015-07-30,78.96026611328125,79.07623242566737,78.85794075344715,78.97390706583327,2157600
2015-07-31,79.3696060180664,79.41053930721233,79.19906539267113,79.20588847494327,3626900
2015-08-03,79.55435943603516,79.61592621698031,79.23967259952059,79.26019485983564,2942800
2015-08-04,79.15072631835938,79.39016657799493,79.10968180266981,79.34911684301294,3823200
2015-08-05,78.84286499023438,79.0207332186421,78.73340601297075,79.0207332186421,2991600
2015-08-06,78.99337768554688,79.07546670877548,78.89760367891888,78.9318056988335,1750800
2015-08-07,79.26698303222656,79.31487001324294,79.04807037339609,79.10963711215021,2907200
2015-08-10,78.95230865478516,79.13701411897998,78.91125893662719,79.06860488110375,1317600
2015-08-11,79.28067779541016,79.49959049567421,79.23279080533023,79.28067779541016,5011600
2015-08-12,79.1575698852539,79.53382868182376,79.1165253690072,79.28070865328654,5062200
2015-08-13,78.8838882446289,79.1233283880617,78.82232150097354,78.9523026966325,1647500
2015-08-14,78.95917510986328,79.03442686512867,78.78814934231326,78.86340109757865,1693600
2015-08-17,79.21224975585938,79.42431991598441,79.07542608860997,79.21909224404415,3313900
2015-08-18,78.91128540039062,79.10967591026728,78.86339839588881,79.02758166571044,2200900
2015-08-19,79.29436492919922,79.34908919128405,78.67182882195728,78.74023806403129,2600100
2015-08-20,79.34222412109375,79.43115558270159,79.22592270909729,79.32169665830229,1760100
2015-08-21,79.36278533935547,79.55433333183394,79.2328041076202,79.36278533935547,2971100
2015-08-24,79.14385986328125,79.75954824877716,79.10281014343515,79.69798149794379,3966000
2015-08-25,78.740234375,79.05492104922968,78.58289364753034,78.91126008181767,2625300
2015-08-26,78.69235229492188,78.8291760004857,78.45291733429855,78.58973582057168,3299400
2015-08-27,78.76759338378906,78.93861907816402,78.46658649151634,78.54183821458452,2957800
2015-08-28,78.91128540039062,79.19177015482413,78.8565559040194,79.1575629147691,1901200
2015-08-31,78.71285247802734,79.23277197482405,78.71285247802734,79.21224972956576,1250200
2015-09-01,79.189697265625,79.23772407839364,78.7917578258106,78.94270073294918,3856800
2015-09-02,79.07310485839844,79.21718537576653,78.88099750190763,78.88099750190763,1824500
2015-09-03,79.45042419433594,79.54647782647224,79.1897027060828,79.29261880752323,11303000
2015-09-04,79.62882232666016,79.72487597786352,79.43671502425343,79.56707579425716,1648600
2015-09-08,79.25830841064453,79.4641406049946,79.24458870713526,79.42297625993665,1892300
2015-09-09,79.42984008789062,79.47786690595498,79.03876307378633,79.05935048255441,2079100
2015-09-10,79.27203369140625,79.34750514735889,79.1485354211683,79.29261586402421,2566500
2015-09-11,79.32693481445312,79.51217963019313,79.292627698616,79.29949016868962,2333300
2015-09-14,79.3200912475586,79.46417174625537,79.23090005346978,79.43672709395139,1732500
2015-09-15,78.72319030761719,79.23090857806899,78.65458128674155,79.13484966740378,3090400
2015-09-16,78.8672103881836,78.93582459101493,78.73685491876728,78.7711567856542,2918300
2015-09-17,79.51904296875,79.54648761481324,78.82608005061313,78.85352469667639,4106700
2015-09-18,79.75918579101562,79.84837697456561,79.58766066028227,79.64254995840452,4692400
2015-09-21,79.35435485839844,79.65623539914469,79.32004775319736,79.54646208465405,3209900
2015-09-22,79.69747924804688,79.8278348533341,79.54653621973452,79.6220077338907,4001000
2015-09-23,79.64942169189453,79.73861812621088,79.53964831020157,79.67000910833622,2435200
2015-09-24,79.66313171386719,79.94443020482089,79.64254953581344,79.9032658487134,2378100
2015-09-25,79.42301940917969,79.55337498419334,79.3475479125509,79.40929446368372,2858800
2015-09-28,79.56018829345703,79.69741149095584,79.38180075397345,79.47785437495774,3099400
2015-09-29,79.66313171386719,79.69057636278269,79.46416193512844,79.52591370382122,2267100
2015-09-30,79.64942169189453,79.67686634595091,79.47103929232689,79.50534118399797,4404200
2015-10-01,79.6314926147461,79.76222423170535,79.52139730611383,79.63836963431066,6459600
2015-10-02,79.98242950439453,80.15444952971777,79.83105104216855,80.05811873550752,3480100
2015-10-05,79.7691421508789,79.86547296416713,79.67969360986429,79.76225987860528,7567200
2015-10-06,79.92740631103516,79.96868944715955,79.57648390507035,79.76914553983194,3241200
2015-10-07,80.20952606201172,80.23016763253707,79.7622727852954,79.98245828695993,5884900
2015-10-08,79.89298248291016,80.20949870549858,79.80353395792908,80.20949870549858,2175000
2015-10-09,79.92740631103516,80.00997258328394,79.81042867595633,79.87923565270893,3798800
2015-10-12,80.25076293945312,80.29892832612434,80.03745983414257,80.03745983414257,860400
2015-10-13,80.1888427734375,80.25764972260419,79.98241667630373,80.23700816281755,2147200
2015-10-14,80.50534057617188,80.51222284440883,80.20946603757329,80.39524528291076,1976500
2015-10-15,80.47095489501953,80.47095489501953,80.23701021195146,80.40214794409562,4233500
2015-10-16,80.49846649169922,80.52599031781267,80.38837643687849,80.45030110840895,3055300
2015-10-19,80.49161529541016,80.49849231692,80.25766532320742,80.46409146046662,2510700
2015-10-20,80.3402328491211,80.40215753745113,80.19573666004986,80.2576613483799,4190100
2015-10-21,80.73931884765625,80.75996566097157,80.53978023232057,80.53978023232057,2497700
2015-10-22,80.91134643554688,81.04208335058212,80.65676012685957,80.7186848236856,2396900
2015-10-23,80.6154556274414,80.78747562809781,80.6154556274414,80.74618725818928,3682800
2015-10-26,80.75992584228516,80.80120894929173,80.59478291499461,80.75992584228516,3771900
2015-10-27,80.78059387207031,80.98013770405723,80.75995231180164,80.95949614378854,2809600
2015-10-28,80.46408081054688,80.75307316475202,80.38150931664511,80.7049077723845,4693300
2015-10-29,79.89984130859375,80.25075828414165,79.8172698292473,80.23699899573381,2942100
2015-10-30,80.10629272460938,80.12005726790694,79.87234798490205,79.94803722413327,2664100
2015-11-02,79.7619400024414,79.96205278345863,79.7412395879572,79.90685343303466,6241700
2015-11-03,79.76885223388672,79.84475727323442,79.65154636020485,79.76885223388672,2672700
2015-11-04,79.67916107177734,79.89997433026241,79.66535728178263,79.7895650687182,4176400
2015-11-05,79.69982147216797,79.8516314982606,79.51351251761838,79.7412222921566,3743100
2015-11-06,79.1823501586914,79.27205375816688,79.10644508813344,79.23755480357079,4306200
2015-11-09,79.05117797851562,79.2236884089957,78.96147444992218,79.03737946050146,3253200
2015-11-10,79.2513198852539,79.39622806845169,79.05810897432353,79.1478125359405,2228800
2015-11-11,79.24440002441406,79.28580611351296,79.16850026770221,79.21680298448318,910900
2015-11-12,79.21685028076172,79.49286296167371,79.17544416694138,79.1823460633455,3102000
2015-11-13,79.45145416259766,79.4859583765614,79.34105015420069,79.41694994863391,2618900
2015-11-16,79.46521759033203,79.56182302283591,79.36860689322693,79.49971652216843,2558400
2015-11-17,79.54802703857422,79.69983709442369,79.25821071264437,79.32031195480002,3857700
2015-11-18,79.56871032714844,79.63771871193778,79.40310178577535,79.49280531556064,1713300
2015-11-19,79.8033447265625,79.88614638307847,79.65843656305776,79.67913697718676,2890500
2015-11-20,79.78958892822266,79.87929779620384,79.68608679532888,79.78958892822266,2344900
2015-11-23,79.8171615600586,79.87236618680257,79.67915525780164,79.72745799005187,1948100
2015-11-24,79.84477996826172,79.92068502918463,79.75507638017287,79.79647722627479,1659500
2015-11-25,79.92066955566406,79.9827760773965,79.82406409039409,79.87236682302908,609600
2015-11-27,79.94830322265625,80.0449087258121,79.94830322265625,79.98280744432837,409200
2015-11-30,79.98280334472656,80.01040040312364,79.90689827262254,79.94139722792131,4925000
2015-12-01,80.5841293334961,80.59797241568984,79.96824416559834,80.0236059351954,5961700
2015-12-02,80.39036560058594,80.50108913589752,80.307328228691,80.41804648441384,6138300
2015-12-03,79.32461547851562,80.05814514751242,79.2761752882636,79.98202409431855,4515400
2015-12-04,79.75372314453125,79.77448248803422,79.43540089177837,79.43540089177837,3120500
2015-12-07,79.89208221435547,80.15504784572853,79.71216447451586,79.7329238076061,3094600
2015-12-08,79.78832244873047,80.00284269598748,79.73296068182908,79.99592115522765,3754100
2015-12-09,79.76756286621094,79.87136486581214,79.53228326139798,79.69836329300648,3394600
2015-12-10,79.58071899414062,79.90596277737261,79.58071899414062,79.78140144080693,4722600
2015-12-11,79.71908569335938,79.86441159320711,79.44920378721913,79.77444743810265,7949600
2015-12-14,79.1308822631836,79.58068720329345,79.01324251441865,79.476885251024,6442800
2015-12-15,79.13780212402344,79.32464141047939,78.84716088749796,78.93711976177876,3822600
2015-12-16,79.12397003173828,79.32465242184045,78.68108657757735,79.10321069476,2540900
2015-12-17,79.2139663696289,79.40080575790269,79.12400216673578,79.34544926334081,2327500
2015-12-18,79.2139663696289,79.41464884123519,79.18628548255329,79.24856351878142,2566200
2015-12-21,79.26932525634766,79.51152640995036,79.20704194279885,79.41464594850927,3026000
2015-12-22,79.16548156738281,79.29695910748416,79.08936049067796,79.1862409011048,2204900
2015-12-23,79.2347183227539,79.24855612520602,79.03403586987051,79.08247609783623,1923200
2015-12-24,79.49286651611328,79.49286651611328,79.24997705539435,79.34713072189084,920100
2015-12-28,79.39572143554688,79.49981087913676,79.25692668662984,79.36102142469804,2422500
2015-12-29,78.98628997802734,79.37490471769233,78.97934891639653,79.30550998482055,2965700
2015-12-30,78.98628997802734,79.14590262866331,78.92383630678636,78.95158996435208,1890600
2015-12-31,79.11812591552734,79.29855112159488,79.11118485545472,79.2291564043014,1228200
2016-01-04,79.07650756835938,79.39573288968289,79.03487178491679,79.21530233729983,8333700
2016-01-05,79.11812591552734,79.27079747025954,79.04873119823385,79.1736385126756,4474300
2016-01-06,79.43038177490234,79.47895859237997,79.31935131830038,79.4442638910251,4522400
2016-01-07,79.49286651611328,79.58307912229493,79.2846770624907,79.50674334226517,4820000
2016-01-08,79.55528259277344,79.74958983397364,79.41649321890908,79.47200579176969,4363500
2016-01-11,79.29851531982422,79.53446360546897,79.27076168101911,79.45118680562814,4161500
2016-01-12,79.47898864746094,79.74269600875442,79.31938131302564,79.31938131302564,2616600
2016-01-13,79.72186279296875,79.80513962728733,79.48591970411547,79.61083230835466,5649800
2016-01-14,79.32630157470703,79.7496161876979,79.29160686701348,79.73573936351588,4735300
2016-01-15,79.20832824707031,79.45121237333983,79.09729777269435,79.3471176636595,5977900
2016-01-19,78.85445404052734,79.19449730880393,78.84057720861888,79.13897939221022,3374300
2016-01-20,78.97240447998047,79.06955815423159,78.7711560706094,79.0001581344995,6175300
2016-01-21,78.74337005615234,79.1042256801273,78.66703429626752,78.9793130998136,3928300
2016-01-22,78.79193115234375,78.94460264164529,78.66007753986055,78.71559540769299,2932000
2016-01-25,78.70867156982422,78.90991991388775,78.54906428298253,78.54906428298253,2485200
2016-01-26,78.93074035644531,78.95849929733512,78.72255624148656,78.7711330644246,4002200
2016-01-27,78.71563720703125,78.90994455314997,78.56296563665852,78.78503193143392,2535900
2016-01-28,78.80583953857422,78.9376932038728,78.60459115792595,78.60459115792595,4187100
2016-01-29,79.21528625488281,79.26386309053005,79.04179679978866,79.26386309053005,2022700
2016-02-01,78.962646484375,79.0600878471798,78.72600469189362,78.99048763234151,8696800
2016-02-02,79.1087875366211,79.16446450388662,78.90694326359011,79.09486431218903,5881200
2016-02-03,78.91390228271484,79.3036729279191,78.81646094895238,79.01134361647729,3732100
2016-02-04,78.94869232177734,79.12269543406988,78.87909213889104,78.99045136947841,3367500
2016-02-05,78.93475341796875,78.99739197286274,78.73290922416784,78.84426842514121,4334400
2016-02-08,79.34542083740234,79.40110310891811,78.99741460565934,79.10181753721298,3265200
2016-02-09,79.07398223876953,79.40110897038133,79.06005901478592,79.10878498857447,3346900
2016-02-10,79.17139434814453,79.29667676699164,79.08091466625856,79.16443273872189,3738300
2016-02-11,79.43592071533203,79.68648569061946,79.27584078177091,79.34544098376074,5333600
2016-02-12,78.99047088623047,79.2271179386983,78.76774705987216,79.1157533704417,4180600
2016-02-16,78.6146011352539,79.01828961544904,78.56588047799956,79.01828961544904,4972200
2016-02-17,78.5937271118164,78.74685070537456,78.41972399371011,78.57980919883556,5008100
2016-02-18,79.23403930664062,79.26188043642938,78.70507377111181,78.78163555049277,3810700
2016-02-19,79.17838287353516,79.32454486018453,79.04613880031025,79.20622401053798,3587300
2016-02-22,79.33845520019531,79.37325794566516,79.19229322749814,79.25493710731317,4556800
2016-02-23,79.49856567382812,79.55424796022417,79.03223847311025,79.17143887894525,2832100
2016-02-24,79.57510375976562,79.91614836946607,79.5333394023457,79.69342460045608,3402200
2016-02-25,80.02056884765625,80.11801018608406,79.74912436058524,79.74912436058524,4531800
2016-02-26,79.99272155761719,80.01360108422462,79.74215661801954,79.97880364326366,5422500
2016-02-29,80.04841613769531,80.09017519732797,79.88833089217833,79.93705156513478,5231900
2016-03-01,79.6121597290039,80.35208688980217,79.52141032769681,80.35208688980217,8301800
2016-03-02,79.77265930175781,79.7866231977033,79.45155892866781,79.54230294965002,3519600
2016-03-03,80.14960479736328,80.20544972994594,79.77265949092916,79.77964143891846,3614600
2016-03-04,80.13566589355469,80.14962446729305,79.89134558496212,80.0937795210052,2040600
2016-03-07,80.22640228271484,80.24734280415808,79.91926043310289,79.91926043310289,3616900
2016-03-08,80.65221405029297,80.87558849791705,80.58938715763816,80.81276160526222,3279800
2016-03-09,80.56147003173828,80.6522140704102,80.40091715106206,80.41487572406277,3205800
2016-03-10,80.89653015136719,81.03613718595918,80.55448918864994,80.91049405022659,4459000
2016-03-11,81.12687683105469,81.23856138021303,80.9523653958909,81.18272176846703,4603500
2016-03-14,81.36421203613281,81.39213450559727,81.119897085402,81.27346800462323,2997400
2016-03-15,81.33633422851562,81.55273215427277,81.24559014717839,81.55273215427277,6599400
2016-03-16,81.72720336914062,81.75512584016154,81.1548060273791,81.21762759292602,3975400
2016-03-17,81.97850799560547,82.15301946165492,81.72721105844087,81.72721105844087,3341900
2016-03-18,82.16696166992188,82.30657401035432,82.02037270671748,82.27166959382966,3315200
2016-03-21,82.06925964355469,82.25772970105423,81.96455168909148,82.02737859203651,2948600
2016-03-22,81.91569519042969,82.22981907875779,81.86683218455664,82.22981907875779,3762900
2016-03-23,82.32752227783203,82.32752227783203,81.8877500211657,82.08320199049885,5338700
2016-03-24,82.29261779785156,82.55089665751966,82.22979623304045,82.55089665751966,2601500
2016-03-28,82.34151458740234,82.50206752837462,82.27171104485006,82.32755600915945,3274500
2016-03-29,82.7114486694336,82.7882341365678,82.44619317203083,82.56485968463204,3758500
2016-03-30,82.61370849609375,82.71143446918344,82.50202395213387,82.71143446918344,3877600
2016-03-31,82.94178009033203,82.96970255412265,82.57181676502071,82.63463831430056,7853500
2016-04-01,83.20921325683594,83.27221085336026,82.73321183426752,83.05521201121236,6809800
2016-04-04,83.21619415283203,83.24419485967692,83.06219827606826,83.23019717654886,4138700
2016-04-05,83.48218536376953,83.48918153396366,82.99218108019589,83.0831846985989,6944700
2016-04-06,83.41222381591797,83.42622150319357,83.23722335172606,83.3492208717019,4793600
2016-04-07,83.63617706298828,83.6781754417371,83.47517437680561,83.60817636362663,3591900
2016-04-08,83.44723510742188,83.5732356770114,83.39823518261434,83.56623416186997,2060900
2016-04-11,83.4402084350586,83.5382082551267,83.2862125325156,83.36320781349228,1998600
2016-04-12,83.1112289428711,83.32822782550872,83.02722679124166,83.21622495666948,3553400
2016-04-13,83.39820098876953,83.41220401331107,83.09019853592467,83.13919844064189,2502200
2016-04-14,83.34219360351562,83.46119794124027,83.23719762991841,83.42619572298209,1864000
2016-04-15,83.6922378540039,83.73424160582842,83.39823829418968,83.51024117826641,3789500
2016-04-18,83.783203125,83.783203125,83.53819826354388,83.53819826354388,2827400
2016-04-19,83.93719482421875,83.94419099502885,83.69919150196516,83.81119432198766,2577100
2016-04-20,83.70621490478516,84.27321464281654,83.68521570568619,84.04221277154826,3040900
2016-04-21,83.67120361328125,83.78320645045976,83.53120540739735,83.76220725363609,3579500
2016-04-22,83.7621841430664,83.93718452243208,83.6851835488985,83.93718452243208,1651800
2016-04-25,83.56621551513672,83.78321971136941,83.51021942827383,83.77621819779029,2923600
2016-04-26,83.53123474121094,83.65023379206029,83.38423497123391,83.65023379206029,3286600
2016-04-27,84.0632095336914,84.0632095336914,83.59420963211119,83.71320865061548,3091100
2016-04-28,84.14027404785156,84.18927399506714,83.87427509733756,83.93027656289642,3503200
2016-04-29,84.2312240600586,84.29422166320077,83.89522082152943,84.05622359720994,2924600
2016-05-02,84.12242126464844,84.2628039892961,84.06626817478939,84.19260994944557,6771200
2016-05-03,84.26981353759766,84.39615530390054,84.15751272035787,84.25577794358757,3732700
2016-05-04,84.12943267822266,84.23471837160493,84.03116745907995,84.22769789736536,4228200
2016-05-05,84.2978744506836,84.31893051532116,83.96096670637857,84.19960924567363,4466000
2016-05-06,84.11540985107422,84.26281306659678,84.01012949006379,84.26281306659678,3045000
2016-05-09,84.03117370605469,84.19260714019622,83.95396454883806,84.19260714019622,6202800
2016-05-10,84.17156219482422,84.20665921821671,83.99608778796957,84.09435302740387,5469900
2016-05-11,84.2627944946289,84.39615137420088,84.05222310891115,84.1153913115948,3416600
2016-05-12,84.08731842041016,84.2978844468069,83.99606832275748,84.2978844468069,2681900
2016-05-13,84.2417221069336,84.26979864504497,84.07326823331736,84.16451832094239,4328100
2016-05-16,83.96096801757812,84.24172269053278,83.94692707089912,84.24172269053278,2968400
2016-05-17,83.93291473388672,84.08733305982649,83.88378211700167,83.95397080468695,3386000
2016-05-18,83.21697998046875,83.84166843286519,83.13275569343794,83.84166843286519,7022100
2016-05-19,83.41350555419922,83.46965864562185,83.25909258536731,83.25909258536731,5759900
2016-05-20,83.46965789794922,83.51879051374053,83.30822445537211,83.47667837307755,2977700
2016-05-23,83.46965789794922,83.51177539366569,83.32226005057528,83.46965789794922,2842000
2016-05-24,83.32930755615234,83.51881760566273,83.21700133788305,83.51881760566273,3498100
2016-05-25,83.47667694091797,83.49773301088821,83.31523814605708,83.33629957108073,4793800
2016-05-26,83.7153091430664,83.84165090224943,83.4977226403273,83.4977226403273,4858600
2016-05-27,83.6521224975586,83.81356123677483,83.54683682894378,83.72231115828461,2762800
2016-05-31,83.79953002929688,83.87673917158284,83.46262227664191,83.52579047212015,3170400
2016-06-01,83.85868835449219,84.05577019512492,83.78830274999154,83.95722927480855,5528700
2016-06-02,84.0276107788086,84.18246232319976,83.92203506224838,83.95722517774274,2709400
2016-06-03,84.70332336425781,84.70332336425781,84.41474078494979,84.49920672942095,2998800
2016-06-06,84.49919128417969,84.68219274196802,84.47807077436451,84.68219274196802,6401500
2016-06-07,84.62590789794922,84.7807540833972,84.59071240984704,84.68925333244009,3663400
2016-06-08,84.9074478149414,84.91448798636944,84.69629100279691,84.7314811197823,2478800
2016-06-09,85.02706909179688,85.14672509917462,84.97779865522517,85.10449483070596,2885400
2016-06-10,85.12564849853516,85.27345987515965,85.08341284087297,85.09749318345278,4209200
2016-06-13,84.99893951416016,85.27344708243504,84.94262889244314,85.27344708243504,3979900
2016-06-14,84.80884552001953,85.18189378457348,84.78069022476048,85.11150823146257,6301100
2016-06-15,85.12564849853516,85.23122421749746,84.92152649174592,85.09749318345278,5589500
2016-06-16,85.2523422241211,85.35088313897269,85.0693353665065,85.11156565284944,4550700
2016-06-17,84.99893951416016,85.22417663095177,84.94966906267688,85.22417663095177,2673200
2016-06-20,84.89334106445312,84.9566864733615,84.80184035044927,84.94261150585142,4549700
2016-06-21,84.81594848632812,85.00599015744682,84.75260305264771,84.96375986832655,4396400
2016-06-22,84.97079467773438,84.97783484883597,84.81594313396211,84.83705827718975,4090400
2016-06-23,84.88634490966797,84.95673052386435,84.81595929547159,84.92154040180523,3942700
2016-06-24,85.28753662109375,85.51981394779521,85.0834146100601,85.0834146100601,5294900
2016-06-27,85.646484375,85.86468129307856,85.58313359131785,85.58313359131785,7323900
2016-06-28,86.11803436279297,86.1461896571198,85.74498611059066,85.75202627669069,5555700
2016-06-29,86.08991241455078,86.35738512922202,86.02656700533414,86.23772373946497,5325800
2016-06-30,86.3926010131836,86.46298661223061,86.08290330336133,86.18144421604255,5398300
2016-07-01,86.84498596191406,86.92967490144432,86.64031205038786,86.80263610755208,4396300
2016-07-05,87.14141845703125,87.21905358396415,86.95085755106959,87.13435924969258,4415000
2016-07-06,87.29667663574219,87.339021104722,87.09200272801183,87.26138598852783,6770300
2016-07-07,87.3108139038086,87.41668049024642,87.13437138794495,87.25435100642865,2597100
2016-07-08,87.79772186279297,87.81183488276562,87.41660570840722,87.55070362881897,3835300
2016-07-11,87.5719223022461,87.85423131278868,87.55780389019088,87.71307411521913,3000200
2016-07-12,87.07789611816406,87.40254965507319,87.0708422954425,87.39549583235163,4363000
2016-07-13,87.41667938232422,87.55783123938686,87.32493121369333,87.4378516224238,3738500
2016-07-14,87.2049560546875,87.2896504092432,86.95793758464856,86.97205600270725,7254900
2016-07-15,86.87323760986328,87.16260593075889,86.8097208865048,87.00027644117868,4442600
2016-07-18,86.87323760986328,87.1273152724941,86.68974126376204,87.09908920740041,4737300
2016-07-19,87.02847290039062,87.09905418854244,86.82379901086219,87.09905418854244,7196300
2016-07-20,87.00025939941406,87.02849084357618,86.76735940812205,86.94380189568723,3676800
2016-07-21,87.09906005859375,87.12728611424123,86.66854001791489,86.7249975138065,3570100
2016-07-22,87.04967498779297,87.24023591580412,86.88029168424828,86.9296953721404,3748200
2016-07-25,87.00025939941406,87.17670188697923,86.9508557182797,87.17670188697923,3295600
2016-07-26,86.91557312011719,87.2049360086178,86.78853430978586,87.2049360086178,4929300
2016-07-27,87.27552032470703,87.33197783211521,86.95086138797178,87.08495941033644,5976800
2016-07-28,87.19078826904297,87.24725113662376,86.98611441250914,87.08492173847783,5276100
2016-07-29,87.50843811035156,87.54372877117474,87.16261224959953,87.16261224959953,4226100
2016-08-01,87.01522827148438,87.34780746235514,87.00107297899585,87.26289190341082,4827700
2016-08-02,86.52694702148438,86.80291575605584,86.4066540651144,86.63309008831817,4526700
2016-08-03,86.64017486572266,86.78877301206016,86.45619389464052,86.7038574718697,6037600
2016-08-04,87.00812530517578,87.19918390753536,86.84537727955465,86.93028741512717,3413100
2016-08-05,86.6543197631836,87.00812639559835,86.61894233913858,86.94444379312087,3888300
2016-08-08,86.7109375,86.87368554151222,86.49157909680474,86.56941159579239,4161300
2016-08-09,87.22039794921875,87.2628530104376,86.85951373287898,86.95150149840643,4259100
2016-08-10,87.46807861328125,87.54591650654419,87.23456493349246,87.46100096880437,6338800
2016-08-11,87.17796325683594,87.57423040709074,87.0788978189376,87.53176993466182,4227600
2016-08-12,87.57421112060547,87.78649184135351,87.51760076894189,87.57421112060547,6585200
2016-08-15,87.30535888671875,87.48933992351753,87.30535888671875,87.4751900277621,2980700
2016-08-16,87.149658203125,87.41147167373987,87.11427537801758,87.40439402898615,4526300
2016-08-17,87.39024353027344,87.50346425090075,87.1638074876799,87.21334020328908,4566900
2016-08-18,87.60249328613281,87.70155867619272,87.3902072224851,87.56003283420796,4237900
2016-08-19,87.34070587158203,87.53175907850152,87.22041291171935,87.41854376294276,5272100
2016-08-22,87.6379165649414,87.72283211457476,87.4893184020793,87.6308389194732,5221000
2016-08-23,87.73697662353516,87.90680771238146,87.67329401421381,87.77943709507741,5398800
2016-08-24,87.68032836914062,87.92091419489726,87.67325072760111,87.86430385989851,3871200
2016-08-25,87.59544372558594,87.79357456922224,87.57421619214786,87.6874315033712,3679300
2016-08-26,87.31946563720703,88.06245622123103,87.26285528833091,87.77941527417046,3388100
2016-08-29,87.81481170654297,87.92095478400238,87.53884294434523,87.60253095028534,2668000
2016-08-30,87.70158386230469,87.81479916974678,87.6095906889313,87.80064928081417,10626500
2016-08-31,87.66618347167969,87.77940415509018,87.58126795912182,87.75109898423754,5300000
2016-09-01,87.66617584228516,87.70874083811567,87.31854908017743,87.40367907183848,10146300
2016-09-02,87.5101089477539,87.68037436701215,87.33274755733989,87.67328380849645,4155700
2016-09-06,87.815185546875,87.9003209771639,87.38951922071247,87.59525911776323,6387400
2016-09-07,87.6946029663086,87.99966490184445,87.6946029663086,87.93581196003156,2983400
2016-09-08,87.0773696899414,87.54560648220534,87.02770870403235,87.43918853735977,4632300
2016-09-09,86.42469024658203,86.82197817681967,86.37502925530232,86.6304301854957,8136000
2016-09-12,86.43177795410156,86.59494744728285,86.23313400798091,86.35373848774822,5164100
2016-09-13,86.14797973632812,86.54526754172123,85.87839235590286,86.54526754172123,13637100
2016-09-14,86.20475769042969,86.35374065375711,86.09124376828971,86.19056574384133,4444000
2016-09-15,86.261474609375,86.33951404635704,85.98479130103489,86.19053114283848,3441100
2016-09-16,86.36082458496094,86.42467209778053,86.19764969779814,86.37501111692941,6832400
2016-09-19,86.33244323730469,86.48852214697219,86.27568628603636,86.41757325156638,5997100
2016-09-20,86.44599151611328,86.7013925017346,86.41761302741722,86.53822295753632,5026100
2016-09-21,86.88580322265625,86.90708572456633,86.2827755470955,86.46722750540984,4651400
2016-09-22,87.24050903320312,87.33983096453616,87.04895572803274,87.06314766830278,8544300
2016-09-23,87.17668914794922,87.29020306254897,87.14831066929928,87.23344610524909,6284600
2016-09-26,87.31146240234375,87.41078434494513,87.19085795956207,87.2263269889826,5027000
2016-09-27,87.52430725097656,87.57396822739605,87.31147140195564,87.50301933596208,4571800
2016-09-28,87.58106231689453,87.62363273599905,87.43917535358798,87.60944079208397,8094600
2016-09-29,87.54560852050781,87.57398700063679,87.31858609211758,87.39662555931187,5409100
2016-09-30,87.3895034790039,87.58105139684865,87.14828917628975,87.58105139684865,5224600
2016-10-03,87.14197540283203,87.45494590660415,87.14197540283203,87.4336076253045,5555900
2016-10-04,86.73653411865234,87.18465431851868,86.73653411865234,87.08507205188171,6890100
2016-10-05,86.6440658569336,86.8859123943568,86.5444835847084,86.8076684052046,4168600
2016-10-06,86.65118408203125,86.87168691885591,86.53026352163238,86.64406951176454,5909300
2016-10-07,86.85745239257812,86.92146723652841,86.5587056004907,86.7720938404847,2545900
2016-10-10,86.85745239257812,86.86456696195917,86.61560587505993,86.85745239257812,2246100
2016-10-11,86.58718872070312,86.78635331838622,86.55873586005865,86.60141243761123,3416600
2016-10-12,86.70097351074219,86.72942636442099,86.48047067826523,86.63695866008511,2327800
2016-10-13,86.91438293457031,87.01396522706062,86.82190978666652,86.8503626454963,4204300
2016-10-14,86.50891876220703,86.850342133874,86.50180419247286,86.67963044804051,2208900
2016-10-17,86.79344177246094,86.82900919649458,86.63695921646308,86.63695921646308,2698800
2016-10-18,87.00680541992188,87.00680541992188,86.71517326548795,86.72228240637833,2944100
2016-10-19,87.12062072753906,87.18463555939196,86.89300339179762,86.94990365561397,5010500
2016-10-20,87.09220123291016,87.32692779974793,87.07797209138822,87.32692779974793,2646800
2016-10-21,87.14197540283203,87.19176653480666,86.99260200690813,87.149084545381,3502500
2016-10-24,86.89301300048828,87.17042148951091,86.79342531744015,87.17042148951091,3816500
2016-10-25,86.82905578613281,86.98554385292404,86.76504090071634,86.84327950728206,6611600
2016-10-26,86.46625518798828,86.72232548469495,86.4591460435665,86.69387262652445,10256000
2016-10-27,86.07501983642578,86.29552265052509,85.87585530410043,86.29552265052509,11643100
2016-10-28,85.97541046142578,86.16746036366256,85.95406675955522,86.03231071927293,5629800
2016-10-31,86.05369567871094,86.21017824634555,86.02524282273353,86.18173081719553,5377300
2016-11-01,85.94525909423828,86.05936497957535,85.70990856425068,85.88820343100598,9303000
2016-11-02,86.0737075805664,86.15928570981457,85.94533494556183,86.00951854249794,4798100
2016-11-03,85.90248107910156,86.01659242742184,85.83829752651783,85.94527555528595,6320500
2016-11-04,86.15921783447266,86.22340682197368,86.03084530059863,86.03084530059863,4242900
2016-11-07,86.10218811035156,86.13071051033509,85.98094342533958,86.06652694867816,4352400
2016-11-08,85.9096450805664,86.13786241758432,85.8169336577915,86.07367884207795,3632400
2016-11-09,84.64730834960938,85.360488117142,84.51893577380831,85.20358769770405,9216200
2016-11-10,84.57595825195312,84.92542014092217,84.44759115942739,84.51890802453993,9063900
2016-11-11,84.21223449707031,84.6187465839559,84.16944002820556,84.54029640568608,6011900
2016-11-14,83.7771987915039,84.16231638389017,83.57037607849307,83.67022077565306,7148700
2016-11-15,84.0339584350586,84.19085882671553,83.84853020481597,83.91271920191602,4840300
2016-11-16,84.15522003173828,84.19800908042323,83.90560817919224,83.93413602535897,5417800
2016-11-17,83.62027740478516,83.99826158345468,83.52756604962379,83.94833924742525,6106200
2016-11-18,83.14960479736328,83.76293967275846,83.0996824443022,83.73441727769075,9801400
2016-11-21,83.2352066040039,83.40636821767951,83.14962307660132,83.29226228893897,5077200
2016-11-22,83.44913482666016,83.52045168844157,83.28510114754793,83.51331836992509,3693100
2016-11-23,83.14246368408203,83.27083620596524,82.75734611843242,82.94277430362538,6098300
2016-11-25,83.14960479736328,83.34929965073599,83.05689341057226,83.34929965073599,876100
2016-11-28,83.52762603759766,83.56328176543936,83.34933107499778,83.42064797181163,3125200
2016-11-29,83.6417007446289,83.67022858092558,83.40635017602771,83.47053916797732,3926200
2016-11-30,83.32791900634766,83.3921080129486,83.07117930333284,83.12822954781966,11333400
2016-12-01,82.86096954345703,83.06835503115433,82.66788405742386,82.93963319244337,11597800
2016-12-02,83.23992156982422,83.44730690614061,83.06829439546667,83.06829439546667,7533500
2016-12-05,83.41876983642578,83.5760971485004,83.03260428567916,83.1541734064881,4107500
2016-12-06,83.41161346435547,83.51172984840646,83.3901607329065,83.45451892725339,9040100
2016-12-07,83.76197814941406,83.86209448247683,83.56889820877329,83.60465638026612,8069200
2016-12-08,83.41876983642578,83.56179168962053,83.36155891277429,83.54033895723472,5941700
2016-12-09,83.096923828125,83.4544837507175,82.9896602160924,83.34006741257225,8875100
2016-12-12,83.01827239990234,83.11124148522501,82.86095059384137,82.99681967434549,7302800
2016-12-13,83.20415496826172,83.36148213543534,83.05398052394024,83.36148213543534,6232700
2016-12-14,82.67501068115234,83.57606326761692,82.65355795746325,83.57606326761692,6133700
2016-12-15,82.73222351074219,82.98966711287794,82.6392544313459,82.83948713168884,9352800
2016-12-16,82.6678695678711,82.95391865441766,82.6321168420106,82.86095502006135,7852000
2016-12-19,83.06834411621094,83.11124957149912,82.91816411083681,83.09694411578121,5777400
2016-12-20,83.01827239990234,83.04687785262222,82.82519241395845,82.90385604495506,3750000
2016-12-21,83.28280639648438,83.29711184010075,83.03966841428742,83.03966841428742,4199600
2016-12-22,83.28861236572266,83.33163529585573,83.10217055036087,83.17387725753969,3773400
2016-12-23,83.41766357421875,83.45351418246517,83.33878457685921,83.35312372598388,1291700
2016-12-27,83.2671127319336,83.30296335518142,83.18106138856949,83.252768105937,2542800
2016-12-28,83.57543182373047,83.66864998165262,83.2742549464623,83.41767380965435,1731700
2016-12-29,83.89807891845703,83.99846934445071,83.65427516129179,83.74749327946651,3309500
2016-12-30,84.02716827392578,84.15624248362856,83.8622379895232,83.89809406422299,2388400
2017-01-03,84.0988998413086,84.18495116353341,83.55391907562573,83.8622628083432,5822600
2017-01-04,84.38574981689453,84.38574981689453,84.13477357966744,84.27818700926245,4999200
2017-01-05,84.83748626708984,84.85899772917374,84.40724061280088,84.47178046992289,7071100
2017-01-06,84.3929443359375,84.60089769317916,84.3427490752842,84.52201864488498,4496000
2017-01-09,84.55781555175781,84.66537831935199,84.52196494313951,84.62235540066216,3561400
2017-01-10,84.50759887695312,84.59365016336459,84.45023135267883,84.5577940929761,4259600
2017-01-11,84.63670349121094,84.89485197236067,84.39289963171963,84.54348533391193,7133600
2017-01-12,84.62952423095703,84.9235287712402,84.62235739158652,84.91635646099995,3922600
2017-01-13,84.4574203491211,84.59366687847688,84.17776045161031,84.48610411692596,4045300
2017-01-17,84.8231430053711,85.00241247520977,84.68689645761529,84.92353347081115,8443000
2017-01-18,84.26380920410156,84.62234808450434,84.19926936077711,84.57931969866499,6026200
2017-01-19,83.97700500488281,84.14910219301274,83.84075843422485,84.11325157554077,3371300
2017-01-20,84.12757110595703,84.1562548757668,83.82639972925887,83.99132456707798,4570600
2017-01-23,84.51481628417969,84.6510628593183,84.12759349499981,84.28535153550322,8747800
2017-01-24,84.26380920410156,84.44307864430296,84.14190182690407,84.3785388009785,5129700
2017-01-25,83.94117736816406,84.07742398500244,83.7977639079247,84.02005641255757,5886400
2017-01-26,84.04154205322266,84.07739814269806,83.76905437417145,83.94115156773688,4033200
2017-01-27,84.14190673828125,84.19927427550284,84.05586090331833,84.14907904815132,3816700
2017-01-30,83.9985122680664,84.14192567252287,83.96982849300097,84.1060750568441,3651000
2017-01-31,84.1490707397461,84.29965640693268,83.95546215932588,84.02716883833821,4982500
2017-02-01,84.04554748535156,84.16059236046372,83.78670200199075,83.96645550512234,3626900
2017-02-02,84.06709289550781,84.33312997860423,84.03833168498603,84.22527681055757,7145600
2017-02-03,84.16060638427734,84.43382977973403,83.98085285119315,84.31159869379097,5243200
2017-02-06,84.4266586303711,84.50575064301039,84.24690505358068,84.43385030942298,4494500
2017-02-07,84.57042694091797,84.72141921958097,84.33315100917267,84.42662085244747,3228900
2017-02-08,84.86524963378906,84.94434163882086,84.72863517316264,84.85087176271206,6287200
2017-02-09,84.52727508544922,84.86521250717355,84.46975814066026,84.86521250717355,4692700
2017-02-10,84.50576782226562,84.57048197560076,84.31163633355008,84.37634500124028,4881600
2017-02-13,84.46980285644531,84.46980285644531,84.31161883184575,84.4194720745858,3723500
2017-02-14,84.26846313476562,84.49854746231334,83.98804803199319,84.49854746231334,4404100
2017-02-15,84.20374298095703,84.20374298095703,84.03118113029096,84.08869809008476,3632700
2017-02-16,84.44099426269531,84.53446409496571,84.2756186518346,84.35471061977137,4037700
2017-02-17,84.65670013427734,84.75017545770127,84.57760816167603,84.74298378228997,3104800
2017-02-21,84.6926498413086,84.78611967557708,84.48413514734887,84.53446590205357,3656200
2017-02-22,84.75735473632812,84.96586942112549,84.51289264868744,84.87959126578906,4259100
2017-02-23,84.97310638427734,84.99467593460743,84.87963650429914,84.95872851260513,4247900
2017-02-24,85.40449523925781,85.4692093617912,85.16003307459069,85.28945583401514,5388800
2017-02-27,85.20316314697266,85.39010833205118,85.17440192729582,85.39010833205118,5083400
2017-02-28,85.26069641113281,85.40449704213235,85.20317396447604,85.28945763446121,4290600
2017-03-01,84.75672149658203,84.79998317667979,84.63415865412327,84.79277197990824,6524600
2017-03-02,84.62696075439453,84.69906173237585,84.53323718376409,84.67742813866205,4687900
2017-03-03,84.71344757080078,84.73507565605316,84.44668835145075,84.72786446079226,4926300
2017-03-06,84.56209564208984,84.71349782920994,84.50441704684403,84.69908093066527,3464400
2017-03-07,84.14390563964844,84.44670991155132,84.06459897312172,84.36019754845435,5999600
2017-03-08,83.88433837890625,83.97806741821672,83.74735866846326,83.97806741821672,7933300
2017-03-09,83.4301528930664,83.64643930588154,83.38689671060975,83.6248112146532,5497200
2017-03-10,83.6392593383789,83.6825155341421,83.45901785532092,83.6825155341421,4789100
2017-03-13,83.35806274414062,83.63202775141055,83.35806274414062,83.55993227586922,3171600
2017-03-14,83.4301528930664,83.48783147002985,83.36526311884957,83.42294169581301,3598500
2017-03-15,84.15116119384766,84.21604550037169,83.5671804329928,83.66090404259462,7841600
2017-03-16,84.02857208251953,84.16555185376279,83.99252158977856,84.15834615564093,3116900
2017-03-17,84.22319030761719,84.29528575821105,84.12225557667973,84.17272294214847,4440500
2017-03-20,84.41790008544922,84.44673938339035,84.22324170001369,84.2520809979548,2939600
2017-03-21,84.62696075439453,84.69185053447126,84.37462383305693,84.42509121732445,5032300
2017-03-22,84.84326934814453,84.92978723839244,84.69186716561077,84.86489744557315,3905800
2017-03-23,84.78556823730469,84.91534228794445,84.67742227834955,84.90092539366535,4504900
2017-03-24,84.87207794189453,84.9441734074201,84.72788151031197,84.72788151031197,3158300
2017-03-27,85.0523452758789,85.13885766066186,84.92978239708098,85.13885766066186,3492100
2017-03-28,84.87207794189453,85.13883171439224,84.85044985229001,85.02348006965764,4834900
2017-03-29,85.14608764648438,85.14608764648438,84.94421803673883,85.01631354014305,3457100
2017-03-30,84.92252349853516,85.10276486630508,84.88647302476917,85.02345822444391,2667700
2017-03-31,85.00906372070312,85.03069181044603,84.92254586119999,84.98022443420209,5772300
2017-04-03,85.39076232910156,85.39076232910156,85.02207395973518,85.04376053756737,3713700
2017-04-04,85.16665649414062,85.32569875524071,85.16665649414062,85.29678147909465,3016200
2017-04-05,85.27510833740234,85.35462948048232,85.08714877053991,85.21727377599738,6753900
2017-04-06,85.3545913696289,85.39073933321876,85.16663188669045,85.36182206542786,2012600
2017-04-07,85.14494323730469,85.62206987110623,85.12325666584185,85.54977394569043,2121700
2017-04-10,85.30404663085938,85.41248508135322,85.23898686980829,85.2968159300508,2766200
2017-04-11,85.70162963867188,85.75223350004863,85.49198349428039,85.49198349428039,3534200
2017-04-12,85.98356628417969,85.98356628417969,85.67271241682322,85.88958374483946,2886300
2017-04-13,86.1281509399414,86.17875480356787,85.94742206764585,86.07031637710904,3286700
2017-04-17,85.96187591552734,86.17874723398846,85.91849723950952,86.16429135225385,2933700
2017-04-18,86.46788024902344,86.50402821214874,86.13533994680894,86.22931692936798,3616800
2017-04-19,86.20765686035156,86.33778184604006,86.14259712521057,86.2944086892794,1839400
2017-04-20,86.08477020263672,86.16429134068387,85.9546452054147,86.09922608436938,3264000
2017-04-21,86.08477020263672,86.23658178016122,86.07753950406688,86.22935108159137,3892400
2017-04-24,85.96908569335938,86.04860681716734,85.83896071943781,85.97631639063447,3193400
2017-04-25,85.62931823730469,85.88956819613658,85.60040647779559,85.84619504146669,3541100
2017-04-26,85.83897399902344,85.86789127719139,85.62210268587408,85.64378926564832,3320400
2017-04-27,85.91851806640625,85.98358333850149,85.74501986649949,85.83899690907225,4391000
2017-04-28,86.01970672607422,86.0341681235131,85.73777014549444,85.81729128518691,4478000
2017-05-01,85.7529525756836,86.0501492742689,85.66596534346773,85.94866693520342,3479800
2017-05-02,86.00662994384766,86.02837536210787,85.74567386398353,85.79641501671429,2858200
2017-05-03,85.96315002441406,86.18786562696332,85.89791375715171,86.16612020454254,2854900
2017-05-04,85.79645538330078,85.79645538330078,85.65872696235817,85.71671845858384,1540100
2017-05-05,85.8254165649414,85.8254165649414,85.62969672659995,85.81091593153843,2887300
2017-05-08,85.67320251464844,85.80368057776268,85.60796071790539,85.80368057776268,3886500
2017-05-09,85.68771362304688,85.68771362304688,85.57173617326873,85.62247734449159,3012400
2017-05-10,85.80372619628906,85.91970368606701,85.70224381884282,85.91970368606701,4282600
2017-05-11,85.84716796875,85.87616370720589,85.64420332993042,85.68044385522155,2263500
2017-05-12,86.28213500976562,86.30388044160605,86.10091570392964,86.11541634540615,3165000
2017-05-15,86.27488708496094,86.31838348022406,86.17340471330448,86.23139622007231,3752700
2017-05-16,86.39808654785156,86.52131430364201,86.29660421598032,86.32559442762441,3996400
2017-05-17,86.92725372314453,86.97075010640509,86.68804297151678,86.68804297151678,7304300
2017-05-18,86.91275787353516,86.94899840717441,86.76777914785944,86.92000819241217,4825400
2017-05-19,86.9635009765625,86.9635009765625,86.76778107514617,86.86201863152182,2907800
2017-05-22,86.89102172851562,86.93451258567735,86.84028055170245,86.89826651779359,2852900
2017-05-23,86.62281036376953,86.99249922010267,86.5938146171578,86.99249922010267,5154200
2017-05-24,86.760498046875,86.81123919703123,86.53578249872264,86.67351084787693,5274800
2017-05-25,86.79674530029297,86.81849071913716,86.65902247082273,86.81849071913716,2806200
2017-05-26,86.86199951171875,86.91999099051223,86.78226261097066,86.85474919427661,2054800
2017-05-30,87.06498718261719,87.07223750197677,86.95625451371656,86.98525026078161,3898300
2017-05-31,87.16646575927734,87.17371607832311,86.99974160346304,87.06498341412882,4428500
2017-06-01,87.18537139892578,87.19264082180582,86.97460249496409,86.98914134072419,9430000
2017-06-02,87.59235382080078,87.63596480490095,87.43246536224663,87.54874838164456,5130100
2017-06-05,87.34526062011719,87.48335192250481,87.33799119763765,87.40340491006405,3198500
2017-06-06,87.5996322631836,87.69411811767735,87.54148797502505,87.69411811767735,1806700
2017-06-07,87.4906005859375,87.6504945830144,87.44699514853242,87.55601428698884,5702400
2017-06-08,87.3380126953125,87.4979067595509,87.2144602074723,87.4979067595509,3895200
2017-06-09,87.25077056884766,87.3161787290286,87.10540986020547,87.17808744205453,6884700
2017-06-12,87.27262115478516,87.41797639820538,87.1563325240913,87.18540468176477,4075100
2017-06-13,87.36705780029297,87.36705780029297,87.18536106444387,87.18536106444387,4822000
2017-06-14,87.96302795410156,88.16652742281855,87.78860063019337,87.93395580929275,6852800
2017-06-15,87.75225830078125,87.8467441568254,87.64323914493127,87.8467441568254,6624700
2017-06-16,87.82492065429688,87.8758010571524,87.76678192021447,87.82492065429688,4314800
2017-06-19,87.7159194946289,87.83220252421862,87.6723085067064,87.83220252421862,7827700
2017-06-20,87.91217041015625,87.99938686176881,87.75227635467276,87.83949280628532,6906500
2017-06-21,87.95575714111328,87.99936813010935,87.81767138663535,87.90488227473836,5462700
2017-06-22,88.0284423828125,88.10838939545143,87.92669264762564,88.07931725040594,3520800
2017-06-23,88.0720443725586,88.07931379477094,87.97756406357604,88.02116950696114,5495700
2017-06-26,88.2319564819336,88.34823953645042,88.21015375577078,88.26829251055639,3808600
2017-06-27,87.83221435546875,88.05025268961842,87.81041163104281,88.03571384337101,4736500
2017-06-28,87.92666625976562,87.92666625976562,87.67228645319625,87.87579140744036,3933900
2017-06-29,87.65776824951172,87.73044583035454,87.46153268179772,87.48334094650015,6954200
2017-06-30,87.58506774902344,87.71588957828408,87.55599561530524,87.69408686423107,4567700
2017-07-03,87.39561462402344,87.69438770149651,87.39561462402344,87.69438770149651,5759500
2017-07-05,87.54136657714844,87.55594412970525,87.37376364069617,87.46849549348626,5406900
2017-07-06,87.31547546386719,87.36648578477745,87.08228463117621,87.28632591481731,11548000
2017-07-07,87.24260711669922,87.27903988437713,87.15515846679752,87.2280295618615,9803900
2017-07-10,87.38836669921875,87.41022747611795,87.25719647811424,87.36650592231955,2234500
2017-07-11,87.4247817993164,87.43935379347337,87.24989007089377,87.3737714802053,4340900
2017-07-12,87.81101989746094,87.89846855777517,87.72357123714671,87.81101989746094,6779600
2017-07-13,87.6579818725586,87.76000252154496,87.53410045017635,87.72356419274624,3977400
2017-07-14,87.86200714111328,88.02961563941743,87.72354818858845,87.97131654785882,5302000
2017-07-17,87.94217681884766,87.99318713972875,87.7745683018338,87.86201694893337,5899000
2017-07-18,88.32106018066406,88.32106018066406,88.11701901185651,88.21175638287778,4775300
2017-07-19,88.29195404052734,88.39397466864662,88.24093816676046,88.31381480945187,4144200
2017-07-20,88.37213897705078,88.5178867532545,88.31384542627848,88.48144841927628,1925200
2017-07-21,88.57616424560547,88.61988578794119,88.48871560122618,88.49600437818475,3634000
2017-07-24,88.47412109375,88.53970339056542,88.40124446212432,88.51784262496028,2647900
2017-07-25,87.949462890625,88.16079294483394,87.92760211944956,88.13164339669741,7043100
2017-07-26,88.24092864990234,88.31380528473395,87.91300603198673,87.94215557397804,9355500
2017-07-27,88.0223159790039,88.12433659676283,87.95672811918364,88.05874873694256,2769100
2017-07-28,88.25552368164062,88.25552368164062,88.02233285922837,88.0587656241538,2312200
2017-07-31,88.25552368164062,88.26281245850882,88.10978150252338,88.10978150252338,3689900
2017-08-01,88.5755615234375,88.5755615234375,88.09333605647335,88.1371727082536,7390500
2017-08-02,88.43669891357422,88.61935898099955,88.40747263386501,88.53168014187196,6728600
2017-08-03,88.5609130859375,88.60474972162865,88.47323424021192,88.48785016833784,6520500
2017-08-04,88.21752166748047,88.34903716444042,88.10062210037381,88.33442680893107,5095700
2017-08-07,88.23942565917969,88.28326786727634,88.10791018357584,88.22481530604284,10816400
2017-08-08,87.81564331054688,88.16634746849633,87.80102738559943,88.15173711789097,9992700
2017-08-09,87.90332794189453,88.1298302131638,87.8960255528176,88.09329597040795,7465800
2017-08-10,87.8741226196289,87.99833573001669,87.72068879727897,87.92526722707889,8053400
2017-08-11,88.03485870361328,88.04947463299158,87.74260143382901,87.89604082058217,10910500
2017-08-14,87.97639465332031,88.1517467514582,87.93986041130118,87.98369704224999,3051500
2017-08-15,87.8741226196289,87.9325751922415,87.75722304874787,87.80105969103525,4710000
2017-08-16,88.12250518798828,88.26132859437101,87.88870057290994,87.89600853491474,5190200
2017-08-17,88.21024322509766,88.2906085637334,88.02758307274866,88.11525637829507,8973800
2017-08-18,88.15176391601562,88.43671322135239,88.12253763157804,88.42940525665705,4350900
2017-08-21,88.27596282958984,88.31249707515754,88.2028999127977,88.29057318321098,3666200
2017-08-22,88.18828582763672,88.25404635616405,88.14444919151406,88.24673839202916,2390100
2017-08-23,88.5243911743164,88.53169356459371,88.31250479505674,88.3709517889937,4590000
2017-08-24,88.35633087158203,88.50245670047147,88.32710459093553,88.40747546912763,2929800
2017-08-25,88.5609130859375,88.61936564975456,88.37094504070373,88.41478725073817,5488000
2017-08-28,88.5609130859375,88.59744733190898,88.40747928667521,88.53899476809194,5200500
2017-08-29,88.6266860961914,88.91893780775143,88.57554148923398,88.88240913097847,3499700
2017-08-30,88.6997299194336,88.6997299194336,88.582824800514,88.6193590437621,2573700
2017-08-31,88.85319519042969,88.88972944662288,88.73629003008732,88.74359799619494,4549400
2017-09-01,88.50155639648438,88.801912020673,88.49423473910278,88.77993587042533,7946000
2017-09-05,89.05094146728516,89.12420271974815,88.76524046763583,88.80187109386733,7357000
2017-09-06,88.73592376708984,89.08023148141677,88.69929873540384,89.03627920777437,8863700
2017-09-07,89.08026123046875,89.23409982864082,88.89711924373299,88.91177373253979,7698800
2017-09-08,88.8165512084961,89.0216693737709,88.80922955191545,89.0216693737709,6776600
2017-09-11,88.54551696777344,88.77993855926746,88.53086247446353,88.63342157142644,4220300
2017-09-12,88.45024871826172,88.50885549298344,88.31106461460969,88.50885549298344,4615800
2017-09-13,88.36235046386719,88.52351072230174,88.34769597461401,88.50886182209862,5671300
2017-09-14,88.58213806152344,88.58213806152344,88.31841308425508,88.31841308425508,4333500
2017-09-15,88.6553955078125,88.67737724722828,88.4869079623185,88.63341935744819,4631300
2017-09-18,88.56748962402344,88.62609641684736,88.46493053110727,88.6114419241157,4971700
2017-09-19,88.61873626708984,88.68466469274955,88.52349886684897,88.60408177979926,5296800
2017-09-20,88.50885009765625,88.70664096397306,88.30373198768348,88.69199206571042,6603300
2017-09-21,88.50885009765625,88.69199206571042,88.50152285400029,88.53082623957486,3410000
2017-09-22,88.6260757446289,88.72863481362296,88.56746896547514,88.6846769347326,2099200
2017-09-25,88.95573425292969,88.9777103991237,88.69200932050077,88.72863995685772,3489900
2017-09-26,88.94109344482422,88.97771849546338,88.79457647511481,88.86051050874677,10290700
2017-09-27,88.5967788696289,88.64805840789656,88.37700622616731,88.53084484097023,6695500
2017-09-28,88.72862243652344,88.74327133474341,88.45757031253494,88.48687369802418,6350800
2017-09-29,88.80924224853516,88.86052179718504,88.604118464884,88.7872605084981,7627300
2017-10-02,88.89227294921875,88.95838315784833,88.70864157544794,88.84820321278889,7218100
2017-10-03,89.09053039550781,89.09053039550781,88.81875415103613,88.86282945801945,7569400
2017-10-04,89.03913879394531,89.0979021503825,88.86285432861588,89.0979021503825,5376300
2017-10-05,88.91426849365234,88.98771988524922,88.81877664099262,88.98771988524922,3932800
2017-10-06,88.84077453613281,88.8701562013438,88.56165712259784,88.64245530093316,5901300
2017-10-09,88.91426849365234,88.92895653037893,88.78205374718516,88.89222803258951,1312200
2017-10-10,88.9730224609375,89.1713473741954,88.91426471254786,88.9436407847518,3873400
2017-10-11,88.92896270751953,89.10524718039342,88.87754616943205,89.10524718039342,7170900
2017-10-12,88.95100402832031,89.01711421293982,88.84082412327629,88.95835084971864,10302500
2017-10-13,89.30354309082031,89.35495961219662,89.17132837814114,89.29619627234354,5755800
2017-10-16,89.1786880493164,89.28886232244392,89.09054302683305,89.27417428735403,4886100
2017-10-17,89.16401672363281,89.23746812542623,89.06853046169965,89.07587167909108,4476900
2017-10-18,89.03178405761719,89.09054740882975,88.9069161392767,88.95098585069532,3272500
2017-10-19,89.16401672363281,89.28154344968847,89.09791214321356,89.28154344968847,4143300
2017-10-20,88.9216079711914,88.99506496533382,88.80408686773087,88.86285022145206,7280400
2017-10-23,89.00971221923828,89.1051984222989,88.9803305558398,89.05378191234637,2675800
2017-10-24,88.78938293457031,88.92159766312533,88.76734808047468,88.78938293457031,4686200
2017-10-25,88.5543212890625,88.61308462677314,88.43680021762154,88.56901492548033,8866600
2017-10-26,88.54702758789062,88.73065891378505,88.5396807657395,88.73065891378505,9420100
2017-10-27,88.81143951416016,88.84081558896602,88.64249626212415,88.66453112021966,6915900
2017-10-30,89.10523986816406,89.13462154522895,88.66452592015438,88.66452592015438,5236600
2017-10-31,88.9803466796875,89.14194305567189,88.96565864731633,89.14194305567189,5932800
2017-11-01,89.12103271484375,89.22413898676061,89.00319376472713,89.15049245237292,5967400
2017-11-02,89.1063232421875,89.22416222299239,89.04004302963865,89.22416222299239,13253900
2017-11-03,89.20940399169922,89.25359640628044,89.0473838678023,89.18731059384373,5307500
2017-11-06,89.23147583007812,89.29775600345678,89.15046298336964,89.25356922120434,9576900
2017-11-07,89.15784454345703,89.19467061652188,89.08419801619722,89.12838480877915,7643200
2017-11-08,89.04004669189453,89.19470614640825,89.02531400925203,89.17261274131658,7185500
2017-11-09,88.80436706542969,88.92956676327529,88.75281391814788,88.82646046871166,7232300
2017-11-10,88.29617309570312,88.48765857191242,88.21516022572497,88.44346615809786,5816600
2017-11-13,88.3108901977539,88.46554957165195,88.3108901977539,88.45081689668879,3646400
2017-11-14,88.3329849243164,88.45081823145391,88.28879251762925,88.3624446558181,6112500
2017-11-15,88.7086181640625,88.73071718538688,88.26673325838915,88.42875903487271,7141900
2017-11-16,88.60549926757812,88.76015868161703,88.57603952887492,88.6423253456748,5051200
2017-11-17,88.71599578857422,88.8043750284987,88.65707629529123,88.75282187659411,5521500
2017-11-20,88.71599578857422,88.81910209238336,88.65707629529123,88.68653604193273,3190600
2017-11-21,89.01055908203125,89.0694785564132,88.8706267350917,89.04001881922223,4372100
2017-11-22,89.35667419433594,89.38613392171011,89.09890860339742,89.15046172158512,4111500
2017-11-24,89.25360870361328,89.38617472788131,89.23887602376627,89.29779550541228,1359700
2017-11-27,89.20207214355469,89.30517844616602,89.1431526509562,89.23153188985394,6049200
2017-11-28,89.32720947265625,89.40085597753988,89.238830295475,89.29038341078035,5176400
2017-11-29,88.97374725341797,89.01793967571624,88.83382050294193,88.97374725341797,7606300
2017-11-30,88.87063598632812,89.06948782834965,88.7233429039107,89.0621214885675,6119600
2017-12-01,89.14532470703125,89.63269680814773,88.90902188717705,89.21178223422292,13958300
2017-12-04,89.28562927246094,89.29300968603374,89.04194041087491,89.18962755697969,5766700
2017-12-05,89.4554672241211,89.47761973222474,89.22655046184553,89.35208509703514,4541900
2017-12-06,89.62531280517578,89.75084744077964,89.60315466309564,89.70654242442613,4801500
2017-12-07,89.44803619384766,89.77295450637719,89.30773516844673,89.71387742520808,8295200
2017-12-08,89.33733367919922,89.43332977511365,89.28564260695232,89.36686660570801,5135100
2017-12-11,89.40379333496094,89.51456153066104,89.37425477384728,89.41855979856554,4521500
2017-12-12,89.33733367919922,89.34471409387425,89.18964087713356,89.31517553346112,10153000
2017-12-13,89.64749908447266,89.75088125084487,89.41857660130088,89.4850397847719,7205800
2017-12-14,89.80994415283203,89.8394827148156,89.51456416690088,89.56625524189597,8022200
2017-12-15,89.93549346923828,89.97979850248005,89.7139570352183,89.86903028547006,5846000
2017-12-18,89.66966247558594,89.92073187182218,89.65489600741577,89.88381288444367,6371100
2017-12-19,89.2118148803711,89.49242845494437,89.09366624416052,89.477656354227,6029200
2017-12-20,88.97547149658203,89.13054468013317,88.9090139753043,89.0197821446703,9805700
2017-12-21,89.21524810791016,89.23744741607292,89.00064538599389,89.01544868863955,6210400
2017-12-22,89.2818374633789,89.29663511786286,89.16343364428795,89.22263555383343,2934900
2017-12-26,89.40026092529297,89.43726354067702,89.24486010313153,89.30406202942343,1873000
2017-12-27,89.89610290527344,89.90349891441225,89.50389423438475,89.60009881127435,3179300
2017-12-28,89.83687591552734,89.89607784698649,89.70367439264773,89.88867619410236,2493200
2017-12-29,89.95526123046875,90.00706150161412,89.73326248804837,89.73326248804837,3003300
2018-01-02,89.35586547851562,89.88126988996082,89.17086368663463,89.777669338172,8480600
2018-01-03,89.51866149902344,89.57786342314692,89.3188564165582,89.49646218892869,5087600
2018-01-04,89.48904418945312,89.54824610276184,89.34104505198653,89.37804201345058,7710100
2018-01-05,89.45944213867188,89.60744127432838,89.36324326507567,89.60744127432838,5796500
2018-01-08,89.4520492553711,89.56305144089539,89.37064802904031,89.55564978964559,3897200
2018-01-09,89.12643432617188,89.37063231642507,89.11163102627489,89.34103700824049,7621600
2018-01-10,89.18568420410156,89.28188877385313,88.73428491036051,88.83788548870214,6050500
2018-01-11,89.40026092529297,89.5038614734006,89.16345886593174,89.16345886593174,5192600
2018-01-12,89.41507720947266,89.47427914435846,89.20787608317958,89.24487305812778,4463000
2018-01-16,89.4964599609375,89.67406008308043,89.40765707696299,89.67406008308043,7410200
2018-01-17,89.25226593017578,89.55566593645221,89.16346303658412,89.51126731255974,11240700
2018-01-18,88.90447235107422,89.10427747424407,88.80827343913042,88.92667166569146,6399400
2018-01-19,88.6306381225586,88.8822434446702,88.59364115911649,88.79344056995924,6797800
2018-01-22,88.54927062988281,88.80087038598894,88.5270656698082,88.63066623359393,5096700
2018-01-23,88.93404388427734,88.94144553530246,88.73424447304335,88.77864308758302,6144000
2018-01-24,88.87484741210938,88.88965071506645,88.67504798863578,88.7564492174821,5679000
2018-01-25,89.32624816894531,89.32624816894531,88.80084385364127,88.81564151012908,7042100
2018-01-26,89.20781707763672,89.25961732494727,89.05241068990154,89.25961732494727,6391300
2018-01-29,88.9710464477539,89.08204298404587,88.80084234909705,88.94884149469,5732400
2018-01-30,88.66764831542969,88.86005173752332,88.57884543312355,88.8008498159859,6662600
2018-01-31,88.85265350341797,88.96365569911863,88.58625049205888,88.92665308528301,6751200
2018-02-01,88.46014404296875,89.00921564966467,88.40078342036904,88.97211950624526,12272400
2018-02-02,88.00753784179688,88.29691382920217,87.90365957252017,88.29691382920217,8681500
2018-02-05,88.05946350097656,88.541758626495,87.71814843116327,87.73298575552896,14486000
2018-02-06,87.88136291503906,88.1633172872611,87.84426112301097,87.992656969246,10467500
2018-02-07,87.63654327392578,88.18561493996359,87.61428445328038,88.14851879253494,8862300
2018-02-08,87.25814819335938,87.6291437262061,87.22846787141853,87.51042809938528,10957000
2018-02-09,86.97613525390625,87.16163289583628,86.96129227242612,87.14678991435616,8719000
2018-02-12,86.97613525390625,87.27293261318206,86.96129227242612,87.0280743672091,7814800
2018-02-13,86.94648742675781,86.96874624635298,86.65711145013893,86.87970530703143,8730500
2018-02-14,86.62740325927734,86.81290091079613,86.56062682198133,86.67192088414134,11013300
2018-02-15,87.0355453491211,87.15426096377362,86.85746343572931,86.94650439242521,4953400
2018-02-16,87.29524230957031,87.37686177247129,87.15426220802463,87.2433031659917,6319800
2018-02-20,86.9241943359375,87.11711346460233,86.90935135476553,87.07259018202511,8786200
2018-02-21,86.4493408203125,87.04293000282499,86.3974016960809,86.96131057032677,6387200
2018-02-22,86.56807708740234,86.86487458008098,86.54581826611617,86.69421418198483,7227100
2018-02-23,86.96870422363281,86.99096303247266,86.72384600451818,86.84998868950758,8005600
2018-02-26,87.08000946044922,87.36938531562589,87.0577506501954,87.25066411302083,5072000
2018-02-27,86.70162963867188,87.19876214924996,86.59032987904997,87.19134631663184,7279500
2018-02-28,86.86486053466797,86.93164264866961,86.77581960297925,86.82034289929382,7963400
2018-03-01,86.77558135986328,86.91695427942581,86.58955928106856,86.73093220063109,11679100
2018-03-02,86.50027465820312,86.67885428085643,86.45563117177576,86.58212483461587,5335000
2018-03-05,86.47047424316406,86.74578887374904,86.3886241010156,86.69370293574015,10168400
2018-03-06,86.544921875,86.82023663270469,86.53004260453082,86.79047241482223,8363400
2018-03-07,86.51515197753906,86.70861654260237,86.4853934385543,86.68629479989194,4070400
2018-03-08,86.68624114990234,86.83505646049949,86.56718435987247,86.67879868129043,6410000
2018-03-09,86.38121032714844,86.58955982534053,86.34400931732165,86.5523531385704,7773800
2018-03-12,86.4928207397461,86.5225849524071,86.38864883390413,86.45561973162717,8555600
2018-03-13,86.50027465820312,86.61188905121539,86.39610273857672,86.57468236123002,8625900
2018-03-14,86.69371032714844,86.83508321268788,86.50768829312216,86.51512508708501,5765700
2018-03-15,86.78298950195312,86.84251790997898,86.64161662906854,86.67138083308146,5268200
2018-03-16,86.87975311279297,86.93183906768361,86.58211665187073,86.61932333833975,10754700
2018-03-19,86.58955383300781,86.76069095564306,86.58211136078016,86.68628326419544,8095300
2018-03-20,86.28446197509766,86.4556047490039,86.25469776759475,86.33654791899224,6445000
2018-03-21,86.23238372802734,86.4853766759124,85.95706904175826,86.1356543027157,7312600
2018-03-22,86.38121032714844,86.53003139728565,86.3068026305515,86.45562370068872,10966600
2018-03-23,86.10591888427734,86.33658449396472,86.0984764100132,86.29194100226897,6120800
2018-03-26,86.4110107421875,86.46309671932057,86.314281263782,86.35892476505443,5834800
2018-03-27,86.72347259521484,86.77555853650018,86.35886532927555,86.35886532927555,5000200
2018-03-28,86.95410919189453,87.04340178024916,86.80529388824344,86.89458079965812,4771600
2018-03-29,87.34854125976562,87.40806969725665,87.0211405305093,87.14019740549134,5930800
2018-04-02,87.301513671875,87.36121348446692,87.10003392098665,87.23435565267471,4393500
2018-04-03,87.07017517089844,87.26419669547148,87.03286136849661,87.26419669547148,3773500
2018-04-04,87.07017517089844,87.20449688894332,87.04032526763436,87.10748897330026,5259600
2018-04-05,87.10004425048828,87.12243025954322,86.93587259303456,87.01795842176142,5171000
2018-04-06,87.36119079589844,87.36119079589844,87.16716930200775,87.25671899763869,4772500
2018-04-09,87.40601348876953,87.44332730691099,87.19706977107174,87.19706977107174,3611300
2018-04-10,87.42837524414062,87.63731889025784,87.31643952135286,87.46568335621163,5201300
2018-04-11,87.4880599975586,87.6074596072952,87.39105208461267,87.57760970486105,2483800
2018-04-12,87.24922943115234,87.45817296620112,87.23430733291357,87.3984788799617,2588100
2018-04-13,87.27911376953125,87.35373567674665,87.18956406490084,87.18956406490084,4427800
2018-04-16,87.28660583496094,87.30152794390463,87.09258425896235,87.12243417013816,2323600
2018-04-17,87.29402160644531,87.42087938903306,87.24178571401005,87.29402160644531,6702900
2018-04-18,86.84628295898438,87.27163401545026,86.83136085756695,87.26417581138433,6888000
2018-04-19,86.51797485351562,86.61498277886844,86.38365312202615,86.59259677250144,4058600
2018-04-20,86.16725158691406,86.43589506864674,86.1597876865082,86.40604516031112,4679700
2018-04-23,86.12991333007812,86.16722712822803,86.00305552562642,86.1448411266526,4380000
2018-04-24,85.87618255615234,86.14482591419002,85.8090188700003,86.04781233344654,5984700
2018-04-25,85.6075439453125,85.69708794076705,85.48068615622819,85.68216583928647,3756100
2018-04-26,85.86128997802734,85.95083969853027,85.75681815075106,85.83144007119303,6027200
2018-04-27,86.05526733398438,86.09258112168747,85.98064545186286,86.00303144717084,3369800
2018-04-30,85.98070526123047,86.15979904155917,85.94339144757137,86.09264100891914,6388500
2018-05-01,85.7479476928711,85.96497494839679,85.68059165031929,85.93503956388385,6051500
2018-05-02,85.68057250976562,85.8751496108369,85.68057250976562,85.86018477671888,3608100
2018-05-03,85.69554138183594,85.92753341847161,85.66560600459434,85.89011276952225,4122600
2018-05-04,85.81532287597656,85.95751456619077,85.66565161966132,85.95751456619077,3733800
2018-05-07,85.71800231933594,85.87515878752177,85.68806693831148,85.84522340649731,3870900
2018-05-08,85.68807983398438,85.71801521951397,85.50847323039774,85.63569433670531,5069300
2018-05-09,85.67310333251953,85.78535387598507,85.52342642524846,85.55336180670267,3906600
2018-05-10,86.1071548461914,86.11464011919215,85.85271266007041,85.94251309771764,5103000
2018-05-11,86.25684356689453,86.2718084053543,86.12213718239188,86.23439345440929,4254000
2018-05-14,86.09969329833984,86.26432937167179,86.09969329833984,86.15955836610074,4808300
2018-05-15,85.44857788085938,85.88263228180047,85.31387153951867,85.6955404582489,5970000
2018-05-16,85.33634185791016,85.57581922039614,85.30640647390057,85.49349834176745,4210800
2018-05-17,85.17170715332031,85.3587990366794,85.1043568159148,85.31389881174239,3272300
2018-05-18,85.5234375,85.56085815906106,85.28396012694566,85.30641023854592,4154700
2018-05-21,85.57576751708984,85.57576751708984,85.38867576226036,85.42609639706116,2593300
2018-05-22,85.48600769042969,85.6057435013476,85.41116638531729,85.50845779812742,3230000
2018-05-23,85.85270690917969,85.91257766999429,85.560844087196,85.6207148480106,5771100
2018-05-24,86.09219360351562,86.12212898717775,85.97993734218029,86.04729338281774,4436900
2018-05-25,86.34661102294922,86.37654639802135,86.234360503415,86.34661102294922,3997600
2018-05-29,86.8031234741211,86.96776519734605,86.256818530245,86.38403960379537,6831700
2018-05-30,86.46633911132812,86.67588099474166,86.2642767883307,86.5187245821815,5083900
2018-05-31,86.42894744873047,86.63848940239909,86.33166174441004,86.55617424310643,6303300
2018-06-01,86.2630386352539,86.43569662584092,86.1879639672842,86.23300991354463,4479700
2018-06-04,86.06785583496094,86.30807988410886,86.06785583496094,86.2555310523388,3714900
2018-06-05,86.12792205810547,86.29307145522142,86.09789333297702,86.27805995635404,3901500
2018-06-06,85.81262969970703,85.9327446091676,85.7000291313304,85.88770438181695,4754900
2018-06-07,86.09789276123047,86.37564844388523,85.76758251440465,85.76758251440465,7185200
2018-06-08,85.95526123046875,86.0678675216643,85.90271239156334,86.03033018213449,2935600
2018-06-11,85.87268829345703,85.88019690724644,85.75257910979744,85.80512795153493,2905100
2018-06-12,85.88021850585938,85.95528748045051,85.74509206063708,85.76761218027485,3396500
2018-06-13,85.79757690429688,86.01528077736504,85.56486153846842,85.91018314586887,4906500
2018-06-14,86.18798828125,86.19549689564379,85.94776416720072,86.0903992037094,4915800
2018-06-15,86.06785583496094,86.3756402132162,86.02280988816294,86.31558849647405,5887100
2018-06-18,85.977783203125,86.07537799705615,85.89520563628818,86.06036076996182,4723200
2018-06-19,86.0228042602539,86.07535881597879,85.9327238273375,86.0002841520248,4278700
2018-06-20,85.5423583984375,86.0378237018204,85.50482679288578,86.0378237018204,7731500
2018-06-21,85.47477722167969,85.64743516536454,85.47477722167969,85.50480593523173,15921600
2018-06-22,85.57991027832031,85.6474706162331,85.39223503648189,85.42977237580712,6728500
2018-06-25,85.497314453125,85.66246954705186,85.48230295703739,85.60992071965627,3243900
2018-06-26,85.7825927734375,85.79760999938182,85.49732848182472,85.56489454378702,10345300
2018-06-27,86.07538604736328,86.07538604736328,85.94025962784644,86.02283147501188,9776300
2018-06-28,85.9627456665039,86.00778587935685,85.78257336030762,86.00778587935685,6241300
2018-06-29,86.00782012939453,86.21050689533894,85.96277989860567,86.06036897444638,7855600
2018-07-02,86.01910400390625,86.14711299131976,85.95887090095644,86.14711299131976,4806200
2018-07-03,86.33537292480469,86.3880804912119,86.07182934807476,86.07182934807476,2518100
2018-07-05,86.6064453125,86.61397660696821,86.403146319414,86.41820316365596,4730600
2018-07-06,86.7269058227539,86.80220151840021,86.65913567538689,86.77208209120302,2465600
2018-07-09,86.78713989257812,86.81725931811484,86.61395463191532,86.65913089787387,5161600
2018-07-10,86.68924713134766,86.86996367791357,86.67419029148024,86.7720741123505,6624000
2018-07-11,86.8624038696289,86.884991994361,86.68169312708122,86.7946337507417,4071400
2018-07-12,87.0506820678711,87.0506820678711,86.83232053025597,86.8925593843622,3324800
2018-07-13,87.11844635009766,87.20127333820619,87.0657387890007,87.12597764302387,4273800
2018-07-16,86.97537231445312,87.06572483631517,86.80971836478285,86.96784102273382,2653700
2018-07-17,86.91511535644531,87.02806172992655,86.87746465038784,86.98287973371934,6157000
2018-07-18,86.90006256103516,86.99794635876779,86.85488056272732,86.99794635876779,3527600
2018-07-19,87.0356216430664,87.1485680611467,86.86997340720123,86.89256154187859,5098600
2018-07-20,86.77962493896484,86.88504007584446,86.68174109606066,86.8473893506614,5139900
2018-07-23,86.43323516845703,86.68171609573363,86.3805276152189,86.62900854249548,4716300
2018-07-24,86.70428466796875,86.71934150348642,86.4482725066393,86.4482725066393,4446700
2018-07-25,86.81725311279297,86.8925487989064,86.7419516819869,86.8925487989064,7376300
2018-07-26,86.90006256103516,87.00547764926768,86.80217301861107,86.90758810684358,5860900
2018-07-27,87.01303100585938,87.15609684762602,86.9377353108692,87.15609684762602,5497600
2018-07-30,86.89257049560547,86.96033490662026,86.82480033989663,86.83233163379629,6467600
2018-07-31,87.16361999511719,87.23891568307101,87.07326172275695,87.1259692787939,6081600
2018-08-01,86.85628509521484,86.96201352469576,86.73544931194107,86.77321193465593,7255900
2018-08-02,86.96198272705078,86.97708431372813,86.75807385543257,86.88646327013358,6751500
2018-08-03,87.2338638305664,87.26407276791967,86.9695428309323,87.0677175560062,2711200
2018-08-06,87.31688690185547,87.4226152410863,87.2942258905097,87.2942258905097,3059800
2018-08-07,87.04505920410156,87.2942728453313,86.99974291879714,87.2942728453313,5397700
2018-08-08,86.90908813476562,87.02237016140391,86.90908813476562,86.97705389369067,7433200
2018-08-09,86.9770736694336,87.12056465325146,86.9166558065877,87.03749153227949,7273500
2018-08-10,87.12054443359375,87.2262727881535,86.87132512851872,86.92418930579859,4765900
2018-08-13,87.09791564941406,87.13567249508057,87.01484252247681,87.04505145606899,3145700
2018-08-14,87.21116638183594,87.24892321393939,87.1583022074808,87.2187142911989,7052500
2018-08-15,87.39241790771484,87.422626831752,87.26403430187924,87.33955373109058,5208100
2018-08-16,87.50572967529297,87.52083126156296,87.37734026405514,87.46796706697036,5997900
2018-08-17,87.58123016357422,87.65674960209986,87.52081230804818,87.57367649119251,3871900
2018-08-20,87.80780029296875,87.88332550341951,87.73983451768058,87.79269870793736,2686800
2018-08-21,87.58877563476562,87.77002342260919,87.57366829141674,87.77002342260919,5480400
2018-08-22,87.58123016357422,87.78513322376985,87.5661228188108,87.77003164077026,6877700
2018-08-23,87.61144256591797,87.73982619267952,87.55857838067709,87.70961726371843,5693800
2018-08-24,87.78514862060547,87.82291122737348,87.49061872546251,87.52082765852396,5152500
2018-08-27,87.64923095703125,87.72475618750292,87.61147410356155,87.61902201719582,3762200
2018-08-28,87.31688690185547,87.58876142038116,87.30177956095828,87.50568833073373,4026900
2018-08-29,87.226318359375,87.41511991426542,87.15835256526222,87.40001832505132,10473500
2018-08-30,87.30938720703125,87.46042613880284,87.24141565449789,87.4075619365062,5682300
2018-08-31,87.18099975585938,87.48307760629471,87.17344608106879,87.46042234368862,4425800
2018-09-04,87.02040100097656,87.10372531723704,86.8689053964231,87.00525375219597,6468700
2018-09-05,86.9673843383789,87.02040838238902,86.94466057368706,86.99010810307077,6103200
2018-09-06,87.20976257324219,87.27036311921759,87.07341423439061,87.10371450737831,6918100
2018-09-07,86.84620666503906,86.92953100531581,86.83105363270408,86.92953100531581,4529100
2018-09-10,87.13404083251953,87.13404083251953,86.9143681220685,86.9143681220685,5512700
2018-09-11,86.93704986572266,87.0279506679251,86.89917886586046,86.95977940066209,5976900
2018-09-12,87.11129760742188,87.20219843325853,87.080997332143,87.08857384575936,5543100
2018-09-13,87.29304504394531,87.36122207029032,87.20972077795885,87.30062155335773,5584100
2018-09-14,87.18704223632812,87.23249553718729,87.07341765295979,87.11887095381896,7003500
2018-09-17,87.13404083251953,87.19464139661386,87.0279927349484,87.04314576556592,2667100
2018-09-18,86.77799987792969,86.96737226298396,86.74769960281863,86.96737226298396,5160900
2018-09-19,86.64923858642578,86.7628631871213,86.52804325042122,86.75528667262499,5220700
2018-09-20,86.8764877319336,86.96738278908174,86.64923853068875,86.6643915596716,6152400
2018-09-21,86.89159393310547,86.95219446203399,86.8082696506249,86.8082696506249,9404300
2018-09-24,86.69467163085938,86.8082962125715,86.63407686257435,86.71740117055083,10749400
2018-09-25,86.69467163085938,86.70982465732035,86.5280287940927,86.6037765888387,4087100
2018-09-26,87.00526428222656,87.05828832815632,86.75529130319156,86.84619214443725,7433600
2018-09-27,87.11886596679688,87.14158972633247,86.93706433214001,86.99766487702563,6323400
2018-09-28,87.05825805664062,87.21733013911808,87.03553429902749,87.21733013911808,12578500
2018-10-01,86.93822479248047,87.10538539277927,86.93822479248047,86.99901151930572,7550600
2018-10-02,87.01416778564453,87.18892810068243,87.01416778564453,87.04456113595282,11207800
2018-10-03,86.50516510009766,87.02184089681029,86.36080381066847,86.93066656600105,8400500
2018-10-04,86.14801025390625,86.36076378672907,86.03404239321317,86.28477748367898,9843800
2018-10-05,85.81369018554688,86.05683126999445,85.67692296323632,85.9732509787524,8785800
2018-10-08,85.7225112915039,85.86687830509119,85.7073175096772,85.85927851570744,1355200
2018-10-09,85.96566772460938,85.9884612998886,85.79091311617412,85.85929384201178,8416200
2018-10-10,85.73013305664062,85.8669003159026,85.54777284632982,85.75292663369392,12316400
2018-10-11,86.08721923828125,86.2315804438879,85.89726509679956,85.9200586662669,18587600
2018-10-12,86.10244750976562,86.2620083568941,85.98087982492888,86.11764129651671,8956700
2018-10-15,85.94287109375,86.13282527691238,85.93527130327985,86.05684476303576,6636500
2018-10-16,86.1632308959961,86.22401763451914,85.90489015574434,85.98087647736938,9017800
2018-10-17,85.73771667480469,86.1632179837589,85.73771667480469,86.0948314639331,6880600
2018-10-18,85.73771667480469,85.84409634974944,85.55536228350522,85.65414216803785,10418000
2018-10-19,85.63130950927734,85.75288292084538,85.55532902551698,85.66930264962718,6355700
2018-10-22,85.5250015258789,85.7453491563066,85.50220794289395,85.73015536663121,7282900
2018-10-23,85.64653778076172,85.82889216227377,85.60095063461902,85.71491849997577,10277900
2018-10-24,85.76811981201172,85.89729307596932,85.722532658228,85.82130675707347,7262000
2018-10-25,85.66173553466797,85.74531583776478,85.64654175089652,85.65414154125301,5653100
2018-10-26,85.80606079101562,85.92003440310744,85.79846100435918,85.83645414070268,4955300
2018-10-29,85.70732116699219,85.79849545572462,85.64653444320987,85.7529083113584,6573300
2018-10-30,85.51740264892578,85.60857697566222,85.43382231812173,85.54779022654229,7669600
2018-10-31,85.27424621582031,85.56297452714578,85.27424621582031,85.39581389539961,13156300
2018-11-01,85.53265380859375,85.54027866847625,85.1286234757811,85.15911709924711,14262000
2018-11-02,85.1895980834961,85.51739721704156,85.17435418205676,85.43354121896739,7738400
2018-11-05,85.34207916259766,85.41069127434741,85.26584800648135,85.26584800648135,5064000
2018-11-06,85.4869384765625,85.51743210794562,85.38783853661646,85.40308244427527,5787100
2018-11-07,85.70796966552734,85.92141916136673,85.66985119152922,85.86043192939475,13257500
2018-11-08,85.45643615722656,85.73087299570852,85.45643615722656,85.69276032240347,10934400
2018-11-09,85.51744079589844,85.6317904711859,85.44882866429953,85.51744079589844,8836800
2018-11-12,85.50977325439453,85.69273496996269,85.44116697310385,85.69273496996269,2876500
2018-11-13,85.39542388916016,85.471660845571,85.3496863681642,85.42591750851184,7778400
2018-11-14,85.166748046875,85.33446007989417,85.1362544212293,85.17437290730253,11595100
2018-11-15,85.00665283203125,85.12862150701054,84.8618095779335,85.06763426148898,15158300
2018-11-16,85.1743392944336,85.19720805062693,84.93039620160111,84.97613371398779,13503700
2018-11-19,85.09053039550781,85.11339916435549,84.93806224308108,84.9761807352041,9773700
2018-11-20,84.88468933105469,85.0752701359363,84.8694454257326,84.90755809707015,16168200
2018-11-21,85.067626953125,85.1667326725991,84.96090219066316,85.09050153027827,10704600
2018-11-23,85.10576629638672,85.36495922309591,85.09814143546636,85.33446559547924,2924700
2018-11-26,85.14385223388672,85.24295212370575,85.10573375992264,85.20483364974167,5938900
2018-11-27,85.03717803955078,85.12103407927303,85.01430345193616,85.082915582648,8581300
2018-11-28,85.26581573486328,85.34204686212743,84.83891676933423,85.0066287389527,13861300
2018-11-29,85.02189636230469,85.28108924660208,84.93804035409646,85.18960837872115,10939100
2018-11-30,84.96852111816406,85.06000197220091,84.8084339856468,85.03713321270743,14854800
2018-12-03,85.28435516357422,85.34553616051454,85.07787659207688,85.12375942251163,12740500
2018-12-04,85.29965209960938,85.63614174338619,85.29200301646692,85.4373064234689,13521500
2018-12-06,85.5596923828125,85.64381482305787,85.34556465656722,85.35321374237397,12752200
2018-12-07,85.56733703613281,85.69734231539833,85.45262409314569,85.65145947202053,11791900
2018-12-10,85.82733917236328,85.83498242196151,85.58262099076096,85.80439191994353,6886500
2018-12-11,85.98026275634766,86.07967748530027,85.85025753359268,85.94202318045967,10241100
2018-12-12,86.07206726074219,86.17148202783693,85.3379067968927,85.9955880796237,10001600
2018-12-13,86.30152130126953,86.34740999492817,86.20975558304154,86.21739883653076,6911200
2018-12-14,86.20973205566406,86.42385978581828,86.1944338837713,86.34738642998363,6037900
2018-12-17,86.30152130126953,86.40858519556528,86.24034026608777,86.24034026608777,6480500
2018-12-18,86.6098861694336,86.64057239346967,86.38741543477113,86.45645504925321,5923200
2018-12-19,86.54084014892578,86.92440916772652,86.54084014892578,86.72495749196524,10049200
2018-12-20,86.25699615478516,86.80166341705397,86.12657825034468,86.74796399268376,20942200
2018-12-21,86.17261505126953,86.44111218727359,86.02685695481078,86.36439955595795,11850700
2018-12-24,85.97313690185547,86.23396680911146,85.91176447040732,86.164921360533,4384800
2018-12-26,85.90413665771484,86.08057516295608,85.75837852945479,85.98084930576755,7659300
2018-12-27,85.90413665771484,86.1419476225182,85.90413665771484,86.04222176532967,7797300
2018-12-28,86.31066131591797,86.32600149416336,85.99613206032556,85.99613206032556,4334500
2018-12-31,86.54850769042969,86.62522031877494,86.24932434292433,86.31836395259555,7008400
2019-01-02,86.81697845458984,86.83232448727819,86.51779519792966,86.54848141050975,9506500
2019-01-03,86.85536193847656,86.91673438077544,86.64823140891743,86.68659064855379,11199100
2019-01-04,86.80165100097656,86.84000438272734,86.54082108220291,86.59452049889198,12080700
2019-01-07,86.80935668945312,87.03949462496344,86.8016836690962,86.9857951880644,16150100
2019-01-08,87.00112915039062,87.02414235546676,86.84769802855163,86.84769802855163,7961400
2019-01-09,87.33096313476562,87.36932236535385,87.07013909571566,87.07013909571566,10534900
2019-01-10,87.10083770751953,87.27727614662706,87.01645207045152,87.24659578114569,10337000
2019-01-11,87.26191711425781,87.29260332590829,87.13917226765591,87.29260332590829,6890800
2019-01-14,87.03179168701172,87.29262161428812,87.00877848665155,87.16220957704874,4511400
2019-01-15,87.08552551269531,87.20827043350924,87.03182607303921,87.10087155419704,10536500
2019-01-16,87.25428009033203,87.37702498756592,87.03948237297158,87.08550878303487,17911800
2019-01-17,87.4306640625,87.43833707648005,87.19285330427144,87.19285330427144,8756200
2019-01-18,87.58414459228516,87.66853024102637,87.42304631363332,87.42304631363332,12589700
2019-01-22,87.72987365722656,87.89864489886448,87.69918744485635,87.69918744485635,9101600
2019-01-23,87.9523696899414,88.02140929810147,87.7529121783708,87.80661160231695,11707200
2019-01-24,88.18251037597656,88.30525526478685,88.11347076561961,88.2592288578822,8874700
2019-01-25,88.25920867919922,88.25920867919922,88.1287908014561,88.14413683544804,8529200
2019-01-28,88.24385833740234,88.31290378140129,88.13645951589002,88.18248591002478,7830600
2019-01-29,88.4356460571289,88.4356460571289,88.27454781889679,88.35126042956013,9111300
2019-01-30,88.84224700927734,88.84224700927734,88.35127917351545,88.46635104032177,17275500
2019-01-31,89.46360778808594,89.52497436083587,89.13373831676893,89.14907849675724,12004200
2019-02-01,89.25043487548828,89.4966639680746,89.19657244494017,89.35046929690952,15158400
2019-02-04,89.12735748291016,89.17352362094309,88.95807381603356,89.15813686512108,7375500
2019-02-05,89.489013671875,89.62751796549611,89.32742043717764,89.33511675086972,9298100
2019-02-06,89.31971740722656,89.56594657556941,89.2889380273629,89.55055395035437,7083600
2019-02-07,89.30433654785156,89.3197291750946,89.08888673098687,89.25817040725691,12973200
2019-02-08,89.5274887084961,89.55057178034819,89.3428182631117,89.3735976491037,5502500
2019-02-11,89.3274154663086,89.47361606548606,89.25816625863524,89.47361606548606,5353800
2019-02-12,89.45051574707031,89.45051574707031,89.2812321113122,89.3197077996448,10689100
2019-02-13,89.21971130371094,89.33513254723202,89.17354515452983,89.26588332346036,9595200
2019-02-14,89.31971740722656,89.44282905611477,89.21199251298697,89.44282905611477,14906100
2019-02-15,89.42748260498047,89.45826199871591,89.28128195237943,89.28128195237943,8298000
2019-02-19,89.4813461303711,89.59676739059624,89.38900794807714,89.59676739059624,6920300
2019-02-20,89.40435791015625,89.43513728956408,89.2504610131171,89.40435791015625,8577400
2019-02-21,89.15043640136719,89.24277454370096,89.0580982590334,89.07349088470568,6311000
2019-02-22,89.55055236816406,89.62750375174686,89.2350740036267,89.2350740036267,4110600
2019-02-25,89.51978302001953,89.6044248549921,89.45053381171488,89.45823012504883,6026200
2019-02-26,89.65833282470703,89.71219530425553,89.57369681733367,89.6506423780358,6360600
2019-02-27,89.40435791015625,89.5428621822083,89.34279915134059,89.5428621822083,7008500
2019-02-28,89.28124237060547,89.54286416608522,89.22737992309,89.45052602581592,12468400
2019-03-01,89.12533569335938,89.44179047522789,89.08674091786362,89.33373217032295,12714100
2019-03-04,89.32601165771484,89.42634982273218,89.2874168849275,89.38775504994483,9453600
2019-03-05,89.35688781738281,89.37232808327201,89.20252049090708,89.29514442003413,9090400
2019-03-06,89.44178771972656,89.50353700312303,89.33372941815064,89.38775856893861,6278700
2019-03-07,89.73512268066406,89.76599733227451,89.55759490608845,89.6116240742223,7355500
2019-03-08,89.85086822509766,89.86630260087793,89.46494405450018,89.61931136724496,7386600
2019-03-11,89.95124053955078,89.95124053955078,89.77371276263379,89.83546206666907,7813600
2019-03-12,90.19822692871094,90.25997622936552,89.96666999562497,89.97439013039116,7994600
2019-03-13,90.05154418945312,90.08241882962422,89.95120602544866,89.95120602544866,5834000
2019-03-14,89.87406921386719,90.02843660644712,89.79687962883867,90.02071647019656,5395300
2019-03-15,90.19822692871094,90.32171964128267,90.07472832740177,90.12104324726143,8537000
2019-03-18,90.1518783569336,90.2213418731502,90.11328358876781,90.13643809417334,4308300
2019-03-19,90.1673355102539,90.25223931068031,90.02068242065623,90.02068242065623,8074700
2019-03-20,90.777099609375,90.81569438861686,90.13646396187393,90.2213677652168,16202600
2019-03-21,90.9468994140625,91.00864870005762,90.70762240301542,90.70762240301542,14163200
2019-03-22,91.50263214111328,91.57209567201221,91.24020061733314,91.24020061733314,10576900
2019-03-25,91.68790435791016,91.84999187221256,91.36372932930536,91.51809670804916,7096100
2019-03-26,91.7264633178711,91.79593273774697,91.53350121305692,91.64927965369264,7766500
2019-03-27,91.8499755859375,92.01978320568925,91.78822628989379,91.8499755859375,7484100
2019-03-28,91.96575927734375,91.96575927734375,91.78051726740796,91.8731353280072,4621200
2019-03-29,91.89627075195312,91.96574017170778,91.68787427016134,91.71874891352607,8415100
2019-04-01,91.55410766601562,91.83281165759844,91.50765306308682,91.70119717354724,9567400
2019-04-02,91.67797088623047,91.70119523395489,91.49991361601161,91.56958665918489,7733300
2019-04-03,91.4843978881836,91.5773011562389,91.43794920740369,91.46891696342213,6048400
2019-04-04,91.6314926147461,91.6314926147461,91.43794857084987,91.50762159153469,7510600
2019-04-05,91.77859497070312,91.88697917102304,91.55408315389872,91.6160127637273,9326200
2019-04-08,91.64698028564453,91.79407565991208,91.62375594370668,91.75536448568506,8564800
2019-04-09,91.84053039550781,91.99536919612287,91.80182512522627,91.88698498894048,7749000
2019-04-10,92.28955078125,92.33599946653742,92.01859027291319,92.02633368929312,5765300
2019-04-11,92.1966323852539,92.28953564709005,92.13470278385826,92.17340804641864,7769500
2019-04-12,92.14244842529297,92.21987077023755,92.04180764595891,92.11922408440785,11083800
2019-04-15,91.99536895751953,92.18891302791413,91.99536895751953,92.1347209244635,12427300
2019-04-16,91.73988342285156,91.96439523874184,91.73214000671854,91.96439523874184,10302700
2019-04-17,91.72438049316406,91.91018109031315,91.71663707888862,91.83276466704223,6062300
2019-04-18,91.80184936523438,91.97216913763522,91.77862501563388,91.9334579506358,8060000
2019-04-22,91.65474700927734,91.76313123687962,91.61603582520621,91.70893912307848,6581900
2019-04-23,92.0340805053711,92.0340805053711,91.77086338679855,91.78634431462771,7389700
2019-04-24,92.34375,92.43665328423114,92.22762237133519,92.2508526222654,6463200
2019-04-25,92.29730224609375,92.3360075183764,92.1502068545285,92.2585910673145,4404000
2019-04-26,92.62244415283203,92.67663625294611,92.51405995260389,92.60696322701199,3406100
2019-04-29,92.2586441040039,92.45993171767627,92.21219538796413,92.42122051664312,5847500
2019-04-30,92.29730224609375,92.39794304182456,92.2043989609215,92.24311013970076,9753300
2019-05-01,92.2677993774414,92.84238469581156,92.2677993774414,92.39979766663674,12804300
2019-05-02,91.93392181396484,92.19791840468989,91.84850975838022,92.16685893684203,11748200
2019-05-03,92.3454360961914,92.376495559566,92.12802577655613,92.12802577655613,7481000
2019-05-06,92.46965789794922,92.57836896984718,92.30660017608169,92.42307166998314,8077400
2019-05-07,92.46194458007812,92.62500238501438,92.39982562848641,92.6172360350681,11575500
2019-05-08,92.15129089355469,92.5550519467706,92.12023143961729,92.5162320723377,11843100
2019-05-09,92.23677825927734,92.36101025252715,92.09701356437758,92.34548347486715,11586200
2019-05-10,92.29109954833984,92.33768578950087,92.17462802144935,92.20568749021935,8155600
2019-05-13,92.3454360961914,92.50072748907748,92.22896458953339,92.29108351628258,16744900
2019-05-14,92.4774398803711,92.49297257497696,92.33767524885468,92.3997941793036,7993500
2019-05-15,92.73368072509766,92.74920749650313,92.53956350059767,92.71815395369218,10804400
2019-05-16,92.58613586425781,92.66378155762466,92.56284274864643,92.66378155762466,11716300
2019-05-17,92.59392547607422,92.74145647733076,92.57839870309424,92.69486431041449,7746100
2019-05-20,92.37651824951172,92.6405148670595,92.36875190076373,92.57063550029274,2890900
2019-05-21,92.45416259765625,92.48522206820046,92.34545741274567,92.46968937093422,3610100
2019-05-22,92.57061004638672,92.64048939393892,92.43084542729557,92.50849112146027,9526200
2019-05-23,92.77250671386719,92.87344553816128,92.54733002214569,92.60944303187182,9983400
2019-05-24,92.96662902832031,92.98215580060499,92.80356533739779,92.89674374306952,5981700
2019-05-28,93.02874755859375,93.17627856199314,92.9976880881945,93.12192596979152,9039100
2019-05-29,93.06757354736328,93.19957185380972,93.03651407690738,93.08310032059711,8778000
2019-05-30,93.603271484375,93.6343250084287,93.18397782184215,93.25385713693896,11946400
2019-05-31,93.82079315185547,93.82855358009597,93.47914474156076,93.65773529893964,11611700
2019-06-03,94.10974884033203,94.17205912844948,93.7826287410697,94.0474385522146,12525200
2019-06-04,94.14085388183594,94.187583601936,93.876038269392,93.876038269392,20566100
2019-06-05,94.0784912109375,94.38224610681642,93.99281614366603,94.21868623536082,10423100
2019-06-06,94.25770568847656,94.33559650101748,94.10193594786415,94.21097595473978,14133600
2019-06-07,94.6782455444336,94.90411571916088,94.5769958559966,94.63151583319065,11912900
2019-06-10,94.33557891845703,94.60817888483807,94.32778865020798,94.50692322430112,13072400
2019-06-11,94.42123413085938,94.49132870361849,94.26545850989632,94.39786333104065,17076700
2019-06-12,94.56141662597656,94.57699121488264,94.35891131680815,94.42900588023285,11814400
2019-06-13,94.80290222167969,94.82626708622068,94.5926065563425,94.5926065563425,6665700
2019-06-14,94.84180450439453,94.88074989151923,94.6003597424704,94.6704602508485,4652300
2019-06-17,94.8885498046875,94.96643464462365,94.72498985815189,94.77950984033042,6213200
2019-06-18,95.51939392089844,95.62064358593157,95.28573353423063,95.37919887734384,19575000
2019-06-19,96.1269302368164,96.15029509346398,95.20009058381432,95.29355001040459,17597800
2019-06-20,96.6488037109375,96.70332965449802,96.34504856894458,96.50082424575791,24937900
2019-06-21,96.29827880859375,96.49299386699712,96.17366426117624,96.32943393100614,18566400
2019-06-24,96.53972625732422,96.71107646422922,96.40732144007295,96.53972625732422,15241600
2019-06-25,96.25154113769531,96.57087071711298,96.16586604370318,96.5397155972766,17843700
2019-06-26,96.05684661865234,96.45406111141303,96.01790122497803,96.45406111141303,24436700
2019-06-27,96.61761474609375,96.68770931513015,96.2203943615248,96.29827919675368,10314500
2019-06-28,96.86685180664062,96.92137178666236,96.6487659443215,96.6643464770318,9512100
2019-07-01,97.05040740966797,97.2769241662161,96.80827147922511,97.01916310263627,19129900
2019-07-02,97.31597900390625,97.36284844596447,97.01135444711893,97.10508737199291,15843800
2019-07-03,97.58155059814453,97.60498233906097,97.3159769628595,97.36284640393471,6947300
2019-07-05,96.72234344482422,96.97229192198935,96.3396051835075,96.88637157428492,7889900
2019-07-08,96.58956909179688,96.89419364198802,96.58956909179688,96.85513676765898,9239200
2019-07-09,96.38648986816406,96.55833059075789,96.33962042430221,96.53489288920561,15877100
2019-07-10,96.60523223876953,96.73020356687077,96.44901658883173,96.50369266223446,9551800
2019-07-11,96.03499603271484,96.57394994379878,95.95688823845813,96.42554096324112,7101300
2019-07-12,96.12872314453125,96.18339919312672,95.94906986529335,95.99593930640543,6363600
2019-07-15,96.29271697998047,96.33958044515214,96.14430806128318,96.23022838692475,7705000
2019-07-16,96.08966827392578,96.1052934077031,95.8475323335597,95.956884433031,9867500
2019-07-17,96.59738159179688,96.60519415898773,96.19121748651307,96.19121748651307,6620400
2019-07-18,96.82386779785156,96.9254073023045,96.35521522148598,96.55048762490837,10357300
2019-07-19,96.6755142211914,96.90203105397498,96.58178722779422,96.72238367713423,8789300
2019-07-22,96.97232055664062,97.06604753872779,96.92545110635352,97.0504283614611,4464800
2019-07-23,97.02696228027344,97.04258145201285,96.83168985770301,97.04258145201285,7013600
2019-07-24,97.30033874511719,97.30815131030771,97.02695855586066,97.15974236789366,11851200
2019-07-25,96.98794555664062,97.23789412261809,96.75362212811142,97.17541145055664,9943100
2019-07-26,97.12069702148438,97.2378616762754,96.98791319370076,97.19099819805574,7285100
2019-07-29,97.05823516845703,97.25350764853884,97.05042260066567,97.23788251295613,7379600
2019-07-30,97.02696228027344,97.0972574919629,96.79263298949236,97.02696228027344,12112000
2019-07-31,97.11292266845703,97.42535986525469,96.7067525248469,97.12854184663716,17422700
2019-08-01,97.90245819091797,98.15310830115943,97.29933341738914,97.3698259596586,16216800
2019-08-02,98.0042724609375,98.02776997112908,97.78494842188852,97.87110994323693,14629500
2019-08-05,98.07479095458984,98.30977807065105,98.0121269268441,98.30977807065105,12715500
2019-08-06,98.68572235107422,98.72488885132144,98.16875920843069,98.36457975772893,14920200
2019-08-07,98.67008972167969,99.21055651648784,98.58392817537779,99.06173094088078,24644100
2019-08-08,98.93634796142578,98.97551445199237,98.32538895477862,98.52120945567668,8353800
2019-08-09,98.64656066894531,98.96770325852124,98.60739416915781,98.93637125388501,6375900
2019-08-12,99.26541900634766,99.34374608099996,98.8972751819118,98.92860720696727,8075100
2019-08-13,99.18704986572266,99.43769999899263,99.04605879226013,99.33587543659158,10955000
2019-08-14,99.47686004638672,99.63351412851264,99.34370347898266,99.55518708744968,9070900
2019-08-15,99.96249389648438,100.26013903288907,99.51602320389233,99.59435024231779,11378300
2019-08-16,100.14263916015625,100.18180566487939,99.53167993268079,99.72750050435727,10842200
2019-08-19,99.81364440917969,99.96246992968491,99.47683284633052,99.60998937732545,7226200
2019-08-20,100.39328002929688,100.43244653042161,100.04080542305043,100.14262995961809,11402300
2019-08-21,100.57344818115234,100.83193278888544,100.15831547098925,100.15831547098925,9344000
2019-08-22,100.20528411865234,100.65175469811888,100.16611762137853,100.45593416368675,7054000
2019-08-23,100.57344818115234,100.81627574740348,100.07998245581919,100.09565144924122,7998600
2019-08-26,100.5812759399414,100.82409152355957,100.42462188134309,100.63609948207846,6305900
2019-08-27,101.12174224853516,101.20006330159185,100.84758868299046,100.84758868299046,12644100
2019-08-28,101.12174224853516,101.40372433380398,101.05123776326407,101.35671735964374,8935800
2019-08-29,100.90241241455078,101.12173046064495,100.53426884747762,101.09039248152457,17900500
2019-08-30,100.88674926757812,100.91807529657555,100.58909820838247,100.78491875744534,8653700
2019-09-03,100.79170989990234,101.09801945169627,100.48540034810843,100.82312104021503,22683500
2019-09-04,100.9802017211914,101.09015867695243,100.58749659570073,100.58749659570073,8502600
2019-09-05,100.24195098876953,100.72105791807519,100.07701548468427,100.4932821367386,19042800
2019-09-06,100.60320281982422,100.68174864387642,100.35972754343659,100.40685024410386,8914800
2019-09-09,99.86489868164062,100.18691371723312,99.86489868164062,100.1162296821776,7219000
2019-09-10,99.02455139160156,99.7392717881675,99.01669560925072,99.72356621567201,9863400
2019-09-11,98.94598388671875,99.21302048994184,98.89100541004315,98.96168945482412,8165800
2019-09-12,98.81249237060547,99.55863593551611,98.74966408513828,99.48009608452723,11506000
2019-09-13,97.92497253417969,98.63969290867198,97.92497253417969,98.45905186562486,8984600
2019-09-16,98.41976165771484,98.51401304983823,98.12130790429828,98.27838756563226,11464700
2019-09-17,98.67108917236328,98.81246325937552,98.30195138224694,98.38049121009712,12480700
2019-09-18,98.91459655761719,99.32300736564588,98.59257538850086,99.01669776157277,9162300
2019-09-19,99.19732666015625,99.44080194393018,99.12663661480576,99.2837222754706,9042800
2019-09-20,99.88062286376953,99.92775155479433,99.40152211841722,99.50362928880024,10406200
2019-09-23,99.80995178222656,100.2026569692902,99.78639042975564,100.05342708070022,9526600
2019-09-24,100.12413787841797,100.25765623155843,99.974907958904,100.06915938052443,12638700
2019-09-25,99.55863189697266,100.02987697599663,99.45652470184316,99.96704270087176,13852300
2019-09-26,99.77067565917969,99.95917246509282,99.74711430746622,99.89634419125872,8377600
2019-09-27,99.79426574707031,99.91993431533614,99.6921645295097,99.86495581477163,8627800
2019-09-30,100.12413787841797,100.14769923577136,99.63718118835602,99.71572104360295,10769500
2019-10-01,100.23908233642578,100.53045428640284,99.66421497783338,99.66421497783338,13233900
2019-10-02,100.19971466064453,100.28633859930197,99.98709608905708,100.20759120271555,11377000
2019-10-03,100.59344482421875,100.73519252321553,100.34932612351783,100.34932612351783,13985000
2019-10-04,101.01083374023438,101.01083374023438,100.75883244963134,100.82183277228211,9168500
2019-10-07,100.49895477294922,100.79819725816473,100.49107823153702,100.72732640957715,6989300
2019-10-08,100.4123764038086,100.79036645053746,100.38875277689348,100.7273721147783,8635500
2019-10-09,100.45171356201172,100.62496144558283,100.23121844039082,100.62496144558283,9929500
2019-10-10,99.8611068725586,100.16822596001003,99.74298876818645,100.12097871826118,7962200
2019-10-11,99.67998504638672,99.8296033095109,99.26261840370466,99.60910817813486,11061500
2019-10-14,100.01069641113281,100.0500731042744,99.77444826836302,99.9319490328895,2276500
2019-10-15,99.74300384521484,100.05012297909003,99.67212696383596,100.05012297909003,13199100
2019-10-16,99.85322570800781,99.93984964735401,99.62485405046249,99.80597246324724,7793500
2019-10-17,99.99500274658203,100.16037413163072,99.78237810291725,99.86900206766319,5795300
2019-10-18,100.12095642089844,100.2784511970145,100.05008557405839,100.12095642089844,5978200
2019-10-21,99.892578125,100.01070220322603,99.85320743761812,99.93195482042208,6457700
2019-10-22,100.0658187866211,100.21544300883275,99.91619456440944,100.19968992857902,5820000
2019-10-23,100.12095642089844,100.30208082066845,100.08157972284913,100.25482758140116,4986100
2019-10-24,100.34147644042969,100.45172401270997,100.22335232497451,100.22335232497451,9154900
2019-10-25,100.16822814941406,100.38872930115947,100.03435695617162,100.38872930115947,6263000
2019-10-28,99.86896514892578,99.96346562318075,99.79021775773373,99.8532180739037,9081600
2019-10-29,99.60911560058594,99.91623470046518,99.60124506533725,99.82961074839235,9236700
2019-10-30,99.96343994140625,100.01856370188284,99.56182053905438,99.58544414953873,12250700
2019-10-31,100.56982421875,100.63282453308739,100.2154579646734,100.33358205204583,18082800
2019-11-01,100.66854095458984,100.93701459078791,100.51851741678574,100.58168236855364,11238400
2019-11-04,100.19476318359375,100.42375343652189,100.16317769791587,100.40006582834233,10122100
2019-11-05,99.61833953857422,99.9341823305581,99.50778733220174,99.7604651803779,10409200
2019-11-06,100.17898559570312,100.20267320675389,99.88682433600604,99.89472221446168,8496500
2019-11-07,99.39725494384766,99.83944575775664,99.2867087464494,99.74468929242272,14799000
2019-11-08,99.26303100585938,99.62625512261395,99.26303100585938,99.38147509322461,6256300
2019-11-11,99.29459381103516,99.48410069293188,99.22353098944207,99.46041308573417,3231600
2019-11-12,99.38936614990234,99.46832686128695,99.18406348084946,99.38146827146905,9936600
2019-11-13,99.62625122070312,99.76048503644535,99.57887599733913,99.67363246838343,10280100
2019-11-14,100.14737701416016,100.21054797860697,99.9973474796777,99.9973474796777,10163800
2019-11-15,100.16319274902344,100.27373895334966,99.96578795210998,100.07633415643622,5411900
2019-11-18,100.27371978759766,100.41585145518175,100.21055484313874,100.31320314916024,9148900
2019-11-19,100.47113037109375,100.5027158573118,100.313208964319,100.34479445053705,3818800
2019-11-20,100.61325073242188,100.71590505716539,100.52639216116883,100.60535887999147,5395800
2019-11-21,100.37638092041016,100.51851259762647,100.2895223385382,100.41585826033295,8425700
2019-11-22,100.65271759033203,100.68430306781985,100.46321074971898,100.61323423739381,5276600
2019-11-25,101.00015258789062,101.05542566783696,100.77905424379138,100.78695211930197,6808600
2019-11-26,101.2607650756836,101.3318279081731,101.09493975124258,101.11073550800651,8688800
2019-11-27,101.25288391113281,101.2923672875933,101.05548510178271,101.06337695762086,7264000
2019-11-29,101.0475845336914,101.27656883325525,100.94493016735181,101.21339784232586,5260900
2019-12-02,100.60889434814453,100.67223656729594,100.39512190931664,100.60889434814453,14911500
2019-12-03,101.38487243652344,101.47987977240099,100.95732130312584,101.06024793054303,9376800
2019-12-04,101.25023651123047,101.36108843565803,100.91769885989062,101.2264846847987,11177600
2019-12-05,101.13939666748047,101.22649073002991,100.92562417618058,101.09189301178004,5700600
2019-12-06,101.08396911621094,101.23440540660471,100.79102186520967,100.84644480788405,6149500
2019-12-09,101.06816101074219,101.33735650005072,101.04440917823251,101.32944324964693,4545300
2019-12-10,101.06816101074219,101.28985283503137,100.97314764005434,101.20275875539646,6425500
2019-12-11,101.46402740478516,101.57487330868287,101.21067051643213,101.25025488745348,4417100
2019-12-12,100.99689483642578,101.44820379598946,100.68810894667612,101.41652663323177,10375000
2019-12-13,101.65408325195312,101.70951226042894,101.10776682578124,101.3769623721758,12474100
2019-12-16,101.42444610595703,101.59070891628876,101.32151345488695,101.53529200661055,8062600
2019-12-17,101.34527587890625,101.62239670015697,101.321524046376,101.51946403832699,10886800
2019-12-18,101.27397918701172,101.43232869990244,101.19479838991964,101.35314790281036,10205500
2019-12-19,101.3740234375,101.48516127420025,101.21525682980189,101.27082574815202,9307000
2019-12-20,101.34226989746094,101.39783881303447,101.19937753504936,101.31844945659438,8336900
2019-12-23,101.3899154663086,101.5010533158711,101.1914541554386,101.45342453936105,3827500
2019-12-24,101.49311065673828,101.58043411588544,101.21526603970567,101.26289481503743,2638000
2019-12-26,101.67568969726562,101.69156999216162,101.45341402118503,101.64392910747361,3879900
2019-12-27,101.8185806274414,101.9297184705196,101.8185806274414,101.89003590115458,8752100
2019-12-30,102.00117492675781,102.00910901809952,101.43753950046629,101.53280310559126,9993800
2019-12-31,101.5804214477539,101.81063726074446,101.5248525312774,101.62011007006132,5499400
2020-01-02,101.79478454589844,102.06470116744039,101.65983229168677,101.88210801781406,15348700
2020-01-03,102.14408111572266,102.17584171349974,101.82654781666525,101.9297394766435,10110900
2020-01-06,101.8027114868164,102.29489162822819,101.72332212260069,102.15993939955452,13894300
2020-01-07,101.54072570800781,101.75505515524831,101.48515073886915,101.74712106527757,8211700
2020-01-08,101.39781188964844,101.86618353074006,101.35017707712097,101.62008143636746,12268500
2020-01-09,101.8820571899414,101.92175185975773,101.34224844239952,101.37399691038506,14415100
2020-01-10,102.16790008544922,102.28698416277085,101.93769025028517,101.98531903596604,8263500
2020-01-13,101.92182922363281,102.04884741821334,101.87420042894556,102.02503302086971,4477400
2020-01-14,102.04879760742188,102.06467790227359,101.86621661253263,101.89796508912022,11066300
2020-01-15,102.27107238769531,102.302820864005,102.1202398707139,102.24725800218411,8712400
2020-01-16,102.41395568847656,102.49334504658931,102.20756031574494,102.32663223979868,13926100
2020-01-17,102.39810943603516,102.47748669803129,102.08851025407897,102.35046854309593,13727800
2020-01-21,102.89031219482422,102.93794098508398,102.46164096936573,102.69185082666147,16807300
2020-01-22,102.94585418701172,103.10463293981547,102.93792009461879,103.07287234400746,9928600
2020-01-23,103.080810546875,103.19988248911555,102.99348708485952,103.12843932377122,13623200
2020-01-24,103.25544738769531,103.37451931830812,103.16812393420723,103.30307615994043,11604500
2020-01-27,103.45388793945312,103.55707955425679,103.31098953825122,103.35068421153584,10461200
2020-01-28,103.3983383178711,103.64442839419502,103.29513456465787,103.55710493681073,12055900
2020-01-29,103.73171997070312,103.89843274287807,103.66821092002282,103.67615712205338,11174700
2020-01-30,103.79527282714844,103.95403946429867,103.57299711251449,103.7714584372318,14619200
2020-01-31,104.06517028808594,104.12074526954723,103.81114610843807,103.96197864312765,20194800
2020-02-03,103.98321533203125,104.11056088142496,103.8001636949903,103.92750924438401,11216300
2020-02-04,103.72850036621094,103.8638004113422,103.56932455689979,103.80012765875058,16799300
2020-02-05,103.66482543945312,103.7125769668114,103.53747993694071,103.60115268819692,9587500
2020-02-06,103.6170654296875,103.81603820694879,103.60909874622293,103.69664725399129,11028900
2020-02-07,104.01500701904297,104.17418280591714,103.92745851461206,104.03888277985739,11517200
2020-02-10,104.26173400878906,104.30948553165378,104.10255821779519,104.18214004112492,10405800
2020-02-11,104.11054992675781,104.31748945883311,104.09462869867384,104.17422269475492,10052700
2020-02-12,104.06279754638672,104.11054908591422,103.943418697568,104.02300054866761,7069100
2020-02-13,103.99114227294922,104.19011506370062,103.9752210492752,104.06276956297923,5437400
2020-02-14,104.24585723876953,104.3732027836009,104.14239960989117,104.30953001118522,8254500
2020-02-18,104.44480895996094,104.54032417142302,104.28563313330694,104.36522711880251,9650900
2020-02-19,104.30154418945312,104.4925503050792,104.26970174062482,104.35725025839875,10731500
2020-02-20,104.65174102783203,104.65174102783203,104.37317424273002,104.38909546756517,13706000
2020-02-21,104.8586654663086,105.09743525487136,104.79499271306946,104.88254123073128,12192700
2020-02-24,104.87460327148438,105.18500040238929,104.86663658585998,105.07357610268849,17894700
2020-02-25,104.97802734375,105.21679709377256,104.8586485409057,104.97802734375,19930500
2020-02-26,104.5881118774414,105.08951529759814,104.58014518953425,104.65973920255789,23073400
2020-02-27,104.03096008300781,104.97806055531623,104.01503885614697,104.76317864221501,29687900
2020-02-28,105.20089721679688,105.2884457380906,104.07073312467382,104.26970593267443,25073300
2020-03-02,105.09638214111328,105.7427588679464,105.01658961057795,105.23204040186319,15922600
2020-03-03,106.2933578491211,106.92378324621681,105.13626289393481,105.20010421113983,39141000
2020-03-04,106.44499206542969,106.97964946181297,106.33327279120763,106.62055266441975,23702000
2020-03-05,106.40508270263672,106.82802079692371,106.18164416891858,106.70832593117714,22089500
2020-03-06,107.14724731445312,107.35472251247144,106.52480954390904,107.09138158239678,30099900
2020-03-09,104.5457534790039,106.30933508943475,104.01908385221503,104.76919203012349,27166000
2020-03-10,102.19166564941406,104.82506261127938,102.19166564941406,104.4659657929542,30024700
2020-03-11,98.8320541381836,102.35921003430488,98.31335420449737,102.20758846137953,37310300
2020-03-12,94.11592864990234,100.3881962547767,92.34437131426303,96.90094122524147,41021400
2020-03-13,98.19367218017578,98.95176796720817,95.1532951695655,96.94879095929306,33470600
2020-03-16,96.79718017578125,97.39567880154681,91.93736816867857,92.82314662187103,19928900
2020-03-17,92.83111572265625,96.59766753760861,92.08099559849006,95.32086577181714,19074000
2020-03-18,88.18678283691406,91.53837284352494,86.43916482968133,89.95035812932892,23808700
2020-03-19,83.8296890258789,87.77977653464123,83.74988435843616,87.04561986480215,29077100
2020-03-20,85.17832946777344,88.29052378615921,84.42821527067817,86.8780695961902,29390100
2020-03-23,91.47451782226562,91.88149854823452,88.4421287677755,88.63364660248466,36918800
2020-03-24,93.349853515625,94.73836899723923,91.65011306347765,92.20073389594731,43049700
2020-03-25,97.81863403320312,98.63258962834762,93.51742364113707,94.07602002131036,45181000
2020-03-26,97.89839935302734,98.41709929435662,96.75726191739967,97.75475946293987,21893500
2020-03-27,97.69891357421875,97.85053517068668,96.20665484460618,97.02061636557401,27730300
2020-03-30,98.8879165649414,99.74975591724447,98.02607721263836,98.02607721263836,19272700
2020-03-31,98.5607681274414,99.67796692416735,98.14580561722487,99.02360249742252,23901400
2020-04-01,97.12874603271484,98.08074916581586,97.05674230800771,98.04075252192285,21859400
2020-04-02,97.38470458984375,98.8007121102298,97.20870234473776,97.3287044303609,22929500
2020-04-03,96.88074493408203,97.79275146988014,96.54474381111696,97.6167491377853,10754100
2020-04-06,98.792724609375,98.8007263771879,97.78472159312676,98.10471906291703,15631800
2020-04-07,98.94475555419922,99.58476288120016,98.77675500416298,99.44076153780306,17457700
2020-04-08,100.7287826538086,100.80878205236701,99.10476495561477,99.46477140447192,15484100
2020-04-09,105.46481323242188,105.60081281437324,103.28079983993786,103.52879979568006,53580000
2020-04-13,104.4408187866211,105.16882740667334,103.84880976474454,104.95282230033469,20599800
2020-04-14,103.92881774902344,105.20082479208418,103.87281145054969,105.12081928201509,14791600
2020-04-15,104.6247787475586,104.704784226618,103.5207666135742,103.5207666135742,13687800
2020-04-16,104.10478210449219,104.85678967898212,104.03277228886469,104.49677722221216,12582100
2020-04-17,104.44881439208984,105.17682301170649,103.95281442173096,105.06482262462137,11187900
2020-04-20,103.85676574707031,104.10476560848328,103.38475301615603,104.02476014029561,12057500
2020-04-21,103.48878479003906,104.10479287649655,102.95278219272497,103.76078392172853,16146000
2020-04-22,103.55279541015625,103.6807993206536,103.12879313786793,103.48879345490757,19956600
2020-04-23,103.9927978515625,104.19279937755873,103.76078924541721,103.93679156486385,5833400
2020-04-24,103.92078399658203,104.16078825989926,103.36879006021347,103.8247871741047,14985500
2020-04-27,103.08080291748047,104.08081065937638,103.05680370824503,103.98480161530885,11794700
2020-04-28,103.3608169555664,103.64881972700104,103.2568244319428,103.5208157825572,9232900
2020-04-29,104.04077911376953,104.18477432932981,103.7607721406836,103.8727724884935,7399100
2020-04-30,103.33679962158203,104.12080228135027,103.28880120261421,103.78480114144959,14583200
2020-05-01,102.927734375,103.4089348628311,102.51872252654928,103.21645222021131,15442300
2020-05-04,103.08817291259766,103.41699297345019,102.94382004926247,103.0801573882263,9466700
2020-05-05,102.95183563232422,103.23253807222504,102.78342395833717,102.96787891851787,7268800
2020-05-06,101.79694366455078,102.61497360674426,101.62050427420805,102.56685599800328,10662900
2020-05-07,102.06964111328125,102.2541021859322,101.7648859918587,102.08568439893125,11194300
2020-05-08,101.5804672241211,101.91730291811454,101.34788844910956,101.70878296142784,12286700
2020-05-11,100.69021606445312,101.47616571916934,100.66615113652787,101.35586555442526,12334800
2020-05-12,101.66063690185547,102.0135096698328,101.20350112532387,101.98945085823448,18760500
2020-05-13,101.89320373535156,102.30221572229165,101.80498402395966,102.08568032442457,13404100
2020-05-14,102.73530578613281,102.75133683479868,101.85310861184097,102.25410510243876,16978300
2020-05-15,103.09619903564453,103.14431665599142,102.63104164322209,102.73530464560139,17987400
2020-05-18,103.68164825439453,104.25908416105104,103.34481268175179,103.34481268175179,15299000
2020-05-19,103.76187896728516,103.98643607311233,103.37691343948619,103.72177686179221,13529000
2020-05-20,104.90067291259766,104.94879052821504,103.97837374264965,104.06659345042833,15068200
2020-05-21,104.82049560546875,105.0610959826888,104.70020153558049,105.05308045717743,11059200
2020-05-22,104.82049560546875,105.04505269422252,104.67614272160283,104.83653889393503,12546900
2020-05-26,104.67613220214844,105.18137948234771,104.63603010373457,104.99692451457472,12864900
2020-05-27,105.10916900634766,105.1492710917738,104.82045112369309,105.00490603172734,10204500
2020-05-28,105.19739532470703,105.36581919912894,104.74026578688601,105.00491264500185,12360900
2020-05-29,105.879150390625,105.89518144437619,105.18943571850969,105.34983191814091,14092500
2020-06-01,105.83248138427734,105.84051650630381,105.51893988217907,105.63952804938538,15415500
2020-06-02,106.170166015625,106.37115452080901,105.90485971669833,105.97722490176183,11585400
2020-06-03,106.10579681396484,106.34698535680356,105.8003027759041,106.17816196396767,15198200
2020-06-04,105.78424835205078,106.36309610159279,105.71993057239476,106.23446054228076,9777400
2020-06-05,106.33096313476562,106.48371637408047,105.71996244487205,106.19429241205387,22147400
2020-06-08,106.68467712402344,106.86154795851756,106.37113560239523,106.5158536794189,15872100
2020-06-09,106.45955657958984,106.80526307915991,106.40328619480833,106.74094530558034,17982200
2020-06-10,107.15899658203125,107.33586739938332,106.20230186481423,106.65251402994258,16866200
2020-06-11,105.88072204589844,106.77311133077899,105.42247471980438,106.59624049829004,28279600
2020-06-12,106.39523315429688,106.9017279272304,105.95305615152638,106.70877461674135,16202800
2020-06-15,107.90666961669922,108.39708187812481,105.977185589619,106.03345597116737,24006200
2020-06-16,107.6092529296875,108.4533948559813,107.31178159371851,108.44535973185,16299500
2020-06-17,107.40017700195312,107.81823638091154,106.77309406719574,107.72980097896573,20132900
2020-06-18,107.64138793945312,107.66550557523418,107.21529335083711,107.42431695006059,9306600
2020-06-19,107.72180938720703,107.89063287082143,107.43238543364546,107.6976917466907,13741400
2020-06-22,107.61727142333984,107.97904823118269,107.40824782194164,107.72178935772054,10134000
2020-06-23,107.41627502441406,107.78609919524042,107.37607487820388,107.48862792717499,9381300
2020-06-24,107.11883544921875,107.24745876610935,106.6846934191989,107.1992234888548,12357300
2020-06-25,107.23139190673828,107.31982734028735,106.99020324548037,107.22334451536526,19115300
2020-06-26,107.32784271240234,107.40824300714695,107.04645394815886,107.24744241765774,7304900
2020-06-29,107.82627868652344,107.82627868652344,107.0705601590621,107.33586638257691,10954600
2020-06-30,108.13175201416016,108.15586963916876,107.5850694908217,107.97899887753394,11599000
2020-07-01,108.55887603759766,108.73615546923382,107.88199764173336,108.09955779316702,11872500
2020-07-02,108.82477569580078,108.87312238746104,108.61525697100657,108.75225565831039,9733200
2020-07-06,109.10684967041016,109.19548940895,108.75230301195593,108.91346281956334,12706800
2020-07-07,109.25183868408203,109.3324123932605,108.96979996271233,109.10678633444394,11645100
2020-07-08,109.07457733154297,109.35661609951197,108.96981796703447,109.32437677395548,10033100
2020-07-09,109.68702697753906,109.79178637806645,109.12296154336143,109.30024100777501,9809000
2020-07-10,109.48556518554688,109.92876381025825,109.33245908830992,109.84012408531598,9043100
2020-07-13,109.19547271728516,109.6547910092451,109.13100634495551,109.50168491192511,22457200
2020-07-14,109.83203887939453,109.94485192460861,109.42913338995852,109.46942639804207,12505600
2020-07-15,110.04961395263672,110.05766763616865,109.78369484768263,109.97708161804921,8815600
2020-07-16,110.35578918457031,110.42025552556328,110.07376277538557,110.17045613902636,7761800
2020-07-17,110.65394592285156,110.72646594451666,110.3477338815583,110.65394592285156,6078400
2020-07-20,110.96016693115234,110.96016693115234,110.71842118358045,110.8957005787532,7244300
2020-07-21,111.10529327392578,111.28257278713451,111.0247072058463,111.13752032373297,7712300
2020-07-22,111.46784210205078,111.47589578595975,111.2825090065392,111.42754909110462,6229900
2020-07-23,111.54846954345703,111.6210019163677,111.3389629996318,111.58070888601878,9544200
2020-07-24,111.29866790771484,111.51624043100372,111.16168144363112,111.33896093731742,9106500
2020-07-27,110.96016693115234,111.43559244743409,110.88764689559062,111.35501872870978,6347600
2020-07-28,110.8473892211914,111.19389443882353,110.80709620113603,111.13748175160534,12922600
2020-07-29,111.45176696777344,111.45176696777345,110.85547443205091,110.95216786039391,7625100
2020-07-30,111.33084869384766,111.45171542337772,111.1696889559076,111.38724906906174,8939900
2020-07-31,111.48397064208984,111.57261035494876,111.14551915975461,111.31474490092222,11788700
2020-08-03,111.63337707519531,111.7141229897633,111.28613144442465,111.39918558240133,10915900
2020-08-04,112.04521179199219,112.04521179199219,111.77065350956006,111.83525763283409,10101900
2020-08-05,111.89177703857422,112.08558940579651,111.7867937994151,111.87562292747825,11602000
2020-08-06,112.36822509765625,112.45705423087244,112.19056683122385,112.23902916732308,8067800
2020-08-07,112.05329895019531,112.55397789774386,112.02100304485914,112.48129054727531,7405300
2020-08-10,111.81099700927734,112.23898840790082,111.77061790484684,112.23090519383112,6137100
2020-08-11,111.10845184326172,111.51221830448904,111.02770594420096,111.43954329874201,12870500
2020-08-12,110.83391571044922,111.22152814037592,110.71279067671493,111.03579898132435,11902600
2020-08-13,109.83256530761719,110.8177566109042,109.62261115126844,110.75315248849464,20754500
2020-08-14,109.3480453491211,109.92138687284704,109.24306211718158,109.70336183693888,12409100
2020-08-17,109.57413482666016,109.7598639327511,109.47723482730373,109.62258482633835,9522800
2020-08-18,109.88909149169922,110.01829972823624,109.6145332305398,109.71143324695474,12198000
2020-08-19,109.59839630126953,110.10714611115155,109.50149626966441,110.05061287806352,12168600
2020-08-20,109.98599243164062,110.1071297751521,109.84064240579775,110.01830065203399,12065300
2020-08-21,110.18790435791016,110.22021258671153,109.80836276235716,110.05062519045168,6353900
2020-08-24,109.9940414428711,110.36549960805213,109.9213541305775,110.19592463063485,13093400
2020-08-25,109.51763916015625,109.82450569262438,109.20270173229915,109.59032650656765,12191100
2020-08-26,109.5580062866211,109.56607718112646,109.12194386578138,109.33996891521306,6259000
2020-08-27,108.68582153320312,109.73561649211858,108.661596538318,109.71139149723346,12251100
2020-08-28,109.0169677734375,109.0735010046098,108.71010125444995,108.87968862598969,7907500
2020-08-31,109.5014877319336,109.65490866268708,109.06541297975576,109.11386299178072,11874000
2020-09-01,110.1934585571289,110.22582487909946,109.33560901319517,109.45699815664062,13289900
2020-09-02,110.63043212890625,110.71945491844036,110.06392908134386,110.10439623092122,14236600
2020-09-03,110.3876724243164,110.79231933547423,110.33102827815304,110.76804150871226,16452600
2020-09-04,109.21417236328125,110.16104442387807,109.14942739133778,110.07202163106089,13177800
2020-09-08,109.31936645507812,109.60261176816627,109.2465330044702,109.36792208881674,13932300
2020-09-09,109.39224243164062,109.81307866903879,109.26275245877297,109.34368677902613,11640000
2020-09-10,109.47317504882812,109.59456417847593,109.15755096290052,109.29512942611579,12624700
2020-09-11,109.55409240722656,109.74023886330832,109.40032461691676,109.52172609029739,9773000
2020-09-14,109.82925415039062,110.04775455959701,109.72404201710033,109.74023134887776,13896200
2020-09-15,109.9505844116211,110.05579648859285,109.84537233464934,109.85347317062275,9388500
2020-09-16,110.0234603881836,110.28244026277318,109.86969263125104,110.2015059647539,8868200
2020-09-17,110.04773712158203,110.30671699361532,109.89396936616725,110.2824391742172,12190400
2020-09-18,109.8454360961914,110.16106016148038,109.81306978001618,110.1125045127963,9968000
2020-09-21,109.74020385742188,110.03963850166083,109.6349917504887,110.03963850166083,12081100
2020-09-22,109.8049545288086,109.90207816227297,109.67547693225755,109.82924469880535,8295900
2020-09-23,109.0118637084961,109.84543526820275,108.94711872779119,109.78879112811246,17759900
2020-09-24,108.73673248291016,109.10091228014787,108.63152032081103,108.99570011804875,20595000
2020-09-25,108.62337493896484,108.80950898694294,108.47769568705762,108.67193057332098,9793100
2020-09-28,109.17369842529297,109.18988775448258,108.7609631472574,108.86617526372997,8579500
2020-09-29,109.03612518310547,109.40030483972606,109.01994820198672,109.30319355765138,8428600
2020-09-30,109.01993560791016,109.08466822258828,108.78523357155527,108.97136762364289,11634700
2020-10-01,109.32324981689453,109.43679821819357,108.85284385140389,108.89338712798761,12642600
2020-10-02,109.33952331542969,109.40440991308783,109.00698414337656,109.21786867972881,10829600
2020-10-05,108.97457122802734,109.29899191249595,108.9421341099228,109.08001351961475,10078700
2020-10-06,108.88530731201172,109.45304945597314,108.64198571435666,109.04751758516491,22370600
2020-10-07,108.91770935058594,109.2826978174869,108.77172386450282,108.89337843623876,14745500
2020-10-08,109.18537139892578,109.37192492647722,109.0961539131809,109.21782087147719,12101600
2020-10-09,109.43677520751953,109.47733085142339,109.04746825290135,109.10424862953575,9979700
2020-10-12,110.0694808959961,110.10191800472931,109.57473145081184,109.58283763403209,5465400
2020-10-13,109.96401977539062,110.13433622477118,109.80991568967005,110.03701253941087,9228200
2020-10-14,110.0694808959961,110.22357263229419,109.89915204155302,110.13435511346253,12994600
2020-10-15,109.9559097290039,110.11000143345859,109.8910231490942,110.06133959248874,13255900
2020-10-16,109.76936340332031,110.1992261946766,109.75315103916195,109.90724275376945,8742400
2020-10-19,109.55846405029297,109.75312375445534,109.50168366230281,109.6963433664652,8634500
2020-10-20,109.33138275146484,109.50169918788858,109.30705183197574,109.47736826839947,13413100
2020-10-21,109.15296173095703,109.39628333284554,109.1205122502515,109.16106791320804,8890100
2020-10-22,108.90965270996094,109.12052485550318,108.81232900830332,109.08808774690138,9661800
2020-10-23,109.18537139892578,109.27458888467066,108.91771894169113,108.93394367796684,12010800
2020-10-26,109.4124984741211,109.50171598454943,109.26651293479348,109.31517478123602,9776600
2020-10-27,109.85858154296875,109.86670010094524,109.50171151581914,109.55038573612637,7023800
2020-10-28,109.31517028808594,109.88291243299824,109.2827331837412,109.82614440643229,13578300
2020-10-29,109.03129577636719,109.3313977844118,108.74743088468014,109.3313977844118,14744600
2020-10-30,108.46353912353516,109.12049870398333,108.45543294229046,108.90152042773342,19875600
2020-11-02,108.88864135742188,109.11621981813374,108.81549379549935,108.88051798457359,18496400
2020-11-03,108.99432373046875,109.02682962888339,108.73422693476022,108.83989280827903,11661900
2020-11-04,110.62802124023438,110.72555134319092,110.18098759818596,110.22162927511737,20019500
2020-11-05,111.0425033569336,111.20507001602067,110.82306069093671,110.97747917371773,14349900
2020-11-06,110.6929931640625,110.80678236447018,110.48979727747074,110.75801733602299,12029700
2020-11-09,109.8558349609375,110.78240777398557,109.83957581626127,110.69300108140665,21273800
2020-11-10,109.5714111328125,110.026568197105,109.53890522912012,109.57954691031048,18849800
2020-11-11,109.77455139160156,109.79893390751403,109.49008457192494,109.72578635977662,3763300
2020-11-12,110.21351623535156,110.21351623535156,109.78274170410145,109.87213603879515,16891500
2020-11-13,110.34353637695312,110.48984392615827,110.22974712850375,110.35167215319102,8256800
2020-11-16,110.70111083984375,110.74175249548986,110.31910160053597,110.37600239885894,12742500
2020-11-17,111.05879211425781,111.15632221403811,110.74993026215601,110.85559613831676,11832300
2020-11-18,111.29444122314453,111.41636619216168,111.17252865621964,111.2212936829896,11878400
2020-11-19,111.91217803955078,112.04222639457629,111.44076205415358,111.51390960307027,16107800
2020-11-20,111.81465148925781,111.96094659169005,111.48953059147374,111.67646735639075,18308400
2020-11-23,111.95281219482422,112.00970059502518,111.79838133384702,111.89591139253034,8648500
2020-11-24,111.70087432861328,111.98535362619485,111.67649180620307,111.92032943240201,11204400
2020-11-25,111.7658920288086,111.86343451487907,111.66023857186845,111.83905199388549,6709800
2020-11-27,112.16419982910156,112.22110066608107,111.9610038149184,112.01790465189792,3404800
2020-11-30,112.55427551269531,112.5867938036177,112.12350117368,112.24542616149769,11856200
2020-12-01,112.12753295898438,112.60804246125225,111.96465406881381,112.4288719540058,18933600
2020-12-02,111.7529067993164,111.98093971877658,111.55744468540964,111.94836891322316,15637700
2020-12-03,112.19269561767578,112.41258897107004,111.96466266854978,112.10311035717173,18888700
2020-12-04,111.57377624511719,111.85067168546732,111.44346812252893,111.68779274566528,12521200
2020-12-07,111.67144012451172,111.9727790467528,111.63072973194866,111.85061058848433,16697300
2020-12-08,111.54121398925781,111.94026555837206,111.4923391193859,111.87511149207704,12797700
2020-12-09,111.13395690917969,111.24797336360596,110.85704915397743,111.24797336360596,20824700
2020-12-10,111.68772888183594,111.70402049456045,111.21537152770068,111.22352354749266,13527600
2020-12-11,111.80177307128906,111.82620428301101,111.50858610376324,111.6877566076325,9023000
2020-12-14,111.7203369140625,111.83436581427765,111.46787275355999,111.5574580131122,8004000
2020-12-15,111.9402084350586,111.9646396440935,111.64702149977859,111.71217553282538,12254500
2020-12-16,111.85065460205078,112.07054797197492,111.47603434041005,111.71220690302141,12326000
2020-12-17,112.01385498046875,112.27500357031472,111.7771999666397,112.22604132278113,12338800
2020-12-18,111.93226623535156,112.22605220128101,111.809848152401,112.19340239826032,8781900
2020-12-21,111.71187591552734,111.91589351435418,111.53233943238006,111.90773729320966,11925000
2020-12-22,112.02205657958984,112.03836903206182,111.79355772244439,111.9567694129406,10226800
2020-12-23,112.04647064208984,112.0627955370439,111.51601740017709,111.73635989919458,7553100
2020-12-24,112.4300537109375,112.47901595617253,112.19338625596875,112.19338625596875,3397000
2020-12-28,112.50353240966797,112.53616976599099,112.20974639374694,112.26687733262905,6279200
2020-12-29,112.55245971679688,112.56061594028132,112.29132359054887,112.29947981403333,6581800
2020-12-30,112.69937896728516,112.70753519222153,112.44638656723593,112.52799862560688,5343100
2020-12-31,112.72386169433594,112.79730507656116,112.58513115493764,112.65040585985874,6932300
2021-01-04,112.15259552001953,112.52799353840224,112.11180194493008,112.52799353840224,14891400
2021-01-05,111.79351043701172,111.85062890101173,111.43443739844531,111.85062890101173,16294400
2021-01-06,110.8876953125,110.9692949145433,110.49597239458791,110.80608325820552,19136500
2021-01-07,110.87139129638672,110.9448346877358,110.61024263525192,110.62656753963623,11886100
2021-01-08,110.789794921875,110.89588813702252,110.53681490322043,110.806119828572,13341400
2021-01-11,110.31637573242188,110.56936798199459,110.30821951233672,110.56936798199459,7557700
2021-01-12,110.5530776977539,110.61019616071951,109.95734968669281,110.25929180354258,16766200
2021-01-13,111.40998840332031,111.50791291398494,110.76528550210581,110.78976662977198,16490700
2021-01-14,110.9284896850586,111.49974916472542,110.85504630701615,111.4344620112706,22050500
2021-01-15,111.09986877441406,111.40181096003911,111.01825672044727,111.18148082838084,13680700
2021-01-19,111.29572296142578,111.37732255781037,111.02641814363093,111.05905549173471,12807500
2021-01-20,111.26306915283203,111.40179966871338,111.20595068264554,111.27123782875144,12218400
2021-01-21,110.82240295410156,110.92848367700027,110.65919130542996,110.79792182941335,25084300
2021-01-22,110.74079132080078,110.91217164651445,110.6591917222829,110.78975357036165,15998800
2021-01-25,111.2141342163086,111.28757760411895,110.92850443848658,110.9448293420843,14603700
2021-01-26,111.2059326171875,111.35281933287656,110.95295274977998,111.001914988343,11926900
2021-01-27,111.01006317138672,111.34465504700017,110.9692571581234,111.32833015124547,13822700
2021-01-28,110.83052062988281,111.13246269751825,110.78971461884515,111.01821333796055,16896900
2021-01-29,110.65916442871094,110.90397561613369,110.13687980846308,110.5122652640097,18131600
2021-02-01,110.87750244140625,110.95926302128281,110.64036806308582,110.68942690637509,10682300
2021-02-02,110.5831298828125,110.68124756316057,110.41958377981118,110.55860046272548,12710600
2021-02-03,110.32147216796875,110.45230406684018,110.28058563996936,110.38688811740447,13189600
2021-02-04,110.50956726074219,110.56681091189931,110.08438218137599,110.23155875265962,10689500
2021-02-05,110.2151870727539,110.6976282163268,110.157955905982,110.58315340596445,12016300
2021-02-08,110.68942260742188,110.7221368195553,110.28058229346752,110.32964113485144,13460300
2021-02-09,110.51769256591797,110.78752861151226,110.28874303816771,110.77117150901195,11755100
2021-02-10,110.77938842773438,110.83663207112812,110.62402708345819,110.69762783593853,9414500
2021-02-11,110.48503875732422,110.84482034812375,110.419622788377,110.82846323668186,9241100
2021-02-12,110.12523651123047,110.33784148963741,110.03530360721889,110.06800534714874,13717100
2021-02-16,109.34844207763672,109.80634129662918,109.3320974461141,109.58557647971222,21429200
2021-02-17,109.89627838134766,109.92080780359785,109.59374052238395,109.84721953684728,16195400
2021-02-18,109.68367004394531,109.85538845169565,109.43836338007992,109.67549772998204,15414100
2021-02-19,108.89051818847656,109.487421501085,108.87416108384184,109.39747614081674,13678500
2021-02-22,108.21185302734375,108.93141598395074,108.13826476409524,108.70246640263332,17978100
2021-02-23,108.29365539550781,108.31818482323037,107.737625921217,107.86028553664958,23482500
2021-02-24,108.45716857910156,108.48169800218918,107.4023659558822,107.63948787133486,18120000
2021-02-25,106.74002838134766,107.86025937518525,106.11859556840484,107.71307036773075,35471200
2021-02-26,108.15462493896484,108.19551146753507,107.1079946870143,107.47594849051278,23284400
2021-03-01,108.26031494140625,108.29308331794661,107.85883044089472,107.85883044089472,23890800
2021-03-02,108.13739776611328,108.24391686127414,107.96534192249781,108.23572789327763,13633400
2021-03-03,107.33444213867188,108.03089199313995,107.28528332583721,107.57204723478658,24043300
2021-03-04,106.45772552490234,107.46553110757397,106.35940790795496,107.37540245795878,21771800
2021-03-05,106.31847381591797,106.45776132084164,105.9170017435628,106.1791863109943,23789400
2021-03-08,105.32705688476562,106.20375165307601,105.31066644452127,106.13001342534054,15029200
2021-03-09,106.12181854248047,106.20374573465119,105.82685314573338,105.86782299293976,21900300
2021-03-10,106.62161254882812,106.7526985467614,106.27748836255125,106.27748836255125,19440400
2021-03-11,106.68720245361328,106.96577749595802,106.56429287452293,106.75273922643309,20622100
2021-03-12,105.4581527709961,105.93336300604089,105.4171829225288,105.80227699408496,14352000
2021-03-15,105.81864166259766,105.92516075480722,105.55645716931988,105.55645716931988,10111200
2021-03-16,105.74493408203125,106.01532012365492,105.58925613361964,105.86784364762991,11356900
2021-03-17,105.84325408935547,106.0726827831324,105.13042610154093,105.2697136105251,19086100
2021-03-18,105.2369384765625,105.38441494641125,104.80268553457145,104.884612739295,21368700
2021-03-19,105.39260864257812,105.46634687206209,105.07306381257125,105.22872924073415,19776100
2021-03-22,105.76947021484375,106.07263701747189,105.63837173274723,105.74489081223058,16677200
2021-03-23,106.08085632324219,106.1791739618136,105.76950046477543,105.76950046477543,32228000
2021-03-24,106.40040588378906,106.44956470526148,105.86783531484662,105.86783531484662,13435400
2021-03-25,106.27750396728516,106.5314995347665,106.06446574766113,106.4577488036889,12945900
2021-03-26,106.2037582397461,106.36763764786782,105.96615310155924,106.06447074463746,14315000
2021-03-29,105.9497299194336,106.2774761321525,105.78586306419396,106.24469525976079,11279900
2021-03-30,106.27750396728516,106.343040724754,105.67937166075623,105.90878781862601,20219000
2021-03-31,106.55606842041016,106.82645440167559,106.37581109956652,106.44136035280435,23764600
2021-04-01,107.22433471679688,107.25716722180177,106.84669201233952,107.1011971646419,16390900
2021-04-05,106.69892120361328,106.96983633047367,106.6578711795359,106.87953128818688,17015500
2021-04-06,107.41314697265625,107.44599200350413,106.8549067153316,106.8549067153316,15762000
2021-04-07,107.1996841430664,107.47880421903967,107.06012410507977,107.37207667899425,10976500
2021-04-08,107.59374237060547,107.61016488378698,107.27357226045598,107.33924978647475,7452800
2021-04-09,107.37210845947266,107.62661363234955,107.16687083814988,107.24897089736311,7568300
2021-04-12,107.3474349975586,107.35565251598862,107.15041498251666,107.2981799937981,10579800
2021-04-13,107.8236312866211,107.83184880838225,107.18329092475177,107.2243409534275,9582100
2021-04-14,107.67584991455078,107.78256494090024,107.4952398370879,107.67584991455078,10219300
2021-04-15,108.34082794189453,108.62816559961102,108.07811779464411,108.086335315939,17234400
2021-04-16,107.60198211669922,108.10274986845434,107.5855596001255,107.7743746972389,21100200
2021-04-19,107.3228530883789,107.4624131672229,107.2407655561408,107.36390311785308,10868200
2021-04-20,107.5280990600586,107.70050418655565,107.25718387654109,107.29002891335539,11996200
2021-04-21,107.89751434326172,107.89751434326172,107.46241159595986,107.59376667767252,10473600
2021-04-22,108.00421142578125,108.09451645312882,107.7579238487691,107.99600643300657,16487100
2021-04-23,108.09455108642578,108.27516119898807,107.94678600889875,108.13560111686459,15170600
2021-04-26,108.04525756835938,108.26691763239181,108.02883505669244,108.1191400808015,10915200
2021-04-27,107.56095886230469,108.06994426239638,107.56095886230469,108.03711174778621,10418200
2021-04-28,107.57732391357422,107.63479644852282,107.19969378311195,107.55269640622701,15731100
2021-04-29,107.44601440429688,107.487051911349,107.01911660123551,107.27360927317409,11697300
2021-04-30,107.66765594482422,107.74155101210118,107.43779080081131,107.51168586808828,11860200
2021-05-03,107.92679595947266,108.10774542072238,107.64711940783032,107.86099045032843,9029900
2021-05-04,107.99254608154297,108.25576801371116,107.82803864949413,108.14883253487878,14006800
2021-05-05,108.12417602539062,108.16530602840004,107.8527330668662,107.8527330668662,5722300
2021-05-06,108.32979583740234,108.3791468125262,108.05835292310849,108.16528840328529,9383600
2021-05-07,108.37091827392578,108.8562195636067,108.18995634368683,108.64236116928421,11267200
2021-05-10,107.78691864013672,108.38738902186165,107.778697660662,108.18175157497019,9705000
2021-05-11,107.3921127319336,107.5812956942621,107.27695624819684,107.37565821965251,12179400
2021-05-12,106.80809783935547,107.18646372329763,106.7505133281259,107.03841078204567,12569900
2021-05-13,107.21111297607422,107.37562038757727,107.03838458688486,107.03838458688486,9508200
2021-05-14,107.79515075683594,107.81982624605016,107.48257782530438,107.60596782248903,8987200
2021-05-17,107.67176818847656,107.80337917410863,107.60597524677493,107.79515819417453,6001600
2021-05-18,107.31805419921875,107.53191259053523,107.30159969185236,107.4825616195477,8835300
2021-05-19,107.12884521484375,107.49075643102215,106.91497432447858,107.22754713279161,20069600
2021-05-20,107.86094665527344,107.89384312092976,107.4578927820871,107.4578927820871,10498100
2021-05-21,107.93494415283203,108.09945153919419,107.82800870369756,108.01720412156764,7826100
2021-05-24,108.23109436035156,108.28866631454353,108.0501324166978,108.1652888761945,5756400
2021-05-25,108.63414001464844,108.66703647867854,108.29689164055873,108.31333359701789,11428000
2021-05-26,108.57654571533203,108.68348117822526,108.36268734065622,108.47784378103714,28568500
2021-05-27,108.24756622314453,108.42852819580965,107.770485799856,108.42029466452456,15033000
2021-05-28,108.33802795410156,108.6259128222729,108.29689795833066,108.32157344557069,10432400
2021-06-01,108.35204315185547,108.37676688349536,108.05534579652476,108.32731942021557,6390600
2021-06-02,108.52510070800781,108.59103484572768,108.41796873790759,108.42620578925349,8140400
2021-06-03,108.0965347290039,108.28608749246293,108.07181100227662,108.21191631228106,10028100
2021-06-04,108.86299896240234,108.87124858868033,108.40970966485655,108.45092006929704,11427200
2021-06-07,108.7723159790039,108.83001304702387,108.673421091709,108.7640789302783,5000100
2021-06-08,109.18446350097656,109.22567392183751,109.05260776013829,109.05260776013829,10626800
2021-06-09,109.58003234863281,109.74486140211782,109.43167739754082,109.59650645102583,12152200
2021-06-10,110.07451629638672,110.08276592299313,109.31629261196511,109.39871342412738,16424100
2021-06-11,110.16517639160156,110.27232093445332,109.96737398379457,110.16517639160155,12707000
2021-06-14,109.76130676269531,110.03328028877009,109.61296442609856,110.01680619069093,8327200
2021-06-15,109.84375,109.87672335419052,109.58002604472561,109.662434278902,17848200
2021-06-16,109.53058624267578,110.19816474400459,109.2256518261698,109.97563857689498,22698500
2021-06-17,110.14044952392578,110.6514233433028,109.79430475186552,109.79430475186552,22735800
2021-06-18,110.71737670898438,110.90694209319388,110.24761321375111,110.34650814418919,21169700
2021-06-21,110.07451629638672,110.37121361426041,110.00034511083086,110.23110829410481,22492000
2021-06-22,110.25584411621094,110.26408116807053,109.70365982597747,109.72014650534835,12098400
2021-06-23,110.08274841308594,110.27230116012825,109.98384093909351,110.09922251237775,12519100
2021-06-24,110.29703521728516,110.33824562067187,110.14044322980531,110.18989068360958,8241300
2021-06-25,110.00860595703125,110.37947454068095,109.72839525610951,110.30530333908162,10981600
2021-06-28,110.47836303710938,110.53604754765185,110.23935021666675,110.27232357324891,12359900
2021-06-29,110.61022186279297,110.6184589134094,110.24759042527374,110.28055120338922,11194400
2021-06-30,110.73384857177734,110.94812508427124,110.65967738387377,110.79153308159655,17381500
2021-07-01,110.63726806640625,110.77763773740654,110.43083985622148,110.6868088209501,11062700
2021-07-02,110.95100402832031,110.95926921836674,110.60420622949701,110.67026475299312,6896200
2021-07-06,111.35559844970703,111.61981992222529,111.08311178783337,111.08311178783337,11499900
2021-07-07,111.73542785644531,111.88405006713776,111.45467601507028,111.57854045668756,16902400
2021-07-08,111.79324340820312,111.9666486211919,111.60333301254958,111.69416191471016,17494900
2021-07-09,111.32259368896484,111.37213443569985,111.24001737815577,111.30607590692782,13192600
2021-07-12,111.26476287841797,111.47944359940344,111.18218658606872,111.4299028637432,12577200
2021-07-13,110.8519287109375,111.43819026497766,110.6702709110589,111.38863692006696,19922400
2021-07-14,111.36385345458984,111.38862382444513,111.15742530621291,111.16569049574754,14420100
2021-07-15,111.60330200195312,111.71063605695416,111.28127463820489,111.652842734934,15859100
2021-07-16,111.4464340209961,111.57855106486595,111.30606438664991,111.30606438664991,9624600
2021-07-19,112.24739074707031,112.36299002551664,111.95838625126628,112.00792699926093,21808500
2021-07-20,112.09046936035156,112.74277667699357,111.94184716138474,112.60240706706739,24764800
2021-07-21,111.69414520263672,111.83451483054118,111.49596964592644,111.66937483296971,22385000
2021-07-22,112.15655517578125,112.21434851188086,111.69415808948185,111.78498698853178,6074900
2021-07-23,112.10704040527344,112.11529299823528,111.67766618306523,111.71895434663155,11455300
2021-07-26,111.85930633544922,112.20610417568724,111.78499521240748,112.20610417568724,8684600
2021-07-27,112.33827209472656,112.33827209472656,112.02449707844468,112.24744314787561,10506100
2021-07-28,112.53640747070312,112.54467266344325,111.991446523159,112.09878063436813,12225700
2021-07-29,112.21438598632812,112.30521491571075,112.10705186933401,112.19788079871664,15828800
2021-07-30,112.30525207519531,112.44562181261756,112.23919350475238,112.26397649312949,11148100
2021-08-02,112.63028717041016,112.91979633821532,112.37386007649508,112.43175686128482,12042700
2021-08-03,112.74606323242188,112.828774706008,112.61370972837425,112.65507177612973,13121700
2021-08-04,112.77094268798828,113.14317608766854,112.26635570826505,113.01082250762556,14426200
2021-08-05,112.30764770507812,112.61370412377208,112.28283300204478,112.58888942073874,13960900
2021-08-06,111.38951110839844,111.80310648965173,111.37296375900809,111.66248557465713,8641500
2021-08-09,110.90972900390625,111.5135746722363,110.90972900390625,111.41431582865553,14166600
2021-08-10,110.66156768798828,111.05034831568197,110.66156768798828,111.0420809528114,12103500
2021-08-11,110.83525848388672,111.11650022169384,110.48783999213819,110.66154292704985,15902200
2021-08-12,110.99239349365234,111.01722081596124,110.73596650838154,110.84350529133621,14593200
2021-08-13,111.73694610595703,111.77002818766157,111.17444974153044,111.2654412436319,17846600
2021-08-16,111.80310821533203,112.21670360296916,111.77829350182816,112.00990590915059,15203000
2021-08-17,111.60454559326172,111.77826115945476,111.52183411282411,111.6210929381196,15055900
2021-08-18,111.5301284790039,111.76174087539084,111.3398781438137,111.61283997946842,9134600
2021-08-19,111.78654479980469,111.87753627688481,111.53838507850183,111.70382068539449,15681600
2021-08-20,111.86099243164062,111.99334597006943,111.71210416735433,111.91062185306939,10782100
2021-08-23,111.9437255859375,112.05126442233362,111.8361867495414,111.9437255859375,12064300
2021-08-24,111.68730926513672,111.91892168750108,111.59631776906998,111.83619755582936,13782900
2021-08-25,111.39775085449219,111.77826406455762,111.26539733604108,111.68727259836325,15533600
2021-08-26,111.36467742919922,111.54666037571222,111.2157765539035,111.53011302913998,14673700
2021-08-27,111.98507690429688,112.02642634024,111.31505448134061,111.48875745369996,11670000
2021-08-30,112.1753158569336,112.21667791061326,111.85271203331496,111.87752674113742,9119900
2021-08-31,111.91889190673828,112.31593986486428,111.83616779707882,112.14223690527722,15644700
2021-09-01,112.06306457519531,112.18735306251324,111.76475956183907,112.13763766758606,16028100
2021-09-02,112.26191711425781,112.26191711425781,112.02990352741999,112.17076801630066,11822200
2021-09-03,111.85588073730469,111.93873549356384,111.7150162722531,111.78958934602333,7681300
2021-09-07,111.32559967041016,111.44988816847066,111.13500711499165,111.44988816847066,14271400
2021-09-08,111.68190002441406,111.7647674510042,111.36701897592444,111.51617781502789,16045000
2021-09-09,112.41108703613281,112.46908411667582,111.73160957627213,111.83105301173556,18014200
2021-09-10,112.08792877197266,112.3613761037209,111.93876993474909,112.29508469204309,10776600
2021-09-13,112.36140441894531,112.51055064995998,112.31167636480995,112.3365467137762,13159800
2021-09-14,112.70111846923828,112.90827441920705,112.42767109802402,112.50225684929757,16550300
2021-09-15,112.5685043334961,112.69279279744754,112.39448784017324,112.65965342165742,14194400
2021-09-16,112.41108703613281,112.47737844517728,112.17077909787245,112.23707050691692,16282400
2021-09-17,112.1624984741211,112.19563785706008,111.94706087553382,112.10448874923593,15769600
2021-09-20,112.51054382324219,112.55197754394239,112.17909934523342,112.17909934523342,17519900
2021-09-21,112.5022201538086,112.60165093134705,112.41935274333211,112.5270778481932,15834600
2021-09-22,112.81709289550781,112.86682093000736,112.38621774684887,112.51050622361738,15898200
2021-09-23,112.0382080078125,112.45251982810886,111.86419148001895,112.45251982810886,14735500
2021-09-24,111.79790496826172,111.9884848736833,111.68189815924937,111.91391177727407,10797300
2021-09-27,111.73992919921875,111.83107832681402,111.48304518959834,111.55763094402818,13104100
2021-09-28,110.54669189453125,111.0770105617831,110.53011588011246,111.0770105617831,19987200
2021-09-29,110.52183532714844,111.09358771440793,110.41411019801419,110.85327975615375,14956300
2021-09-30,110.23178100585938,110.52180428262011,110.18206561985261,110.46379456975158,21397100
2021-10-01,111.032958984375,111.19899945124419,110.56802794183538,110.60954122557158,21381400
2021-10-04,110.8503646850586,110.97489192887068,110.62620297811509,110.77563567068958,12931100
2021-10-05,110.39369201660156,110.84200255261061,110.39369201660156,110.7506783938582,14635200
2021-10-06,110.42688751220703,110.52652192191735,110.23594161804763,110.41858992309574,13855500
2021-10-07,109.93708038330078,110.26917401919742,109.90387735374956,110.18614744320404,15805500
2021-10-08,109.43063354492188,109.8457410313486,109.34761964848161,109.820835595609,9079400
2021-10-11,109.22313690185547,109.4555962023345,109.20652904665504,109.2397447570559,4337000
2021-10-12,109.92049407958984,109.9620073757234,109.45557556628451,109.66312937887291,19870400
2021-10-13,110.4767074584961,110.50991048193647,110.05328973416509,110.0948030145215,18260300
2021-10-14,110.99974822998047,110.99974822998047,110.6012485581448,110.67596487134972,15870000
2021-10-15,110.60124206542969,110.65105293797554,110.41859375404464,110.59294447603051,13131700
2021-10-18,110.50994110107422,110.65937375007132,110.17786010236195,110.41861692621663,11530300
2021-10-19,109.90389251708984,110.27748682445075,109.90389251708984,110.23597353072651,12213200
2021-10-20,109.63819122314453,110.01178544072216,109.61328578651106,109.84574497380717,13810200
2021-10-21,109.40574645996094,109.63820567790461,109.30612470029288,109.58839479807058,13131000
2021-10-22,109.84574890136719,109.95368090935509,109.57177642052747,109.66310058080738,13735100
2021-10-25,109.89557647705078,110.119738116908,109.8042523028925,109.83746800335622,8206800
2021-10-26,110.36880493164062,110.3854127818324,109.92048165300845,110.186156583765,10100600
2021-10-27,111.04125213623047,111.29861674980374,110.61784706242365,110.85860382955104,15928300
2021-10-28,110.87528991699219,111.1492625703447,110.65942576509285,111.00812744614807,18514400
2021-10-29,110.8171157836914,111.01637198219305,110.3771027632352,110.42691364584111,17367800
2021-11-01,110.6191177368164,110.6939936860621,110.31133811021701,110.31133811021701,11894200
2021-11-02,111.04340362548828,111.10995299436249,110.61915298553953,110.61915298553953,18047600
2021-11-03,110.76055908203125,111.25135906181893,110.56092368021315,111.15985527165446,11847700
2021-11-04,111.34284973144531,111.49257626516525,110.88533083453659,110.88533083453659,20135500
2021-11-05,112.1580810546875,112.29949370879105,111.65065320502428,111.75047091545156,15840400
2021-11-08,111.900146484375,112.05819956458964,111.75040731096576,112.04155905799139,8494200
2021-11-09,112.19963073730469,112.55731918404162,112.18299022794798,112.47414202323725,18075300
2021-11-10,111.05168914794922,112.04159013078328,110.84372718325268,112.02494961957007,23397300
2021-11-11,110.73558807373047,111.20142086553716,110.67736532125043,111.08496266758549,6168900
2021-11-12,110.6191177368164,110.98513280249688,110.46106462272799,110.88531512748955,11897100
2021-11-15,109.77896881103516,110.55258126844767,109.77065490147939,110.51099902767713,12353400
2021-11-16,109.5959701538086,110.09508401348981,109.5377347032156,109.71242836200184,18709500
2021-11-17,110.03683471679688,110.07011573951728,109.37968048746693,109.47118426046134,14541100
2021-11-18,110.28642272949219,110.37792652830187,109.96200247789331,109.96200247789331,14086100
2021-11-19,110.70231628417969,110.81046056925317,110.54426315768497,110.55257706692477,17682900
2021-11-22,109.73735809326172,110.43610718519304,109.69576316548228,110.26142625870514,13745400
2021-11-23,108.9554443359375,109.55437589406117,108.9554443359375,109.47951262254391,10986900
2021-11-24,109.47953033447266,109.49617085072181,108.8140493074503,108.9388341398266,14019900
2021-11-26,110.36959075927734,110.41951230329671,109.64588703341725,109.82058070500088,14399300
2021-11-29,110.44447326660156,110.52765045890357,109.8455416328518,109.92040491382193,21231700
2021-11-30,110.68571472167969,111.24305146865558,110.44448433892724,110.827127386465,28873400
2021-12-01,110.70149230957031,110.80150230715753,110.29316159850602,110.64316480048798,18070800
2021-12-02,110.95984649658203,111.02651560135251,110.50151706451123,110.72651098780112,17305900
2021-12-03,111.88485717773438,112.13486313611462,110.89318764535048,110.93484470855448,25739900
2021-12-06,111.31822204589844,111.8682327750697,111.25988179469768,111.8432334433651,25332000
2021-12-07,111.36822509765625,111.72657005926746,111.23488684608763,111.36822509765625,17338200
2021-12-08,110.62653350830078,111.13487439689695,110.45152548744507,111.08487573831927,17408000
2021-12-09,110.53488159179688,110.96822455732905,110.49321179813951,110.78488763790527,12348300
2021-12-10,110.65985870361328,111.10987205025933,110.60986004639338,111.0765311348904,12792300
2021-12-13,111.15987396240234,111.41820884282524,111.06820551620386,111.10154643254904,10264200
2021-12-14,110.65985870361328,110.97653382045061,110.50986273195358,110.85986604832635,17725400
2021-12-15,110.80154418945312,110.8598717205829,110.26820395876284,110.30986103135521,20585100
2021-12-16,110.7981948852539,111.13218353153216,110.64790954970181,110.86499261450956,9750200
2021-12-17,111.0570068359375,111.16555471771694,110.92342414339554,110.92342414339554,8753100
2021-12-20,110.57271575927734,110.9735019956893,110.50593079356841,110.85660919515908,12931400
2021-12-21,110.7898178100586,110.7981627461584,109.77951996612352,109.77951996612352,12933300
2021-12-22,110.96516418457031,110.9735218620499,110.68128343822828,110.94011663285555,7850800
2021-12-23,110.7981948852539,110.89839784931947,110.56440920304121,110.85664767598915,8401200
2021-12-27,111.12383270263672,111.21567799347933,110.78149909673564,110.8316069520393,8744200
2021-12-28,110.98188781738281,111.39101914014371,110.83994741733054,111.34926896592494,6864300
2021-12-29,110.37238311767578,110.63956131714572,110.2137400896943,110.53102614565726,7263000
2021-12-30,110.81487274169922,110.83992029202784,110.29720638109275,110.53099201106737,5566900
2021-12-31,110.64788055419922,111.07370163370705,110.58942777878164,110.82321339973035,8514500
2022-01-03,109.47061920166016,110.03838076770266,109.47061920166016,110.03003582950686,18199400
2022-01-04,109.56244659423828,109.57914920826639,109.11992287520508,109.32866095929099,18748000
2022-01-05,108.9195327758789,109.77953268714953,108.89448522431661,109.77953268714953,16107500
2022-01-06,108.777587890625,108.94457580756632,108.54380225883489,108.69408756197365,19336300
2022-01-07,108.31002807617188,108.71080166726787,108.10128997283981,108.63565900775538,17750800
2022-01-10,108.2098388671875,108.276623849354,107.73390987180179,108.04283819068263,14253400
2022-01-11,108.53548431396484,108.60228204542567,108.1096503684476,108.21819827461704,17231000
2022-01-12,108.46029663085938,108.86108290036996,108.45195169454654,108.73583241351261,12733100
2022-01-13,108.8026351928711,108.810992869934,108.28496882942588,108.63564727631083,13468500
2022-01-14,107.84248352050781,108.3183998891983,107.79238840173682,108.30171000985192,14308300
2022-01-18,106.81544494628906,107.28302255267151,106.76534984817609,107.22456977796591,15266600
2022-01-19,106.98246002197266,107.45003134907478,106.9574124680467,107.09935285374819,16057900
2022-01-20,106.92403411865234,107.29141532241728,106.81549256762322,107.11606966048717,22915800
2022-01-21,107.6253662109375,107.80071183201537,107.39158054307593,107.4416756518515,21504700
2022-01-24,107.29139709472656,107.70887334801343,107.21625442682232,107.65877823607727,22567100
2022-01-25,106.99079895019531,107.53351290859129,106.94904878254276,107.27467970565283,17247300
2022-01-26,106.26438903808594,107.39157350291433,106.16419882710287,107.27468067664657,23220800
2022-01-27,106.50653076171875,106.92400697996969,106.30614396060915,106.63177490123034,22292800
2022-01-28,106.62340545654297,106.66515561933896,105.91369728027426,105.92204858686955,21294200
2022-01-31,106.67350769042969,106.77369788956938,106.25603154019966,106.4898171650996,20325100
2022-02-01,106.85087585449219,106.92616112243694,106.28203042836068,106.73375480057102,17587300
2022-02-02,106.8592300415039,107.32769508149471,106.75048253375328,107.0265412637401,22644800
2022-02-03,105.99759674072266,106.18163589187922,105.7884625020939,106.08961631630095,23396800
2022-02-04,104.94354248046875,105.23633547597491,104.6591230225444,105.13594875903541,26115800
2022-02-07,105.13594818115234,105.24469567053694,104.73440769787092,104.84316156952498,12756600
2022-02-08,104.7427749633789,105.13594829180781,104.7427749633789,105.0188336470336,22126100
2022-02-09,105.09413146972656,105.47057691490741,105.06903638316855,105.16942311167082,19616400
2022-02-10,103.66363525390625,104.72604052841089,103.64690732666475,104.53363426265359,39583900
2022-02-11,104.43327331542969,104.53366005045076,103.47962167067676,103.88952938530983,21553500
2022-02-14,103.50472259521484,103.98154841507636,103.44616526232907,103.85606659252952,22793600
2022-02-15,102.9860610961914,103.60509663214617,102.9860610961914,103.3875952451409,15673700
2022-02-16,103.13665008544922,103.30395493674162,102.57617181312162,103.28722700452077,27148800
2022-02-17,103.21192169189453,103.53817057631949,102.96932522204288,103.26211824645462,24384600
2022-02-18,103.462890625,103.84769685759186,103.11154663640794,103.52981511299957,19233800
2022-02-22,103.32902526855469,103.33739242379583,102.99441564614241,103.10316313519947,18011000
2022-02-23,102.3921127319336,103.18682019440729,102.36701764734786,103.08643985606435,16579900
2022-02-24,102.8773193359375,102.96097175644853,102.24154945196662,102.45068369437948,29245000
2022-02-25,103.29558563232422,103.79750652702721,102.91077301803914,103.16173665652586,19073700
2022-02-28,104.39983367919922,104.56713854796732,103.68041125540748,103.68041125540748,23474500
2022-03-01,104.75692749023438,105.48620663337141,104.61442540426395,104.64795004005325,28504600
2022-03-02,103.1642074584961,104.19526557017237,103.13906079157029,104.05275713194558,24849900
2022-03-03,103.54142761230469,103.82643811362685,103.30671684379747,103.54981196700531,14144600
2022-03-04,103.64202880859375,104.32101449863809,103.58335111186632,104.22042781589926,17402800
2022-03-07,102.3846435546875,103.34863976316004,102.2672881618706,103.0133358999449,16164900
2022-03-08,101.77272033691406,102.12478651680685,101.26976134233664,101.69727392957174,20045200
2022-03-09,101.94876098632812,102.2672961638424,101.78110584390765,101.8984612459071,27652200
2022-03-10,100.78357696533203,101.37035392897582,100.4147420765335,101.32843854783444,34185900
2022-03-11,100.74164581298828,100.94282554111567,100.64943710522401,100.8422388747461,20701300
2022-03-14,99.2831039428711,100.23033150495897,99.24957291473662,99.84473427449693,18624900
2022-03-15,100.06269073486328,100.1465151141856,99.60164705550515,99.76091785299073,24022000
2022-03-16,100.91769409179688,100.96798743256534,99.47589196613492,100.50695021961292,32561800
2022-03-17,101.90685272216797,102.16671021683892,101.28654464034528,101.43743108137137,23878300
2022-03-18,102.10801696777344,102.25890338582998,101.55477103182558,101.55477103182558,21675100
2022-03-21,100.69137573242188,101.56316328281306,100.55725161910489,101.33683044043809,17919300
2022-03-22,100.4482650756836,100.58238277291818,100.2470789367486,100.37281867473578,16780900
2022-03-23,100.73331451416016,100.86743866714568,100.29742380774046,100.63272779481264,16949300
2022-03-24,100.77516174316406,100.92604811551243,99.61836409003081,100.087791912552,20466500
2022-03-25,99.97883605957031,100.43149527416806,99.61838555880111,100.40634860592185,23247400
2022-03-28,100.53208923339844,100.69135999422068,100.0291366778514,100.15487641558533,18691100
2022-03-29,101.37873077392578,101.4374084659432,100.83386283639912,101.05181129048754,23812400
2022-03-30,101.61343383789062,101.7224048589785,100.95121056653744,101.00150390005673,17696700
2022-03-31,101.37873077392578,101.89844564739747,101.19431334318855,101.65535052464283,19905200
2022-04-01,101.71892547607422,101.97933835548488,100.76129465217986,100.8536981885996,16506800
2022-04-04,102.07173919677734,102.1053410644883,101.45851632662911,101.78612652568471,19647900
2022-04-05,100.28250122070312,101.80295566575228,100.26570348717279,101.7609517185726,22750400
2022-04-06,99.69448852539062,100.16490199047246,98.95526645041876,99.21567298874581,25447400
2022-04-07,99.23246002197266,99.64407816843412,99.04765932983527,99.5684723503261,21292700
2022-04-08,98.4511947631836,98.75360509703572,98.15718649663279,98.49319869079065,16072800
2022-04-11,97.49361419677734,97.9388278586805,97.25840746285891,97.86322844087935,20685500
2022-04-12,97.56079864501953,98.42602599166746,97.55239657507008,98.14881536344971,25029100
2022-04-13,98.0648193359375,98.12362101104561,97.52720218954845,97.56920613272649,21276200
2022-04-14,96.92235565185547,98.03119152399624,96.8299521284354,98.00599172831808,19717700
2022-04-18,96.18314361572266,96.88036794164096,96.09074008294307,96.72076067431243,16576000
2022-04-19,95.41876220703125,95.90597990736838,95.35996051277704,95.70437501405453,19775400
2022-04-20,96.41000366210938,96.6788123460185,96.02359157954656,96.04039572729968,21119400
2022-04-21,95.38511657714844,96.25034379861114,95.10790598903884,96.18314006654202,25288700
2022-04-22,95.27592468261719,95.51953344502006,94.763507356339,95.0155181888666,19927300
2022-04-25,96.33435821533203,96.48556342837291,95.77993696454828,95.78833903441208,22261500
2022-04-26,96.2839584350586,96.82997120606255,96.16635509278991,96.80477140541949,22695300
2022-04-27,95.35991668701172,96.4435529050222,95.31791915836233,96.09914497093264,19426200
2022-04-28,95.64552307128906,95.65392514002669,94.9398967020438,95.14990355817979,19645500
2022-04-29,94.58712005615234,95.35994402095436,94.40231293219907,94.84753300758784,20257300
2022-05-02,94.02637481689453,94.22843542785786,93.70644498092003,94.03479588250705,17184100
2022-05-03,94.6325912475586,95.42399821919862,94.539978768421,94.9525211787839,20914600
2022-05-04,95.55870819091797,95.8618024047782,94.11059281878411,94.6241687687477,34240700
2022-05-05,94.09376525878906,94.70836838436212,93.36128644126357,94.66627588753012,34356900
2022-05-06,93.29389190673828,93.89165906944983,93.16760804541174,93.32756974422226,15550400
2022-05-09,93.62225341796875,93.72328694188678,92.77191201270989,92.96555157098015,17185900
2022-05-10,94.0179672241211,94.59889879020342,93.93377582610427,94.36316030639955,25650800
2022-05-11,94.4557876586914,94.68310511150419,93.48757037041457,93.62227534379436,25053500
2022-05-12,94.49786376953125,95.03669641641874,94.43051450621418,94.6830886962848,22156400
2022-05-13,94.00114440917969,94.43052894837898,93.80749838612343,94.35475218339425,16107900
2022-05-16,94.12742614746094,94.5568042240929,94.07690616761607,94.16951863670741,11980500
2022-05-17,93.58859252929688,93.79065317647446,93.4117822367003,93.5970071730265,16562600
2022-05-18,93.93377685546875,93.97587576663446,93.36126634993188,93.36126634993188,16146400
2022-05-19,94.18635559082031,94.81780070531748,94.05164421649948,94.52312117983864,21212500
2022-05-20,94.6494140625,94.68309190699647,94.27897061982297,94.44735341891325,13906700
2022-05-23,94.31266021728516,94.72520907433109,94.11059953475637,94.35475913686724,14892400
2022-05-24,95.55026245117188,95.65129597083532,94.64098646776544,94.70833572414992,17210400
2022-05-25,96.53532409667969,96.5521598053628,95.91229367775146,95.99648506794975,25637000
2022-05-26,96.56058502197266,97.04889767546892,96.3416822593347,96.67845425799503,34022300
2022-05-27,97.06575775146484,97.37727303190468,96.71214997803119,96.9647242061726,9246100
2022-05-31,96.35010528564453,96.53533020984504,95.73549589383298,96.19855820433426,20336900
2022-06-01,95.78803253173828,96.96956021196182,95.4420109976038,96.76701463326312,22403900
2022-06-02,95.83023834228516,96.03278393337766,95.27322991827047,95.92307307962095,14823300
2022-06-03,95.52639770507812,95.53483254220404,95.14661755378178,95.14661755378178,11440900
2022-06-06,94.85127258300781,95.52643325514593,94.78375522803213,95.45891590017025,12213900
2022-06-07,95.35761260986328,95.61079939924433,95.03691492361382,95.10443225928977,11291400
2022-06-08,94.80905151367188,95.44201208829556,94.80061667528526,95.16351432895516,13730800
2022-06-09,94.1845474243164,94.80906682258734,94.13391263058901,94.57276253344747,24846700
2022-06-10,93.27305603027344,93.79630569257333,92.7160541409413,93.68659485770065,36297900
2022-06-13,91.1209945678711,91.86366590288877,90.38675807024167,91.458574788809,34771900
2022-06-14,90.6484146118164,91.83837737707827,90.43742771226984,91.53455572662648,27320800
2022-06-15,92.06623077392578,92.15063067597136,90.92690292320414,91.70333952588726,31581500
2022-06-16,92.1675033569336,92.39537278186768,90.54712574348177,90.80030612375397,30588300
2022-06-17,92.35316467285156,92.58946891575103,91.79615629561053,92.42911684858024,17319600
2022-06-21,91.42484283447266,92.34474260551866,91.32356680695926,91.93965137308321,17031500
2022-06-22,92.09156036376953,92.55572765998922,92.04091913161528,92.37849944447163,18943300
2022-06-23,92.80047607421875,93.52627151555404,92.4882131484506,92.53041310340626,30742100
2022-06-24,92.91017150878906,93.39966257420166,92.70762592402828,92.73294331727237,18668900
2022-06-27,92.05778503417969,92.58946958454392,92.00714381118708,92.39536528596348,20847000
2022-06-28,92.032470703125,92.083105488994,91.58517315231971,91.90587729964456,18998400
2022-06-29,92.58102416992188,92.58946544651134,92.00713969917994,92.07465703428075,10747100
2022-06-30,92.85952758789062,93.5937641137841,92.64009947001314,92.64009947001314,16570800
2022-07-01,94.03326416015625,94.32097982488015,93.48321229121534,93.64399837222881,20179400
2022-07-05,94.00787353515625,94.18558786812564,93.79631561672491,94.10095953576486,16728000
2022-07-06,93.54242706298828,94.42250856272068,93.44934108519317,94.27865076294049,17291300
2022-07-07,93.53397369384766,94.05017546415421,93.36472996361758,93.89785352445335,15165800
2022-07-08,93.38166809082031,93.43244638376032,93.0431741149078,93.18703841262963,14384500
2022-07-11,93.64399719238281,94.06711301604714,93.50859702981738,93.77939089871315,9456900
2022-07-12,93.77936553955078,94.42250322535358,93.74551550806291,94.02477342566281,18053600
2022-07-13,94.48175811767578,94.59176589990184,92.84006677050495,92.84853089413299,25657200
2022-07-14,93.88092803955078,94.11787183504254,93.16162607379252,93.45781227439143,22978600
2022-07-15,94.63408660888672,94.8202586041759,93.81324087851266,93.81324087851266,15192500
2022-07-18,93.97405242919922,94.49871206042202,93.9063523296102,94.49025439015102,15665500
2022-07-19,94.2363510131836,94.3294370052089,93.77938517675969,94.10941498258228,15414500
2022-07-20,94.13481140136719,94.72717745819348,94.0671177728964,94.65101324884012,9888100
2022-07-21,95.42108154296875,95.4295392108803,94.36329199287094,94.36329199287094,25141900
2022-07-22,96.15730285644531,96.67350469442808,95.74265114365491,96.22500293990689,16062400
2022-07-25,95.34494018554688,95.63266236936232,95.11646042871875,95.4887980493363,25656700
2022-07-26,95.32796478271484,95.7256945581976,95.28565063187214,95.63260859133003,18514600
2022-07-27,95.96267700195312,96.51272890353498,95.73419082524525,95.75958319972933,16995200
2022-07-28,96.75811767578125,96.90198195397068,96.46193790815842,96.66503813987241,17266700
2022-07-29,96.9865951538086,97.38432500173961,96.58886530587756,96.70733720233777,14914000
2022-08-01,97.17829895019531,97.47520012413639,96.92382055058468,97.02560932170128,18348900
2022-08-02,95.99076080322266,97.28013540082303,95.91441272072517,97.15289291120845,22706500
2022-08-03,97.03410339355469,97.05955058882968,95.74472921567084,96.05010850261013,19416500
2022-08-04,97.18679809570312,97.2376924889022,96.62694035505307,96.9238351017478,22451000
2022-08-05,95.87196350097656,95.93982700172599,95.26968949341963,95.81258455577573,15893400
2022-08-08,96.25369262695312,96.65238261148798,96.2027982363554,96.34700332426212,11889800
2022-08-09,95.82109069824219,96.03315933199498,95.71081733854633,95.8719850993601,17809000
2022-08-10,96.72875213623047,96.96626799004956,96.31309939204706,96.33006203653916,25548100
2022-08-11,95.79564666748047,97.53461211052269,95.75323035059795,97.101990271242,24970100
2022-08-12,96.9068603515625,96.92382946285501,96.08403319300795,96.31307089271887,16542900
2022-08-15,96.8390121459961,97.22073305120442,96.82204303315733,97.07652795117642,10750200
2022-08-16,96.46578216552734,96.59302464147359,95.96529681929113,96.5421237680024,15328900
2022-08-17,95.55810546875,96.00768983239269,95.34603688425292,95.82106844254412,20836800
2022-08-18,95.80410766601562,96.12644959086313,95.75320680390938,95.86348661195647,13914300
2022-08-19,94.66744995117188,94.95586669845017,94.45538128798744,94.95586669845017,17996700
2022-08-22,94.03121185302734,94.4129391995051,93.92942307142243,94.40445464376477,10208500
2022-08-23,94.13301086425781,94.57411070306736,93.82763156361273,93.92094226502206,14517700
2022-08-24,93.85305786132812,93.98878484108967,93.67492105425507,93.92940590539864,14441000
2022-08-25,94.82011413574219,95.04066729822331,93.94639251399269,94.35356708535627,33579200
2022-08-26,94.25176239013672,94.78617289422645,94.16693625054114,94.54017255912558,13942300
2022-08-29,93.55619812011719,93.83613026654812,93.43744020438668,93.83613026654812,18371900
2022-08-30,93.6749496459961,93.98881352862915,93.18294890191852,93.8021921104052,19251300
2022-08-31,92.69094848632812,93.6240555807547,92.64005408911235,93.47984400227567,19484300
2022-09-01,92.1329116821289,92.2264826981657,91.31629721570538,92.03083892999776,26706500
2022-09-02,92.20095825195312,92.93250987865468,92.1924500265614,92.59225225160463,14458700
2022-09-06,90.95054626464844,91.81820383443262,90.95054626464844,91.75015098780707,16455700
2022-09-07,92.19248962402344,92.28606067389863,91.35035666502394,91.3673731231161,21874300
2022-09-08,91.97980499267578,92.43915189148005,91.91175864794128,92.15843881612041,16871100
2022-09-09,92.19248962402344,92.71138126792141,92.16697142676243,92.33710355829787,11911700
2022-09-12,91.9883041381836,92.73686577536746,91.8011621064189,92.54973023347765,11084600
2022-09-13,91.32483673095703,91.46093594371985,90.9420507995672,91.06964178344573,19563400
2022-09-14,91.75863647460938,91.92025383294394,91.27377141985558,91.29928960854656,19360500
2022-09-15,91.31632995605469,91.66509595721487,91.18873248026738,91.5460067104473,12947800
2022-09-16,91.1036605834961,92.00534456331953,90.78892752977018,90.80593749623783,13980900
2022-09-19,91.25677490234375,91.35034594123445,90.61879408620334,90.69535515887596,13679600
2022-09-20,90.34658813476562,90.7208722859255,90.21899067506327,90.45716913857359,30310500
2022-09-21,90.68684387207031,90.93353055810934,89.8276945848139,90.70385383771469,23883200
2022-09-22,89.4108657836914,89.85319619745988,89.15567091698361,89.84469446114466,20982600
2022-09-23,89.15570068359375,89.37686920925753,88.74739654838993,89.21524530705585,18671200
2022-09-26,87.6075210571289,88.96854545678325,87.56499289800374,88.79841984053004,27606500
2022-09-27,86.28901672363281,87.84568466991382,86.25499030815739,87.6670508560742,34683500
2022-09-28,88.02434539794922,88.10089998312554,86.99506393814971,87.18220602174962,39921300
2022-09-29,87.36933898925781,87.42888360147431,86.54421615577492,87.20771511758046,30873000
2022-09-30,87.1481704711914,88.10089075615778,87.13966873364666,87.66706201596428,24058300
2022-10-03,88.76036834716797,89.47727588910493,88.23975412729487,88.42751748677983,27200900
2022-10-04,89.1700439453125,89.71626113392573,89.06762578066407,89.45168250310627,21918800
2022-10-05,88.49579620361328,88.66648661499586,87.86422735636971,88.47872325562193,24999500
2022-10-06,88.29094696044922,88.7091494764814,88.07758072177107,88.48724676505829,22017200
2022-10-07,87.41190338134766,87.83010601355366,87.36923402861129,87.77035719916194,20895500
2022-10-10,86.62670135498047,87.43749053649296,86.2767775639263,87.38628471786903,6179400
2022-10-11,86.44747161865234,87.19851848311812,86.23410536621557,86.85713117693503,30332900
2022-10-12,86.34505462646484,86.60963321078623,86.05487964475792,86.34505462646484,18941200
2022-10-13,86.49869537353516,86.74620105905967,84.64667748105677,84.66374391976555,20727700
2022-10-14,85.67082214355469,87.04490143937522,85.57694046410694,87.04490143937522,20681900
2022-10-17,86.08049774169922,86.7718024471461,86.02075544013495,86.42188511267611,16585700
2022-10-18,86.59254455566406,86.7205655878964,85.78175553722619,86.60108102752493,23532600
2022-10-19,85.4062271118164,86.06339218000484,85.29527902564487,85.8073566323582,16461800
2022-10-20,84.66372680664062,85.66228582196513,84.5783816075023,85.19287745957236,21437300
2022-10-21,84.9027328491211,85.03928391430118,83.98952521771051,84.26263385949431,18871700
2022-10-24,84.86003875732422,85.32944718682802,84.3479609778615,84.81736289594306,16517100
2022-10-25,85.99512481689453,86.36211498294176,85.59399527360799,85.59399527360799,23143100
2022-10-26,86.38774108886719,86.81447365183419,86.12316898348274,86.2085141937917,22201400
2022-10-27,86.78887939453125,87.13026026980987,86.37067675289617,86.68646122509398,21002900
2022-10-28,86.96807861328125,87.096099656455,86.40478862788508,86.44746447941658,19532300
2022-10-31,86.49869537353516,86.78034044789987,86.17438094668715,86.66085584267047,21884100
2022-11-01,87.12103271484375,87.48058209191531,86.62452396487812,87.40353346425526,26415300
2022-11-02,86.70158386230469,88.10551895639553,86.4790068748396,87.24090477303909,23174200
2022-11-03,86.39337921142578,86.61595613927646,85.6143697607556,85.8883080830315,52723900
2022-11-04,86.5645751953125,86.93268034503922,86.17078935417283,86.64161726955136,16698200
2022-11-07,86.24785614013672,86.65876691408799,86.06808471753465,86.60739898534085,13428300
2022-11-08,86.6073989868164,86.8813373257202,86.33346064791262,86.4618706729749,19206000
2022-11-09,86.38484191894531,86.82142692790113,86.16226494320698,86.3420363935781,12204000
2022-11-10,89.27831268310547,89.36391719899427,88.23392060812672,88.25960130977276,28447600
2022-11-11,89.51802062988281,89.66354898064402,89.01294934269735,89.1327969881721,8578600
2022-11-14,89.06428527832031,89.41526570218961,89.03860458037927,89.20981358745624,22576600
2022-11-15,90.30557250976562,90.3398156195463,89.73201511615153,89.98883517390385,25504400
2022-11-16,91.0760498046875,91.25582127931945,90.38264461236321,90.57097849946538,24648800
2022-11-17,90.58807373046875,90.66512236067075,90.0744401435419,90.33125367140262,24106600
2022-11-18,90.57952117919922,90.99043201218905,90.40831214199036,90.85345955745707,14214100
2022-11-21,90.44255828857422,91.05035888161561,90.4339958770648,90.91338642229039,9664100
2022-11-22,91.24723052978516,91.36708467352585,90.7935207778709,90.90481251180046,15050400
2022-11-23,92.16323852539062,92.19747510948773,91.52975068908486,91.5639938043884,12511500
2022-11-25,92.25737762451172,92.27450244381225,92.02624481359378,92.2145786386702,4413900
2022-11-28,91.58965301513672,92.35154419103316,91.50404851256953,92.32586349338348,18815800
2022-11-29,91.13594818115234,91.4355672218746,90.94761434663971,91.17875370034349,23040000
2022-11-30,92.24884033203125,92.2659586235758,90.73361354769209,91.08460057081464,20930100
2022-12-01,93.4030532836914,93.44598933561507,92.41543235974687,92.6816581588865,30830200
2022-12-02,93.9698715209961,93.9698715209961,92.570030220992,92.75037739077491,16908900
2022-12-05,93.17119598388672,93.36013300346859,92.76755899698415,93.36013300346859,19612000
2022-12-06,93.45457458496094,93.59198566947116,93.20552190837702,93.49751718690067,18220800
2022-12-07,94.49370574951172,94.53664834436586,93.84960613942003,93.94407460640309,22116700
2022-12-08,94.1931381225586,94.49371666489853,93.96126511907373,94.24466400063949,18285600
2022-12-09,93.48894500732422,93.95269767692359,93.45459222971067,93.8668190089509,15568800
2022-12-12,93.36869049072266,94.24466317099069,93.30857478278388,94.14161141573607,13988400
2022-12-13,94.1845703125,95.23230709257761,94.02140280972169,95.12066547992696,19976000
2022-12-14,94.27043914794922,94.40785024345446,93.41163945740642,94.17597720994144,19894900
2022-12-15,94.34971618652344,94.51338528742016,94.03100044940943,94.34971618652344,16931200
2022-12-16,93.94486236572266,94.06545858510862,93.44525227340988,93.44525227340988,16643900
2022-12-19,92.9972915649414,93.41937821360392,92.77332440418205,93.40215300369898,14746200
2022-12-20,91.90330505371094,92.18756371981965,91.75686120341383,92.11004042142605,18678000
2022-12-21,92.5321273803711,92.61826656956251,92.17895473308664,92.48906107177483,15087800
2022-12-22,92.50628662109375,92.6354986913556,92.29093536132362,92.48906141199166,13957300
2022-12-23,92.22203063964844,92.43738192103899,92.02391114108889,92.13589144149213,5992400
2022-12-27,91.03327941894531,91.77408823458234,90.99882243077633,91.58457808565214,10456200
2022-12-28,90.7490234375,91.50706411042022,90.7490234375,91.36923614370775,10050900
2022-12-29,91.39507293701172,91.42952992706587,91.01605919041373,91.07635728000878,14253300
2022-12-30,90.81792449951172,91.25724286590363,90.59395737146903,91.14525601588316,8528200
2023-01-03,91.44673919677734,92.16170020540383,91.1796992325942,92.12724322383191,15589800
2023-01-04,92.11005401611328,92.25649131602448,91.75687474597471,92.19619321770811,13951700
2023-01-05,92.0411148071289,92.13586987452064,91.38644522478545,91.38644522478545,9848100
2023-01-06,93.54859161376953,93.69502890203103,92.07558969608192,92.19618588312072,20695600
2023-01-09,93.91898345947266,94.14295059333905,93.32461192313421,93.41075767831249,20449600
2023-01-10,93.60026550292969,93.74670276790322,93.2470863170542,93.47105344536553,19225200
2023-01-11,94.40138244628906,94.44445533040448,94.03959387891743,94.16880595926428,19541700
2023-01-12,95.46953582763672,95.48676103922311,94.09989820052373,94.65119697928623,18372500
2023-01-13,95.15940856933594,95.52119708128853,95.02158061887872,95.14217678952959,21077700
2023-01-17,94.8148422241211,95.10772332344968,94.68563016771137,94.76316003035647,20745100
2023-01-18,95.9260482788086,96.43427400512523,95.50396172637642,96.20169757843745,27794600
2023-01-19,95.72793579101562,95.81408154907069,95.40922014540695,95.50397522166861,18085800
2023-01-20,95.22832489013672,95.34030517364259,94.8579204791575,95.25416598848433,15440000
2023-01-23,94.95268249511719,95.20248417873613,94.8234704219356,94.8837685131538,18814700
2023-01-24,95.45230865478516,95.56429553750561,94.68565854816123,95.00438083990383,12419700
2023-01-25,95.49539947509766,95.58153869736465,95.03885568228134,95.36618735569647,15450000
2023-01-26,95.46090698242188,95.68487413465321,95.07327734032825,95.55566206328902,13250300
2023-01-27,95.18525695800781,95.32308491902232,94.99574679761233,95.07327666868271,8924900
2023-01-30,94.82347869873047,95.28863825958683,94.76318060224907,94.8923926867091,20019800
2023-01-31,95.50395965576172,95.59009882777859,94.8234490244326,95.33167473973042,27212200
2023-02-01,96.47344970703125,96.68946728067336,95.28967103023257,95.79947593204119,29127300
2023-02-02,96.61170959472656,97.21656283188165,96.5166613230641,97.08695095303884,18958900
2023-02-03,95.51436614990234,95.82543209731068,95.29834849710964,95.65261401967516,16053900
2023-02-06,94.77989196777344,95.05639425449152,94.71940729856432,95.03047319516396,18455400
2023-02-07,94.4688491821289,95.15146581153334,94.34787981411658,94.61573961581013,25191300
2023-02-08,94.56389617919922,94.73670767616403,94.1404968046642,94.55525362665017,16484400
2023-02-09,93.76892852783203,95.02183471850076,93.7170864069543,95.0131921675762,21637500
2023-02-10,93.11225128173828,93.70845552306623,93.07768766607155,93.64797084373339,16092100
2023-02-13,93.4578857421875,93.4578857421875,93.1208921198663,93.19866190727456,32223500
2023-02-14,93.22454833984375,93.62201990467183,92.64562279492024,93.41464486918186,31922200
2023-02-15,92.87030792236328,93.1381676899721,92.63700517635826,93.07768301366251,24279600
2023-02-16,92.12721252441406,92.61108996546369,92.07536380406182,92.42099337295542,27909900
2023-02-17,92.49012756347656,92.49012756347656,91.7815898604906,91.82478943964249,18528900
2023-02-21,91.17670440673828,91.80747869036725,91.14214739248514,91.74699402692342,21136000
2023-02-22,91.4359359741211,91.82476504487033,91.39272981411142,91.53962680274364,20971700
2023-02-23,92.15312194824219,92.18768555999927,91.63468095655571,91.703801587735,21144600
2023-02-24,91.46186065673828,91.63467871128924,91.22856452351287,91.46186065673828,26721100
2023-02-27,91.48778533935547,91.84205742096152,91.41866470713292,91.70380297184649,19660700
2023-02-28,91.52234649658203,91.59147371928525,90.96069934870437,91.10759634503238,18239100
2023-03-01,90.95177459716797,91.35932007657048,90.83905192618005,91.27260982076682,27249600
2023-03-02,91.02981567382812,91.02981567382812,90.4661891049921,90.55289935814342,23715100
2023-03-03,92.06165313720703,92.11368456697328,91.42866251255425,91.57607056316475,27316900
2023-03-06,91.81023406982422,92.38253377021212,91.75820922999611,92.34784833847016,14688600
2023-03-07,91.55009460449219,92.0877022067696,91.34198203370508,91.99231893238444,22431700
2023-03-08,91.4026870727539,92.06169037103675,91.17723509409447,91.82757199688321,29396500
2023-03-09,91.31596374511719,91.76686767059614,91.18590166619884,91.47204485538781,24552400
2023-03-10,92.62528991699219,92.90276664973064,92.13103428006535,92.34781318425374,36906000
2023-03-13,92.70336151123047,93.87396662112826,92.3305014197966,93.13691944938293,47445400
2023-03-14,92.42586517333984,93.27564152430465,92.28713009260024,92.64264411214464,49782100
2023-03-15,93.31034088134766,93.73522581248918,92.77272665123144,93.04153707407414,50591500
2023-03-16,93.17159271240234,93.90864645580973,92.89411591313713,93.70053389468427,37961900
2023-03-17,93.63985443115234,94.0127145735593,93.31035273471575,93.4577608661029,32011600
2023-03-20,93.36236572265625,93.89130694159566,93.26698244608887,93.71788641087453,24035100
2023-03-21,93.81329345703125,93.86531830631536,93.38840180264152,93.75259559434285,29109400
2023-03-22,94.35953521728516,95.02721143087066,93.48374646144578,93.74388383147907,31434700
2023-03-23,94.62834930419922,94.70639316994995,93.97801242374148,94.26416223887941,28703800
2023-03-24,94.92316436767578,95.11393089550097,94.67170000059426,94.88847894301954,26204100
2023-03-27,93.78726959228516,94.50697084335312,93.76125055524602,94.06474644723872,16527900
2023-03-28,93.63116455078125,93.83059747485704,93.4230520010043,93.6831893804413,14138000
2023-03-29,94.06473541259766,94.09941422677491,93.40572547855197,93.44041090829852,17506000
2023-03-30,94.19478607177734,94.38555260444434,94.0473779749232,94.06472399547573,18267200
2023-03-31,95.04457092285156,95.11394178010268,94.39423402115277,94.60233997733704,19187400
2023-04-03,95.61865234375,95.69693241762505,94.80972506627052,94.95759185213726,20093500
2023-04-04,95.74040222167969,95.85347562373708,95.06194853703037,95.17502193908777,20317700
2023-04-05,96.05355834960938,96.18403177421068,95.72303142528622,95.87089820962916,14674800
2023-04-06,95.96656036376953,96.20140717528798,95.87958030899058,96.1057271241853,14191300
2023-04-10,95.52295684814453,95.58384355226634,95.11414327640387,95.48816349776735,10825500
2023-04-11,95.49689483642578,95.63606164745596,95.28814130180291,95.54038156155481,14510100
2023-04-12,95.29683685302734,95.94919747033701,95.14897003911445,95.9057107442096,20049200
2023-04-13,95.46208190917969,95.72302875109229,95.28812177200719,95.59255533013598,18589100
2023-04-14,95.14895629882812,95.30552308981913,94.8358227168461,95.19244965483011,16218900
2023-04-17,94.54876708984375,94.95758067950155,94.44439367029084,94.86190062080915,11891400
2023-04-18,94.8619384765625,95.00981194019529,94.72277164957138,94.73147165005706,10522400
2023-04-19,94.39220428466797,94.63575775820104,94.34001757270197,94.6183577634433,14023700
2023-04-20,94.74883270263672,94.89669947968646,94.59226592806824,94.60965928695198,16076100
2023-04-21,94.80970764160156,95.15763450146187,94.50527412778112,95.11414115542199,18480700
2023-04-24,95.22721862792969,95.2533119803875,94.89668513372355,94.89668513372355,7974300
2023-04-25,95.64473724365234,95.87959071681718,95.60125052961875,95.63603724638422,17038800
2023-04-26,95.22721862792969,95.7925922942561,95.14023193820005,95.74040558934048,19635200
2023-04-27,94.87930297851562,95.1489431672825,94.83580962851616,95.07066310066766,14629500
2023-04-28,95.61865234375,95.6708390596667,95.25333206002483,95.52297227379997,18882100
2023-05-01,94.07560729980469,95.11420272992511,93.91850888733848,95.07929123174513,20789900
2023-05-02,95.21019744873047,95.22765652650808,94.3112480451109,94.41598253571513,21547100
2023-05-03,95.36729431152344,95.61167478564401,94.99200404962568,95.39348292776594,15750800
2023-05-04,95.10546875,95.3585721059713,94.73890802425692,94.83491297509731,17811700
2023-05-05,94.73016357421875,94.97453735291455,94.55560611894597,94.85235046356665,12130800
2023-05-08,94.04942321777344,94.28506750180962,93.92723630624545,94.20652162669332,16424800
2023-05-09,94.01451110839844,94.25015539090072,93.98832915019676,94.06687502480179,15860300
2023-05-10,94.75634002685547,94.77379244202653,94.47705477331871,94.62542360767262,15815700
2023-05-11,95.12290954589844,95.34983091640167,95.00945218998997,95.34110137865908,12261800
2023-05-12,94.53815460205078,95.19273008350663,94.52070218570051,95.12290710073334,10797200
2023-05-15,94.0319595336914,94.1279644821446,93.90977262814859,94.05814149078101,20334800
2023-05-16,93.56066131591797,93.72648925039255,93.4646563705576,93.63048430503218,25934500
2023-05-17,93.55193328857422,93.80503661617112,93.45592834849656,93.73521363089893,25387100
2023-05-18,93.15919494628906,93.32502289114088,93.02827849817906,93.32502289114088,21383500
2023-05-19,93.04573059082031,93.29883392918225,92.94972564665935,93.15046507318318,22194600
2023-05-22,93.01081085205078,93.32500761260175,92.9497174074262,93.10681578770169,15526700
2023-05-23,93.20281219482422,93.29008758506089,92.7664285849554,92.90606787759698,15529300
2023-05-24,92.83628845214844,93.29012465693704,92.78391787024691,93.25521315523206,16688900
2023-05-25,92.53079986572266,93.0020950762874,92.49589502821746,92.94100162262274,18743200
2023-05-26,92.92355346679688,92.95846496459072,92.4784401932847,92.54826318887237,15848500
2023-05-30,93.62175750732422,93.62175750732422,93.28137874878689,93.33374932149897,21581400
2023-05-31,93.92723846435547,94.03196630025015,93.44721368754676,93.59558256085585,24052300
2023-06-01,94.21531677246094,94.44297647482016,94.07522311894485,94.22407471341558,26084500
2023-06-02,93.96138000488281,94.35540714201115,93.88257858566769,94.29411492250463,17086600
2023-06-05,93.75999450683594,94.11898988522432,93.55860196748324,93.6636772071913,14211100
2023-06-06,93.9438705444336,93.97013768409906,93.53233420873886,93.78626102608989,25228400
2023-06-07,93.10327911376953,93.97012803547857,93.05073815948248,93.87381074636087,26526700
2023-06-08,93.72496795654297,93.77750223539736,93.17333798751946,93.19960512694665,16579800
2023-06-09,93.47981262207031,93.619906279425,93.32220308232642,93.52358896733975,12060000
2023-06-12,93.77749633789062,93.78625427726585,93.18208338703242,93.68117904581428,14229300
2023-06-13,93.35723114013672,94.0314456658551,93.20837285649458,93.92637040922865,19385200
2023-06-14,93.64616394042969,93.88258156628272,93.19085124969034,93.62865474016519,30280100
2023-06-15,94.46048736572266,94.47800324794518,93.92636652391506,94.13651702847497,23426200
2023-06-16,94.29411315917969,94.38167251678718,93.95262698826488,94.16277078259304,13184500
2023-06-20,94.63560485839844,94.74067342152489,94.43421231182079,94.43421231182079,22272700
2023-06-21,94.53050231933594,94.6443287899727,93.9613566054536,94.2415504934704,17521700
2023-06-22,94.04017639160156,94.39042046530857,93.88256689245091,94.18027001287432,16007900
2023-06-23,94.3028564453125,94.67061640473085,94.12773774490392,94.67061640473085,13102800
2023-06-26,94.4079360961914,94.58305480480321,94.35540181967798,94.54803640736127,14642200
2023-06-27,94.3028564453125,94.67936766350613,94.09271266875217,94.50424896309755,15749300
2023-06-28,94.71439361572266,94.73190949413565,94.2415651038258,94.43419968426714,17806000
2023-06-29,93.99642181396484,94.09273913038186,93.69871860347737,94.0139376971418,25554500
2023-06-30,94.68814849853516,94.74944072653383,94.07522621854832,94.24158702005799,20938600
2023-07-03,94.42282104492188,95.01137662081724,94.42282104492188,94.75663008538233,11810800
2023-07-05,93.7464370727539,94.32619977741518,93.63223641283705,94.26470969204328,21463300
2023-07-06,92.79776763916016,93.06130052110741,92.5430209737897,93.0085899235662,35240800
2023-07-07,92.70988464355469,93.10517709001654,92.69231221816011,92.82407860095294,17148000
2023-07-10,93.19305419921875,93.2809029554342,92.74505771173193,92.83289976602822,16360600
2023-07-11,93.63223266601562,93.69372945084332,93.29843031619951,93.4126242696301,21693900
2023-07-12,94.45797729492188,94.58974369394096,94.09782295298169,94.09782295298169,23217300
2023-07-13,95.1255874633789,95.16072561608406,94.75664691285078,94.8620546690489,21637500
2023-07-14,94.38768005371094,95.08164334617014,94.36132812013537,94.97623561186786,23784000
2023-07-17,94.54582214355469,94.62488466608845,94.2998617657477,94.37013807424046,12260100
2023-07-18,94.78302001953125,95.02898044147967,94.74788185897879,94.9323521754401,17403600
2023-07-19,95.31884765625,95.32762716832943,94.94112087738833,95.0992392197471,20871600
2023-07-20,94.67760467529297,94.95870325523283,94.42285804004764,94.9323513105383,37868000
2023-07-21,94.84449768066406,95.05531991439845,94.76543515431493,95.02896797292141,16517800
2023-07-24,94.73028564453125,95.13437103847455,94.7039337062126,95.01139085837605,17999400
2023-07-25,94.58097839355469,94.77423492792583,94.46678439684399,94.48435012636912,15029800
2023-07-26,95.02017974853516,95.09924227321191,94.59853528998524,94.92355149721791,17816800
2023-07-27,93.86064910888672,94.98504328763333,93.74645512889205,94.90598746346426,29142600
2023-07-28,94.47555541992188,94.51947308763177,94.11539435434436,94.28229891662836,18719300
2023-07-31,94.73905944824219,94.89717775935966,94.50188533252413,94.50188533252413,24906600
2023-08-01,93.79503631591797,94.28864584075092,93.71570237089816,94.13880105284454,22977700
2023-08-02,93.22211456298828,93.3278842144208,92.89597577957505,93.25737335510811,28516700
2023-08-03,92.38471984863281,92.50812224051266,92.16435747385796,92.47287017848355,27632700
2023-08-04,93.34551239013672,93.46891479403419,92.71086761299162,92.71968399182047,19998900
2023-08-07,93.11634826660156,93.31026828178926,92.99294584328715,93.26619310563653,10726300
2023-08-08,93.48654174804688,93.69809449246446,93.36313934293331,93.54824295060367,17616200
2023-08-09,93.57467651367188,93.70688855077037,93.48652618903877,93.60992857361441,11514100
2023-08-10,92.91358947753906,93.92725096209921,92.8871403451798,93.68926257027067,22056400
2023-08-11,92.5962905883789,92.91361300779552,92.53458938043275,92.58747420869308,12803100
2023-08-14,92.56104278564453,92.81666402746852,92.29660516308783,92.56985244144916,9829300
2023-08-15,92.07623291015625,92.5081413710537,92.07623291015625,92.34948015940786,17279900
2023-08-16,91.66191864013672,92.25249483243842,91.54733264233866,91.99687370665038,20773700
2023-08-17,91.41512298583984,91.62666897394617,91.1418758043306,91.54734175025344,29797400
2023-08-18,91.75890350341797,91.85586349898487,91.33581145451406,91.43277145008096,17884100
2023-08-21,91.21240997314453,91.41513962053354,91.01848998004066,91.35343841590294,19065100
2023-08-22,91.49446105957031,91.55616225575508,91.16832232263594,91.30054109301074,18361500
2023-08-23,92.7813720703125,92.79899810055046,92.0938425672951,92.0938425672951,22620400
2023-08-24,92.46404266357422,92.74610620031552,92.44640990975748,92.62270382329902,20129900
2023-08-25,92.51693725585938,92.80781720026023,92.12028767707704,92.42879365223284,18521400
2023-08-28,92.80781555175781,92.94884397007006,92.58745318414273,92.94003431731201,15271000
2023-08-29,93.5482177734375,93.58347655468437,92.6844011701264,92.75491873262014,21843300
2023-08-30,93.41600799560547,93.66281274534172,93.38074921351098,93.59229518115278,21533500
2023-08-31,93.57467651367188,93.78622249795505,93.4953425664872,93.57467651367188,20534800
2023-09-01,92.90858459472656,93.5985644425067,92.8024380020793,93.57202779434488,16514200
2023-09-05,92.24513244628906,92.66089122420617,92.21859580070159,92.6255067804587,16272800
2023-09-06,92.15668487548828,92.39552146100972,91.95322598872362,92.36898481249548,17733800
2023-09-07,92.5635986328125,92.57244643220956,92.1832242454612,92.27168199275124,17295600
2023-09-08,92.63436889648438,93.04127993913494,92.63436889648438,92.80244334303985,18608800
2023-09-11,92.45745086669922,92.56360421918991,92.34245646317142,92.51937196842864,13686300
2023-09-12,92.430908203125,92.48398825036442,92.2716815591937,92.46629265165346,15839800
2023-09-13,92.63436889648438,92.72282664507908,92.28053115321191,92.33360445259001,19975200
2023-09-14,92.46629333496094,92.79359442459771,92.4132200362228,92.70513667706963,16821000
2023-09-15,92.32476043701172,92.42206598200909,92.13014934701698,92.37783373468541,21796400
2023-09-18,92.5016860961914,92.52822274794512,92.14784832538878,92.14784832538878,12182200
2023-09-19,92.19207000732422,92.37783329719579,92.15668555941153,92.28052775265925,14577800
2023-09-20,92.22745513916016,92.6874394676494,92.20975954062591,92.49282837713315,23735800
2023-09-21,91.29862213134766,91.49323320096863,91.2278532425959,91.47554435322705,30183800
2023-09-22,91.85590362548828,91.94436810286172,91.39591938804993,91.5109137601865,21849000
2023-09-25,90.96249389648438,91.43132604535609,90.93595724638125,91.16594604653744,25968600
2023-09-26,90.70594787597656,91.21901219610426,90.58210569510335,91.15709110566765,39047500
2023-09-27,90.28135681152344,91.21018007662799,89.96290350628152,91.13056337587058,35741200
2023-09-28,90.44054412841797,90.45823972039824,89.60903352540028,89.89210225706627,34650100
2023-09-29,90.2459716796875,91.0421049367813,90.03367172742709,90.91826273555492,28143000
2023-10-02,89.41918182373047,89.96090149963726,89.33925252667625,89.80992544417748,18787800
2023-10-03,88.38903045654297,89.27709467377,88.26470200816257,89.13500792221765,30830200
2023-10-04,89.16162109375,89.2060202255969,88.51333143519555,88.88631666458241,25863600
2023-10-05,89.05506896972656,89.47246019065878,88.9129822335703,89.28596753829596,21155700
2023-10-06,88.78868103027344,88.98404950548412,88.06934426437634,88.20255527846051,21667900
2023-10-09,89.88984680175781,89.91648763995892,89.08170524090472,89.23268128302962,6398600
2023-10-10,89.9253921508789,90.28061922293858,89.31262562096077,89.48136000465252,23168100
2023-10-11,90.47595977783203,90.52924822621493,90.07633367960948,90.45820147863157,22655800
2023-10-12,89.53462982177734,90.44045229879423,89.33925461928165,90.34277147293832,27899900
2023-10-13,90.03194427490234,90.34277215871877,89.85433414877183,90.27172539810975,20716300
2023-10-16,89.41029357910156,89.6500679041787,89.36588766408403,89.53462201068102,25991800
2023-10-17,88.69985961914062,89.00180500357656,88.4156793148795,88.62881962462001,24273500
2023-10-18,87.98941802978516,88.42456766717046,87.87396532723871,88.37128597392955,32144400
2023-10-19,87.27896118164062,88.12262635953847,87.27007864123937,87.84732181024461,41211800
2023-10-20,87.62528991699219,87.7052192153949,87.34999219276575,87.34999219276575,27130800
2023-10-23,88.30909729003906,88.54887161863067,87.24341629252044,87.36774472592222,21103000
2023-10-24,88.80642700195312,88.85970869002864,88.29134809924756,88.44231739905663,24517600
2023-10-25,87.99826049804688,88.36236999846935,87.79400956764613,88.3090883253893,20957000
2023-10-26,88.6376724243164,88.69096087564155,87.94498353560968,88.07819450083585,28046100
2023-10-27,88.46009063720703,88.64658333806392,88.19366862147243,88.53113741145536,21362800
2023-10-30,88.19364929199219,88.3890244906579,87.92723411004135,88.21141436935734,20961500
2023-10-31,88.06932067871094,88.71761049342682,88.04267983810746,88.3091017949259,28805700
2023-11-01,89.32967376708984,89.3653280146544,88.43833797903324,88.48290068822463,32111800
2023-11-02,90.39034271240234,90.46164438917931,90.05163084622141,90.20315625985464,31295500
2023-11-03,90.83602905273438,91.71844953633749,90.80928326808404,91.43322236990254,38496200
2023-11-06,90.35468292236328,90.67556424937172,90.24772021324371,90.67556424937172,17827700
2023-11-07,91.07669067382812,91.27278563434876,90.63102278186388,90.69341601472478,25518200
2023-11-08,91.54019165039062,91.62041541533125,91.21040172883764,91.21931019133423,26997000
2023-11-09,90.61320495605469,91.4154017735208,90.4527642324909,91.4154017735208,23864100
2023-11-10,91.0677719116211,91.21929735698036,90.88950748182808,91.19255837254661,18498900
2023-11-13,91.07669067382812,91.13908390668902,90.6042837964024,90.76472450952362,21439200
2023-11-14,92.50281524658203,92.74347968698501,92.3958593178265,92.5295542287709,28387800
2023-11-15,92.02151489257812,92.2086946124453,91.78085719570694,92.1819556239433,23895000
2023-11-16,92.77912902832031,92.82369853311488,92.42260019137044,92.49390187854942,21223000
2023-11-17,93.04654693603516,93.21590292018722,92.83262824050546,93.1000249098294,25810200
2023-11-20,93.42092895507812,93.48332220638409,92.9128676800569,92.93069820920397,18529400
2023-11-21,93.44763946533203,93.56351746840484,93.1891580746749,93.4387310038282,20273200
2023-11-22,93.8219985961914,93.9289545290038,93.45654769147762,93.80416807382149,18588000
2023-11-24,93.34070587158203,93.60810258811392,93.32287534360088,93.46549236603435,6391400
2023-11-27,94.09832000732422,94.11614373114514,93.48329613003928,93.64373684583742,17919500
2023-11-28,94.47265625,94.50831048925339,93.84872406394287,93.93785626190092,21320800
2023-11-29,95.2392349243164,95.29271969995614,94.83813650895945,94.96292298486397,20661800
2023-11-30,94.7400894165039,95.05205560756853,94.55290970186513,95.02531661981341,41950900
2023-12-01,95.88078308105469,95.92551884517613,94.7445670249943,94.86981897367122,27733500
2023-12-04,95.44237518310547,95.68393049649136,95.23660028037737,95.55867858203683,28914300
2023-12-05,96.20284271240234,96.32809463665676,95.75551246128862,95.87182269503768,33315200
2023-12-06,96.56071472167969,96.79332837898154,96.37283682276147,96.4891402385532,22544300
2023-12-07,96.5696792602539,96.82913168534402,96.3370655643594,96.43547878855632,20253300
2023-12-08,96.05074310302734,96.29229841277414,95.8897039546237,96.03284607225065,21624200
2023-12-11,96.02391815185547,96.05075687615171,95.53185212069677,95.92550494562373,17714600
2023-12-12,96.5696792602539,96.60546650775456,95.85394796167984,96.01498716257302,22111100
2023-12-13,98.18899536132812,98.36792474103866,96.73964281308683,96.9364692261994,33623500
2023-12-14,99.23321533203125,99.54747729450544,98.87407054677105,98.98181124225003,28202300
2023-12-15,99.08956909179688,99.27812217873945,98.89203532921462,99.14343944513807,17904100
2023-12-18,98.67654418945312,98.90999379754123,98.62266698743392,98.80224624375099,19714500
2023-12-19,98.80224609375,99.09854672853719,98.73041439133223,98.86509712080351,18086800
2023-12-20,99.0626220703125,99.14342759066247,98.68551594151752,98.99079037428082,23942000
2023-12-21,99.02671813964844,99.40382431382619,98.7932685245748,99.2960767568118,24168300
2023-12-22,98.85610961914062,99.21526125618087,98.71245307447316,99.16139090821153,11037100
2023-12-26,99.0626220703125,99.12547309177833,98.84712698221745,98.89202350479914,5816000
2023-12-27,99.98743438720703,100.02335023575945,99.4127945108637,99.56543172952571,13646400
2023-12-28,99.72705078125,100.01437072275897,99.59236806017596,99.8527528275197,14288800
2023-12-29,99.35894012451172,99.67319528701877,99.26914706358218,99.394849128585,17956700
2024-01-02,98.68551635742188,98.91895909513732,98.57776881292025,98.71245153098538,20622000
2024-01-03,98.46105194091797,98.5598119650788,97.79661899485043,97.95823689386039,35384900
2024-01-04,97.91336822509766,98.09294066241193,97.75175029141506,97.8684716906444,43111300
2024-01-05,97.56318664550781,98.38025005241242,97.49135493823637,97.61705700083708,24385500
2024-01-08,98.30840301513672,98.36228021231314,97.63499627753599,97.65295762667732,29182300
2024-01-09,98.47900390625,98.57777077811689,98.11087159288292,98.15576811654887,55126300
2024-01-10,98.35330200195312,98.9099873850731,98.29045097887891,98.81122051306394,32323500
2024-01-11,98.94591522216797,99.07161729224893,98.2186379809497,98.52391932989563,50960900
2024-01-12,99.1613998413086,99.52952533600836,98.88305370114715,99.2601667216484,30479000
2024-01-16,98.1557846069336,98.75735976373585,97.95825083001371,98.63165769665027,27124600
2024-01-17,97.94926452636719,98.09292793778206,97.59909352385402,97.93131002506458,34414000
2024-01-18,97.76070404052734,98.16475221687725,97.65296334036574,98.10190119170032,28325100
2024-01-19,97.85948181152344,97.88641698956279,97.37462805606867,97.72479907107788,25621500
2024-01-22,98.12883758544922,98.38024168927922,98.01211620874189,98.30840998811405,17679900
2024-01-23,97.7696762084961,97.90435892222706,97.57214247505699,97.90435892222706,25439500
2024-01-24,97.58111572265625,98.27247688682752,97.5003033604692,98.21860654553406,26828300
2024-01-25,98.22760009765625,98.26351594664307,97.91334498183137,98.1018980513263,39484000
2024-01-26,97.94926452636719,98.27250035180218,97.92232934928901,98.26352652627511,26642300
2024-01-29,98.35330200195312,98.56879024531503,98.15576825793481,98.34432132715745,27060700
2024-01-30,98.66757202148438,98.68553337378886,98.17373758684279,98.60472098891624,30459200
2024-01-31,98.91897583007812,99.340978554627,98.64961719862583,99.08957442517203,44733000
2024-02-01,99.68396759033203,99.93626941137558,99.20640831662688,99.57584511297793,42478500
2024-02-02,98.77389526367188,98.8549871139747,98.41347099955458,98.63873530531275,39604900
2024-02-05,97.82779693603516,98.08910439440504,97.60253259687374,98.0800918959724,39266800
2024-02-06,98.37744903564453,98.53963964564026,97.96296344888266,97.98999407146154,26095200
2024-02-07,98.089111328125,98.49458441746879,97.99900696099556,98.14317257349816,23574200
2024-02-08,97.58451080322266,97.8368057536681,97.48539394775882,97.80076263581563,26063900
2024-02-09,97.4583740234375,97.53045339253087,97.31420153620563,97.33221965984833,19029200
2024-02-12,97.46736907958984,97.55747343707844,97.18804350901861,97.51242469559506,30378900
2024-02-13,96.39511108398438,96.76454099497137,96.29599423297095,96.59333791148973,41494100
2024-02-14,96.84564208984375,96.88167833243627,96.48521779322354,96.5032359145198,41932200
2024-02-15,97.19705963134766,97.40429897384668,96.9717952919657,97.38628085148584,33255200
2024-02-16,96.84564208984375,96.94475206875568,96.62938338715863,96.73751273850118,26189800
2024-02-20,97.17000579833984,97.26912264096465,96.97177898761116,97.17000579833984,22386600
2024-02-21,96.92671966552734,97.24208830065555,96.79155971489507,97.24208830065555,23606200
2024-02-22,97.07991027832031,97.25111336287674,96.95376280796974,97.07090465509637,28705900
2024-02-23,97.36824798583984,97.51242045116366,97.07090430652214,97.12496554375781,29856300
2024-02-26,97.0618896484375,97.39527643666575,96.84563782978655,97.39527643666575,26696200
2024-02-27,96.92671966552734,97.1700020770489,96.8726584350827,96.99880588913398,33453800
2024-02-28,96.91773223876953,96.98080598211052,96.77356662878543,96.80960974991206,32713500
2024-02-29,97.0078353881836,97.44935155474718,96.8816810375007,97.0618966281035,45656400
2024-03-01,97.59838104248047,97.69786104309343,96.54028310837035,96.80254793728554,42971500
2024-03-04,97.41748809814453,97.55314323828951,97.2637488258435,97.33609225417473,31472000
2024-03-05,97.9510726928711,98.21333750127395,97.79733339475128,97.93298855767803,33394200
2024-03-06,98.21334838867188,98.53891805590366,98.14099804046282,98.16813459582293,33176900
2024-03-07,98.45751190185547,98.60220567330636,98.2133312442022,98.5660305055167,22875700
2024-03-08,98.59315490722656,98.84638106827217,98.50272044242112,98.65645972256111,29591100
2024-03-11,98.61127471923828,98.83736439708878,98.4575353942302,98.61127471923828,25360200
2024-03-12,98.29473114013672,98.53890490812664,98.20428976708826,98.45751595203268,30852100
2024-03-13,98.19526672363281,98.52083639906112,98.15909154861754,98.3218763863317,31089900
2024-03-14,97.47176361083984,97.89681323414696,97.39941327076455,97.89681323414696,48815400
2024-03-15,97.49889373779297,97.6345489011671,97.33610892168568,97.5169847727539,34525600
2024-03-18,97.33612060546875,97.59838544621759,97.3180364680453,97.55317165280444,18279900
2024-03-19,97.616455078125,97.83349917815846,97.44462476159026,97.49888406167175,22721000
2024-03-20,97.79732513427734,97.96915545278475,97.24566591142396,97.65263136582976,41915400
2024-03-21,97.9420394897461,98.16812914055372,97.78829328341838,98.09577879636521,26546700
2024-03-22,98.27662658691406,98.5027161890187,98.2314128063174,98.47558654071928,20877600
2024-03-25,97.9420394897461,98.26760913888576,97.88777328175043,98.26760913888576,23291000
2024-03-26,97.91490173339844,98.11386172761908,97.78829208247775,98.11386172761908,27266700
2024-03-27,98.59315490722656,98.59315490722656,97.98723640335194,98.05054121868649,30600500
2024-03-28,98.50271606445312,98.74689669825332,98.39419747139267,98.47558641618801,23066200
2024-04-01,97.5595474243164,98.06790424719327,97.47784326301561,98.05882446797267,20817100
2024-04-02,97.41429138183594,97.45968334870517,96.84238999882915,97.06933598149178,32433900
2024-04-03,97.47784423828125,97.6412456366754,96.90594280682292,97.06026442590563,25198700
2024-04-04,97.58675384521484,97.84093218895627,97.39612008740876,97.84093218895627,31423800
2024-04-05,97.16011047363281,97.47783345596537,97.11472543378048,97.20550243932671,25134900
2024-04-08,97.15103912353516,97.33260007622026,97.00579728722926,97.0693418892085,37054400
2024-04-09,97.65032958984375,97.70479441635567,97.48692818446536,97.54139301097727,21967300
2024-04-10,96.26140594482422,96.89685190684904,96.11615719588052,96.89685190684904,45351600
2024-04-11,96.06169128417969,96.58820760434331,95.87105749774283,96.50650345253239,38047900
2024-04-12,96.27955627441406,96.52466180093808,96.24324408804601,96.48834961457003,35119700
2024-04-15,95.21745300292969,95.76212195939736,95.09036381061529,95.76212195939736,27018500
2024-04-16,94.89973449707031,95.00867106383728,94.57293172261126,94.82711011922567,34191600
2024-04-17,95.41717529296875,95.57149690833883,95.14483732691625,95.35363069100212,26726300
2024-04-18,95.22652435302734,95.50793512169663,95.07220276542425,95.48070271515972,25997900
2024-04-19,95.3263931274414,95.58057152157028,95.2356161189442,95.56241196436577,20265600
2024-04-22,95.56240844726562,95.59872063449643,95.24468546629808,95.29007743179696,26642400
2024-04-23,95.72582244873047,96.10709700200572,95.3354750418324,95.47164403044195,26338800
2024-04-24,95.35359954833984,95.57146569452105,95.08126167123339,95.51700088943574,24538400
2024-04-25,95.07220458984375,95.11758962632922,94.53660852292316,94.68185726169521,29826400
2024-04-26,95.43534851074219,95.6078297215025,95.37180389506898,95.43534851074219,11784100
2024-04-29,95.83473205566406,95.9255090472438,95.58963348581472,95.70764288228432,18052100
2024-04-30,95.30821990966797,95.68041459475401,95.22652269148273,95.44438886581752,26008100
2024-05-01,95.70469665527344,96.19684619115354,95.37659696468671,95.58621196219502,30342900
2024-05-02,96.29708099365234,96.35176194726843,95.63176592691171,95.77758412099652,28044200
2024-05-03,96.97151947021484,97.32695962871396,96.60696350030307,96.99885995112604,24166800
2024-05-06,97.24492645263672,97.25404226360129,97.01707985180737,97.08087662190653,18519800
2024-05-07,97.29048919677734,97.6641609237946,97.19935195587644,97.51833577569252,28680400
2024-05-08,97.0444107055664,97.19934469886299,96.98061394636632,97.0626353710556,19916700
2024-05-09,97.1993637084961,97.3087256294701,96.87126403892083,96.97151710203141,25583500
2024-05-10,96.88948059082031,97.08087088981726,96.78011867900837,97.00796526638463,16291500
2024-05-13,96.92596435546875,97.19938311915858,96.89862386976536,97.11735470872043,20464200
2024-05-14,97.20848083496094,97.31784275741467,97.0626556672537,97.1811334010208,25440400
2024-05-15,98.07428741455078,98.22922142799308,97.74618776648111,97.97403435801138,33780900
2024-05-16,97.91934204101562,98.22921003195094,97.87376994666614,98.21098536620636,23586600
2024-05-17,97.69151306152344,97.92846852548446,97.66417258132229,97.74619402192573,21862800
2024-05-20,97.64595031738281,97.72797871917449,97.57303772764072,97.61860983456134,17885200
2024-05-21,97.80999755859375,97.9558227341881,97.75531659440941,97.91936644028951,17411900
2024-05-22,97.66416931152344,97.8099875188231,97.51834415089739,97.52745996176812,26735600
2024-05-23,97.23582458496094,97.81911136874852,97.12645570550316,97.79177088721582,24876100
2024-05-24,97.50010681152344,97.509215667884,97.17200719608053,97.25402862327851,11189500
2024-05-28,96.91683197021484,97.6368281017099,96.85303519670651,97.6368281017099,15989600
2024-05-29,96.39734649658203,96.5796279675403,96.19684730851864,96.57051215566061,30015700
2024-05-30,96.98973846435547,97.01707894366683,96.72543557546828,96.78923234497027,21036300
2024-05-31,97.4180908203125,97.53656854799682,97.21758470167264,97.37251871941204,19901400
2024-06-03,98.09052276611328,98.10881675184001,97.66969129666593,97.71542975086938,20154900
2024-06-04,98.47473907470703,98.6211188495729,98.20943096759153,98.36495424355763,24545200
2024-06-05,98.80408477783203,98.83152924017351,98.28261905402879,98.63941102401145,26584700
2024-06-06,98.74005889892578,98.83154277918707,98.61198007060544,98.64857501866449,22687100
2024-06-07,97.85267639160156,98.07223915804819,97.7703429715995,97.91671582263909,26228700
2024-06-10,97.65138244628906,97.74286632708234,97.56904904750691,97.6605329283002,19415700
2024-06-11,98.07223510742188,98.13627453581442,97.64226007665717,97.70629950504971,19042600
2024-06-12,98.67601776123047,99.31641189164664,98.63942281381061,99.06025423948017,27209400
2024-06-13,99.14259338378906,99.30726715524527,98.85898428975352,99.12429242042033,26782700
2024-06-14,99.22491455078125,99.33469937814593,99.03279633772178,99.19747008888298,28561900
2024-06-17,98.75836181640625,98.81325773334684,98.55710005353504,98.639433459286,24678700
2024-06-18,99.21580505371094,99.30729593752648,98.93220285725128,98.96879781482261,25576600
2024-06-20,98.88644409179688,98.90474505800398,98.6028419335486,98.65773087262284,21206300
2024-06-21,98.91389465332031,99.12430690439872,98.67603095317763,98.97793407492333,21091200
2024-06-24,99.01451873779297,99.18833601849633,98.9596228251426,99.01451873779297,18597600
2024-06-25,98.9779281616211,99.06941204704933,98.82239787864275,98.94133321149519,16251600
2024-06-26,98.43816375732422,98.52964764496927,98.24604549933764,98.34667986967916,26381300
2024-06-27,98.63027954101562,98.78580982386104,98.60283507338792,98.7400643912995,19939400
2024-06-28,97.99903106689453,98.90473335330346,97.97157962083257,98.8772888870142,27395800
2024-07-01,97.41696166992188,97.95862268493536,97.36187939839047,97.62811504703092,22429100
2024-07-02,98.041259765625,98.06880090326412,97.6923936815986,97.91272978707009,19845700
2024-07-03,98.76652526855469,98.76652526855469,98.27076385229974,98.37175267807523,14318900
2024-07-05,99.28065490722656,99.33573717968487,98.87669956424389,99.14294222172263,18800300
2024-07-08,99.27149200439453,99.4367458591058,99.13378629576809,99.35412243392993,18136600
2024-07-09,99.0878677368164,99.26230428578796,98.86753162530827,99.1062261609593,20384700
2024-07-10,99.32656860351562,99.34492702753407,99.06032592691703,99.2072143321405,17263200
2024-07-11,99.85905456542969,100.08857340713087,99.77643114450967,99.9416849907089,31411700
2024-07-12,100.22627258300781,100.22627258300781,99.82232423910888,99.91413036252418,20301300
2024-07-15,99.67542266845703,100.03347143066497,99.65706424665362,99.88658304316424,18291500
2024-07-16,100.25382232666016,100.27218775553487,99.83150851920642,99.91413894042499,20090700
2024-07-17,100.29972076416016,100.34562732826693,99.92330655068781,99.97839582848759,21313500
2024-07-18,99.86822509765625,100.29053887434637,99.8315012469408,100.06102006064359,28091700
2024-07-19,99.50099182128906,99.68461107159334,99.43672683477212,99.67542835798857,16576600
2024-07-22,99.44591522216797,99.84987059152645,99.33574366569968,99.81314673937035,22556800
2024-07-23,99.37245178222656,99.67541826127066,99.37245178222656,99.57442943492264,24425700
2024-07-24,98.76652526855469,99.58361158302374,98.76652526855469,99.49180546987078,28026100
2024-07-25,99.16131591796875,99.4091931690601,98.94097280104452,98.95933822963424,29760400
2024-07-26,99.71214294433594,99.75804950373663,99.47344144329594,99.71214294433594,21119900
2024-07-29,99.92332458496094,100.04267887143642,99.72135387777075,100.0059550143947,24734600
2024-07-30,100.00592041015625,100.0610026744794,99.78558434850655,99.99673769798335,14952000
2024-07-31,100.58432006835938,100.61186120459246,100.1528235890861,100.42824896013317,29226900
2024-08-01,100.9178695678711,101.20349262578384,100.84415812405162,100.94550960192585,34564600
2024-08-02,101.90373992919922,101.98666706302706,101.45226962572433,101.45226962572433,46697900
2024-08-05,101.64573669433594,101.95900676167912,101.36011368578016,101.86686395807237,56991100
2024-08-06,100.98235321044922,101.57203063124965,100.96392886645954,101.53517491376095,47432500
2024-08-07,100.52168273925781,101.13900028569738,100.3742668761502,100.92708866444698,46819000
2024-08-08,100.5677490234375,100.63224477829216,100.28211894092965,100.46639754730731,23536800
2024-08-09,101.08370971679688,101.27719697112893,100.99157393323537,101.24955693901144,23199700
2024-08-12,101.29562377929688,101.40618390278293,100.93628931894848,101.03764078515027,24281800
2024-08-13,102.00508117675781,102.00508117675781,101.6273223569125,101.77473820408078,31245000
2024-08-14,102.4565658569336,102.58555737742905,102.11566270827154,102.1248713672279,28985600
2024-08-15,102.14329528808594,102.28150248695981,101.7563207548472,101.82081651038699,29546000
2024-08-16,102.44733428955078,102.5118300353765,101.73787405595866,102.25384705207358,21411500
2024-08-19,102.68690490722656,102.79747207604038,102.41049752945761,102.42892187617139,16004100
2024-08-20,102.9541015625,103.00938866055378,102.68690284868921,102.86196577175738,27114000
2024-08-21,103.18441772460938,103.4516163689445,102.88957905318932,103.03700190365356,23819100
2024-08-22,102.76060485839844,103.0278035476771,102.53947757501628,102.95409211004652,17926300
2024-08-23,103.35025787353516,103.47004068875152,102.92642775159618,103.05541922220769,22650200
2024-08-26,103.22130584716797,103.56221602377589,103.18445012297975,103.56221602377589,15312500
2024-08-27,103.13837432861328,103.18443870661899,102.76982415701836,102.80667987712884,15922700
2024-08-28,102.92645263671875,103.15679560843179,102.86195688581948,103.07387551277972,22104600
2024-08-29,102.75138092041016,102.86194806797752,102.58553371381363,102.72374089089557,20079400
2024-08-30,102.46575164794922,103.01857329298622,102.42889593434562,102.88037315385841,25275500
2024-09-03,102.77557373046875,103.12697229039776,102.61836966854294,102.91428610195798,27734500
2024-09-04,103.41361999511719,103.45061042174753,102.82178727943685,102.84027896515077,31915900
2024-09-05,103.92222595214844,103.94997406444826,103.33039321673468,103.71878918170216,35538500
2024-09-06,103.8759994506836,104.5510553979531,103.69104730025123,103.94073093953413,42004600
2024-09-09,104.10718536376953,104.20890728369972,103.73728811449645,103.85750172204884,35440300
2024-09-10,104.39385223388672,104.41235097668611,104.04245372793336,104.15341796391694,30489500
2024-09-11,104.44009399414062,104.59729803486739,104.09793779796766,104.18116803171928,36948000
2024-09-12,104.36610412597656,104.44932729734333,104.08867944434853,104.36610412597656,30255700
2024-09-13,104.68976593017578,104.83772764795394,104.58804401300407,104.69901530133768,25536600
2024-09-16,105.15213775634766,105.22611861667264,104.69901733346265,104.81923094008837,25722000
2024-09-17,105.161376953125,105.34632203084051,104.99492356110004,105.32783034514995,31732800
2024-09-18,104.72676849365234,105.48505474711567,104.69902743215552,104.90247129007072,35015500
2024-09-19,104.8192367553711,105.01343123309556,104.62504227764663,104.7730040065054,31216900
2024-09-20,104.91171264648438,104.95795245202493,104.48633324528565,104.66203604009522,29958900
2024-09-23,104.76374053955078,104.97642667716565,104.45857480623978,104.58803777397125,22919400
2024-09-24,104.93946075439453,105.02268393811623,104.40311005306438,104.49558260893419,24719900
2024-09-25,104.31986236572266,104.68051021193602,104.29212130912204,104.64352683993691,32881300
2024-09-26,104.31986236572266,104.57878830093199,104.05168705991227,104.50481450173118,20877100
2024-09-27,104.73600006103516,104.81922323137792,104.54180560836606,104.61577940804764,25232000
2024-09-30,104.47708892822266,104.79149702322728,104.3383765694603,104.68052572517666,22728400
2024-10-01,104.97919464111328,105.1462557937129,104.75644879796803,104.96991149903478,36591300
2024-10-02,104.74715423583984,104.76571343701075,104.31093865822352,104.35734728259365,29446700
2024-10-03,104.06962585449219,104.53368377121224,104.06962585449219,104.48728222811735,24163200
2024-10-04,103.50346374511719,103.61484018256384,103.38281124860416,103.53131316519969,33618100
2024-10-07,102.97447204589844,103.32716067373802,102.90950420618537,103.13225715459883,27106300
2024-10-08,103.17861938476562,103.17861938476562,102.71456154054418,102.85378031000276,27316000
2024-10-09,102.97447204589844,103.08584852010517,102.78885166985069,102.95591284067905,29951900
2024-10-10,102.86308288574219,102.91876757166305,102.55680295125325,102.77027271555338,25932500
2024-10-11,102.84452056884766,103.03942405804833,102.62177473561295,102.71458490938055,20079000
2024-10-14,102.85379791259766,102.87235711392005,102.43614861370537,102.55680112470577,4335400
2024-10-15,103.35499572753906,103.4570890514489,103.06728204068204,103.06728204068204,28673200
2024-10-16,103.6798324584961,103.75408343430936,103.47564581549096,103.64270697058944,20474300
2024-10-17,102.90949249267578,103.31786577065455,102.86309094442716,103.28074028347807,31476700
2024-10-18,102.78882598876953,103.1600737290748,102.77026678818702,103.07653962404932,27372400
2024-10-21,101.74008178710938,102.3526346849852,101.70295629618306,102.287666846105,28320400
2024-10-22,101.73078155517578,101.85143406969632,101.48946944517255,101.83287486783246,26001200
2024-10-23,101.38737487792969,101.59156150071638,101.23888002196978,101.38737487792969,25425800
2024-10-24,101.69366455078125,101.87928490874755,101.41522693286903,101.54516968060076,21021100
2024-10-25,101.45236206054688,102.03707969752921,101.39667736405843,101.98138792007734,16040900
2024-10-28,101.36881256103516,101.61940072068735,101.1367836024468,101.56371603653395,20935200
2024-10-29,101.48946380615234,101.51730614788224,100.84906870347963,100.92331258777206,24075800
2024-10-30,101.35952758789062,102.04633131022847,101.3131260455888,101.79574315510578,25259100
2024-10-31,101.15535736083984,101.46163732968425,100.90476916512534,101.19248284927215,29424400
2024-11-01,100.60116577148438,101.58845387444136,100.55459262826174,101.43011655718674,25142200
2024-11-04,101.34629821777344,101.59778185099532,101.07618958871447,101.43012846420234,24713500
2024-11-05,101.83061218261719,101.84923717457681,101.05754355412125,101.29971108597633,23732500
2024-11-06,100.76881408691406,101.19725998004064,100.50802155249471,100.65704281242137,38097900
2024-11-07,101.96100616455078,102.072770325936,101.26245173164052,101.36490695028576,24596700
2024-11-08,102.31493377685547,102.52916025441577,102.07276626006184,102.18453752305803,21113600
2024-11-11,102.11935424804688,102.20318448400171,101.95170088220111,102.12867029783384,7971100
2024-11-12,101.197265625,101.89582014090281,101.11343538793838,101.68159362935779,36203300
2024-11-13,100.81537628173828,101.7560982645453,100.7501781506168,101.74678221550985,22942500
2024-11-14,100.78744506835938,101.26246413059917,100.68498983716916,101.08549471198621,26889100
2024-11-15,100.8340072631836,101.07616768691695,100.21927594279141,100.50801661118619,27276300
2024-11-18,101.02027130126953,101.18792462799514,100.62908257426386,100.71290568459554,19399100
2024-11-19,101.2345199584961,101.43943041454443,101.160005773376,101.26246100140017,21473200
2024-11-20,100.99235534667969,101.15069266511637,100.84332697210587,100.88058406574932,24792000
2024-11-21,100.87126159667969,101.290391408358,100.78743137070619,101.02959889388589,22507400
2024-11-22,100.96440124511719,101.14136353445684,100.79674789843645,101.0389154227671,13813000
2024-11-25,102.22180938720703,102.27769147375162,101.91444369908402,102.04483997173064,21678000
2024-11-26,101.96100616455078,102.00757219644024,101.6256994682688,101.97963115609393,25005000
2024-11-27,102.33358001708984,102.43603524581415,102.04483932429234,102.25906583146056,23584000
2024-11-29,102.96692657470703,102.9855515663083,102.72475904751144,102.7713250795462,11838900
2024-12-02,103.12862396240234,103.212745637274,102.63326374285637,103.13797239978106,33409400
2024-12-03,102.76411437988281,103.31555809849627,102.70803801658155,103.24078486024894,27394800
2024-12-04,103.25946807861328,103.36227235414638,102.53043979827218,102.57717484868793,22704100
2024-12-05,103.23143005371094,103.31555172424125,102.9697308667598,103.00711748357682,16792500
2024-12-06,103.465087890625,103.68005914804426,103.22208558491187,103.67071071143444,16668800
2024-12-09,103.2033920288086,103.37162823935388,103.11927748891996,103.31555187942813,21149300
2024-12-10,103.04450988769531,103.18470792594111,102.91366028687084,102.96973664986177,19497500
2024-12-11,102.76411437988281,103.36228602432449,102.74542463570522,103.2314364227759,24516500
2024-12-12,102.18463897705078,102.5491495977867,102.1098657392669,102.52111141630985,24747600
2024-12-13,101.61449432373047,102.05377813385785,101.549069530569,102.0444296974726,13195000
2024-12-16,101.7453384399414,101.93226437299089,101.59579198888801,101.90422619611019,18893000
2024-12-17,101.75470733642578,101.89489824901852,101.64254747558289,101.72666202313853,29945700
2024-12-18,100.49315643310547,101.8531972299818,100.40874336503033,101.6374701741838,36753900
2024-12-19,99.94912719726562,100.36183234920634,99.73340016316928,100.23051837469336,40479900
2024-12-20,100.34304809570312,100.80264687742097,100.18358932337118,100.44621719863852,27608300
2024-12-23,100.05228424072266,100.43685163216607,99.93973351626002,100.37119465753835,13091800
2024-12-24,100.36183166503906,100.371213279176,99.81781254229396,99.85533184276689,6215300
2024-12-26,100.45562744140625,100.49314674229122,99.89285224028161,99.89285224028161,12454800
2024-12-27,100.03353118896484,100.39933536664793,99.99601189432123,100.27740302611149,13908400
2024-12-30,100.4649887084961,100.53064568272856,100.33367476003116,100.3899501219237,9141400
2024-12-31,100.21174621582031,100.7276276097729,100.05229456898924,100.63383294434723,10768700
2025-01-02,100.22113800048828,100.65259923009418,100.00541096372284,100.47439149452163,19098100
2025-01-03,99.98662567138672,100.41808680578359,99.93035031005296,100.36181144444981,22610500
2025-01-06,99.73339080810547,99.97725550585493,99.67710828425432,99.91159852475711,24302200
2025-01-07,99.27378845214844,99.7146312655531,99.1143368001732,99.60208052584092,25115700
2025-01-08,99.43324279785156,99.5270374620939,99.07681305522682,99.15185164905037,30143800
2025-01-10,98.861083984375,99.17998726737288,98.69225072982493,98.81418307519341,24613500
2025-01-13,98.5797119140625,98.83296542292263,98.51405492214977,98.81420219319018,18873300
2025-01-14,98.6922607421875,98.74853611405533,98.4296327987046,98.67349751418172,27585200
2025-01-15,99.87410736083984,100.02417742512323,99.63023545579412,99.8178248251673,32123600
2025-01-16,100.07107543945312,100.27742803341661,99.62085094752594,99.82720354148942,24583300
2025-01-17,100.15548706054688,100.37122126641495,100.0898300685132,100.34308357783986,18912000
2025-01-21,100.73702239990234,100.75577847301113,100.47439443992808,100.57757073221443,20670600
2025-01-22,100.41810607910156,100.84019283833648,100.40873162112896,100.73701655203959,18418900
2025-01-23,100.27742004394531,100.28679450214182,99.95850956338992,99.9772656358579,18118300
2025-01-24,100.47438049316406,100.58693122834413,100.13671397547543,100.23989025343997,13020200
2025-01-27,101.16847229003906,101.19660997458251,100.84018737690809,100.97150134216048,18954300
2025-01-28,101.02778625488281,101.0840616292858,100.8120592156213,100.9058538916513,22253100
2025-01-29,100.896484375,101.22476935850486,100.57758100704555,101.19663166792958,24969100
2025-01-30,101.12157440185547,101.30917089787812,100.98088597493175,101.16847531487979,22709300
2025-01-31,100.79328918457031,101.31854505975066,100.5869366175853,101.20599431854035,28454600
2025-02-03,100.95238494873047,101.3665895060604,100.7452826700655,101.06535178674966,21155000
2025-02-04,101.1500473022461,101.26301411320858,100.6699545153176,100.70761011897176,25086200
2025-02-05,101.85608673095703,102.07260468412709,101.45129791752228,101.70547147915987,30119200
2025-02-06,101.6678237915039,101.94082158760769,101.5642726556689,101.79019914200276,22557700
2025-02-07,101.2253646850586,101.4042270178098,101.10298935227078,101.32891580590693,23911000
2025-02-10,101.25361633300781,101.52661412125181,101.1500652001541,101.3195118555444,15302300
2025-02-11,101.02770233154297,101.10301356147917,100.91473548663865,100.94298258442036,19478800
2025-02-12,100.481689453125,100.604071976299,100.12397194539452,100.32165850351448,31480600
2025-02-13,101.26304626464844,101.44190864327724,100.99004843803183,101.02770405364181,20735100
2025-02-14,101.65841674804688,101.99731009743687,101.65841674804688,101.79020780813474,14409400
2025-02-18,101.24422454833984,101.63018204924418,101.1689133152599,101.52663089927789,17640000
2025-02-19,101.30069732666016,101.4513126002554,101.10301074014977,101.20656188290388,26007400
2025-02-20,101.54545593261719,101.62075997890177,101.39483347589996,101.46072900519523,23814800
2025-02-21,101.9031753540039,102.21382879009728,101.65841744840844,101.6866573640398,30130700
2025-02-24,102.16676330566406,102.30797007395236,101.8372856343744,101.95966100311782,23399500
2025-02-25,102.9480972290039,102.98575284456695,102.6656837033182,102.80689046616105,26835200
2025-02-26,103.16460418701172,103.21167550022567,102.78806240959618,102.98574899736154,22983100
2025-02-27,102.73155975341797,103.03279743872251,102.67507993182117,102.87276648948293,27258200
2025-02-28,103.18342590332031,103.23049721211753,102.75039715426476,103.08929046779926,29596100
2025-03-03,103.50944519042969,103.50944519042969,102.87633273683738,102.94247870647582,42545300
2025-03-04,103.16927337646484,103.51890622502195,103.04643290990887,103.33936405828037,46053300
2025-03-05,102.8385238647461,103.4243860496415,102.74403066163741,103.3109970896588,45483500
2025-03-06,102.51724243164062,102.84797226046071,102.32825601784901,102.70623605480179,40519900
2025-03-07,102.35660552978516,103.0275166858101,102.24320935337273,103.0275166858101,30747100
2025-03-10,102.70622253417969,103.05584807460514,102.57393062006705,102.82906296603612,34294800
2025-03-11,102.03532409667969,102.69678374902367,102.00696964640537,102.63063778378927,42262600
2025-03-12,101.73294067382812,102.11091349527305,101.69514194980974,102.08256625460163,35875600
2025-03-13,102.0542221069336,102.08256934846415,101.27936626449647,101.38331095635496,43907900
2025-03-14,102.0069808959961,102.25266902654876,101.93139064837015,102.05423110896133,31358100
2025-03-17,102.2148666381836,102.58339521613205,102.16762363628024,102.3849573056498,17561400
2025-03-18,102.46055603027344,102.67789691170772,102.07312447926412,102.1865206621042,27948100
2025-03-19,103.06531524658203,103.16925993911822,102.3188066408084,102.47944581677534,27469800
2025-03-20,102.91411590576172,103.61337422328292,102.90466442313648,103.60392274065768,26937300
2025-03-21,102.77239227294922,103.093670650319,102.7062463005866,102.9802816744804,26447400
2025-03-24,102.3282470703125,102.65897687021372,102.25264962765823,102.65897687021372,25243300
2025-03-25,102.43220520019531,102.64009459010437,102.23376729420117,102.32826050524078,22744000
2025-03-26,102.01641082763672,102.2620989062833,101.96916783402273,102.2620989062833,17115600
2025-03-27,101.8935775756836,101.93137629886056,101.71403544293533,101.8368758862335,22028900
2025-03-28,102.50779724121094,102.55504023955176,102.1959631728096,102.33770658657107,27257000
2025-03-31,102.70622253417969,102.82906296603612,102.3376940292418,102.7629170089798,29834300
2025-04-01,103.07331848144531,103.30097700724573,102.9025727778115,102.94999771723897,22059200
2025-04-02,103.31047821044922,103.40533533866875,102.77926526557692,103.40533533866875,24769000
2025-04-03,103.30098724365234,103.90808153070162,103.15869793700195,103.500189378109,41675700
2025-04-04,103.1871566772461,103.8416831603133,102.9215538253159,103.51916024215883,60793800
2025-04-07,101.17616271972656,102.70337916662412,100.89158409101003,102.22908627685334,62583200
2025-04-08,99.89555358886719,101.41329643533653,99.57303793812972,101.34688849145432,56747700
2025-04-09,101.56507873535156,101.60302303484349,98.43474278005142,98.7382899388517,77380700
2025-04-10,99.83865356445312,100.88209647731966,99.6584199499737,100.51214860127729,55825000
2025-04-11,99.81968688964844,100.00940115473979,98.1311980869401,99.1556724875581,41686900
2025-04-14,100.43627166748047,100.63547383639946,100.05684310028391,100.54061669460032,28111900
2025-04-15,100.97696685791016,101.12874407678427,100.43627318065933,100.48370537084152,20502600
2025-04-16,101.40381622314453,101.41330410686462,100.8156904637915,101.07181266428991,24639800
2025-04-17,101.26154327392578,101.49868974529329,101.09079752505573,101.41332048942625,11483700
2025-04-21,100.170654296875,100.91055002795382,100.0852850527359,100.74929218648997,23506700
2025-04-22,100.41729736328125,100.7682767286179,100.37935306131494,100.72084454187612,20939300
2025-04-23,100.86312866210938,102.13423014530284,100.84415289353726,102.02040448241102,31155900
2025-04-24,101.89707946777344,101.9539995339915,101.37536164786322,101.55558801900477,23838700
2025-04-25,102.43777465820312,102.48520684127115,102.11525897217274,102.28600469922854,14575300
2025-04-28,102.6749038696289,102.77924886516061,102.33341247282219,102.34290035527067,18297900
2025-04-29,102.91207122802734,102.92155911240795,102.4946983980401,102.50417904528538,19346200
2025-04-30,102.42829895019531,102.72235823541789,102.26703386226919,102.57058103198986,35129300
2025-05-01,102.06827545166016,102.63019285839091,101.99208202935688,102.63019285839091,28056300
2025-05-02,101.82067108154297,101.94447995936893,101.62066150521588,101.75399637863018,20302100
2025-05-05,101.67781066894531,101.72542611468951,101.23970933058813,101.56352051998905,20005800
2025-05-06,101.87779998779297,101.88732598220926,101.30636384829651,101.39207599942885,29906500
2025-05-07,102.08732604980469,102.1920901874935,101.90636849085041,102.08732604980469,19892000
2025-05-08,101.57303619384766,102.31590392105959,101.57303619384766,102.23971049616479,25149700
2025-05-09,101.53495025634766,101.93495488018665,101.5063795355314,101.8397167220639,18254700
2025-05-12,101.5158920288086,101.74447231370821,101.42065387653638,101.5158920288086,28270900
2025-05-13,101.60160827636719,101.73494313862159,101.40160598298557,101.61113427115822,32005700
2025-05-14,101.08731079101562,101.63017622000393,101.04921407909656,101.50636735592057,25340600
2025-05-15,101.81112670898438,101.86826813978912,101.25873532385744,101.32540274853108,30008300
2025-05-16,102.00160217285156,102.2873238569974,101.85874133077866,102.27779786320473,21888400
2025-05-19,102.0111312866211,102.0682727187162,101.0111126277297,101.10635803616088,33615600
2025-05-20,101.76350402832031,101.88732015003036,101.53493103884652,101.71588859137395,23036200
2025-05-21,100.63015747070312,101.46826327342886,100.5444380585606,101.2968317153481,35452800
2025-05-22,101.14446258544922,101.192085296777,100.37302407213723,100.51588493991495,34010700
2025-05-23,101.22065734863281,101.49685309231494,101.0396997626535,101.34447349323158,21447200
2025-05-27,102.13494873046875,102.22066815202157,101.44922242286657,101.83018229000167,29208400
2025-05-28,101.8873291015625,102.0016119732378,101.5920813952564,101.93494454269222,29079800
2025-05-29,102.344482421875,102.43972057713364,102.09685740523814,102.22067354665931,31012800
2025-05-30,102.63970184326172,102.63970184326172,102.23969731344775,102.33493544918385,29890800
2025-06-02,102.3491439819336,102.3587051109529,101.98590130225051,102.27266953578834,24225900
2025-06-03,102.39693450927734,102.67414888561689,102.27266172053656,102.5116388767254,24080000
2025-06-04,103.14253997802734,103.28592772743363,102.77929004046425,102.88444057049526,28006400
2025-06-05,102.82708740234375,103.22856726243008,102.7697352203325,103.18077620842197,29760700
2025-06-06,102.20573425292969,102.61677519636508,102.19618041896825,102.49250971783923,31093100
2025-06-09,102.51163482666016,102.64546144539833,102.22486662636571,102.27265767991291,18850000
2025-06-10,102.76016998291016,102.9417949426876,102.53075397103581,102.90355772520795,20359000
2025-06-11,103.0851821899414,103.2094549781963,102.817528942937,102.9322406029406,20584700
2025-06-12,103.65872192382812,103.65872192382812,103.314594274246,103.45798201040576,26497300
2025-06-13,103.03738403320312,103.41974891385797,102.76016967705344,103.35283560671864,34794500
2025-06-16,102.85575866699219,103.35283519777774,102.83664370488665,103.04694475306489,21286000
2025-06-17,103.20944213867188,103.27635544209878,102.90355170971984,103.12340658112122,27241300
2025-06-18,103.2859115600586,103.63959302116115,103.09472549310867,103.44841424721398,29762000
2025-06-20,103.37195587158203,103.53445858397012,102.97047600815127,103.10430262929485,20437500
2025-06-23,103.63003540039062,103.90724242458263,103.53443872390788,103.61091314789309,34072400
2025-06-24,104.11754608154297,104.2131354674447,103.49620413367774,103.5057652601687,38185300
2025-06-25,103.9932861328125,104.05063830879928,103.74474788186467,103.91681170282808,30675200
2025-06-26,104.37566375732422,104.38521759248864,103.89770945096117,104.10801051264154,31026000
2025-06-27,104.2035903930664,104.57639413452202,104.07931761724568,104.19402926577175,24704800
2025-06-30,104.77713012695312,104.88228064424781,104.42344136032526,104.54771413149335,40575000
2025-07-01,104.90376281738281,104.97092974605755,104.60634273827296,104.82701420718723,28691300
2025-07-02,104.88459777832031,104.88459777832031,104.48164004743454,104.55839599232223,24284500
2025-07-03,104.6351318359375,104.84620699867048,104.5583832202746,104.72148409335048,17340500
2025-07-07,104.01150512695312,104.44324443428759,103.89637122906795,104.44324443428759,18303300
2025-07-08,103.7140884399414,103.80044070224226,103.62774349748987,103.7716590547584,29374900
2025-07-09,104.3089370727539,104.32812239799178,103.85800507124557,103.95394633713366,33182900
2025-07-10,104.32810974121094,104.42405099545971,104.0690676227544,104.27054645263138,29758900
2025-07-11,103.69490814208984,103.89638700409388,103.6181521985122,103.86760535521468,23776000
2025-07-14,103.66610717773438,103.80042639404351,103.48381367566556,103.63731821436959,18216500
2025-07-15,103.29194641113281,103.88678665115998,103.25356844083277,103.88678665115998,31329400
2025-07-16,103.45504760742188,103.71408975791765,102.9849229597138,103.53180354825373,41794100
2025-07-17,103.7044906616211,103.81962456978945,103.57017142868261,103.65652368977119,19396900
2025-07-18,103.89636993408203,104.03068915334963,103.77164703614741,103.99231118786625,17446200
2025-07-21,104.29933166503906,104.56797011406525,104.27055001976466,104.44324721125987,17147100
2025-07-22,104.5488052368164,104.60636853862272,104.30894838615649,104.3473263606441,19568700
2025-07-23,104.38568878173828,104.46243739942783,104.24177322881562,104.34731081296897,20810400
2025-07-24,104.23218536376953,104.44326054920228,104.02111017833678,104.04030282420322,23064800
2025-07-25,104.56798553466797,104.61595983043257,104.19380945122349,104.28016171962982,26008500
2025-07-28,104.35689544677734,104.52000363718132,104.31852479946336,104.44324770285577,21887900
2025-07-29,105.04769134521484,105.05728766761901,104.51041440817058,104.5295997331296,26131300
2025-07-30,104.6543197631836,105.0093031391917,104.55837850804218,104.66390876480375,23313300
2025-07-31,104.68311309814453,105.05728915887586,104.66392045306378,104.97094421556065,31745000
2025-08-01,105.61177062988281,105.67920465249661,105.12046875787827,105.31313529398705,46073800
2025-08-04,105.79480743408203,105.86224145570789,105.56360612418725,105.75627265747339,31779600
2025-08-05,105.87188720703125,105.90078645483808,105.59251556196884,105.6117792772541,25922900
2025-08-06,105.84297180175781,105.8911347574976,105.22643011013754,105.63103421718395,31825300
2025-08-07,105.73702239990234,106.04529330224429,105.66958836969498,105.8815259931347,29018100
2025-08-08,105.39983367919922,105.62139944666238,105.38056261695917,105.62139944666238,16946300
2025-08-11,105.56361389160156,105.69848194477693,105.43837402096895,105.55397835930113,24444300
2025-08-12,105.65994262695312,105.67920634096889,105.26496666693508,105.38057100030173,26380500
2025-08-13,106.21869659423828,106.2764950918729,106.016394502759,106.02602268585937,27701400
2025-08-14,105.85260009765625,106.02600290797199,105.72736759288917,105.96820442111898,18817700
2025-08-15,105.71774291992188,105.90078128009824,105.61177411663634,105.81407619115669,20932000
2025-08-18,105.52507781982422,105.81407763747886,105.42874454727267,105.79481392287158,19579900
2025-08-19,105.68883514404297,105.7562691634409,105.59250188058262,105.65993589998055,26744200
2025-08-20,105.73702239990234,105.8429912116222,105.57324774103469,105.6503173040597,25054700
2025-08-21,105.33240509033203,105.55397823443383,105.18790885478484,105.5443427021448,25157900
2025-08-22,106.160888671875,106.26685748197265,105.54434687662933,105.63105197114467,34562900
2025-08-25,105.88150787353516,106.1030736421177,105.85260128002903,105.93930636103376,18983100
2025-08-26,105.95858764648438,105.97785871201782,105.64068856276272,105.8622543680912,23246400
2025-08-27,105.99712371826172,106.0260229671557,105.57324846846166,105.65995356490171,25171700
2025-08-28,106.160888671875,106.26685748197265,105.96822211701996,106.04529167886515,26892700
2025-08-29,105.77555084228516,105.97785292078328,105.72738053084186,105.95858185630291,32201100
2025-09-02,105.42171478271484,105.46037742082514,105.18969470074732,105.25736538076679,31044800
2025-09-03,106.05008697509766,106.1757663690174,105.60539286138855,105.6247315568614,34520600
2025-09-04,106.77513885498047,106.78480820323183,106.31111339663846,106.41745410074844,43026600
2025-09-05,107.47118377685547,107.6065251493604,107.36484307337994,107.50985379407854,36249000
2025-09-08,107.84819793701172,107.9158686174361,107.71285657616295,107.79986595130916,28998000
2025-09-09,107.65486145019531,107.83854218288819,107.42284872901318,107.73220148243983,24412500
2025-09-10,107.97388458251953,108.26389864287852,107.83854321257505,107.8675438810558,30188100
2025-09-11,108.47657775878906,108.5925878058177,108.14789368886824,108.16722500893067,28405600
2025-09-12,108.28324890136719,108.31224957294462,107.99322743448826,108.2445788807465,26728500
2025-09-15,108.62158203125,108.67958336354855,108.49591001941953,108.49591001941953,21863600
2025-09-16,108.52490997314453,108.66025133131994,108.42823862809793,108.55391063910342,28232600
2025-09-17,108.33155822753906,108.89226234588536,108.09954552791501,108.71825097727964,34969800
2025-09-18,108.10923767089844,108.1575696650881,107.80954685449241,108.00289695790796,37159300
2025-09-19,108.02220916748047,108.11888051430748,107.84819779297145,108.02220916748047,26845400
2025-09-22,107.78053283691406,107.98354488869815,107.72253150084758,107.92554355263167,25908600
2025-09-23,107.99320983886719,108.03187985318725,107.78052844788236,107.93520850516262,31575400
2025-09-24,107.55819702148438,107.80954107913163,107.4711876357204,107.78054040906095,34756700
2025-09-25,107.36485290527344,107.38419160343173,106.99749877134143,107.3068515619032,36991200
2025-09-26,107.50984954833984,107.68386093119584,107.29716814978791,107.45184821257162,31962100
2025-09-29,107.86753845214844,107.9835411202331,107.71285839396741,107.75152840851267,31961900
2025-09-30,107.7612075805664,108.1382310373168,107.67419819601919,107.93521897410903,34939700
2025-10-01,108.19395446777344,108.19395446777344,107.92228219983403,108.12603640078858,30262700
2025-10-02,108.36859130859375,108.40740268626406,108.0969190674149,108.17453442024215,18259400
2025-10-03,108.23274993896484,108.44620140202962,108.164831881964,108.36858605296653,19971200
2025-10-06,107.88345336914062,108.15512559313945,107.85434668835688,107.93196203627589,19553600
2025-10-07,108.08721923828125,108.17453929008543,107.86405565725879,108.02899846789808,29459500
2025-10-08,107.95137786865234,108.30067286393216,107.94167317364087,108.29096816892067,22462100
2025-10-09,107.73790740966797,107.90285019456199,107.65057996898064,107.86403882120236,29660700
2025-10-10,108.03868865966797,108.23274553070442,107.97077060543339,108.16482747646984,39146400
2025-10-13,108.40740966796875,108.47532773263755,108.01930326878393,108.08722133345273,11235900
2025-10-14,108.76639556884766,108.79550225163088,108.1648377179585,108.20364169332719,43975300
2025-10-15,108.76639556884766,109.15450194515535,108.58205077704942,108.9216410803761,45017200
2025-10-16,109.07688903808594,109.0962984300362,108.64997864786326,108.71789671466102,39858400
2025-10-17,108.8634262084961,108.97986034844867,108.77610615541703,108.95075366408898,35433500
2025-10-20,109.19332122802734,109.21272321711628,109.07688708595182,109.11569846664366,26361100
2025-10-21,109.21270751953125,109.53289581233149,109.20301022763759,109.4649777565114,27353800
2025-10-22,109.31944274902344,109.32914744394475,109.06717990117556,109.20301602002081,41003600
2025-10-23,109.18360137939453,109.33884688061644,109.11568332323817,109.17389668493993,27558500
2025-10-24,109.36795043945312,109.43586849367068,109.20300765099799,109.42616379949311,29474600
2025-10-27,109.55230712890625,109.57170911554788,109.20301214925279,109.35825024992486,23513400
2025-10-28,109.56200408935547,109.57170878390342,109.34854522437854,109.49408603254581,34236300
2025-10-29,108.94103240966797,109.5328929100662,108.85371236986136,109.50378623013066,36236000
2025-10-30,108.35887908935547,108.67906738101742,108.20363358945409,108.30066572814889,46045200
2025-10-31,107.92227172851562,108.45591151661539,107.883460350788,108.45591151661539,57255300
2025-11-03,107.63207244873047,107.7197166506168,107.50548352307638,107.69049696374564,53372100
2025-11-04,107.77815246582031,108.0508101369632,107.55417941917334,107.56391931581825,62636700
2025-11-05,107.456787109375,107.81708893918132,107.4373147482821,107.74892453131129,43258300
2025-11-06,108.02159881591797,108.02159881591797,107.82684545751184,107.89500987589042,37814800
2025-11-07,107.80735778808594,107.9339467188654,107.69050132396067,107.74893327070524,42671600
2025-11-10,107.86577606201172,107.99237241482744,107.80735154801273,107.86577606201172,45229000
2025-11-11,108.29425048828125,108.37215479907238,108.07028488146176,108.13844929606299,11282600
2025-11-12,108.1871337890625,108.27477799593882,108.0897571153719,108.22608594441154,39067900
2025-11-13,107.65155792236328,108.00211988968591,107.65155792236328,107.88526342412372,34125900
2025-11-14,107.35941314697266,107.82683154796102,107.34967325149945,107.7391873474292,31437600
2025-11-17,107.42757415771484,107.6807594264633,107.35940975028602,107.4178342625498,34343300
2025-11-18,107.47628021240234,107.68077346134203,107.36916363971524,107.6126090450288,30566000
2025-11-19,107.48601531982422,107.76841288844864,107.42759079851032,107.70024847046098,29144800
2025-11-20,107.63207244873047,107.90473009128607,107.53469578058397,107.76840127000827,49362200
2025-11-21,108.01185607910156,108.05080823563145,107.70998615270018,107.99238371551871,41000500
2025-11-24,108.44032287597656,108.44032287597656,108.17739767551787,108.26504188545884,28437900
2025-11-25,108.7421875,108.96616053282358,108.47926974172907,108.50848200049653,47560900
2025-11-26,109.11222839355469,109.12196086015766,108.61559771034199,108.74218664045495,24585400
2025-11-28,108.92720794677734,109.08300913604157,108.75192696550269,109.0440644107484,25471200
2025-12-01,108.34370422363281,108.38280072719823,108.15800515281661,108.265511216502,24610100
2025-12-02,108.41212463378906,108.53919013857751,108.24597008110737,108.33393162421092,34955000
2025-12-03,108.6564712524414,108.75420878511738,108.44144420641678,108.49031670120266,20997800
2025-12-04,108.46098327636719,108.54894480823629,108.35346976615281,108.52940028678589,29846500
2025-12-05,108.35348510742188,108.51963966240737,108.19709908609723,108.5098636718506,25470000
2025-12-08,108.12866973876953,108.38279326600275,107.91365016930536,108.37301727656049,28815200
2025-12-09,107.99183654785156,108.37301811319655,107.9038750128774,108.35347359105623,29239900
2025-12-10,108.49031066894531,108.5489516939112,107.93319856108329,107.96251907356624,34019300
2025-12-11,108.33393096923828,108.79330557661278,108.28506593121924,108.67602351985046,41927200
2025-12-12,107.67906951904297,107.91364852070306,107.61065250778252,107.80613500916593,39040100
2025-12-15,107.80613708496094,108.10912564682053,107.72794408290197,108.03093264476156,22151200
2025-12-16,108.05048370361328,108.08957274741479,107.63020564224415,107.68884666484145,31692600
2025-12-17,107.9332046508789,108.07981467846099,107.8550116419157,107.9332046508789,22248000
2025-12-18,108.34370422363281,108.43167322087888,108.13845317258611,108.34370422363281,31844300
2025-12-19,108.06502532958984,108.27108686549008,108.03558903679567,108.21221427990173,28594900
2025-12-22,108.04540252685547,108.14352599728137,107.94727905642958,108.11408970478769,17335000
2025-12-23,108.1533432006836,108.20240119391018,107.7902781163696,107.84915818911905,16137300
2025-12-24,108.57527923583984,108.57527923583984,108.27108674251652,108.35940310713974,6400600
2025-12-26,108.56546020507812,108.72246374183905,108.39864956202514,108.67339826501609,10589300
2025-12-29,108.71265411376953,108.71265411376953,108.51639968385605,108.6145306419833,18943900
2025-12-30,108.5850830078125,108.68320646935014,108.40845778250866,108.49676665199046,21486400
2025-12-31,108.12391662597656,108.55566144234604,108.12391662597656,108.45753796073214,19124600
2026-01-02,108.09447479248047,108.32997263355769,107.97672212877117,108.25147085775149,25676200
2026-01-05,108.3986587524414,108.43790963995947,108.10428083922662,108.23184809524564,27771000
2026-01-06,108.3986587524414,108.40847334590624,108.06502995170855,108.24165520236916,31037300
2026-01-07,108.4771499633789,108.72246237172092,108.45752077836082,108.67339689551629,28107400
2026-01-08,108.17296600341797,108.32015495728035,108.12390800969129,108.13371511663192,26395600
2026-01-09,108.56546020507812,108.60471108926835,108.1533371505917,108.25146061789694,29660300
2026-01-12,108.43791198730469,108.57528635342096,108.25147213914339,108.3005376211884,28990100
2026-01-13,108.67340087890625,108.71265176404057,108.4575247538379,108.63414999377193,31139200
2026-01-14,108.94815063476562,108.95796522772866,108.69302362211289,108.72246740100204,27251900
2026-01-15,108.81077575683594,109.11496076016329,108.76171027859692,109.09533906067223,34534800
2026-01-16,108.49677276611328,108.79115065365552,108.47715106723611,108.74208517695159,38762100
2026-01-20,107.83934783935547,108.08466027416459,107.75103146992667,107.7902823578571,43500200
2026-01-21,108.48696899414062,108.58509995733618,107.96690782910632,108.06503130596047,38616500
2026-01-22,108.69303131103516,108.79116227492554,108.40847547204572,108.50659894959465,36342900
2026-01-23,108.76171875,108.78134793736086,108.4379120219604,108.68322445958094,30615300
2026-01-26,108.85002899169922,109.03646882942272,108.81077810552895,108.96778165021001,23629800
2026-01-27,108.7322769165039,108.91871675522759,108.66358973692273,108.76171320970425,27166000
2026-01-28,108.57527923583984,108.66358811412208,108.38883939990048,108.63415182136133,31045900
2026-01-29,108.60472106933594,108.63415736359845,108.2514705655031,108.35940863535987,45815500
2026-01-30,108.49677276611328,108.66358340876157,108.44770728940935,108.52620905759937,39631400
2026-02-02,108.39631652832031,108.65238843893319,108.36677121441645,108.48495998409953,35480300
2026-02-03,108.44556427001953,108.47510958407119,108.23873955759024,108.37662269920976,32761700
2026-02-04,108.30767822265625,108.38647073405856,108.16979508473594,108.30767822265625,31344400
2026-02-05,108.82967376708984,108.86907002579777,108.45542058046661,108.52436215468846,23929700
2026-02-06,108.88876342773438,108.92815968609122,108.64254244855512,108.80012748198247,29022200
2026-02-09,108.88876342773438,108.93801062919742,108.62284807641068,108.70164059312435,27356900
2026-02-10,109.14482879638672,109.36150444730498,109.09558159788074,109.22362130836927,34509800
2026-02-11,109.02664184570312,109.23347407162176,108.92815496111707,108.95770027508613,29955300
2026-02-12,109.53878784179688,109.60772941378198,109.29256686841182,109.3122612400928,39724200
2026-02-13,109.90319061279297,109.9130415557157,109.73576215344568,109.86380186923769,33609900
2026-02-17,110.01153564453125,110.05093190473337,109.8047109140213,109.88350343442556,33132600
2026-02-18,109.90319061279297,110.04108127150771,109.8244056116146,109.88349624101532,40087000
2026-02-19,109.99182891845703,109.99182891845703,109.71606264208131,109.72591358454258,30394400
2026-02-20,109.90319061279297,110.00168501388461,109.71606778166804,109.93274344156116,44837400
2026-02-23,110.02137756347656,110.1395663343884,109.89334536387285,109.93274162084347,33323600
2026-02-24,109.99182891845703,110.0509195450897,109.78500421117523,109.94258172021817,37797100
2026-02-25,109.9622802734375,110.0804615231221,109.8834877642696,109.91303307669075,33682200
2026-02-26,110.03123474121094,110.05092911377838,109.85395533183141,109.95244222280489,33031800
2026-02-27,109.99182891845703,110.23804988151643,109.97213454760197,110.0115232893121,48343700
2026-03-02,109.61924743652344,109.67854894804658,109.3820640102064,109.54018378110938,54854600
2026-03-03,109.56983947753906,109.82678505049238,108.87804379516218,108.87804379516218,78775000
2026-03-04,109.66866302490234,109.86631462156367,109.5303053992544,109.62913119758507,49023300
2026-03-05,109.23382568359375,109.30300449972313,108.99664224828238,109.12511503825823,47318400
2026-03-06,108.8681640625,109.22393542787133,108.48273063182465,108.67050492626583,58242900
2026-03-09,109.52042388916016,109.56984055979134,108.55191294023638,108.55191294023638,44312100
2026-03-10,108.76933288574219,109.40182705440945,108.75945558367803,109.10534965405462,71501200
2026-03-11,107.87989807128906,108.47286043900269,107.73165559437926,108.35426494948973,66523500
2026-03-12,107.29681396484375,107.70200956935614,107.07939266875667,107.68223988429786,72750200
2026-03-13,106.90149688720703,107.71188050842936,106.75325441773064,107.51422890907764,54605100
2026-03-16,107.4154052734375,107.75141450708983,107.28692494533779,107.62294171891547,65430000
2026-03-17,108.01824951171875,108.04789649741556,107.71187973302635,107.73164941677433,53953900
2026-03-18,107.43516540527344,108.0380125860513,107.43516540527344,107.85023828845404,60360000
2026-03-19,107.90953826904297,108.06765803851914,107.03985314718616,107.03985314718616,60271200
2026-03-20,106.58525085449219,107.5241148104766,106.4864250538426,107.41540416778446,66608900
2026-03-23,107.28691864013672,107.63282023553022,106.78290481927888,106.93113974310477,54512800
2026-03-24,107.06950378417969,107.35610388729978,106.68407787927602,106.80267336537152,46515300
2026-03-25,107.4549331665039,107.77118024421031,107.41540133929998,107.72176357522412,48616300
2026-03-26,106.6148910522461,107.30668669259542,106.57535922651829,107.0102017695993,42072700
2026-03-27,106.35794830322266,106.60501656560152,106.10099519916965,106.20970583781035,42578500
2026-03-30,107.03985595703125,107.31657121582228,106.93114531394545,107.16833628427374,42677000
2026-03-31,107.71187591552734,107.91941234797471,107.32645003527868,107.44504551378785,57883800
2026-04-01,107.82699584960938,108.11476599323548,107.65829334736206,107.65829334736206,37445300
2026-04-02,108.28346252441406,108.41246318757801,107.53921220504854,107.57890646392339,27148600
2026-04-06,108.11476135253906,108.42238996985168,108.03538040472515,108.03538040472515,29080500
2026-04-07,108.23384857177734,108.31323709375465,107.43997849381654,108.02545937976652,41258900
2026-04-08,108.65062713623047,109.15671950104358,108.45216340186377,109.13687615596938,63694700
2026-04-09,108.65062713623047,108.94833030868669,108.32316273161602,108.47200674693796,39122000
2026-04-10,108.36284637451172,108.7101692562457,108.31323422776826,108.63078073636902,22857000
2026-04-13,108.77963256835938,108.83917017295072,108.27354021661513,108.3033090189108,19904200
2026-04-14,109.13687133789062,109.23610320069318,108.82924272102514,108.87886243787932,29507800
2026-04-15,109.09717559814453,109.11701894207343,108.91855521916148,109.00786162320014,30074300
2026-04-16,108.59107971191406,109.17655297499499,108.57123636863398,109.1666350888077,25833300
2026-04-17,109.1964111328125,109.44449458025049,109.1269480703661,109.2857175398553,44767700
2026-04-20,109.18648529052734,109.27579926816158,108.95825275939553,109.19641074824358,19935900
2026-04-21,108.76970672607422,109.18648509855198,108.73993792388379,109.09717869198073,26008100
2026-04-22,108.97809600830078,109.26587371457155,108.9384017483766,109.11702213258239,17815000
2026-04-23,108.68038940429688,109.10709322134295,108.42238807931513,108.95824921497106,25668600
2026-04-24,108.75978088378906,108.8887891206993,108.48192863645306,108.66054901986992,23212600
2026-04-27,108.45216369628906,108.7498592986473,108.36284971594726,108.68039623433975,21833200
2026-04-28,108.50177764892578,108.50177764892578,108.11476805978985,108.23385084525718,25603500
2026-04-29,107.8964614868164,108.20408255376347,107.73768443877512,108.20408255376347,21800900
2026-04-30,108.0155258178711,108.23384045147645,107.90636850106841,108.05522007588166,45530700
2026-05-01,108.18987274169922,108.59832803314026,108.05040205695893,108.14006612605327,34755500
2026-05-04,107.84119415283203,108.06036453948983,107.51243857284534,108.05040017630115,21983900
2026-05-05,108.23968505859375,108.37915574088669,108.00059354617476,108.06036452413397,33609700
2026-05-06,108.77764892578125,108.90715524758212,108.68798485639425,108.76768456238663,28417400
2026-05-07,108.329345703125,108.97689252478956,108.26957472286078,108.95697139822896,24184900
2026-05-08,108.78760528564453,108.87726935469941,108.6780200904565,108.73779867002051,17503300
2026-05-11,108.51863098144531,108.76768686751302,108.47878112760458,108.6282161793617,23050600
2026-05-12,108.1500244140625,108.249652847924,108.04043921728076,108.19983863099326,26579400
2026-05-13,108.20980072021484,108.21975748292581,107.8910095000724,108.12013665174047,19083000
2026-05-14,108.14006805419922,108.52859462584352,108.12013932711969,108.47878040872712,18038000
2026-05-15,107.45266723632812,107.54232370298053,107.28331106559664,107.46263159948354,49718000
2026-05-18,107.25342559814453,107.70172313266033,107.09402618995449,107.55228808762769,31145200
2026-05-19,106.71546173095703,106.99440308878596,106.52617683789512,106.81508255866994,36965500
2026-05-20,107.54232788085938,107.67184180516487,106.76527473735597,106.76527473735597,34281700
2026-05-21,107.7614974975586,107.7714618610292,107.0541797027929,107.24346460582257,25440400
2026-05-22,107.96074676513672,108.12013857775618,107.69176215550424,108.12013857775618,19668800
2026-05-26,108.36919403076172,108.58836442275404,108.26957319819677,108.55847893304278,23730300
2026-05-27,108.51863098144531,108.65810166959663,108.40904578352892,108.49870985481617,16208400
2026-05-28,108.84738159179688,108.99681663671235,108.45885503536589,108.57839699083259,24176800
2026-05-29,108.94700622558594,109.18609774544966,108.87727088226809,108.97689171549611,26551200
2026-06-01,108.93000030517578,108.95999908447266,108.43000030517578,108.55999755859375,19298000
2026-06-02,108.91999816894531,109.13999938964844,108.88999938964844,109.05999755859375,14394700
2026-06-03,108.62000274658203,108.69999694824219,108.47000122070312,108.58999633789062,24018700
2026-06-04,108.8499984741211,108.97000122070312,108.80000305175781,108.87999725341797,17881600
2026-06-05,108.16999816894531,108.47000122070312,108.13999938964844,108.41000366210938,30790300
2026-06-08,108.05999755859375,108.48999786376953,108.02999877929688,108.43000030517578,21944000
2026-06-09,108.28500366210938,108.44499969482422,108.04499816894531,108.31999969482422,30102916
