Date,Close,High,Low,Open,Volume
2010-06-01,110.30000305175781,110.30000305175781,110.30000305175781,110.30000305175781,0
2010-06-02,105.19999694824219,105.19999694824219,105.19999694824219,105.19999694824219,0
2010-06-03,104.30000305175781,104.30000305175781,104.30000305175781,104.30000305175781,0
2010-06-04,106.4000015258789,106.4000015258789,106.4000015258789,106.4000015258789,0
2010-06-07,106.0999984741211,106.0999984741211,106.0999984741211,106.0999984741211,0
2010-06-08,108.69999694824219,108.69999694824219,108.69999694824219,108.69999694824219,0
2010-06-09,106.5999984741211,106.5999984741211,106.5999984741211,106.5999984741211,0
2010-06-10,103.30000305175781,103.30000305175781,103.30000305175781,103.30000305175781,0
2010-06-11,105.9000015258789,105.9000015258789,105.9000015258789,105.9000015258789,0
2010-06-14,102.9000015258789,102.9000015258789,102.9000015258789,102.9000015258789,0
2010-06-15,99.5999984741211,99.5999984741211,99.5999984741211,99.5999984741211,0
2010-06-16,96.0,96.0,96.0,96.0,0
2010-06-17,95.19999694824219,95.19999694824219,95.19999694824219,95.19999694824219,0
2010-06-18,94.4000015258789,94.4000015258789,94.4000015258789,94.4000015258789,0
2010-06-21,87.80000305175781,87.80000305175781,87.80000305175781,87.80000305175781,0
2010-06-22,85.9000015258789,85.9000015258789,85.9000015258789,85.9000015258789,0
2010-06-23,85.19999694824219,85.19999694824219,85.19999694824219,85.19999694824219,0
2010-06-24,85.4000015258789,85.4000015258789,85.4000015258789,85.4000015258789,0
2010-06-25,84.69999694824219,84.69999694824219,84.69999694824219,84.69999694824219,0
2010-06-28,84.19999694824219,84.19999694824219,84.19999694824219,84.19999694824219,0
2010-06-29,89.80000305175781,89.80000305175781,89.80000305175781,89.80000305175781,0
2010-06-30,89.69999694824219,89.69999694824219,89.69999694824219,89.69999694824219,0
2010-07-01,93.80000305175781,93.80000305175781,93.80000305175781,93.80000305175781,0
2010-07-02,88.19999694824219,88.19999694824219,88.19999694824219,88.19999694824219,0
2010-07-06,82.5999984741211,82.5999984741211,82.5999984741211,82.5999984741211,0
2010-07-07,86.30000305175781,86.30000305175781,86.30000305175781,86.30000305175781,0
2010-07-08,85.5,85.5,85.5,85.5,0
2010-07-09,85.0999984741211,85.0999984741211,85.0999984741211,85.0999984741211,0
2010-07-12,82.19999694824219,82.19999694824219,82.19999694824219,82.19999694824219,0
2010-07-13,80.30000305175781,80.30000305175781,80.30000305175781,80.30000305175781,0
2010-07-14,79.0,79.0,79.0,79.0,0
2010-07-15,78.0999984741211,78.0999984741211,78.0999984741211,78.0999984741211,0
2010-07-16,81.19999694824219,81.19999694824219,81.19999694824219,81.19999694824219,0
2010-07-19,79.4000015258789,79.4000015258789,79.4000015258789,79.4000015258789,0
2010-07-20,78.69999694824219,78.69999694824219,78.69999694824219,78.69999694824219,0
2010-07-21,78.4000015258789,78.4000015258789,78.4000015258789,78.4000015258789,0
2010-07-22,78.80000305175781,78.80000305175781,78.80000305175781,78.80000305175781,0
2010-07-23,78.9000015258789,78.9000015258789,78.9000015258789,78.9000015258789,0
2010-07-26,77.30000305175781,77.30000305175781,77.30000305175781,77.30000305175781,0
2010-07-27,77.0999984741211,77.0999984741211,77.0999984741211,77.0999984741211,0
2010-07-28,76.30000305175781,76.30000305175781,76.30000305175781,76.30000305175781,0
2010-07-29,75.9000015258789,75.9000015258789,75.9000015258789,75.9000015258789,0
2010-07-30,78.19999694824219,78.19999694824219,78.19999694824219,78.19999694824219,0
2010-08-02,77.5999984741211,77.5999984741211,77.5999984741211,77.5999984741211,0
2010-08-03,81.0999984741211,81.0999984741211,81.0999984741211,81.0999984741211,0
2010-08-04,85.9000015258789,85.9000015258789,85.9000015258789,85.9000015258789,0
2010-08-05,84.0,84.0,84.0,84.0,0
2010-08-06,80.4000015258789,80.4000015258789,80.4000015258789,80.4000015258789,0
2010-08-09,79.80000305175781,79.80000305175781,79.80000305175781,79.80000305175781,0
2010-08-10,76.5999984741211,76.5999984741211,76.5999984741211,76.5999984741211,0
2010-08-11,76.19999694824219,76.19999694824219,76.19999694824219,76.19999694824219,0
2010-08-12,81.4000015258789,81.4000015258789,81.4000015258789,81.4000015258789,0
2010-08-13,84.30000305175781,84.30000305175781,84.30000305175781,84.30000305175781,0
2010-08-16,92.80000305175781,92.80000305175781,92.80000305175781,92.80000305175781,0
2010-08-17,90.9000015258789,90.9000015258789,90.9000015258789,90.9000015258789,0
2010-08-18,87.5,87.5,87.5,87.5,0
2010-08-19,91.0,91.0,91.0,91.0,0
2010-08-20,93.19999694824219,93.19999694824219,93.19999694824219,93.19999694824219,0
2010-08-23,95.5,95.5,95.5,95.5,0
2010-08-24,97.5999984741211,97.5999984741211,97.5999984741211,97.5999984741211,0
2010-08-25,100.69999694824219,100.69999694824219,100.69999694824219,100.69999694824219,0
2010-08-26,104.4000015258789,104.4000015258789,104.4000015258789,104.4000015258789,0
2010-08-27,109.19999694824219,109.19999694824219,109.19999694824219,109.19999694824219,0
2010-08-30,109.69999694824219,109.69999694824219,109.69999694824219,109.69999694824219,0
2010-08-31,103.69999694824219,103.69999694824219,103.69999694824219,103.69999694824219,0
2010-09-01,110.0999984741211,110.0999984741211,110.0999984741211,110.0999984741211,0
2010-09-02,103.19999694824219,103.19999694824219,103.19999694824219,103.19999694824219,0
2010-09-03,95.30000305175781,95.30000305175781,95.30000305175781,95.30000305175781,0
2010-09-07,98.19999694824219,98.19999694824219,98.19999694824219,98.19999694824219,0
2010-09-08,100.9000015258789,100.9000015258789,100.9000015258789,100.9000015258789,0
2010-09-09,104.9000015258789,104.9000015258789,104.9000015258789,104.9000015258789,0
2010-09-10,107.30000305175781,107.30000305175781,107.30000305175781,107.30000305175781,0
2010-09-13,105.5,105.5,105.5,105.5,0
2010-09-14,102.4000015258789,102.4000015258789,102.4000015258789,102.4000015258789,0
2010-09-15,102.69999694824219,102.69999694824219,102.69999694824219,102.69999694824219,0
2010-09-16,103.80000305175781,103.80000305175781,103.80000305175781,103.80000305175781,0
2010-09-17,103.5999984741211,103.5999984741211,103.5999984741211,103.5999984741211,0
2010-09-20,103.5999984741211,103.5999984741211,103.5999984741211,103.5999984741211,0
2010-09-21,96.5999984741211,96.5999984741211,96.5999984741211,96.5999984741211,0
2010-09-22,89.80000305175781,89.80000305175781,89.80000305175781,89.80000305175781,0
2010-09-23,88.69999694824219,88.69999694824219,88.69999694824219,88.69999694824219,0
2010-09-24,83.69999694824219,83.69999694824219,83.69999694824219,83.69999694824219,0
2010-09-27,85.69999694824219,85.69999694824219,85.69999694824219,85.69999694824219,0
2010-09-28,84.5999984741211,84.5999984741211,84.5999984741211,84.5999984741211,0
2010-09-29,85.5999984741211,85.5999984741211,85.5999984741211,85.5999984741211,0
2010-09-30,85.0999984741211,85.0999984741211,85.0999984741211,85.0999984741211,0
2010-10-01,86.5,86.5,86.5,86.5,0
2010-10-04,96.69999694824219,96.69999694824219,96.69999694824219,96.69999694824219,0
2010-10-05,89.19999694824219,89.19999694824219,89.19999694824219,89.19999694824219,0
2010-10-06,90.4000015258789,90.4000015258789,90.4000015258789,90.4000015258789,0
2010-10-07,87.80000305175781,87.80000305175781,87.80000305175781,87.80000305175781,0
2010-10-08,80.0999984741211,80.0999984741211,80.0999984741211,80.0999984741211,0
2010-10-12,78.30000305175781,78.30000305175781,78.30000305175781,78.30000305175781,0
2010-10-13,81.30000305175781,81.30000305175781,81.30000305175781,81.30000305175781,0
2010-10-14,84.5999984741211,84.5999984741211,84.5999984741211,84.5999984741211,0
2010-10-15,88.0999984741211,88.0999984741211,88.0999984741211,88.0999984741211,0
2010-10-18,89.5,89.5,89.5,89.5,0
2010-10-19,88.5999984741211,88.5999984741211,88.5999984741211,88.5999984741211,0
2010-10-20,87.0999984741211,87.0999984741211,87.0999984741211,87.0999984741211,0
2010-10-21,89.5999984741211,89.5999984741211,89.5999984741211,89.5999984741211,0
2010-10-22,92.4000015258789,92.4000015258789,92.4000015258789,92.4000015258789,0
2010-10-25,90.30000305175781,90.30000305175781,90.30000305175781,90.30000305175781,0
2010-10-26,97.4000015258789,97.4000015258789,97.4000015258789,97.4000015258789,0
2010-10-27,99.9000015258789,99.9000015258789,99.9000015258789,99.9000015258789,0
2010-10-28,98.69999694824219,98.69999694824219,98.69999694824219,98.69999694824219,0
2010-10-29,99.80000305175781,99.80000305175781,99.80000305175781,99.80000305175781,0
2010-11-01,98.69999694824219,98.69999694824219,98.69999694824219,98.69999694824219,0
2010-11-02,98.30000305175781,98.30000305175781,98.30000305175781,98.30000305175781,0
2010-11-03,83.0999984741211,83.0999984741211,83.0999984741211,83.0999984741211,0
2010-11-04,82.0999984741211,82.0999984741211,82.0999984741211,82.0999984741211,0
2010-11-05,81.69999694824219,81.69999694824219,81.69999694824219,81.69999694824219,0
2010-11-08,82.5,82.5,82.5,82.5,0
2010-11-09,90.4000015258789,90.4000015258789,90.4000015258789,90.4000015258789,0
2010-11-10,91.5999984741211,91.5999984741211,91.5999984741211,91.5999984741211,0
2010-11-12,97.69999694824219,97.69999694824219,97.69999694824219,97.69999694824219,0
2010-11-15,103.9000015258789,103.9000015258789,103.9000015258789,103.9000015258789,0
2010-11-16,100.80000305175781,100.80000305175781,100.80000305175781,100.80000305175781,0
2010-11-17,95.0999984741211,95.0999984741211,95.0999984741211,95.0999984741211,0
2010-11-18,98.5999984741211,98.5999984741211,98.5999984741211,98.5999984741211,0
2010-11-19,94.5,94.5,94.5,94.5,0
2010-11-22,90.5999984741211,90.5999984741211,90.5999984741211,90.5999984741211,0
2010-11-23,90.80000305175781,90.80000305175781,90.80000305175781,90.80000305175781,0
2010-11-24,101.0,101.0,101.0,101.0,0
2010-11-26,100.80000305175781,100.80000305175781,100.80000305175781,100.80000305175781,0
2010-11-29,100.4000015258789,100.4000015258789,100.4000015258789,100.4000015258789,0
2010-11-30,101.9000015258789,101.9000015258789,101.9000015258789,101.9000015258789,0
2010-12-01,110.0999984741211,110.0999984741211,110.0999984741211,110.0999984741211,0
2010-12-02,109.30000305175781,109.30000305175781,109.30000305175781,109.30000305175781,0
2010-12-03,102.69999694824219,102.69999694824219,102.69999694824219,102.69999694824219,0
2010-12-06,98.19999694824219,98.19999694824219,98.19999694824219,98.19999694824219,0
2010-12-07,110.4000015258789,110.4000015258789,110.4000015258789,110.4000015258789,0
2010-12-08,112.0999984741211,112.0999984741211,112.0999984741211,112.0999984741211,0
2010-12-09,109.0,109.0,109.0,109.0,0
2010-12-10,110.80000305175781,110.80000305175781,110.80000305175781,110.80000305175781,0
2010-12-13,110.4000015258789,110.4000015258789,110.4000015258789,110.4000015258789,0
2010-12-14,118.4000015258789,118.4000015258789,118.4000015258789,118.4000015258789,0
2010-12-15,125.19999694824219,125.19999694824219,125.19999694824219,125.19999694824219,0
2010-12-16,122.69999694824219,122.69999694824219,122.69999694824219,122.69999694824219,0
2010-12-17,119.0999984741211,119.0999984741211,119.0999984741211,119.0999984741211,0
2010-12-20,112.69999694824219,112.69999694824219,112.69999694824219,112.69999694824219,0
2010-12-21,104.19999694824219,104.19999694824219,104.19999694824219,104.19999694824219,0
2010-12-22,106.4000015258789,106.4000015258789,106.4000015258789,106.4000015258789,0
2010-12-23,106.80000305175781,106.80000305175781,106.80000305175781,106.80000305175781,0
2010-12-27,106.0999984741211,106.0999984741211,106.0999984741211,106.0999984741211,0
2010-12-28,110.19999694824219,110.19999694824219,110.19999694824219,110.19999694824219,0
2010-12-29,111.30000305175781,111.30000305175781,111.30000305175781,111.30000305175781,0
2010-12-30,111.30000305175781,111.30000305175781,111.30000305175781,111.30000305175781,0
2010-12-31,110.4000015258789,110.4000015258789,110.4000015258789,110.4000015258789,0
2011-01-03,105.9000015258789,105.9000015258789,105.9000015258789,105.9000015258789,0
2011-01-04,102.80000305175781,102.80000305175781,102.80000305175781,102.80000305175781,0
2011-01-05,116.19999694824219,116.19999694824219,116.19999694824219,116.19999694824219,0
2011-01-06,112.9000015258789,112.9000015258789,112.9000015258789,112.9000015258789,0
2011-01-07,107.5,107.5,107.5,107.5,0
2011-01-10,102.5,102.5,102.5,102.5,0
2011-01-11,100.30000305175781,100.30000305175781,100.30000305175781,100.30000305175781,0
2011-01-12,98.30000305175781,98.30000305175781,98.30000305175781,98.30000305175781,0
2011-01-13,96.4000015258789,96.4000015258789,96.4000015258789,96.4000015258789,0
2011-01-14,96.4000015258789,96.4000015258789,96.4000015258789,96.4000015258789,0
2011-01-18,97.5999984741211,97.5999984741211,97.5999984741211,97.5999984741211,0
2011-01-19,93.4000015258789,93.4000015258789,93.4000015258789,93.4000015258789,0
2011-01-20,97.80000305175781,97.80000305175781,97.80000305175781,97.80000305175781,0
2011-01-21,95.30000305175781,95.30000305175781,95.30000305175781,95.30000305175781,0
2011-01-24,93.69999694824219,93.69999694824219,93.69999694824219,93.69999694824219,0
2011-01-25,93.5,93.5,93.5,93.5,0
2011-01-26,93.30000305175781,93.30000305175781,93.30000305175781,93.30000305175781,0
2011-01-27,93.19999694824219,93.19999694824219,93.19999694824219,93.19999694824219,0
2011-01-28,90.30000305175781,90.30000305175781,90.30000305175781,90.30000305175781,0
2011-01-31,96.19999694824219,96.19999694824219,96.19999694824219,96.19999694824219,0
2011-02-01,97.19999694824219,97.19999694824219,97.19999694824219,97.19999694824219,0
2011-02-02,102.5,102.5,102.5,102.5,0
2011-02-03,102.30000305175781,102.30000305175781,102.30000305175781,102.30000305175781,0
2011-02-04,105.0999984741211,105.0999984741211,105.0999984741211,105.0999984741211,0
2011-02-07,101.4000015258789,101.4000015258789,101.4000015258789,101.4000015258789,0
2011-02-08,101.19999694824219,101.19999694824219,101.19999694824219,101.19999694824219,0
2011-02-09,99.30000305175781,99.30000305175781,99.30000305175781,99.30000305175781,0
2011-02-10,100.5,100.5,100.5,100.5,0
2011-02-11,97.19999694824219,97.19999694824219,97.19999694824219,97.19999694824219,0
2011-02-14,95.5999984741211,95.5999984741211,95.5999984741211,95.5999984741211,0
2011-02-15,94.69999694824219,94.69999694824219,94.69999694824219,94.69999694824219,0
2011-02-16,95.5,95.5,95.5,95.5,0
2011-02-17,94.4000015258789,94.4000015258789,94.4000015258789,94.4000015258789,0
2011-02-18,94.30000305175781,94.30000305175781,94.30000305175781,94.30000305175781,0
2011-02-22,97.30000305175781,97.30000305175781,97.30000305175781,97.30000305175781,0
2011-02-23,96.69999694824219,96.69999694824219,96.69999694824219,96.69999694824219,0
2011-02-24,96.9000015258789,96.9000015258789,96.9000015258789,96.9000015258789,0
2011-02-25,93.0999984741211,93.0999984741211,93.0999984741211,93.0999984741211,0
2011-02-28,90.5,90.5,90.5,90.5,0
2011-03-01,97.5,97.5,97.5,97.5,0
2011-03-02,96.5999984741211,96.5999984741211,96.5999984741211,96.5999984741211,0
2011-03-03,100.4000015258789,100.4000015258789,100.4000015258789,100.4000015258789,0
2011-03-04,94.5999984741211,94.5999984741211,94.5999984741211,94.5999984741211,0
2011-03-07,94.5999984741211,94.5999984741211,94.5999984741211,94.5999984741211,0
2011-03-08,91.19999694824219,91.19999694824219,91.19999694824219,91.19999694824219,0
2011-03-09,90.9000015258789,90.9000015258789,90.9000015258789,90.9000015258789,0
2011-03-10,94.19999694824219,94.19999694824219,94.19999694824219,94.19999694824219,0
2011-03-11,91.69999694824219,91.69999694824219,91.69999694824219,91.69999694824219,0
2011-03-14,90.80000305175781,90.80000305175781,90.80000305175781,90.80000305175781,0
2011-03-15,94.5999984741211,94.5999984741211,94.5999984741211,94.5999984741211,0
2011-03-16,103.5999984741211,103.5999984741211,103.5999984741211,103.5999984741211,0
2011-03-17,103.69999694824219,103.69999694824219,103.69999694824219,103.69999694824219,0
2011-03-18,100.30000305175781,100.30000305175781,100.30000305175781,100.30000305175781,0
2011-03-21,95.5999984741211,95.5999984741211,95.5999984741211,95.5999984741211,0
2011-03-22,91.9000015258789,91.9000015258789,91.9000015258789,91.9000015258789,0
2011-03-23,91.69999694824219,91.69999694824219,91.69999694824219,91.69999694824219,0
2011-03-24,90.0999984741211,90.0999984741211,90.0999984741211,90.0999984741211,0
2011-03-25,93.5,93.5,93.5,93.5,0
2011-03-28,93.80000305175781,93.80000305175781,93.80000305175781,93.80000305175781,0
2011-03-29,91.80000305175781,91.80000305175781,91.80000305175781,91.80000305175781,0
2011-03-30,89.5999984741211,89.5999984741211,89.5999984741211,89.5999984741211,0
2011-03-31,90.9000015258789,90.9000015258789,90.9000015258789,90.9000015258789,0
2011-04-01,87.5,87.5,87.5,87.5,0
2011-04-04,85.4000015258789,85.4000015258789,85.4000015258789,85.4000015258789,0
2011-04-05,85.0999984741211,85.0999984741211,85.0999984741211,85.0999984741211,0
2011-04-06,89.69999694824219,89.69999694824219,89.69999694824219,89.69999694824219,0
2011-04-07,88.80000305175781,88.80000305175781,88.80000305175781,88.80000305175781,0
2011-04-08,88.5,88.5,88.5,88.5,0
2011-04-11,85.80000305175781,85.80000305175781,85.80000305175781,85.80000305175781,0
2011-04-12,85.19999694824219,85.19999694824219,85.19999694824219,85.19999694824219,0
2011-04-13,83.9000015258789,83.9000015258789,83.9000015258789,83.9000015258789,0
2011-04-14,82.19999694824219,82.19999694824219,82.19999694824219,82.19999694824219,0
2011-04-15,81.5,81.5,81.5,81.5,0
2011-04-18,82.80000305175781,82.80000305175781,82.80000305175781,82.80000305175781,0
2011-04-19,80.19999694824219,80.19999694824219,80.19999694824219,80.19999694824219,0
2011-04-20,77.4000015258789,77.4000015258789,77.4000015258789,77.4000015258789,0
2011-04-21,76.5999984741211,76.5999984741211,76.5999984741211,76.5999984741211,0
2011-04-25,74.80000305175781,74.80000305175781,74.80000305175781,74.80000305175781,0
2011-04-26,81.30000305175781,81.30000305175781,81.30000305175781,81.30000305175781,0
2011-04-27,79.19999694824219,79.19999694824219,79.19999694824219,79.19999694824219,0
2011-04-28,76.80000305175781,76.80000305175781,76.80000305175781,76.80000305175781,0
2011-04-29,76.80000305175781,76.80000305175781,76.80000305175781,76.80000305175781,0
2011-05-02,76.30000305175781,76.30000305175781,76.30000305175781,76.30000305175781,0
2011-05-03,80.0999984741211,80.0999984741211,80.0999984741211,80.0999984741211,0
2011-05-04,80.19999694824219,80.19999694824219,80.19999694824219,80.19999694824219,0
2011-05-05,83.4000015258789,83.4000015258789,83.4000015258789,83.4000015258789,0
2011-05-06,84.0999984741211,84.0999984741211,84.0999984741211,84.0999984741211,0
2011-05-09,82.4000015258789,82.4000015258789,82.4000015258789,82.4000015258789,0
2011-05-10,80.0999984741211,80.0999984741211,80.0999984741211,80.0999984741211,0
2011-05-11,83.19999694824219,83.19999694824219,83.19999694824219,83.19999694824219,0
2011-05-12,81.9000015258789,81.9000015258789,81.9000015258789,81.9000015258789,0
2011-05-13,82.0999984741211,82.0999984741211,82.0999984741211,82.0999984741211,0
2011-05-16,80.30000305175781,80.30000305175781,80.30000305175781,80.30000305175781,0
2011-05-17,78.0999984741211,78.0999984741211,78.0999984741211,78.0999984741211,0
2011-05-18,77.9000015258789,77.9000015258789,77.9000015258789,77.9000015258789,0
2011-05-19,79.80000305175781,79.80000305175781,79.80000305175781,79.80000305175781,0
2011-05-20,79.80000305175781,79.80000305175781,79.80000305175781,79.80000305175781,0
2011-05-23,78.0,78.0,78.0,78.0,0
2011-05-24,76.69999694824219,76.69999694824219,76.69999694824219,76.69999694824219,0
2011-05-25,75.80000305175781,75.80000305175781,75.80000305175781,75.80000305175781,0
2011-05-26,74.30000305175781,74.30000305175781,74.30000305175781,74.30000305175781,0
2011-05-27,73.9000015258789,73.9000015258789,73.9000015258789,73.9000015258789,0
2011-05-31,71.5,71.5,71.5,71.5,0
2011-06-01,72.9000015258789,72.9000015258789,72.9000015258789,72.9000015258789,0
2011-06-02,76.5999984741211,76.5999984741211,76.5999984741211,76.5999984741211,0
2011-06-03,75.9000015258789,75.9000015258789,75.9000015258789,75.9000015258789,0
2011-06-06,75.80000305175781,75.80000305175781,75.80000305175781,75.80000305175781,0
2011-06-07,73.5,73.5,73.5,73.5,0
2011-06-08,77.5,77.5,77.5,77.5,0
2011-06-09,77.30000305175781,77.30000305175781,77.30000305175781,77.30000305175781,0
2011-06-10,78.0999984741211,78.0999984741211,78.0999984741211,78.0999984741211,0
2011-06-13,76.4000015258789,76.4000015258789,76.4000015258789,76.4000015258789,0
2011-06-14,82.5,82.5,82.5,82.5,0
2011-06-15,85.9000015258789,85.9000015258789,85.9000015258789,85.9000015258789,0
2011-06-16,87.9000015258789,87.9000015258789,87.9000015258789,87.9000015258789,0
2011-06-17,85.30000305175781,85.30000305175781,85.30000305175781,85.30000305175781,0
2011-06-20,82.5,82.5,82.5,82.5,0
2011-06-21,80.9000015258789,80.9000015258789,80.9000015258789,80.9000015258789,0
2011-06-22,79.0,79.0,79.0,79.0,0
2011-06-23,83.5999984741211,83.5999984741211,83.5999984741211,83.5999984741211,0
2011-06-24,84.80000305175781,84.80000305175781,84.80000305175781,84.80000305175781,0
2011-06-27,83.80000305175781,83.80000305175781,83.80000305175781,83.80000305175781,0
2011-06-28,89.4000015258789,89.4000015258789,89.4000015258789,89.4000015258789,0
2011-06-29,87.19999694824219,87.19999694824219,87.19999694824219,87.19999694824219,0
2011-06-30,88.9000015258789,88.9000015258789,88.9000015258789,88.9000015258789,0
2011-07-01,90.5,90.5,90.5,90.5,0
2011-07-05,90.69999694824219,90.69999694824219,90.69999694824219,90.69999694824219,0
2011-07-06,89.0,89.0,89.0,89.0,0
2011-07-07,90.4000015258789,90.4000015258789,90.4000015258789,90.4000015258789,0
2011-07-08,85.80000305175781,85.80000305175781,85.80000305175781,85.80000305175781,0
2011-07-11,88.4000015258789,88.4000015258789,88.4000015258789,88.4000015258789,0
2011-07-12,90.30000305175781,90.30000305175781,90.30000305175781,90.30000305175781,0
2011-07-13,88.0999984741211,88.0999984741211,88.0999984741211,88.0999984741211,0
2011-07-14,89.0999984741211,89.0999984741211,89.0999984741211,89.0999984741211,0
2011-07-15,90.4000015258789,90.4000015258789,90.4000015258789,90.4000015258789,0
2011-07-18,89.5999984741211,89.5999984741211,89.5999984741211,89.5999984741211,0
2011-07-19,88.80000305175781,88.80000305175781,88.80000305175781,88.80000305175781,0
2011-07-20,85.0999984741211,85.0999984741211,85.0999984741211,85.0999984741211,0
2011-07-21,89.0,89.0,89.0,89.0,0
2011-07-22,84.30000305175781,84.30000305175781,84.30000305175781,84.30000305175781,0
2011-07-25,86.80000305175781,86.80000305175781,86.80000305175781,86.80000305175781,0
2011-07-26,84.80000305175781,84.80000305175781,84.80000305175781,84.80000305175781,0
2011-07-27,89.0999984741211,89.0999984741211,89.0999984741211,89.0999984741211,0
2011-07-28,86.5,86.5,86.5,86.5,0
2011-07-29,88.0,88.0,88.0,88.0,0
2011-08-01,84.0999984741211,84.0999984741211,84.0999984741211,84.0999984741211,0
2011-08-02,87.0999984741211,87.0999984741211,87.0999984741211,87.0999984741211,0
2011-08-03,85.5,85.5,85.5,85.5,0
2011-08-04,91.0,91.0,91.0,91.0,0
2011-08-05,100.69999694824219,100.69999694824219,100.69999694824219,100.69999694824219,0
2011-08-08,117.80000305175781,117.80000305175781,117.80000305175781,117.80000305175781,0
2011-08-09,107.69999694824219,107.69999694824219,107.69999694824219,107.69999694824219,0
2011-08-10,98.9000015258789,98.9000015258789,98.9000015258789,98.9000015258789,0
2011-08-11,107.9000015258789,107.9000015258789,107.9000015258789,107.9000015258789,0
2011-08-12,109.0999984741211,109.0999984741211,109.0999984741211,109.0999984741211,0
2011-08-15,99.80000305175781,99.80000305175781,99.80000305175781,99.80000305175781,0
2011-08-16,92.0,92.0,92.0,92.0,0
2011-08-17,87.80000305175781,87.80000305175781,87.80000305175781,87.80000305175781,0
2011-08-18,95.0,95.0,95.0,95.0,0
2011-08-19,100.30000305175781,100.30000305175781,100.30000305175781,100.30000305175781,0
2011-08-22,104.19999694824219,104.19999694824219,104.19999694824219,104.19999694824219,0
2011-08-23,105.5,105.5,105.5,105.5,0
2011-08-24,105.80000305175781,105.80000305175781,105.80000305175781,105.80000305175781,0
2011-08-25,107.69999694824219,107.69999694824219,107.69999694824219,107.69999694824219,0
2011-08-26,101.5,101.5,101.5,101.5,0
2011-08-29,98.0,98.0,98.0,98.0,0
2011-08-30,99.19999694824219,99.19999694824219,99.19999694824219,99.19999694824219,0
2011-08-31,97.9000015258789,97.9000015258789,97.9000015258789,97.9000015258789,0
2011-09-01,98.80000305175781,98.80000305175781,98.80000305175781,98.80000305175781,0
2011-09-02,99.4000015258789,99.4000015258789,99.4000015258789,99.4000015258789,0
2011-09-06,103.0999984741211,103.0999984741211,103.0999984741211,103.0999984741211,0
2011-09-07,100.5999984741211,100.5999984741211,100.5999984741211,100.5999984741211,0
2011-09-08,99.4000015258789,99.4000015258789,99.4000015258789,99.4000015258789,0
2011-09-09,100.69999694824219,100.69999694824219,100.69999694824219,100.69999694824219,0
2011-09-12,99.19999694824219,99.19999694824219,99.19999694824219,99.19999694824219,0
2011-09-13,97.5,97.5,97.5,97.5,0
2011-09-14,96.5999984741211,96.5999984741211,96.5999984741211,96.5999984741211,0
2011-09-15,97.30000305175781,97.30000305175781,97.30000305175781,97.30000305175781,0
2011-09-16,97.5999984741211,97.5999984741211,97.5999984741211,97.5999984741211,0
2011-09-19,99.5999984741211,99.5999984741211,99.5999984741211,99.5999984741211,0
2011-09-20,99.9000015258789,99.9000015258789,99.9000015258789,99.9000015258789,0
2011-09-21,93.30000305175781,93.30000305175781,93.30000305175781,93.30000305175781,0
2011-09-22,103.4000015258789,103.4000015258789,103.4000015258789,103.4000015258789,0
2011-09-23,104.5,104.5,104.5,104.5,0
2011-09-26,107.4000015258789,107.4000015258789,107.4000015258789,107.4000015258789,0
2011-09-27,107.30000305175781,107.30000305175781,107.30000305175781,107.30000305175781,0
2011-09-28,103.0999984741211,103.0999984741211,103.0999984741211,103.0999984741211,0
2011-09-29,100.4000015258789,100.4000015258789,100.4000015258789,100.4000015258789,0
2011-09-30,100.5999984741211,100.5999984741211,100.5999984741211,100.5999984741211,0
2011-10-03,105.69999694824219,105.69999694824219,105.69999694824219,105.69999694824219,0
2011-10-04,109.0,109.0,109.0,109.0,0
2011-10-05,108.9000015258789,108.9000015258789,108.9000015258789,108.9000015258789,0
2011-10-06,108.69999694824219,108.69999694824219,108.69999694824219,108.69999694824219,0
2011-10-07,106.4000015258789,106.4000015258789,106.4000015258789,106.4000015258789,0
2011-10-11,106.80000305175781,106.80000305175781,106.80000305175781,106.80000305175781,0
2011-10-12,108.30000305175781,108.30000305175781,108.30000305175781,108.30000305175781,0
2011-10-13,106.80000305175781,106.80000305175781,106.80000305175781,106.80000305175781,0
2011-10-14,109.19999694824219,109.19999694824219,109.19999694824219,109.19999694824219,0
2011-10-17,108.4000015258789,108.4000015258789,108.4000015258789,108.4000015258789,0
2011-10-18,107.5,107.5,107.5,107.5,0
2011-10-19,105.0,105.0,105.0,105.0,0
2011-10-20,105.9000015258789,105.9000015258789,105.9000015258789,105.9000015258789,0
2011-10-21,107.5,107.5,107.5,107.5,0
2011-10-24,103.5999984741211,103.5999984741211,103.5999984741211,103.5999984741211,0
2011-10-25,102.0999984741211,102.0999984741211,102.0999984741211,102.0999984741211,0
2011-10-26,105.19999694824219,105.19999694824219,105.19999694824219,105.19999694824219,0
2011-10-27,108.0999984741211,108.0999984741211,108.0999984741211,108.0999984741211,0
2011-10-28,107.4000015258789,107.4000015258789,107.4000015258789,107.4000015258789,0
2011-10-31,107.19999694824219,107.19999694824219,107.19999694824219,107.19999694824219,0
2011-11-01,116.0,116.0,116.0,116.0,0
2011-11-02,111.9000015258789,111.9000015258789,111.9000015258789,111.9000015258789,0
2011-11-03,109.19999694824219,109.19999694824219,109.19999694824219,109.19999694824219,0
2011-11-04,106.5999984741211,106.5999984741211,106.5999984741211,106.5999984741211,0
2011-11-07,106.30000305175781,106.30000305175781,106.30000305175781,106.30000305175781,0
2011-11-08,105.5999984741211,105.5999984741211,105.5999984741211,105.5999984741211,0
2011-11-09,111.80000305175781,111.80000305175781,111.80000305175781,111.80000305175781,0
2011-11-10,113.69999694824219,113.69999694824219,113.69999694824219,113.69999694824219,0
2011-11-14,113.0999984741211,113.0999984741211,113.0999984741211,113.0999984741211,0
2011-11-15,108.5999984741211,108.5999984741211,108.5999984741211,108.5999984741211,0
2011-11-16,106.0999984741211,106.0999984741211,106.0999984741211,106.0999984741211,0
2011-11-17,111.69999694824219,111.69999694824219,111.69999694824219,111.69999694824219,0
2011-11-18,109.80000305175781,109.80000305175781,109.80000305175781,109.80000305175781,0
2011-11-21,107.5,107.5,107.5,107.5,0
2011-11-22,103.5999984741211,103.5999984741211,103.5999984741211,103.5999984741211,0
2011-11-23,104.69999694824219,104.69999694824219,104.69999694824219,104.69999694824219,0
2011-11-25,102.30000305175781,102.30000305175781,102.30000305175781,102.30000305175781,0
2011-11-28,102.80000305175781,102.80000305175781,102.80000305175781,102.80000305175781,0
2011-11-29,103.0999984741211,103.0999984741211,103.0999984741211,103.0999984741211,0
2011-11-30,99.69999694824219,99.69999694824219,99.69999694824219,99.69999694824219,0
2011-12-01,100.80000305175781,100.80000305175781,100.80000305175781,100.80000305175781,0
2011-12-02,98.5999984741211,98.5999984741211,98.5999984741211,98.5999984741211,0
2011-12-05,94.0,94.0,94.0,94.0,0
2011-12-06,93.0,93.0,93.0,93.0,0
2011-12-07,94.30000305175781,94.30000305175781,94.30000305175781,94.30000305175781,0
2011-12-08,95.0,95.0,95.0,95.0,0
2011-12-09,99.9000015258789,99.9000015258789,99.9000015258789,99.9000015258789,0
2011-12-12,95.80000305175781,95.80000305175781,95.80000305175781,95.80000305175781,0
2011-12-13,90.30000305175781,90.30000305175781,90.30000305175781,90.30000305175781,0
2011-12-14,91.69999694824219,91.69999694824219,91.69999694824219,91.69999694824219,0
2011-12-15,87.19999694824219,87.19999694824219,87.19999694824219,87.19999694824219,0
2011-12-16,89.4000015258789,89.4000015258789,89.4000015258789,89.4000015258789,0
2011-12-19,87.5999984741211,87.5999984741211,87.5999984741211,87.5999984741211,0
2011-12-20,92.30000305175781,92.30000305175781,92.30000305175781,92.30000305175781,0
2011-12-21,91.80000305175781,91.80000305175781,91.80000305175781,91.80000305175781,0
2011-12-22,90.19999694824219,90.19999694824219,90.19999694824219,90.19999694824219,0
2011-12-23,94.19999694824219,94.19999694824219,94.19999694824219,94.19999694824219,0
2011-12-27,94.80000305175781,94.80000305175781,94.80000305175781,94.80000305175781,0
2011-12-28,95.0999984741211,95.0999984741211,95.0999984741211,95.0999984741211,0
2011-12-29,94.0999984741211,94.0999984741211,94.0999984741211,94.0999984741211,0
2011-12-30,91.0999984741211,91.0999984741211,91.0999984741211,91.0999984741211,0
2012-01-03,90.69999694824219,90.69999694824219,90.69999694824219,90.69999694824219,0
2012-01-04,88.9000015258789,88.9000015258789,88.9000015258789,88.9000015258789,0
2012-01-05,87.9000015258789,87.9000015258789,87.9000015258789,87.9000015258789,0
2012-01-06,81.69999694824219,81.69999694824219,81.69999694824219,81.69999694824219,0
2012-01-09,78.5999984741211,78.5999984741211,78.5999984741211,78.5999984741211,0
2012-01-10,80.19999694824219,80.19999694824219,80.19999694824219,80.19999694824219,0
2012-01-11,78.19999694824219,78.19999694824219,78.19999694824219,78.19999694824219,0
2012-01-12,77.0999984741211,77.0999984741211,77.0999984741211,77.0999984741211,0
2012-01-13,79.19999694824219,79.19999694824219,79.19999694824219,79.19999694824219,0
2012-01-17,75.5999984741211,75.5999984741211,75.5999984741211,75.5999984741211,0
2012-01-18,75.0,75.0,75.0,75.0,0
2012-01-19,80.0,80.0,80.0,80.0,0
2012-01-20,84.5999984741211,84.5999984741211,84.5999984741211,84.5999984741211,0
2012-01-23,85.80000305175781,85.80000305175781,85.80000305175781,85.80000305175781,0
2012-01-24,81.5999984741211,81.5999984741211,81.5999984741211,81.5999984741211,0
2012-01-25,76.69999694824219,76.69999694824219,76.69999694824219,76.69999694824219,0
2012-01-26,75.9000015258789,75.9000015258789,75.9000015258789,75.9000015258789,0
2012-01-27,75.4000015258789,75.4000015258789,75.4000015258789,75.4000015258789,0
2012-01-30,72.4000015258789,72.4000015258789,72.4000015258789,72.4000015258789,0
2012-01-31,72.0999984741211,72.0999984741211,72.0999984741211,72.0999984741211,0
2012-02-01,72.69999694824219,72.69999694824219,72.69999694824219,72.69999694824219,0
2012-02-02,70.19999694824219,70.19999694824219,70.19999694824219,70.19999694824219,0
2012-02-03,76.69999694824219,76.69999694824219,76.69999694824219,76.69999694824219,0
2012-02-06,72.30000305175781,72.30000305175781,72.30000305175781,72.30000305175781,0
2012-02-07,79.30000305175781,79.30000305175781,79.30000305175781,79.30000305175781,0
2012-02-08,79.0,79.0,79.0,79.0,0
2012-02-09,83.19999694824219,83.19999694824219,83.19999694824219,83.19999694824219,0
2012-02-10,80.69999694824219,80.69999694824219,80.69999694824219,80.69999694824219,0
2012-02-13,78.80000305175781,78.80000305175781,78.80000305175781,78.80000305175781,0
2012-02-14,79.0,79.0,79.0,79.0,0
2012-02-15,76.5999984741211,76.5999984741211,76.5999984741211,76.5999984741211,0
2012-02-16,80.0999984741211,80.0999984741211,80.0999984741211,80.0999984741211,0
2012-02-17,81.5,81.5,81.5,81.5,0
2012-02-21,79.30000305175781,79.30000305175781,79.30000305175781,79.30000305175781,0
2012-02-22,79.5999984741211,79.5999984741211,79.5999984741211,79.5999984741211,0
2012-02-23,79.0,79.0,79.0,79.0,0
2012-02-24,77.0999984741211,77.0999984741211,77.0999984741211,77.0999984741211,0
2012-02-27,74.80000305175781,74.80000305175781,74.80000305175781,74.80000305175781,0
2012-02-28,73.9000015258789,73.9000015258789,73.9000015258789,73.9000015258789,0
2012-02-29,75.9000015258789,75.9000015258789,75.9000015258789,75.9000015258789,0
2012-03-01,77.4000015258789,77.4000015258789,77.4000015258789,77.4000015258789,0
2012-03-02,76.0,76.0,76.0,76.0,0
2012-03-05,75.0,75.0,75.0,75.0,0
2012-03-06,75.80000305175781,75.80000305175781,75.80000305175781,75.80000305175781,0
2012-03-07,75.0999984741211,75.0999984741211,75.0999984741211,75.0999984741211,0
2012-03-08,76.5999984741211,76.5999984741211,76.5999984741211,76.5999984741211,0
2012-03-09,73.19999694824219,73.19999694824219,73.19999694824219,73.19999694824219,0
2012-03-12,69.9000015258789,69.9000015258789,69.9000015258789,69.9000015258789,0
2012-03-13,73.80000305175781,73.80000305175781,73.80000305175781,73.80000305175781,0
2012-03-14,89.69999694824219,89.69999694824219,89.69999694824219,89.69999694824219,0
2012-03-15,83.4000015258789,83.4000015258789,83.4000015258789,83.4000015258789,0
2012-03-16,84.9000015258789,84.9000015258789,84.9000015258789,84.9000015258789,0
2012-03-19,92.30000305175781,92.30000305175781,92.30000305175781,92.30000305175781,0
2012-03-20,93.30000305175781,93.30000305175781,93.30000305175781,93.30000305175781,0
2012-03-21,89.5,89.5,89.5,89.5,0
2012-03-22,87.0999984741211,87.0999984741211,87.0999984741211,87.0999984741211,0
2012-03-23,86.19999694824219,86.19999694824219,86.19999694824219,86.19999694824219,0
2012-03-26,85.5999984741211,85.5999984741211,85.5999984741211,85.5999984741211,0
2012-03-27,80.69999694824219,80.69999694824219,80.69999694824219,80.69999694824219,0
2012-03-28,77.4000015258789,77.4000015258789,77.4000015258789,77.4000015258789,0
2012-03-29,75.19999694824219,75.19999694824219,75.19999694824219,75.19999694824219,0
2012-03-30,78.5999984741211,78.5999984741211,78.5999984741211,78.5999984741211,0
2012-04-02,75.5999984741211,75.5999984741211,75.5999984741211,75.5999984741211,0
2012-04-03,84.30000305175781,84.30000305175781,84.30000305175781,84.30000305175781,0
2012-04-04,84.5999984741211,84.5999984741211,84.5999984741211,84.5999984741211,0
2012-04-05,83.69999694824219,83.69999694824219,83.69999694824219,83.69999694824219,0
2012-04-09,76.19999694824219,76.19999694824219,76.19999694824219,76.19999694824219,0
2012-04-10,75.0999984741211,75.0999984741211,75.0999984741211,75.0999984741211,0
2012-04-11,76.30000305175781,76.30000305175781,76.30000305175781,76.30000305175781,0
2012-04-12,73.5,73.5,73.5,73.5,0
2012-04-13,72.5999984741211,72.5999984741211,72.5999984741211,72.5999984741211,0
2012-04-16,72.9000015258789,72.9000015258789,72.9000015258789,72.9000015258789,0
2012-04-17,73.9000015258789,73.9000015258789,73.9000015258789,73.9000015258789,0
2012-04-18,72.5,72.5,72.5,72.5,0
2012-04-19,72.19999694824219,72.19999694824219,72.19999694824219,72.19999694824219,0
2012-04-20,71.4000015258789,71.4000015258789,71.4000015258789,71.4000015258789,0
2012-04-23,70.9000015258789,70.9000015258789,70.9000015258789,70.9000015258789,0
2012-04-24,71.9000015258789,71.9000015258789,71.9000015258789,71.9000015258789,0
2012-04-25,70.5999984741211,70.5999984741211,70.5999984741211,70.5999984741211,0
2012-04-26,65.19999694824219,65.19999694824219,65.19999694824219,65.19999694824219,0
2012-04-27,64.0999984741211,64.0999984741211,64.0999984741211,64.0999984741211,0
2012-04-30,62.900001525878906,62.900001525878906,62.900001525878906,62.900001525878906,0
2012-05-01,67.0,67.0,67.0,67.0,0
2012-05-02,65.0999984741211,65.0999984741211,65.0999984741211,65.0999984741211,0
2012-05-03,63.29999923706055,63.29999923706055,63.29999923706055,63.29999923706055,0
2012-05-04,57.79999923706055,57.79999923706055,57.79999923706055,57.79999923706055,0
2012-05-07,56.70000076293945,56.70000076293945,56.70000076293945,56.70000076293945,0
2012-05-08,57.70000076293945,57.70000076293945,57.70000076293945,57.70000076293945,0
2012-05-09,58.70000076293945,58.70000076293945,58.70000076293945,58.70000076293945,0
2012-05-10,57.599998474121094,57.599998474121094,57.599998474121094,57.599998474121094,0
2012-05-11,61.5,61.5,61.5,61.5,0
2012-05-14,70.30000305175781,70.30000305175781,70.30000305175781,70.30000305175781,0
2012-05-15,67.69999694824219,67.69999694824219,67.69999694824219,67.69999694824219,0
2012-05-16,67.0,67.0,67.0,67.0,0
2012-05-17,70.5999984741211,70.5999984741211,70.5999984741211,70.5999984741211,0
2012-05-18,70.5999984741211,70.5999984741211,70.5999984741211,70.5999984741211,0
2012-05-21,69.0999984741211,69.0999984741211,69.0999984741211,69.0999984741211,0
2012-05-22,70.80000305175781,70.80000305175781,70.80000305175781,70.80000305175781,0
2012-05-23,73.69999694824219,73.69999694824219,73.69999694824219,73.69999694824219,0
2012-05-24,73.0999984741211,73.0999984741211,73.0999984741211,73.0999984741211,0
2012-05-25,71.19999694824219,71.19999694824219,71.19999694824219,71.19999694824219,0
2012-05-29,68.9000015258789,68.9000015258789,68.9000015258789,68.9000015258789,0
2012-05-30,73.0,73.0,73.0,73.0,0
2012-05-31,74.4000015258789,74.4000015258789,74.4000015258789,74.4000015258789,0
2012-06-01,80.5999984741211,80.5999984741211,80.5999984741211,80.5999984741211,0
2012-06-04,86.5,86.5,86.5,86.5,0
2012-06-05,84.5999984741211,84.5999984741211,84.5999984741211,84.5999984741211,0
2012-06-06,87.69999694824219,87.69999694824219,87.69999694824219,87.69999694824219,0
2012-06-07,82.0999984741211,82.0999984741211,82.0999984741211,82.0999984741211,0
2012-06-08,86.0,86.0,86.0,86.0,0
2012-06-11,86.5,86.5,86.5,86.5,0
2012-06-12,88.5,88.5,88.5,88.5,0
2012-06-13,89.30000305175781,89.30000305175781,89.30000305175781,89.30000305175781,0
2012-06-14,91.5,91.5,91.5,91.5,0
2012-06-15,95.4000015258789,95.4000015258789,95.4000015258789,95.4000015258789,0
2012-06-18,85.69999694824219,85.69999694824219,85.69999694824219,85.69999694824219,0
2012-06-19,84.69999694824219,84.69999694824219,84.69999694824219,84.69999694824219,0
2012-06-20,77.69999694824219,77.69999694824219,77.69999694824219,77.69999694824219,0
2012-06-21,76.19999694824219,76.19999694824219,76.19999694824219,76.19999694824219,0
2012-06-22,75.0999984741211,75.0999984741211,75.0999984741211,75.0999984741211,0
2012-06-25,72.80000305175781,72.80000305175781,72.80000305175781,72.80000305175781,0
2012-06-26,71.0999984741211,71.0999984741211,71.0999984741211,71.0999984741211,0
2012-06-27,70.19999694824219,70.19999694824219,70.19999694824219,70.19999694824219,0
2012-06-28,70.19999694824219,70.19999694824219,70.19999694824219,70.19999694824219,0
2012-06-29,73.19999694824219,73.19999694824219,73.19999694824219,73.19999694824219,0
2012-07-02,71.5999984741211,71.5999984741211,71.5999984741211,71.5999984741211,0
2012-07-03,72.4000015258789,72.4000015258789,72.4000015258789,72.4000015258789,0
2012-07-05,71.30000305175781,71.30000305175781,71.30000305175781,71.30000305175781,0
2012-07-06,66.80000305175781,66.80000305175781,66.80000305175781,66.80000305175781,0
2012-07-09,63.400001525878906,63.400001525878906,63.400001525878906,63.400001525878906,0
2012-07-10,63.29999923706055,63.29999923706055,63.29999923706055,63.29999923706055,0
2012-07-11,63.79999923706055,63.79999923706055,63.79999923706055,63.79999923706055,0
2012-07-12,63.400001525878906,63.400001525878906,63.400001525878906,63.400001525878906,0
2012-07-13,63.29999923706055,63.29999923706055,63.29999923706055,63.29999923706055,0
2012-07-16,62.79999923706055,62.79999923706055,62.79999923706055,62.79999923706055,0
2012-07-17,64.19999694824219,64.19999694824219,64.19999694824219,64.19999694824219,0
2012-07-18,61.900001525878906,61.900001525878906,61.900001525878906,61.900001525878906,0
2012-07-19,61.20000076293945,61.20000076293945,61.20000076293945,61.20000076293945,0
2012-07-20,61.29999923706055,61.29999923706055,61.29999923706055,61.29999923706055,0
2012-07-23,61.599998474121094,61.599998474121094,61.599998474121094,61.599998474121094,0
2012-07-24,62.900001525878906,62.900001525878906,62.900001525878906,62.900001525878906,0
2012-07-25,63.099998474121094,63.099998474121094,63.099998474121094,63.099998474121094,0
2012-07-26,62.599998474121094,62.599998474121094,62.599998474121094,62.599998474121094,0
2012-07-27,69.69999694824219,69.69999694824219,69.69999694824219,69.69999694824219,0
2012-07-30,68.4000015258789,68.4000015258789,68.4000015258789,68.4000015258789,0
2012-07-31,69.80000305175781,69.80000305175781,69.80000305175781,69.80000305175781,0
2012-08-01,74.0999984741211,74.0999984741211,74.0999984741211,74.0999984741211,0
2012-08-02,69.4000015258789,69.4000015258789,69.4000015258789,69.4000015258789,0
2012-08-03,71.9000015258789,71.9000015258789,71.9000015258789,71.9000015258789,0
2012-08-06,69.69999694824219,69.69999694824219,69.69999694824219,69.69999694824219,0
2012-08-07,73.9000015258789,73.9000015258789,73.9000015258789,73.9000015258789,0
2012-08-08,75.19999694824219,75.19999694824219,75.19999694824219,75.19999694824219,0
2012-08-09,73.69999694824219,73.69999694824219,73.69999694824219,73.69999694824219,0
2012-08-10,70.0999984741211,70.0999984741211,70.0999984741211,70.0999984741211,0
2012-08-13,67.19999694824219,67.19999694824219,67.19999694824219,67.19999694824219,0
2012-08-14,67.9000015258789,67.9000015258789,67.9000015258789,67.9000015258789,0
2012-08-15,73.0,73.0,73.0,73.0,0
2012-08-16,77.0999984741211,77.0999984741211,77.0999984741211,77.0999984741211,0
2012-08-17,74.0,74.0,74.0,74.0,0
2012-08-20,70.19999694824219,70.19999694824219,70.19999694824219,70.19999694824219,0
2012-08-21,70.0,70.0,70.0,70.0,0
2012-08-22,66.80000305175781,66.80000305175781,66.80000305175781,66.80000305175781,0
2012-08-23,65.5,65.5,65.5,65.5,0
2012-08-24,66.4000015258789,66.4000015258789,66.4000015258789,66.4000015258789,0
2012-08-27,66.30000305175781,66.30000305175781,66.30000305175781,66.30000305175781,0
2012-08-28,64.30000305175781,64.30000305175781,64.30000305175781,64.30000305175781,0
2012-08-29,64.9000015258789,64.9000015258789,64.9000015258789,64.9000015258789,0
2012-08-30,68.0,68.0,68.0,68.0,0
2012-08-31,68.69999694824219,68.69999694824219,68.69999694824219,68.69999694824219,0
2012-09-04,67.0999984741211,67.0999984741211,67.0999984741211,67.0999984741211,0
2012-09-05,68.5,68.5,68.5,68.5,0
2012-09-06,71.0,71.0,71.0,71.0,0
2012-09-07,68.4000015258789,68.4000015258789,68.4000015258789,68.4000015258789,0
2012-09-10,68.19999694824219,68.19999694824219,68.19999694824219,68.19999694824219,0
2012-09-11,67.9000015258789,67.9000015258789,67.9000015258789,67.9000015258789,0
2012-09-12,69.9000015258789,69.9000015258789,69.9000015258789,69.9000015258789,0
2012-09-13,65.4000015258789,65.4000015258789,65.4000015258789,65.4000015258789,0
2012-09-14,68.30000305175781,68.30000305175781,68.30000305175781,68.30000305175781,0
2012-09-17,64.4000015258789,64.4000015258789,64.4000015258789,64.4000015258789,0
2012-09-18,59.79999923706055,59.79999923706055,59.79999923706055,59.79999923706055,0
2012-09-19,57.5,57.5,57.5,57.5,0
2012-09-20,59.70000076293945,59.70000076293945,59.70000076293945,59.70000076293945,0
2012-09-21,59.599998474121094,59.599998474121094,59.599998474121094,59.599998474121094,0
2012-09-24,57.5,57.5,57.5,57.5,0
2012-09-25,57.599998474121094,57.599998474121094,57.599998474121094,57.599998474121094,0
2012-09-26,58.5,58.5,58.5,58.5,0
2012-09-27,61.08000183105469,61.08000183105469,61.08000183105469,61.08000183105469,0
2012-09-28,60.470001220703125,60.470001220703125,60.470001220703125,60.470001220703125,0
2012-10-01,59.400001525878906,59.400001525878906,59.400001525878906,59.400001525878906,0
2012-10-02,60.400001525878906,60.400001525878906,60.400001525878906,60.400001525878906,0
2012-10-03,59.20000076293945,59.20000076293945,59.20000076293945,59.20000076293945,0
2012-10-04,59.79999923706055,59.79999923706055,59.79999923706055,59.79999923706055,0
2012-10-05,60.400001525878906,60.400001525878906,60.400001525878906,60.400001525878906,0
2012-10-09,59.29999923706055,59.29999923706055,59.29999923706055,59.29999923706055,0
2012-10-10,59.599998474121094,59.599998474121094,59.599998474121094,59.599998474121094,0
2012-10-11,61.400001525878906,61.400001525878906,61.400001525878906,61.400001525878906,0
2012-10-12,61.400001525878906,61.400001525878906,61.400001525878906,61.400001525878906,0
2012-10-15,63.0,63.0,63.0,63.0,0
2012-10-16,64.80000305175781,64.80000305175781,64.80000305175781,64.80000305175781,0
2012-10-17,68.69999694824219,68.69999694824219,68.69999694824219,68.69999694824219,0
2012-10-18,69.0,69.0,69.0,69.0,0
2012-10-19,68.5,68.5,68.5,68.5,0
2012-10-22,69.80000305175781,69.80000305175781,69.80000305175781,69.80000305175781,0
2012-10-23,68.9000015258789,68.9000015258789,68.9000015258789,68.9000015258789,0
2012-10-24,67.0999984741211,67.0999984741211,67.0999984741211,67.0999984741211,0
2012-10-25,73.0999984741211,73.0999984741211,73.0999984741211,73.0999984741211,0
2012-10-26,73.0,73.0,73.0,73.0,0
2012-10-31,71.43000030517578,71.43000030517578,71.43000030517578,71.43000030517578,0
2012-11-01,72.0,72.0,72.0,72.0,0
2012-11-02,72.30000305175781,72.30000305175781,72.30000305175781,72.30000305175781,0
2012-11-05,68.61000061035156,68.61000061035156,68.61000061035156,68.61000061035156,0
2012-11-06,69.30000305175781,69.30000305175781,69.30000305175781,69.30000305175781,0
2012-11-07,60.900001525878906,60.900001525878906,60.900001525878906,60.900001525878906,0
2012-11-08,59.099998474121094,59.099998474121094,59.099998474121094,59.099998474121094,0
2012-11-09,59.099998474121094,59.099998474121094,59.099998474121094,59.099998474121094,0
2012-11-13,57.29999923706055,57.29999923706055,57.29999923706055,57.29999923706055,0
2012-11-14,56.84000015258789,56.84000015258789,56.84000015258789,56.84000015258789,0
2012-11-15,55.599998474121094,55.599998474121094,55.599998474121094,55.599998474121094,0
2012-11-16,54.97999954223633,54.97999954223633,54.97999954223633,54.97999954223633,0
2012-11-19,54.70000076293945,54.70000076293945,54.70000076293945,54.70000076293945,0
2012-11-20,53.70000076293945,53.70000076293945,53.70000076293945,53.70000076293945,0
2012-11-21,53.900001525878906,53.900001525878906,53.900001525878906,53.900001525878906,0
2012-11-27,51.70000076293945,51.70000076293945,51.70000076293945,51.70000076293945,0
2012-11-28,52.29999923706055,52.29999923706055,52.29999923706055,52.29999923706055,0
2012-11-29,51.70000076293945,51.70000076293945,51.70000076293945,51.70000076293945,0
2012-11-30,51.79999923706055,51.79999923706055,51.79999923706055,51.79999923706055,0
2012-12-03,51.02000045776367,51.02000045776367,51.02000045776367,51.02000045776367,0
2012-12-04,51.70000076293945,51.70000076293945,51.70000076293945,51.70000076293945,0
2012-12-05,52.29999923706055,52.29999923706055,52.29999923706055,52.29999923706055,0
2012-12-06,53.29999923706055,53.29999923706055,53.29999923706055,53.29999923706055,0
2012-12-10,52.25,52.25,52.25,52.25,0
2012-12-11,51.599998474121094,51.599998474121094,51.599998474121094,51.599998474121094,0
2012-12-12,53.599998474121094,53.599998474121094,53.599998474121094,53.599998474121094,0
2012-12-14,52.79999923706055,52.79999923706055,52.79999923706055,52.79999923706055,0
2012-12-17,57.099998474121094,57.099998474121094,57.099998474121094,57.099998474121094,0
2012-12-18,63.0,63.0,63.0,63.0,0
2012-12-19,57.79999923706055,57.79999923706055,57.79999923706055,57.79999923706055,0
2012-12-20,54.400001525878906,54.400001525878906,54.400001525878906,54.400001525878906,0
2012-12-21,55.29999923706055,55.29999923706055,55.29999923706055,55.29999923706055,0
2012-12-24,54.900001525878906,54.900001525878906,54.900001525878906,54.900001525878906,0
2012-12-26,54.5,54.5,54.5,54.5,0
2012-12-27,55.0,55.0,55.0,55.0,0
2012-12-28,56.70000076293945,56.70000076293945,56.70000076293945,56.70000076293945,0
2012-12-31,59.400001525878906,59.400001525878906,59.400001525878906,59.400001525878906,0
2013-01-02,61.099998474121094,61.099998474121094,61.099998474121094,61.099998474121094,0
2013-01-03,63.5,63.5,63.5,63.5,0
2013-01-04,62.0,62.0,62.0,62.0,0
2013-01-07,59.900001525878906,59.900001525878906,59.900001525878906,59.900001525878906,0
2013-01-08,58.599998474121094,58.599998474121094,58.599998474121094,58.599998474121094,0
2013-01-09,56.29999923706055,56.29999923706055,56.29999923706055,56.29999923706055,0
2013-01-10,58.20000076293945,58.20000076293945,58.20000076293945,58.20000076293945,0
2013-01-11,59.20000076293945,59.20000076293945,59.20000076293945,59.20000076293945,0
2013-01-14,55.79999923706055,55.79999923706055,55.79999923706055,55.79999923706055,0
2013-01-15,53.099998474121094,53.099998474121094,53.099998474121094,53.099998474121094,0
2013-01-16,53.20000076293945,53.20000076293945,53.20000076293945,53.20000076293945,0
2013-01-17,56.900001525878906,56.900001525878906,56.900001525878906,56.900001525878906,0
2013-01-18,55.849998474121094,55.849998474121094,55.849998474121094,55.849998474121094,0
2013-01-22,61.88999938964844,61.88999938964844,61.88999938964844,61.88999938964844,0
2013-01-23,53.599998474121094,53.599998474121094,53.599998474121094,53.599998474121094,0
2013-01-24,55.29999923706055,55.29999923706055,55.29999923706055,55.29999923706055,0
2013-01-25,66.19999694824219,66.19999694824219,66.19999694824219,66.19999694824219,0
2013-01-28,63.70000076293945,63.70000076293945,63.70000076293945,63.70000076293945,0
2013-01-29,62.400001525878906,62.400001525878906,62.400001525878906,62.400001525878906,0
2013-01-30,66.4000015258789,66.4000015258789,66.4000015258789,66.4000015258789,0
2013-01-31,65.5999984741211,65.5999984741211,65.5999984741211,65.5999984741211,0
2013-02-01,65.0,65.0,65.0,65.0,0
2013-02-04,63.099998474121094,63.099998474121094,63.099998474121094,63.099998474121094,0
2013-02-05,64.80000305175781,64.80000305175781,64.80000305175781,64.80000305175781,0
2013-02-06,62.79999923706055,62.79999923706055,62.79999923706055,62.79999923706055,0
2013-02-07,59.900001525878906,59.900001525878906,59.900001525878906,59.900001525878906,0
2013-02-08,61.5,61.5,61.5,61.5,0
2013-02-11,60.0,60.0,60.0,60.0,0
2013-02-12,59.79999923706055,59.79999923706055,59.79999923706055,59.79999923706055,0
2013-02-13,61.70000076293945,61.70000076293945,61.70000076293945,61.70000076293945,0
2013-02-14,59.099998474121094,59.099998474121094,59.099998474121094,59.099998474121094,0
2013-02-15,59.099998474121094,59.099998474121094,59.099998474121094,59.099998474121094,0
2013-02-19,58.400001525878906,58.400001525878906,58.400001525878906,58.400001525878906,0
2013-02-20,57.900001525878906,57.900001525878906,57.900001525878906,57.900001525878906,0
2013-02-21,59.70000076293945,59.70000076293945,59.70000076293945,59.70000076293945,0
2013-02-22,58.599998474121094,58.599998474121094,58.599998474121094,58.599998474121094,0
2013-02-25,60.0,60.0,60.0,60.0,0
2013-02-26,58.0,58.0,58.0,58.0,0
2013-02-27,58.40999984741211,58.40999984741211,58.40999984741211,58.40999984741211,0
2013-02-28,55.880001068115234,55.880001068115234,55.880001068115234,55.880001068115234,0
2013-03-01,55.0,55.0,55.0,55.0,0
2013-03-04,53.900001525878906,53.900001525878906,53.900001525878906,53.900001525878906,0
2013-03-05,56.5,56.5,56.5,56.5,0
2013-03-07,60.5,60.5,60.5,60.5,0
2013-03-08,58.099998474121094,58.099998474121094,58.099998474121094,58.099998474121094,0
2013-03-11,55.06999969482422,55.06999969482422,55.06999969482422,55.06999969482422,0
2013-03-12,53.70000076293945,53.70000076293945,53.70000076293945,53.70000076293945,0
2013-03-13,54.599998474121094,54.599998474121094,54.599998474121094,54.599998474121094,0
2013-03-14,56.0,56.0,56.0,56.0,0
2013-03-15,55.79999923706055,55.79999923706055,55.79999923706055,55.79999923706055,0
2013-03-25,57.66999816894531,57.66999816894531,57.66999816894531,57.66999816894531,0
2013-03-26,56.099998474121094,56.099998474121094,56.099998474121094,56.099998474121094,0
2013-03-28,57.29999923706055,57.29999923706055,57.29999923706055,57.29999923706055,0
2013-04-01,56.20000076293945,56.20000076293945,56.20000076293945,56.20000076293945,0
2013-04-02,56.0,56.0,56.0,56.0,0
2013-04-03,57.900001525878906,57.900001525878906,57.900001525878906,57.900001525878906,0
2013-04-04,56.900001525878906,56.900001525878906,56.900001525878906,56.900001525878906,0
2013-04-05,54.79999923706055,54.79999923706055,54.79999923706055,54.79999923706055,0
2013-04-08,54.900001525878906,54.900001525878906,54.900001525878906,54.900001525878906,0
2013-04-09,52.70000076293945,52.70000076293945,52.70000076293945,52.70000076293945,0
2013-04-10,53.900001525878906,53.900001525878906,53.900001525878906,53.900001525878906,0
2013-04-11,52.599998474121094,52.599998474121094,52.599998474121094,52.599998474121094,0
2013-04-12,53.099998474121094,53.099998474121094,53.099998474121094,53.099998474121094,0
2013-04-15,52.29999923706055,52.29999923706055,52.29999923706055,52.29999923706055,0
2013-04-16,51.900001525878906,51.900001525878906,51.900001525878906,51.900001525878906,0
2013-04-17,52.0,52.0,52.0,52.0,0
2013-04-18,51.29999923706055,51.29999923706055,51.29999923706055,51.29999923706055,0
2013-04-19,51.29999923706055,51.29999923706055,51.29999923706055,51.29999923706055,0
2013-04-22,50.599998474121094,50.599998474121094,50.599998474121094,50.599998474121094,0
2013-04-23,50.0,50.0,50.0,50.0,0
2013-04-24,49.79999923706055,49.79999923706055,49.79999923706055,49.79999923706055,0
2013-04-25,49.400001525878906,49.400001525878906,49.400001525878906,49.400001525878906,0
2013-04-26,50.20000076293945,50.20000076293945,50.20000076293945,50.20000076293945,0
2013-04-29,49.599998474121094,49.599998474121094,49.599998474121094,49.599998474121094,0
2013-04-30,49.20000076293945,49.20000076293945,49.20000076293945,49.20000076293945,0
2013-05-01,49.0,49.0,49.0,49.0,0
2013-05-02,49.0,49.0,49.0,49.0,0
2013-05-06,49.4900016784668,49.4900016784668,49.4900016784668,49.4900016784668,0
2013-05-07,49.4900016784668,49.4900016784668,49.4900016784668,49.4900016784668,0
2013-05-08,49.4900016784668,49.4900016784668,49.4900016784668,49.4900016784668,0
2013-05-09,48.869998931884766,48.869998931884766,48.869998931884766,48.869998931884766,0
2013-05-10,55.31999969482422,55.31999969482422,55.31999969482422,55.31999969482422,0
2013-05-13,56.5099983215332,56.5099983215332,56.5099983215332,56.5099983215332,0
2013-05-14,57.7400016784668,57.7400016784668,57.7400016784668,57.7400016784668,0
2013-05-17,61.29999923706055,61.29999923706055,61.29999923706055,61.29999923706055,0
2013-05-20,60.5,60.5,60.5,60.5,0
2013-05-21,59.79999923706055,59.79999923706055,59.79999923706055,59.79999923706055,0
2013-05-22,65.4000015258789,65.4000015258789,65.4000015258789,65.4000015258789,0
2013-05-23,68.19999694824219,68.19999694824219,68.19999694824219,68.19999694824219,0
2013-05-24,65.0999984741211,65.0999984741211,65.0999984741211,65.0999984741211,0
2013-05-28,75.5,75.5,75.5,75.5,0
2013-05-29,81.19999694824219,81.19999694824219,81.19999694824219,81.19999694824219,0
2013-05-30,77.4000015258789,77.4000015258789,77.4000015258789,77.4000015258789,0
2013-05-31,80.0,80.0,80.0,80.0,0
2013-06-03,79.19999694824219,79.19999694824219,79.19999694824219,79.19999694824219,0
2013-06-04,82.80000305175781,82.80000305175781,82.80000305175781,82.80000305175781,0
2013-06-05,83.5999984741211,83.5999984741211,83.5999984741211,83.5999984741211,0
2013-06-06,84.69999694824219,84.69999694824219,84.69999694824219,84.69999694824219,0
2013-06-07,81.5,81.5,81.5,81.5,0
2013-06-10,84.69999694824219,84.69999694824219,84.69999694824219,84.69999694824219,0
2013-06-11,82.30000305175781,82.30000305175781,82.30000305175781,82.30000305175781,0
2013-06-12,81.9000015258789,81.9000015258789,81.9000015258789,81.9000015258789,0
2013-06-13,82.4000015258789,82.4000015258789,82.4000015258789,82.4000015258789,0
2013-06-14,78.5,78.5,78.5,78.5,0
2013-06-17,78.5,78.5,78.5,78.5,0
2013-06-18,81.0,81.0,81.0,81.0,0
2013-06-19,86.9000015258789,86.9000015258789,86.9000015258789,86.9000015258789,0
2013-06-20,96.0,96.0,96.0,96.0,0
2013-06-21,103.69999694824219,103.69999694824219,103.69999694824219,103.69999694824219,0
2013-06-24,111.0,111.0,111.0,111.0,0
2013-06-25,108.4000015258789,108.4000015258789,108.4000015258789,108.4000015258789,0
2013-06-26,103.5,103.5,103.5,103.5,0
2013-06-27,97.0999984741211,97.0999984741211,97.0999984741211,97.0999984741211,0
2013-06-28,99.80000305175781,99.80000305175781,99.80000305175781,99.80000305175781,0
2013-07-01,101.30000305175781,101.30000305175781,101.30000305175781,101.30000305175781,0
2013-07-03,109.30000305175781,109.30000305175781,109.30000305175781,109.30000305175781,0
2013-07-05,117.9000015258789,117.9000015258789,117.9000015258789,117.9000015258789,0
2013-07-08,107.80000305175781,107.80000305175781,107.80000305175781,107.80000305175781,0
2013-07-09,99.5,99.5,99.5,99.5,0
2013-07-10,99.0,99.0,99.0,99.0,0
2013-07-11,93.5,93.5,93.5,93.5,0
2013-07-12,94.5,94.5,94.5,94.5,0
2013-07-15,89.4000015258789,89.4000015258789,89.4000015258789,89.4000015258789,0
2013-07-16,88.0,88.0,88.0,88.0,0
2013-07-17,81.9000015258789,81.9000015258789,81.9000015258789,81.9000015258789,0
2013-07-18,77.4000015258789,77.4000015258789,77.4000015258789,77.4000015258789,0
2013-07-19,75.9000015258789,75.9000015258789,75.9000015258789,75.9000015258789,0
2013-07-22,72.5999984741211,72.5999984741211,72.5999984741211,72.5999984741211,0
2013-07-23,74.0999984741211,74.0999984741211,74.0999984741211,74.0999984741211,0
2013-07-24,80.19999694824219,80.19999694824219,80.19999694824219,80.19999694824219,0
2013-07-25,82.5999984741211,82.5999984741211,82.5999984741211,82.5999984741211,0
2013-07-26,81.5999984741211,81.5999984741211,81.5999984741211,81.5999984741211,0
2013-07-29,83.19999694824219,83.19999694824219,83.19999694824219,83.19999694824219,0
2013-07-30,83.30000305175781,83.30000305175781,83.30000305175781,83.30000305175781,0
2013-07-31,82.5999984741211,82.5999984741211,82.5999984741211,82.5999984741211,0
2013-08-01,91.4000015258789,91.4000015258789,91.4000015258789,91.4000015258789,0
2013-08-02,73.19999694824219,73.19999694824219,73.19999694824219,73.19999694824219,0
2013-08-05,72.69999694824219,72.69999694824219,72.69999694824219,72.69999694824219,0
2013-08-06,78.19999694824219,78.19999694824219,78.19999694824219,78.19999694824219,0
2013-08-07,75.4000015258789,75.4000015258789,75.4000015258789,75.4000015258789,0
2013-08-08,75.4000015258789,75.4000015258789,75.4000015258789,75.4000015258789,0
2013-08-09,75.4000015258789,75.4000015258789,75.4000015258789,75.4000015258789,0
2013-08-12,74.0999984741211,74.0999984741211,74.0999984741211,74.0999984741211,0
2013-08-13,81.69999694824219,81.69999694824219,81.69999694824219,81.69999694824219,0
2013-08-14,80.9000015258789,80.9000015258789,80.9000015258789,80.9000015258789,0
2013-08-15,86.69999694824219,86.69999694824219,86.69999694824219,86.69999694824219,0
2013-08-16,94.69999694824219,94.69999694824219,94.69999694824219,94.69999694824219,0
2013-08-19,99.5,99.5,99.5,99.5,0
2013-08-20,95.69999694824219,95.69999694824219,95.69999694824219,95.69999694824219,0
2013-08-21,98.80000305175781,98.80000305175781,98.80000305175781,98.80000305175781,0
2013-08-22,98.30000305175781,98.30000305175781,98.30000305175781,98.30000305175781,0
2013-08-23,99.80000305175781,99.80000305175781,99.80000305175781,99.80000305175781,0
2013-08-26,95.80000305175781,95.80000305175781,95.80000305175781,95.80000305175781,0
2013-08-27,94.9000015258789,94.9000015258789,94.9000015258789,94.9000015258789,0
2013-08-29,98.80000305175781,98.80000305175781,98.80000305175781,98.80000305175781,0
2013-08-30,103.5,103.5,103.5,103.5,0
2013-09-03,105.80000305175781,105.80000305175781,105.80000305175781,105.80000305175781,0
2013-09-05,111.4000015258789,111.4000015258789,111.4000015258789,111.4000015258789,0
2013-09-06,105.5,105.5,105.5,105.5,0
2013-09-09,100.69999694824219,100.69999694824219,100.69999694824219,100.69999694824219,0
2013-09-10,101.80000305175781,101.80000305175781,101.80000305175781,101.80000305175781,0
2013-09-11,98.0,98.0,98.0,98.0,0
2013-09-12,96.4000015258789,96.4000015258789,96.4000015258789,96.4000015258789,0
2013-09-13,96.19999694824219,96.19999694824219,96.19999694824219,96.19999694824219,0
2013-09-16,94.5,94.5,94.5,94.5,0
2013-09-17,90.80000305175781,90.80000305175781,90.80000305175781,90.80000305175781,0
2013-09-18,82.69999694824219,82.69999694824219,82.69999694824219,82.69999694824219,0
2013-09-19,80.30000305175781,80.30000305175781,80.30000305175781,80.30000305175781,0
2013-09-20,77.69999694824219,77.69999694824219,77.69999694824219,77.69999694824219,0
2013-09-23,75.30000305175781,75.30000305175781,75.30000305175781,75.30000305175781,0
2013-09-24,74.80000305175781,74.80000305175781,74.80000305175781,74.80000305175781,0
2013-09-25,75.30000305175781,75.30000305175781,75.30000305175781,75.30000305175781,0
2013-09-26,77.5999984741211,77.5999984741211,77.5999984741211,77.5999984741211,0
2013-09-27,78.0,78.0,78.0,78.0,0
2013-09-30,80.19999694824219,80.19999694824219,80.19999694824219,80.19999694824219,0
2013-10-01,87.4000015258789,87.4000015258789,87.4000015258789,87.4000015258789,0
2013-10-02,82.19999694824219,82.19999694824219,82.19999694824219,82.19999694824219,0
2013-10-03,80.30000305175781,80.30000305175781,80.30000305175781,80.30000305175781,0
2013-10-04,82.5,82.5,82.5,82.5,0
2013-10-07,80.30000305175781,80.30000305175781,80.30000305175781,80.30000305175781,0
2013-10-08,81.0999984741211,81.0999984741211,81.0999984741211,81.0999984741211,0
2013-10-09,80.80000305175781,80.80000305175781,80.80000305175781,80.80000305175781,0
2013-10-10,80.0999984741211,80.0999984741211,80.0999984741211,80.0999984741211,0
2013-10-11,77.0999984741211,77.0999984741211,77.0999984741211,77.0999984741211,0
2013-10-15,75.80000305175781,75.80000305175781,75.80000305175781,75.80000305175781,0
2013-10-16,73.19999694824219,73.19999694824219,73.19999694824219,73.19999694824219,0
2013-10-17,70.0999984741211,70.0999984741211,70.0999984741211,70.0999984741211,0
2013-10-18,72.5,72.5,72.5,72.5,0
2013-10-21,71.5,71.5,71.5,71.5,0
2013-10-22,63.099998474121094,63.099998474121094,63.099998474121094,63.099998474121094,0
2013-10-23,62.0,62.0,62.0,62.0,0
2013-10-24,63.099998474121094,63.099998474121094,63.099998474121094,63.099998474121094,0
2013-10-25,61.13999938964844,61.13999938964844,61.13999938964844,61.13999938964844,0
2013-10-28,58.5,58.5,58.5,58.5,0
2013-10-29,58.79999923706055,58.79999923706055,58.79999923706055,58.79999923706055,0
2013-10-30,60.599998474121094,60.599998474121094,60.599998474121094,60.599998474121094,0
2013-10-31,61.70000076293945,61.70000076293945,61.70000076293945,61.70000076293945,0
2013-11-01,69.5999984741211,69.5999984741211,69.5999984741211,69.5999984741211,0
2013-11-04,64.20999908447266,64.20999908447266,64.20999908447266,64.20999908447266,0
2013-11-05,68.5999984741211,68.5999984741211,68.5999984741211,68.5999984741211,0
2013-11-06,67.0999984741211,67.0999984741211,67.0999984741211,67.0999984741211,0
2013-11-07,66.5,66.5,66.5,66.5,0
2013-11-08,69.9000015258789,69.9000015258789,69.9000015258789,69.9000015258789,0
2013-11-12,69.5999984741211,69.5999984741211,69.5999984741211,69.5999984741211,0
2013-11-13,65.80000305175781,65.80000305175781,65.80000305175781,65.80000305175781,0
2013-11-14,61.900001525878906,61.900001525878906,61.900001525878906,61.900001525878906,0
2013-11-15,62.20000076293945,62.20000076293945,62.20000076293945,62.20000076293945,0
2013-11-18,58.29999923706055,58.29999923706055,58.29999923706055,58.29999923706055,0
2013-11-19,62.29999923706055,62.29999923706055,62.29999923706055,62.29999923706055,0
2013-11-20,66.5,66.5,66.5,66.5,0
2013-11-21,68.4000015258789,68.4000015258789,68.4000015258789,68.4000015258789,0
2013-11-22,66.80000305175781,66.80000305175781,66.80000305175781,66.80000305175781,0
2013-11-25,65.0999984741211,65.0999984741211,65.0999984741211,65.0999984741211,0
2013-11-26,65.30000305175781,65.30000305175781,65.30000305175781,65.30000305175781,0
2013-11-27,67.80000305175781,67.80000305175781,67.80000305175781,67.80000305175781,0
2013-11-29,68.0,68.0,68.0,68.0,0
2013-12-02,73.0999984741211,73.0999984741211,73.0999984741211,73.0999984741211,0
2013-12-03,72.0999984741211,72.0999984741211,72.0999984741211,72.0999984741211,0
2013-12-04,75.80000305175781,75.80000305175781,75.80000305175781,75.80000305175781,0
2013-12-05,76.0999984741211,76.0999984741211,76.0999984741211,76.0999984741211,0
2013-12-06,69.19999694824219,69.19999694824219,69.19999694824219,69.19999694824219,0
2013-12-09,67.80000305175781,67.80000305175781,67.80000305175781,67.80000305175781,0
2013-12-10,70.5,70.5,70.5,70.5,0
2013-12-12,72.80000305175781,72.80000305175781,72.80000305175781,72.80000305175781,0
2013-12-13,72.5999984741211,72.5999984741211,72.5999984741211,72.5999984741211,0
2013-12-16,69.9000015258789,69.9000015258789,69.9000015258789,69.9000015258789,0
2013-12-17,68.5,68.5,68.5,68.5,0
2013-12-18,65.0,65.0,65.0,65.0,0
2013-12-19,67.69999694824219,67.69999694824219,67.69999694824219,67.69999694824219,0
2013-12-20,67.30000305175781,67.30000305175781,67.30000305175781,67.30000305175781,0
2013-12-23,66.19999694824219,66.19999694824219,66.19999694824219,66.19999694824219,0
2013-12-24,67.80000305175781,67.80000305175781,67.80000305175781,67.80000305175781,0
2013-12-26,66.80000305175781,66.80000305175781,66.80000305175781,66.80000305175781,0
2013-12-27,65.80000305175781,65.80000305175781,65.80000305175781,65.80000305175781,0
2013-12-30,69.0999984741211,69.0999984741211,69.0999984741211,69.0999984741211,0
2013-12-31,73.5,73.5,73.5,73.5,0
2014-01-02,73.4000015258789,73.4000015258789,73.4000015258789,73.4000015258789,0
2014-01-03,72.69999694824219,72.69999694824219,72.69999694824219,72.69999694824219,0
2014-01-06,69.9000015258789,69.9000015258789,69.9000015258789,69.9000015258789,0
2014-01-07,73.80000305175781,73.80000305175781,73.80000305175781,73.80000305175781,0
2014-01-08,75.30000305175781,75.30000305175781,75.30000305175781,75.30000305175781,0
2014-01-09,73.69999694824219,73.69999694824219,73.69999694824219,73.69999694824219,0
2014-01-10,61.20000076293945,61.20000076293945,61.20000076293945,61.20000076293945,0
2014-01-13,58.900001525878906,58.900001525878906,58.900001525878906,58.900001525878906,0
2014-01-14,61.599998474121094,61.599998474121094,61.599998474121094,61.599998474121094,0
2014-01-15,60.79999923706055,60.79999923706055,60.79999923706055,60.79999923706055,0
2014-01-16,60.79999923706055,60.79999923706055,60.79999923706055,60.79999923706055,0
2014-01-17,60.29999923706055,60.29999923706055,60.29999923706055,60.29999923706055,0
2014-01-21,59.5,59.5,59.5,59.5,0
2014-01-22,60.5,60.5,60.5,60.5,0
2014-01-23,62.20000076293945,62.20000076293945,62.20000076293945,62.20000076293945,0
2014-01-24,63.5,63.5,63.5,63.5,0
2014-01-27,64.19999694824219,64.19999694824219,64.19999694824219,64.19999694824219,0
2014-01-28,64.5,64.5,64.5,64.5,0
2014-01-29,64.5,64.5,64.5,64.5,0
2014-01-31,64.69999694824219,64.69999694824219,64.69999694824219,64.69999694824219,0
2014-02-04,66.80000305175781,66.80000305175781,66.80000305175781,66.80000305175781,0
2014-02-06,67.19999694824219,67.19999694824219,67.19999694824219,67.19999694824219,0
2014-02-07,64.69999694824219,64.69999694824219,64.69999694824219,64.69999694824219,0
2014-02-10,62.29999923706055,62.29999923706055,62.29999923706055,62.29999923706055,0
2014-02-11,61.5,61.5,61.5,61.5,0
2014-02-12,61.0,61.0,61.0,61.0,0
2014-02-13,58.099998474121094,58.099998474121094,58.099998474121094,58.099998474121094,0
2014-02-14,57.29999923706055,57.29999923706055,57.29999923706055,57.29999923706055,0
2014-02-18,56.0,56.0,56.0,56.0,0
2014-02-19,57.29999923706055,57.29999923706055,57.29999923706055,57.29999923706055,0
2014-02-20,58.70000076293945,58.70000076293945,58.70000076293945,58.70000076293945,0
2014-02-21,58.400001525878906,58.400001525878906,58.400001525878906,58.400001525878906,0
2014-02-24,57.400001525878906,57.400001525878906,57.400001525878906,57.400001525878906,0
2014-02-25,56.79999923706055,56.79999923706055,56.79999923706055,56.79999923706055,0
2014-02-26,57.79999923706055,57.79999923706055,57.79999923706055,57.79999923706055,0
2014-02-27,58.099998474121094,58.099998474121094,58.099998474121094,58.099998474121094,0
2014-02-28,57.70000076293945,57.70000076293945,57.70000076293945,57.70000076293945,0
2014-03-03,57.79999923706055,57.79999923706055,57.79999923706055,57.79999923706055,0
2014-03-04,63.20000076293945,63.20000076293945,63.20000076293945,63.20000076293945,0
2014-03-05,60.79999923706055,60.79999923706055,60.79999923706055,60.79999923706055,0
2014-03-06,61.0,61.0,61.0,61.0,0
2014-03-07,58.20000076293945,58.20000076293945,58.20000076293945,58.20000076293945,0
2014-03-10,55.70000076293945,55.70000076293945,55.70000076293945,55.70000076293945,0
2014-03-11,55.5099983215332,55.5099983215332,55.5099983215332,55.5099983215332,0
2014-03-12,55.099998474121094,55.099998474121094,55.099998474121094,55.099998474121094,0
2014-03-13,57.47999954223633,57.47999954223633,57.47999954223633,57.47999954223633,0
2014-03-14,62.84000015258789,62.84000015258789,62.84000015258789,62.84000015258789,0
2014-03-17,61.79999923706055,61.79999923706055,61.79999923706055,61.79999923706055,0
2014-03-18,59.209999084472656,59.209999084472656,59.209999084472656,59.209999084472656,0
2014-03-19,65.5999984741211,65.5999984741211,65.5999984741211,65.5999984741211,0
2014-03-20,60.79999923706055,60.79999923706055,60.79999923706055,60.79999923706055,0
2014-03-21,60.79999923706055,60.79999923706055,60.79999923706055,60.79999923706055,0
2014-03-24,58.70000076293945,58.70000076293945,58.70000076293945,58.70000076293945,0
2014-03-25,58.34000015258789,58.34000015258789,58.34000015258789,58.34000015258789,0
2014-03-26,57.79999923706055,57.79999923706055,57.79999923706055,57.79999923706055,0
2014-03-27,59.400001525878906,59.400001525878906,59.400001525878906,59.400001525878906,0
2014-03-28,61.900001525878906,61.900001525878906,61.900001525878906,61.900001525878906,0
2014-03-31,61.79999923706055,61.79999923706055,61.79999923706055,61.79999923706055,0
2014-04-01,61.5,61.5,61.5,61.5,0
2014-04-02,66.30000305175781,66.30000305175781,66.30000305175781,66.30000305175781,0
2014-04-03,65.19999694824219,65.19999694824219,65.19999694824219,65.19999694824219,0
2014-04-04,58.79999923706055,58.79999923706055,58.79999923706055,58.79999923706055,0
2014-04-07,58.79999923706055,58.79999923706055,58.79999923706055,58.79999923706055,0
2014-04-08,55.900001525878906,55.900001525878906,55.900001525878906,55.900001525878906,0
2014-04-09,54.70000076293945,54.70000076293945,54.70000076293945,54.70000076293945,0
2014-04-10,55.400001525878906,55.400001525878906,55.400001525878906,55.400001525878906,0
2014-04-11,58.599998474121094,58.599998474121094,58.599998474121094,58.599998474121094,0
2014-04-14,59.20000076293945,59.20000076293945,59.20000076293945,59.20000076293945,0
2014-04-15,59.20000076293945,59.20000076293945,59.20000076293945,59.20000076293945,0
2014-04-16,58.0,58.0,58.0,58.0,0
2014-04-17,59.5,59.5,59.5,59.5,0
2014-04-21,56.79999923706055,56.79999923706055,56.79999923706055,56.79999923706055,0
2014-04-22,57.099998474121094,57.099998474121094,57.099998474121094,57.099998474121094,0
2014-04-23,56.599998474121094,56.599998474121094,56.599998474121094,56.599998474121094,0
2014-04-24,57.79999923706055,57.79999923706055,57.79999923706055,57.79999923706055,0
2014-04-28,59.099998474121094,59.099998474121094,59.099998474121094,59.099998474121094,0
2014-04-29,59.900001525878906,59.900001525878906,59.900001525878906,59.900001525878906,0
2014-04-30,58.900001525878906,58.900001525878906,58.900001525878906,58.900001525878906,0
2014-05-01,58.84000015258789,58.84000015258789,58.84000015258789,58.84000015258789,0
2014-05-02,55.29999923706055,55.29999923706055,55.29999923706055,55.29999923706055,0
2014-05-05,55.29999923706055,55.29999923706055,55.29999923706055,55.29999923706055,0
2014-05-06,58.70000076293945,58.70000076293945,58.70000076293945,58.70000076293945,0
2014-05-07,57.29999923706055,57.29999923706055,57.29999923706055,57.29999923706055,0
2014-05-09,56.099998474121094,56.099998474121094,56.099998474121094,56.099998474121094,0
2014-05-12,56.20000076293945,56.20000076293945,56.20000076293945,56.20000076293945,0
2014-05-13,56.099998474121094,56.099998474121094,56.099998474121094,56.099998474121094,0
2014-05-15,55.70000076293945,55.70000076293945,55.70000076293945,55.70000076293945,0
2014-05-16,58.70000076293945,58.70000076293945,58.70000076293945,58.70000076293945,0
2014-05-19,58.20000076293945,58.20000076293945,58.20000076293945,58.20000076293945,0
2014-05-20,60.0,60.0,60.0,60.0,0
2014-05-21,59.099998474121094,59.099998474121094,59.099998474121094,59.099998474121094,0
2014-05-22,58.20000076293945,58.20000076293945,58.20000076293945,58.20000076293945,0
2014-05-23,58.20000076293945,58.20000076293945,58.20000076293945,58.20000076293945,0
2014-05-27,56.79999923706055,56.79999923706055,56.79999923706055,56.79999923706055,0
2014-05-28,55.20000076293945,55.20000076293945,55.20000076293945,55.20000076293945,0
2014-05-29,56.400001525878906,56.400001525878906,56.400001525878906,56.400001525878906,0
2014-05-30,58.29999923706055,58.29999923706055,58.29999923706055,58.29999923706055,0
2014-06-02,59.70000076293945,59.70000076293945,59.70000076293945,59.70000076293945,0
2014-06-03,60.900001525878906,60.900001525878906,60.900001525878906,60.900001525878906,0
2014-06-04,64.9000015258789,64.9000015258789,64.9000015258789,64.9000015258789,0
2014-06-05,65.0999984741211,65.0999984741211,65.0999984741211,65.0999984741211,0
2014-06-06,59.29999923706055,59.29999923706055,59.29999923706055,59.29999923706055,0
2014-06-09,57.29999923706055,57.29999923706055,57.29999923706055,57.29999923706055,0
2014-06-10,56.900001525878906,56.900001525878906,56.900001525878906,56.900001525878906,0
2014-06-11,55.400001525878906,55.400001525878906,55.400001525878906,55.400001525878906,0
2014-06-13,58.400001525878906,58.400001525878906,58.400001525878906,58.400001525878906,0
2014-06-17,58.400001525878906,58.400001525878906,58.400001525878906,58.400001525878906,0
2014-06-18,59.400001525878906,59.400001525878906,59.400001525878906,59.400001525878906,0
2014-06-19,55.5,55.5,55.5,55.5,0
2014-06-20,54.900001525878906,54.900001525878906,54.900001525878906,54.900001525878906,0
2014-06-23,54.599998474121094,54.599998474121094,54.599998474121094,54.599998474121094,0
2014-06-24,53.900001525878906,53.900001525878906,53.900001525878906,53.900001525878906,0
2014-06-25,54.099998474121094,54.099998474121094,54.099998474121094,54.099998474121094,0
2014-06-26,53.25,53.25,53.25,53.25,0
2014-06-27,53.29999923706055,53.29999923706055,53.29999923706055,53.29999923706055,0
2014-06-30,52.70000076293945,52.70000076293945,52.70000076293945,52.70000076293945,0
2014-07-01,53.25,53.25,53.25,53.25,0
2014-07-02,59.599998474121094,59.599998474121094,59.599998474121094,59.599998474121094,0
2014-07-03,56.900001525878906,56.900001525878906,56.900001525878906,56.900001525878906,0
2014-07-07,55.04999923706055,55.04999923706055,55.04999923706055,55.04999923706055,0
2014-07-08,54.970001220703125,54.970001220703125,54.970001220703125,54.970001220703125,0
2014-07-09,55.16999816894531,55.16999816894531,55.16999816894531,55.16999816894531,0
2014-07-10,55.599998474121094,55.599998474121094,55.599998474121094,55.599998474121094,0
2014-07-11,54.79999923706055,54.79999923706055,54.79999923706055,54.79999923706055,0
2014-07-14,54.400001525878906,54.400001525878906,54.400001525878906,54.400001525878906,0
2014-07-15,54.0,54.0,54.0,54.0,0
2014-07-16,52.900001525878906,52.900001525878906,52.900001525878906,52.900001525878906,0
2014-07-17,54.5,54.5,54.5,54.5,0
2014-07-18,54.400001525878906,54.400001525878906,54.400001525878906,54.400001525878906,0
2014-07-21,53.849998474121094,53.849998474121094,53.849998474121094,53.849998474121094,0
2014-07-22,53.79999923706055,53.79999923706055,53.79999923706055,53.79999923706055,0
2014-07-23,53.400001525878906,53.400001525878906,53.400001525878906,53.400001525878906,0
2014-07-24,54.2599983215332,54.2599983215332,54.2599983215332,54.2599983215332,0
2014-07-25,54.43000030517578,54.43000030517578,54.43000030517578,54.43000030517578,0
2014-07-28,54.08000183105469,54.08000183105469,54.08000183105469,54.08000183105469,0
2014-07-29,53.79999923706055,53.79999923706055,53.79999923706055,53.79999923706055,0
2014-07-30,55.88999938964844,55.88999938964844,55.88999938964844,55.88999938964844,0
2014-07-31,56.459999084472656,56.459999084472656,56.459999084472656,56.459999084472656,0
2014-08-01,52.2599983215332,52.2599983215332,52.2599983215332,52.2599983215332,0
2014-08-04,52.29999923706055,52.29999923706055,52.29999923706055,52.29999923706055,0
2014-08-05,56.70000076293945,56.70000076293945,56.70000076293945,56.70000076293945,0
2014-08-06,56.91999816894531,56.91999816894531,56.91999816894531,56.91999816894531,0
2014-08-07,59.5,59.5,59.5,59.5,0
2014-08-08,62.470001220703125,62.470001220703125,62.470001220703125,62.470001220703125,0
2014-08-11,60.29999923706055,60.29999923706055,60.29999923706055,60.29999923706055,0
2014-08-12,59.369998931884766,59.369998931884766,59.369998931884766,59.369998931884766,0
2014-08-13,58.79999923706055,58.79999923706055,58.79999923706055,58.79999923706055,0
2014-08-14,58.5,58.5,58.5,58.5,0
2014-08-15,60.400001525878906,60.400001525878906,60.400001525878906,60.400001525878906,0
2014-08-18,61.689998626708984,61.689998626708984,61.689998626708984,61.689998626708984,0
2014-08-19,62.0,62.0,62.0,62.0,0
2014-08-20,62.79999923706055,62.79999923706055,62.79999923706055,62.79999923706055,0
2014-08-21,60.20000076293945,60.20000076293945,60.20000076293945,60.20000076293945,0
2014-08-22,59.84000015258789,59.84000015258789,59.84000015258789,59.84000015258789,0
2014-08-25,57.20000076293945,57.20000076293945,57.20000076293945,57.20000076293945,0
2014-08-26,56.45000076293945,56.45000076293945,56.45000076293945,56.45000076293945,0
2014-08-27,56.900001525878906,56.900001525878906,56.900001525878906,56.900001525878906,0
2014-08-28,59.79999923706055,59.79999923706055,59.79999923706055,59.79999923706055,0
2014-08-29,60.4900016784668,60.4900016784668,60.4900016784668,60.4900016784668,0
2014-09-02,61.349998474121094,61.349998474121094,61.349998474121094,61.349998474121094,0
2014-09-03,64.9000015258789,64.9000015258789,64.9000015258789,64.9000015258789,0
2014-09-04,64.9000015258789,64.9000015258789,64.9000015258789,64.9000015258789,0
2014-09-05,60.29999923706055,60.29999923706055,60.29999923706055,60.29999923706055,0
2014-09-08,60.0,60.0,60.0,60.0,0
2014-09-09,61.5,61.5,61.5,61.5,0
2014-09-10,63.20000076293945,63.20000076293945,63.20000076293945,63.20000076293945,0
2014-09-11,62.79999923706055,62.79999923706055,62.79999923706055,62.79999923706055,0
2014-09-12,65.5999984741211,65.5999984741211,65.5999984741211,65.5999984741211,0
2014-09-15,66.0999984741211,66.0999984741211,66.0999984741211,66.0999984741211,0
2014-09-16,67.0999984741211,67.0999984741211,67.0999984741211,67.0999984741211,0
2014-09-17,62.29999923706055,62.29999923706055,62.29999923706055,62.29999923706055,0
2014-09-18,62.0,62.0,62.0,62.0,0
2014-09-19,59.79999923706055,59.79999923706055,59.79999923706055,59.79999923706055,0
2014-09-22,58.0,58.0,58.0,58.0,0
2014-09-23,57.400001525878906,57.400001525878906,57.400001525878906,57.400001525878906,0
2014-09-24,58.29999923706055,58.29999923706055,58.29999923706055,58.29999923706055,0
2014-09-25,59.099998474121094,59.099998474121094,59.099998474121094,59.099998474121094,0
2014-09-26,64.5,64.5,64.5,64.5,0
2014-09-29,62.29999923706055,62.29999923706055,62.29999923706055,62.29999923706055,0
2014-09-30,64.19999694824219,64.19999694824219,64.19999694824219,64.19999694824219,0
2014-10-01,64.30000305175781,64.30000305175781,64.30000305175781,64.30000305175781,0
2014-10-02,66.19999694824219,66.19999694824219,66.19999694824219,66.19999694824219,0
2014-10-03,62.5,62.5,62.5,62.5,0
2014-10-06,60.400001525878906,60.400001525878906,60.400001525878906,60.400001525878906,0
2014-10-07,65.30000305175781,65.30000305175781,65.30000305175781,65.30000305175781,0
2014-10-08,65.0,65.0,65.0,65.0,0
2014-10-09,66.5,66.5,66.5,66.5,0
2014-10-10,68.69999694824219,68.69999694824219,68.69999694824219,68.69999694824219,0
2014-10-14,74.5999984741211,74.5999984741211,74.5999984741211,74.5999984741211,0
2014-10-15,101.30000305175781,101.30000305175781,101.30000305175781,101.30000305175781,0
2014-10-16,90.0999984741211,90.0999984741211,90.0999984741211,90.0999984741211,0
2014-10-17,82.9000015258789,82.9000015258789,82.9000015258789,82.9000015258789,0
2014-10-20,79.19999694824219,79.19999694824219,79.19999694824219,79.19999694824219,0
2014-10-21,78.9000015258789,78.9000015258789,78.9000015258789,78.9000015258789,0
2014-10-22,77.19999694824219,77.19999694824219,77.19999694824219,77.19999694824219,0
2014-10-23,80.4000015258789,80.4000015258789,80.4000015258789,80.4000015258789,0
2014-10-24,81.61000061035156,81.61000061035156,81.61000061035156,81.61000061035156,0
2014-10-27,77.5999984741211,77.5999984741211,77.5999984741211,77.5999984741211,0
2014-10-28,74.69999694824219,74.69999694824219,74.69999694824219,74.69999694824219,0
2014-10-29,73.0,73.0,73.0,73.0,0
2014-10-30,69.55999755859375,69.55999755859375,69.55999755859375,69.55999755859375,0
2014-10-31,68.69999694824219,68.69999694824219,68.69999694824219,68.69999694824219,0
2014-11-03,67.44999694824219,67.44999694824219,67.44999694824219,67.44999694824219,0
2014-11-04,68.5999984741211,68.5999984741211,68.5999984741211,68.5999984741211,0
2014-11-05,72.9000015258789,72.9000015258789,72.9000015258789,72.9000015258789,0
2014-11-06,69.0999984741211,69.0999984741211,69.0999984741211,69.0999984741211,0
2014-11-07,66.5999984741211,66.5999984741211,66.5999984741211,66.5999984741211,0
2014-11-10,66.55000305175781,66.55000305175781,66.55000305175781,66.55000305175781,0
2014-11-12,66.80000305175781,66.80000305175781,66.80000305175781,66.80000305175781,0
2014-11-13,67.0,67.0,67.0,67.0,0
2014-11-14,67.0,67.0,67.0,67.0,0
2014-11-17,66.9000015258789,66.9000015258789,66.9000015258789,66.9000015258789,0
2014-11-18,69.19999694824219,69.19999694824219,69.19999694824219,69.19999694824219,0
2014-11-19,70.0,70.0,70.0,70.0,0
2014-11-20,69.19999694824219,69.19999694824219,69.19999694824219,69.19999694824219,0
2014-11-21,67.0,67.0,67.0,67.0,0
2014-11-24,64.4000015258789,64.4000015258789,64.4000015258789,64.4000015258789,0
2014-11-25,64.5999984741211,64.5999984741211,64.5999984741211,64.5999984741211,0
2014-11-26,64.69999694824219,64.69999694824219,64.69999694824219,64.69999694824219,0
2014-11-28,66.5999984741211,66.5999984741211,66.5999984741211,66.5999984741211,0
2014-12-01,67.30000305175781,67.30000305175781,67.30000305175781,67.30000305175781,0
2014-12-03,65.80000305175781,65.80000305175781,65.80000305175781,65.80000305175781,0
2014-12-04,64.5999984741211,64.5999984741211,64.5999984741211,64.5999984741211,0
2014-12-05,64.80000305175781,64.80000305175781,64.80000305175781,64.80000305175781,0
2014-12-08,62.79999923706055,62.79999923706055,62.79999923706055,62.79999923706055,0
2014-12-09,66.56999969482422,66.56999969482422,66.56999969482422,66.56999969482422,0
2014-12-10,68.19999694824219,68.19999694824219,68.19999694824219,68.19999694824219,0
2014-12-15,77.5999984741211,77.5999984741211,77.5999984741211,77.5999984741211,0
2014-12-16,80.69999694824219,80.69999694824219,80.69999694824219,80.69999694824219,0
2014-12-17,72.41999816894531,72.41999816894531,72.41999816894531,72.41999816894531,0
2014-12-18,71.16999816894531,71.16999816894531,71.16999816894531,71.16999816894531,0
2014-12-19,70.69999694824219,70.69999694824219,70.69999694824219,70.69999694824219,0
2014-12-22,70.08000183105469,70.08000183105469,70.08000183105469,70.08000183105469,0
2014-12-23,68.80000305175781,68.80000305175781,68.80000305175781,68.80000305175781,0
2014-12-24,68.9000015258789,68.9000015258789,68.9000015258789,68.9000015258789,0
2014-12-26,55.400001525878906,55.400001525878906,55.400001525878906,55.400001525878906,0
2014-12-29,69.19999694824219,69.19999694824219,69.19999694824219,69.19999694824219,0
2014-12-30,69.0,69.0,69.0,69.0,0
2014-12-31,68.9000015258789,68.9000015258789,68.9000015258789,68.9000015258789,0
2015-01-02,70.0,70.0,70.0,70.0,0
2015-01-05,71.5,71.5,71.5,71.5,0
2015-01-06,84.9000015258789,84.9000015258789,84.9000015258789,84.9000015258789,0
2015-01-07,85.19999694824219,85.19999694824219,85.19999694824219,85.19999694824219,0
2015-01-08,85.19999694824219,85.19999694824219,85.19999694824219,85.19999694824219,0
2015-01-09,80.5999984741211,80.5999984741211,80.5999984741211,80.5999984741211,0
2015-01-12,81.9000015258789,81.9000015258789,81.9000015258789,81.9000015258789,0
2015-01-13,83.0,83.0,83.0,83.0,0
2015-01-14,85.30000305175781,85.30000305175781,85.30000305175781,85.30000305175781,0
2015-01-15,85.30000305175781,85.30000305175781,85.30000305175781,85.30000305175781,0
2015-01-16,92.5999984741211,92.5999984741211,92.5999984741211,92.5999984741211,0
2015-01-20,90.5999984741211,90.5999984741211,90.5999984741211,90.5999984741211,0
2015-01-21,88.30000305175781,88.30000305175781,88.30000305175781,88.30000305175781,0
2015-01-22,85.0999984741211,85.0999984741211,85.0999984741211,85.0999984741211,0
2015-01-23,89.9000015258789,89.9000015258789,89.9000015258789,89.9000015258789,0
2015-01-26,85.30000305175781,85.30000305175781,85.30000305175781,85.30000305175781,0
2015-01-27,86.19999694824219,86.19999694824219,86.19999694824219,86.19999694824219,0
2015-01-28,86.4000015258789,86.4000015258789,86.4000015258789,86.4000015258789,0
2015-01-29,86.5999984741211,86.5999984741211,86.5999984741211,86.5999984741211,0
2015-02-02,88.0999984741211,88.0999984741211,88.0999984741211,88.0999984741211,0
2015-02-03,92.69999694824219,92.69999694824219,92.69999694824219,92.69999694824219,0
2015-02-04,92.30000305175781,92.30000305175781,92.30000305175781,92.30000305175781,0
2015-02-05,93.0,93.0,93.0,93.0,0
2015-02-06,93.69999694824219,93.69999694824219,93.69999694824219,93.69999694824219,0
2015-02-09,95.0999984741211,95.0999984741211,95.0999984741211,95.0999984741211,0
2015-02-10,95.3499984741211,95.3499984741211,95.3499984741211,95.3499984741211,0
2015-02-11,94.19999694824219,94.19999694824219,94.19999694824219,94.19999694824219,0
2015-02-12,91.5999984741211,91.5999984741211,91.5999984741211,91.5999984741211,0
2015-02-13,91.4000015258789,91.4000015258789,91.4000015258789,91.4000015258789,0
2015-02-17,91.80000305175781,91.80000305175781,91.80000305175781,91.80000305175781,0
2015-02-18,91.4000015258789,91.4000015258789,91.4000015258789,91.4000015258789,0
2015-02-19,98.5,98.5,98.5,98.5,0
2015-02-20,98.30000305175781,98.30000305175781,98.30000305175781,98.30000305175781,0
2015-02-23,97.69999694824219,97.69999694824219,97.69999694824219,97.69999694824219,0
2015-02-24,94.0999984741211,94.0999984741211,94.0999984741211,94.0999984741211,0
2015-02-25,91.5,91.5,91.5,91.5,0
2015-02-26,90.5,90.5,90.5,90.5,0
2015-02-27,91.4000015258789,91.4000015258789,91.4000015258789,91.4000015258789,0
2015-03-02,90.19999694824219,90.19999694824219,90.19999694824219,90.19999694824219,0
2015-03-03,91.80000305175781,91.80000305175781,91.80000305175781,91.80000305175781,0
2015-03-04,90.69999694824219,90.69999694824219,90.69999694824219,90.69999694824219,0
2015-03-05,89.30000305175781,89.30000305175781,89.30000305175781,89.30000305175781,0
2015-03-06,86.5999984741211,86.5999984741211,86.5999984741211,86.5999984741211,0
2015-03-09,84.0,84.0,84.0,84.0,0
2015-03-10,84.4000015258789,84.4000015258789,84.4000015258789,84.4000015258789,0
2015-03-11,85.0,85.0,85.0,85.0,0
2015-03-12,85.5999984741211,85.5999984741211,85.5999984741211,85.5999984741211,0
2015-03-13,86.0999984741211,86.0999984741211,86.0999984741211,86.0999984741211,0
2015-03-16,84.80000305175781,84.80000305175781,84.80000305175781,84.80000305175781,0
2015-03-17,86.30000305175781,86.30000305175781,86.30000305175781,86.30000305175781,0
2015-03-18,85.69999694824219,85.69999694824219,85.69999694824219,85.69999694824219,0
2015-03-19,87.80000305175781,87.80000305175781,87.80000305175781,87.80000305175781,0
2015-03-20,86.5,86.5,86.5,86.5,0
2015-03-23,84.9000015258789,84.9000015258789,84.9000015258789,84.9000015258789,0
2015-03-24,83.69999694824219,83.69999694824219,83.69999694824219,83.69999694824219,0
2015-03-25,84.19999694824219,84.19999694824219,84.19999694824219,84.19999694824219,0
2015-03-26,86.19999694824219,86.19999694824219,86.19999694824219,86.19999694824219,0
2015-03-27,86.19999694824219,86.19999694824219,86.19999694824219,86.19999694824219,0
2015-03-30,86.4000015258789,86.4000015258789,86.4000015258789,86.4000015258789,0
2015-03-31,86.0999984741211,86.0999984741211,86.0999984741211,86.0999984741211,0
2015-04-01,85.5999984741211,85.5999984741211,85.5999984741211,85.5999984741211,0
2015-04-02,84.30000305175781,84.30000305175781,84.30000305175781,84.30000305175781,0
2015-04-06,79.0,79.0,79.0,79.0,0
2015-04-07,77.80000305175781,77.80000305175781,77.80000305175781,77.80000305175781,0
2015-04-08,80.0,80.0,80.0,80.0,0
2015-04-09,78.80000305175781,78.80000305175781,78.80000305175781,78.80000305175781,0
2015-04-10,77.80000305175781,77.80000305175781,77.80000305175781,77.80000305175781,0
2015-04-13,75.80000305175781,75.80000305175781,75.80000305175781,75.80000305175781,0
2015-04-14,74.80000305175781,74.80000305175781,74.80000305175781,74.80000305175781,0
2015-04-15,73.0,73.0,73.0,73.0,0
2015-04-16,72.4000015258789,72.4000015258789,72.4000015258789,72.4000015258789,0
2015-04-17,74.4000015258789,74.4000015258789,74.4000015258789,74.4000015258789,0
2015-04-20,73.5,73.5,73.5,73.5,0
2015-04-21,72.9000015258789,72.9000015258789,72.9000015258789,72.9000015258789,0
2015-04-22,72.9000015258789,72.9000015258789,72.9000015258789,72.9000015258789,0
2015-04-23,73.19999694824219,73.19999694824219,73.19999694824219,73.19999694824219,0
2015-04-24,71.5999984741211,71.5999984741211,71.5999984741211,71.5999984741211,0
2015-04-27,71.0,71.0,71.0,71.0,0
2015-04-28,72.9000015258789,72.9000015258789,72.9000015258789,72.9000015258789,0
2015-04-29,73.9000015258789,73.9000015258789,73.9000015258789,73.9000015258789,0
2015-04-30,75.30000305175781,75.30000305175781,75.30000305175781,75.30000305175781,0
2015-05-01,78.9000015258789,78.9000015258789,78.9000015258789,78.9000015258789,0
2015-05-04,81.0999984741211,81.0999984741211,81.0999984741211,81.0999984741211,0
2015-05-05,87.69999694824219,87.69999694824219,87.69999694824219,87.69999694824219,0
2015-05-06,91.0,91.0,91.0,91.0,0
2015-05-07,89.5999984741211,89.5999984741211,89.5999984741211,89.5999984741211,0
2015-05-08,80.9000015258789,80.9000015258789,80.9000015258789,80.9000015258789,0
2015-05-11,84.0999984741211,84.0999984741211,84.0999984741211,84.0999984741211,0
2015-05-12,87.4000015258789,87.4000015258789,87.4000015258789,87.4000015258789,0
2015-05-13,85.5999984741211,85.5999984741211,85.5999984741211,85.5999984741211,0
2015-05-14,83.19999694824219,83.19999694824219,83.19999694824219,83.19999694824219,0
2015-05-15,83.19999694824219,83.19999694824219,83.19999694824219,83.19999694824219,0
2015-05-18,88.19999694824219,88.19999694824219,88.19999694824219,88.19999694824219,0
2015-05-19,87.66999816894531,87.66999816894531,87.66999816894531,87.66999816894531,0
2015-05-20,87.6500015258789,87.6500015258789,87.6500015258789,87.6500015258789,0
2015-05-21,86.0999984741211,86.0999984741211,86.0999984741211,86.0999984741211,0
2015-05-22,87.66999816894531,87.66999816894531,87.66999816894531,87.66999816894531,0
2015-05-26,85.36000061035156,85.36000061035156,85.36000061035156,85.36000061035156,0
2015-05-27,84.0,84.0,84.0,84.0,0
2015-05-28,82.69999694824219,82.69999694824219,82.69999694824219,82.69999694824219,0
2015-05-29,82.69999694824219,82.69999694824219,82.69999694824219,82.69999694824219,0
2015-06-01,83.55000305175781,83.55000305175781,83.55000305175781,83.55000305175781,0
2015-06-02,87.5,87.5,87.5,87.5,0
2015-06-03,91.80999755859375,91.80999755859375,91.80999755859375,91.80999755859375,0
2015-06-04,92.20999908447266,92.20999908447266,92.20999908447266,92.20999908447266,0
2015-06-05,88.9000015258789,88.9000015258789,88.9000015258789,88.9000015258789,0
2015-06-08,87.5999984741211,87.5999984741211,87.5999984741211,87.5999984741211,0
2015-06-09,87.19999694824219,87.19999694824219,87.19999694824219,87.19999694824219,0
2015-06-10,89.80000305175781,89.80000305175781,89.80000305175781,89.80000305175781,0
2015-06-11,87.80000305175781,87.80000305175781,87.80000305175781,87.80000305175781,0
2015-06-12,87.69999694824219,87.69999694824219,87.69999694824219,87.69999694824219,0
2015-06-15,86.0,86.0,86.0,86.0,0
2015-06-16,85.69999694824219,85.69999694824219,85.69999694824219,85.69999694824219,0
2015-06-17,82.4000015258789,82.4000015258789,82.4000015258789,82.4000015258789,0
2015-06-18,82.5999984741211,82.5999984741211,82.5999984741211,82.5999984741211,0
2015-06-19,84.69999694824219,84.69999694824219,84.69999694824219,84.69999694824219,0
2015-06-22,84.4000015258789,84.4000015258789,84.4000015258789,84.4000015258789,0
2015-06-23,84.19999694824219,84.19999694824219,84.19999694824219,84.19999694824219,0
2015-06-24,82.69999694824219,82.69999694824219,82.69999694824219,82.69999694824219,0
2015-06-25,83.31999969482422,83.31999969482422,83.31999969482422,83.31999969482422,0
2015-06-26,84.30000305175781,84.30000305175781,84.30000305175781,84.30000305175781,0
2015-06-29,89.80000305175781,89.80000305175781,89.80000305175781,89.80000305175781,0
2015-06-30,92.30000305175781,92.30000305175781,92.30000305175781,92.30000305175781,0
2015-07-01,90.30000305175781,90.30000305175781,90.30000305175781,90.30000305175781,0
2015-07-02,88.0,88.0,88.0,88.0,0
2015-07-06,86.18000030517578,86.18000030517578,86.18000030517578,86.18000030517578,0
2015-07-07,90.5,90.5,90.5,90.5,0
2015-07-08,89.4000015258789,89.4000015258789,89.4000015258789,89.4000015258789,0
2015-07-09,89.30000305175781,89.30000305175781,89.30000305175781,89.30000305175781,0
2015-07-10,90.19999694824219,90.19999694824219,90.19999694824219,90.19999694824219,0
2015-07-13,84.69999694824219,84.69999694824219,84.69999694824219,84.69999694824219,0
2015-07-14,80.80000305175781,80.80000305175781,80.80000305175781,80.80000305175781,0
2015-07-15,79.0999984741211,79.0999984741211,79.0999984741211,79.0999984741211,0
2015-07-16,76.0,76.0,76.0,76.0,0
2015-07-17,74.20999908447266,74.20999908447266,74.20999908447266,74.20999908447266,0
2015-07-20,72.80000305175781,72.80000305175781,72.80000305175781,72.80000305175781,0
2015-07-21,72.4000015258789,72.4000015258789,72.4000015258789,72.4000015258789,0
2015-07-22,72.0999984741211,72.0999984741211,72.0999984741211,72.0999984741211,0
2015-07-23,72.5999984741211,72.5999984741211,72.5999984741211,72.5999984741211,0
2015-07-24,73.0,73.0,73.0,73.0,0
2015-07-27,72.19999694824219,72.19999694824219,72.19999694824219,72.19999694824219,0
2015-07-28,71.9000015258789,71.9000015258789,71.9000015258789,71.9000015258789,0
2015-07-29,69.70999908447266,69.70999908447266,69.70999908447266,69.70999908447266,0
2015-07-30,71.19999694824219,71.19999694824219,71.19999694824219,71.19999694824219,0
2015-07-31,75.80000305175781,75.80000305175781,75.80000305175781,75.80000305175781,0
2015-08-03,74.69999694824219,74.69999694824219,74.69999694824219,74.69999694824219,0
2015-08-04,80.47000122070312,80.47000122070312,80.47000122070312,80.47000122070312,0
2015-08-05,80.69999694824219,80.69999694824219,80.69999694824219,80.69999694824219,0
2015-08-06,80.30000305175781,80.30000305175781,80.30000305175781,80.30000305175781,0
2015-08-07,76.19999694824219,76.19999694824219,76.19999694824219,76.19999694824219,0
2015-08-10,75.30000305175781,75.30000305175781,75.30000305175781,75.30000305175781,0
2015-08-11,78.0999984741211,78.0999984741211,78.0999984741211,78.0999984741211,0
2015-08-12,81.5,81.5,81.5,81.5,0
2015-08-13,80.0,80.0,80.0,80.0,0
2015-08-14,77.0999984741211,77.0999984741211,77.0999984741211,77.0999984741211,0
2015-08-17,76.0999984741211,76.0999984741211,76.0999984741211,76.0999984741211,0
2015-08-18,82.69999694824219,82.69999694824219,82.69999694824219,82.69999694824219,0
2015-08-19,81.5,81.5,81.5,81.5,0
2015-08-20,84.5999984741211,84.5999984741211,84.5999984741211,84.5999984741211,0
2015-08-21,88.5,88.5,88.5,88.5,0
2015-08-24,94.5,94.5,94.5,94.5,0
2015-08-25,91.0999984741211,91.0999984741211,91.0999984741211,91.0999984741211,0
2015-08-26,92.0,92.0,92.0,92.0,0
2015-08-27,91.4000015258789,91.4000015258789,91.4000015258789,91.4000015258789,0
2015-08-28,91.0999984741211,91.0999984741211,91.0999984741211,91.0999984741211,0
2015-08-31,87.69999694824219,87.69999694824219,87.69999694824219,87.69999694824219,0
2015-09-01,88.69999694824219,88.69999694824219,88.69999694824219,88.69999694824219,0
2015-09-02,93.0999984741211,93.0999984741211,93.0999984741211,93.0999984741211,0
2015-09-03,91.4000015258789,91.4000015258789,91.4000015258789,91.4000015258789,0
2015-09-04,86.80000305175781,86.80000305175781,86.80000305175781,86.80000305175781,0
2015-09-08,85.19999694824219,85.19999694824219,85.19999694824219,85.19999694824219,0
2015-09-09,85.0999984741211,85.0999984741211,85.0999984741211,85.0999984741211,0
2015-09-10,83.5999984741211,83.5999984741211,83.5999984741211,83.5999984741211,0
2015-09-11,83.80000305175781,83.80000305175781,83.80000305175781,83.80000305175781,0
2015-09-14,82.69999694824219,82.69999694824219,82.69999694824219,82.69999694824219,0
2015-09-15,85.0,85.0,85.0,85.0,0
2015-09-16,84.9000015258789,84.9000015258789,84.9000015258789,84.9000015258789,0
2015-09-17,77.69999694824219,77.69999694824219,77.69999694824219,77.69999694824219,0
2015-09-18,75.80000305175781,75.80000305175781,75.80000305175781,75.80000305175781,0
2015-09-21,74.5,74.5,74.5,74.5,0
2015-09-22,75.5999984741211,75.5999984741211,75.5999984741211,75.5999984741211,0
2015-09-23,69.19999694824219,69.19999694824219,69.19999694824219,69.19999694824219,0
2015-09-24,76.4000015258789,76.4000015258789,76.4000015258789,76.4000015258789,0
2015-09-25,75.9000015258789,75.9000015258789,75.9000015258789,75.9000015258789,0
2015-09-28,76.9000015258789,76.9000015258789,76.9000015258789,76.9000015258789,0
2015-09-29,83.30000305175781,83.30000305175781,83.30000305175781,83.30000305175781,0
2015-09-30,81.5999984741211,81.5999984741211,81.5999984741211,81.5999984741211,0
2015-10-01,81.5,81.5,81.5,81.5,0
2015-10-02,78.9000015258789,78.9000015258789,78.9000015258789,78.9000015258789,0
2015-10-05,77.5,77.5,77.5,77.5,0
2015-10-06,80.30000305175781,80.30000305175781,80.30000305175781,80.30000305175781,0
2015-10-07,80.0,80.0,80.0,80.0,0
2015-10-08,79.5,79.5,79.5,79.5,0
2015-10-09,78.19999694824219,78.19999694824219,78.19999694824219,78.19999694824219,0
2015-10-13,76.30000305175781,76.30000305175781,76.30000305175781,76.30000305175781,0
2015-10-14,74.80000305175781,74.80000305175781,74.80000305175781,74.80000305175781,0
2015-10-15,74.5999984741211,74.5999984741211,74.5999984741211,74.5999984741211,0
2015-10-16,74.69999694824219,74.69999694824219,74.69999694824219,74.69999694824219,0
2015-10-19,71.0,71.0,71.0,71.0,0
2015-10-20,71.0999984741211,71.0999984741211,71.0999984741211,71.0999984741211,0
2015-10-21,69.69999694824219,69.69999694824219,69.69999694824219,69.69999694824219,0
2015-10-22,70.0,70.0,70.0,70.0,0
2015-10-23,70.80000305175781,70.80000305175781,70.80000305175781,70.80000305175781,0
2015-10-26,69.69999694824219,69.69999694824219,69.69999694824219,69.69999694824219,0
2015-10-27,69.80000305175781,69.80000305175781,69.80000305175781,69.80000305175781,0
2015-10-28,70.30000305175781,70.30000305175781,70.30000305175781,70.30000305175781,0
2015-10-29,73.0999984741211,73.0999984741211,73.0999984741211,73.0999984741211,0
2015-10-30,73.0999984741211,73.0999984741211,73.0999984741211,73.0999984741211,0
2015-11-02,73.19999694824219,73.19999694824219,73.19999694824219,73.19999694824219,0
2015-11-03,73.30000305175781,73.30000305175781,73.30000305175781,73.30000305175781,0
2015-11-04,77.5999984741211,77.5999984741211,77.5999984741211,77.5999984741211,0
2015-11-05,76.69999694824219,76.69999694824219,76.69999694824219,76.69999694824219,0
2015-11-06,74.30000305175781,74.30000305175781,74.30000305175781,74.30000305175781,0
2015-11-10,70.5,70.5,70.5,70.5,0
2015-11-13,68.30000305175781,68.30000305175781,68.30000305175781,68.30000305175781,0
2015-11-16,67.69999694824219,67.69999694824219,67.69999694824219,67.69999694824219,0
2015-11-17,72.30000305175781,72.30000305175781,72.30000305175781,72.30000305175781,0
2015-11-18,71.69999694824219,71.69999694824219,71.69999694824219,71.69999694824219,0
2015-11-19,70.5,70.5,70.5,70.5,0
2015-11-20,70.5,70.5,70.5,70.5,0
2015-11-23,70.80000305175781,70.80000305175781,70.80000305175781,70.80000305175781,0
2015-11-24,70.9000015258789,70.9000015258789,70.9000015258789,70.9000015258789,0
2015-11-25,70.0,70.0,70.0,70.0,0
2015-11-27,69.5999984741211,69.5999984741211,69.5999984741211,69.5999984741211,0
2015-11-30,69.9000015258789,69.9000015258789,69.9000015258789,69.9000015258789,0
2015-12-01,71.0,71.0,71.0,71.0,0
2015-12-02,72.30000305175781,72.30000305175781,72.30000305175781,72.30000305175781,0
2015-12-03,74.5999984741211,74.5999984741211,74.5999984741211,74.5999984741211,0
2015-12-04,71.30000305175781,71.30000305175781,71.30000305175781,71.30000305175781,0
2015-12-07,70.55999755859375,70.55999755859375,70.55999755859375,70.55999755859375,0
2015-12-08,72.69999694824219,72.69999694824219,72.69999694824219,72.69999694824219,0
2015-12-09,72.4000015258789,72.4000015258789,72.4000015258789,72.4000015258789,0
2015-12-10,72.30000305175781,72.30000305175781,72.30000305175781,72.30000305175781,0
2015-12-11,75.0,75.0,75.0,75.0,0
2015-12-14,78.19999694824219,78.19999694824219,78.19999694824219,78.19999694824219,0
2015-12-15,79.5999984741211,79.5999984741211,79.5999984741211,79.5999984741211,0
2015-12-16,70.19999694824219,70.19999694824219,70.19999694824219,70.19999694824219,0
2015-12-17,67.69999694824219,67.69999694824219,67.69999694824219,67.69999694824219,0
2015-12-18,67.80000305175781,67.80000305175781,67.80000305175781,67.80000305175781,0
2015-12-21,66.4000015258789,66.4000015258789,66.4000015258789,66.4000015258789,0
2015-12-22,66.9000015258789,66.9000015258789,66.9000015258789,66.9000015258789,0
2015-12-23,66.0,66.0,66.0,66.0,0
2015-12-24,65.5,65.5,65.5,65.5,0
2015-12-28,67.19999694824219,67.19999694824219,67.19999694824219,67.19999694824219,0
2015-12-29,67.19999694824219,67.19999694824219,67.19999694824219,67.19999694824219,0
2015-12-30,67.30000305175781,67.30000305175781,67.30000305175781,67.30000305175781,0
2015-12-31,67.80000305175781,67.80000305175781,67.80000305175781,67.80000305175781,0
2016-01-04,68.80000305175781,68.80000305175781,68.80000305175781,68.80000305175781,0
2016-01-05,71.41999816894531,71.41999816894531,71.41999816894531,71.41999816894531,0
2016-01-06,71.68000030517578,71.68000030517578,71.68000030517578,71.68000030517578,0
2016-01-07,74.20999908447266,74.20999908447266,74.20999908447266,74.20999908447266,0
2016-01-08,71.01000213623047,71.01000213623047,71.01000213623047,71.01000213623047,0
2016-01-11,71.0199966430664,71.0199966430664,71.0199966430664,71.0199966430664,0
2016-01-13,74.45999908447266,74.45999908447266,74.45999908447266,74.45999908447266,0
2016-01-14,73.61000061035156,73.61000061035156,73.61000061035156,73.61000061035156,0
2016-01-15,78.05999755859375,78.05999755859375,78.05999755859375,78.05999755859375,0
2016-01-19,77.31999969482422,77.31999969482422,77.31999969482422,77.31999969482422,0
2016-01-20,81.81999969482422,81.81999969482422,81.81999969482422,81.81999969482422,0
2016-01-21,80.7300033569336,80.7300033569336,80.7300033569336,80.7300033569336,0
2016-01-22,77.3499984741211,77.3499984741211,77.3499984741211,77.3499984741211,0
2016-01-25,75.41000366210938,75.41000366210938,75.41000366210938,75.41000366210938,0
2016-01-26,75.16000366210938,75.16000366210938,75.16000366210938,75.16000366210938,0
2016-01-27,71.94000244140625,71.94000244140625,71.94000244140625,71.94000244140625,0
2016-01-28,70.9800033569336,70.9800033569336,70.9800033569336,70.9800033569336,0
2016-01-29,74.0,74.0,74.0,74.0,0
2016-02-01,73.45999908447266,73.45999908447266,73.45999908447266,73.45999908447266,0
2016-02-02,77.48999786376953,77.48999786376953,77.48999786376953,77.48999786376953,0
2016-02-03,79.62000274658203,79.62000274658203,79.62000274658203,79.62000274658203,0
2016-02-04,83.76000213623047,83.76000213623047,83.76000213623047,83.76000213623047,0
2016-02-05,81.66999816894531,81.66999816894531,81.66999816894531,81.66999816894531,0
2016-02-08,89.2699966430664,89.2699966430664,89.2699966430664,89.2699966430664,0
2016-02-09,91.61000061035156,91.61000061035156,91.61000061035156,91.61000061035156,0
2016-02-10,86.31999969482422,86.31999969482422,86.31999969482422,86.31999969482422,0
2016-02-11,96.30999755859375,96.30999755859375,96.30999755859375,96.30999755859375,0
2016-02-12,93.72000122070312,93.72000122070312,93.72000122070312,93.72000122070312,0
2016-02-16,86.81999969482422,86.81999969482422,86.81999969482422,86.81999969482422,0
2016-02-17,84.79000091552734,84.79000091552734,84.79000091552734,84.79000091552734,0
2016-02-18,86.12000274658203,86.12000274658203,86.12000274658203,86.12000274658203,0
2016-02-19,90.0999984741211,90.0999984741211,90.0999984741211,90.0999984741211,0
2016-02-22,85.1500015258789,85.1500015258789,85.1500015258789,85.1500015258789,0
2016-02-23,83.9800033569336,83.9800033569336,83.9800033569336,83.9800033569336,0
2016-02-24,85.08999633789062,85.08999633789062,85.08999633789062,85.08999633789062,0
2016-02-25,84.44000244140625,84.44000244140625,84.44000244140625,84.44000244140625,0
2016-02-26,82.54000091552734,82.54000091552734,82.54000091552734,82.54000091552734,0
2016-02-29,83.38999938964844,83.38999938964844,83.38999938964844,83.38999938964844,0
2016-03-01,84.22000122070312,84.22000122070312,84.22000122070312,84.22000122070312,0
2016-03-02,83.6500015258789,83.6500015258789,83.6500015258789,83.6500015258789,0
2016-03-03,81.72000122070312,81.72000122070312,81.72000122070312,81.72000122070312,0
2016-03-04,78.01000213623047,78.01000213623047,78.01000213623047,78.01000213623047,0
2016-03-07,77.83000183105469,77.83000183105469,77.83000183105469,77.83000183105469,0
2016-03-08,80.72000122070312,80.72000122070312,80.72000122070312,80.72000122070312,0
2016-03-09,80.36000061035156,80.36000061035156,80.36000061035156,80.36000061035156,0
2016-03-10,80.8499984741211,80.8499984741211,80.8499984741211,80.8499984741211,0
2016-03-11,81.41999816894531,81.41999816894531,81.41999816894531,81.41999816894531,0
2016-03-14,79.12000274658203,79.12000274658203,79.12000274658203,79.12000274658203,0
2016-03-15,78.47000122070312,78.47000122070312,78.47000122070312,78.47000122070312,0
2016-03-16,74.16000366210938,74.16000366210938,74.16000366210938,74.16000366210938,0
2016-03-17,72.41000366210938,72.41000366210938,72.41000366210938,72.41000366210938,0
2016-03-18,71.26000213623047,71.26000213623047,71.26000213623047,71.26000213623047,0
2016-03-21,70.83000183105469,70.83000183105469,70.83000183105469,70.83000183105469,0
2016-03-22,71.12000274658203,71.12000274658203,71.12000274658203,71.12000274658203,0
2016-03-23,71.08000183105469,71.08000183105469,71.08000183105469,71.08000183105469,0
2016-03-24,72.68000030517578,72.68000030517578,72.68000030517578,72.68000030517578,0
2016-03-28,74.69000244140625,74.69000244140625,74.69000244140625,74.69000244140625,0
2016-03-29,72.66000366210938,72.66000366210938,72.66000366210938,72.66000366210938,0
2016-03-30,70.54000091552734,70.54000091552734,70.54000091552734,70.54000091552734,0
2016-03-31,68.80000305175781,68.80000305175781,68.80000305175781,68.80000305175781,0
2016-04-01,67.0,67.0,67.0,67.0,0
2016-04-04,65.36000061035156,65.36000061035156,65.36000061035156,65.36000061035156,0
2016-04-05,68.30999755859375,68.30999755859375,68.30999755859375,68.30999755859375,0
2016-04-06,69.70999908447266,69.70999908447266,69.70999908447266,69.70999908447266,0
2016-04-07,71.08999633789062,71.08999633789062,71.08999633789062,71.08999633789062,0
2016-04-08,70.87999725341797,70.87999725341797,70.87999725341797,70.87999725341797,0
2016-04-11,69.7699966430664,69.7699966430664,69.7699966430664,69.7699966430664,0
2016-04-12,68.77999877929688,68.77999877929688,68.77999877929688,68.77999877929688,0
2016-04-13,67.48999786376953,67.48999786376953,67.48999786376953,67.48999786376953,0
2016-04-14,67.5199966430664,67.5199966430664,67.5199966430664,67.5199966430664,0
2016-04-15,66.48999786376953,66.48999786376953,66.48999786376953,66.48999786376953,0
2016-04-18,66.33999633789062,66.33999633789062,66.33999633789062,66.33999633789062,0
2016-04-19,66.44000244140625,66.44000244140625,66.44000244140625,66.44000244140625,0
2016-04-20,67.7699966430664,67.7699966430664,67.7699966430664,67.7699966430664,0
2016-04-21,68.5999984741211,68.5999984741211,68.5999984741211,68.5999984741211,0
2016-04-22,67.77999877929688,67.77999877929688,67.77999877929688,67.77999877929688,0
2016-04-25,67.88999938964844,67.88999938964844,67.88999938964844,67.88999938964844,0
2016-04-26,67.1500015258789,67.1500015258789,67.1500015258789,67.1500015258789,0
2016-04-27,64.73999786376953,64.73999786376953,64.73999786376953,64.73999786376953,0
2016-04-28,64.63999938964844,64.63999938964844,64.63999938964844,64.63999938964844,0
2016-04-29,64.91999816894531,64.91999816894531,64.91999816894531,64.91999816894531,0
2016-05-02,64.68000030517578,64.68000030517578,64.68000030517578,64.68000030517578,0
2016-05-03,68.41000366210938,68.41000366210938,68.41000366210938,68.41000366210938,0
2016-05-04,68.12000274658203,68.12000274658203,68.12000274658203,68.12000274658203,0
2016-05-05,68.66999816894531,68.66999816894531,68.66999816894531,68.66999816894531,0
2016-05-06,65.1500015258789,65.1500015258789,65.1500015258789,65.1500015258789,0
2016-05-09,64.12000274658203,64.12000274658203,64.12000274658203,64.12000274658203,0
2016-05-10,63.970001220703125,63.970001220703125,63.970001220703125,63.970001220703125,0
2016-05-11,63.88999938964844,63.88999938964844,63.88999938964844,63.88999938964844,0
2016-05-12,63.91999816894531,63.91999816894531,63.91999816894531,63.91999816894531,0
2016-05-13,64.06999969482422,64.06999969482422,64.06999969482422,64.06999969482422,0
2016-05-16,66.94000244140625,66.94000244140625,66.94000244140625,66.94000244140625,0
2016-05-17,67.12000274658203,67.12000274658203,67.12000274658203,67.12000274658203,0
2016-05-18,69.8499984741211,69.8499984741211,69.8499984741211,69.8499984741211,0
2016-05-19,70.55999755859375,70.55999755859375,70.55999755859375,70.55999755859375,0
2016-05-20,68.51000213623047,68.51000213623047,68.51000213623047,68.51000213623047,0
2016-05-23,67.77999877929688,67.77999877929688,67.77999877929688,67.77999877929688,0
2016-05-24,69.41000366210938,69.41000366210938,69.41000366210938,69.41000366210938,0
2016-05-25,67.54000091552734,67.54000091552734,67.54000091552734,67.54000091552734,0
2016-05-26,66.1500015258789,66.1500015258789,66.1500015258789,66.1500015258789,0
2016-05-27,66.76000213623047,66.76000213623047,66.76000213623047,66.76000213623047,0
2016-05-31,67.91000366210938,67.91000366210938,67.91000366210938,67.91000366210938,0
2016-06-01,68.75,68.75,68.75,68.75,0
2016-06-02,69.55999755859375,69.55999755859375,69.55999755859375,69.55999755859375,0
2016-06-03,67.58999633789062,67.58999633789062,67.58999633789062,67.58999633789062,0
2016-06-06,66.2699966430664,66.2699966430664,66.2699966430664,66.2699966430664,0
2016-06-08,67.91999816894531,67.91999816894531,67.91999816894531,67.91999816894531,0
2016-06-10,75.0999984741211,75.0999984741211,75.0999984741211,75.0999984741211,0
2016-06-13,79.56999969482422,79.56999969482422,79.56999969482422,79.56999969482422,0
2016-06-14,79.0999984741211,79.0999984741211,79.0999984741211,79.0999984741211,0
2016-06-15,78.66999816894531,78.66999816894531,78.66999816894531,78.66999816894531,0
2016-06-16,83.54000091552734,83.54000091552734,83.54000091552734,83.54000091552734,0
2016-06-17,82.58000183105469,82.58000183105469,82.58000183105469,82.58000183105469,0
2016-06-20,77.31999969482422,77.31999969482422,77.31999969482422,77.31999969482422,0
2016-06-21,76.95999908447266,76.95999908447266,76.95999908447266,76.95999908447266,0
2016-06-22,79.5199966430664,79.5199966430664,79.5199966430664,79.5199966430664,0
2016-06-23,74.04000091552734,74.04000091552734,74.04000091552734,74.04000091552734,0
2016-06-24,77.94000244140625,77.94000244140625,77.94000244140625,77.94000244140625,0
2016-06-27,81.56999969482422,81.56999969482422,81.56999969482422,81.56999969482422,0
2016-06-28,78.66999816894531,78.66999816894531,78.66999816894531,78.66999816894531,0
2016-06-29,71.80000305175781,71.80000305175781,71.80000305175781,71.80000305175781,0
2016-06-30,72.63999938964844,72.63999938964844,72.63999938964844,72.63999938964844,0
2016-07-01,74.3499984741211,74.3499984741211,74.3499984741211,74.3499984741211,0
2016-07-05,78.12000274658203,78.12000274658203,78.12000274658203,78.12000274658203,0
2016-07-06,76.08999633789062,76.08999633789062,76.08999633789062,76.08999633789062,0
2016-07-07,76.7300033569336,76.7300033569336,76.7300033569336,76.7300033569336,0
2016-07-08,72.30999755859375,72.30999755859375,72.30999755859375,72.30999755859375,0
2016-07-11,69.77999877929688,69.77999877929688,69.77999877929688,69.77999877929688,0
2016-07-12,71.43000030517578,71.43000030517578,71.43000030517578,71.43000030517578,0
2016-07-13,71.6500015258789,71.6500015258789,71.6500015258789,71.6500015258789,0
2016-07-14,73.55999755859375,73.55999755859375,73.55999755859375,73.55999755859375,0
2016-07-15,74.7699966430664,74.7699966430664,74.7699966430664,74.7699966430664,0
2016-07-18,72.91999816894531,72.91999816894531,72.91999816894531,72.91999816894531,0
2016-07-19,70.52999877929688,70.52999877929688,70.52999877929688,70.52999877929688,0
2016-07-20,70.63999938964844,70.63999938964844,70.63999938964844,70.63999938964844,0
2016-07-21,71.86000061035156,71.86000061035156,71.86000061035156,71.86000061035156,0
2016-07-22,69.91000366210938,69.91000366210938,69.91000366210938,69.91000366210938,0
2016-07-25,68.75,68.75,68.75,68.75,0
2016-07-26,68.76000213623047,68.76000213623047,68.76000213623047,68.76000213623047,0
2016-07-27,66.63999938964844,66.63999938964844,66.63999938964844,66.63999938964844,0
2016-07-28,66.66999816894531,66.66999816894531,66.66999816894531,66.66999816894531,0
2016-07-29,64.1500015258789,64.1500015258789,64.1500015258789,64.1500015258789,0
2016-08-01,63.66999816894531,63.66999816894531,63.66999816894531,63.66999816894531,0
2016-08-02,67.8499984741211,67.8499984741211,67.8499984741211,67.8499984741211,0
2016-08-03,67.79000091552734,67.79000091552734,67.79000091552734,67.79000091552734,0
2016-08-04,67.0999984741211,67.0999984741211,67.0999984741211,67.0999984741211,0
2016-08-05,66.58999633789062,66.58999633789062,66.58999633789062,66.58999633789062,0
2016-08-08,65.5,65.5,65.5,65.5,0
2016-08-09,64.30000305175781,64.30000305175781,64.30000305175781,64.30000305175781,0
2016-08-10,63.34000015258789,63.34000015258789,63.34000015258789,63.34000015258789,0
2016-08-11,65.29000091552734,65.29000091552734,65.29000091552734,65.29000091552734,0
2016-08-12,64.37000274658203,64.37000274658203,64.37000274658203,64.37000274658203,0
2016-08-15,63.77000045776367,63.77000045776367,63.77000045776367,63.77000045776367,0
2016-08-16,63.66999816894531,63.66999816894531,63.66999816894531,63.66999816894531,0
2016-08-17,63.540000915527344,63.540000915527344,63.540000915527344,63.540000915527344,0
2016-08-18,63.650001525878906,63.650001525878906,63.650001525878906,63.650001525878906,0
2016-08-19,64.81999969482422,64.81999969482422,64.81999969482422,64.81999969482422,0
2016-08-22,67.87000274658203,67.87000274658203,67.87000274658203,67.87000274658203,0
2016-08-23,66.62000274658203,66.62000274658203,66.62000274658203,66.62000274658203,0
2016-08-24,66.51000213623047,66.51000213623047,66.51000213623047,66.51000213623047,0
2016-08-25,69.36000061035156,69.36000061035156,69.36000061035156,69.36000061035156,0
2016-08-26,71.23999786376953,71.23999786376953,71.23999786376953,71.23999786376953,0
2016-08-29,68.61000061035156,68.61000061035156,68.61000061035156,68.61000061035156,0
2016-08-30,69.11000061035156,69.11000061035156,69.11000061035156,69.11000061035156,0
2016-08-31,69.08000183105469,69.08000183105469,69.08000183105469,69.08000183105469,0
2016-09-01,70.25,70.25,70.25,70.25,0
2016-09-02,66.45999908447266,66.45999908447266,66.45999908447266,66.45999908447266,0
2016-09-06,63.459999084472656,63.459999084472656,63.459999084472656,63.459999084472656,0
2016-09-07,64.06999969482422,64.06999969482422,64.06999969482422,64.06999969482422,0
2016-09-08,65.94999694824219,65.94999694824219,65.94999694824219,65.94999694824219,0
2016-09-09,69.12000274658203,69.12000274658203,69.12000274658203,69.12000274658203,0
2016-09-12,68.91000366210938,68.91000366210938,68.91000366210938,68.91000366210938,0
2016-09-13,70.5999984741211,70.5999984741211,70.5999984741211,70.5999984741211,0
2016-09-14,69.2300033569336,69.2300033569336,69.2300033569336,69.2300033569336,0
2016-09-15,69.12999725341797,69.12999725341797,69.12999725341797,69.12999725341797,0
2016-09-16,69.20999908447266,69.20999908447266,69.20999908447266,69.20999908447266,0
2016-09-19,69.2300033569336,69.2300033569336,69.2300033569336,69.2300033569336,0
2016-09-20,69.2300033569336,69.2300033569336,69.2300033569336,69.2300033569336,0
2016-09-21,63.72999954223633,63.72999954223633,63.72999954223633,63.72999954223633,0
2016-09-22,61.18000030517578,61.18000030517578,61.18000030517578,61.18000030517578,0
2016-09-23,59.75,59.75,59.75,59.75,0
2016-09-26,58.849998474121094,58.849998474121094,58.849998474121094,58.849998474121094,0
2016-09-27,59.22999954223633,59.22999954223633,59.22999954223633,59.22999954223633,0
2016-09-28,57.619998931884766,57.619998931884766,57.619998931884766,57.619998931884766,0
2016-09-29,58.849998474121094,58.849998474121094,58.849998474121094,58.849998474121094,0
2016-09-30,60.560001373291016,60.560001373291016,60.560001373291016,60.560001373291016,0
2016-10-03,60.43000030517578,60.43000030517578,60.43000030517578,60.43000030517578,0
2016-10-04,62.08000183105469,62.08000183105469,62.08000183105469,62.08000183105469,0
2016-10-05,62.56999969482422,62.56999969482422,62.56999969482422,62.56999969482422,0
2016-10-06,64.29000091552734,64.29000091552734,64.29000091552734,64.29000091552734,0
2016-10-07,62.84000015258789,62.84000015258789,62.84000015258789,62.84000015258789,0
2016-10-12,63.95000076293945,63.95000076293945,63.95000076293945,63.95000076293945,0
2016-10-14,64.9800033569336,64.9800033569336,64.9800033569336,64.9800033569336,0
2016-10-17,64.41999816894531,64.41999816894531,64.41999816894531,64.41999816894531,0
2016-10-18,63.18000030517578,63.18000030517578,63.18000030517578,63.18000030517578,0
2016-10-19,61.63999938964844,61.63999938964844,61.63999938964844,61.63999938964844,0
2016-10-20,59.619998931884766,59.619998931884766,59.619998931884766,59.619998931884766,0
2016-10-21,57.09000015258789,57.09000015258789,57.09000015258789,57.09000015258789,0
2016-10-25,57.40999984741211,57.40999984741211,57.40999984741211,57.40999984741211,0
2016-10-26,59.5099983215332,59.5099983215332,59.5099983215332,59.5099983215332,0
2016-10-28,64.37999725341797,64.37999725341797,64.37999725341797,64.37999725341797,0
2016-10-31,65.47000122070312,65.47000122070312,65.47000122070312,65.47000122070312,0
2016-11-01,67.76000213623047,67.76000213623047,67.76000213623047,67.76000213623047,0
2016-11-02,69.25,69.25,69.25,69.25,0
2016-11-03,72.56999969482422,72.56999969482422,72.56999969482422,72.56999969482422,0
2016-11-04,74.61000061035156,74.61000061035156,74.61000061035156,74.61000061035156,0
2016-11-08,68.47000122070312,68.47000122070312,68.47000122070312,68.47000122070312,0
2016-11-09,76.33000183105469,76.33000183105469,76.33000183105469,76.33000183105469,0
2016-11-10,82.56999969482422,82.56999969482422,82.56999969482422,82.56999969482422,0
2016-11-14,89.22000122070312,89.22000122070312,89.22000122070312,89.22000122070312,0
2016-11-15,84.12000274658203,84.12000274658203,84.12000274658203,84.12000274658203,0
2016-11-16,80.12000274658203,80.12000274658203,80.12000274658203,80.12000274658203,0
2016-11-17,77.54000091552734,77.54000091552734,77.54000091552734,77.54000091552734,0
2016-11-18,81.6500015258789,81.6500015258789,81.6500015258789,81.6500015258789,0
2016-11-21,80.58000183105469,80.58000183105469,80.58000183105469,80.58000183105469,0
2016-11-22,76.45999908447266,76.45999908447266,76.45999908447266,76.45999908447266,0
2016-11-23,78.63999938964844,78.63999938964844,78.63999938964844,78.63999938964844,0
2016-11-25,79.69000244140625,79.69000244140625,79.69000244140625,79.69000244140625,0
2016-11-28,78.73999786376953,78.73999786376953,78.73999786376953,78.73999786376953,0
2016-11-29,77.30000305175781,77.30000305175781,77.30000305175781,77.30000305175781,0
2016-11-30,80.95999908447266,80.95999908447266,80.95999908447266,80.95999908447266,0
2016-12-01,86.62999725341797,86.62999725341797,86.62999725341797,86.62999725341797,0
2016-12-02,82.05999755859375,82.05999755859375,82.05999755859375,82.05999755859375,0
2016-12-05,79.83999633789062,79.83999633789062,79.83999633789062,79.83999633789062,0
2016-12-06,76.56999969482422,76.56999969482422,76.56999969482422,76.56999969482422,0
2016-12-07,73.44000244140625,73.44000244140625,73.44000244140625,73.44000244140625,0
2016-12-08,73.11000061035156,73.11000061035156,73.11000061035156,73.11000061035156,0
2016-12-09,75.55000305175781,75.55000305175781,75.55000305175781,75.55000305175781,0
2016-12-12,76.38999938964844,76.38999938964844,76.38999938964844,76.38999938964844,0
2016-12-13,75.36000061035156,75.36000061035156,75.36000061035156,75.36000061035156,0
2016-12-14,75.83999633789062,75.83999633789062,75.83999633789062,75.83999633789062,0
2016-12-15,78.61000061035156,78.61000061035156,78.61000061035156,78.61000061035156,0
2016-12-16,78.22000122070312,78.22000122070312,78.22000122070312,78.22000122070312,0
2016-12-19,75.23999786376953,75.23999786376953,75.23999786376953,75.23999786376953,0
2016-12-20,75.45999908447266,75.45999908447266,75.45999908447266,75.45999908447266,0
2016-12-21,73.97000122070312,73.97000122070312,73.97000122070312,73.97000122070312,0
2016-12-22,74.05000305175781,74.05000305175781,74.05000305175781,74.05000305175781,0
2016-12-23,72.56999969482422,72.56999969482422,72.56999969482422,72.56999969482422,0
2016-12-27,70.66000366210938,70.66000366210938,70.66000366210938,70.66000366210938,0
2016-12-28,70.79000091552734,70.79000091552734,70.79000091552734,70.79000091552734,0
2016-12-29,71.27999877929688,71.27999877929688,71.27999877929688,71.27999877929688,0
2016-12-30,71.62999725341797,71.62999725341797,71.62999725341797,71.62999725341797,0
2017-01-03,76.7300033569336,76.7300033569336,76.7300033569336,76.7300033569336,0
2017-01-04,76.41000366210938,76.41000366210938,76.41000366210938,76.41000366210938,0
2017-01-05,76.5,76.5,76.5,76.5,0
2017-01-06,75.23999786376953,75.23999786376953,75.23999786376953,75.23999786376953,0
2017-01-09,74.83000183105469,74.83000183105469,74.83000183105469,74.83000183105469,0
2017-01-10,73.26000213623047,73.26000213623047,73.26000213623047,73.26000213623047,0
2017-01-11,72.83000183105469,72.83000183105469,72.83000183105469,72.83000183105469,0
2017-01-12,73.73999786376953,73.73999786376953,73.73999786376953,73.73999786376953,0
2017-01-13,74.5,74.5,74.5,74.5,0
2017-01-17,73.94000244140625,73.94000244140625,73.94000244140625,73.94000244140625,0
2017-01-18,73.94000244140625,73.94000244140625,73.94000244140625,73.94000244140625,0
2017-01-19,78.31999969482422,78.31999969482422,78.31999969482422,78.31999969482422,0
2017-01-20,76.70999908447266,76.70999908447266,76.70999908447266,76.70999908447266,0
2017-01-23,75.5199966430664,75.5199966430664,75.5199966430664,75.5199966430664,0
2017-01-24,75.52999877929688,75.52999877929688,75.52999877929688,75.52999877929688,0
2017-01-25,77.05999755859375,77.05999755859375,77.05999755859375,77.05999755859375,0
2017-01-26,74.69000244140625,74.69000244140625,74.69000244140625,74.69000244140625,0
2017-01-27,72.19000244140625,72.19000244140625,72.19000244140625,72.19000244140625,0
2017-01-30,72.36000061035156,72.36000061035156,72.36000061035156,72.36000061035156,0
2017-01-31,72.5199966430664,72.5199966430664,72.5199966430664,72.5199966430664,0
2017-02-01,70.83999633789062,70.83999633789062,70.83999633789062,70.83999633789062,0
2017-02-02,69.91999816894531,69.91999816894531,69.91999816894531,69.91999816894531,0
2017-02-03,67.38999938964844,67.38999938964844,67.38999938964844,67.38999938964844,0
2017-02-06,67.55000305175781,67.55000305175781,67.55000305175781,67.55000305175781,0
2017-02-07,68.06999969482422,68.06999969482422,68.06999969482422,68.06999969482422,0
2017-02-08,68.73999786376953,68.73999786376953,68.73999786376953,68.73999786376953,0
2017-02-09,68.94999694824219,68.94999694824219,68.94999694824219,68.94999694824219,0
2017-02-10,69.62999725341797,69.62999725341797,69.62999725341797,69.62999725341797,0
2017-02-13,68.83000183105469,68.83000183105469,68.83000183105469,68.83000183105469,0
2017-02-14,67.26000213623047,67.26000213623047,67.26000213623047,67.26000213623047,0
2017-02-15,65.51000213623047,65.51000213623047,65.51000213623047,65.51000213623047,0
2017-02-16,68.2300033569336,68.2300033569336,68.2300033569336,68.2300033569336,0
2017-02-17,69.77999877929688,69.77999877929688,69.77999877929688,69.77999877929688,0
2017-02-21,68.72000122070312,68.72000122070312,68.72000122070312,68.72000122070312,0
2017-02-22,69.26000213623047,69.26000213623047,69.26000213623047,69.26000213623047,0
2017-02-23,68.63999938964844,68.63999938964844,68.63999938964844,68.63999938964844,0
2017-02-24,69.8499984741211,69.8499984741211,69.8499984741211,69.8499984741211,0
2017-02-27,70.88999938964844,70.88999938964844,70.88999938964844,70.88999938964844,0
2017-03-02,69.54000091552734,69.54000091552734,69.54000091552734,69.54000091552734,0
2017-03-03,65.79000091552734,65.79000091552734,65.79000091552734,65.79000091552734,0
2017-03-06,65.41000366210938,65.41000366210938,65.41000366210938,65.41000366210938,0
2017-03-07,66.02999877929688,66.02999877929688,66.02999877929688,66.02999877929688,0
2017-03-08,66.61000061035156,66.61000061035156,66.61000061035156,66.61000061035156,0
2017-03-09,69.18000030517578,69.18000030517578,69.18000030517578,69.18000030517578,0
2017-03-10,67.69999694824219,67.69999694824219,67.69999694824219,67.69999694824219,0
2017-03-13,65.63999938964844,65.63999938964844,65.63999938964844,65.63999938964844,0
2017-03-14,65.18000030517578,65.18000030517578,65.18000030517578,65.18000030517578,0
2017-03-15,61.619998931884766,61.619998931884766,61.619998931884766,61.619998931884766,0
2017-03-16,60.439998626708984,60.439998626708984,60.439998626708984,60.439998626708984,0
2017-03-17,60.720001220703125,60.720001220703125,60.720001220703125,60.720001220703125,0
2017-03-20,59.81999969482422,59.81999969482422,59.81999969482422,59.81999969482422,0
2017-03-21,62.130001068115234,62.130001068115234,62.130001068115234,62.130001068115234,0
2017-03-23,65.22000122070312,65.22000122070312,65.22000122070312,65.22000122070312,0
2017-03-24,64.44999694824219,64.44999694824219,64.44999694824219,64.44999694824219,0
2017-03-27,62.68000030517578,62.68000030517578,62.68000030517578,62.68000030517578,0
2017-03-28,61.95000076293945,61.95000076293945,61.95000076293945,61.95000076293945,0
2017-03-29,61.02000045776367,61.02000045776367,61.02000045776367,61.02000045776367,0
2017-03-30,60.939998626708984,60.939998626708984,60.939998626708984,60.939998626708984,0
2017-03-31,60.70000076293945,60.70000076293945,60.70000076293945,60.70000076293945,0
2017-04-03,61.22999954223633,61.22999954223633,61.22999954223633,61.22999954223633,0
2017-04-04,64.7699966430664,64.7699966430664,64.7699966430664,64.7699966430664,0
2017-04-05,63.720001220703125,63.720001220703125,63.720001220703125,63.720001220703125,0
2017-04-06,68.25,68.25,68.25,68.25,0
2017-04-07,68.66000366210938,68.66000366210938,68.66000366210938,68.66000366210938,0
2017-04-10,68.5,68.5,68.5,68.5,0
2017-04-11,70.55999755859375,70.55999755859375,70.55999755859375,70.55999755859375,0
2017-04-12,73.41999816894531,73.41999816894531,73.41999816894531,73.41999816894531,0
2017-04-13,74.4800033569336,74.4800033569336,74.4800033569336,74.4800033569336,0
2017-04-17,70.95999908447266,70.95999908447266,70.95999908447266,70.95999908447266,0
2017-04-18,72.87000274658203,72.87000274658203,72.87000274658203,72.87000274658203,0
2017-04-19,73.12999725341797,73.12999725341797,73.12999725341797,73.12999725341797,0
2017-04-20,73.86000061035156,73.86000061035156,73.86000061035156,73.86000061035156,0
2017-04-21,77.1500015258789,77.1500015258789,77.1500015258789,77.1500015258789,0
2017-04-24,63.27000045776367,63.27000045776367,63.27000045776367,63.27000045776367,0
2017-04-25,62.36000061035156,62.36000061035156,62.36000061035156,62.36000061035156,0
2017-04-26,60.95000076293945,60.95000076293945,60.95000076293945,60.95000076293945,0
2017-04-27,59.81999969482422,59.81999969482422,59.81999969482422,59.81999969482422,0
2017-04-28,60.189998626708984,60.189998626708984,60.189998626708984,60.189998626708984,0
2017-05-01,59.400001525878906,59.400001525878906,59.400001525878906,59.400001525878906,0
2017-05-02,60.31999969482422,60.31999969482422,60.31999969482422,60.31999969482422,0
2017-05-03,59.380001068115234,59.380001068115234,59.380001068115234,59.380001068115234,0
2017-05-04,60.08000183105469,60.08000183105469,60.08000183105469,60.08000183105469,0
2017-05-05,58.720001220703125,58.720001220703125,58.720001220703125,58.720001220703125,0
2017-05-08,55.40999984741211,55.40999984741211,55.40999984741211,55.40999984741211,0
2017-05-09,55.220001220703125,55.220001220703125,55.220001220703125,55.220001220703125,0
2017-05-10,55.029998779296875,55.029998779296875,55.029998779296875,55.029998779296875,0
2017-05-11,54.470001220703125,54.470001220703125,54.470001220703125,54.470001220703125,0
2017-05-12,55.709999084472656,55.709999084472656,55.709999084472656,55.709999084472656,0
2017-05-15,56.72999954223633,56.72999954223633,56.72999954223633,56.72999954223633,0
2017-05-16,55.5,55.5,55.5,55.5,0
2017-05-17,62.58000183105469,62.58000183105469,62.58000183105469,62.58000183105469,0
2017-05-18,58.97999954223633,58.97999954223633,58.97999954223633,58.97999954223633,0
2017-05-19,57.81999969482422,57.81999969482422,57.81999969482422,57.81999969482422,0
2017-05-22,55.470001220703125,55.470001220703125,55.470001220703125,55.470001220703125,0
2017-05-24,54.40999984741211,54.40999984741211,54.40999984741211,54.40999984741211,0
2017-05-25,54.31999969482422,54.31999969482422,54.31999969482422,54.31999969482422,0
2017-05-26,54.04999923706055,54.04999923706055,54.04999923706055,54.04999923706055,0
2017-05-31,53.95000076293945,53.95000076293945,53.95000076293945,53.95000076293945,0
2017-06-01,54.0,54.0,54.0,54.0,0
2017-06-02,53.7400016784668,53.7400016784668,53.7400016784668,53.7400016784668,0
2017-06-05,53.0,53.0,53.0,53.0,0
2017-06-06,53.220001220703125,53.220001220703125,53.220001220703125,53.220001220703125,0
2017-06-07,54.79999923706055,54.79999923706055,54.79999923706055,54.79999923706055,0
2017-06-08,53.72999954223633,53.72999954223633,53.72999954223633,53.72999954223633,0
2017-06-09,52.560001373291016,52.560001373291016,52.560001373291016,52.560001373291016,0
2017-06-12,52.31999969482422,52.31999969482422,52.31999969482422,52.31999969482422,0
2017-06-13,51.66999816894531,51.66999816894531,51.66999816894531,51.66999816894531,0
2017-06-14,52.220001220703125,52.220001220703125,52.220001220703125,52.220001220703125,0
2017-06-15,51.59000015258789,51.59000015258789,51.59000015258789,51.59000015258789,0
2017-06-16,51.47999954223633,51.47999954223633,51.47999954223633,51.47999954223633,0
2017-06-19,51.599998474121094,51.599998474121094,51.599998474121094,51.599998474121094,0
2017-06-20,51.599998474121094,51.599998474121094,51.599998474121094,51.599998474121094,0
2017-06-21,51.63999938964844,51.63999938964844,51.63999938964844,51.63999938964844,0
2017-06-22,51.130001068115234,51.130001068115234,51.130001068115234,51.130001068115234,0
2017-06-23,51.15999984741211,51.15999984741211,51.15999984741211,51.15999984741211,0
2017-06-26,50.02000045776367,50.02000045776367,50.02000045776367,50.02000045776367,0
2017-06-27,52.099998474121094,52.099998474121094,52.099998474121094,52.099998474121094,0
2017-06-28,52.5099983215332,52.5099983215332,52.5099983215332,52.5099983215332,0
2017-06-29,54.65999984741211,54.65999984741211,54.65999984741211,54.65999984741211,0
2017-06-30,55.220001220703125,55.220001220703125,55.220001220703125,55.220001220703125,0
2017-07-03,55.25,55.25,55.25,55.25,0
2017-07-05,56.439998626708984,56.439998626708984,56.439998626708984,56.439998626708984,0
2017-07-06,56.959999084472656,56.959999084472656,56.959999084472656,56.959999084472656,0
2017-07-07,55.7599983215332,55.7599983215332,55.7599983215332,55.7599983215332,0
2017-07-10,53.18000030517578,53.18000030517578,53.18000030517578,53.18000030517578,0
2017-07-11,53.220001220703125,53.220001220703125,53.220001220703125,53.220001220703125,0
2017-07-12,52.43000030517578,52.43000030517578,52.43000030517578,52.43000030517578,0
2017-07-13,52.209999084472656,52.209999084472656,52.209999084472656,52.209999084472656,0
2017-07-14,51.029998779296875,51.029998779296875,51.029998779296875,51.029998779296875,0
2017-07-17,50.0,50.0,50.0,50.0,0
2017-07-18,49.54999923706055,49.54999923706055,49.54999923706055,49.54999923706055,0
2017-07-19,48.2599983215332,48.2599983215332,48.2599983215332,48.2599983215332,0
2017-07-20,47.0,47.0,47.0,47.0,0
2017-07-21,47.45000076293945,47.45000076293945,47.45000076293945,47.45000076293945,0
2017-07-24,47.0,47.0,47.0,47.0,0
2017-07-25,49.56999969482422,49.56999969482422,49.56999969482422,49.56999969482422,0
2017-07-26,47.279998779296875,47.279998779296875,47.279998779296875,47.279998779296875,0
2017-07-27,48.41999816894531,48.41999816894531,48.41999816894531,48.41999816894531,0
2017-07-28,48.529998779296875,48.529998779296875,48.529998779296875,48.529998779296875,0
2017-07-31,48.13999938964844,48.13999938964844,48.13999938964844,48.13999938964844,0
2017-08-01,49.970001220703125,49.970001220703125,49.970001220703125,49.970001220703125,0
2017-08-02,48.75,48.75,48.75,48.75,0
2017-08-03,47.93000030517578,47.93000030517578,47.93000030517578,47.93000030517578,0
2017-08-04,47.279998779296875,47.279998779296875,47.279998779296875,47.279998779296875,0
2017-08-07,46.90999984741211,46.90999984741211,46.90999984741211,46.90999984741211,0
2017-08-08,47.34000015258789,47.34000015258789,47.34000015258789,47.34000015258789,0
2017-08-09,49.66999816894531,49.66999816894531,49.66999816894531,49.66999816894531,0
2017-08-10,52.0,52.0,52.0,52.0,0
2017-08-11,52.060001373291016,52.060001373291016,52.060001373291016,52.060001373291016,0
2017-08-14,49.29999923706055,49.29999923706055,49.29999923706055,49.29999923706055,0
2017-08-15,48.630001068115234,48.630001068115234,48.630001068115234,48.630001068115234,0
2017-08-16,48.470001220703125,48.470001220703125,48.470001220703125,48.470001220703125,0
2017-08-17,48.84000015258789,48.84000015258789,48.84000015258789,48.84000015258789,0
2017-08-18,50.15999984741211,50.15999984741211,50.15999984741211,50.15999984741211,0
2017-08-21,52.060001373291016,52.060001373291016,52.060001373291016,52.060001373291016,0
2017-08-22,51.29999923706055,51.29999923706055,51.29999923706055,51.29999923706055,0
2017-08-23,52.08000183105469,52.08000183105469,52.08000183105469,52.08000183105469,0
2017-08-24,52.4900016784668,52.4900016784668,52.4900016784668,52.4900016784668,0
2017-08-25,50.560001373291016,50.560001373291016,50.560001373291016,50.560001373291016,0
2017-08-28,48.86000061035156,48.86000061035156,48.86000061035156,48.86000061035156,0
2017-08-29,51.400001525878906,51.400001525878906,51.400001525878906,51.400001525878906,0
2017-08-30,51.560001373291016,51.560001373291016,51.560001373291016,51.560001373291016,0
2017-08-31,51.130001068115234,51.130001068115234,51.130001068115234,51.130001068115234,0
2017-09-01,49.439998626708984,49.439998626708984,49.439998626708984,49.439998626708984,0
2017-09-05,53.31999969482422,53.31999969482422,53.31999969482422,53.31999969482422,0
2017-09-06,52.91999816894531,52.91999816894531,52.91999816894531,52.91999816894531,0
2017-09-07,54.0099983215332,54.0099983215332,54.0099983215332,54.0099983215332,0
2017-09-11,51.880001068115234,51.880001068115234,51.880001068115234,51.880001068115234,0
2017-09-12,51.650001525878906,51.650001525878906,51.650001525878906,51.650001525878906,0
2017-09-13,51.369998931884766,51.369998931884766,51.369998931884766,51.369998931884766,0
2017-09-14,50.72999954223633,50.72999954223633,50.72999954223633,50.72999954223633,0
2017-09-15,50.630001068115234,50.630001068115234,50.630001068115234,50.630001068115234,0
2017-09-18,50.15999984741211,50.15999984741211,50.15999984741211,50.15999984741211,0
2017-09-19,49.86000061035156,49.86000061035156,49.86000061035156,49.86000061035156,0
2017-09-20,49.150001525878906,49.150001525878906,49.150001525878906,49.150001525878906,0
2017-09-21,48.310001373291016,48.310001373291016,48.310001373291016,48.310001373291016,0
2017-09-22,50.52000045776367,50.52000045776367,50.52000045776367,50.52000045776367,0
2017-09-25,51.11000061035156,51.11000061035156,51.11000061035156,51.11000061035156,0
2017-09-26,50.63999938964844,50.63999938964844,50.63999938964844,50.63999938964844,0
2017-09-27,52.08000183105469,52.08000183105469,52.08000183105469,52.08000183105469,0
2017-09-28,51.86000061035156,51.86000061035156,51.86000061035156,51.86000061035156,0
2017-09-29,52.880001068115234,52.880001068115234,52.880001068115234,52.880001068115234,0
2017-10-02,54.459999084472656,54.459999084472656,54.459999084472656,54.459999084472656,0
2017-10-03,54.599998474121094,54.599998474121094,54.599998474121094,54.599998474121094,0
2017-10-04,54.4900016784668,54.4900016784668,54.4900016784668,54.4900016784668,0
2017-10-05,55.58000183105469,55.58000183105469,55.58000183105469,55.58000183105469,0
2017-10-06,54.97999954223633,54.97999954223633,54.97999954223633,54.97999954223633,0
2017-10-10,53.88999938964844,53.88999938964844,53.88999938964844,53.88999938964844,0
2017-10-11,52.689998626708984,52.689998626708984,52.689998626708984,52.689998626708984,0
2017-10-12,51.81999969482422,51.81999969482422,51.81999969482422,51.81999969482422,0
2017-10-13,50.849998474121094,50.849998474121094,50.849998474121094,50.849998474121094,0
2017-10-17,49.029998779296875,49.029998779296875,49.029998779296875,49.029998779296875,0
2017-10-18,50.290000915527344,50.290000915527344,50.290000915527344,50.290000915527344,0
2017-10-19,51.4900016784668,51.4900016784668,51.4900016784668,51.4900016784668,0
2017-10-20,53.97999954223633,53.97999954223633,53.97999954223633,53.97999954223633,0
2017-10-23,54.099998474121094,54.099998474121094,54.099998474121094,54.099998474121094,0
2017-10-24,55.939998626708984,55.939998626708984,55.939998626708984,55.939998626708984,0
2017-10-25,57.36000061035156,57.36000061035156,57.36000061035156,57.36000061035156,0
2017-10-26,57.349998474121094,57.349998474121094,57.349998474121094,57.349998474121094,0
2017-10-27,54.66999816894531,54.66999816894531,54.66999816894531,54.66999816894531,0
2017-10-30,51.689998626708984,51.689998626708984,51.689998626708984,51.689998626708984,0
2017-10-31,51.150001525878906,51.150001525878906,51.150001525878906,51.150001525878906,0
2017-11-01,49.939998626708984,49.939998626708984,49.939998626708984,49.939998626708984,0
2017-11-02,48.72999954223633,48.72999954223633,48.72999954223633,48.72999954223633,0
2017-11-03,45.83000183105469,45.83000183105469,45.83000183105469,45.83000183105469,0
2017-11-06,45.04999923706055,45.04999923706055,45.04999923706055,45.04999923706055,0
2017-11-07,44.20000076293945,44.20000076293945,44.20000076293945,44.20000076293945,0
2017-11-08,43.970001220703125,43.970001220703125,43.970001220703125,43.970001220703125,0
2017-11-09,44.9900016784668,44.9900016784668,44.9900016784668,44.9900016784668,0
2017-11-10,47.290000915527344,47.290000915527344,47.290000915527344,47.290000915527344,0
2017-11-13,46.38999938964844,46.38999938964844,46.38999938964844,46.38999938964844,0
2017-11-14,47.77000045776367,47.77000045776367,47.77000045776367,47.77000045776367,0
2017-11-15,48.0,48.0,48.0,48.0,0
2017-11-16,47.7400016784668,47.7400016784668,47.7400016784668,47.7400016784668,0
2017-11-17,49.09000015258789,49.09000015258789,49.09000015258789,49.09000015258789,0
2017-11-20,48.099998474121094,48.099998474121094,48.099998474121094,48.099998474121094,0
2017-11-21,48.09000015258789,48.09000015258789,48.09000015258789,48.09000015258789,0
2017-11-22,46.880001068115234,46.880001068115234,46.880001068115234,46.880001068115234,0
2017-11-24,46.15999984741211,46.15999984741211,46.15999984741211,46.15999984741211,0
2017-11-27,45.290000915527344,45.290000915527344,45.290000915527344,45.290000915527344,0
2017-11-28,44.93000030517578,44.93000030517578,44.93000030517578,44.93000030517578,0
2017-11-29,45.540000915527344,45.540000915527344,45.540000915527344,45.540000915527344,0
2017-11-30,46.83000183105469,46.83000183105469,46.83000183105469,46.83000183105469,0
2017-12-01,50.16999816894531,50.16999816894531,50.16999816894531,50.16999816894531,0
2017-12-04,48.7599983215332,48.7599983215332,48.7599983215332,48.7599983215332,0
2017-12-05,49.2400016784668,49.2400016784668,49.2400016784668,49.2400016784668,0
2017-12-06,49.31999969482422,49.31999969482422,49.31999969482422,49.31999969482422,0
2017-12-07,49.2400016784668,49.2400016784668,49.2400016784668,49.2400016784668,0
2017-12-08,47.4900016784668,47.4900016784668,47.4900016784668,47.4900016784668,0
2017-12-11,46.56999969482422,46.56999969482422,46.56999969482422,46.56999969482422,0
2017-12-12,46.75,46.75,46.75,46.75,0
2017-12-13,45.029998779296875,45.029998779296875,45.029998779296875,45.029998779296875,0
2017-12-14,44.84000015258789,44.84000015258789,44.84000015258789,44.84000015258789,0
2017-12-15,46.43000030517578,46.43000030517578,46.43000030517578,46.43000030517578,0
2017-12-18,46.72999954223633,46.72999954223633,46.72999954223633,46.72999954223633,0
2017-12-19,48.959999084472656,48.959999084472656,48.959999084472656,48.959999084472656,0
2017-12-20,49.95000076293945,49.95000076293945,49.95000076293945,49.95000076293945,0
2017-12-21,51.599998474121094,51.599998474121094,51.599998474121094,51.599998474121094,0
2017-12-22,50.380001068115234,50.380001068115234,50.380001068115234,50.380001068115234,0
2017-12-26,48.81999969482422,48.81999969482422,48.81999969482422,48.81999969482422,0
2017-12-27,47.72999954223633,47.72999954223633,47.72999954223633,47.72999954223633,0
2017-12-28,46.189998626708984,46.189998626708984,46.189998626708984,46.189998626708984,0
2017-12-29,46.599998474121094,46.599998474121094,46.599998474121094,46.599998474121094,0
2018-01-02,49.16999816894531,49.16999816894531,49.16999816894531,49.16999816894531,0
2018-01-03,47.599998474121094,47.599998474121094,47.599998474121094,47.599998474121094,0
2018-01-04,47.380001068115234,47.380001068115234,47.380001068115234,47.380001068115234,0
2018-01-05,46.06999969482422,46.06999969482422,46.06999969482422,46.06999969482422,0
2018-01-08,45.900001525878906,45.900001525878906,45.900001525878906,45.900001525878906,0
2018-01-09,47.290000915527344,47.290000915527344,47.290000915527344,47.290000915527344,0
2018-01-10,49.16999816894531,49.16999816894531,49.16999816894531,49.16999816894531,0
2018-01-11,48.189998626708984,48.189998626708984,48.189998626708984,48.189998626708984,0
2018-01-12,47.61000061035156,47.61000061035156,47.61000061035156,47.61000061035156,0
2018-01-16,45.90999984741211,45.90999984741211,45.90999984741211,45.90999984741211,0
2018-01-17,45.880001068115234,45.880001068115234,45.880001068115234,45.880001068115234,0
2018-01-18,48.54999923706055,48.54999923706055,48.54999923706055,48.54999923706055,0
2018-01-22,52.599998474121094,52.599998474121094,52.599998474121094,52.599998474121094,0
2018-01-23,52.54999923706055,52.54999923706055,52.54999923706055,52.54999923706055,0
2018-01-24,54.11000061035156,54.11000061035156,54.11000061035156,54.11000061035156,0
2018-01-25,53.380001068115234,53.380001068115234,53.380001068115234,53.380001068115234,0
2018-01-26,55.630001068115234,55.630001068115234,55.630001068115234,55.630001068115234,0
2018-01-29,55.97999954223633,55.97999954223633,55.97999954223633,55.97999954223633,0
2018-01-30,57.279998779296875,57.279998779296875,57.279998779296875,57.279998779296875,0
2018-01-31,57.20000076293945,57.20000076293945,57.20000076293945,57.20000076293945,0
2018-02-01,57.83000183105469,57.83000183105469,57.83000183105469,57.83000183105469,0
2018-02-02,60.33000183105469,60.33000183105469,60.33000183105469,60.33000183105469,0
2018-02-05,60.40999984741211,60.40999984741211,60.40999984741211,60.40999984741211,0
2018-02-07,66.06999969482422,66.06999969482422,66.06999969482422,66.06999969482422,0
2018-02-08,67.8499984741211,67.8499984741211,67.8499984741211,67.8499984741211,0
2018-02-12,69.86000061035156,69.86000061035156,69.86000061035156,69.86000061035156,0
2018-02-13,68.97000122070312,68.97000122070312,68.97000122070312,68.97000122070312,0
2018-02-14,69.5199966430664,69.5199966430664,69.5199966430664,69.5199966430664,0
2018-02-15,66.68000030517578,66.68000030517578,66.68000030517578,66.68000030517578,0
2018-02-16,63.029998779296875,63.029998779296875,63.029998779296875,63.029998779296875,0
2018-02-20,60.2599983215332,60.2599983215332,60.2599983215332,60.2599983215332,0
2018-02-21,61.15999984741211,61.15999984741211,61.15999984741211,61.15999984741211,0
2018-02-22,61.13999938964844,61.13999938964844,61.13999938964844,61.13999938964844,0
2018-02-23,64.5999984741211,64.5999984741211,64.5999984741211,64.5999984741211,0
2018-02-26,63.720001220703125,63.720001220703125,63.720001220703125,63.720001220703125,0
2018-02-27,63.93000030517578,63.93000030517578,63.93000030517578,63.93000030517578,0
2018-02-28,62.970001220703125,62.970001220703125,62.970001220703125,62.970001220703125,0
2018-03-01,63.65999984741211,63.65999984741211,63.65999984741211,63.65999984741211,0
2018-03-02,65.30000305175781,65.30000305175781,65.30000305175781,65.30000305175781,0
2018-03-05,64.70999908447266,64.70999908447266,64.70999908447266,64.70999908447266,0
2018-03-06,63.5,63.5,63.5,63.5,0
2018-03-07,63.349998474121094,63.349998474121094,63.349998474121094,63.349998474121094,0
2018-03-08,61.58000183105469,61.58000183105469,61.58000183105469,61.58000183105469,0
2018-03-09,58.970001220703125,58.970001220703125,58.970001220703125,58.970001220703125,0
2018-03-12,58.290000915527344,58.290000915527344,58.290000915527344,58.290000915527344,0
2018-03-13,55.06999969482422,55.06999969482422,55.06999969482422,55.06999969482422,0
2018-03-14,57.849998474121094,57.849998474121094,57.849998474121094,57.849998474121094,0
2018-03-15,57.709999084472656,57.709999084472656,57.709999084472656,57.709999084472656,0
2018-03-16,59.0099983215332,59.0099983215332,59.0099983215332,59.0099983215332,0
2018-03-19,59.97999954223633,59.97999954223633,59.97999954223633,59.97999954223633,0
2018-03-20,57.88999938964844,57.88999938964844,57.88999938964844,57.88999938964844,0
2018-03-21,55.720001220703125,55.720001220703125,55.720001220703125,55.720001220703125,0
2018-03-22,55.93000030517578,55.93000030517578,55.93000030517578,55.93000030517578,0
2018-03-23,56.16999816894531,56.16999816894531,56.16999816894531,56.16999816894531,0
2018-03-26,54.54999923706055,54.54999923706055,54.54999923706055,54.54999923706055,0
2018-03-27,56.27000045776367,56.27000045776367,56.27000045776367,56.27000045776367,0
2018-03-28,58.349998474121094,58.349998474121094,58.349998474121094,58.349998474121094,0
2018-03-29,58.540000915527344,58.540000915527344,58.540000915527344,58.540000915527344,0
2018-04-02,58.65999984741211,58.65999984741211,58.65999984741211,58.65999984741211,0
2018-04-03,56.02000045776367,56.02000045776367,56.02000045776367,56.02000045776367,0
2018-04-04,55.349998474121094,55.349998474121094,55.349998474121094,55.349998474121094,0
2018-04-05,53.720001220703125,53.720001220703125,53.720001220703125,53.720001220703125,0
2018-04-06,56.06999969482422,56.06999969482422,56.06999969482422,56.06999969482422,0
2018-04-09,52.5099983215332,52.5099983215332,52.5099983215332,52.5099983215332,0
2018-04-10,51.43000030517578,51.43000030517578,51.43000030517578,51.43000030517578,0
2018-04-11,50.5,50.5,50.5,50.5,0
2018-04-12,51.4900016784668,51.4900016784668,51.4900016784668,51.4900016784668,0
2018-04-13,51.13999938964844,51.13999938964844,51.13999938964844,51.13999938964844,0
2018-04-16,49.7400016784668,49.7400016784668,49.7400016784668,49.7400016784668,0
2018-04-17,48.34000015258789,48.34000015258789,48.34000015258789,48.34000015258789,0
2018-04-18,50.0,50.0,50.0,50.0,0
2018-04-19,51.099998474121094,51.099998474121094,51.099998474121094,51.099998474121094,0
2018-04-20,52.709999084472656,52.709999084472656,52.709999084472656,52.709999084472656,0
2018-04-23,52.790000915527344,52.790000915527344,52.790000915527344,52.790000915527344,0
2018-04-24,53.0,53.0,53.0,53.0,0
2018-04-25,55.20000076293945,55.20000076293945,55.20000076293945,55.20000076293945,0
2018-04-26,53.13999938964844,53.13999938964844,53.13999938964844,53.13999938964844,0
2018-04-27,51.27000045776367,51.27000045776367,51.27000045776367,51.27000045776367,0
2018-04-30,50.349998474121094,50.349998474121094,50.349998474121094,50.349998474121094,0
2018-05-01,51.779998779296875,51.779998779296875,51.779998779296875,51.779998779296875,0
2018-05-02,49.04999923706055,49.04999923706055,49.04999923706055,49.04999923706055,0
2018-05-03,49.43000030517578,49.43000030517578,49.43000030517578,49.43000030517578,0
2018-05-07,48.02000045776367,48.02000045776367,48.02000045776367,48.02000045776367,0
2018-05-08,48.81999969482422,48.81999969482422,48.81999969482422,48.81999969482422,0
2018-05-09,49.369998931884766,49.369998931884766,49.369998931884766,49.369998931884766,0
2018-05-10,47.810001373291016,47.810001373291016,47.810001373291016,47.810001373291016,0
2018-05-11,47.060001373291016,47.060001373291016,47.060001373291016,47.060001373291016,0
2018-05-14,48.34000015258789,48.34000015258789,48.34000015258789,48.34000015258789,0
2018-05-15,52.65999984741211,52.65999984741211,52.65999984741211,52.65999984741211,0
2018-05-16,55.130001068115234,55.130001068115234,55.130001068115234,55.130001068115234,0
2018-05-17,54.189998626708984,54.189998626708984,54.189998626708984,54.189998626708984,0
2018-05-18,53.2599983215332,53.2599983215332,53.2599983215332,53.2599983215332,0
2018-05-21,53.08000183105469,53.08000183105469,53.08000183105469,53.08000183105469,0
2018-05-22,52.56999969482422,52.56999969482422,52.56999969482422,52.56999969482422,0
2018-05-23,53.27000045776367,53.27000045776367,53.27000045776367,53.27000045776367,0
2018-05-24,52.15999984741211,52.15999984741211,52.15999984741211,52.15999984741211,0
2018-05-25,54.099998474121094,54.099998474121094,54.099998474121094,54.099998474121094,0
2018-05-29,63.0,63.0,63.0,63.0,0
2018-05-30,61.86000061035156,61.86000061035156,61.86000061035156,61.86000061035156,0
2018-05-31,60.540000915527344,60.540000915527344,60.540000915527344,60.540000915527344,0
2018-06-01,56.939998626708984,56.939998626708984,56.939998626708984,56.939998626708984,0
2018-06-04,54.29999923706055,54.29999923706055,54.29999923706055,54.29999923706055,0
2018-06-05,54.459999084472656,54.459999084472656,54.459999084472656,54.459999084472656,0
2018-06-06,56.439998626708984,56.439998626708984,56.439998626708984,56.439998626708984,0
2018-06-07,56.58000183105469,56.58000183105469,56.58000183105469,56.58000183105469,0
2018-06-08,59.56999969482422,59.56999969482422,59.56999969482422,59.56999969482422,0
2018-06-11,57.83000183105469,57.83000183105469,57.83000183105469,57.83000183105469,0
2018-06-12,55.959999084472656,55.959999084472656,55.959999084472656,55.959999084472656,0
2018-06-13,53.790000915527344,53.790000915527344,53.790000915527344,53.790000915527344,0
2018-06-14,52.5,52.5,52.5,52.5,0
2018-06-15,53.08000183105469,53.08000183105469,53.08000183105469,53.08000183105469,0
2018-06-18,52.33000183105469,52.33000183105469,52.33000183105469,52.33000183105469,0
2018-06-19,52.400001525878906,52.400001525878906,52.400001525878906,52.400001525878906,0
2018-06-20,51.91999816894531,51.91999816894531,51.91999816894531,51.91999816894531,0
2018-06-21,53.09000015258789,53.09000015258789,53.09000015258789,53.09000015258789,0
2018-06-22,53.029998779296875,53.029998779296875,53.029998779296875,53.029998779296875,0
2018-06-25,53.040000915527344,53.040000915527344,53.040000915527344,53.040000915527344,0
2018-06-26,51.29999923706055,51.29999923706055,51.29999923706055,51.29999923706055,0
2018-06-27,53.04999923706055,53.04999923706055,53.04999923706055,53.04999923706055,0
2018-06-28,52.130001068115234,52.130001068115234,52.130001068115234,52.130001068115234,0
2018-06-29,51.16999816894531,51.16999816894531,51.16999816894531,51.16999816894531,0
2018-07-02,50.25,50.25,50.25,50.25,0
2018-07-03,51.220001220703125,51.220001220703125,51.220001220703125,51.220001220703125,0
2018-07-05,51.459999084472656,51.459999084472656,51.459999084472656,51.459999084472656,0
2018-07-06,50.130001068115234,50.130001068115234,50.130001068115234,50.130001068115234,0
2018-07-09,49.689998626708984,49.689998626708984,49.689998626708984,49.689998626708984,0
2018-07-10,49.810001373291016,49.810001373291016,49.810001373291016,49.810001373291016,0
2018-07-11,50.47999954223633,50.47999954223633,50.47999954223633,50.47999954223633,0
2018-07-12,48.56999969482422,48.56999969482422,48.56999969482422,48.56999969482422,0
2018-07-13,48.279998779296875,48.279998779296875,48.279998779296875,48.279998779296875,0
2018-07-16,47.790000915527344,47.790000915527344,47.790000915527344,47.790000915527344,0
2018-07-17,46.63999938964844,46.63999938964844,46.63999938964844,46.63999938964844,0
2018-07-18,45.2599983215332,45.2599983215332,45.2599983215332,45.2599983215332,0
2018-07-19,47.11000061035156,47.11000061035156,47.11000061035156,47.11000061035156,0
2018-07-20,49.04999923706055,49.04999923706055,49.04999923706055,49.04999923706055,0
2018-07-23,51.5099983215332,51.5099983215332,51.5099983215332,51.5099983215332,0
2018-07-24,50.310001373291016,50.310001373291016,50.310001373291016,50.310001373291016,0
2018-07-25,48.290000915527344,48.290000915527344,48.290000915527344,48.290000915527344,0
2018-07-26,49.27000045776367,49.27000045776367,49.27000045776367,49.27000045776367,0
2018-07-27,48.83000183105469,48.83000183105469,48.83000183105469,48.83000183105469,0
2018-07-30,49.41999816894531,49.41999816894531,49.41999816894531,49.41999816894531,0
2018-07-31,46.5,46.5,46.5,46.5,0
2018-08-01,48.380001068115234,48.380001068115234,48.380001068115234,48.380001068115234,0
2018-08-02,48.0,48.0,48.0,48.0,0
2018-08-03,47.66999816894531,47.66999816894531,47.66999816894531,47.66999816894531,0
2018-08-06,46.86000061035156,46.86000061035156,46.86000061035156,46.86000061035156,0
2018-08-07,47.150001525878906,47.150001525878906,47.150001525878906,47.150001525878906,0
2018-08-08,46.84000015258789,46.84000015258789,46.84000015258789,46.84000015258789,0
2018-08-09,47.349998474121094,47.349998474121094,47.349998474121094,47.349998474121094,0
2018-08-10,50.630001068115234,50.630001068115234,50.630001068115234,50.630001068115234,0
2018-08-13,50.77000045776367,50.77000045776367,50.77000045776367,50.77000045776367,0
2018-08-14,49.84000015258789,49.84000015258789,49.84000015258789,49.84000015258789,0
2018-08-15,51.52000045776367,51.52000045776367,51.52000045776367,51.52000045776367,0
2018-08-16,50.61000061035156,50.61000061035156,50.61000061035156,50.61000061035156,0
2018-08-17,50.689998626708984,50.689998626708984,50.689998626708984,50.689998626708984,0
2018-08-20,50.970001220703125,50.970001220703125,50.970001220703125,50.970001220703125,0
2018-08-21,50.31999969482422,50.31999969482422,50.31999969482422,50.31999969482422,0
2018-08-22,49.63999938964844,49.63999938964844,49.63999938964844,49.63999938964844,0
2018-08-23,49.20000076293945,49.20000076293945,49.20000076293945,49.20000076293945,0
2018-08-24,49.15999984741211,49.15999984741211,49.15999984741211,49.15999984741211,0
2018-08-27,49.380001068115234,49.380001068115234,49.380001068115234,49.380001068115234,0
2018-08-28,49.95000076293945,49.95000076293945,49.95000076293945,49.95000076293945,0
2018-08-29,49.099998474121094,49.099998474121094,49.099998474121094,49.099998474121094,0
2018-08-30,50.40999984741211,50.40999984741211,50.40999984741211,50.40999984741211,0
2018-08-31,50.709999084472656,50.709999084472656,50.709999084472656,50.709999084472656,0
2018-09-04,49.56999969482422,49.56999969482422,49.56999969482422,49.56999969482422,0
2018-09-05,48.400001525878906,48.400001525878906,48.400001525878906,48.400001525878906,0
2018-09-06,48.650001525878906,48.650001525878906,48.650001525878906,48.650001525878906,0
2018-09-07,49.43000030517578,49.43000030517578,49.43000030517578,49.43000030517578,0
2018-09-10,47.689998626708984,47.689998626708984,47.689998626708984,47.689998626708984,0
2018-09-11,47.970001220703125,47.970001220703125,47.970001220703125,47.970001220703125,0
2018-09-12,46.790000915527344,46.790000915527344,46.790000915527344,46.790000915527344,0
2018-09-13,46.060001373291016,46.060001373291016,46.060001373291016,46.060001373291016,0
2018-09-14,47.45000076293945,47.45000076293945,47.45000076293945,47.45000076293945,0
2018-09-17,46.810001373291016,46.810001373291016,46.810001373291016,46.810001373291016,0
2018-09-18,47.970001220703125,47.970001220703125,47.970001220703125,47.970001220703125,0
2018-09-19,48.790000915527344,48.790000915527344,48.790000915527344,48.790000915527344,0
2018-09-20,49.34000015258789,49.34000015258789,49.34000015258789,49.34000015258789,0
2018-09-21,48.83000183105469,48.83000183105469,48.83000183105469,48.83000183105469,0
2018-09-24,48.310001373291016,48.310001373291016,48.310001373291016,48.310001373291016,0
2018-09-25,49.380001068115234,49.380001068115234,49.380001068115234,49.380001068115234,0
2018-09-26,47.439998626708984,47.439998626708984,47.439998626708984,47.439998626708984,0
2018-09-27,45.709999084472656,45.709999084472656,45.709999084472656,45.709999084472656,0
2018-09-28,46.15999984741211,46.15999984741211,46.15999984741211,46.15999984741211,0
2018-10-01,44.279998779296875,44.279998779296875,44.279998779296875,44.279998779296875,0
2018-10-02,45.349998474121094,45.349998474121094,45.349998474121094,45.349998474121094,0
2018-10-03,50.209999084472656,50.209999084472656,50.209999084472656,50.209999084472656,0
2018-10-04,55.06999969482422,55.06999969482422,55.06999969482422,55.06999969482422,0
2018-10-05,55.189998626708984,55.189998626708984,55.189998626708984,55.189998626708984,0
2018-10-09,53.45000076293945,53.45000076293945,53.45000076293945,53.45000076293945,0
2018-10-10,55.70000076293945,55.70000076293945,55.70000076293945,55.70000076293945,0
2018-10-11,56.06999969482422,56.06999969482422,56.06999969482422,56.06999969482422,0
2018-10-12,54.369998931884766,54.369998931884766,54.369998931884766,54.369998931884766,0
2018-10-15,51.25,51.25,51.25,51.25,0
2018-10-16,50.18000030517578,50.18000030517578,50.18000030517578,50.18000030517578,0
2018-10-17,48.9900016784668,48.9900016784668,48.9900016784668,48.9900016784668,0
2018-10-18,52.63999938964844,52.63999938964844,52.63999938964844,52.63999938964844,0
2018-10-19,52.040000915527344,52.040000915527344,52.040000915527344,52.040000915527344,0
2018-10-22,51.849998474121094,51.849998474121094,51.849998474121094,51.849998474121094,0
2018-10-23,55.0099983215332,55.0099983215332,55.0099983215332,55.0099983215332,0
2018-10-24,57.689998626708984,57.689998626708984,57.689998626708984,57.689998626708984,0
2018-10-25,56.70000076293945,56.70000076293945,56.70000076293945,56.70000076293945,0
2018-10-26,62.70000076293945,62.70000076293945,62.70000076293945,62.70000076293945,0
2018-10-29,59.77000045776367,59.77000045776367,59.77000045776367,59.77000045776367,0
2018-10-30,61.790000915527344,61.790000915527344,61.790000915527344,61.790000915527344,0
2018-10-31,60.130001068115234,60.130001068115234,60.130001068115234,60.130001068115234,0
2018-11-01,58.540000915527344,58.540000915527344,58.540000915527344,58.540000915527344,0
2018-11-02,61.41999816894531,61.41999816894531,61.41999816894531,61.41999816894531,0
2018-11-05,59.900001525878906,59.900001525878906,59.900001525878906,59.900001525878906,0
2018-11-06,59.0099983215332,59.0099983215332,59.0099983215332,59.0099983215332,0
2018-11-08,51.58000183105469,51.58000183105469,51.58000183105469,51.58000183105469,0
2018-11-09,53.540000915527344,53.540000915527344,53.540000915527344,53.540000915527344,0
2018-11-13,52.22999954223633,52.22999954223633,52.22999954223633,52.22999954223633,0
2018-11-14,53.900001525878906,53.900001525878906,53.900001525878906,53.900001525878906,0
2018-11-15,56.220001220703125,56.220001220703125,56.220001220703125,56.220001220703125,0
2018-11-16,60.43000030517578,60.43000030517578,60.43000030517578,60.43000030517578,0
2018-11-19,59.470001220703125,59.470001220703125,59.470001220703125,59.470001220703125,0
2018-11-20,59.4900016784668,59.4900016784668,59.4900016784668,59.4900016784668,0
2018-11-21,57.650001525878906,57.650001525878906,57.650001525878906,57.650001525878906,0
2018-11-23,57.310001373291016,57.310001373291016,57.310001373291016,57.310001373291016,0
2018-11-26,51.529998779296875,51.529998779296875,51.529998779296875,51.529998779296875,0
2018-11-27,51.2400016784668,51.2400016784668,51.2400016784668,51.2400016784668,0
2018-11-28,50.7599983215332,50.7599983215332,50.7599983215332,50.7599983215332,0
2018-11-29,50.91999816894531,50.91999816894531,50.91999816894531,50.91999816894531,0
2018-11-30,52.43000030517578,52.43000030517578,52.43000030517578,52.43000030517578,0
2018-12-03,50.310001373291016,50.310001373291016,50.310001373291016,50.310001373291016,0
2018-12-04,53.86000061035156,53.86000061035156,53.86000061035156,53.86000061035156,0
2018-12-07,60.7400016784668,60.7400016784668,60.7400016784668,60.7400016784668,0
2018-12-10,60.2599983215332,60.2599983215332,60.2599983215332,60.2599983215332,0
2018-12-11,58.72999954223633,58.72999954223633,58.72999954223633,58.72999954223633,0
2018-12-12,58.22999954223633,58.22999954223633,58.22999954223633,58.22999954223633,0
2018-12-13,55.75,55.75,55.75,55.75,0
2018-12-14,56.130001068115234,56.130001068115234,56.130001068115234,56.130001068115234,0
2018-12-17,55.40999984741211,55.40999984741211,55.40999984741211,55.40999984741211,0
2018-12-18,59.400001525878906,59.400001525878906,59.400001525878906,59.400001525878906,0
2018-12-19,59.0099983215332,59.0099983215332,59.0099983215332,59.0099983215332,0
2018-12-20,58.7599983215332,58.7599983215332,58.7599983215332,58.7599983215332,0
2018-12-21,61.61000061035156,61.61000061035156,61.61000061035156,61.61000061035156,0
2018-12-24,66.04000091552734,66.04000091552734,66.04000091552734,66.04000091552734,0
2018-12-26,63.88999938964844,63.88999938964844,63.88999938964844,63.88999938964844,0
2018-12-27,68.33999633789062,68.33999633789062,68.33999633789062,68.33999633789062,0
2018-12-28,66.66000366210938,66.66000366210938,66.66000366210938,66.66000366210938,0
2018-12-31,66.58000183105469,66.58000183105469,66.58000183105469,66.58000183105469,0
2019-01-02,62.79999923706055,62.79999923706055,62.79999923706055,62.79999923706055,0
2019-01-03,65.79000091552734,65.79000091552734,65.79000091552734,65.79000091552734,0
2019-01-04,65.81999969482422,65.81999969482422,65.81999969482422,65.81999969482422,0
2019-01-07,60.880001068115234,60.880001068115234,60.880001068115234,60.880001068115234,0
2019-01-08,59.04999923706055,59.04999923706055,59.04999923706055,59.04999923706055,0
2019-01-09,57.02000045776367,57.02000045776367,57.02000045776367,57.02000045776367,0
2019-01-10,56.650001525878906,56.650001525878906,56.650001525878906,56.650001525878906,0
2019-01-11,55.939998626708984,55.939998626708984,55.939998626708984,55.939998626708984,0
2019-01-14,55.34000015258789,55.34000015258789,55.34000015258789,55.34000015258789,0
2019-01-15,53.0099983215332,53.0099983215332,53.0099983215332,53.0099983215332,0
2019-01-16,51.95000076293945,51.95000076293945,51.95000076293945,51.95000076293945,0
2019-01-17,53.439998626708984,53.439998626708984,53.439998626708984,53.439998626708984,0
2019-01-18,53.779998779296875,53.779998779296875,53.779998779296875,53.779998779296875,0
2019-01-22,54.63999938964844,54.63999938964844,54.63999938964844,54.63999938964844,0
2019-01-23,54.189998626708984,54.189998626708984,54.189998626708984,54.189998626708984,0
2019-01-24,54.18000030517578,54.18000030517578,54.18000030517578,54.18000030517578,0
2019-01-25,52.5,52.5,52.5,52.5,0
2019-01-28,50.95000076293945,50.95000076293945,50.95000076293945,50.95000076293945,0
2019-01-29,49.79999923706055,49.79999923706055,49.79999923706055,49.79999923706055,0
2019-01-30,48.31999969482422,48.31999969482422,48.31999969482422,48.31999969482422,0
2019-01-31,49.810001373291016,49.810001373291016,49.810001373291016,49.810001373291016,0
2019-02-01,48.790000915527344,48.790000915527344,48.790000915527344,48.790000915527344,0
2019-02-04,48.869998931884766,48.869998931884766,48.869998931884766,48.869998931884766,0
2019-02-05,48.619998931884766,48.619998931884766,48.619998931884766,48.619998931884766,0
2019-02-06,47.439998626708984,47.439998626708984,47.439998626708984,47.439998626708984,0
2019-02-07,48.970001220703125,48.970001220703125,48.970001220703125,48.970001220703125,0
2019-02-08,49.630001068115234,49.630001068115234,49.630001068115234,49.630001068115234,0
2019-02-11,48.31999969482422,48.31999969482422,48.31999969482422,48.31999969482422,0
2019-02-12,49.02000045776367,49.02000045776367,49.02000045776367,49.02000045776367,0
2019-02-13,48.16999816894531,48.16999816894531,48.16999816894531,48.16999816894531,0
2019-02-14,47.189998626708984,47.189998626708984,47.189998626708984,47.189998626708984,0
2019-02-15,45.72999954223633,45.72999954223633,45.72999954223633,45.72999954223633,0
2019-02-19,45.060001373291016,45.060001373291016,45.060001373291016,45.060001373291016,0
2019-02-20,44.540000915527344,44.540000915527344,44.540000915527344,44.540000915527344,0
2019-02-21,46.54999923706055,46.54999923706055,46.54999923706055,46.54999923706055,0
2019-02-22,47.220001220703125,47.220001220703125,47.220001220703125,47.220001220703125,0
2019-02-25,46.15999984741211,46.15999984741211,46.15999984741211,46.15999984741211,0
2019-02-26,46.279998779296875,46.279998779296875,46.279998779296875,46.279998779296875,0
2019-02-28,47.220001220703125,47.220001220703125,47.220001220703125,47.220001220703125,0
2019-03-01,47.900001525878906,47.900001525878906,47.900001525878906,47.900001525878906,0
2019-03-04,46.7400016784668,46.7400016784668,46.7400016784668,46.7400016784668,0
2019-03-05,45.86000061035156,45.86000061035156,45.86000061035156,45.86000061035156,0
2019-03-06,45.630001068115234,45.630001068115234,45.630001068115234,45.630001068115234,0
2019-03-07,45.83000183105469,45.83000183105469,45.83000183105469,45.83000183105469,0
2019-03-08,45.83000183105469,45.83000183105469,45.83000183105469,45.83000183105469,0
2019-03-11,44.84000015258789,44.84000015258789,44.84000015258789,44.84000015258789,0
2019-03-12,44.86000061035156,44.86000061035156,44.86000061035156,44.86000061035156,0
2019-03-13,44.56999969482422,44.56999969482422,44.56999969482422,44.56999969482422,0
2019-03-14,45.2400016784668,45.2400016784668,45.2400016784668,45.2400016784668,0
2019-03-15,46.04999923706055,46.04999923706055,46.04999923706055,46.04999923706055,0
2019-03-18,44.95000076293945,44.95000076293945,44.95000076293945,44.95000076293945,0
2019-03-19,43.68000030517578,43.68000030517578,43.68000030517578,43.68000030517578,0
2019-03-20,42.529998779296875,42.529998779296875,42.529998779296875,42.529998779296875,0
2019-03-21,44.5099983215332,44.5099983215332,44.5099983215332,44.5099983215332,0
2019-03-22,52.2599983215332,52.2599983215332,52.2599983215332,52.2599983215332,0
2019-03-25,57.11000061035156,57.11000061035156,57.11000061035156,57.11000061035156,0
2019-03-26,56.5099983215332,56.5099983215332,56.5099983215332,56.5099983215332,0
2019-03-27,60.970001220703125,60.970001220703125,60.970001220703125,60.970001220703125,0
2019-03-28,59.93000030517578,59.93000030517578,59.93000030517578,59.93000030517578,0
2019-03-29,58.54999923706055,58.54999923706055,58.54999923706055,58.54999923706055,0
2019-04-01,52.689998626708984,52.689998626708984,52.689998626708984,52.689998626708984,0
2019-04-02,54.209999084472656,54.209999084472656,54.209999084472656,54.209999084472656,0
2019-04-03,53.84000015258789,53.84000015258789,53.84000015258789,53.84000015258789,0
2019-04-04,51.70000076293945,51.70000076293945,51.70000076293945,51.70000076293945,0
2019-04-05,49.220001220703125,49.220001220703125,49.220001220703125,49.220001220703125,0
2019-04-08,47.88999938964844,47.88999938964844,47.88999938964844,47.88999938964844,0
2019-04-09,48.83000183105469,48.83000183105469,48.83000183105469,48.83000183105469,0
2019-04-10,48.599998474121094,48.599998474121094,48.599998474121094,48.599998474121094,0
2019-04-11,46.900001525878906,46.900001525878906,46.900001525878906,46.900001525878906,0
2019-04-12,48.84000015258789,48.84000015258789,48.84000015258789,48.84000015258789,0
2019-04-15,47.63999938964844,47.63999938964844,47.63999938964844,47.63999938964844,0
2019-04-16,48.310001373291016,48.310001373291016,48.310001373291016,48.310001373291016,0
2019-04-17,48.650001525878906,48.650001525878906,48.650001525878906,48.650001525878906,0
2019-04-18,49.22999954223633,49.22999954223633,49.22999954223633,49.22999954223633,0
2019-04-22,48.779998779296875,48.779998779296875,48.779998779296875,48.779998779296875,0
2019-04-23,49.790000915527344,49.790000915527344,49.790000915527344,49.790000915527344,0
2019-04-24,50.52000045776367,50.52000045776367,50.52000045776367,50.52000045776367,0
2019-04-25,49.790000915527344,49.790000915527344,49.790000915527344,49.790000915527344,0
2019-04-26,49.43000030517578,49.43000030517578,49.43000030517578,49.43000030517578,0
2019-04-29,48.04999923706055,48.04999923706055,48.04999923706055,48.04999923706055,0
2019-04-30,49.470001220703125,49.470001220703125,49.470001220703125,49.470001220703125,0
2019-05-01,46.75,46.75,46.75,46.75,0
2019-05-02,46.720001220703125,46.720001220703125,46.720001220703125,46.720001220703125,0
2019-05-03,45.779998779296875,45.779998779296875,45.779998779296875,45.779998779296875,0
2019-05-06,47.81999969482422,47.81999969482422,47.81999969482422,47.81999969482422,0
2019-05-07,52.36000061035156,52.36000061035156,52.36000061035156,52.36000061035156,0
2019-05-08,51.310001373291016,51.310001373291016,51.310001373291016,51.310001373291016,0
2019-05-09,54.720001220703125,54.720001220703125,54.720001220703125,54.720001220703125,0
2019-05-10,53.4900016784668,53.4900016784668,53.4900016784668,53.4900016784668,0
2019-05-13,57.88999938964844,57.88999938964844,57.88999938964844,57.88999938964844,0
2019-05-14,55.349998474121094,55.349998474121094,55.349998474121094,55.349998474121094,0
2019-05-15,57.400001525878906,57.400001525878906,57.400001525878906,57.400001525878906,0
2019-05-16,56.97999954223633,56.97999954223633,56.97999954223633,56.97999954223633,0
2019-05-17,56.970001220703125,56.970001220703125,56.970001220703125,56.970001220703125,0
2019-05-20,56.54999923706055,56.54999923706055,56.54999923706055,56.54999923706055,0
2019-05-21,55.349998474121094,55.349998474121094,55.349998474121094,55.349998474121094,0
2019-05-22,54.959999084472656,54.959999084472656,54.959999084472656,54.959999084472656,0
2019-05-23,61.06999969482422,61.06999969482422,61.06999969482422,61.06999969482422,0
2019-05-24,60.540000915527344,60.540000915527344,60.540000915527344,60.540000915527344,0
2019-05-28,61.77000045776367,61.77000045776367,61.77000045776367,61.77000045776367,0
2019-05-29,63.15999984741211,63.15999984741211,63.15999984741211,63.15999984741211,0
2019-05-30,61.7400016784668,61.7400016784668,61.7400016784668,61.7400016784668,0
2019-05-31,72.68000030517578,72.68000030517578,72.68000030517578,72.68000030517578,0
2019-06-03,73.55999755859375,73.55999755859375,73.55999755859375,73.55999755859375,0
2019-06-04,75.26000213623047,75.26000213623047,75.26000213623047,75.26000213623047,0
2019-06-05,77.63999938964844,77.63999938964844,77.63999938964844,77.63999938964844,0
2019-06-06,73.41999816894531,73.41999816894531,73.41999816894531,73.41999816894531,0
2019-06-07,68.69000244140625,68.69000244140625,68.69000244140625,68.69000244140625,0
2019-06-10,65.62000274658203,65.62000274658203,65.62000274658203,65.62000274658203,0
2019-06-11,64.93000030517578,64.93000030517578,64.93000030517578,64.93000030517578,0
2019-06-12,68.43000030517578,68.43000030517578,68.43000030517578,68.43000030517578,0
2019-06-13,75.73999786376953,75.73999786376953,75.73999786376953,75.73999786376953,0
2019-06-14,80.81999969482422,80.81999969482422,80.81999969482422,80.81999969482422,0
2019-06-17,76.87999725341797,76.87999725341797,76.87999725341797,76.87999725341797,0
2019-06-18,76.73999786376953,76.73999786376953,76.73999786376953,76.73999786376953,0
2019-06-19,71.37000274658203,71.37000274658203,71.37000274658203,71.37000274658203,0
2019-06-20,72.37000274658203,72.37000274658203,72.37000274658203,72.37000274658203,0
2019-06-21,74.62999725341797,74.62999725341797,74.62999725341797,74.62999725341797,0
2019-06-24,73.76000213623047,73.76000213623047,73.76000213623047,73.76000213623047,0
2019-06-25,74.22000122070312,74.22000122070312,74.22000122070312,74.22000122070312,0
2019-06-26,73.7300033569336,73.7300033569336,73.7300033569336,73.7300033569336,0
2019-06-27,69.91999816894531,69.91999816894531,69.91999816894531,69.91999816894531,0
2019-06-28,70.43000030517578,70.43000030517578,70.43000030517578,70.43000030517578,0
2019-07-01,66.52999877929688,66.52999877929688,66.52999877929688,66.52999877929688,0
2019-07-02,68.5999984741211,68.5999984741211,68.5999984741211,68.5999984741211,0
2019-07-03,68.33000183105469,68.33000183105469,68.33000183105469,68.33000183105469,0
2019-07-05,65.27999877929688,65.27999877929688,65.27999877929688,65.27999877929688,0
2019-07-08,63.220001220703125,63.220001220703125,63.220001220703125,63.220001220703125,0
2019-07-09,62.900001525878906,62.900001525878906,62.900001525878906,62.900001525878906,0
2019-07-10,62.38999938964844,62.38999938964844,62.38999938964844,62.38999938964844,0
2019-07-11,62.959999084472656,62.959999084472656,62.959999084472656,62.959999084472656,0
2019-07-12,62.779998779296875,62.779998779296875,62.779998779296875,62.779998779296875,0
2019-07-15,61.900001525878906,61.900001525878906,61.900001525878906,61.900001525878906,0
2019-07-16,61.290000915527344,61.290000915527344,61.290000915527344,61.290000915527344,0
2019-07-17,62.290000915527344,62.290000915527344,62.290000915527344,62.290000915527344,0
2019-07-18,63.119998931884766,63.119998931884766,63.119998931884766,63.119998931884766,0
2019-07-19,63.86000061035156,63.86000061035156,63.86000061035156,63.86000061035156,0
2019-07-22,60.970001220703125,60.970001220703125,60.970001220703125,60.970001220703125,0
2019-07-23,61.22999954223633,61.22999954223633,61.22999954223633,61.22999954223633,0
2019-07-24,60.709999084472656,60.709999084472656,60.709999084472656,60.709999084472656,0
2019-07-25,60.9900016784668,60.9900016784668,60.9900016784668,60.9900016784668,0
2019-07-26,58.900001525878906,58.900001525878906,58.900001525878906,58.900001525878906,0
2019-07-29,58.54999923706055,58.54999923706055,58.54999923706055,58.54999923706055,0
2019-07-30,57.84000015258789,57.84000015258789,57.84000015258789,57.84000015258789,0
2019-07-31,55.25,55.25,55.25,55.25,0
2019-08-01,64.68000030517578,64.68000030517578,64.68000030517578,64.68000030517578,0
2019-08-02,66.11000061035156,66.11000061035156,66.11000061035156,66.11000061035156,0
2019-08-05,77.23999786376953,77.23999786376953,77.23999786376953,77.23999786376953,0
2019-08-06,73.91999816894531,73.91999816894531,73.91999816894531,73.91999816894531,0
2019-08-07,79.08000183105469,79.08000183105469,79.08000183105469,79.08000183105469,0
2019-08-08,78.55000305175781,78.55000305175781,78.55000305175781,78.55000305175781,0
2019-08-09,78.97000122070312,78.97000122070312,78.97000122070312,78.97000122070312,0
2019-08-12,81.58000183105469,81.58000183105469,81.58000183105469,81.58000183105469,0
2019-08-13,77.69999694824219,77.69999694824219,77.69999694824219,77.69999694824219,0
2019-08-14,87.22000122070312,87.22000122070312,87.22000122070312,87.22000122070312,0
2019-08-15,90.62000274658203,90.62000274658203,90.62000274658203,90.62000274658203,0
2019-08-16,89.5199966430664,89.5199966430664,89.5199966430664,89.5199966430664,0
2019-08-19,86.48999786376953,86.48999786376953,86.48999786376953,86.48999786376953,0
2019-08-20,86.86000061035156,86.86000061035156,86.86000061035156,86.86000061035156,0
2019-08-21,84.51000213623047,84.51000213623047,84.51000213623047,84.51000213623047,0
2019-08-22,83.1500015258789,83.1500015258789,83.1500015258789,83.1500015258789,0
2019-08-23,91.81999969482422,91.81999969482422,91.81999969482422,91.81999969482422,0
2019-08-26,87.9800033569336,87.9800033569336,87.9800033569336,87.9800033569336,0
2019-08-27,88.66999816894531,88.66999816894531,88.66999816894531,88.66999816894531,0
2019-08-28,89.87000274658203,89.87000274658203,89.87000274658203,89.87000274658203,0
2019-08-29,86.94000244140625,86.94000244140625,86.94000244140625,86.94000244140625,0
2019-08-30,86.88999938964844,86.88999938964844,86.88999938964844,86.88999938964844,0
2019-09-03,85.2699966430664,85.2699966430664,85.2699966430664,85.2699966430664,0
2019-09-04,81.5999984741211,81.5999984741211,81.5999984741211,81.5999984741211,0
2019-09-05,79.91999816894531,79.91999816894531,79.91999816894531,79.91999816894531,0
2019-09-06,78.81999969482422,78.81999969482422,78.81999969482422,78.81999969482422,0
2019-09-09,76.44000244140625,76.44000244140625,76.44000244140625,76.44000244140625,0
2019-09-10,76.77999877929688,76.77999877929688,76.77999877929688,76.77999877929688,0
2019-09-11,76.69999694824219,76.69999694824219,76.69999694824219,76.69999694824219,0
2019-09-12,77.56999969482422,77.56999969482422,77.56999969482422,77.56999969482422,0
2019-09-13,85.52999877929688,85.52999877929688,85.52999877929688,85.52999877929688,0
2019-09-16,85.94999694824219,85.94999694824219,85.94999694824219,85.94999694824219,0
2019-09-17,84.76000213623047,84.76000213623047,84.76000213623047,84.76000213623047,0
2019-09-18,79.66000366210938,79.66000366210938,79.66000366210938,79.66000366210938,0
2019-09-19,78.13999938964844,78.13999938964844,78.13999938964844,78.13999938964844,0
2019-09-20,80.06999969482422,80.06999969482422,80.06999969482422,80.06999969482422,0
2019-09-23,81.01000213623047,81.01000213623047,81.01000213623047,81.01000213623047,0
2019-09-24,83.06999969482422,83.06999969482422,83.06999969482422,83.06999969482422,0
2019-09-25,80.22000122070312,80.22000122070312,80.22000122070312,80.22000122070312,0
2019-09-26,79.87000274658203,79.87000274658203,79.87000274658203,79.87000274658203,0
2019-09-27,79.97000122070312,79.97000122070312,79.97000122070312,79.97000122070312,0
2019-09-30,77.19999694824219,77.19999694824219,77.19999694824219,77.19999694824219,0
2019-10-01,85.61000061035156,85.61000061035156,85.61000061035156,85.61000061035156,0
2019-10-02,89.38999938964844,89.38999938964844,89.38999938964844,89.38999938964844,0
2019-10-03,87.94000244140625,87.94000244140625,87.94000244140625,87.94000244140625,0
2019-10-04,83.1500015258789,83.1500015258789,83.1500015258789,83.1500015258789,0
2019-10-07,81.86000061035156,81.86000061035156,81.86000061035156,81.86000061035156,0
2019-10-08,80.47000122070312,80.47000122070312,80.47000122070312,80.47000122070312,0
2019-10-09,79.30999755859375,79.30999755859375,79.30999755859375,79.30999755859375,0
2019-10-10,80.13999938964844,80.13999938964844,80.13999938964844,80.13999938964844,0
2019-10-11,79.86000061035156,79.86000061035156,79.86000061035156,79.86000061035156,0
2019-10-15,80.05999755859375,80.05999755859375,80.05999755859375,80.05999755859375,0
2019-10-16,77.94000244140625,77.94000244140625,77.94000244140625,77.94000244140625,0
2019-10-17,77.61000061035156,77.61000061035156,77.61000061035156,77.61000061035156,0
2019-10-18,78.3499984741211,78.3499984741211,78.3499984741211,78.3499984741211,0
2019-10-21,80.25,80.25,80.25,80.25,0
2019-10-22,78.7300033569336,78.7300033569336,78.7300033569336,78.7300033569336,0
2019-10-23,73.02999877929688,73.02999877929688,73.02999877929688,73.02999877929688,0
2019-10-24,68.97000122070312,68.97000122070312,68.97000122070312,68.97000122070312,0
2019-10-25,67.06999969482422,67.06999969482422,67.06999969482422,67.06999969482422,0
2019-10-28,67.41000366210938,67.41000366210938,67.41000366210938,67.41000366210938,0
2019-10-29,67.61000061035156,67.61000061035156,67.61000061035156,67.61000061035156,0
2019-10-30,63.31999969482422,63.31999969482422,63.31999969482422,63.31999969482422,0
2019-10-31,65.87999725341797,65.87999725341797,65.87999725341797,65.87999725341797,0
2019-11-01,57.279998779296875,57.279998779296875,57.279998779296875,57.279998779296875,0
2019-11-04,60.18000030517578,60.18000030517578,60.18000030517578,60.18000030517578,0
2019-11-05,61.47999954223633,61.47999954223633,61.47999954223633,61.47999954223633,0
2019-11-06,61.72999954223633,61.72999954223633,61.72999954223633,61.72999954223633,0
2019-11-07,67.08000183105469,67.08000183105469,67.08000183105469,67.08000183105469,0
2019-11-08,64.44000244140625,64.44000244140625,64.44000244140625,64.44000244140625,0
2019-11-11,64.44000244140625,64.44000244140625,64.44000244140625,64.44000244140625,0
2019-11-12,69.81999969482422,69.81999969482422,69.81999969482422,69.81999969482422,0
2019-11-13,66.0999984741211,66.0999984741211,66.0999984741211,66.0999984741211,0
2019-11-14,64.16999816894531,64.16999816894531,64.16999816894531,64.16999816894531,0
2019-11-15,61.70000076293945,61.70000076293945,61.70000076293945,61.70000076293945,0
2019-11-18,64.12999725341797,64.12999725341797,64.12999725341797,64.12999725341797,0
2019-11-19,62.63999938964844,62.63999938964844,62.63999938964844,62.63999938964844,0
2019-11-20,65.58000183105469,65.58000183105469,65.58000183105469,65.58000183105469,0
2019-11-21,61.83000183105469,61.83000183105469,61.83000183105469,61.83000183105469,0
2019-11-22,62.16999816894531,62.16999816894531,62.16999816894531,62.16999816894531,0
2019-11-25,61.54999923706055,61.54999923706055,61.54999923706055,61.54999923706055,0
2019-11-26,60.38999938964844,60.38999938964844,60.38999938964844,60.38999938964844,0
2019-11-27,57.619998931884766,57.619998931884766,57.619998931884766,57.619998931884766,0
2019-11-29,56.56999969482422,56.56999969482422,56.56999969482422,56.56999969482422,0
2019-12-02,59.41999816894531,59.41999816894531,59.41999816894531,59.41999816894531,0
2019-12-03,64.62000274658203,64.62000274658203,64.62000274658203,64.62000274658203,0
2019-12-04,63.0099983215332,63.0099983215332,63.0099983215332,63.0099983215332,0
2019-12-05,63.72999954223633,63.72999954223633,63.72999954223633,63.72999954223633,0
2019-12-06,64.06999969482422,64.06999969482422,64.06999969482422,64.06999969482422,0
2019-12-09,67.29000091552734,67.29000091552734,67.29000091552734,67.29000091552734,0
2019-12-10,67.08999633789062,67.08999633789062,67.08999633789062,67.08999633789062,0
2019-12-11,61.29999923706055,61.29999923706055,61.29999923706055,61.29999923706055,0
2019-12-12,61.630001068115234,61.630001068115234,61.630001068115234,61.630001068115234,0
2019-12-13,56.439998626708984,56.439998626708984,56.439998626708984,56.439998626708984,0
2019-12-16,56.130001068115234,56.130001068115234,56.130001068115234,56.130001068115234,0
2019-12-17,55.380001068115234,55.380001068115234,55.380001068115234,55.380001068115234,0
2019-12-18,53.40999984741211,53.40999984741211,53.40999984741211,53.40999984741211,0
2019-12-19,53.70000076293945,53.70000076293945,53.70000076293945,53.70000076293945,0
2019-12-20,54.189998626708984,54.189998626708984,54.189998626708984,54.189998626708984,0
2019-12-23,55.310001373291016,55.310001373291016,55.310001373291016,55.310001373291016,0
2019-12-24,58.31999969482422,58.31999969482422,58.31999969482422,58.31999969482422,0
2019-12-26,56.41999816894531,56.41999816894531,56.41999816894531,56.41999816894531,0
2019-12-27,55.29999923706055,55.29999923706055,55.29999923706055,55.29999923706055,0
2019-12-30,59.630001068115234,59.630001068115234,59.630001068115234,59.630001068115234,0
2019-12-31,58.279998779296875,58.279998779296875,58.279998779296875,58.279998779296875,0
2020-01-02,57.20000076293945,57.20000076293945,57.20000076293945,57.20000076293945,0
2020-01-03,60.119998931884766,60.119998931884766,60.119998931884766,60.119998931884766,0
2020-01-06,62.790000915527344,62.790000915527344,62.790000915527344,62.790000915527344,0
2020-01-07,62.630001068115234,62.630001068115234,62.630001068115234,62.630001068115234,0
2020-01-08,60.4900016784668,60.4900016784668,60.4900016784668,60.4900016784668,0
2020-01-09,57.65999984741211,57.65999984741211,57.65999984741211,57.65999984741211,0
2020-01-10,53.31999969482422,53.31999969482422,53.31999969482422,53.31999969482422,0
2020-01-13,53.27000045776367,53.27000045776367,53.27000045776367,53.27000045776367,0
2020-01-14,52.349998474121094,52.349998474121094,52.349998474121094,52.349998474121094,0
2020-01-15,50.540000915527344,50.540000915527344,50.540000915527344,50.540000915527344,0
2020-01-16,50.369998931884766,50.369998931884766,50.369998931884766,50.369998931884766,0
2020-01-17,49.66999816894531,49.66999816894531,49.66999816894531,49.66999816894531,0
2020-01-21,53.41999816894531,53.41999816894531,53.41999816894531,53.41999816894531,0
2020-01-22,51.310001373291016,51.310001373291016,51.310001373291016,51.310001373291016,0
2020-01-23,55.34000015258789,55.34000015258789,55.34000015258789,55.34000015258789,0
2020-01-24,59.939998626708984,59.939998626708984,59.939998626708984,59.939998626708984,0
2020-01-27,66.7300033569336,66.7300033569336,66.7300033569336,66.7300033569336,0
2020-01-28,65.5999984741211,65.5999984741211,65.5999984741211,65.5999984741211,0
2020-01-29,66.16999816894531,66.16999816894531,66.16999816894531,66.16999816894531,0
2020-01-30,71.06999969482422,71.06999969482422,71.06999969482422,71.06999969482422,0
2020-01-31,72.9800033569336,72.9800033569336,72.9800033569336,72.9800033569336,0
2020-02-03,72.80999755859375,72.80999755859375,72.80999755859375,72.80999755859375,0
2020-02-04,68.16999816894531,68.16999816894531,68.16999816894531,68.16999816894531,0
2020-02-05,64.06999969482422,64.06999969482422,64.06999969482422,64.06999969482422,0
2020-02-06,61.2400016784668,61.2400016784668,61.2400016784668,61.2400016784668,0
2020-02-07,65.58999633789062,65.58999633789062,65.58999633789062,65.58999633789062,0
2020-02-10,68.12999725341797,68.12999725341797,68.12999725341797,68.12999725341797,0
2020-02-11,64.88999938964844,64.88999938964844,64.88999938964844,64.88999938964844,0
2020-02-12,63.52000045776367,63.52000045776367,63.52000045776367,63.52000045776367,0
2020-02-13,63.5099983215332,63.5099983215332,63.5099983215332,63.5099983215332,0
2020-02-14,62.380001068115234,62.380001068115234,62.380001068115234,62.380001068115234,0
2020-02-18,67.66000366210938,67.66000366210938,67.66000366210938,67.66000366210938,0
2020-02-19,68.04000091552734,68.04000091552734,68.04000091552734,68.04000091552734,0
2020-02-20,69.5999984741211,69.5999984741211,69.5999984741211,69.5999984741211,0
2020-02-21,74.54000091552734,74.54000091552734,74.54000091552734,74.54000091552734,0
2020-02-24,86.91999816894531,86.91999816894531,86.91999816894531,86.91999816894531,0
2020-02-25,87.37999725341797,87.37999725341797,87.37999725341797,87.37999725341797,0
2020-02-26,87.0,87.0,87.0,87.0,0
2020-02-27,92.58999633789062,92.58999633789062,92.58999633789062,92.58999633789062,0
2020-02-28,109.66999816894531,109.66999816894531,109.66999816894531,109.66999816894531,0
2020-03-02,104.88999938964844,104.88999938964844,104.88999938964844,104.88999938964844,0
2020-03-03,102.97000122070312,102.97000122070312,102.97000122070312,102.97000122070312,0
2020-03-04,89.58999633789062,89.58999633789062,89.58999633789062,89.58999633789062,0
2020-03-05,96.95999908447266,96.95999908447266,96.95999908447266,96.95999908447266,0
2020-03-06,125.20999908447266,125.20999908447266,125.20999908447266,125.20999908447266,0
2020-03-09,163.6999969482422,163.6999969482422,163.6999969482422,163.6999969482422,0
2020-03-10,123.72000122070312,123.72000122070312,123.72000122070312,123.72000122070312,0
2020-03-11,127.83999633789062,127.83999633789062,127.83999633789062,127.83999633789062,0
2020-03-12,152.6199951171875,152.6199951171875,152.6199951171875,152.6199951171875,0
2020-03-13,138.39999389648438,138.39999389648438,138.39999389648438,138.39999389648438,0
2020-03-16,124.52999877929688,124.52999877929688,124.52999877929688,124.52999877929688,0
2020-03-17,109.8499984741211,109.8499984741211,109.8499984741211,109.8499984741211,0
2020-03-18,124.13999938964844,124.13999938964844,124.13999938964844,124.13999938964844,0
2020-03-19,141.1300048828125,141.1300048828125,141.1300048828125,141.1300048828125,0
2020-03-20,133.3699951171875,133.3699951171875,133.3699951171875,133.3699951171875,0
2020-03-23,135.3800048828125,135.3800048828125,135.3800048828125,135.3800048828125,0
2020-03-24,111.08999633789062,111.08999633789062,111.08999633789062,111.08999633789062,0
2020-03-25,87.13999938964844,87.13999938964844,87.13999938964844,87.13999938964844,0
2020-03-26,88.4800033569336,88.4800033569336,88.4800033569336,88.4800033569336,0
2020-03-27,88.33000183105469,88.33000183105469,88.33000183105469,88.33000183105469,0
2020-03-30,90.69999694824219,90.69999694824219,90.69999694824219,90.69999694824219,0
2020-03-31,83.87000274658203,83.87000274658203,83.87000274658203,83.87000274658203,0
2020-04-01,83.12999725341797,83.12999725341797,83.12999725341797,83.12999725341797,0
2020-04-02,71.98999786376953,71.98999786376953,71.98999786376953,71.98999786376953,0
2020-04-03,65.01000213623047,65.01000213623047,65.01000213623047,65.01000213623047,0
2020-04-06,66.27999877929688,66.27999877929688,66.27999877929688,66.27999877929688,0
2020-04-07,72.20999908447266,72.20999908447266,72.20999908447266,72.20999908447266,0
2020-04-08,75.70999908447266,75.70999908447266,75.70999908447266,75.70999908447266,0
2020-04-09,74.38999938964844,74.38999938964844,74.38999938964844,74.38999938964844,0
2020-04-13,75.8499984741211,75.8499984741211,75.8499984741211,75.8499984741211,0
2020-04-14,69.5199966430664,69.5199966430664,69.5199966430664,69.5199966430664,0
2020-04-15,70.5,70.5,70.5,70.5,0
2020-04-16,69.93000030517578,69.93000030517578,69.93000030517578,69.93000030517578,0
2020-04-17,69.83999633789062,69.83999633789062,69.83999633789062,69.83999633789062,0
2020-04-20,70.5999984741211,70.5999984741211,70.5999984741211,70.5999984741211,0
2020-04-21,73.83000183105469,73.83000183105469,73.83000183105469,73.83000183105469,0
2020-04-22,72.29000091552734,72.29000091552734,72.29000091552734,72.29000091552734,0
2020-04-23,67.25,67.25,67.25,67.25,0
2020-04-24,66.08999633789062,66.08999633789062,66.08999633789062,66.08999633789062,0
2020-04-27,62.70000076293945,62.70000076293945,62.70000076293945,62.70000076293945,0
2020-04-28,58.88999938964844,58.88999938964844,58.88999938964844,58.88999938964844,0
2020-04-29,57.150001525878906,57.150001525878906,57.150001525878906,57.150001525878906,0
2020-04-30,53.59000015258789,53.59000015258789,53.59000015258789,53.59000015258789,0
2020-05-01,48.11000061035156,48.11000061035156,48.11000061035156,48.11000061035156,0
2020-05-04,49.25,49.25,49.25,49.25,0
2020-05-05,49.650001525878906,49.650001525878906,49.650001525878906,49.650001525878906,0
2020-05-06,51.310001373291016,51.310001373291016,51.310001373291016,51.310001373291016,0
2020-05-07,54.93000030517578,54.93000030517578,54.93000030517578,54.93000030517578,0
2020-05-08,57.400001525878906,57.400001525878906,57.400001525878906,57.400001525878906,0
2020-05-11,61.599998474121094,61.599998474121094,61.599998474121094,61.599998474121094,0
2020-05-12,61.2599983215332,61.2599983215332,61.2599983215332,61.2599983215332,0
2020-05-13,57.560001373291016,57.560001373291016,57.560001373291016,57.560001373291016,0
2020-05-14,59.04999923706055,59.04999923706055,59.04999923706055,59.04999923706055,0
2020-05-15,56.529998779296875,56.529998779296875,56.529998779296875,56.529998779296875,0
2020-05-18,58.70000076293945,58.70000076293945,58.70000076293945,58.70000076293945,0
2020-05-19,60.09000015258789,60.09000015258789,60.09000015258789,60.09000015258789,0
2020-05-20,58.849998474121094,58.849998474121094,58.849998474121094,58.849998474121094,0
2020-05-21,55.619998931884766,55.619998931884766,55.619998931884766,55.619998931884766,0
2020-05-22,51.66999816894531,51.66999816894531,51.66999816894531,51.66999816894531,0
2020-05-26,52.220001220703125,52.220001220703125,52.220001220703125,52.220001220703125,0
2020-05-27,52.97999954223633,52.97999954223633,52.97999954223633,52.97999954223633,0
2020-05-28,50.56999969482422,50.56999969482422,50.56999969482422,50.56999969482422,0
2020-05-29,51.54999923706055,51.54999923706055,51.54999923706055,51.54999923706055,0
2020-06-01,55.06999969482422,55.06999969482422,55.06999969482422,55.06999969482422,0
2020-06-02,55.349998474121094,55.349998474121094,55.349998474121094,55.349998474121094,0
2020-06-03,61.2400016784668,61.2400016784668,61.2400016784668,61.2400016784668,0
2020-06-04,61.18000030517578,61.18000030517578,61.18000030517578,61.18000030517578,0
2020-06-05,61.970001220703125,61.970001220703125,61.970001220703125,61.970001220703125,0
2020-06-08,62.77000045776367,62.77000045776367,62.77000045776367,62.77000045776367,0
2020-06-09,62.939998626708984,62.939998626708984,62.939998626708984,62.939998626708984,0
2020-06-10,60.02000045776367,60.02000045776367,60.02000045776367,60.02000045776367,0
2020-06-11,56.470001220703125,56.470001220703125,56.470001220703125,56.470001220703125,0
2020-06-12,55.810001373291016,55.810001373291016,55.810001373291016,55.810001373291016,0
2020-06-15,58.09000015258789,58.09000015258789,58.09000015258789,58.09000015258789,0
2020-06-16,60.4900016784668,60.4900016784668,60.4900016784668,60.4900016784668,0
2020-06-17,58.15999984741211,58.15999984741211,58.15999984741211,58.15999984741211,0
2020-06-18,55.150001525878906,55.150001525878906,55.150001525878906,55.150001525878906,0
2020-06-19,53.45000076293945,53.45000076293945,53.45000076293945,53.45000076293945,0
2020-06-22,53.93000030517578,53.93000030517578,53.93000030517578,53.93000030517578,0
2020-06-23,54.040000915527344,54.040000915527344,54.040000915527344,54.040000915527344,0
2020-06-24,54.88999938964844,54.88999938964844,54.88999938964844,54.88999938964844,0
2020-06-25,51.56999969482422,51.56999969482422,51.56999969482422,51.56999969482422,0
2020-06-26,51.209999084472656,51.209999084472656,51.209999084472656,51.209999084472656,0
2020-06-29,52.959999084472656,52.959999084472656,51.209999084472656,51.209999084472656,0
2020-06-30,54.130001068115234,54.130001068115234,52.959999084472656,52.959999084472656,0
2020-07-01,53.279998779296875,54.130001068115234,53.279998779296875,54.130001068115234,0
2020-07-02,50.959999084472656,53.279998779296875,50.959999084472656,53.279998779296875,0
2020-07-06,52.029998779296875,52.029998779296875,50.959999084472656,50.959999084472656,0
2020-07-07,50.97999954223633,52.029998779296875,50.97999954223633,52.029998779296875,0
2020-07-08,49.79999923706055,50.97999954223633,49.79999923706055,50.97999954223633,0
2020-07-09,50.06999969482422,50.06999969482422,49.79999923706055,49.79999923706055,0
2020-07-10,49.189998626708984,50.06999969482422,49.189998626708984,50.06999969482422,0
2020-07-13,49.54999923706055,49.54999923706055,49.189998626708984,49.189998626708984,0
2020-07-14,50.810001373291016,50.810001373291016,49.54999923706055,49.54999923706055,0
2020-07-15,47.08000183105469,50.810001373291016,47.08000183105469,50.810001373291016,0
2020-07-16,46.43000030517578,47.08000183105469,46.43000030517578,47.08000183105469,0
2020-07-17,45.68000030517578,45.68000030517578,45.68000030517578,45.68000030517578,0
2020-07-20,46.81999969482422,46.81999969482422,45.68000030517578,45.68000030517578,0
2020-07-21,46.45000076293945,46.81999969482422,46.45000076293945,46.81999969482422,0
2020-07-22,45.31999969482422,46.45000076293945,45.31999969482422,46.45000076293945,0
2020-07-23,43.93000030517578,45.31999969482422,43.93000030517578,45.31999969482422,0
2020-07-24,42.47999954223633,43.93000030517578,42.47999954223633,43.93000030517578,0
2020-07-27,42.61000061035156,42.61000061035156,42.61000061035156,42.61000061035156,0
2020-07-28,41.27000045776367,41.27000045776367,41.27000045776367,41.27000045776367,0
2020-07-29,41.630001068115234,41.630001068115234,41.630001068115234,41.630001068115234,0
2020-07-30,40.65999984741211,41.630001068115234,40.65999984741211,41.630001068115234,0
2020-07-31,41.97999954223633,41.97999954223633,41.97999954223633,41.97999954223633,0
2020-08-03,43.130001068115234,43.130001068115234,43.130001068115234,43.130001068115234,0
2020-08-04,44.11000061035156,44.11000061035156,44.11000061035156,44.11000061035156,0
2020-08-05,41.75,41.75,41.75,41.75,0
2020-08-06,42.599998474121094,42.599998474121094,42.599998474121094,42.599998474121094,0
2020-08-07,41.459999084472656,41.459999084472656,41.459999084472656,41.459999084472656,0
2020-08-10,42.209999084472656,42.209999084472656,42.209999084472656,42.209999084472656,0
2020-08-11,45.2599983215332,45.2599983215332,45.2599983215332,45.2599983215332,0
2020-08-12,44.22999954223633,44.22999954223633,44.22999954223633,44.22999954223633,0
2020-08-13,45.08000183105469,45.08000183105469,45.08000183105469,45.08000183105469,0
2020-08-14,43.09000015258789,43.09000015258789,43.09000015258789,43.09000015258789,0
2020-08-17,45.810001373291016,45.810001373291016,43.09000015258789,43.09000015258789,0
2020-08-18,46.060001373291016,46.060001373291016,45.810001373291016,45.810001373291016,0
2020-08-19,44.599998474121094,46.060001373291016,44.599998474121094,46.060001373291016,0
2020-08-20,44.58000183105469,44.599998474121094,44.58000183105469,44.599998474121094,0
2020-08-21,45.13999938964844,45.13999938964844,44.58000183105469,44.58000183105469,0
2020-08-24,46.33000183105469,46.33000183105469,45.13999938964844,45.13999938964844,0
2020-08-25,47.88999938964844,47.88999938964844,46.33000183105469,46.33000183105469,0
2020-08-26,47.9900016784668,47.9900016784668,47.88999938964844,47.88999938964844,0
2020-08-27,49.290000915527344,49.290000915527344,47.9900016784668,47.9900016784668,0
2020-08-28,48.189998626708984,49.290000915527344,48.189998626708984,49.290000915527344,0
2020-08-31,47.02000045776367,48.189998626708984,47.02000045776367,48.189998626708984,0
2020-09-01,44.29999923706055,47.02000045776367,44.29999923706055,47.02000045776367,0
2020-09-02,44.86000061035156,44.86000061035156,44.29999923706055,44.29999923706055,0
2020-09-03,45.7599983215332,45.7599983215332,44.86000061035156,44.86000061035156,0
2020-09-04,47.040000915527344,47.040000915527344,45.7599983215332,45.7599983215332,0
2020-09-08,50.68000030517578,50.68000030517578,47.040000915527344,47.040000915527344,0
2020-09-09,48.81999969482422,50.68000030517578,48.81999969482422,50.68000030517578,0
2020-09-10,45.209999084472656,48.81999969482422,45.209999084472656,48.81999969482422,0
2020-09-11,43.119998931884766,45.209999084472656,43.119998931884766,45.209999084472656,0
2020-09-14,44.209999084472656,44.209999084472656,43.119998931884766,43.119998931884766,0
2020-09-15,43.060001373291016,44.209999084472656,43.060001373291016,44.209999084472656,0
2020-09-16,42.43000030517578,43.060001373291016,42.43000030517578,43.060001373291016,0
2020-09-17,38.45000076293945,42.43000030517578,38.45000076293945,42.43000030517578,0
2020-09-18,37.2400016784668,38.45000076293945,37.2400016784668,38.45000076293945,0
2020-09-21,38.630001068115234,38.630001068115234,37.2400016784668,37.2400016784668,0
2020-09-22,39.349998474121094,39.349998474121094,38.630001068115234,38.630001068115234,0
2020-09-23,38.630001068115234,39.349998474121094,38.630001068115234,39.349998474121094,0
2020-09-24,37.220001220703125,38.630001068115234,37.220001220703125,38.630001068115234,0
2020-09-25,36.970001220703125,37.220001220703125,36.970001220703125,37.220001220703125,0
2020-09-28,37.400001525878906,37.400001525878906,36.970001220703125,36.970001220703125,0
2020-09-29,36.619998931884766,37.400001525878906,36.619998931884766,37.400001525878906,0
2020-09-30,39.209999084472656,39.209999084472656,36.619998931884766,36.619998931884766,0
2020-10-01,38.650001525878906,39.209999084472656,38.650001525878906,39.209999084472656,0
2020-10-02,39.970001220703125,39.970001220703125,38.650001525878906,38.650001525878906,0
2020-10-05,39.810001373291016,39.970001220703125,39.810001373291016,39.970001220703125,0
2020-10-06,57.75,57.75,39.810001373291016,39.810001373291016,0
2020-10-07,56.97999954223633,57.75,56.97999954223633,57.75,0
2020-10-08,57.310001373291016,57.310001373291016,56.97999954223633,56.97999954223633,0
2020-10-09,57.52000045776367,57.52000045776367,57.310001373291016,57.310001373291016,0
2020-10-13,55.59000015258789,57.52000045776367,55.59000015258789,57.52000045776367,0
2020-10-14,53.5,55.59000015258789,53.5,55.59000015258789,0
2020-10-15,55.619998931884766,55.619998931884766,53.5,53.5,0
2020-10-16,57.25,57.25,55.619998931884766,55.619998931884766,0
2020-10-19,61.15999984741211,61.15999984741211,57.25,57.25,0
2020-10-20,60.41999816894531,61.15999984741211,60.41999816894531,61.15999984741211,0
2020-10-21,59.06999969482422,60.41999816894531,59.06999969482422,60.41999816894531,0
2020-10-22,59.72999954223633,59.72999954223633,59.06999969482422,59.06999969482422,0
2020-10-23,58.459999084472656,59.72999954223633,58.459999084472656,59.72999954223633,0
2020-10-26,58.95000076293945,58.95000076293945,58.459999084472656,58.459999084472656,0
2020-10-27,57.880001068115234,58.95000076293945,57.880001068115234,58.95000076293945,0
2020-10-28,57.130001068115234,57.880001068115234,57.130001068115234,57.880001068115234,0
2020-10-29,61.29999923706055,61.29999923706055,57.130001068115234,57.130001068115234,0
2020-10-30,61.90999984741211,61.90999984741211,61.29999923706055,61.29999923706055,0
2020-11-02,63.560001373291016,63.560001373291016,61.90999984741211,61.90999984741211,0
2020-11-03,64.37000274658203,64.37000274658203,63.560001373291016,63.560001373291016,0
2020-11-04,47.7400016784668,64.37000274658203,47.7400016784668,64.37000274658203,0
2020-11-05,43.7599983215332,47.7400016784668,43.7599983215332,47.7400016784668,0
2020-11-06,39.880001068115234,43.7599983215332,39.880001068115234,43.7599983215332,0
2020-11-09,44.939998626708984,44.939998626708984,39.880001068115234,39.880001068115234,0
2020-11-10,46.189998626708984,46.189998626708984,44.939998626708984,44.939998626708984,0
2020-11-12,44.16999816894531,46.189998626708984,44.16999816894531,46.189998626708984,0
2020-11-13,42.95000076293945,44.16999816894531,42.95000076293945,44.16999816894531,0
2020-11-16,42.4900016784668,42.95000076293945,42.4900016784668,42.95000076293945,0
2020-11-17,43.08000183105469,43.08000183105469,42.4900016784668,42.4900016784668,0
2020-11-18,43.619998931884766,43.619998931884766,43.08000183105469,43.08000183105469,0
2020-11-19,43.529998779296875,43.619998931884766,43.529998779296875,43.619998931884766,0
2020-11-20,42.310001373291016,43.529998779296875,42.310001373291016,43.529998779296875,0
2020-11-23,43.040000915527344,43.040000915527344,42.310001373291016,42.310001373291016,0
2020-11-24,42.380001068115234,43.040000915527344,42.380001068115234,43.040000915527344,0
2020-11-25,39.619998931884766,42.380001068115234,39.619998931884766,42.380001068115234,0
2020-11-27,39.63999938964844,39.63999938964844,39.619998931884766,39.619998931884766,0
2020-11-30,40.84000015258789,40.84000015258789,39.63999938964844,39.63999938964844,0
2020-12-01,41.529998779296875,41.529998779296875,40.84000015258789,40.84000015258789,0
2020-12-02,43.91999816894531,43.91999816894531,41.529998779296875,41.529998779296875,0
2020-12-03,42.529998779296875,43.91999816894531,42.529998779296875,43.91999816894531,0
2020-12-04,43.88999938964844,43.88999938964844,42.529998779296875,42.529998779296875,0
2020-12-07,49.66999816894531,49.66999816894531,43.88999938964844,43.88999938964844,0
2020-12-08,49.099998474121094,49.66999816894531,49.099998474121094,49.66999816894531,0
2020-12-09,48.47999954223633,49.099998474121094,48.47999954223633,49.099998474121094,0
2020-12-10,47.150001525878906,48.47999954223633,47.150001525878906,48.47999954223633,0
2020-12-11,47.52000045776367,47.52000045776367,47.150001525878906,47.150001525878906,0
2020-12-14,49.220001220703125,49.220001220703125,47.52000045776367,47.52000045776367,0
2020-12-15,48.13999938964844,49.220001220703125,48.13999938964844,49.220001220703125,0
2020-12-16,46.959999084472656,48.13999938964844,46.959999084472656,48.13999938964844,0
2020-12-17,44.150001525878906,46.959999084472656,44.150001525878906,46.959999084472656,0
2020-12-18,44.63999938964844,44.63999938964844,44.150001525878906,44.150001525878906,0
2020-12-21,46.65999984741211,46.65999984741211,44.63999938964844,44.63999938964844,0
2020-12-22,43.56999969482422,46.65999984741211,43.56999969482422,46.65999984741211,0
2020-12-23,42.7400016784668,43.56999969482422,42.7400016784668,43.56999969482422,0
2020-12-24,42.11000061035156,42.7400016784668,42.11000061035156,42.7400016784668,0
2020-12-28,45.2599983215332,45.2599983215332,42.11000061035156,42.11000061035156,0
2020-12-29,46.099998474121094,46.099998474121094,45.2599983215332,45.2599983215332,0
2020-12-30,47.189998626708984,47.189998626708984,46.099998474121094,46.099998474121094,0
2020-12-31,48.97999954223633,48.97999954223633,47.189998626708984,47.189998626708984,0
2021-01-04,49.59000015258789,49.59000015258789,48.97999954223633,48.97999954223633,0
2021-01-05,48.95000076293945,49.59000015258789,48.95000076293945,49.59000015258789,0
2021-01-06,44.63999938964844,48.95000076293945,44.63999938964844,48.95000076293945,0
2021-01-07,45.20000076293945,45.20000076293945,44.63999938964844,44.63999938964844,0
2021-01-08,44.810001373291016,45.20000076293945,44.810001373291016,45.20000076293945,0
2021-01-11,47.77000045776367,47.77000045776367,44.810001373291016,44.810001373291016,0
2021-01-12,50.119998931884766,50.119998931884766,47.77000045776367,47.77000045776367,0
2021-01-13,45.599998474121094,50.119998931884766,45.599998474121094,50.119998931884766,0
2021-01-14,46.22999954223633,46.22999954223633,45.599998474121094,45.599998474121094,0
2021-01-15,45.13999938964844,46.22999954223633,45.13999938964844,46.22999954223633,0
2021-01-19,45.22999954223633,45.22999954223633,45.13999938964844,45.13999938964844,0
2021-01-20,42.529998779296875,45.22999954223633,42.529998779296875,45.22999954223633,0
2021-01-21,43.0099983215332,43.0099983215332,42.529998779296875,42.529998779296875,0
2021-01-22,43.09000015258789,43.09000015258789,43.0099983215332,43.0099983215332,0
2021-01-25,43.08000183105469,43.09000015258789,43.08000183105469,43.09000015258789,0
2021-01-26,43.13999938964844,43.13999938964844,43.08000183105469,43.08000183105469,0
2021-01-27,44.15999984741211,44.15999984741211,43.13999938964844,43.13999938964844,0
2021-01-28,45.529998779296875,45.529998779296875,44.15999984741211,44.15999984741211,0
2021-01-29,47.40999984741211,47.40999984741211,45.529998779296875,45.529998779296875,0
2021-02-01,46.279998779296875,47.40999984741211,46.279998779296875,47.40999984741211,0
2021-02-02,45.90999984741211,46.279998779296875,45.90999984741211,46.279998779296875,0
2021-02-03,46.93000030517578,46.93000030517578,45.90999984741211,45.90999984741211,0
2021-02-04,47.25,47.25,46.93000030517578,46.93000030517578,0
2021-02-05,47.20000076293945,47.25,47.20000076293945,47.25,0
2021-02-08,48.45000076293945,48.45000076293945,47.20000076293945,47.20000076293945,0
2021-02-09,46.75,48.45000076293945,46.75,48.45000076293945,0
2021-02-10,46.27000045776367,46.75,46.27000045776367,46.75,0
2021-02-11,45.95000076293945,46.27000045776367,45.95000076293945,46.27000045776367,0
2021-02-12,47.0099983215332,47.0099983215332,45.95000076293945,45.95000076293945,0
2021-02-16,56.779998779296875,56.779998779296875,47.0099983215332,47.0099983215332,0
2021-02-17,55.970001220703125,56.779998779296875,55.970001220703125,56.779998779296875,0
2021-02-18,56.119998931884766,56.119998931884766,55.970001220703125,55.970001220703125,0
2021-02-19,60.43000030517578,60.43000030517578,56.119998931884766,56.119998931884766,0
2021-02-22,62.41999816894531,62.41999816894531,60.43000030517578,60.43000030517578,0
2021-02-23,61.72999954223633,62.41999816894531,61.72999954223633,62.41999816894531,0
2021-02-24,61.91999816894531,61.91999816894531,61.72999954223633,61.72999954223633,0
2021-02-25,74.16000366210938,74.16000366210938,61.91999816894531,61.91999816894531,0
2021-02-26,75.66000366210938,75.66000366210938,74.16000366210938,74.16000366210938,0
2021-03-01,68.7300033569336,75.66000366210938,68.7300033569336,75.66000366210938,0
2021-03-02,57.70000076293945,68.7300033569336,57.70000076293945,68.7300033569336,0
2021-03-03,65.83000183105469,65.83000183105469,57.70000076293945,57.70000076293945,0
2021-03-04,68.12999725341797,68.12999725341797,65.83000183105469,65.83000183105469,0
2021-03-05,69.37000274658203,69.37000274658203,68.12999725341797,68.12999725341797,0
2021-03-08,71.6500015258789,71.6500015258789,69.37000274658203,69.37000274658203,0
2021-03-09,67.44000244140625,71.6500015258789,67.44000244140625,71.6500015258789,0
2021-03-10,63.189998626708984,67.44000244140625,63.189998626708984,67.44000244140625,0
2021-03-11,63.900001525878906,63.900001525878906,63.189998626708984,63.189998626708984,0
2021-03-12,70.83000183105469,70.83000183105469,63.900001525878906,63.900001525878906,0
2021-03-15,70.79000091552734,70.83000183105469,70.79000091552734,70.83000183105469,0
2021-03-16,70.80999755859375,70.80999755859375,70.79000091552734,70.79000091552734,0
2021-03-17,66.75,70.80999755859375,66.75,70.80999755859375,0
2021-03-18,70.4800033569336,70.4800033569336,66.75,66.75,0
2021-03-19,68.80000305175781,70.4800033569336,68.80000305175781,70.4800033569336,0
2021-03-22,67.62000274658203,68.80000305175781,67.62000274658203,68.80000305175781,0
2021-03-23,60.77000045776367,67.62000274658203,60.77000045776367,67.62000274658203,0
2021-03-24,60.709999084472656,60.77000045776367,60.709999084472656,60.77000045776367,0
2021-03-25,59.540000915527344,60.709999084472656,59.540000915527344,60.709999084472656,0
2021-03-26,61.4900016784668,61.4900016784668,59.540000915527344,59.540000915527344,0
2021-03-29,65.95999908447266,65.95999908447266,61.4900016784668,61.4900016784668,0
2021-03-30,67.44000244140625,67.44000244140625,65.95999908447266,65.95999908447266,0
2021-03-31,71.2699966430664,71.2699966430664,67.44000244140625,67.44000244140625,0
2021-04-01,64.98999786376953,71.2699966430664,64.98999786376953,71.2699966430664,0
2021-04-05,61.790000915527344,63.709999084472656,61.790000915527344,63.709999084472656,0
2021-04-06,60.290000915527344,61.790000915527344,60.290000915527344,61.790000915527344,0
2021-04-07,62.540000915527344,62.540000915527344,60.290000915527344,60.290000915527344,0
2021-04-08,60.08000183105469,62.540000915527344,60.08000183105469,62.540000915527344,0
2021-04-09,61.209999084472656,61.209999084472656,60.08000183105469,60.08000183105469,0
2021-04-12,63.5,63.5,61.209999084472656,61.209999084472656,0
2021-04-13,61.20000076293945,63.5,61.20000076293945,63.5,0
2021-04-14,60.08000183105469,61.20000076293945,60.08000183105469,61.20000076293945,0
2021-04-15,59.04999923706055,60.08000183105469,59.04999923706055,60.08000183105469,0
2021-04-16,62.56999969482422,62.56999969482422,59.04999923706055,59.04999923706055,0
2021-04-19,63.959999084472656,63.959999084472656,62.56999969482422,62.56999969482422,0
2021-04-20,64.3499984741211,64.3499984741211,63.959999084472656,63.959999084472656,0
2021-04-21,62.27000045776367,64.3499984741211,62.27000045776367,64.3499984741211,0
2021-04-22,59.619998931884766,62.27000045776367,59.619998931884766,62.27000045776367,0
2021-04-23,59.97999954223633,59.97999954223633,59.619998931884766,59.619998931884766,0
2021-04-26,60.97999954223633,60.97999954223633,59.97999954223633,59.97999954223633,0
2021-04-27,60.150001525878906,60.97999954223633,60.150001525878906,60.97999954223633,0
2021-04-28,60.310001373291016,60.310001373291016,60.150001525878906,60.150001525878906,0
2021-04-29,59.02000045776367,60.310001373291016,59.02000045776367,60.310001373291016,0
2021-04-30,58.130001068115234,59.02000045776367,58.130001068115234,59.02000045776367,0
2021-05-03,57.33000183105469,58.130001068115234,57.33000183105469,58.130001068115234,0
2021-05-04,58.5099983215332,58.5099983215332,57.33000183105469,57.33000183105469,0
2021-05-05,56.93000030517578,58.5099983215332,56.93000030517578,58.5099983215332,0
2021-05-06,57.75,57.75,56.93000030517578,56.93000030517578,0
2021-05-07,54.130001068115234,57.75,54.130001068115234,57.75,0
2021-05-10,55.47999954223633,55.47999954223633,54.130001068115234,54.130001068115234,0
2021-05-11,58.0099983215332,58.0099983215332,55.47999954223633,55.47999954223633,0
2021-05-12,58.470001220703125,58.470001220703125,58.0099983215332,58.0099983215332,0
2021-05-13,56.59000015258789,58.470001220703125,56.59000015258789,58.470001220703125,0
2021-05-14,54.9900016784668,56.59000015258789,54.9900016784668,56.59000015258789,0
2021-05-17,58.59000015258789,58.59000015258789,54.9900016784668,54.9900016784668,0
2021-05-18,57.18000030517578,58.59000015258789,57.18000030517578,58.59000015258789,0
2021-05-19,57.310001373291016,57.310001373291016,57.18000030517578,57.18000030517578,0
2021-05-20,55.040000915527344,57.310001373291016,55.040000915527344,57.310001373291016,0
2021-05-21,54.59000015258789,55.040000915527344,54.59000015258789,55.040000915527344,0
2021-05-24,54.939998626708984,54.939998626708984,54.59000015258789,54.59000015258789,0
2021-05-25,53.720001220703125,54.939998626708984,53.720001220703125,54.939998626708984,0
2021-05-26,52.81999969482422,53.720001220703125,52.81999969482422,53.720001220703125,0
2021-05-27,53.470001220703125,53.470001220703125,52.81999969482422,52.81999969482422,0
2021-05-28,52.040000915527344,53.470001220703125,52.040000915527344,53.470001220703125,0
2021-06-01,54.9900016784668,54.9900016784668,52.040000915527344,52.040000915527344,0
2021-06-02,55.209999084472656,55.209999084472656,54.9900016784668,54.9900016784668,0
2021-06-03,53.959999084472656,55.209999084472656,53.959999084472656,55.209999084472656,0
2021-06-04,49.779998779296875,53.959999084472656,49.779998779296875,53.959999084472656,0
2021-06-07,49.54999923706055,53.959999084472656,49.54999923706055,53.959999084472656,0
2021-06-08,49.93000030517578,49.93000030517578,49.54999923706055,49.54999923706055,0
2021-06-09,52.84000015258789,52.84000015258789,49.93000030517578,49.93000030517578,0
2021-06-10,48.2599983215332,52.84000015258789,48.2599983215332,52.84000015258789,0
2021-06-11,50.849998474121094,50.849998474121094,48.2599983215332,48.2599983215332,0
2021-06-14,54.029998779296875,54.029998779296875,48.2599983215332,48.2599983215332,0
2021-06-15,52.91999816894531,54.029998779296875,52.91999816894531,54.029998779296875,0
2021-06-16,54.279998779296875,54.279998779296875,52.91999816894531,52.91999816894531,0
2021-06-17,54.90999984741211,54.90999984741211,54.279998779296875,54.279998779296875,0
2021-06-18,60.45000076293945,60.45000076293945,54.90999984741211,54.90999984741211,0
2021-06-21,61.86000061035156,61.86000061035156,54.90999984741211,54.90999984741211,0
2021-06-22,58.63999938964844,61.86000061035156,58.63999938964844,61.86000061035156,0
2021-06-23,55.599998474121094,58.63999938964844,55.599998474121094,58.63999938964844,0
2021-06-24,54.83000183105469,55.599998474121094,54.83000183105469,55.599998474121094,0
2021-06-25,55.58000183105469,55.58000183105469,54.83000183105469,54.83000183105469,0
2021-06-28,56.33000183105469,56.33000183105469,54.83000183105469,54.83000183105469,0
2021-06-29,56.79999923706055,56.79999923706055,56.33000183105469,56.33000183105469,0
2021-06-30,57.27000045776367,57.27000045776367,56.79999923706055,56.79999923706055,0
2021-07-01,57.52000045776367,57.52000045776367,57.27000045776367,57.27000045776367,0
2021-07-02,52.40999984741211,57.52000045776367,52.40999984741211,57.52000045776367,0
2021-07-06,56.54999923706055,56.54999923706055,52.40999984741211,52.40999984741211,0
2021-07-07,60.650001525878906,60.650001525878906,56.54999923706055,56.54999923706055,0
2021-07-08,61.68000030517578,61.68000030517578,60.650001525878906,60.650001525878906,0
2021-07-09,59.91999816894531,61.68000030517578,59.91999816894531,61.68000030517578,0
2021-07-12,60.779998779296875,61.68000030517578,60.779998779296875,61.68000030517578,0
2021-07-13,60.79999923706055,60.79999923706055,60.779998779296875,60.779998779296875,0
2021-07-14,57.310001373291016,60.79999923706055,57.310001373291016,60.79999923706055,0
2021-07-15,56.97999954223633,57.310001373291016,56.97999954223633,57.310001373291016,0
2021-07-16,58.2400016784668,58.2400016784668,56.97999954223633,56.97999954223633,0
2021-07-19,67.58000183105469,67.58000183105469,56.97999954223633,56.97999954223633,0
2021-07-20,69.30999755859375,69.30999755859375,67.58000183105469,67.58000183105469,0
2021-07-21,65.27999877929688,69.30999755859375,65.27999877929688,69.30999755859375,0
2021-07-22,64.95999908447266,65.27999877929688,64.95999908447266,65.27999877929688,0
2021-07-23,65.27999877929688,65.27999877929688,64.95999908447266,64.95999908447266,0
2021-07-26,69.02999877929688,69.02999877929688,64.95999908447266,64.95999908447266,0
2021-07-27,70.06999969482422,70.06999969482422,69.02999877929688,69.02999877929688,0
2021-07-28,62.400001525878906,70.06999969482422,62.400001525878906,70.06999969482422,0
2021-07-29,62.08000183105469,62.400001525878906,62.08000183105469,62.400001525878906,0
2021-07-30,61.189998626708984,62.08000183105469,61.189998626708984,62.08000183105469,0
2021-08-02,64.29000091552734,64.29000091552734,62.08000183105469,62.08000183105469,0
2021-08-03,65.41999816894531,65.41999816894531,64.29000091552734,64.29000091552734,0
2021-08-04,62.66999816894531,65.41999816894531,62.66999816894531,65.41999816894531,0
2021-08-05,63.56999969482422,63.56999969482422,62.66999816894531,62.66999816894531,0
2021-08-06,62.63999938964844,63.56999969482422,62.63999938964844,63.56999969482422,0
2021-08-09,65.72000122070312,65.72000122070312,63.56999969482422,63.56999969482422,0
2021-08-10,66.55000305175781,66.55000305175781,65.72000122070312,65.72000122070312,0
2021-08-11,60.65999984741211,66.55000305175781,60.65999984741211,66.55000305175781,0
2021-08-12,57.38999938964844,60.65999984741211,57.38999938964844,60.65999984741211,0
2021-08-13,55.45000076293945,57.38999938964844,55.45000076293945,57.38999938964844,0
2021-08-16,59.400001525878906,59.400001525878906,55.45000076293945,55.45000076293945,0
2021-08-17,60.279998779296875,60.279998779296875,59.400001525878906,59.400001525878906,0
2021-08-18,58.04999923706055,60.279998779296875,58.04999923706055,60.279998779296875,0
2021-08-19,59.380001068115234,59.380001068115234,58.04999923706055,58.04999923706055,0
2021-08-20,59.95000076293945,59.95000076293945,59.380001068115234,59.380001068115234,0
2021-08-23,62.22999954223633,62.22999954223633,59.380001068115234,59.380001068115234,0
2021-08-24,63.029998779296875,63.029998779296875,62.22999954223633,62.22999954223633,0
2021-08-25,64.51000213623047,64.51000213623047,63.029998779296875,63.029998779296875,0
2021-08-26,63.40999984741211,64.51000213623047,63.40999984741211,64.51000213623047,0
2021-08-27,57.97999954223633,63.40999984741211,57.97999954223633,63.40999984741211,0
2021-08-30,60.13999938964844,63.40999984741211,60.13999938964844,63.40999984741211,0
2021-08-31,59.540000915527344,60.13999938964844,59.540000915527344,60.13999938964844,0
2021-09-01,58.09000015258789,59.540000915527344,58.09000015258789,59.540000915527344,0
2021-09-02,55.79999923706055,58.09000015258789,55.79999923706055,58.09000015258789,0
2021-09-03,53.2599983215332,55.79999923706055,53.2599983215332,55.79999923706055,0
2021-09-07,57.04999923706055,57.04999923706055,53.2599983215332,53.2599983215332,0
2021-09-08,57.02000045776367,57.04999923706055,57.02000045776367,57.04999923706055,0
2021-09-09,52.61000061035156,57.02000045776367,52.61000061035156,57.02000045776367,0
2021-09-10,51.72999954223633,52.61000061035156,51.72999954223633,52.61000061035156,0
2021-09-13,53.099998474121094,53.099998474121094,52.61000061035156,52.61000061035156,0
2021-09-14,51.72999954223633,53.099998474121094,51.72999954223633,53.099998474121094,0
2021-09-15,53.93000030517578,53.93000030517578,51.72999954223633,51.72999954223633,0
2021-09-16,53.70000076293945,53.93000030517578,53.70000076293945,53.93000030517578,0
2021-09-17,56.060001373291016,56.060001373291016,53.70000076293945,53.70000076293945,0
2021-09-20,59.58000183105469,59.58000183105469,56.060001373291016,56.060001373291016,0
2021-09-21,59.20000076293945,59.58000183105469,59.20000076293945,59.58000183105469,0
2021-09-22,55.91999816894531,59.20000076293945,55.91999816894531,59.20000076293945,0
2021-09-23,56.790000915527344,56.790000915527344,55.91999816894531,55.91999816894531,0
2021-09-24,58.459999084472656,58.459999084472656,56.790000915527344,56.790000915527344,0
2021-09-27,60.5,60.5,56.790000915527344,56.790000915527344,0
2021-09-28,62.709999084472656,62.709999084472656,60.5,60.5,0
2021-09-29,61.209999084472656,62.709999084472656,61.209999084472656,62.709999084472656,0
2021-09-30,61.06999969482422,61.209999084472656,61.06999969482422,61.209999084472656,0
2021-10-01,57.380001068115234,61.06999969482422,57.380001068115234,61.06999969482422,0
2021-10-04,60.61000061035156,61.06999969482422,60.61000061035156,61.06999969482422,0
2021-10-05,62.83000183105469,62.83000183105469,60.61000061035156,60.61000061035156,0
2021-10-06,60.650001525878906,62.83000183105469,60.650001525878906,62.83000183105469,0
2021-10-07,60.90999984741211,60.90999984741211,60.650001525878906,60.650001525878906,0
2021-10-08,59.650001525878906,60.90999984741211,59.650001525878906,60.90999984741211,0
2021-10-12,62.95000076293945,62.95000076293945,59.650001525878906,59.650001525878906,0
2021-10-13,60.84000015258789,62.95000076293945,60.84000015258789,62.95000076293945,0
2021-10-14,59.349998474121094,60.84000015258789,59.349998474121094,60.84000015258789,0
2021-10-15,62.70000076293945,62.70000076293945,59.349998474121094,59.349998474121094,0
2021-10-18,70.7699966430664,70.7699966430664,59.349998474121094,59.349998474121094,0
2021-10-19,68.25,70.7699966430664,68.25,70.7699966430664,0
2021-10-20,65.47000122070312,68.25,65.47000122070312,68.25,0
2021-10-21,69.41999816894531,69.41999816894531,65.47000122070312,65.47000122070312,0
2021-10-22,72.04000091552734,72.04000091552734,69.41999816894531,69.41999816894531,0
2021-10-25,68.95999908447266,69.41999816894531,68.95999908447266,69.41999816894531,0
2021-10-26,66.69999694824219,68.95999908447266,66.69999694824219,68.95999908447266,0
2021-10-27,70.05999755859375,70.05999755859375,66.69999694824219,66.69999694824219,0
2021-10-28,71.95999908447266,71.95999908447266,70.05999755859375,70.05999755859375,0
2021-10-29,75.44999694824219,75.44999694824219,71.95999908447266,71.95999908447266,0
2021-11-01,78.33999633789062,78.33999633789062,71.95999908447266,71.95999908447266,0
2021-11-02,71.04000091552734,78.33999633789062,71.04000091552734,78.33999633789062,0
2021-11-03,71.22000122070312,71.22000122070312,71.04000091552734,71.04000091552734,0
2021-11-04,64.61000061035156,71.22000122070312,64.61000061035156,71.22000122070312,0
2021-11-05,66.9000015258789,66.9000015258789,64.61000061035156,64.61000061035156,0
2021-11-08,70.97000122070312,70.97000122070312,64.61000061035156,64.61000061035156,0
2021-11-09,73.0199966430664,73.0199966430664,70.97000122070312,70.97000122070312,0
2021-11-10,78.30999755859375,78.30999755859375,73.0199966430664,73.0199966430664,0
2021-11-12,78.61000061035156,78.61000061035156,78.30999755859375,78.30999755859375,0
2021-11-15,81.58999633789062,81.58999633789062,78.30999755859375,78.30999755859375,0
2021-11-16,81.58000183105469,81.58999633789062,81.58000183105469,81.58999633789062,0
2021-11-17,81.58000183105469,81.58000183105469,81.58000183105469,81.58000183105469,0
2021-11-18,74.51000213623047,81.58000183105469,74.51000213623047,81.58000183105469,0
2021-11-19,73.38999938964844,74.51000213623047,73.38999938964844,74.51000213623047,0
2021-11-22,79.20999908447266,79.20999908447266,74.51000213623047,74.51000213623047,0
2021-11-23,80.56999969482422,80.56999969482422,79.20999908447266,79.20999908447266,0
2021-11-24,83.1500015258789,83.1500015258789,80.56999969482422,80.56999969482422,0
2021-11-26,89.44999694824219,89.44999694824219,83.1500015258789,83.1500015258789,0
2021-11-29,89.41000366210938,89.41000366210938,83.1500015258789,83.1500015258789,0
2021-11-30,84.04000091552734,89.41000366210938,84.04000091552734,89.41000366210938,0
2021-12-01,82.97000122070312,84.04000091552734,82.97000122070312,84.04000091552734,0
2021-12-02,82.55000305175781,82.97000122070312,82.55000305175781,82.97000122070312,0
2021-12-03,79.13999938964844,82.55000305175781,79.13999938964844,82.55000305175781,0
2021-12-06,87.88999938964844,87.88999938964844,82.55000305175781,82.55000305175781,0
2021-12-07,88.13999938964844,88.13999938964844,87.88999938964844,87.88999938964844,0
2021-12-08,80.29000091552734,88.13999938964844,80.29000091552734,88.13999938964844,0
2021-12-09,79.54000091552734,80.29000091552734,79.54000091552734,80.29000091552734,0
2021-12-10,74.36000061035156,79.54000091552734,74.36000061035156,79.54000091552734,0
2021-12-13,76.41000366210938,79.54000091552734,76.41000366210938,79.54000091552734,0
2021-12-14,78.9800033569336,78.9800033569336,76.41000366210938,76.41000366210938,0
2021-12-15,74.05999755859375,78.9800033569336,74.05999755859375,78.9800033569336,0
2021-12-16,69.0999984741211,74.05999755859375,69.0999984741211,74.05999755859375,0
2021-12-17,72.45999908447266,72.45999908447266,69.0999984741211,69.0999984741211,0
2021-12-20,77.0199966430664,77.0199966430664,69.0999984741211,69.0999984741211,0
2021-12-21,79.5199966430664,79.5199966430664,77.0199966430664,77.0199966430664,0
2021-12-22,76.8499984741211,79.5199966430664,76.8499984741211,79.5199966430664,0
2021-12-23,77.29000091552734,77.29000091552734,76.8499984741211,76.8499984741211,0
2021-12-27,80.12000274658203,80.12000274658203,77.29000091552734,77.29000091552734,0
2021-12-28,77.5199966430664,80.12000274658203,77.5199966430664,80.12000274658203,0
2021-12-29,78.0,78.0,77.5199966430664,77.5199966430664,0
2021-12-30,77.62000274658203,78.0,77.62000274658203,78.0,0
2021-12-31,77.0999984741211,77.62000274658203,77.0999984741211,77.62000274658203,0
2022-01-03,84.08000183105469,84.08000183105469,77.62000274658203,77.62000274658203,0
2022-01-04,83.11000061035156,84.08000183105469,83.11000061035156,84.08000183105469,0
2022-01-05,78.68000030517578,83.11000061035156,78.68000030517578,83.11000061035156,0
2022-01-06,77.7300033569336,78.68000030517578,77.7300033569336,78.68000030517578,0
2022-01-07,74.69000244140625,77.7300033569336,74.69000244140625,77.7300033569336,0
2022-01-10,78.12000274658203,78.12000274658203,77.7300033569336,77.7300033569336,0
2022-01-11,77.8499984741211,78.12000274658203,77.8499984741211,78.12000274658203,0
2022-01-12,74.55000305175781,77.8499984741211,74.55000305175781,77.8499984741211,0
2022-01-13,72.56999969482422,74.55000305175781,72.56999969482422,74.55000305175781,0
2022-01-14,76.58999633789062,76.58999633789062,72.56999969482422,72.56999969482422,0
2022-01-18,84.62999725341797,84.62999725341797,76.58999633789062,76.58999633789062,0
2022-01-19,80.13999938964844,84.62999725341797,80.13999938964844,84.62999725341797,0
2022-01-20,80.95999908447266,80.95999908447266,80.13999938964844,80.13999938964844,0
2022-01-21,81.02999877929688,81.02999877929688,80.95999908447266,80.95999908447266,0
2022-01-24,83.7699966430664,83.7699966430664,80.95999908447266,80.95999908447266,0
2022-01-25,84.56999969482422,84.56999969482422,83.7699966430664,83.7699966430664,0
2022-01-26,85.75,85.75,84.56999969482422,84.56999969482422,0
2022-01-27,85.62000274658203,85.75,85.62000274658203,85.75,0
2022-01-28,85.29000091552734,85.62000274658203,85.29000091552734,85.62000274658203,0
2022-01-31,85.13999938964844,85.62000274658203,85.13999938964844,85.62000274658203,0
2022-02-01,85.22000122070312,85.22000122070312,85.13999938964844,85.13999938964844,0
2022-02-02,84.8499984741211,85.22000122070312,84.8499984741211,85.22000122070312,0
2022-02-03,85.73999786376953,85.73999786376953,84.8499984741211,84.8499984741211,0
2022-02-04,87.68000030517578,87.68000030517578,85.73999786376953,85.73999786376953,0
2022-02-07,87.44000244140625,87.44000244140625,85.73999786376953,85.73999786376953,0
2022-02-08,82.72000122070312,87.44000244140625,82.72000122070312,87.44000244140625,0
2022-02-09,81.76000213623047,82.72000122070312,81.76000213623047,82.72000122070312,0
2022-02-10,88.5199966430664,88.5199966430664,81.76000213623047,81.76000213623047,0
2022-02-11,94.02999877929688,94.02999877929688,88.5199966430664,88.5199966430664,0
2022-02-14,102.27999877929688,102.27999877929688,88.5199966430664,88.5199966430664,0
2022-02-15,94.0,102.27999877929688,94.0,102.27999877929688,0
2022-02-16,92.73999786376953,94.0,92.73999786376953,94.0,0
2022-02-17,96.16999816894531,96.16999816894531,92.73999786376953,92.73999786376953,0
2022-02-18,94.36000061035156,96.16999816894531,94.36000061035156,96.16999816894531,0
2022-02-22,95.54000091552734,95.54000091552734,94.36000061035156,94.36000061035156,0
2022-02-23,95.1500015258789,95.54000091552734,95.1500015258789,95.54000091552734,0
2022-02-24,100.75,100.75,95.1500015258789,95.1500015258789,0
2022-02-25,93.33999633789062,100.75,93.33999633789062,100.75,0
2022-02-28,100.4000015258789,100.75,100.4000015258789,100.75,0
2022-03-01,118.26000213623047,118.26000213623047,100.4000015258789,100.4000015258789,0
2022-03-02,110.27999877929688,118.26000213623047,110.27999877929688,118.26000213623047,0
2022-03-03,115.18000030517578,115.18000030517578,110.27999877929688,110.27999877929688,0
2022-03-04,131.82000732421875,131.82000732421875,115.18000030517578,115.18000030517578,0
2022-03-07,140.02999877929688,140.02999877929688,115.18000030517578,115.18000030517578,0
2022-03-08,133.3699951171875,140.02999877929688,133.3699951171875,140.02999877929688,0
2022-03-09,110.9000015258789,133.3699951171875,110.9000015258789,133.3699951171875,0
2022-03-10,105.30999755859375,110.9000015258789,105.30999755859375,110.9000015258789,0
2022-03-11,99.02999877929688,105.30999755859375,99.02999877929688,105.30999755859375,0
2022-03-14,105.08000183105469,105.08000183105469,99.02999877929688,99.02999877929688,0
2022-03-15,101.02999877929688,105.08000183105469,101.02999877929688,105.08000183105469,0
2022-03-16,100.56999969482422,101.02999877929688,100.56999969482422,101.02999877929688,0
2022-03-17,91.76000213623047,100.56999969482422,91.76000213623047,100.56999969482422,0
2022-03-18,91.7699966430664,91.7699966430664,91.76000213623047,91.76000213623047,0
2022-03-21,101.94000244140625,101.94000244140625,91.76000213623047,91.76000213623047,0
2022-03-22,105.37999725341797,105.37999725341797,101.94000244140625,101.94000244140625,0
2022-03-23,105.72000122070312,105.72000122070312,105.37999725341797,105.37999725341797,0
2022-03-24,113.13999938964844,113.13999938964844,105.72000122070312,105.72000122070312,0
2022-03-25,125.2699966430664,125.2699966430664,113.13999938964844,113.13999938964844,0
2022-03-28,129.27999877929688,129.27999877929688,113.13999938964844,113.13999938964844,0
2022-03-29,117.91999816894531,129.27999877929688,117.91999816894531,129.27999877929688,0
2022-03-30,112.9800033569336,117.91999816894531,112.9800033569336,117.91999816894531,0
2022-03-31,106.87999725341797,112.9800033569336,106.87999725341797,112.9800033569336,0
2022-04-01,108.33999633789062,108.33999633789062,106.87999725341797,106.87999725341797,0
2022-04-04,108.37000274658203,108.37000274658203,106.87999725341797,106.87999725341797,0
2022-04-05,116.37000274658203,116.37000274658203,108.37000274658203,108.37000274658203,0
2022-04-06,123.91999816894531,123.91999816894531,116.37000274658203,116.37000274658203,0
2022-04-07,122.66999816894531,123.91999816894531,122.66999816894531,123.91999816894531,0
2022-04-08,124.86000061035156,124.86000061035156,122.66999816894531,122.66999816894531,0
2022-04-11,129.8699951171875,129.8699951171875,122.66999816894531,122.66999816894531,0
2022-04-12,117.79000091552734,129.8699951171875,117.79000091552734,129.8699951171875,0
2022-04-13,116.33000183105469,117.79000091552734,116.33000183105469,117.79000091552734,0
2022-04-14,119.66000366210938,119.66000366210938,116.33000183105469,116.33000183105469,0
2022-04-18,122.31999969482422,122.31999969482422,119.66000366210938,119.66000366210938,0
2022-04-19,122.73999786376953,122.73999786376953,122.31999969482422,122.31999969482422,0
2022-04-20,125.12000274658203,125.12000274658203,122.73999786376953,122.73999786376953,0
2022-04-21,130.69000244140625,130.69000244140625,125.12000274658203,125.12000274658203,0
2022-04-22,128.1199951171875,130.69000244140625,128.1199951171875,130.69000244140625,0
2022-04-25,131.6300048828125,131.6300048828125,130.69000244140625,130.69000244140625,0
2022-04-26,129.27000427246094,131.6300048828125,129.27000427246094,131.6300048828125,0
2022-04-27,130.11000061035156,130.11000061035156,129.27000427246094,129.27000427246094,0
2022-04-28,128.74000549316406,130.11000061035156,128.74000549316406,130.11000061035156,0
2022-04-29,128.39999389648438,128.74000549316406,128.39999389648438,128.74000549316406,0
2022-05-02,135.1699981689453,135.1699981689453,128.74000549316406,128.74000549316406,0
2022-05-03,126.45999908447266,135.1699981689453,126.45999908447266,135.1699981689453,0
2022-05-04,121.98999786376953,126.45999908447266,121.98999786376953,126.45999908447266,0
2022-05-05,122.72000122070312,122.72000122070312,121.98999786376953,121.98999786376953,0
2022-05-06,121.41999816894531,122.72000122070312,121.41999816894531,122.72000122070312,0
2022-05-09,125.22000122070312,125.22000122070312,122.72000122070312,122.72000122070312,0
2022-05-10,126.76000213623047,126.76000213623047,125.22000122070312,125.22000122070312,0
2022-05-11,118.05000305175781,126.76000213623047,118.05000305175781,126.76000213623047,0
2022-05-12,118.7300033569336,118.7300033569336,118.05000305175781,118.05000305175781,0
2022-05-13,114.61000061035156,118.7300033569336,114.61000061035156,118.7300033569336,0
2022-05-16,117.94999694824219,118.7300033569336,117.94999694824219,118.7300033569336,0
2022-05-17,119.45999908447266,119.45999908447266,117.94999694824219,117.94999694824219,0
2022-05-18,114.86000061035156,119.45999908447266,114.86000061035156,119.45999908447266,0
2022-05-19,115.05000305175781,115.05000305175781,114.86000061035156,114.86000061035156,0
2022-05-20,111.0999984741211,115.05000305175781,111.0999984741211,115.05000305175781,0
2022-05-23,110.19000244140625,115.05000305175781,110.19000244140625,115.05000305175781,0
2022-05-24,111.1500015258789,111.1500015258789,110.19000244140625,110.19000244140625,0
2022-05-25,105.69000244140625,111.1500015258789,105.69000244140625,111.1500015258789,0
2022-05-26,102.48999786376953,105.69000244140625,102.48999786376953,105.69000244140625,0
2022-05-27,98.4800033569336,102.48999786376953,98.4800033569336,102.48999786376953,0
2022-05-31,107.12000274658203,107.12000274658203,98.4800033569336,98.4800033569336,0
2022-06-01,109.37999725341797,109.37999725341797,107.12000274658203,107.12000274658203,0
2022-06-02,99.2699966430664,109.37999725341797,99.2699966430664,109.37999725341797,0
2022-06-03,97.7300033569336,99.2699966430664,97.7300033569336,99.2699966430664,0
2022-06-06,102.26000213623047,102.26000213623047,99.2699966430664,99.2699966430664,0
2022-06-07,102.61000061035156,102.61000061035156,102.26000213623047,102.26000213623047,0
2022-06-08,105.29000091552734,105.29000091552734,102.61000061035156,102.61000061035156,0
2022-06-09,105.29000091552734,105.29000091552734,105.29000091552734,105.29000091552734,0
2022-06-10,114.2300033569336,114.2300033569336,105.29000091552734,105.29000091552734,0
2022-06-13,139.2100067138672,139.2100067138672,114.2300033569336,114.2300033569336,0
2022-06-14,144.08999633789062,144.08999633789062,139.2100067138672,139.2100067138672,0
2022-06-15,135.92999267578125,144.08999633789062,135.92999267578125,144.08999633789062,0
2022-06-16,138.10000610351562,138.10000610351562,135.92999267578125,135.92999267578125,0
2022-06-17,133.75,138.10000610351562,133.75,138.10000610351562,0
2022-06-21,138.91000366210938,138.91000366210938,133.75,133.75,0
2022-06-22,129.94000244140625,138.91000366210938,129.94000244140625,138.91000366210938,0
2022-06-23,125.9800033569336,129.94000244140625,125.9800033569336,129.94000244140625,0
2022-06-24,127.0,127.0,125.9800033569336,125.9800033569336,0
2022-06-27,133.22000122070312,133.22000122070312,125.9800033569336,125.9800033569336,0
2022-06-28,135.22000122070312,135.22000122070312,133.22000122070312,133.22000122070312,0
2022-06-29,130.42999267578125,135.22000122070312,130.42999267578125,135.22000122070312,0
2022-06-30,135.5,135.5,130.42999267578125,130.42999267578125,0
2022-07-01,144.1699981689453,144.1699981689453,135.5,135.5,0
2022-07-05,156.16000366210938,156.16000366210938,144.1699981689453,144.1699981689453,0
2022-07-06,151.13999938964844,156.16000366210938,151.13999938964844,156.16000366210938,0
2022-07-07,149.7100067138672,151.13999938964844,149.7100067138672,151.13999938964844,0
2022-07-08,145.25,149.7100067138672,145.25,149.7100067138672,0
2022-07-11,147.72000122070312,149.7100067138672,147.72000122070312,149.7100067138672,0
2022-07-12,148.11000061035156,148.11000061035156,147.72000122070312,147.72000122070312,0
2022-07-13,136.10000610351562,148.11000061035156,136.10000610351562,148.11000061035156,0
2022-07-14,137.75999450683594,137.75999450683594,136.10000610351562,136.10000610351562,0
2022-07-15,129.85000610351562,137.75999450683594,129.85000610351562,137.75999450683594,0
2022-07-18,127.69000244140625,137.75999450683594,127.69000244140625,137.75999450683594,0
2022-07-19,124.69999694824219,127.69000244140625,124.69999694824219,127.69000244140625,0
2022-07-20,122.9000015258789,124.69999694824219,122.9000015258789,124.69999694824219,0
2022-07-21,121.1500015258789,122.9000015258789,121.1500015258789,122.9000015258789,0
2022-07-22,123.69999694824219,123.69999694824219,121.1500015258789,121.1500015258789,0
2022-07-25,128.27000427246094,128.27000427246094,121.1500015258789,121.1500015258789,0
2022-07-26,128.5500030517578,128.5500030517578,128.27000427246094,128.27000427246094,0
2022-07-27,117.27999877929688,128.5500030517578,117.27999877929688,128.5500030517578,0
2022-07-28,119.93000030517578,119.93000030517578,117.27999877929688,117.27999877929688,0
2022-07-29,116.36000061035156,119.93000030517578,116.36000061035156,119.93000030517578,0
2022-08-01,120.5,120.5,119.93000030517578,119.93000030517578,0
2022-08-02,129.22999572753906,129.22999572753906,120.5,120.5,0
2022-08-03,122.04000091552734,129.22999572753906,122.04000091552734,129.22999572753906,0
2022-08-04,120.56999969482422,122.04000091552734,120.56999969482422,122.04000091552734,0
2022-08-05,122.58000183105469,122.58000183105469,120.56999969482422,120.56999969482422,0
2022-08-08,124.12000274658203,124.12000274658203,120.56999969482422,120.56999969482422,0
2022-08-09,125.12000274658203,125.12000274658203,124.12000274658203,124.12000274658203,0
2022-08-10,115.26000213623047,125.12000274658203,115.26000213623047,125.12000274658203,0
2022-08-11,111.11000061035156,115.26000213623047,111.11000061035156,115.26000213623047,0
2022-08-12,106.27999877929688,111.11000061035156,106.27999877929688,111.11000061035156,0
2022-08-15,113.81999969482422,113.81999969482422,111.11000061035156,111.11000061035156,0
2022-08-16,116.83000183105469,116.83000183105469,113.81999969482422,113.81999969482422,0
2022-08-17,117.69999694824219,117.69999694824219,116.83000183105469,116.83000183105469,0
2022-08-18,120.26000213623047,120.26000213623047,117.69999694824219,117.69999694824219,0
2022-08-19,123.80999755859375,123.80999755859375,120.26000213623047,120.26000213623047,0
2022-08-22,135.88999938964844,135.88999938964844,120.26000213623047,120.26000213623047,0
2022-08-23,133.85000610351562,135.88999938964844,133.85000610351562,135.88999938964844,0
2022-08-24,133.1300048828125,133.85000610351562,133.1300048828125,133.85000610351562,0
2022-08-25,126.33000183105469,133.1300048828125,126.33000183105469,133.1300048828125,0
2022-08-26,122.94999694824219,126.33000183105469,122.94999694824219,126.33000183105469,0
2022-08-29,130.13999938964844,130.13999938964844,126.33000183105469,126.33000183105469,0
2022-08-30,127.69000244140625,130.13999938964844,127.69000244140625,130.13999938964844,0
2022-08-31,124.83999633789062,127.69000244140625,124.83999633789062,127.69000244140625,0
2022-09-01,126.58000183105469,126.58000183105469,124.83999633789062,124.83999633789062,0
2022-09-02,120.72000122070312,126.58000183105469,120.72000122070312,126.58000183105469,0
2022-09-06,133.5399932861328,133.5399932861328,120.72000122070312,120.72000122070312,0
2022-09-07,133.1199951171875,133.5399932861328,133.1199951171875,133.5399932861328,0
2022-09-08,124.13999938964844,133.1199951171875,124.13999938964844,133.1199951171875,0
2022-09-09,121.54000091552734,124.13999938964844,121.54000091552734,124.13999938964844,0
2022-09-12,123.06999969482422,124.13999938964844,123.06999969482422,124.13999938964844,0
2022-09-13,128.8699951171875,128.8699951171875,123.06999969482422,123.06999969482422,0
2022-09-14,125.3499984741211,128.8699951171875,125.3499984741211,128.8699951171875,0
2022-09-15,124.06999969482422,125.3499984741211,124.06999969482422,125.3499984741211,0
2022-09-16,124.94999694824219,124.94999694824219,124.06999969482422,124.06999969482422,0
2022-09-19,133.7899932861328,133.7899932861328,124.06999969482422,124.06999969482422,0
2022-09-20,134.66000366210938,134.66000366210938,133.7899932861328,133.7899932861328,0
2022-09-21,130.5399932861328,134.66000366210938,130.5399932861328,134.66000366210938,0
2022-09-22,131.92999267578125,131.92999267578125,130.5399932861328,130.5399932861328,0
2022-09-23,137.27999877929688,137.27999877929688,131.92999267578125,131.92999267578125,0
2022-09-26,153.61000061035156,153.61000061035156,131.92999267578125,131.92999267578125,0
2022-09-27,158.1199951171875,158.1199951171875,153.61000061035156,153.61000061035156,0
2022-09-28,158.99000549316406,158.99000549316406,158.1199951171875,158.1199951171875,0
2022-09-29,148.13999938964844,158.99000549316406,148.13999938964844,158.99000549316406,0
2022-09-30,141.88999938964844,148.13999938964844,141.88999938964844,148.13999938964844,0
2022-10-03,152.94000244140625,152.94000244140625,148.13999938964844,148.13999938964844,0
2022-10-04,151.2100067138672,152.94000244140625,151.2100067138672,152.94000244140625,0
2022-10-05,152.00999450683594,152.00999450683594,151.2100067138672,151.2100067138672,0
2022-10-06,153.2899932861328,153.2899932861328,152.00999450683594,152.00999450683594,0
2022-10-07,148.4600067138672,153.2899932861328,148.4600067138672,153.2899932861328,0
2022-10-11,155.57000732421875,155.57000732421875,148.4600067138672,148.4600067138672,0
2022-10-12,160.72000122070312,160.72000122070312,155.57000732421875,155.57000732421875,0
2022-10-13,155.0800018310547,160.72000122070312,155.0800018310547,160.72000122070312,0
2022-10-14,152.88999938964844,155.0800018310547,152.88999938964844,155.0800018310547,0
2022-10-17,150.4199981689453,155.0800018310547,150.4199981689453,155.0800018310547,0
2022-10-18,145.7899932861328,150.4199981689453,145.7899932861328,150.4199981689453,0
2022-10-19,147.72999572753906,147.72999572753906,145.7899932861328,145.7899932861328,0
2022-10-20,155.61000061035156,155.61000061035156,147.72999572753906,147.72999572753906,0
2022-10-21,156.9499969482422,156.9499969482422,155.61000061035156,155.61000061035156,0
2022-10-24,154.02000427246094,155.61000061035156,154.02000427246094,155.61000061035156,0
2022-10-25,147.77999877929688,154.02000427246094,147.77999877929688,154.02000427246094,0
2022-10-26,140.1999969482422,147.77999877929688,140.1999969482422,147.77999877929688,0
2022-10-27,142.77999877929688,142.77999877929688,140.1999969482422,140.1999969482422,0
2022-10-28,144.60000610351562,144.60000610351562,142.77999877929688,142.77999877929688,0
2022-10-31,147.9199981689453,147.9199981689453,142.77999877929688,142.77999877929688,0
2022-11-01,148.4199981689453,148.4199981689453,147.9199981689453,147.9199981689453,0
2022-11-02,141.1699981689453,148.4199981689453,141.1699981689453,148.4199981689453,0
2022-11-03,136.27999877929688,141.1699981689453,136.27999877929688,141.1699981689453,0
2022-11-04,128.44000244140625,136.27999877929688,128.44000244140625,136.27999877929688,0
2022-11-07,128.3300018310547,136.27999877929688,128.3300018310547,136.27999877929688,0
2022-11-08,126.33000183105469,128.3300018310547,126.33000183105469,128.3300018310547,0
2022-11-09,124.4000015258789,126.33000183105469,124.4000015258789,126.33000183105469,0
2022-11-10,111.69000244140625,124.4000015258789,111.69000244140625,124.4000015258789,0
2022-11-14,119.98999786376953,119.98999786376953,119.98999786376953,119.98999786376953,0
2022-11-15,128.6199951171875,128.6199951171875,128.6199951171875,128.6199951171875,0
2022-11-16,130.8300018310547,130.8300018310547,128.6199951171875,128.6199951171875,0
2022-11-17,132.17999267578125,132.17999267578125,132.17999267578125,132.17999267578125,0
2022-11-18,129.3300018310547,129.3300018310547,129.3300018310547,129.3300018310547,0
2022-11-21,132.1300048828125,132.1300048828125,129.3300018310547,129.3300018310547,0
2022-11-22,133.52999877929688,133.52999877929688,132.1300048828125,132.1300048828125,0
2022-11-23,136.1999969482422,136.1999969482422,133.52999877929688,133.52999877929688,0
2022-11-25,129.60000610351562,136.1999969482422,129.60000610351562,136.1999969482422,0
2022-11-28,131.72999572753906,131.72999572753906,129.60000610351562,129.60000610351562,0
2022-11-29,131.22999572753906,131.72999572753906,131.22999572753906,131.72999572753906,0
2022-11-30,127.2699966430664,131.22999572753906,127.2699966430664,131.22999572753906,0
2022-12-01,119.7699966430664,127.2699966430664,119.7699966430664,127.2699966430664,0
2022-12-02,118.62000274658203,119.7699966430664,118.62000274658203,119.7699966430664,0
2022-12-05,126.5,126.5,118.62000274658203,118.62000274658203,0
2022-12-06,129.08999633789062,129.08999633789062,126.5,126.5,0
2022-12-07,131.10000610351562,131.10000610351562,129.08999633789062,129.08999633789062,0
2022-12-08,129.5399932861328,131.10000610351562,129.5399932861328,131.10000610351562,0
2022-12-09,132.7899932861328,132.7899932861328,129.5399932861328,129.5399932861328,0
2022-12-12,141.92999267578125,141.92999267578125,132.7899932861328,132.7899932861328,0
2022-12-13,135.0800018310547,141.92999267578125,135.0800018310547,141.92999267578125,0
2022-12-14,120.26000213623047,135.0800018310547,120.26000213623047,135.0800018310547,0
2022-12-15,111.26000213623047,120.26000213623047,111.26000213623047,120.26000213623047,0
2022-12-16,113.6500015258789,113.6500015258789,111.26000213623047,111.26000213623047,0
2022-12-19,118.31999969482422,118.31999969482422,113.6500015258789,113.6500015258789,0
2022-12-20,119.91999816894531,119.91999816894531,118.31999969482422,118.31999969482422,0
2022-12-21,115.0,119.91999816894531,115.0,119.91999816894531,0
2022-12-22,112.05000305175781,115.0,112.05000305175781,115.0,0
2022-12-23,113.16999816894531,113.16999816894531,112.05000305175781,112.05000305175781,0
2022-12-27,124.88999938964844,124.88999938964844,113.16999816894531,113.16999816894531,0
2022-12-28,120.06999969482422,124.88999938964844,120.06999969482422,124.88999938964844,0
2022-12-29,120.25,120.25,120.06999969482422,120.06999969482422,0
2022-12-30,121.61000061035156,121.61000061035156,120.25,120.25,0
2023-01-03,129.97000122070312,129.97000122070312,121.61000061035156,121.61000061035156,0
2023-01-04,125.77999877929688,129.97000122070312,125.77999877929688,129.97000122070312,0
2023-01-05,119.52999877929688,125.77999877929688,119.52999877929688,125.77999877929688,0
2023-01-06,113.87000274658203,119.52999877929688,113.87000274658203,119.52999877929688,0
2023-01-09,116.66999816894531,116.66999816894531,113.87000274658203,113.87000274658203,0
2023-01-10,119.5199966430664,119.5199966430664,116.66999816894531,116.66999816894531,0
2023-01-11,115.16999816894531,119.5199966430664,115.16999816894531,119.5199966430664,0
2023-01-12,112.33999633789062,115.16999816894531,112.33999633789062,115.16999816894531,0
2023-01-13,113.55000305175781,113.55000305175781,112.33999633789062,112.33999633789062,0
2023-01-17,122.2699966430664,122.2699966430664,113.55000305175781,113.55000305175781,0
2023-01-18,112.61000061035156,122.2699966430664,112.61000061035156,122.2699966430664,0
2023-01-19,114.52999877929688,114.52999877929688,112.61000061035156,112.61000061035156,0
2023-01-20,114.76000213623047,114.76000213623047,114.52999877929688,114.52999877929688,0
2023-01-23,114.69000244140625,114.76000213623047,114.69000244140625,114.76000213623047,0
2023-01-24,112.76000213623047,114.69000244140625,112.76000213623047,114.69000244140625,0
2023-01-25,107.73999786376953,112.76000213623047,107.73999786376953,112.76000213623047,0
2023-01-26,104.27999877929688,107.73999786376953,104.27999877929688,107.73999786376953,0
2023-01-27,100.69999694824219,104.27999877929688,100.69999694824219,104.27999877929688,0
2023-01-30,103.7699966430664,103.7699966430664,100.69999694824219,100.69999694824219,0
2023-01-31,99.54000091552734,103.7699966430664,99.54000091552734,103.7699966430664,0
2023-02-01,97.33000183105469,99.54000091552734,97.33000183105469,99.54000091552734,0
2023-02-02,97.76000213623047,97.76000213623047,97.33000183105469,97.33000183105469,0
2023-02-03,98.98999786376953,98.98999786376953,97.76000213623047,97.76000213623047,0
2023-02-06,105.62999725341797,105.62999725341797,98.98999786376953,98.98999786376953,0
2023-02-07,103.1500015258789,105.62999725341797,103.1500015258789,105.62999725341797,0
2023-02-08,100.75,103.1500015258789,100.75,103.1500015258789,0
2023-02-09,102.44999694824219,102.44999694824219,100.75,100.75,0
2023-02-10,109.62999725341797,109.62999725341797,102.44999694824219,102.44999694824219,0
2023-02-13,110.66999816894531,110.66999816894531,109.62999725341797,109.62999725341797,0
2023-02-14,110.58999633789062,110.66999816894531,110.58999633789062,110.66999816894531,0
2023-02-15,108.63999938964844,110.58999633789062,108.63999938964844,110.58999633789062,0
2023-02-16,111.01000213623047,111.01000213623047,108.63999938964844,108.63999938964844,0
2023-02-17,110.11000061035156,111.01000213623047,110.11000061035156,111.01000213623047,0
2023-02-21,119.62000274658203,119.62000274658203,110.11000061035156,110.11000061035156,0
2023-02-22,118.20999908447266,119.62000274658203,118.20999908447266,119.62000274658203,0
2023-02-23,117.44999694824219,118.20999908447266,117.44999694824219,118.20999908447266,0
2023-02-24,122.83999633789062,122.83999633789062,117.44999694824219,117.44999694824219,0
2023-02-27,120.02999877929688,122.83999633789062,120.02999877929688,122.83999633789062,0
2023-02-28,123.5999984741211,123.5999984741211,120.02999877929688,120.02999877929688,0
2023-03-01,121.08000183105469,123.5999984741211,121.08000183105469,123.5999984741211,0
2023-03-02,124.12000274658203,124.12000274658203,121.08000183105469,121.08000183105469,0
2023-03-03,122.5199966430664,124.12000274658203,122.5199966430664,124.12000274658203,0
2023-03-06,128.19000244140625,128.19000244140625,122.5199966430664,122.5199966430664,0
2023-03-07,133.3300018310547,133.3300018310547,128.19000244140625,128.19000244140625,0
2023-03-08,129.75999450683594,133.3300018310547,129.75999450683594,133.3300018310547,0
2023-03-09,129.27999877929688,129.75999450683594,129.27999877929688,129.75999450683594,0
2023-03-10,140.05999755859375,140.05999755859375,129.27999877929688,129.27999877929688,0
2023-03-13,173.58999633789062,173.58999633789062,140.05999755859375,140.05999755859375,0
2023-03-14,169.64999389648438,173.58999633789062,169.64999389648438,173.58999633789062,0
2023-03-15,169.64999389648438,169.64999389648438,169.64999389648438,169.64999389648438,0
2023-03-16,167.9600067138672,198.7100067138672,167.9600067138672,198.7100067138672,0
2023-03-17,180.11000061035156,180.11000061035156,167.9600067138672,167.9600067138672,0
2023-03-20,182.63999938964844,182.63999938964844,180.11000061035156,180.11000061035156,0
2023-03-21,162.30999755859375,182.63999938964844,162.30999755859375,182.63999938964844,0
2023-03-22,142.83999633789062,162.30999755859375,142.83999633789062,162.30999755859375,0
2023-03-23,151.39999389648438,151.39999389648438,142.83999633789062,142.83999633789062,0
2023-03-24,173.66000366210938,173.66000366210938,151.39999389648438,151.39999389648438,0
2023-03-27,161.6699981689453,173.66000366210938,161.6699981689453,173.66000366210938,0
2023-03-28,155.9600067138672,161.6699981689453,155.9600067138672,161.6699981689453,0
2023-03-29,150.5800018310547,155.9600067138672,150.5800018310547,155.9600067138672,0
2023-03-30,141.24000549316406,150.5800018310547,141.24000549316406,150.5800018310547,0
2023-03-31,135.92999267578125,141.24000549316406,135.92999267578125,141.24000549316406,0
2023-04-03,138.1699981689453,138.1699981689453,135.92999267578125,135.92999267578125,0
2023-04-04,147.75,147.75,138.1699981689453,138.1699981689453,0
2023-04-05,153.89999389648438,153.89999389648438,147.75,147.75,0
2023-04-06,147.72999572753906,153.89999389648438,147.72999572753906,153.89999389648438,0
2023-04-10,143.0,143.0,139.1999969482422,139.1999969482422,0
2023-04-11,139.77999877929688,143.0,139.77999877929688,143.0,0
2023-04-12,129.67999267578125,139.77999877929688,129.67999267578125,139.77999877929688,0
2023-04-13,119.94999694824219,129.67999267578125,119.94999694824219,129.67999267578125,0
2023-04-14,118.83999633789062,119.94999694824219,118.83999633789062,119.94999694824219,0
2023-04-17,122.69000244140625,122.69000244140625,118.83999633789062,118.83999633789062,0
2023-04-18,122.77999877929688,122.77999877929688,122.69000244140625,122.69000244140625,0
2023-04-19,124.0199966430664,124.0199966430664,122.77999877929688,122.77999877929688,0
2023-04-20,120.61000061035156,124.0199966430664,120.61000061035156,124.0199966430664,0
2023-04-21,120.83999633789062,120.83999633789062,120.61000061035156,120.61000061035156,0
2023-04-24,126.27999877929688,126.27999877929688,120.83999633789062,120.83999633789062,0
2023-04-25,137.1300048828125,137.1300048828125,126.27999877929688,126.27999877929688,0
2023-04-26,130.38999938964844,137.1300048828125,130.38999938964844,137.1300048828125,0
2023-04-27,122.43000030517578,130.38999938964844,122.43000030517578,130.38999938964844,0
2023-04-28,122.45999908447266,122.45999908447266,122.43000030517578,122.43000030517578,0
2023-05-01,128.17999267578125,128.17999267578125,122.45999908447266,122.45999908447266,0
2023-05-02,137.5500030517578,137.5500030517578,128.17999267578125,128.17999267578125,0
2023-05-03,134.5,137.5500030517578,134.5,137.5500030517578,0
2023-05-04,140.7100067138672,140.7100067138672,134.5,134.5,0
2023-05-05,130.2100067138672,140.7100067138672,130.2100067138672,140.7100067138672,0
2023-05-08,135.07000732421875,135.07000732421875,130.2100067138672,130.2100067138672,0
2023-05-09,133.92999267578125,135.07000732421875,133.92999267578125,135.07000732421875,0
2023-05-10,125.5999984741211,133.92999267578125,125.5999984741211,133.92999267578125,0
2023-05-11,128.2100067138672,128.2100067138672,125.5999984741211,125.5999984741211,0
2023-05-12,120.5199966430664,128.2100067138672,120.5199966430664,128.2100067138672,0
2023-05-15,127.88999938964844,127.88999938964844,120.5199966430664,120.5199966430664,0
2023-05-16,130.3000030517578,130.3000030517578,127.88999938964844,127.88999938964844,0
2023-05-17,120.77999877929688,130.3000030517578,120.77999877929688,130.3000030517578,0
2023-05-18,122.5,122.5,120.77999877929688,120.77999877929688,0
2023-05-19,127.51000213623047,127.51000213623047,122.5,122.5,0
2023-05-22,132.2899932861328,132.2899932861328,127.51000213623047,127.51000213623047,0
2023-05-23,131.6999969482422,132.2899932861328,131.6999969482422,132.2899932861328,0
2023-05-24,132.2899932861328,132.2899932861328,131.6999969482422,131.6999969482422,0
2023-05-25,139.5399932861328,139.5399932861328,132.2899932861328,132.2899932861328,0
2023-05-26,145.3699951171875,145.3699951171875,139.5399932861328,139.5399932861328,0
2023-05-30,141.36000061035156,145.3699951171875,141.36000061035156,145.3699951171875,0
2023-05-31,136.02000427246094,141.36000061035156,136.02000427246094,141.36000061035156,0
2023-06-01,124.62999725341797,136.02000427246094,124.62999725341797,136.02000427246094,0
2023-06-02,120.94999694824219,124.62999725341797,120.94999694824219,124.62999725341797,0
2023-06-05,119.08000183105469,120.94999694824219,119.08000183105469,120.94999694824219,0
2023-06-06,114.41999816894531,119.08000183105469,114.41999816894531,119.08000183105469,0
2023-06-07,120.5,120.5,114.41999816894531,114.41999816894531,0
2023-06-08,115.11000061035156,120.5,115.11000061035156,120.5,0
2023-06-09,115.7699966430664,115.7699966430664,115.11000061035156,115.11000061035156,0
2023-06-12,119.80000305175781,119.80000305175781,115.7699966430664,115.7699966430664,0
2023-06-13,118.80000305175781,119.80000305175781,118.80000305175781,119.80000305175781,0
2023-06-14,114.37000274658203,118.80000305175781,114.37000274658203,118.80000305175781,0
2023-06-15,107.33999633789062,114.37000274658203,107.33999633789062,114.37000274658203,0
2023-06-16,104.43000030517578,107.33999633789062,104.43000030517578,107.33999633789062,0
2023-06-20,104.43000030517578,104.43000030517578,104.43000030517578,104.43000030517578,0
2023-06-21,110.83999633789062,114.19000244140625,110.83999633789062,114.19000244140625,0
2023-06-22,107.69999694824219,110.83999633789062,107.69999694824219,110.83999633789062,0
2023-06-23,105.73999786376953,107.69999694824219,105.73999786376953,107.69999694824219,0
2023-06-26,109.0199966430664,109.0199966430664,105.73999786376953,105.73999786376953,0
2023-06-27,110.8499984741211,110.8499984741211,109.0199966430664,109.0199966430664,0
2023-06-28,108.30000305175781,110.8499984741211,108.30000305175781,110.8499984741211,0
2023-06-29,113.44999694824219,113.44999694824219,108.30000305175781,108.30000305175781,0
2023-06-30,110.63999938964844,113.44999694824219,110.63999938964844,113.44999694824219,0
2023-07-03,110.7699966430664,113.44999694824219,110.7699966430664,113.44999694824219,0
2023-07-05,110.52999877929688,110.7699966430664,110.52999877929688,110.7699966430664,0
2023-07-06,134.6300048828125,134.6300048828125,110.52999877929688,110.52999877929688,0
2023-07-07,130.41000366210938,134.6300048828125,130.41000366210938,134.6300048828125,0
2023-07-10,131.72999572753906,131.72999572753906,130.41000366210938,130.41000366210938,0
2023-07-11,127.06999969482422,131.72999572753906,127.06999969482422,131.72999572753906,0
2023-07-12,114.06999969482422,127.06999969482422,114.06999969482422,127.06999969482422,0
2023-07-13,111.75,114.06999969482422,111.75,114.06999969482422,0
2023-07-14,112.4800033569336,112.4800033569336,111.75,111.75,0
2023-07-17,113.5,113.5,112.4800033569336,112.4800033569336,0
2023-07-18,112.44999694824219,113.5,112.44999694824219,113.5,0
2023-07-19,107.19000244140625,112.44999694824219,107.19000244140625,112.44999694824219,0
2023-07-20,112.8499984741211,112.8499984741211,107.19000244140625,107.19000244140625,0
2023-07-21,106.66000366210938,112.8499984741211,106.66000366210938,112.8499984741211,0
2023-07-24,109.94999694824219,109.94999694824219,106.66000366210938,106.66000366210938,0
2023-07-25,113.0199966430664,113.0199966430664,109.94999694824219,109.94999694824219,0
2023-07-26,104.87999725341797,113.0199966430664,104.87999725341797,113.0199966430664,0
2023-07-27,111.1500015258789,111.1500015258789,104.87999725341797,104.87999725341797,0
2023-07-28,109.76000213623047,111.1500015258789,109.76000213623047,111.1500015258789,0
2023-07-31,112.02999877929688,112.02999877929688,109.76000213623047,109.76000213623047,0
2023-08-01,116.37999725341797,116.37999725341797,112.02999877929688,112.02999877929688,0
2023-08-02,115.1500015258789,116.37999725341797,115.1500015258789,116.37999725341797,0
2023-08-03,124.5999984741211,124.5999984741211,115.1500015258789,115.1500015258789,0
2023-08-04,115.91000366210938,124.5999984741211,115.91000366210938,124.5999984741211,0
2023-08-07,120.94000244140625,124.5999984741211,120.94000244140625,124.5999984741211,0
2023-08-08,118.73999786376953,120.94000244140625,118.73999786376953,120.94000244140625,0
2023-08-09,112.55000305175781,118.73999786376953,112.55000305175781,118.73999786376953,0
2023-08-10,108.63999938964844,112.55000305175781,108.63999938964844,112.55000305175781,0
2023-08-11,112.12999725341797,112.12999725341797,108.63999938964844,108.63999938964844,0
2023-08-14,119.94000244140625,119.94000244140625,108.63999938964844,108.63999938964844,0
2023-08-15,121.80000305175781,121.80000305175781,119.94000244140625,119.94000244140625,0
2023-08-16,117.23999786376953,121.80000305175781,117.23999786376953,121.80000305175781,0
2023-08-17,121.13999938964844,121.13999938964844,117.23999786376953,117.23999786376953,0
2023-08-18,120.51000213623047,121.13999938964844,120.51000213623047,121.13999938964844,0
2023-08-21,130.69000244140625,130.69000244140625,121.13999938964844,121.13999938964844,0
2023-08-22,126.6500015258789,130.69000244140625,126.6500015258789,130.69000244140625,0
2023-08-23,118.4000015258789,126.6500015258789,118.4000015258789,126.6500015258789,0
2023-08-24,117.55999755859375,118.4000015258789,117.55999755859375,118.4000015258789,0
2023-08-25,110.37000274658203,117.55999755859375,110.37000274658203,117.55999755859375,0
2023-08-28,110.44999694824219,117.55999755859375,110.44999694824219,117.55999755859375,0
2023-08-29,110.68000030517578,110.68000030517578,110.44999694824219,110.44999694824219,0
2023-08-30,109.83999633789062,110.68000030517578,109.83999633789062,110.68000030517578,0
2023-08-31,107.93000030517578,109.83999633789062,107.93000030517578,109.83999633789062,0
2023-09-01,102.91999816894531,107.93000030517578,102.91999816894531,107.93000030517578,0
2023-09-05,109.63999938964844,109.63999938964844,102.91999816894531,102.91999816894531,0
2023-09-06,111.30999755859375,111.30999755859375,109.63999938964844,109.63999938964844,0
2023-09-07,105.19999694824219,111.30999755859375,105.19999694824219,111.30999755859375,0
2023-09-08,104.33999633789062,105.19999694824219,104.33999633789062,105.19999694824219,0
2023-09-11,107.2300033569336,107.2300033569336,105.19999694824219,105.19999694824219,0
2023-09-12,105.11000061035156,107.2300033569336,105.11000061035156,107.2300033569336,0
2023-09-13,101.86000061035156,105.11000061035156,101.86000061035156,105.11000061035156,0
2023-09-14,97.11000061035156,101.86000061035156,97.11000061035156,101.86000061035156,0
2023-09-15,96.61000061035156,97.11000061035156,96.61000061035156,97.11000061035156,0
2023-09-18,99.31999969482422,99.31999969482422,97.11000061035156,97.11000061035156,0
2023-09-19,101.30999755859375,101.30999755859375,99.31999969482422,99.31999969482422,0
2023-09-20,97.04000091552734,101.30999755859375,97.04000091552734,101.30999755859375,0
2023-09-21,106.0,106.0,97.04000091552734,97.04000091552734,0
2023-09-22,101.11000061035156,106.0,101.11000061035156,106.0,0
2023-09-25,117.33000183105469,117.33000183105469,106.0,106.0,0
2023-09-26,117.72000122070312,117.72000122070312,117.33000183105469,117.33000183105469,0
2023-09-27,122.08999633789062,122.08999633789062,117.72000122070312,117.72000122070312,0
2023-09-28,115.23999786376953,122.08999633789062,115.23999786376953,122.08999633789062,0
2023-09-29,113.55000305175781,115.23999786376953,113.55000305175781,115.23999786376953,0
2023-10-02,127.58999633789062,127.58999633789062,115.23999786376953,115.23999786376953,0
2023-10-03,141.6699981689453,141.6699981689453,127.58999633789062,127.58999633789062,0
2023-10-04,128.22999572753906,141.6699981689453,128.22999572753906,141.6699981689453,0
2023-10-05,130.17999267578125,130.17999267578125,128.22999572753906,128.22999572753906,0
2023-10-06,126.63999938964844,130.17999267578125,126.63999938964844,130.17999267578125,0
2023-10-10,136.1699981689453,136.1699981689453,126.63999938964844,126.63999938964844,0
2023-10-11,127.18000030517578,136.1699981689453,127.18000030517578,136.1699981689453,0
2023-10-12,126.37000274658203,127.18000030517578,126.37000274658203,127.18000030517578,0
2023-10-13,128.3300018310547,128.3300018310547,126.37000274658203,126.37000274658203,0
2023-10-16,130.16000366210938,130.16000366210938,126.37000274658203,126.37000274658203,0
2023-10-17,130.1699981689453,130.1699981689453,130.16000366210938,130.16000366210938,0
2023-10-18,129.1699981689453,130.1699981689453,129.1699981689453,130.1699981689453,0
2023-10-19,134.6199951171875,134.6199951171875,129.1699981689453,129.1699981689453,0
2023-10-20,135.4499969482422,135.4499969482422,134.6199951171875,134.6199951171875,0
2023-10-23,131.8300018310547,134.6199951171875,131.8300018310547,134.6199951171875,0
2023-10-24,128.1300048828125,131.8300018310547,128.1300048828125,131.8300018310547,0
2023-10-25,131.2100067138672,131.2100067138672,128.1300048828125,128.1300048828125,0
2023-10-26,130.94000244140625,131.2100067138672,130.94000244140625,131.2100067138672,0
2023-10-27,129.16000366210938,130.94000244140625,129.16000366210938,130.94000244140625,0
2023-10-30,131.89999389648438,131.89999389648438,130.94000244140625,130.94000244140625,0
2023-10-31,126.86000061035156,131.89999389648438,126.86000061035156,131.89999389648438,0
2023-11-01,120.55000305175781,126.86000061035156,120.55000305175781,126.86000061035156,0
2023-11-02,118.63999938964844,120.55000305175781,118.63999938964844,120.55000305175781,0
2023-11-03,118.73999786376953,118.73999786376953,118.63999938964844,118.63999938964844,0
2023-11-06,121.73999786376953,121.73999786376953,118.63999938964844,118.63999938964844,0
2023-11-07,120.08999633789062,121.73999786376953,120.08999633789062,121.73999786376953,0
2023-11-08,117.0999984741211,120.08999633789062,117.0999984741211,120.08999633789062,0
2023-11-09,117.05000305175781,117.0999984741211,117.05000305175781,117.0999984741211,0
2023-11-10,116.79000091552734,117.05000305175781,116.79000091552734,117.05000305175781,0
2023-11-13,124.47000122070312,124.47000122070312,117.05000305175781,117.05000305175781,0
2023-11-14,124.11000061035156,124.47000122070312,124.11000061035156,124.47000122070312,0
2023-11-15,122.19000244140625,124.11000061035156,122.19000244140625,124.11000061035156,0
2023-11-16,116.08000183105469,122.19000244140625,116.08000183105469,122.19000244140625,0
2023-11-17,113.11000061035156,116.08000183105469,113.11000061035156,116.08000183105469,0
2023-11-20,115.08999633789062,116.08000183105469,115.08999633789062,116.08000183105469,0
2023-11-21,112.79000091552734,115.08999633789062,112.79000091552734,115.08999633789062,0
2023-11-22,111.56999969482422,112.79000091552734,111.56999969482422,112.79000091552734,0
2023-11-24,107.43000030517578,111.56999969482422,107.43000030517578,111.56999969482422,0
2023-11-27,109.30999755859375,111.56999969482422,109.30999755859375,111.56999969482422,0
2023-11-28,110.05999755859375,110.05999755859375,109.30999755859375,109.30999755859375,0
2023-11-29,114.58999633789062,114.58999633789062,110.05999755859375,110.05999755859375,0
2023-11-30,115.31999969482422,115.31999969482422,114.58999633789062,114.58999633789062,0
2023-12-01,111.51000213623047,115.31999969482422,111.51000213623047,115.31999969482422,0
2023-12-04,118.25,118.25,115.31999969482422,115.31999969482422,0
2023-12-05,127.19999694824219,127.19999694824219,118.25,118.25,0
2023-12-06,124.9800033569336,127.19999694824219,124.9800033569336,127.19999694824219,0
2023-12-07,129.74000549316406,129.74000549316406,124.9800033569336,124.9800033569336,0
2023-12-08,121.6500015258789,129.74000549316406,121.6500015258789,129.74000549316406,0
2023-12-11,126.66000366210938,129.74000549316406,126.66000366210938,129.74000549316406,0
2023-12-12,118.62000274658203,126.66000366210938,118.62000274658203,126.66000366210938,0
2023-12-13,113.7699966430664,118.62000274658203,113.7699966430664,118.62000274658203,0
2023-12-14,118.04000091552734,118.04000091552734,113.7699966430664,113.7699966430664,0
2023-12-15,115.75,118.04000091552734,115.75,118.04000091552734,0
2023-12-18,118.45999908447266,118.45999908447266,118.04000091552734,118.04000091552734,0
2023-12-19,115.02999877929688,118.45999908447266,115.02999877929688,118.45999908447266,0
2023-12-20,111.87000274658203,115.02999877929688,111.87000274658203,115.02999877929688,0
2023-12-21,111.93000030517578,111.93000030517578,111.87000274658203,111.87000274658203,0
2023-12-22,111.37999725341797,111.93000030517578,111.37999725341797,111.93000030517578,0
2023-12-26,116.0,116.0,111.37999725341797,111.37999725341797,0
2023-12-27,114.52999877929688,116.0,114.52999877929688,116.0,0
2023-12-28,113.77999877929688,114.52999877929688,113.77999877929688,114.52999877929688,0
2023-12-29,114.62000274658203,114.62000274658203,113.77999877929688,113.77999877929688,0
2024-01-02,127.0199966430664,127.0199966430664,114.62000274658203,114.62000274658203,0
2024-01-03,124.56999969482422,127.0199966430664,124.56999969482422,127.0199966430664,0
2024-01-04,121.12000274658203,124.56999969482422,121.12000274658203,124.56999969482422,0
2024-01-05,116.19000244140625,121.12000274658203,116.19000244140625,121.12000274658203,0
2024-01-08,117.72000122070312,121.12000274658203,117.72000122070312,121.12000274658203,0
2024-01-09,114.91999816894531,117.72000122070312,114.91999816894531,117.72000122070312,0
2024-01-10,109.62999725341797,114.91999816894531,109.62999725341797,114.91999816894531,0
2024-01-11,103.44999694824219,109.62999725341797,103.44999694824219,109.62999725341797,0
2024-01-12,106.51000213623047,106.51000213623047,103.44999694824219,103.44999694824219,0
2024-01-16,113.44000244140625,113.44000244140625,106.51000213623047,106.51000213623047,0
2024-01-17,105.86000061035156,113.44000244140625,105.86000061035156,113.44000244140625,0
2024-01-18,107.22000122070312,107.22000122070312,105.86000061035156,105.86000061035156,0
2024-01-19,104.97000122070312,107.22000122070312,104.97000122070312,107.22000122070312,0
2024-01-22,106.87000274658203,107.22000122070312,106.87000274658203,107.22000122070312,0
2024-01-23,107.69999694824219,107.69999694824219,106.87000274658203,106.87000274658203,0
2024-01-24,105.77999877929688,107.69999694824219,105.77999877929688,107.69999694824219,0
2024-01-25,105.88999938964844,105.88999938964844,105.77999877929688,105.77999877929688,0
2024-01-26,100.2300033569336,105.88999938964844,100.2300033569336,105.88999938964844,0
2024-01-29,106.33999633789062,106.33999633789062,105.88999938964844,105.88999938964844,0
2024-01-30,104.26000213623047,106.33999633789062,104.26000213623047,106.33999633789062,0
2024-01-31,107.27999877929688,107.27999877929688,104.26000213623047,104.26000213623047,0
2024-02-01,113.91999816894531,113.91999816894531,107.27999877929688,107.27999877929688,0
2024-02-02,106.72000122070312,113.91999816894531,106.72000122070312,113.91999816894531,0
2024-02-05,108.68000030517578,113.91999816894531,108.68000030517578,113.91999816894531,0
2024-02-06,110.5999984741211,110.5999984741211,108.68000030517578,108.68000030517578,0
2024-02-07,107.86000061035156,110.5999984741211,107.86000061035156,110.5999984741211,0
2024-02-08,108.5999984741211,108.5999984741211,107.86000061035156,107.86000061035156,0
2024-02-09,106.20999908447266,108.5999984741211,106.20999908447266,108.5999984741211,0
2024-02-12,109.77999877929688,109.77999877929688,108.5999984741211,108.5999984741211,0
2024-02-13,113.22000122070312,113.22000122070312,109.77999877929688,109.77999877929688,0
2024-02-14,111.97000122070312,113.22000122070312,111.97000122070312,113.22000122070312,0
2024-02-15,112.08999633789062,112.08999633789062,111.97000122070312,111.97000122070312,0
2024-02-16,109.19999694824219,112.08999633789062,109.19999694824219,112.08999633789062,0
2024-02-20,111.0199966430664,111.0199966430664,109.19999694824219,109.19999694824219,0
2024-02-21,114.2699966430664,114.2699966430664,111.0199966430664,111.0199966430664,0
2024-02-22,115.58999633789062,115.58999633789062,114.2699966430664,114.2699966430664,0
2024-02-23,108.30999755859375,115.58999633789062,108.30999755859375,115.58999633789062,0
2024-02-26,110.7699966430664,115.58999633789062,110.7699966430664,115.58999633789062,0
2024-02-27,110.80000305175781,110.80000305175781,110.7699966430664,110.7699966430664,0
2024-02-28,108.70999908447266,110.80000305175781,108.70999908447266,110.80000305175781,0
2024-02-29,109.0999984741211,109.0999984741211,108.70999908447266,108.70999908447266,0
2024-03-01,106.4800033569336,109.0999984741211,106.4800033569336,109.0999984741211,0
2024-03-04,109.56999969482422,109.56999969482422,109.0999984741211,109.0999984741211,0
2024-03-05,110.33000183105469,110.33000183105469,109.56999969482422,109.56999969482422,0
2024-03-06,105.33000183105469,110.33000183105469,105.33000183105469,110.33000183105469,0
2024-03-07,105.44999694824219,105.44999694824219,105.33000183105469,105.33000183105469,0
2024-03-08,100.87999725341797,105.44999694824219,100.87999725341797,105.44999694824219,0
2024-03-11,106.62999725341797,106.62999725341797,105.44999694824219,105.44999694824219,0
2024-03-12,101.36000061035156,106.62999725341797,101.36000061035156,106.62999725341797,0
2024-03-13,97.02999877929688,101.36000061035156,97.02999877929688,101.36000061035156,0
2024-03-14,98.66999816894531,98.66999816894531,97.02999877929688,97.02999877929688,0
2024-03-15,97.81999969482422,98.66999816894531,97.81999969482422,98.66999816894531,0
2024-03-18,102.87000274658203,102.87000274658203,97.81999969482422,97.81999969482422,0
2024-03-19,99.98999786376953,102.87000274658203,99.98999786376953,102.87000274658203,0
2024-03-20,92.72000122070312,99.98999786376953,92.72000122070312,99.98999786376953,0
2024-03-21,90.81999969482422,92.72000122070312,90.81999969482422,92.72000122070312,0
2024-03-22,91.04000091552734,91.04000091552734,90.81999969482422,90.81999969482422,0
2024-03-25,92.23999786376953,92.23999786376953,90.81999969482422,90.81999969482422,0
2024-03-26,90.62999725341797,92.23999786376953,90.62999725341797,92.23999786376953,0
2024-03-27,86.27999877929688,90.62999725341797,86.27999877929688,90.62999725341797,0
2024-03-28,86.37999725341797,86.37999725341797,86.27999877929688,86.27999877929688,0
2024-04-01,94.19999694824219,94.19999694824219,86.37999725341797,86.37999725341797,0
2024-04-02,96.56999969482422,96.56999969482422,94.19999694824219,94.19999694824219,0
2024-04-03,97.87999725341797,97.87999725341797,96.56999969482422,96.56999969482422,0
2024-04-04,96.12999725341797,97.87999725341797,96.12999725341797,97.87999725341797,0
2024-04-05,94.30999755859375,96.12999725341797,94.30999755859375,96.12999725341797,0
2024-04-08,99.37000274658203,99.37000274658203,96.12999725341797,96.12999725341797,0
2024-04-09,98.7300033569336,99.37000274658203,98.7300033569336,99.37000274658203,0
2024-04-10,109.58999633789062,109.58999633789062,98.7300033569336,98.7300033569336,0
2024-04-11,108.86000061035156,109.58999633789062,108.86000061035156,109.58999633789062,0
2024-04-12,112.81999969482422,112.81999969482422,108.86000061035156,108.86000061035156,0
2024-04-15,121.1500015258789,121.1500015258789,112.81999969482422,112.81999969482422,0
2024-04-16,119.58999633789062,121.1500015258789,119.58999633789062,121.1500015258789,0
2024-04-17,113.29000091552734,119.58999633789062,113.29000091552734,119.58999633789062,0
2024-04-18,108.66000366210938,113.29000091552734,108.66000366210938,113.29000091552734,0
2024-04-19,111.26000213623047,111.26000213623047,108.66000366210938,108.66000366210938,0
2024-04-22,108.55999755859375,111.26000213623047,108.55999755859375,111.26000213623047,0
2024-04-23,106.8499984741211,108.55999755859375,106.8499984741211,108.55999755859375,0
2024-04-24,110.20999908447266,110.20999908447266,106.8499984741211,106.8499984741211,0
2024-04-25,108.55000305175781,110.20999908447266,108.55000305175781,110.20999908447266,0
2024-04-26,104.4000015258789,108.55000305175781,104.4000015258789,108.55000305175781,0
2024-04-29,105.41999816894531,105.41999816894531,104.4000015258789,104.4000015258789,0
2024-04-30,107.45999908447266,107.45999908447266,105.41999816894531,105.41999816894531,0
2024-05-01,100.63999938964844,107.45999908447266,100.63999938964844,107.45999908447266,0
2024-05-02,100.69999694824219,100.69999694824219,100.63999938964844,100.63999938964844,0
2024-05-03,95.95999908447266,100.69999694824219,95.95999908447266,100.69999694824219,0
2024-05-06,94.5,95.95999908447266,94.5,95.95999908447266,0
2024-05-07,98.04000091552734,98.04000091552734,94.5,94.5,0
2024-05-08,95.58000183105469,98.04000091552734,95.58000183105469,98.04000091552734,0
2024-05-09,93.8499984741211,95.58000183105469,93.8499984741211,95.58000183105469,0
2024-05-10,94.2300033569336,94.2300033569336,93.8499984741211,93.8499984741211,0
2024-05-13,105.3499984741211,105.3499984741211,94.2300033569336,94.2300033569336,0
2024-05-14,106.55000305175781,106.55000305175781,105.3499984741211,105.3499984741211,0
2024-05-15,93.77999877929688,106.55000305175781,93.77999877929688,106.55000305175781,0
2024-05-16,91.83000183105469,93.77999877929688,91.83000183105469,93.77999877929688,0
2024-05-17,89.3499984741211,91.83000183105469,89.3499984741211,91.83000183105469,0
2024-05-20,88.12999725341797,89.3499984741211,88.12999725341797,89.3499984741211,0
2024-05-21,85.33999633789062,88.12999725341797,85.33999633789062,88.12999725341797,0
2024-05-22,82.48999786376953,85.33999633789062,82.48999786376953,85.33999633789062,0
2024-05-23,86.1500015258789,86.1500015258789,82.48999786376953,82.48999786376953,0
2024-05-24,83.56999969482422,86.1500015258789,83.56999969482422,86.1500015258789,0
2024-05-28,89.66999816894531,89.66999816894531,83.56999969482422,83.56999969482422,0
2024-05-29,93.44999694824219,93.44999694824219,89.66999816894531,89.66999816894531,0
2024-05-30,91.08999633789062,93.44999694824219,91.08999633789062,93.44999694824219,0
2024-05-31,91.13999938964844,91.13999938964844,91.08999633789062,91.08999633789062,0
2024-06-03,93.91999816894531,93.91999816894531,91.13999938964844,91.13999938964844,0
2024-06-04,100.11000061035156,100.11000061035156,93.91999816894531,93.91999816894531,0
2024-06-05,102.43000030517578,102.43000030517578,100.11000061035156,100.11000061035156,0
2024-06-06,100.98999786376953,102.43000030517578,100.98999786376953,102.43000030517578,0
2024-06-07,91.81999969482422,100.98999786376953,91.81999969482422,100.98999786376953,0
2024-06-10,94.16000366210938,94.16000366210938,91.81999969482422,91.81999969482422,0
2024-06-11,97.2699966430664,97.2699966430664,94.16000366210938,94.16000366210938,0
2024-06-12,91.7300033569336,97.2699966430664,91.7300033569336,97.2699966430664,0
2024-06-13,91.93000030517578,91.93000030517578,91.7300033569336,91.7300033569336,0
2024-06-14,100.16000366210938,100.16000366210938,91.93000030517578,91.93000030517578,0
2024-06-17,99.06999969482422,100.16000366210938,99.06999969482422,100.16000366210938,0
2024-06-18,97.98999786376953,99.06999969482422,97.98999786376953,99.06999969482422,0
2024-06-20,94.13999938964844,97.98999786376953,94.13999938964844,97.98999786376953,0
2024-06-21,94.08999633789062,94.13999938964844,94.08999633789062,94.13999938964844,0
2024-06-24,95.19999694824219,95.19999694824219,94.08999633789062,94.08999633789062,0
2024-06-25,96.97000122070312,96.97000122070312,95.19999694824219,95.19999694824219,0
2024-06-26,97.91000366210938,97.91000366210938,96.97000122070312,96.97000122070312,0
2024-06-27,95.69000244140625,97.91000366210938,95.69000244140625,97.91000366210938,0
2024-06-28,98.58999633789062,98.58999633789062,95.69000244140625,95.69000244140625,0
2024-07-01,106.2300033569336,106.2300033569336,98.58999633789062,98.58999633789062,0
2024-07-02,107.51000213623047,107.51000213623047,106.2300033569336,106.2300033569336,0
2024-07-03,102.83000183105469,107.51000213623047,102.83000183105469,107.51000213623047,0
2024-07-05,98.77999877929688,102.83000183105469,98.77999877929688,102.83000183105469,0
2024-07-08,97.95999908447266,98.77999877929688,97.95999908447266,98.77999877929688,0
2024-07-09,95.62000274658203,97.95999908447266,95.62000274658203,97.95999908447266,0
2024-07-10,92.97000122070312,95.62000274658203,92.97000122070312,95.62000274658203,0
2024-07-11,89.66999816894531,92.97000122070312,89.66999816894531,92.97000122070312,0
2024-07-12,86.79000091552734,89.66999816894531,86.79000091552734,89.66999816894531,0
2024-07-15,94.5,94.5,86.79000091552734,86.79000091552734,0
2024-07-16,93.87000274658203,94.5,93.87000274658203,94.5,0
2024-07-17,91.0,93.87000274658203,91.0,93.87000274658203,0
2024-07-18,91.97000122070312,91.97000122070312,91.0,91.0,0
2024-07-19,94.29000091552734,94.29000091552734,91.97000122070312,91.97000122070312,0
2024-07-22,94.44999694824219,94.44999694824219,94.29000091552734,94.29000091552734,0
2024-07-23,95.04000091552734,95.04000091552734,94.44999694824219,94.44999694824219,0
2024-07-24,94.80999755859375,95.04000091552734,94.80999755859375,95.04000091552734,0
2024-07-25,99.08000183105469,99.08000183105469,94.80999755859375,94.80999755859375,0
2024-07-26,97.76000213623047,99.08000183105469,97.76000213623047,99.08000183105469,0
2024-07-29,98.6500015258789,98.6500015258789,97.76000213623047,97.76000213623047,0
2024-07-30,100.41999816894531,100.41999816894531,98.6500015258789,98.6500015258789,0
2024-07-31,99.41000366210938,100.41999816894531,99.41000366210938,100.41999816894531,0
2024-08-01,101.81999969482422,101.81999969482422,99.41000366210938,99.41000366210938,0
2024-08-02,112.26000213623047,112.26000213623047,101.81999969482422,101.81999969482422,0
2024-08-05,121.22000122070312,121.22000122070312,112.26000213623047,112.26000213623047,0
2024-08-06,119.23999786376953,121.22000122070312,119.23999786376953,121.22000122070312,0
2024-08-07,112.69000244140625,119.23999786376953,112.69000244140625,119.23999786376953,0
2024-08-08,110.41999816894531,112.69000244140625,110.41999816894531,112.69000244140625,0
2024-08-09,108.26000213623047,110.41999816894531,108.26000213623047,110.41999816894531,0
2024-08-12,118.26000213623047,118.26000213623047,108.26000213623047,108.26000213623047,0
2024-08-13,118.44000244140625,118.44000244140625,118.26000213623047,118.26000213623047,0
2024-08-14,106.33999633789062,118.44000244140625,106.33999633789062,118.44000244140625,0
2024-08-15,103.73999786376953,106.33999633789062,103.73999786376953,106.33999633789062,0
2024-08-16,102.80999755859375,103.73999786376953,102.80999755859375,103.73999786376953,0
2024-08-19,110.12999725341797,110.12999725341797,102.80999755859375,102.80999755859375,0
2024-08-20,111.56999969482422,111.56999969482422,110.12999725341797,110.12999725341797,0
2024-08-21,111.37999725341797,111.56999969482422,111.37999725341797,111.56999969482422,0
2024-08-22,108.5,111.37999725341797,108.5,111.37999725341797,0
2024-08-23,105.62999725341797,108.5,105.62999725341797,108.5,0
2024-08-26,106.66000366210938,106.66000366210938,105.62999725341797,105.62999725341797,0
2024-08-27,109.22000122070312,109.22000122070312,106.66000366210938,106.66000366210938,0
2024-08-28,108.76000213623047,109.22000122070312,108.76000213623047,109.22000122070312,0
2024-08-29,106.69999694824219,108.76000213623047,106.69999694824219,108.76000213623047,0
2024-08-30,107.7699966430664,107.7699966430664,106.69999694824219,106.69999694824219,0
2024-09-03,114.19999694824219,114.19999694824219,107.7699966430664,107.7699966430664,0
2024-09-04,119.1500015258789,119.1500015258789,114.19999694824219,114.19999694824219,0
2024-09-05,114.80999755859375,119.1500015258789,114.80999755859375,119.1500015258789,0
2024-09-06,107.23999786376953,114.80999755859375,107.23999786376953,114.80999755859375,0
2024-09-09,104.61000061035156,107.23999786376953,104.61000061035156,107.23999786376953,0
2024-09-10,108.36000061035156,108.36000061035156,104.61000061035156,104.61000061035156,0
2024-09-11,103.79000091552734,108.36000061035156,103.79000091552734,108.36000061035156,0
2024-09-12,98.02999877929688,103.79000091552734,98.02999877929688,103.79000091552734,0
2024-09-13,100.5999984741211,100.5999984741211,98.02999877929688,98.02999877929688,0
2024-09-16,101.22000122070312,101.22000122070312,100.5999984741211,100.5999984741211,0
2024-09-17,101.58000183105469,101.58000183105469,101.22000122070312,101.22000122070312,0
2024-09-18,98.61000061035156,101.58000183105469,98.61000061035156,101.58000183105469,0
2024-09-19,92.63999938964844,98.61000061035156,92.63999938964844,98.61000061035156,0
2024-09-20,91.0,92.63999938964844,91.0,92.63999938964844,0
2024-09-23,93.87000274658203,93.87000274658203,91.0,91.0,0
2024-09-24,93.30000305175781,93.87000274658203,93.30000305175781,93.87000274658203,0
2024-09-25,91.63999938964844,93.30000305175781,91.63999938964844,93.30000305175781,0
2024-09-26,90.13999938964844,91.63999938964844,90.13999938964844,91.63999938964844,0
2024-09-27,92.52999877929688,92.52999877929688,90.13999938964844,90.13999938964844,0
2024-09-30,94.61000061035156,94.61000061035156,92.52999877929688,92.52999877929688,0
2024-10-01,104.13999938964844,104.13999938964844,94.61000061035156,94.61000061035156,0
2024-10-02,102.16999816894531,104.13999938964844,102.16999816894531,104.13999938964844,0
2024-10-03,101.16000366210938,102.16999816894531,101.16000366210938,102.16999816894531,0
2024-10-04,100.1500015258789,101.16000366210938,100.1500015258789,101.16000366210938,0
2024-10-07,124.2300033569336,124.2300033569336,100.1500015258789,100.1500015258789,0
2024-10-08,123.7699966430664,124.2300033569336,123.7699966430664,124.2300033569336,0
2024-10-09,122.38999938964844,123.7699966430664,122.38999938964844,123.7699966430664,0
2024-10-10,116.55999755859375,122.38999938964844,116.55999755859375,122.38999938964844,0
2024-10-11,118.47000122070312,118.47000122070312,116.55999755859375,116.55999755859375,0
2024-10-15,127.2300033569336,127.2300033569336,118.47000122070312,118.47000122070312,0
2024-10-16,121.86000061035156,127.2300033569336,121.86000061035156,127.2300033569336,0
2024-10-17,122.13999938964844,122.13999938964844,121.86000061035156,121.86000061035156,0
2024-10-18,123.12999725341797,123.12999725341797,122.13999938964844,122.13999938964844,0
2024-10-21,128.9499969482422,128.9499969482422,123.12999725341797,123.12999725341797,0
2024-10-22,129.25999450683594,129.25999450683594,128.9499969482422,128.9499969482422,0
2024-10-23,129.0500030517578,129.25999450683594,129.0500030517578,129.25999450683594,0
2024-10-24,127.4800033569336,129.0500030517578,127.4800033569336,129.0500030517578,0
2024-10-25,128.39999389648438,128.39999389648438,127.4800033569336,127.4800033569336,0
2024-10-28,130.9199981689453,130.9199981689453,128.39999389648438,128.39999389648438,0
2024-10-29,131.8699951171875,131.8699951171875,130.9199981689453,130.9199981689453,0
2024-10-30,130.8000030517578,131.8699951171875,130.8000030517578,131.8699951171875,0
2024-10-31,135.17999267578125,135.17999267578125,130.8000030517578,130.8000030517578,0
2024-11-01,132.5800018310547,135.17999267578125,132.5800018310547,135.17999267578125,0
2024-11-04,136.25,136.25,132.5800018310547,132.5800018310547,0
2024-11-05,130.42999267578125,136.25,130.42999267578125,136.25,0
2024-11-06,117.63999938964844,130.42999267578125,117.63999938964844,130.42999267578125,0
2024-11-07,104.08000183105469,117.63999938964844,104.08000183105469,117.63999938964844,0
2024-11-08,99.8499984741211,104.08000183105469,99.8499984741211,104.08000183105469,0
2024-11-12,108.55000305175781,108.55000305175781,99.8499984741211,99.8499984741211,0
2024-11-13,102.08000183105469,108.55000305175781,102.08000183105469,108.55000305175781,0
2024-11-14,99.43000030517578,102.08000183105469,99.43000030517578,102.08000183105469,0
2024-11-15,102.47000122070312,102.47000122070312,99.43000030517578,99.43000030517578,0
2024-11-18,102.01000213623047,102.47000122070312,102.01000213623047,102.47000122070312,0
2024-11-19,105.12000274658203,105.12000274658203,102.01000213623047,102.01000213623047,0
2024-11-20,106.69000244140625,106.69000244140625,105.12000274658203,105.12000274658203,0
2024-11-21,101.9000015258789,106.69000244140625,101.9000015258789,106.69000244140625,0
2024-11-22,99.13999938964844,101.9000015258789,99.13999938964844,101.9000015258789,0
2024-11-25,99.95999908447266,99.95999908447266,99.13999938964844,99.13999938964844,0
2024-11-26,99.18000030517578,99.95999908447266,99.18000030517578,99.95999908447266,0
2024-11-27,97.73999786376953,99.18000030517578,97.73999786376953,99.18000030517578,0
2024-11-29,95.22000122070312,97.73999786376953,95.22000122070312,97.73999786376953,0
2024-12-02,97.80999755859375,97.80999755859375,95.22000122070312,95.22000122070312,0
2024-12-03,95.5999984741211,97.80999755859375,95.5999984741211,97.80999755859375,0
2024-12-04,92.25,95.5999984741211,92.25,95.5999984741211,0
2024-12-05,91.4800033569336,92.25,91.4800033569336,92.25,0
2024-12-06,83.19999694824219,91.4800033569336,83.19999694824219,91.4800033569336,0
2024-12-09,85.62999725341797,85.62999725341797,83.19999694824219,83.19999694824219,0
2024-12-10,90.0999984741211,90.0999984741211,85.62999725341797,85.62999725341797,0
2024-12-11,82.4000015258789,90.0999984741211,82.4000015258789,90.0999984741211,0
2024-12-12,82.66000366210938,82.66000366210938,82.4000015258789,82.4000015258789,0
2024-12-13,85.66000366210938,85.66000366210938,82.66000366210938,82.66000366210938,0
2024-12-16,90.87999725341797,90.87999725341797,85.66000366210938,85.66000366210938,0
2024-12-17,90.41999816894531,90.87999725341797,90.41999816894531,90.87999725341797,0
2024-12-18,87.20999908447266,90.41999816894531,87.20999908447266,90.41999816894531,0
2024-12-19,90.41000366210938,90.41000366210938,87.20999908447266,87.20999908447266,0
2024-12-20,91.75,91.75,90.41000366210938,90.41000366210938,0
2024-12-23,95.8499984741211,95.8499984741211,91.75,91.75,0
2024-12-24,96.94999694824219,96.94999694824219,95.8499984741211,95.8499984741211,0
2024-12-26,95.19999694824219,96.94999694824219,95.19999694824219,96.94999694824219,0
2024-12-27,94.80000305175781,95.19999694824219,94.80000305175781,95.19999694824219,0
2024-12-30,99.08000183105469,99.08000183105469,94.80000305175781,94.80000305175781,0
2024-12-31,98.80000305175781,99.08000183105469,98.80000305175781,99.08000183105469,0
2025-01-02,96.66999816894531,98.80000305175781,96.66999816894531,98.80000305175781,0
2025-01-03,93.3499984741211,96.66999816894531,93.3499984741211,96.66999816894531,0
2025-01-06,97.88999938964844,97.88999938964844,93.3499984741211,93.3499984741211,0
2025-01-07,102.77999877929688,102.77999877929688,97.88999938964844,97.88999938964844,0
2025-01-08,100.76000213623047,102.77999877929688,100.76000213623047,102.77999877929688,0
2025-01-10,96.56999969482422,99.7300033569336,96.56999969482422,99.7300033569336,0
2025-01-13,103.51000213623047,103.51000213623047,96.56999969482422,96.56999969482422,0
2025-01-14,101.98999786376953,103.51000213623047,101.98999786376953,103.51000213623047,0
2025-01-15,93.0999984741211,101.98999786376953,93.0999984741211,101.98999786376953,0
2025-01-16,92.72000122070312,93.0999984741211,92.72000122070312,93.0999984741211,0
2025-01-17,95.5999984741211,95.5999984741211,92.72000122070312,92.72000122070312,0
2025-01-21,96.77999877929688,96.77999877929688,95.5999984741211,95.5999984741211,0
2025-01-22,89.9000015258789,96.77999877929688,89.9000015258789,96.77999877929688,0
2025-01-23,88.51000213623047,89.9000015258789,88.51000213623047,89.9000015258789,0
2025-01-24,86.75,88.51000213623047,86.75,88.51000213623047,0
2025-01-27,95.05000305175781,95.05000305175781,86.75,86.75,0
2025-01-28,92.83000183105469,95.05000305175781,92.83000183105469,95.05000305175781,0
2025-01-29,90.7300033569336,92.83000183105469,90.7300033569336,92.83000183105469,0
2025-01-30,90.54000091552734,90.7300033569336,90.54000091552734,90.7300033569336,0
2025-01-31,91.76000213623047,91.76000213623047,90.54000091552734,90.54000091552734,0
2025-02-03,94.1500015258789,94.1500015258789,91.76000213623047,91.76000213623047,0
2025-02-04,90.27999877929688,94.1500015258789,90.27999877929688,94.1500015258789,0
2025-02-05,94.68000030517578,94.68000030517578,90.27999877929688,90.27999877929688,0
2025-02-06,93.9000015258789,94.68000030517578,93.9000015258789,94.68000030517578,0
2025-02-07,93.12999725341797,93.9000015258789,93.12999725341797,93.9000015258789,0
2025-02-10,87.68000030517578,93.12999725341797,87.68000030517578,93.12999725341797,0
2025-02-11,85.58000183105469,87.68000030517578,85.58000183105469,87.68000030517578,0
2025-02-12,86.58000183105469,86.58000183105469,85.58000183105469,85.58000183105469,0
2025-02-13,84.56999969482422,86.58000183105469,84.56999969482422,86.58000183105469,0
2025-02-14,84.66999816894531,84.66999816894531,84.56999969482422,84.56999969482422,0
2025-02-18,84.51000213623047,84.66999816894531,84.51000213623047,84.66999816894531,0
2025-02-19,83.86000061035156,84.51000213623047,83.86000061035156,84.51000213623047,0
2025-02-20,86.26000213623047,86.26000213623047,83.86000061035156,83.86000061035156,0
2025-02-21,91.83000183105469,91.83000183105469,86.26000213623047,86.26000213623047,0
2025-02-24,88.44000244140625,91.83000183105469,88.44000244140625,91.83000183105469,0
2025-02-25,96.61000061035156,96.61000061035156,88.44000244140625,88.44000244140625,0
2025-02-26,97.5199966430664,97.5199966430664,96.61000061035156,96.61000061035156,0
2025-02-27,96.2699966430664,97.5199966430664,96.2699966430664,97.5199966430664,0
2025-02-28,104.45999908447266,104.45999908447266,96.2699966430664,96.2699966430664,0
2025-03-03,105.6500015258789,105.6500015258789,104.45999908447266,104.45999908447266,0
2025-03-04,108.87000274658203,108.87000274658203,105.6500015258789,105.6500015258789,0
2025-03-05,104.31999969482422,108.87000274658203,104.31999969482422,108.87000274658203,0
2025-03-06,108.94999694824219,108.94999694824219,104.31999969482422,104.31999969482422,0
2025-03-07,104.41000366210938,108.94999694824219,104.41000366210938,108.94999694824219,0
2025-03-10,112.5,112.5,104.41000366210938,104.41000366210938,0
2025-03-11,114.5999984741211,114.5999984741211,112.5,112.5,0
2025-03-12,104.11000061035156,114.5999984741211,104.11000061035156,114.5999984741211,0
2025-03-13,106.19000244140625,106.19000244140625,104.11000061035156,104.11000061035156,0
2025-03-14,101.01000213623047,106.19000244140625,101.01000213623047,106.19000244140625,0
2025-03-17,99.77999877929688,101.01000213623047,99.77999877929688,101.01000213623047,0
2025-03-18,96.68000030517578,99.77999877929688,96.68000030517578,99.77999877929688,0
2025-03-19,91.4000015258789,96.68000030517578,91.4000015258789,96.68000030517578,0
2025-03-20,95.73999786376953,95.73999786376953,91.4000015258789,91.4000015258789,0
2025-03-21,94.54000091552734,95.73999786376953,94.54000091552734,95.73999786376953,0
2025-03-24,95.22000122070312,95.22000122070312,94.54000091552734,94.54000091552734,0
2025-03-25,93.56999969482422,95.22000122070312,93.56999969482422,95.22000122070312,0
2025-03-26,91.41000366210938,93.56999969482422,91.41000366210938,93.56999969482422,0
2025-03-27,91.02999877929688,91.41000366210938,91.02999877929688,91.41000366210938,0
2025-03-28,96.83000183105469,96.83000183105469,91.02999877929688,91.02999877929688,0
2025-03-31,101.3499984741211,101.3499984741211,96.83000183105469,96.83000183105469,0
2025-04-01,104.7300033569336,104.7300033569336,101.3499984741211,101.3499984741211,0
2025-04-02,106.38999938964844,106.38999938964844,104.7300033569336,104.7300033569336,0
2025-04-03,112.0,112.0,106.38999938964844,106.38999938964844,0
2025-04-04,125.70999908447266,125.70999908447266,112.0,112.0,0
2025-04-07,137.3000030517578,137.3000030517578,125.70999908447266,125.70999908447266,0
2025-04-08,139.8800048828125,139.8800048828125,137.3000030517578,137.3000030517578,0
2025-04-09,128.8300018310547,139.8800048828125,128.8300018310547,139.8800048828125,0
2025-04-10,128.35000610351562,128.8300018310547,128.35000610351562,128.8300018310547,0
2025-04-11,137.25999450683594,137.25999450683594,128.35000610351562,128.35000610351562,0
2025-04-14,132.4600067138672,137.25999450683594,132.4600067138672,137.25999450683594,0
2025-04-15,122.55999755859375,132.4600067138672,122.55999755859375,132.4600067138672,0
2025-04-16,119.4000015258789,122.55999755859375,119.4000015258789,122.55999755859375,0
2025-04-17,114.63999938964844,119.4000015258789,114.63999938964844,119.4000015258789,0
2025-04-21,128.55999755859375,128.55999755859375,114.63999938964844,114.63999938964844,0
2025-04-22,118.3499984741211,128.55999755859375,118.3499984741211,128.55999755859375,0
2025-04-23,116.5999984741211,118.3499984741211,116.5999984741211,118.3499984741211,0
2025-04-24,108.27999877929688,116.5999984741211,108.27999877929688,116.5999984741211,0
2025-04-25,105.79000091552734,108.27999877929688,105.79000091552734,108.27999877929688,0
2025-04-28,110.01000213623047,110.01000213623047,105.79000091552734,105.79000091552734,0
2025-04-29,112.2699966430664,112.2699966430664,110.01000213623047,110.01000213623047,0
2025-04-30,112.4800033569336,112.4800033569336,112.2699966430664,112.2699966430664,0
2025-05-01,107.33000183105469,112.4800033569336,107.33000183105469,112.4800033569336,0
2025-05-02,101.4000015258789,107.33000183105469,101.4000015258789,107.33000183105469,0
2025-05-05,104.44999694824219,104.44999694824219,101.4000015258789,101.4000015258789,0
2025-05-06,106.18000030517578,106.18000030517578,104.44999694824219,104.44999694824219,0
2025-05-07,99.87000274658203,106.18000030517578,99.87000274658203,106.18000030517578,0
2025-05-08,98.66000366210938,99.87000274658203,98.66000366210938,99.87000274658203,0
2025-05-09,100.4000015258789,100.4000015258789,98.66000366210938,98.66000366210938,0
2025-05-12,102.9000015258789,102.9000015258789,100.4000015258789,100.4000015258789,0
2025-05-13,100.12999725341797,102.9000015258789,100.12999725341797,102.9000015258789,0
2025-05-14,100.7300033569336,100.7300033569336,100.12999725341797,100.12999725341797,0
2025-05-15,98.6500015258789,100.7300033569336,98.6500015258789,100.7300033569336,0
2025-05-16,96.69999694824219,98.6500015258789,96.69999694824219,98.6500015258789,0
2025-05-19,103.80999755859375,103.80999755859375,96.69999694824219,96.69999694824219,0
2025-05-20,101.37000274658203,103.80999755859375,101.37000274658203,103.80999755859375,0
2025-05-21,102.0999984741211,102.0999984741211,101.37000274658203,101.37000274658203,0
2025-05-22,99.47000122070312,102.0999984741211,99.47000122070312,102.0999984741211,0
2025-05-23,100.91000366210938,100.91000366210938,99.47000122070312,99.47000122070312,0
2025-05-27,97.93000030517578,100.91000366210938,97.93000030517578,100.91000366210938,0
2025-05-28,93.19999694824219,97.93000030517578,93.19999694824219,97.93000030517578,0
2025-05-29,92.66999816894531,93.19999694824219,92.66999816894531,93.19999694824219,0
2025-05-30,92.11000061035156,92.66999816894531,92.11000061035156,92.66999816894531,0
2025-06-02,95.76000213623047,95.76000213623047,92.11000061035156,92.11000061035156,0
2025-06-03,100.0,100.0,95.76000213623047,95.76000213623047,0
2025-06-04,96.9800033569336,100.0,96.9800033569336,100.0,0
2025-06-05,94.6500015258789,96.9800033569336,94.6500015258789,96.9800033569336,0
2025-06-06,89.6500015258789,94.6500015258789,89.6500015258789,94.6500015258789,0
2025-06-09,92.62000274658203,92.62000274658203,89.6500015258789,89.6500015258789,0
2025-06-10,91.22000122070312,92.62000274658203,91.22000122070312,92.62000274658203,0
2025-06-11,89.36000061035156,91.22000122070312,89.36000061035156,91.22000122070312,0
2025-06-12,88.98999786376953,89.36000061035156,88.98999786376953,89.36000061035156,0
2025-06-13,95.30999755859375,95.30999755859375,88.98999786376953,88.98999786376953,0
2025-06-16,93.4800033569336,95.30999755859375,93.4800033569336,95.30999755859375,0
2025-06-17,97.18000030517578,97.18000030517578,93.4800033569336,93.4800033569336,0
2025-06-18,93.63999938964844,97.18000030517578,93.63999938964844,97.18000030517578,0
2025-06-20,90.0999984741211,93.63999938964844,90.0999984741211,93.63999938964844,0
2025-06-23,95.02999877929688,95.02999877929688,90.0999984741211,90.0999984741211,0
2025-06-24,92.62000274658203,95.02999877929688,92.62000274658203,95.02999877929688,0
2025-06-25,91.23999786376953,92.62000274658203,91.23999786376953,92.62000274658203,0
2025-06-26,89.47000122070312,91.23999786376953,89.47000122070312,91.23999786376953,0
2025-06-27,87.93000030517578,89.47000122070312,87.93000030517578,89.47000122070312,0
2025-06-30,90.26000213623047,90.26000213623047,87.93000030517578,87.93000030517578,0
2025-07-01,93.4800033569336,93.4800033569336,90.26000213623047,90.26000213623047,0
2025-07-02,91.37000274658203,93.4800033569336,91.37000274658203,93.4800033569336,0
2025-07-03,86.08999633789062,91.37000274658203,86.08999633789062,91.37000274658203,0
2025-07-07,88.52999877929688,88.52999877929688,86.08999633789062,86.08999633789062,0
2025-07-08,88.05000305175781,88.52999877929688,88.05000305175781,88.52999877929688,0
2025-07-09,84.30999755859375,88.05000305175781,84.30999755859375,88.05000305175781,0
2025-07-10,81.58000183105469,84.30999755859375,81.58000183105469,84.30999755859375,0
2025-07-11,85.4800033569336,85.4800033569336,81.58000183105469,81.58000183105469,0
2025-07-14,90.7300033569336,90.7300033569336,85.4800033569336,85.4800033569336,0
2025-07-15,88.94999694824219,90.7300033569336,88.94999694824219,90.7300033569336,0
2025-07-16,89.5199966430664,89.5199966430664,88.94999694824219,88.94999694824219,0
2025-07-17,85.56999969482422,89.5199966430664,85.56999969482422,89.5199966430664,0
2025-07-18,83.29000091552734,85.56999969482422,83.29000091552734,85.56999969482422,0
2025-07-21,86.62000274658203,86.62000274658203,83.29000091552734,83.29000091552734,0
2025-07-22,89.88999938964844,89.88999938964844,86.62000274658203,86.62000274658203,0
2025-07-23,85.94999694824219,89.88999938964844,85.94999694824219,89.88999938964844,0
2025-07-24,82.75,85.94999694824219,82.75,85.94999694824219,0
2025-07-25,82.08999633789062,82.75,82.08999633789062,82.75,0
2025-07-28,83.7300033569336,83.7300033569336,82.08999633789062,82.08999633789062,0
2025-07-29,85.06999969482422,85.06999969482422,83.7300033569336,83.7300033569336,0
2025-07-30,81.87999725341797,85.06999969482422,81.87999725341797,85.06999969482422,0
2025-07-31,79.83999633789062,81.87999725341797,79.83999633789062,81.87999725341797,0
2025-08-01,83.83000183105469,83.83000183105469,79.83999633789062,79.83999633789062,0
2025-08-04,87.94999694824219,87.94999694824219,83.83000183105469,83.83000183105469,0
2025-08-05,89.19999694824219,89.19999694824219,87.94999694824219,87.94999694824219,0
2025-08-06,83.88999938964844,89.19999694824219,83.88999938964844,89.19999694824219,0
2025-08-07,80.1500015258789,83.88999938964844,80.1500015258789,83.88999938964844,0
2025-08-08,79.19999694824219,80.1500015258789,79.19999694824219,80.1500015258789,0
2025-08-11,81.76000213623047,81.76000213623047,79.19999694824219,79.19999694824219,0
2025-08-12,77.41999816894531,81.76000213623047,77.41999816894531,81.76000213623047,0
2025-08-13,77.30999755859375,77.41999816894531,77.30999755859375,77.41999816894531,0
2025-08-14,76.7699966430664,77.30999755859375,76.7699966430664,77.30999755859375,0
2025-08-15,76.66000366210938,76.7699966430664,76.66000366210938,76.7699966430664,0
2025-08-18,81.81999969482422,81.81999969482422,76.66000366210938,76.66000366210938,0
2025-08-19,82.1500015258789,82.1500015258789,81.81999969482422,81.81999969482422,0
2025-08-20,80.75,82.1500015258789,80.75,82.1500015258789,0
2025-08-21,80.5199966430664,80.75,80.5199966430664,80.75,0
2025-08-22,78.0999984741211,80.5199966430664,78.0999984741211,80.5199966430664,0
2025-08-25,77.55999755859375,78.0999984741211,77.55999755859375,78.0999984741211,0
2025-08-26,79.36000061035156,79.36000061035156,77.55999755859375,77.55999755859375,0
2025-08-27,77.66000366210938,79.36000061035156,77.66000366210938,79.36000061035156,0
2025-08-28,77.55000305175781,77.66000366210938,77.55000305175781,77.66000366210938,0
2025-08-29,79.38999938964844,79.38999938964844,77.55000305175781,77.55000305175781,0
2025-09-02,85.27999877929688,85.27999877929688,79.38999938964844,79.38999938964844,0
2025-09-03,89.66999816894531,89.66999816894531,85.27999877929688,85.27999877929688,0
2025-09-04,88.26000213623047,89.66999816894531,88.26000213623047,89.66999816894531,0
2025-09-05,85.29000091552734,88.26000213623047,85.29000091552734,88.26000213623047,0
2025-09-08,84.0,85.29000091552734,84.0,85.29000091552734,0
2025-09-09,82.19999694824219,84.0,82.19999694824219,84.0,0
2025-09-10,79.58000183105469,82.19999694824219,79.58000183105469,82.19999694824219,0
2025-09-11,75.06999969482422,79.58000183105469,75.06999969482422,79.58000183105469,0
2025-09-12,73.37000274658203,75.06999969482422,73.37000274658203,75.06999969482422,0
2025-09-15,76.87999725341797,76.87999725341797,73.37000274658203,73.37000274658203,0
2025-09-16,77.08999633789062,77.08999633789062,76.87999725341797,76.87999725341797,0
2025-09-17,75.94999694824219,77.08999633789062,75.94999694824219,77.08999633789062,0
2025-09-18,71.91000366210938,75.94999694824219,71.91000366210938,75.94999694824219,0
2025-09-19,72.51000213623047,72.51000213623047,71.91000366210938,71.91000366210938,0
2025-09-22,75.80000305175781,75.80000305175781,72.51000213623047,72.51000213623047,0
2025-09-23,75.66000366210938,75.80000305175781,75.66000366210938,75.80000305175781,0
2025-09-24,75.12999725341797,75.66000366210938,75.12999725341797,75.66000366210938,0
2025-09-25,75.44000244140625,75.44000244140625,75.12999725341797,75.12999725341797,0
2025-09-26,74.37999725341797,75.44000244140625,74.37999725341797,75.44000244140625,0
2025-09-29,75.51000213623047,75.51000213623047,74.37999725341797,74.37999725341797,0
2025-09-30,77.93000030517578,77.93000030517578,75.51000213623047,75.51000213623047,0
2025-10-01,73.5,77.93000030517578,73.5,77.93000030517578,0
2025-10-02,71.20999908447266,73.5,71.20999908447266,73.5,0
2025-10-03,69.52999877929688,71.20999908447266,69.52999877929688,71.20999908447266,0
2025-10-06,72.98999786376953,72.98999786376953,69.52999877929688,69.52999877929688,0
2025-10-07,75.43000030517578,75.43000030517578,72.98999786376953,72.98999786376953,0
2025-10-08,74.87000274658203,75.43000030517578,74.87000274658203,75.43000030517578,0
2025-10-09,74.12000274658203,74.87000274658203,74.12000274658203,74.87000274658203,0
2025-10-10,81.6500015258789,81.6500015258789,74.12000274658203,74.12000274658203,0
2025-10-14,79.94999694824219,81.6500015258789,79.94999694824219,81.6500015258789,0
2025-10-15,75.11000061035156,79.94999694824219,75.11000061035156,79.94999694824219,0
2025-10-16,81.2300033569336,81.2300033569336,75.11000061035156,75.11000061035156,0
2025-10-17,78.62000274658203,81.2300033569336,78.62000274658203,81.2300033569336,0
2025-10-20,77.22000122070312,78.62000274658203,77.22000122070312,78.62000274658203,0
2025-10-21,77.18000030517578,77.22000122070312,77.18000030517578,77.22000122070312,0
2025-10-22,75.48999786376953,77.18000030517578,75.48999786376953,77.18000030517578,0
2025-10-23,74.05000305175781,75.48999786376953,74.05000305175781,75.48999786376953,0
2025-10-24,68.94000244140625,74.05000305175781,68.94000244140625,74.05000305175781,0
2025-10-27,66.87000274658203,68.94000244140625,66.87000274658203,68.94000244140625,0
2025-10-28,67.30000305175781,67.30000305175781,66.87000274658203,66.87000274658203,0
2025-10-29,65.75,67.30000305175781,65.75,67.30000305175781,0
2025-10-30,66.87999725341797,66.87999725341797,65.75,65.75,0
2025-10-31,66.61000061035156,66.87999725341797,66.61000061035156,66.87999725341797,0
2025-11-03,67.2300033569336,67.2300033569336,66.61000061035156,66.61000061035156,0
2025-11-04,68.0199966430664,68.0199966430664,67.2300033569336,67.2300033569336,0
2025-11-05,72.41999816894531,72.41999816894531,68.0199966430664,68.0199966430664,0
2025-11-06,72.44000244140625,72.44000244140625,72.41999816894531,72.41999816894531,0
2025-11-07,74.41000366210938,74.41000366210938,72.44000244140625,72.44000244140625,0
2025-11-10,78.86000061035156,78.86000061035156,74.41000366210938,74.41000366210938,0
2025-11-12,81.12000274658203,81.12000274658203,78.86000061035156,78.86000061035156,0
2025-11-13,79.0999984741211,81.12000274658203,79.0999984741211,81.12000274658203,0
2025-11-14,79.70999908447266,79.70999908447266,79.0999984741211,79.0999984741211,0
2025-11-17,82.58000183105469,82.58000183105469,79.70999908447266,79.70999908447266,0
2025-11-18,83.18000030517578,83.18000030517578,82.58000183105469,82.58000183105469,0
2025-11-19,84.31999969482422,84.31999969482422,83.18000030517578,83.18000030517578,0
2025-11-20,77.80999755859375,84.31999969482422,77.80999755859375,84.31999969482422,0
2025-11-21,78.80999755859375,78.80999755859375,77.80999755859375,77.80999755859375,0
2025-11-24,76.81999969482422,78.80999755859375,76.81999969482422,78.80999755859375,0
2025-11-25,72.81999969482422,76.81999969482422,72.81999969482422,76.81999969482422,0
2025-11-26,71.9000015258789,72.81999969482422,71.9000015258789,72.81999969482422,0
2025-11-28,68.94999694824219,71.9000015258789,68.94999694824219,71.9000015258789,0
2025-12-01,71.3499984741211,71.3499984741211,68.94999694824219,68.94999694824219,0
2025-12-02,69.91000366210938,71.3499984741211,69.91000366210938,71.3499984741211,0
2025-12-03,66.45999908447266,69.91000366210938,66.45999908447266,69.91000366210938,0
2025-12-04,65.69000244140625,66.45999908447266,65.69000244140625,66.45999908447266,0
2025-12-05,67.27999877929688,67.27999877929688,65.69000244140625,65.69000244140625,0
2025-12-08,72.30000305175781,72.30000305175781,67.27999877929688,67.27999877929688,0
2025-12-09,75.37999725341797,75.37999725341797,72.30000305175781,72.30000305175781,0
2025-12-10,68.62000274658203,75.37999725341797,68.62000274658203,75.37999725341797,0
2025-12-11,69.23999786376953,69.23999786376953,68.62000274658203,68.62000274658203,0
2025-12-12,69.25,69.25,69.23999786376953,69.23999786376953,0
2025-12-15,73.30999755859375,73.30999755859375,69.25,69.25,0
2025-12-16,67.13999938964844,73.30999755859375,67.13999938964844,73.30999755859375,0
2025-12-17,62.7400016784668,67.13999938964844,62.7400016784668,67.13999938964844,0
2025-12-18,60.0099983215332,62.7400016784668,60.0099983215332,62.7400016784668,0
2025-12-19,59.40999984741211,60.0099983215332,59.40999984741211,60.0099983215332,0
2025-12-22,61.70000076293945,61.70000076293945,59.40999984741211,59.40999984741211,0
2025-12-23,61.16999816894531,61.70000076293945,61.16999816894531,61.70000076293945,0
2025-12-24,59.47999954223633,61.16999816894531,59.47999954223633,61.16999816894531,0
2025-12-26,58.5,59.47999954223633,58.5,59.47999954223633,0
2025-12-29,59.209999084472656,59.209999084472656,58.5,58.5,0
2025-12-30,63.97999954223633,63.97999954223633,59.209999084472656,59.209999084472656,0
2025-12-31,63.959999084472656,63.97999954223633,63.959999084472656,63.97999954223633,0
2026-01-02,62.36000061035156,63.959999084472656,62.36000061035156,63.959999084472656,0
2026-01-05,64.70999908447266,64.70999908447266,62.36000061035156,62.36000061035156,0
2026-01-06,65.81999969482422,65.81999969482422,64.70999908447266,64.70999908447266,0
2026-01-07,66.1500015258789,66.1500015258789,65.81999969482422,65.81999969482422,0
2026-01-08,66.94000244140625,66.94000244140625,66.1500015258789,66.1500015258789,0
2026-01-09,61.54999923706055,66.94000244140625,61.54999923706055,66.94000244140625,0
2026-01-12,62.900001525878906,62.900001525878906,61.54999923706055,61.54999923706055,0
2026-01-13,60.790000915527344,62.900001525878906,60.790000915527344,62.900001525878906,0
2026-01-14,58.11000061035156,60.790000915527344,58.11000061035156,60.790000915527344,0
2026-01-15,56.13999938964844,58.11000061035156,56.13999938964844,58.11000061035156,0
2026-01-16,58.04999923706055,58.04999923706055,56.13999938964844,56.13999938964844,0
2026-01-20,66.66999816894531,66.66999816894531,58.04999923706055,58.04999923706055,0
2026-01-21,59.560001373291016,66.66999816894531,59.560001373291016,66.66999816894531,0
2026-01-22,56.5,59.560001373291016,56.5,59.560001373291016,0
2026-01-23,56.25,56.5,56.25,56.5,0
2026-01-26,55.77000045776367,56.25,55.77000045776367,56.25,0
2026-01-27,56.119998931884766,56.119998931884766,55.77000045776367,55.77000045776367,0
2026-01-28,57.43000030517578,57.43000030517578,56.119998931884766,56.119998931884766,0
2026-01-29,60.72999954223633,60.72999954223633,57.43000030517578,57.43000030517578,0
2026-01-30,59.20000076293945,60.72999954223633,59.20000076293945,60.72999954223633,0
2026-02-02,59.29999923706055,59.29999923706055,59.20000076293945,59.20000076293945,0
2026-02-03,57.540000915527344,59.29999923706055,57.540000915527344,59.29999923706055,0
2026-02-04,57.5099983215332,57.540000915527344,57.5099983215332,57.540000915527344,0
2026-02-05,62.15999984741211,62.15999984741211,57.5099983215332,57.5099983215332,0
2026-02-06,63.619998931884766,63.619998931884766,62.15999984741211,62.15999984741211,0
2026-02-09,62.7400016784668,63.619998931884766,62.7400016784668,63.619998931884766,0
2026-02-10,64.55000305175781,64.55000305175781,62.7400016784668,62.7400016784668,0
2026-02-11,61.349998474121094,64.55000305175781,61.349998474121094,64.55000305175781,0
2026-02-12,68.56999969482422,68.56999969482422,61.349998474121094,61.349998474121094,0
2026-02-13,70.0999984741211,70.0999984741211,68.56999969482422,68.56999969482422,0
2026-02-17,68.83999633789062,70.0999984741211,68.83999633789062,70.0999984741211,0
2026-02-18,64.19000244140625,68.83999633789062,64.19000244140625,68.83999633789062,0
2026-02-19,68.02999877929688,68.02999877929688,64.19000244140625,64.19000244140625,0
2026-02-20,64.2699966430664,68.02999877929688,64.2699966430664,68.02999877929688,0
2026-02-23,68.02999877929688,68.02999877929688,64.2699966430664,64.2699966430664,0
2026-02-24,65.2699966430664,68.02999877929688,65.2699966430664,68.02999877929688,0
2026-02-25,62.43000030517578,65.2699966430664,62.43000030517578,65.2699966430664,0
2026-02-26,63.93000030517578,63.93000030517578,62.43000030517578,62.43000030517578,0
2026-02-27,73.37999725341797,73.37999725341797,63.93000030517578,63.93000030517578,0
2026-03-02,73.20999908447266,73.37999725341797,73.20999908447266,73.37999725341797,0
2026-03-03,77.75,77.75,73.20999908447266,73.20999908447266,0
2026-03-04,70.02999877929688,77.75,70.02999877929688,77.75,0
2026-03-05,74.52999877929688,74.52999877929688,70.02999877929688,70.02999877929688,0
2026-03-06,81.26000213623047,81.26000213623047,74.52999877929688,74.52999877929688,0
2026-03-09,79.73999786376953,81.26000213623047,79.73999786376953,81.26000213623047,0
2026-03-10,76.33000183105469,79.73999786376953,76.33000183105469,79.73999786376953,0
2026-03-11,78.58999633789062,78.58999633789062,76.33000183105469,76.33000183105469,0
2026-03-12,95.30000305175781,95.30000305175781,78.58999633789062,78.58999633789062,0
2026-03-13,91.16999816894531,95.30000305175781,91.16999816894531,95.30000305175781,0
2026-03-16,85.25,91.16999816894531,85.25,91.16999816894531,0
2026-03-17,79.2300033569336,85.25,79.2300033569336,85.25,0
2026-03-18,81.25,81.25,79.2300033569336,79.2300033569336,0
2026-03-19,84.87999725341797,84.87999725341797,81.25,81.25,0
2026-03-20,108.83999633789062,108.83999633789062,84.87999725341797,84.87999725341797,0
2026-03-23,98.1500015258789,108.83999633789062,98.1500015258789,108.83999633789062,0
2026-03-24,103.01000213623047,103.01000213623047,98.1500015258789,98.1500015258789,0
2026-03-25,97.58999633789062,103.01000213623047,97.58999633789062,103.01000213623047,0
2026-03-26,115.0199966430664,115.0199966430664,97.58999633789062,97.58999633789062,0
2026-03-27,111.94999694824219,115.0199966430664,111.94999694824219,115.0199966430664,0
2026-03-30,108.33000183105469,111.94999694824219,108.33000183105469,111.94999694824219,0
2026-03-31,96.05000305175781,108.33000183105469,96.05000305175781,108.33000183105469,0
2026-04-01,90.19000244140625,96.05000305175781,90.19000244140625,96.05000305175781,0
2026-04-02,84.41000366210938,90.19000244140625,84.41000366210938,90.19000244140625,0
2026-04-06,81.68000030517578,81.77999877929688,81.68000030517578,81.77999877929688,0
2026-04-07,83.1500015258789,83.1500015258789,81.68000030517578,81.68000030517578,0
2026-04-08,78.73999786376953,83.1500015258789,78.73999786376953,83.1500015258789,0
2026-04-09,74.01000213623047,78.73999786376953,74.01000213623047,78.73999786376953,0
2026-04-10,72.1500015258789,74.01000213623047,72.1500015258789,74.01000213623047,0
2026-04-13,74.41999816894531,74.41999816894531,72.1500015258789,72.1500015258789,0
2026-04-14,74.3499984741211,74.41999816894531,74.3499984741211,74.41999816894531,0
2026-04-15,67.94000244140625,74.3499984741211,67.94000244140625,74.3499984741211,0
2026-04-16,65.88999938964844,67.94000244140625,65.88999938964844,67.94000244140625,0
2026-04-17,65.69999694824219,65.88999938964844,65.69999694824219,65.88999938964844,0
2026-04-20,67.9000015258789,67.9000015258789,65.69999694824219,65.69999694824219,0
2026-04-21,70.77999877929688,70.77999877929688,67.9000015258789,67.9000015258789,0
2026-04-22,69.87999725341797,70.77999877929688,69.87999725341797,70.77999877929688,0
2026-04-23,67.69999694824219,69.87999725341797,67.69999694824219,69.87999725341797,0
2026-04-24,66.97000122070312,67.69999694824219,66.97000122070312,67.69999694824219,0
2026-04-27,68.41999816894531,68.41999816894531,66.97000122070312,66.97000122070312,0
2026-04-28,68.68000030517578,68.68000030517578,68.41999816894531,68.41999816894531,0
2026-04-29,74.33000183105469,74.33000183105469,68.68000030517578,68.68000030517578,0
2026-04-30,72.06999969482422,74.33000183105469,72.06999969482422,74.33000183105469,0
2026-05-01,70.41000366210938,72.06999969482422,70.41000366210938,72.06999969482422,0
2026-05-04,77.86000061035156,77.86000061035156,70.41000366210938,70.41000366210938,0
2026-05-05,76.77999877929688,77.86000061035156,76.77999877929688,77.86000061035156,0
2026-05-06,70.62999725341797,76.77999877929688,70.62999725341797,76.77999877929688,0
2026-05-07,72.23999786376953,72.23999786376953,70.62999725341797,70.62999725341797,0
2026-05-08,67.25,72.23999786376953,67.25,72.23999786376953,0
2026-05-11,70.73999786376953,70.73999786376953,67.25,67.25,0
2026-05-12,71.68000030517578,71.68000030517578,70.73999786376953,70.73999786376953,0
2026-05-13,70.23999786376953,71.68000030517578,70.23999786376953,71.68000030517578,0
2026-05-14,69.62999725341797,70.23999786376953,69.62999725341797,70.23999786376953,0
2026-05-15,79.87000274658203,79.87000274658203,69.62999725341797,69.62999725341797,0
2026-05-18,86.06999969482422,86.06999969482422,79.87000274658203,79.87000274658203,0
2026-05-19,85.31999969482422,86.06999969482422,85.31999969482422,86.06999969482422,0
2026-05-20,81.52999877929688,85.31999969482422,81.52999877929688,85.31999969482422,0
2026-05-21,79.72000122070312,81.52999877929688,79.72000122070312,81.52999877929688,0
2026-05-22,78.43000030517578,79.72000122070312,78.43000030517578,79.72000122070312,0
2026-05-26,74.94999694824219,78.43000030517578,74.94999694824219,78.43000030517578,0
2026-05-27,70.9000015258789,74.94999694824219,70.9000015258789,74.94999694824219,0
2026-05-28,69.73999786376953,70.9000015258789,69.73999786376953,70.9000015258789,0
2026-05-29,70.22000122070312,70.22000122070312,69.73999786376953,69.73999786376953,0
2026-06-01,73.33000183105469,73.33000183105469,70.22000122070312,70.22000122070312,0
2026-06-02,73.43000030517578,73.43000030517578,73.33000183105469,73.33000183105469,0
2026-06-03,73.58000183105469,73.58000183105469,73.43000030517578,73.43000030517578,0
2026-06-04,71.16000366210938,73.58000183105469,71.16000366210938,73.58000183105469,0
2026-06-05,75.19999694824219,75.19999694824219,71.16000366210938,71.16000366210938,0
2026-06-08,76.9800033569336,76.9800033569336,75.19999694824219,75.19999694824219,0
