Date,Close,High,Low,Open,Volume
2012-03-21,17.242408752441406,17.289790105040414,17.1734908695152,17.190720751029733,123200
2012-03-22,17.17780113220215,17.190722723254524,17.17780113220215,17.17780113220215,1200
2012-03-23,17.160572052001953,17.160572052001953,17.04427279769018,17.04427279769018,8400
2012-03-26,17.41901397705078,17.427628919314966,17.28979312935246,17.28979312935246,2000
2012-03-27,17.393165588378906,17.45346852304995,17.393165588378906,17.45346852304995,4000
2012-03-28,17.216562271118164,17.25102038440614,17.143336110292328,17.25102038440614,3000
2012-03-29,17.225183486938477,17.225183486938477,17.065809520120705,17.16918718391785,6000
2012-03-30,17.259641647338867,17.315637950471608,17.186417102815625,17.315637950471608,800
2012-04-02,17.337173461914062,17.375939878237414,17.182107796620645,17.182107796620645,54200
2012-04-03,17.182109832763672,17.358712051802044,17.169188240168676,17.341482166253833,70400
2012-04-04,16.996891021728516,17.12611186453706,16.940896363828518,17.12611186453706,39600
2012-04-05,17.03566551208496,17.03566551208496,16.92367450008027,16.953825989586647,32800
2012-04-09,16.84613800048828,16.880596134016557,16.81598651747632,16.854752944653498,65800
2012-04-10,16.531688690185547,16.84181825356689,16.514458813572286,16.84181825356689,39000
2012-04-11,16.678142547607422,16.755675364076687,16.64368278778473,16.691064135975036,41200
2012-04-12,16.90643310546875,16.90643310546875,16.781518937853775,16.781518937853775,2600
2012-04-13,16.729829788208008,16.78582607382358,16.729829788208008,16.78582607382358,800
2012-04-16,16.61353302001953,16.617841312004245,16.557536726141933,16.60922637116677,37600
2012-04-17,16.880590438842773,16.915050203877602,16.734139723708818,16.734139723708818,37800
2012-04-18,16.897815704345703,16.897815704345703,16.794439723750852,16.8504343619349,152200
2012-04-19,16.71260643005371,16.949511609604407,16.67384000844488,16.871978766386746,36200
2012-04-20,16.669523239135742,16.77289920524891,16.669523239135742,16.734132807173633,82000
2012-04-23,16.40677833557129,16.497232743967547,16.34647539664045,16.497232743967547,38200
2012-04-24,16.458467483520508,16.480004014195178,16.458467483520508,16.480004014195178,600
2012-04-25,16.56184959411621,16.56184959411621,16.52308317120251,16.52308317120251,1800
2012-04-26,16.83751106262207,16.83751106262207,16.67813881692113,16.67813881692113,63400
2012-04-27,16.867664337158203,16.867664337158203,16.867664337158203,16.867664337158203,400
2012-04-30,16.9581241607666,16.9581241607666,16.945202569763563,16.945202569763563,6400
2012-05-01,17.027036666870117,17.10887776569437,16.910737455223757,16.910737455223757,6400
2012-05-02,17.044269561767578,17.044269561767578,16.876282329587685,16.945200210562305,66200
2012-05-03,16.759981155395508,16.945198247141132,16.759981155395508,16.945198247141132,3800
2012-05-04,16.372325897216797,16.622154348107053,16.320637875462207,16.622154348107053,69600
2012-05-07,16.368005752563477,16.415387084748208,16.35077587847244,16.389542273611656,60000
2012-05-08,16.268943786621094,16.268943786621094,15.976042367354207,16.23879231491409,68600
2012-05-09,16.16126823425293,16.21295626469943,15.95020617496936,16.08373536701675,61200
2012-05-10,16.118183135986328,16.29478694239133,16.100954899010553,16.29478694239133,58800
2012-05-11,16.2215633392334,16.28186628601613,16.21725669009123,16.28186628601613,30000
2012-05-14,16.09234046936035,16.16556499744234,16.0449591191276,16.0449591191276,47800
2012-05-15,16.088027954101562,16.191405567754757,16.066491430503813,16.066491430503813,48000
2012-05-16,15.885590553283691,16.100959182529984,15.885590553283691,16.096650889791004,27400
2012-05-17,15.592682838439941,15.898505775081944,15.394544173274552,15.730518574479479,88600
2012-05-18,15.342856407165527,15.54961003638714,15.31701323047019,15.54961003638714,79600
2012-05-21,15.71329402923584,15.713294029235838,15.390241105173098,15.398856046990629,81200
2012-05-22,15.704678535461426,15.795132956668166,15.704678535461426,15.795132956668166,5000
2012-05-23,15.764982223510742,15.782212107349633,15.476389063304024,15.588380021992501,64000
2012-05-24,15.55392074584961,15.782210938849978,15.553920745849608,15.782210938849978,47400
2012-05-25,15.696064949035645,15.747754602586665,15.678836707650865,15.704679891294148,10000
2012-05-29,15.851128578186035,15.851128578186033,15.730522688392966,15.743444278547363,26800
2012-05-30,15.609911918640137,15.644370029323593,15.56683722637144,15.605603627847517,25000
2012-05-31,15.609911918640137,15.609911918640137,15.609911918640137,15.609911918640137,0
2012-06-01,15.071494102478027,15.261017863250636,15.071494102478027,15.252402922788443,2400
2012-06-04,15.144721031188965,15.144721031188965,15.062881548529571,15.118876205707615,5200
2012-06-05,15.153336524963379,15.265327486530785,15.105955164754482,15.1231850490363,20400
2012-06-06,15.67021656036377,15.69175308729033,15.420388247246974,15.420388247246974,41200
2012-06-07,15.592682838439941,15.764976686923573,15.571146312770935,15.708982048810473,50200
2012-06-08,15.730517387390137,15.730517387390137,15.510840570001871,15.566836847020847,42600
2012-06-11,15.51084041595459,15.773590278820874,15.51084041595459,15.773590278820874,40800
2012-06-12,15.51084041595459,15.51084041595459,15.51084041595459,15.51084041595459,0
2012-06-13,15.51084041595459,15.51084041595459,15.51084041595459,15.51084041595459,0
2012-06-14,15.635758399963379,15.648681631944761,15.506537582072477,15.622836811113842,40000
2012-06-15,15.635758399963379,15.635758399963379,15.635758399963379,15.635758399963379,0
2012-06-18,15.635758399963379,15.635758399963379,15.635758399963379,15.635758399963379,0
2012-06-19,16.16126823425293,16.20434131910287,16.05789053022707,16.05789053022707,50200
2012-06-20,16.218671798706055,16.218671798706055,16.218671798706055,16.218671798706055,400
2012-06-21,15.640213012695312,15.907861797813757,15.640213012695312,15.894911554803762,40000
2012-06-22,15.640213012695312,15.640213012695312,15.640213012695312,15.640213012695312,0
2012-06-25,15.523645401000977,15.553863712132653,15.493427089869298,15.510695166737241,40200
2012-06-26,15.679054260253906,15.696322336528214,15.51932867165254,15.648835950161063,40000
2012-06-27,15.774038314819336,15.774038314819336,15.761086424963022,15.769720469275374,10000
2012-06-28,15.540912628173828,15.614299480688512,15.3941372763701,15.614299480688512,32600
2012-06-29,16.063261032104492,16.063261032104492,15.765394105866239,15.765394105866239,22000
2012-07-02,15.99851131439209,15.99851131439209,15.99851131439209,15.99851131439209,200
2012-07-03,16.21003532409668,16.21435316657089,16.158232741826957,16.158232741826957,20000
2012-07-05,16.240257263183594,16.257525343390167,16.184138472674388,16.184138472674388,4800
2012-07-06,15.907849311828613,16.08916080553593,15.907849311828613,16.08916080553593,6200
2012-07-09,15.808568000793457,15.916491051461742,15.778349678348341,15.916491051461742,40600
2012-07-10,15.627256393432617,15.92512338855536,15.627256393432617,15.92512338855536,22200
2012-07-11,15.571130752563477,15.627251175261614,15.545228638985643,15.627251175261614,20800
2012-07-12,15.450265884399414,15.450265884399414,15.450265884399414,15.450265884399414,600
2012-07-13,15.588403701782227,15.588403701782225,15.545233498989266,15.545233498989266,1200
2012-07-16,15.44594669342041,15.575455673392646,15.441630495916375,15.56250378733037,41800
2012-07-17,15.51501750946045,15.51501750946045,15.51501750946045,15.51501750946045,600
2012-07-18,15.51501750946045,15.51501750946045,15.51501750946045,15.51501750946045,0
2012-07-19,15.99851131439209,15.99851131439209,15.942390875048998,15.942390875048998,5400
2012-07-20,15.99851131439209,15.99851131439209,15.99851131439209,15.99851131439209,0
2012-07-23,15.480483055114746,15.532285659689654,15.27327099004001,15.325073594614917,50600
2012-07-24,15.325074195861816,15.333708238092225,15.294855871442977,15.333708238092225,1200
2012-07-25,15.38119888305664,15.489121970496717,15.3207622175743,15.402783171189531,42600
2012-07-26,15.657474517822266,15.657474517822266,15.657474517822266,15.657474517822266,400
2012-07-27,16.106430053710938,16.106430053710938,15.812879344820955,15.812879344820955,3400
2012-07-30,15.946703910827637,15.946703910827637,15.946703910827637,15.946703910827637,200
2012-07-31,15.894906044006348,15.90354008527809,15.894906044006348,15.90354008527809,1200
2012-08-01,15.8646879196167,15.8646879196167,15.8646879196167,15.8646879196167,400
2012-08-02,15.756770133972168,15.756770133972168,15.756770133972168,15.756770133972168,1200
2012-08-03,15.756770133972168,15.756770133972168,15.756770133972168,15.756770133972168,0
2012-08-06,16.2618408203125,16.2618408203125,16.2618408203125,16.2618408203125,600
2012-08-07,16.490636825561523,16.490636825561523,16.490636825561523,16.490636825561523,800
2012-08-08,16.490636825561523,16.490636825561523,16.490636825561523,16.490636825561523,0
2012-08-09,16.494958877563477,16.52086100289053,16.494958877563477,16.52086100289053,1600
2012-08-10,16.55539321899414,16.55539321899414,16.477688500603215,16.50790846599956,21600
2012-08-13,16.486328125,16.503596211996552,16.477694081501724,16.477694081501724,22400
2012-08-14,16.52948760986328,16.52948760986328,16.52948760986328,16.52948760986328,400
2012-08-15,16.52948760986328,16.52948760986328,16.52948760986328,16.52948760986328,0
2012-08-16,16.771242141723633,16.771242141723633,16.771242141723633,16.771242141723633,400
2012-08-17,16.771242141723633,16.771242141723633,16.771242141723633,16.771242141723633,0
2012-08-20,16.710803985595703,16.710803985595703,16.710803985595703,16.710803985595703,600
2012-08-21,16.637420654296875,16.775562050393525,16.633102809357727,16.775562050393525,1600
2012-08-22,16.637420654296875,16.637420654296875,16.637420654296875,16.637420654296875,0
2012-08-23,16.637420654296875,16.637420654296875,16.637420654296875,16.637420654296875,0
2012-08-24,16.602876663208008,16.611510702245,16.53380599768665,16.602876663208008,3800
2012-08-27,16.602876663208008,16.602876663208008,16.602876663208008,16.602876663208008,0
2012-08-28,16.602876663208008,16.602876663208008,16.602876663208008,16.602876663208008,0
2012-08-29,16.572668075561523,16.572668075561523,16.529499501817853,16.529499501817853,3200
2012-08-30,16.412939071655273,16.464741679071768,15.631575528736864,15.631575528736864,20600
2012-08-31,16.486328125,16.486328125,16.469061684778865,16.469061684778865,800
2012-09-04,16.486328125,16.486328125,16.486328125,16.486328125,0
2012-09-05,16.486328125,16.486328125,16.486328125,16.486328125,0
2012-09-06,16.75396728515625,16.75396728515625,16.749649442918237,16.749649442918237,800
2012-09-07,16.848941802978516,16.8662098818631,16.8359915672024,16.8359915672024,2200
2012-09-10,16.848941802978516,16.848941802978516,16.848941802978516,16.848941802978516,0
2012-09-11,16.72807502746582,16.736709070254317,16.72807502746582,16.72807502746582,1800
2012-09-12,16.758281707763672,16.758281707763672,16.745331475968253,16.745331475968253,800
2012-09-13,16.723751068115234,16.723751068115234,16.723751068115234,16.723751068115234,1200
2012-09-14,17.103641510009766,17.133859826979986,16.995718478894755,16.995718478894755,5000
2012-09-17,16.9957218170166,16.9957218170166,16.9957218170166,16.9957218170166,200
2012-09-18,16.9957218170166,16.9957218170166,16.9957218170166,16.9957218170166,0
2012-09-19,17.049999237060547,17.049999237060547,17.049999237060547,17.049999237060547,400
2012-09-20,17.049999237060547,17.049999237060547,17.049999237060547,17.049999237060547,0
2012-09-21,17.049999237060547,17.049999237060547,17.049999237060547,17.049999237060547,3400
2012-09-24,16.88497543334961,16.88497543334961,16.88497543334961,16.88497543334961,400
2012-09-25,16.85891342163086,16.85891342163086,16.85891342163086,16.85891342163086,600
2012-09-26,16.85891342163086,16.85891342163086,16.85891342163086,16.85891342163086,0
2012-09-27,16.85891342163086,16.85891342163086,16.85891342163086,16.85891342163086,0
2012-09-28,16.85891342163086,16.85891342163086,16.85891342163086,16.85891342163086,0
2012-10-01,16.746007919311523,16.746007919311523,16.746007919311523,16.746007919311523,400
2012-10-02,16.746007919311523,16.746007919311523,16.746007919311523,16.746007919311523,0
2012-10-03,16.746007919311523,16.746007919311523,16.746007919311523,16.746007919311523,0
2012-10-04,16.746007919311523,16.746007919311523,16.746007919311523,16.746007919311523,0
2012-10-05,16.91103744506836,16.989208785805477,16.91103744506836,16.989208785805477,800
2012-10-08,16.91103744506836,16.91103744506836,16.91103744506836,16.91103744506836,0
2012-10-09,16.91103744506836,16.91103744506836,16.91103744506836,16.91103744506836,0
2012-10-10,16.498472213745117,16.498472213745117,16.498472213745117,16.498472213745117,600
2012-10-11,16.411609649658203,16.424637652935765,16.411609649658203,16.415951765196162,5600
2012-10-12,16.411609649658203,16.411609649658203,16.411609649658203,16.411609649658203,0
2012-10-15,16.455028533935547,16.455028533935547,16.420286658426853,16.420286658426853,800
2012-10-16,16.6461238861084,17.06303656357494,16.507151336955836,17.06303656357494,24800
2012-10-17,16.68086051940918,16.68086051940918,16.672174634285373,16.672174634285373,4000
2012-10-18,16.559267044067383,16.559267044067383,16.559267044067383,16.559267044067383,600
2012-10-19,16.420299530029297,16.463727322623193,16.420299530029297,16.463727322623193,800
2012-10-22,16.420299530029297,16.420299530029297,16.420299530029297,16.420299530029297,0
2012-10-23,16.055484771728516,16.055484771728516,16.055484771728516,16.055484771728516,200
2012-10-24,16.055484771728516,16.055484771728516,16.055484771728516,16.055484771728516,0
2012-10-25,16.055484771728516,16.055484771728516,16.055484771728516,16.055484771728516,0
2012-10-26,16.17275047302246,16.17275047302246,16.17275047302246,16.17275047302246,400
2012-10-31,16.17275047302246,16.17275047302246,16.17275047302246,16.17275047302246,0
2012-11-01,16.237895965576172,16.237895965576172,16.237895965576172,16.237895965576172,600
2012-11-02,16.237895965576172,16.237895965576172,16.237895965576172,16.237895965576172,0
2012-11-05,16.43766212463379,16.450691781775664,16.307377149858404,16.307377149858404,1000
2012-11-06,16.43766212463379,16.43766212463379,16.43766212463379,16.43766212463379,0
2012-11-07,16.43766212463379,16.43766212463379,16.43766212463379,16.43766212463379,0
2012-11-08,16.43766212463379,16.43766212463379,16.43766212463379,16.43766212463379,0
2012-11-09,16.055484771728516,16.055484771728516,16.051141002709567,16.051141002709567,400
2012-11-12,16.055484771728516,16.055484771728516,16.055484771728516,16.055484771728516,0
2012-11-13,16.02509117126465,16.02509117126465,16.02509117126465,16.02509117126465,1000
2012-11-14,16.02509117126465,16.02509117126465,16.02509117126465,16.02509117126465,0
2012-11-15,16.02509117126465,16.02509117126465,16.02509117126465,16.02509117126465,0
2012-11-16,15.794922828674316,15.794922828674316,15.794922828674316,15.794922828674316,200
2012-11-19,16.029436111450195,16.029436111450195,16.029436111450195,16.029436111450195,400
2012-11-20,16.064184188842773,16.064184188842773,16.064184188842773,16.064184188842773,1000
2012-11-21,16.064184188842773,16.064184188842773,16.064184188842773,16.064184188842773,0
2012-11-23,16.064184188842773,16.064184188842773,16.064184188842773,16.064184188842773,0
2012-11-26,16.3290958404541,16.381211171027967,16.3290958404541,16.381211171027967,600
2012-11-27,16.394243240356445,16.394243240356445,16.394243240356445,16.394243240356445,200
2012-11-28,16.2161808013916,16.2161808013916,16.2161808013916,16.2161808013916,200
2012-11-29,16.637435913085938,16.637435913085938,16.637435913085938,16.637435913085938,400
2012-11-30,16.637435913085938,16.637435913085938,16.637435913085938,16.637435913085938,0
2012-12-03,16.637435913085938,16.637435913085938,16.637435913085938,16.637435913085938,0
2012-12-04,16.637435913085938,16.637435913085938,16.637435913085938,16.637435913085938,0
2012-12-05,16.624408721923828,16.624408721923828,16.624408721923828,16.624408721923828,400
2012-12-06,16.624408721923828,16.624408721923828,16.624408721923828,16.624408721923828,0
2012-12-07,16.676525115966797,16.676525115966797,16.676525115966797,16.676525115966797,600
2012-12-10,16.728635787963867,16.80680711483884,16.728635787963867,16.75034967728168,12400
2012-12-11,16.88497543334961,16.88497543334961,16.88497543334961,16.88497543334961,600
2012-12-12,16.88497543334961,16.88497543334961,16.88497543334961,16.88497543334961,0
2012-12-13,16.88497543334961,16.88497543334961,16.88497543334961,16.88497543334961,0
2012-12-14,16.88497543334961,16.88497543334961,16.88497543334961,16.88497543334961,0
2012-12-17,16.945772171020508,16.945772171020508,16.945772171020508,16.945772171020508,800
2012-12-18,17.02255630493164,17.02255630493164,17.02255630493164,17.02255630493164,0
2012-12-19,17.183969497680664,17.25376976526548,17.183969497680664,17.25376976526548,1400
2012-12-20,17.17961311340332,17.17961311340332,17.17961311340332,17.17961311340332,200
2012-12-21,16.913494110107422,16.913494110107422,16.90476886841046,16.90476886841046,1600
2012-12-24,16.913494110107422,16.913494110107422,16.913494110107422,16.913494110107422,0
2012-12-26,16.913494110107422,16.913494110107422,16.913494110107422,16.913494110107422,0
2012-12-27,16.765172958374023,16.769534748341925,16.765172958374023,16.769534748341925,800
2012-12-28,16.629928588867188,16.629928588867188,16.629928588867188,16.629928588867188,1600
2012-12-31,16.55576515197754,16.55576515197754,16.55576515197754,16.55576515197754,600
2013-01-02,17.332292556762695,17.332292556762695,17.21014252368377,17.21014252368377,1600
2013-01-03,17.37592124938965,17.480620817282453,17.37592124938965,17.480620817282453,800
2013-01-04,17.406455993652344,17.406455993652344,17.393367301620195,17.397730753687366,2400
2013-01-07,17.410825729370117,17.410825729370117,17.34102544195672,17.345387231845628,1800
2013-01-08,17.410825729370117,17.410825729370117,17.410825729370117,17.410825729370117,0
2013-01-09,17.410825729370117,17.410825729370117,17.410825729370117,17.410825729370117,0
2013-01-10,17.410825729370117,17.410825729370117,17.410825729370117,17.410825729370117,0
2013-01-11,17.563505172729492,17.563505172729492,17.550418144976824,17.550418144976824,600
2013-01-14,17.633312225341797,17.65076271185209,17.62895043579922,17.62895043579922,1000
2013-01-15,17.633312225341797,17.633312225341797,17.633312225341797,17.633312225341797,0
2013-01-16,17.633312225341797,17.633312225341797,17.633312225341797,17.633312225341797,0
2013-01-17,17.794721603393555,17.799083391679684,17.794721603393555,17.794721603393555,1000
2013-01-18,17.807809829711914,17.807809829711914,17.807809829711914,17.807809829711914,600
2013-01-22,17.816537857055664,17.816537857055664,17.79472558240863,17.79472558240863,800
2013-01-23,17.86452293395996,17.86452293395996,17.86452293395996,17.86452293395996,1400
2013-01-24,17.916872024536133,17.916872024536133,17.916872024536133,17.916872024536133,400
2013-01-25,18.113187789916992,18.156812335208198,18.052112760841414,18.052112760841414,26200
2013-01-28,18.165531158447266,18.200432113684023,18.139357106188836,18.139357106188836,52200
2013-01-29,18.056474685668945,18.06083813873276,17.99976144502754,18.00412489809136,16200
2013-01-30,18.017208099365234,18.139359796642445,18.004121071294936,18.082646568055505,47600
2013-01-31,18.03466796875,18.08265598221705,17.9954051999288,18.078292527808998,18000
2013-02-01,18.26151466369629,18.26151466369629,18.152451629789045,18.161176872202006,3200
2013-02-04,18.047744750976562,18.191708709593918,18.047744750976562,18.178620017975504,15600
2013-02-05,18.23534393310547,18.23534393310547,18.082656309465477,18.130644323800983,4000
2013-02-06,18.17862319946289,18.17862319946289,18.1524491399839,18.1524491399839,7800
2013-02-07,18.126277923583984,18.16117889712719,18.060841094445497,18.16117889712719,25400
2013-02-08,18.278963088989258,18.3007753604791,18.257149153329774,18.3007753604791,47600
2013-02-11,18.30950927734375,18.30950927734375,18.152458185531298,18.292058786215605,65600
2013-02-12,18.274600982666016,18.274600982666016,18.230976436472062,18.230976436472062,24200
2013-02-13,18.283329010009766,18.37494156947513,18.25715327980394,18.305141286429613,28000
2013-02-14,18.283329010009766,18.292054253411706,18.196078240160364,18.21352872696425,26000
2013-02-15,18.3007755279541,18.30513731662413,18.3007755279541,18.30513731662413,1400
2013-02-19,18.366214752197266,18.414202754710647,18.318228413853756,18.370578205609323,61600
2013-02-20,18.10010528564453,18.357494161237888,18.095741831522357,18.357494161237888,29600
2013-02-21,17.899423599243164,18.056474625623405,17.82089808605304,18.056474625623405,44000
2013-02-22,17.99540138244629,17.99540138244629,17.99540138244629,17.99540138244629,600
2013-02-25,17.794721603393555,18.17862221101435,17.794721603393555,18.16117339370032,72800
2013-02-26,17.833982467651367,17.833982467651367,17.82961901565742,17.82961901565742,400
2013-02-27,18.126277923583984,18.18735296311458,18.091378614210793,18.091378614210793,42600
2013-02-28,18.13064193725586,18.23970498669134,18.13064193725586,18.174266491362026,57600
2013-03-01,18.200441360473633,18.230978879735904,17.908151536459044,18.08265307296059,30400
2013-03-04,18.305145263671875,18.305145263671875,17.829630212053836,17.899430510265184,32200
2013-03-05,18.527624130249023,18.566886879269163,18.444735180001278,18.444735180001278,55200
2013-03-06,18.558164596557617,18.641051895845337,18.553801143654763,18.601789140568062,29800
2013-03-07,18.558164596557617,18.558164596557617,18.558164596557617,18.558164596557617,0
2013-03-08,18.636688232421875,18.636688232421875,18.57124975881907,18.597425481094096,35600
2013-03-11,18.684680938720703,18.706493214035117,18.61487899504269,18.636692934527037,52800
2013-03-12,18.680316925048828,18.728304927803634,18.6061548583695,18.706492653143236,36800
2013-03-13,18.715213775634766,18.754476527047633,18.619237791254537,18.649775301890152,33800
2013-03-14,18.776294708251953,18.815557472025926,18.75884422120351,18.75884422120351,52800
2013-03-15,18.641050338745117,18.77192562401403,18.632325097837917,18.77192562401403,15000
2013-03-18,18.505809783935547,18.58433528022074,18.43600952770086,18.43600952770086,16400
2013-03-19,18.47918701171875,18.47918701171875,18.387510123485846,18.400607773409586,45400
2013-03-20,18.662538528442383,18.697463376498618,18.583959285624267,18.6494425430755,42400
2013-03-21,18.553403854370117,18.61452068297042,18.53594142753898,18.59705825613928,24000
2013-03-22,18.553403854370117,18.553403854370117,18.553403854370117,18.553403854370117,0
2013-03-25,18.557771682739258,18.74112386402571,18.535944478262262,18.710565444696126,46800
2013-03-26,18.693096160888672,18.736750553836128,18.649441767941216,18.675633737586352,13400
2013-03-27,18.7804012298584,18.7891324390073,18.55339478791055,18.57522197812887,48600
2013-03-28,18.83279037475586,18.83279037475586,18.72801917580574,18.749846370144667,21600
2013-04-01,18.719287872314453,18.91573595100838,18.684363029298567,18.91573595100838,49000
2013-04-02,18.819692611694336,18.920099028405886,18.793498981779486,18.880809416187624,48200
2013-04-03,18.62761116027832,18.7629424302248,18.557763138923924,18.741115235796837,49800
2013-04-04,18.675630569458008,18.68872821736704,18.666899359288006,18.666899359288006,11600
2013-04-05,18.553403854370117,18.553403854370117,18.343859728322506,18.352590941738075,35200
2013-04-08,18.645076751708984,18.645076751708984,18.501015911746737,18.57959515729286,45400
2013-04-09,18.749847412109375,18.81532899876509,18.61888257348967,18.75857862339179,49600
2013-04-10,19.094724655151367,19.125283065012404,18.83279328666019,18.83279328666019,34800
2013-04-11,19.18203353881836,19.208227175386746,19.14711035536896,19.151475128809466,21600
2013-04-12,19.14274024963379,19.16020267066761,19.01177542249639,19.14274024963379,48600
2013-04-15,18.71055030822754,19.081617480077234,18.662529498040673,19.081617480077234,49200
2013-04-16,18.959386825561523,18.959386825561523,18.819690810005408,18.872076399511986,4000
2013-04-17,18.601421356201172,18.841523853446077,18.553400523690513,18.841523853446077,6400
2013-04-18,18.566492080688477,18.719285753627215,18.566492080688477,18.719285753627215,1400
2013-04-19,18.64070701599121,18.675630190654793,18.47918379439259,18.47918379439259,2800
2013-04-22,18.697463989257812,18.697463989257812,18.697463989257812,18.697463989257812,600
2013-04-23,18.88517189025879,18.88517189025879,18.88517189025879,18.88517189025879,200
2013-04-24,19.03797149658203,19.06416346618501,18.998681876869217,19.06416346618501,2400
2013-04-25,19.03797149658203,19.03797149658203,19.03797149658203,19.03797149658203,0
2013-04-26,19.05543327331543,19.05543327331543,19.05543327331543,19.05543327331543,600
2013-04-29,19.168930053710938,19.221315641044402,19.147102864430977,19.147102864430977,8200
2013-04-30,19.068527221679688,19.068527221679688,19.068527221679688,19.068527221679688,600
2013-05-01,19.099092483520508,19.238788569603848,19.099092483520508,19.238788569603848,2800
2013-05-02,19.31299591064453,19.321725455651674,19.212587824673435,19.212587824673435,9400
2013-05-03,19.583660125732422,19.60548732260753,19.430866416989904,19.430866416989904,4600
2013-05-06,19.60985565185547,19.614222091207314,19.60985565185547,19.614222091207314,800
2013-05-07,19.67534065246582,19.679707092202214,19.636051021382375,19.636051021382375,1800
2013-05-08,19.7364444732666,19.76263809848799,19.7364444732666,19.75390689008086,1600
2013-05-09,19.714622497558594,19.749547340421433,19.714622497558594,19.749547340421433,3800
2013-05-10,19.93290138244629,19.93290138244629,19.80193652858907,19.80193652858907,3000
2013-05-13,19.867416381835938,19.90670600108091,19.841224412544836,19.841224412544836,2200
2013-05-14,20.01584243774414,20.01584243774414,19.9765528208734,19.9765528208734,2200
2013-05-15,20.107521057128906,20.146810677392686,20.107521057128906,20.146810677392686,1000
2013-05-16,20.011478424072266,20.15553924785807,20.011478424072266,20.15553924785807,3400
2013-05-17,20.11625099182129,20.133711748923535,20.033305318025523,20.129346975975036,20200
2013-05-20,20.1031551361084,20.151175969367923,20.06386551483319,20.151175969367923,27200
2013-05-21,20.177364349365234,20.177364349365234,20.10314989948472,20.146805948034427,2600
2013-05-22,19.941625595092773,20.32142403755931,19.941625595092773,20.31705926559647,2400
2013-05-23,19.963455200195312,19.989648831064233,19.77573834223824,19.77573834223824,1600
2013-05-24,19.823760986328125,20.05513225166905,19.823760986328125,20.05513225166905,2000
2013-05-28,20.076967239379883,20.199200901346497,20.076967239379883,20.14244884458682,10800
2013-05-29,19.924163818359375,19.941626237388938,19.91543260884459,19.941626237388938,1200
2013-05-30,20.050764083862305,20.07259127524077,20.050764083862305,20.068226503088262,1200
2013-05-31,19.919803619384766,20.04203725003788,19.919803619384766,20.03330603851861,2000
2013-06-03,19.6796932220459,19.801926803574148,19.6796932220459,19.801926803574148,1200
2013-06-04,19.80193328857422,19.937262893783558,19.80193328857422,19.937262893783558,1400
2013-06-05,19.465789794921875,19.662237882586336,19.435231388541652,19.662237882586336,3600
2013-06-06,19.561830520629883,19.561830520629883,19.391574409223903,19.52254090496822,3000
2013-06-07,19.902339935302734,19.902339935302734,19.762643890462442,19.762643890462442,5400
2013-06-10,19.88051414489746,19.945995733806082,19.86305172173183,19.945995733806082,10400
2013-06-11,19.76264762878418,19.841226877034497,19.76264762878418,19.836860438071408,3200
2013-06-12,19.465789794921875,19.710258711271898,19.465789794921875,19.705892273041435,7800
2013-06-13,19.758277893066406,19.758277893066406,19.374114593840318,19.374114593840318,12400
2013-06-14,19.758277893066406,19.758277893066406,19.758277893066406,19.758277893066406,0
2013-06-17,19.828125,19.86741461575238,19.801933033037194,19.801933033037194,800
2013-06-18,20.027612686157227,20.0363623897902,19.975116133194724,20.00573926149246,2000
2013-06-19,19.98824691772461,20.027619763568996,19.98824691772461,20.027619763568996,5800
2013-06-20,19.288286209106445,19.59451925549886,19.222664246009554,19.59451925549886,8800
2013-06-21,19.26641273498535,19.26641273498535,19.26641273498535,19.26641273498535,600
2013-06-24,19.10016441345215,19.10016441345215,18.964546520210096,18.977671909127206,1200
2013-06-25,19.213911056518555,19.22266076126769,19.11329195515681,19.11329195515681,2000
2013-06-26,19.423898696899414,20.071361764284678,19.423898696899414,20.071361764284678,800
2013-06-27,19.647001266479492,19.647001266479492,19.58575503635091,19.58575503635091,3400
2013-06-28,19.647001266479492,19.647001266479492,19.647001266479492,19.647001266479492,0
2013-07-01,19.703880310058594,19.804499389975852,19.703880310058594,19.800123704116086,3600
2013-07-02,19.660133361816406,19.77387783953898,19.660133361816406,19.756378432376227,7000
2013-07-03,19.660133361816406,19.660133361816406,19.660133361816406,19.660133361816406,0
2013-07-05,19.883249282836914,19.883249282836914,19.883249282836914,19.883249282836914,200
2013-07-08,19.91386604309082,19.983861989844733,19.852619798285524,19.983861989844733,1800
2013-07-09,20.08448600769043,20.08448600769043,20.04073915600342,20.04073915600342,4800
2013-07-10,20.145736694335938,20.145736694335938,20.132612969713158,20.132612969713158,2800
2013-07-11,20.54820442199707,20.54820442199707,20.54820442199707,20.54820442199707,1000
2013-07-12,20.622577667236328,20.648826776206544,20.618203650158897,20.648826776206544,8400
2013-07-15,20.753816604614258,20.753816604614258,20.69257036216842,20.72319348339134,2000
2013-07-16,20.714452743530273,20.714452743530273,20.70570470696899,20.70570470696899,800
2013-07-17,20.74070167541504,20.7888242202528,20.74070167541504,20.762575104295205,3200
2013-07-18,20.81069564819336,20.819445352671277,20.81069564819336,20.819445352671277,1600
2013-07-19,20.806325912475586,20.806325912475586,20.806325912475586,20.806325912475586,1200
2013-07-22,20.845691680908203,20.893812545854075,20.832566291527268,20.841315994836137,3400
2013-07-23,20.766944885253906,20.78006860508249,20.766944885253906,20.771318902251707,1200
2013-07-24,20.56133270263672,20.56133270263672,20.56133270263672,20.56133270263672,200
2013-07-25,20.797571182250977,20.797571182250977,20.69257640110568,20.69257640110568,5800
2013-07-26,20.727577209472656,20.727577209472656,20.609458695147513,20.657581238261713,4000
2013-07-29,20.705703735351562,20.753824609523207,20.696954030365195,20.753824609523207,3200
2013-07-30,20.771324157714844,20.863193557429657,20.75382474762566,20.75382474762566,4800
2013-07-31,20.941940307617188,21.020685988219935,20.91131717280897,20.91131717280897,1200
2013-08-01,21.221925735473633,21.221925735473633,21.14318171803908,21.151929755326183,2000
2013-08-02,21.208797454833984,21.217547159077363,21.160674915913127,21.204423437130018,9200
2013-08-05,21.230663299560547,21.230663299560547,21.230663299560547,21.230663299560547,400
2013-08-06,21.134429931640625,21.195676199636658,21.134429931640625,21.195676199636658,800
2013-08-07,21.068809509277344,21.130055781728828,21.068809509277344,21.130055781728828,800
2013-08-08,21.17817497253418,21.200048399394316,21.15192585900072,21.200048399394316,1600
2013-08-09,21.191293716430664,21.274415055341244,21.068801219722573,21.274415055341244,3800
2013-08-12,21.143177032470703,21.270043571048273,21.143177032470703,21.270043571048273,1400
2013-08-13,21.217544555664062,21.22191857283133,21.134424878804,21.173797708650397,9800
2013-08-14,21.055688858032227,21.186931127988846,21.055688858032227,21.186931127988846,3800
2013-08-15,20.644454956054688,20.7975722838,20.644454956054688,20.7975722838,1800
2013-08-16,20.714452743530273,20.72757813604353,20.62695902723211,20.62695902723211,9000
2013-08-19,20.513208389282227,20.657575981890126,20.513208389282227,20.657575981890126,6600
2013-08-20,20.727577209472656,20.73195122755777,20.64008182825008,20.64445584633519,5000
2013-08-21,20.56133270263672,20.670701493608192,20.56133270263672,20.670701493608192,2600
2013-08-22,20.806325912475586,20.806325912475586,20.64883453713111,20.64883453713111,1000
2013-08-23,20.86756706237793,20.86756706237793,20.82819422821204,20.83694393234173,3600
2013-08-26,20.889436721801758,20.96380669024166,20.889436721801758,20.96380669024166,6200
2013-08-27,20.600706100463867,20.67070206185642,20.600706100463867,20.67070206185642,600
2013-08-28,20.61383628845215,20.61821197613176,20.561339718147945,20.561339718147945,2400
2013-08-29,20.780073165893555,20.780073165893555,20.596334372625662,20.596334372625662,800
2013-08-30,20.640085220336914,20.71008120305132,20.640085220336914,20.71008120305132,2800
2013-09-03,20.990066528320312,20.990066528320312,20.990066528320312,20.990066528320312,200
2013-09-04,21.046932220458984,21.086305055364765,20.784446098141974,20.784446098141974,4800
2013-09-05,21.103805541992188,21.103805541992188,21.064432705075138,21.064432705075138,1400
2013-09-06,21.208797454833984,21.208797454833984,21.208797454833984,21.208797454833984,200
2013-09-09,21.208797454833984,21.208797454833984,21.208797454833984,21.208797454833984,0
2013-09-10,21.558773040771484,22.416225530811122,21.50627649447032,21.528149916359546,12400
2013-09-11,21.663766860961914,21.66814087761567,21.637517754534244,21.641893440023047,23800
2013-09-12,21.58939552307129,21.663767157884834,21.58939552307129,21.663767157884834,11800
2013-09-13,21.62440299987793,21.681275252962745,21.62440299987793,21.681275252962745,2400
2013-09-16,21.72939682006836,21.860640741936525,21.72939682006836,21.860640741936525,13800
2013-09-17,21.891515731811523,21.891515731811523,21.808261968764217,21.808261968764217,1200
2013-09-18,22.097469329833984,22.10185040463257,21.81703373994133,21.90905135446336,7000
2013-09-19,22.106231689453125,22.17634058229119,22.088704048361645,22.17634058229119,16600
2013-09-20,22.040496826171875,22.16756967617617,22.040496826171875,22.14566096757858,13600
2013-09-23,21.856462478637695,22.08869780713352,21.799498496949656,22.08869780713352,6600
2013-09-24,21.87398910522461,21.979153253713786,21.799499156670663,21.86960803182097,4400
2013-09-25,21.88713836669922,21.88713836669922,21.838938195679958,21.838938195679958,1200
2013-09-26,22.031742095947266,22.06241463494099,21.961633196600477,22.001069556953546,3800
2013-09-27,21.95724868774414,22.00106611616018,21.909048513569847,21.95724868774414,4200
2013-09-30,21.88713836669922,21.93095579224711,21.738156779697697,21.74253785364143,7800
2013-10-01,22.119375228881836,22.119375228881836,21.904667489017452,21.904667489017452,9400
2013-10-02,22.075557708740234,22.075557708740234,22.036121354628943,22.036121354628943,3000
2013-10-03,21.891515731811523,22.1149889102171,21.777589441771664,22.110606165488246,8200
2013-10-04,22.10185432434082,22.10185432434082,21.860855051006702,21.860855051006702,2200
2013-10-07,21.952871322631836,21.996690433315685,21.869617519624764,21.909053883476147,4400
2013-10-08,21.514686584472656,21.93095887174014,21.514686584472656,21.93095887174014,8000
2013-10-09,21.422670364379883,21.562888160749356,21.260543850739175,21.562888160749356,28400
2013-10-10,21.821409225463867,21.821409225463867,21.641755117234496,21.641755117234496,4000
2013-10-11,21.94410514831543,21.97039493837704,21.84332204798642,21.84332204798642,3800
2013-10-14,22.084321975708008,22.10623069031822,21.873993635172162,21.887140201160513,8000
2013-10-15,21.996685028076172,22.079938810625315,21.917812319754773,22.06679391641433,34200
2013-10-16,22.16319465637207,22.18072062512052,22.16319465637207,22.16757573067724,7000
2013-10-17,22.316556930541992,22.325320750523247,22.07993880563132,22.171956408142886,31800
2013-10-18,22.487445831298828,22.487445831298828,22.391045489077467,22.391045489077467,3600
2013-10-21,22.45677375793457,22.509355004071743,22.43048229910215,22.43048229910215,29000
2013-10-22,22.596994400024414,22.658339473567434,22.53126658035524,22.618903116071507,12800
2013-10-23,22.312175750732422,22.487448819603316,22.2595944986823,22.487448819603316,13400
2013-10-24,22.404193878173828,22.412957698319122,22.32970224270274,22.32970224270274,4200
2013-10-25,22.38666534423828,22.391046418372152,22.38666534423828,22.391046418372152,2400
2013-10-28,22.43924331665039,22.496207301243523,22.417334606123024,22.48744348272708,9400
2013-10-29,22.557558059692383,22.557558059692383,22.478685344640517,22.478685344640517,1400
2013-10-30,22.4962100982666,22.689009115017193,22.474301385015256,22.689009115017193,20200
2013-10-31,22.45677375793457,22.557555176167348,22.37351997892341,22.478682471197754,15400
2013-11-01,22.434865951538086,22.51811973391455,22.35161049763388,22.51811973391455,4600
2013-11-04,22.509353637695312,22.56193655216824,22.46553621382878,22.56193655216824,8000
2013-11-05,22.487445831298828,22.5005907246826,22.347228063446472,22.351609137398516,8800
2013-11-06,22.395423889160156,22.522496738972723,22.36036861823504,22.522496738972723,6200
2013-11-07,22.093074798583984,22.399801688237314,22.07116609322169,22.351601533524022,4600
2013-11-08,22.237686157226562,22.277122514809854,22.01421457860651,22.018595653214476,13400
2013-11-11,22.30779266357422,22.316556483379873,22.220156137045397,22.220156137045397,3000
2013-11-12,22.30779266357422,22.30779266357422,22.30779266357422,22.30779266357422,0
2013-11-13,22.461151123046875,22.487442577537884,22.285879774355674,22.294643592519346,23000
2013-11-14,22.61013412475586,22.618897943476124,22.61013412475586,22.618897943476124,2200
2013-11-15,22.76350212097168,22.76350212097168,22.68462941128026,22.710920871686657,2000
2013-11-18,22.526880264282227,22.807315776101234,22.522499190703336,22.807315776101234,2000
2013-11-19,22.37789535522461,22.540021797925593,22.37789535522461,22.474295674870884,16800
2013-11-20,22.34722900390625,22.469919138058437,22.34722900390625,22.469919138058437,4400
2013-11-21,22.51811408996582,22.51811408996582,22.399805057382135,22.399805057382135,10600
2013-11-22,22.67586898803711,22.67586898803711,22.566323727225335,22.566323727225335,2400
2013-11-25,22.689010620117188,22.789792044980963,22.689010620117188,22.789792044980963,3800
2013-11-26,22.80731964111328,22.80731964111328,22.67586568161239,22.67586568161239,6400
2013-11-27,22.851131439208984,22.851131439208984,22.759112192590834,22.794167462069606,13000
2013-11-29,22.88619041442871,22.921245692143962,22.8774265949999,22.903718053286337,2200
2013-12-02,22.833606719970703,22.894951777864126,22.80293419102399,22.894951777864126,5800
2013-12-03,22.745975494384766,22.759120389409887,22.7109218838085,22.7109218838085,2400
2013-12-04,22.759117126464844,22.78978965814454,22.759117126464844,22.78978965814454,2600
2013-12-05,22.684627532958984,22.943154355201617,22.68024478749026,22.816081481050844,2600
2013-12-06,22.9606876373291,22.9606876373291,22.811706013800727,22.930015097619854,3000
2013-12-09,22.97382926940918,23.02641051979227,22.97382926940918,22.982593089727665,5400
2013-12-10,22.986974716186523,22.986974716186523,22.94315728506958,22.94315728506958,1000
2013-12-11,22.645193099975586,22.98697372827705,22.645193099975586,22.98697372827705,9800
2013-12-12,22.658342361450195,22.658342361450195,22.59261620493189,22.59261620493189,1200
2013-12-13,22.697778701782227,22.697778701782227,22.58385236101168,22.697778701782227,3000
2013-12-16,22.794174194335938,22.83361054838347,22.724065306198963,22.724065306198963,4200
2013-12-17,22.767881393432617,22.802936671200218,22.728445041707886,22.802936671200218,2800
2013-12-18,22.9606876373291,22.9606876373291,22.697778004999474,22.697778004999474,3000
2013-12-19,23.087759017944336,23.122814304422338,22.97383267994694,23.122814304422338,17600
2013-12-20,23.289316177368164,23.337514673679458,23.197296915345174,23.197296915345174,10200
2013-12-23,23.398860931396484,23.433914534505988,23.35942458319361,23.40324200496236,8200
2013-12-24,23.508403778076172,23.508403778076172,23.508403778076172,23.508403778076172,2600
2013-12-26,23.5478458404541,23.57413562862758,23.5478458404541,23.57413562862758,1400
2013-12-27,23.552223205566406,23.622332082200945,23.552223205566406,23.622332082200945,5000
2013-12-30,23.631099700927734,23.648627340786923,23.600427166938026,23.600427166938026,20800
2013-12-31,23.7143497467041,23.731877383801763,23.661768506938596,23.67053232548743,8000
2014-01-02,23.53032112121582,23.666156167712465,23.52155730022766,23.661775092982356,7600
2014-01-03,23.43391227722168,23.556602383577985,23.403239750632604,23.556602383577985,2800
2014-01-06,23.355043411254883,23.41638847447423,23.319989805784232,23.41200740061325,10800
2014-01-07,23.53032112121582,23.54346601693409,23.525938374957768,23.525938374957768,1800
2014-01-08,23.683683395385742,23.683683395385742,23.639865962739382,23.639865962739382,1600
2014-01-09,23.56976318359375,23.780089923623194,23.51718024494013,23.780089923623194,13800
2014-01-10,23.56976318359375,23.56976318359375,23.56976318359375,23.56976318359375,0
2014-01-13,23.27617073059082,23.64862552715998,23.24111712508846,23.64862552715998,25800
2014-01-14,23.73188018798828,23.73188018798828,23.56098988491219,23.56098988491219,4000
2014-01-15,23.850196838378906,23.876488305502555,23.766943033112987,23.784469006333882,4000
2014-01-16,23.850196838378906,23.880869380925727,23.81076047345753,23.880869380925727,4000
2014-01-17,23.841428756713867,23.90715657701656,23.815137294287208,23.863337472972127,2600
2014-01-21,23.806371688842773,23.95973435191362,23.806371688842773,23.95973435191362,1400
2014-01-22,24.034229278564453,24.034229278564453,24.021084382306373,24.02984820365443,1800
2014-01-23,23.82389259338379,23.898384207850015,23.801983884962183,23.898384207850015,4000
2014-01-24,23.412012100219727,23.74502894091322,23.39448445820219,23.74502894091322,7600
2014-01-27,23.197296142578125,23.381332988965795,23.00449714917304,23.381332988965795,31800
2014-01-28,23.245498657226562,23.350662818862112,23.232353763844987,23.24111758327525,11800
2014-01-29,23.22797966003418,23.32438003810397,23.214834761762212,23.245507305415643,3600
2014-01-30,23.53908348083496,23.574137091083443,23.346282774120876,23.346282774120876,2800
2014-01-31,23.3769588470459,23.3769588470459,23.14034234536498,23.14034234536498,2600
2014-02-03,22.82485008239746,23.363812552559153,22.785413722554996,23.258650040664573,12200
2014-02-04,23.008882522583008,23.008882522583008,22.873047488571093,22.873047488571093,10200
2014-02-05,22.92125129699707,22.92125129699707,22.684633129142643,22.83361475280713,4000
2014-02-06,23.319992065429688,23.319992065429688,23.2323555359699,23.24111935606866,1000
2014-02-07,23.7581729888916,23.7581729888916,23.56537229019902,23.56537229019902,600
2014-02-10,23.907148361206055,23.907148361206055,23.810748036964664,23.815129110099576,1600
2014-02-11,24.213876724243164,24.244550926221144,24.047369179377238,24.06927789090933,10800
2014-02-12,24.297138214111328,24.35410221549127,24.257701854929515,24.35410221549127,9000
2014-02-13,24.463647842407227,24.468028917259122,24.37162855523751,24.37162855523751,4000
2014-02-14,24.568809509277344,24.568809509277344,24.568809509277344,24.568809509277344,600
2014-02-18,24.713407516479492,24.730933485017594,24.581951887513306,24.63891588196347,8200
2014-02-19,24.713407516479492,24.713407516479492,24.713407516479492,24.713407516479492,0
2014-02-20,24.83171272277832,24.849240361301653,24.665205171389506,24.665205171389506,9200
2014-02-21,24.85363006591797,24.932502789830362,24.85363006591797,24.88868368125232,5000
2014-02-24,25.055187225341797,25.099004652378884,24.862388206239853,24.86676928033248,3200
2014-02-25,24.932497024536133,25.063950976817193,24.919350459238643,24.919350459238643,3600
2014-02-26,24.963171005249023,25.17349767540069,24.963171005249023,25.081480070620795,6400
2014-02-27,25.112157821655273,25.160356335460133,25.050811067531736,25.07710253358468,6400
2014-02-28,25.01137351989746,25.221700209721096,24.906209339221675,25.13844474582378,6600
2014-03-03,24.840482711791992,24.879919072500684,24.779137633251366,24.779137633251366,5800
2014-03-04,25.278663635253906,25.29181020311345,25.186646017877194,25.186646017877194,14200
2014-03-05,25.256742477416992,25.278651184354494,25.256742477416992,25.26112522172081,1600
2014-03-06,25.173492431640625,25.300565290739797,25.16910968669103,25.300565290739797,12600
2014-03-07,25.037660598754883,25.278659800263288,25.037660598754883,25.278659800263288,4000
2014-03-10,24.971935272216797,25.138442844360966,24.92811617044637,25.138442844360966,5600
2014-03-11,24.884296417236328,25.155968136740952,24.884296417236328,25.112150710588732,3000
2014-03-12,24.897441864013672,24.897441864013672,24.717787738353277,24.717787738353277,2200
2014-03-13,24.590713500976562,24.814186712944213,24.573187534011097,24.814186712944213,8000
2014-03-14,24.67397689819336,24.67397689819336,24.66083032932383,24.66083032932383,14600
2014-03-17,24.78351402282715,24.9062041484387,24.774750203636668,24.78351402282715,14200
2014-03-18,25.01137351989746,25.033282236675934,24.81857280057984,24.858009159392267,10600
2014-03-19,24.871150970458984,25.024515311942856,24.783516114214187,24.928114964240294,24800
2014-03-20,24.963171005249023,25.01137118057024,24.779134124161452,24.779134124161452,12400
2014-03-21,24.660823822021484,25.04204245961013,24.660823822021484,25.04204245961013,2400
2014-03-24,24.209497451782227,24.73093217976296,24.178824919049696,24.73093217976296,11600
2014-03-25,24.328960418701172,24.492065734888815,24.29369554060798,24.492065734888815,11200
2014-03-26,24.148221969604492,24.571412251043135,24.11295709375245,24.56259561167962,82000
2014-03-27,24.042423248291016,24.19230273922946,23.91017703431047,24.121771312999712,30000
2014-03-28,24.08209800720215,24.33777380439803,24.033607334905888,24.284875653530243,39200
2014-03-31,24.320146560668945,24.390679688127594,24.26724839667727,24.29810579913927,23200
2014-04-01,24.721296310424805,24.721296310424805,24.408311440978515,24.408311440978515,24400
2014-04-02,24.849132537841797,24.857949178523082,24.7389270517291,24.831500938081486,32000
2014-04-03,24.611093521118164,24.897626817441754,24.492071377130515,24.78301383523282,26600
2014-04-04,24.02479362487793,24.82268187174146,23.949854708813376,24.82268187174146,20800
2014-04-07,23.680953979492188,23.98071301834162,23.544298579498363,23.813200218607605,25800
2014-04-08,23.905773162841797,23.94985636498888,23.65009731679758,23.751486159332547,23600
2014-04-09,24.258424758911133,24.262833918906725,23.918991748129123,24.020382248805813,15600
2014-04-10,23.52225685119629,24.196713820030283,23.48699029203007,24.196713820030283,31000
2014-04-11,23.200456619262695,23.561930435745353,23.143149302522158,23.381193527504024,31200
2014-04-14,23.36797332763672,23.49140463032111,23.17401225427906,23.429689819780148,15000
2014-04-15,23.4693603515625,23.544299272680096,23.059395821113185,23.491401111796957,13200
2014-04-16,23.685361862182617,23.685361862182617,23.447317618759147,23.5751563807757,12000
2014-04-17,23.857276916503906,23.892543469995548,23.694173310609614,23.70739742736807,11000
2014-04-21,23.94985580444336,23.97630404351037,23.764709722963378,23.83965032405833,16400
2014-04-22,24.187902450561523,24.26284306431756,24.08210611321501,24.08210611321501,16800
2014-04-23,24.00716209411621,24.24520634178371,24.002754614686317,24.24520634178371,13000
2014-04-24,23.989524841308594,24.40830594510516,23.85727861947861,24.40830594510516,8200
2014-04-25,23.58397102355957,23.901363321241625,23.566337744443445,23.901363321241625,6400
2014-04-28,23.553115844726562,23.755893528858508,23.200458637192266,23.71621948791076,10000
2014-04-29,23.689767837524414,23.716216073280123,23.495805140105396,23.614827245811984,9200
2014-04-30,23.8660945892334,23.874911227988424,23.64568366516349,23.68976685893861,10400
2014-05-01,23.980712890625,24.08210172946025,23.857281610719436,23.866098250827132,14200
2014-05-02,23.989524841308594,24.10854694543616,23.958667445601662,24.10854694543616,11600
2014-05-05,24.0203857421875,24.03801733992862,23.733850838467873,23.826423032616525,9800
2014-05-06,23.795568466186523,24.024796080119387,23.795568466186523,23.989529517236356,14000
2014-05-07,23.689767837524414,23.804380782870407,23.513438418343846,23.791156664992553,9400
2014-05-08,23.707399368286133,24.024791649288446,23.645684576225012,23.654501215319737,9000
2014-05-09,23.808788299560547,23.808788299560547,23.575153248135745,23.667725436632143,17400
2014-05-12,24.22757339477539,24.240799196451796,23.87491617944577,23.96748838316937,16200
2014-05-13,24.22757339477539,24.289288197257793,24.22757339477539,24.22757339477539,2400
2014-05-14,24.0203857421875,24.134998694714106,24.0203857421875,24.09973213602772,8400
2014-05-15,23.861692428588867,24.060062640781908,23.641281455397102,24.060062640781908,17200
2014-05-16,24.002750396728516,24.002750396728516,23.751482073324024,23.883728293810293,8200
2014-05-19,24.218753814697266,24.218753814697266,23.92340395820681,23.998342871667834,8200
2014-05-20,24.011566162109375,24.14821985627961,23.914584819200023,24.055647673467153,10800
2014-05-21,24.157032012939453,24.165848649895604,24.033602458756462,24.10413387280411,16800
2014-05-22,24.328960418701172,24.368634457557338,24.19671418304799,24.201123343810966,13000
2014-05-23,24.4920597076416,24.500876345395746,24.35981182293116,24.364220982609083,13200
2014-05-27,24.721296310424805,24.725703790117365,24.606681659190297,24.606681659190297,14800
2014-05-28,24.65957260131836,24.721289070155233,24.602266974086866,24.70806327174642,29400
2014-05-29,24.783004760742188,24.787412239304558,24.69924753364007,24.74333072727326,27600
2014-05-30,24.7301082611084,24.82708961856911,24.68161926398016,24.82708961856911,24200
2014-06-02,24.84031105041504,24.871168445977638,24.646350038078435,24.871168445977638,26400
2014-06-03,24.778596878051758,24.80063763520373,24.628717375175576,24.769780238870574,42000
2014-06-04,24.888803482055664,24.906436761223326,24.71247573518523,24.76978137007704,11000
2014-06-05,25.016637802124023,25.087169224698542,24.800634374588576,24.946106379549505,28600
2014-06-06,25.223825454711914,25.223825454711914,25.08717008309713,25.08717008309713,6000
2014-06-09,25.21500587463379,25.307578043829924,25.175331847606646,25.20178007789033,10600
2014-06-10,25.192977905273438,25.192977905273438,25.14007805466111,25.14889469642983,28000
2014-06-11,25.223825454711914,25.23704957139657,25.140068231437574,25.192968061379837,12400
2014-06-12,25.188562393188477,25.19297155376246,25.170929114096637,25.175338274670622,2600
2014-06-13,25.09598731994629,25.122437235548233,25.007822616208323,25.082763202946243,6200
2014-06-16,25.170927047729492,25.21501024184015,25.05631410624561,25.06953822367785,10000
2014-06-17,25.23704719543457,25.281128701301217,25.122434271220296,25.122434271220296,14800
2014-06-18,25.38693618774414,25.400160308141817,25.170932692169135,25.28113817975587,13400
2014-06-19,25.325214385986328,25.475093874954258,25.24586632232085,25.475093874954258,6800
2014-06-20,25.364892959594727,25.43101523675444,25.320809759886128,25.33403556059977,10400
2014-06-23,25.342851638793945,25.417790554234283,25.30758507980878,25.38252567685121,12600
2014-06-24,25.359222412109375,25.60706184606156,25.314966154170925,25.500844463434046,15600
2014-06-25,25.474294662475586,25.491996154968305,25.337097543980523,25.407908578756114,17000
2014-06-26,25.434457778930664,25.447734317459272,25.3105372290148,25.447734317459272,2400
2014-06-27,25.54511070251465,25.549535654437786,25.425616741367108,25.465448061749623,18800
2014-06-30,25.63361930847168,25.63361930847168,25.567234910213294,25.576086500968074,4000
2014-07-01,25.947845458984375,25.96554695262652,25.79737178928186,25.79737178928186,8000
2014-07-02,25.925710678100586,25.992095060840754,25.894729273567005,25.992095060840754,14800
2014-07-03,26.151424407958984,26.16027599804158,25.943416261688437,26.0363571134216,14000
2014-07-07,25.93014144897461,26.089466704544197,25.91243826762948,26.089466704544197,18400
2014-07-08,25.669023513793945,25.965544181946637,25.584935941094265,25.965544181946637,13800
2014-07-09,25.81508445739746,25.82836100457486,25.65133249695437,25.73099515655669,18800
2014-07-10,25.730981826782227,25.80621949443867,25.4742924808047,25.500845561403835,20400
2014-07-11,25.78852081298828,25.82835212910209,25.655750322031714,25.82835212910209,13400
2014-07-14,25.91244125366211,25.98767893891482,25.87703657516027,25.87703657516027,12000
2014-07-15,25.806222915649414,25.965546485170538,25.67787738151144,25.903587037867602,14000
2014-07-16,25.854904174804688,25.987676348691377,25.837202681452343,25.987676348691377,10800
2014-07-17,25.51412582397461,25.81064650275776,25.469867872334284,25.66459948301526,15400
2014-07-18,25.854904174804688,25.86818240515435,25.576086661486617,25.576086661486617,14000
2014-07-21,25.722129821777344,25.78408925986555,25.722129821777344,25.78408925986555,2400
2014-07-22,25.921289443969727,25.978823938287608,25.89916131177616,25.89916131177616,7000
2014-07-23,25.925710678100586,25.9788185219463,25.894729273567005,25.9788185219463,3000
2014-07-24,25.969974517822266,25.969974517822266,25.956697975050385,25.956697975050385,1400
2014-07-25,25.854904174804688,25.91686531047703,25.854904174804688,25.890310538046023,4400
2014-07-28,25.908008575439453,25.91686016449224,25.757534938078077,25.77081147752326,3000
2014-07-29,25.921289443969727,25.93456598563221,25.903586262907567,25.93456598563221,2800
2014-07-30,25.96111488342285,26.027500953251707,25.881452274935377,26.027500953251707,8200
2014-07-31,25.522968292236328,25.85932187366383,25.5008401669953,25.85932187366383,11600
2014-08-01,25.407909393310547,25.576086239394765,25.29284209121185,25.55395810686828,14200
2014-08-04,25.602636337280273,25.620339516544195,25.354798580657786,25.425609609445367,8000
2014-08-05,25.394634246826172,25.580512596184196,25.31497161473891,25.57166100503357,11600
2014-08-06,25.425607681274414,25.50969524399904,25.244154328250136,25.244154328250136,13600
2014-08-07,25.244157791137695,25.576084825490167,25.17777170895992,25.576084825490167,10400
2014-08-08,25.51412582397461,25.518550775004528,25.25743476926541,25.314969262263716,16000
2014-08-11,25.646896362304688,25.691152625780227,25.620341591258423,25.620341591258423,7400
2014-08-12,25.58935546875,25.64246330929093,25.48313978766813,25.576078930681717,5200
2014-08-13,25.810646057128906,25.828349237479387,25.651320810510992,25.651320810510992,16600
2014-08-14,25.969974517822266,25.969974517822266,25.83277738552867,25.83277738552867,3400
2014-08-15,26.124868392944336,26.22223419094554,25.952266615228098,26.17355129194494,21200
2014-08-18,26.279775619506836,26.310755347366797,26.235517659515068,26.310755347366797,1400
2014-08-19,26.38156509399414,26.39926827711776,26.32403059297662,26.385990045640813,20600
2014-08-20,26.461227416992188,26.470079008449364,26.3682882390945,26.421396099569115,11000
2014-08-21,26.434673309326172,26.452376492687016,26.40811853428491,26.44794985271256,6400
2014-08-22,26.52318000793457,26.527604958384295,26.46122057203038,26.474497111647562,3800
2014-08-25,26.593992233276367,26.64710008241002,26.567437464575498,26.567437464575498,6200
2014-08-26,26.64710235595703,26.67365712692357,26.593994502292183,26.593994502292183,6400
2014-08-27,26.65595054626465,26.700208492230367,26.65595054626465,26.700208492230367,1400
2014-08-28,26.624977111816406,26.64268029438071,26.514334753192124,26.554166069827602,9800
2014-08-29,26.695783615112305,26.695783615112305,26.691358664357743,26.695783615112305,1800
2014-09-02,26.771015167236328,26.877230843758053,26.71790564070773,26.877230843758053,12800
2014-09-03,26.802001953125,26.912644296855795,26.78872372385494,26.850683166221277,6800
2014-09-04,26.788724899291992,26.970178283441594,26.757745176749495,26.92592201931467,13000
2014-09-05,26.91264533996582,26.917070291048557,26.753320088695258,26.753320088695258,7200
2014-09-08,26.921499252319336,26.974607111233876,26.89494447872787,26.974607111233876,6600
2014-09-09,26.669231414794922,26.828556669596704,26.6559548729842,26.828556669596704,12000
2014-09-10,26.793149948120117,26.815278078869966,26.60284498478872,26.709060687695263,6400
2014-09-11,26.784299850463867,26.784299850463867,26.664805911835238,26.76217171848114,4800
2014-09-12,26.638246536254883,26.6736528919221,26.598415230263242,26.6736528919221,3400
2014-09-15,26.394840240478516,26.465651280957445,26.390415289066,26.465651280957445,3400
2014-09-16,26.620546340942383,26.633822880829094,26.275341109475466,26.275341109475466,7600
2014-09-17,26.731189727783203,26.731189727783203,26.518754951624015,26.66922859991371,1600
2014-09-18,26.872819900512695,26.872819900512695,26.81971034630264,26.81971034630264,2400
2014-09-19,26.793149948120117,27.014434632154934,26.793149948120117,27.014434632154934,7600
2014-09-22,26.49220848083496,26.669235254113147,26.439100617678356,26.669235254113147,6800
2014-09-23,26.335742950439453,26.490868675690706,26.335742950439453,26.490868675690706,4000
2014-09-24,26.659292221069336,26.659292221069336,26.371202774968634,26.45098133878959,4200
2014-09-25,26.22494888305664,26.459853249551596,26.180628197686303,26.459853249551596,5800
2014-09-26,26.44655418395996,26.455418658673928,26.29143010327976,26.29143010327976,2800
2014-09-29,26.38450050354004,26.38450050354004,26.167326823908503,26.167326823908503,3200
2014-09-30,26.371204376220703,26.482007755952722,26.300290280821226,26.477576364682616,8600
2014-10-01,25.914701461791992,26.41553164587967,25.84378734869037,26.41553164587967,36800
2014-10-02,25.92355728149414,25.96787795336197,25.57784961616909,25.96787795336197,14400
2014-10-03,26.291431427001953,26.30029590216223,26.03436841025705,26.105282520813482,6400
2014-10-06,26.18062400817871,26.39336630721902,26.17619261664111,26.371205968080016,7400
2014-10-07,25.817188262939453,26.366773787048263,25.817188262939453,26.366773787048263,23600
2014-10-08,26.238245010375977,26.238245010375977,25.684228019830563,25.857081050364624,6200
2014-10-09,25.701953887939453,26.193919496353306,25.67979185839406,26.193919496353306,19400
2014-10-10,25.050426483154297,25.533529251517407,25.050426483154297,25.493639970066315,43200
2014-10-13,24.642669677734375,25.05485836387806,24.642669677734375,24.970648408379738,16800
2014-10-14,24.686988830566406,24.864273191301344,24.611641666942113,24.673691277735596,10200
2014-10-15,24.633808135986328,24.700289149234894,23.96012338590342,24.452088970554225,51200
2014-10-16,24.607215881347656,24.660401032609784,24.12411305634252,24.12411305634252,7800
2014-10-17,24.890869140625,25.05042626504011,24.81109057841745,24.92189394918069,28800
2014-10-20,25.21441650390625,25.21441650390625,24.890870842048557,24.961784936555375,27200
2014-10-21,25.901395797729492,25.901395797729492,25.444886443166403,25.444886443166403,30000
2014-10-22,25.653202056884766,26.03436599985757,25.60444829338002,26.03436599985757,37400
2014-10-23,26.069822311401367,26.189490179378513,25.95458752597464,25.998908207125165,69400
2014-10-24,26.326892852783203,26.326892852783203,26.060963634544652,26.060963634544652,7800
2014-10-27,26.322452545166016,26.322452545166016,26.238242579067485,26.238242579067485,4400
2014-10-28,26.71690559387207,26.725770065549696,26.428817872612246,26.428817872612246,53800
2014-10-29,26.614971160888672,26.783392769506314,26.473142971755514,26.783392769506314,54200
2014-10-30,26.70804786682129,26.832148810922334,26.508603121246495,26.59281308736195,17600
2014-10-31,27.195585250854492,27.270930747107005,27.10251080581588,27.164560435841622,41000
2014-11-03,27.239898681640625,27.32411032059716,27.231034209607035,27.231034209607035,15800
2014-11-04,27.155696868896484,27.168992735567553,27.018300047301295,27.168992735567553,10200
2014-11-05,27.248762130737305,27.372861353098486,27.1778480478559,27.372861353098486,43200
2014-11-06,27.41275405883789,27.41275405883789,27.248765538675944,27.328544103235878,53400
2014-11-07,27.3640079498291,27.514700638935444,27.293093842645277,27.514700638935444,38400
2014-11-10,27.465938568115234,27.51025923768136,27.337406259358232,27.465938568115234,10400
2014-11-11,27.496971130371094,27.554587678912547,27.421623941987093,27.554587678912547,15200
2014-11-12,27.519128799438477,27.527993273136232,27.408325414304763,27.42605436170027,13600
2014-11-13,27.585609436035156,27.70084420400466,27.505830869469595,27.64765905653607,32400
2014-11-14,27.634366989135742,27.65652902148007,27.51026772349083,27.621071122309697,29800
2014-11-17,27.607770919799805,27.68754948967856,27.527992349921053,27.68754948967856,21800
2014-11-18,27.851537704467773,27.86926665106736,27.656524364048572,27.660955755335767,24200
2014-11-19,27.736303329467773,27.8958587789684,27.6831164889088,27.8958587789684,33800
2014-11-20,27.80278778076172,27.860406019793373,27.66982404437959,27.700848859844566,9400
2014-11-21,27.984506607055664,28.108605874793156,27.918025581078748,28.108605874793156,12400
2014-11-24,28.188379287719727,28.188379287719727,28.033255231503546,28.09530485399002,11000
2014-11-25,28.23713493347168,28.250432489697403,28.152924967427847,28.223839067971475,12600
2014-11-26,28.409990310668945,28.409990310668945,28.294755521723815,28.308051388329805,31200
2014-11-28,28.56068229675293,28.649323654336044,28.48976650552561,28.48976650552561,3800
2014-12-01,28.29474449157715,28.569536335574647,28.285880020386905,28.569536335574647,31800
2014-12-02,28.414413452148438,28.4454382571917,28.30804148433935,28.37452248483559,27600
2014-12-03,28.578413009643555,28.587275793368843,28.396693819488334,28.467609615095615,21800
2014-12-04,28.44544792175293,28.618300948786423,28.392261074415206,28.618300948786423,13000
2014-12-05,28.534093856811523,28.58728071266938,28.516364904858904,28.58728071266938,12800
2014-12-08,28.29031753540039,28.587269758553514,28.210538972909195,28.547382168033185,13800
2014-12-09,28.37009620666504,28.37009620666504,27.97563478362384,28.082006764261696,12200
2014-12-10,27.944612503051758,29.216634850492966,27.922452164875512,29.216634850492966,35800
2014-12-11,28.082002639770508,28.631586335292074,28.064273697147225,28.631586335292074,11200
2014-12-12,27.83824348449707,28.077577514829102,27.83824348449707,27.9756386019473,14800
2014-12-15,27.634366989135742,28.00666647679617,27.457082565460965,27.97121026835149,33600
2014-12-16,27.33740997314453,27.838241722760543,27.33740997314453,27.616634963374302,18200
2014-12-17,27.54572105407715,28.090873482962873,27.284225008605905,28.090873482962873,21600
2014-12-18,28.32135009765625,28.32135009765625,28.073149869652813,28.183953271144855,84800
2014-12-19,28.449874877929688,28.538516222953035,28.316909478944112,28.436579014321243,47600
2014-12-22,28.56068229675293,28.56511199761636,28.498632670154546,28.56511199761636,14000
2014-12-23,28.589143753051758,28.75370601054926,28.526877686592407,28.75370601054926,53000
2014-12-24,28.629173278808594,28.691439343965556,28.629173278808594,28.691439343965556,11200
2014-12-26,28.727020263671875,28.7359173556819,28.67365128459725,28.69588722812955,11400
2014-12-29,28.72258186340332,28.731475564257813,28.655867230629486,28.731475564257813,22400
2014-12-30,28.549114227294922,28.72257016591733,28.495741864162724,28.72257016591733,79200
2014-12-31,28.322290420532227,28.68699314336924,28.322290420532227,28.615829981232096,24200
2015-01-02,28.264461517333984,28.535766738485606,28.131034027280098,28.504630320781946,28200
2015-01-05,27.846397399902344,28.16217629252423,27.744102900741304,28.16217629252423,18600
2015-01-06,27.41942596435547,27.935346956205382,27.272654503678257,27.935346956205382,56400
2015-01-07,27.73966407775879,27.766350272528726,27.588445700643295,27.66405573751291,21800
2015-01-08,28.2689208984375,28.300053934830608,27.935351197120006,27.935351197120006,42600
2015-01-09,28.046537399291992,28.3756585110844,27.913108179060625,28.3756585110844,57800
2015-01-12,27.779674530029297,28.126588050864147,27.721857023742356,28.126588050864147,34400
2015-01-13,27.68183135986328,28.264465204993314,27.51726912725792,27.997610190069018,66000
2015-01-14,27.481691360473633,27.592881241333334,27.27265384153805,27.503928997320983,75600
2015-01-15,27.17481231689453,27.60178284488344,27.17481231689453,27.60178284488344,53000
2015-01-16,27.60622787475586,27.60622787475586,27.10364905828282,27.12143984923942,46200
2015-01-20,27.721858978271484,27.779676488634852,27.401631612345582,27.775229640384882,105800
2015-01-21,27.881975173950195,27.94868978413091,27.6907284344967,27.735205406824846,30600
2015-01-22,28.308942794799805,28.308942794799805,27.67293657539212,27.96202923181744,31400
2015-01-23,28.308942794799805,28.397893337316614,28.242228191289353,28.31783649175321,67600
2015-01-26,28.366764068603516,28.366764068603516,28.122146651008443,28.322288791449164,32000
2015-01-27,27.930896759033203,28.117696634610066,27.806364639730546,27.97537372780049,30400
2015-01-28,27.628459930419922,28.179962462233213,27.601775446002144,28.179962462233213,32000
2015-01-29,27.819713592529297,27.828608988428442,27.410535560908386,27.58399153938348,74000
2015-01-30,27.41942596435547,27.80191773863592,27.392739781516983,27.730756281022934,33000
2015-02-02,27.69072914123535,27.69072914123535,27.068066782356482,27.48614015317328,135000
2015-02-03,28.166627883911133,28.166627883911133,27.77968578834119,27.77968578834119,20400
2015-02-04,28.068777084350586,28.21110001279638,27.95758719046336,28.019853259580504,24800
2015-02-05,28.313398361206055,28.313398361206055,28.095465393041682,28.095465393041682,31400
2015-02-06,28.13994026184082,28.375662308313995,28.059883397638,28.28671004846383,40000
2015-02-09,28.019853591918945,28.1088058474084,27.96203437135733,28.1088058474084,35400
2015-02-10,28.437929153442383,28.464615341109056,28.086570347259265,28.157731817747106,44000
2015-02-11,28.429033279418945,28.517987236811777,28.380111147787773,28.39790024264308,18600
2015-02-12,28.860448837280273,28.860448837280273,28.61582971129926,28.61582971129926,23200
2015-02-13,29.131752014160156,29.131752014160156,28.913820773628824,28.913820773628824,62000
2015-02-17,29.0872802734375,29.149546349734194,29.020565650763423,29.149546349734194,28200
2015-02-18,29.0872802734375,29.0961739729456,29.0872802734375,29.0961739729456,3000
2015-02-19,29.282974243164062,29.296319883226538,29.136206134945823,29.136206134945823,32600
2015-02-20,29.500905990600586,29.500905990600586,29.167336280331234,29.26518393826303,24400
2015-02-23,29.394153594970703,29.54982213387206,29.300754507577295,29.54982213387206,9000
2015-02-24,29.443082809448242,29.44308280944824,29.29186618115671,29.31855067009138,78200
2015-02-25,29.474210739135742,29.487556374537817,29.398602438085895,29.447526254823025,8800
2015-02-26,29.527587890625,29.576511715297976,29.420846542814083,29.447531031455245,19000
2015-02-27,29.532032012939453,29.603191769739105,29.509792680238824,29.532032012939453,7800
2015-03-02,29.789989471435547,29.803331712024093,29.594294227482692,29.594294227482692,62000
2015-03-03,29.5898494720459,29.73662092380559,29.496450382720393,29.73662092380559,124200
2015-03-04,29.443082809448242,29.576512040614194,29.278523936689375,29.576512040614194,30000
2015-03-05,29.580957412719727,29.580957412719727,29.46531898433273,29.46531898433273,56200
2015-03-06,29.171775817871094,29.540927040554767,29.131749089102122,29.540927040554767,47600
2015-03-09,29.265186309814453,29.265186309814453,29.14954785077442,29.2029202303114,12800
2015-03-10,28.789297103881836,29.042809999175986,28.789297103881836,29.042809999175986,21800
2015-03-11,28.727020263671875,28.896031079398536,28.71812656490823,28.807077125530192,43200
2015-03-12,29.02057456970215,29.04281391517725,28.731480044764385,28.84266998564447,26000
2015-03-13,28.87379264831543,29.05614571453069,28.731469710908165,28.980537396305746,36400
2015-03-16,29.29184913635254,29.29184913635254,29.04278500256819,29.05612723927173,44200
2015-03-17,29.225149154663086,29.278521521375808,29.096168480041857,29.278521521375808,32600
2015-03-18,29.487560272216797,29.496453970414702,29.029455073739705,29.176226543351408,11000
2015-03-19,29.57206153869629,29.580958629916893,29.465320196771604,29.465320196771604,319600
2015-03-20,29.85225486755371,29.856700018822078,29.736616462916494,29.79443396861248,8800
2015-03-23,29.732177734375,29.81668314180658,29.72772918839272,29.754417071040056,19200
2015-03-24,29.574064254760742,29.756673422487644,29.556248146042822,29.68986726238956,16000
2015-03-25,28.883708953857422,29.667600868385907,28.870347719769995,29.667600868385907,17600
2015-03-26,28.67436981201172,28.81244380678105,28.46058330087747,28.59419902081754,94200
2015-03-27,28.963871002197266,28.963871002197266,28.683274976943366,28.803529445459386,9600
2015-03-30,29.32018280029297,29.324634277723888,29.07967049412259,29.07967049412259,7600
2015-03-31,29.084129333496094,29.257832123058435,29.00841003188379,29.150935484808656,23400
2015-04-01,28.821352005004883,28.870345458204735,28.732274852682714,28.732274852682714,7600
2015-04-02,28.99505043029785,28.99505043029785,28.865886200380235,28.865886200380235,11600
2015-04-06,29.142032623291016,29.20884218068545,28.750088430292376,28.79017212588389,333800
2015-04-07,29.18657684326172,29.289018637499495,29.155399496854727,29.155399496854727,8800
2015-04-08,29.32464599609375,29.391455563073347,29.24002371612361,29.24002371612361,9600
2015-04-09,29.55179214477539,29.55179214477539,29.378089338979922,29.440444018082133,3800
2015-04-10,29.672042846679688,29.672042846679688,29.60077843175922,29.60077843175922,10200
2015-04-13,29.547332763671875,29.774483858957336,29.547332763671875,29.761122629483125,9000
2015-04-14,29.453794479370117,29.618590869922915,29.342446393392965,29.618590869922915,31600
2015-04-15,29.658679962158203,29.69431217171109,29.574057712063265,29.574057712063265,9000
2015-04-16,29.618602752685547,29.64978009334431,29.56960930335388,29.587425412026782,12200
2015-04-17,29.240028381347656,29.516169651743716,29.146496331883544,29.516169651743716,35200
2015-04-20,29.533979415893555,29.560705280048907,29.43154103053726,29.43154103053726,9800
2015-04-21,29.78784942626953,29.801214055764596,29.685411053333315,29.725494747593103,11400
2015-04-22,29.89029312133789,29.92592533946813,29.707680551976942,29.81902868507742,58000
2015-04-23,29.99272918701172,30.07289997258212,29.84129736875379,29.85020372356157,8800
2015-04-24,29.997188568115234,30.10408183223618,29.92592752472647,30.10408183223618,21400
2015-04-27,29.8056640625,30.135256945601544,29.796757708018188,30.135256945601544,19800
2015-04-28,29.774492263793945,29.863572815559003,29.694321466243196,29.863572815559003,9200
2015-04-29,29.649782180786133,29.729952976420847,29.605243605005846,29.623059714933063,18600
2015-04-30,29.244474411010742,29.58742515528117,29.155393868419218,29.498348010764897,131600
2015-05-01,29.658679962158203,29.658679962158203,29.400354938086114,29.400354938086114,12800
2015-05-04,29.738853454589844,29.850201571070833,29.685408533446868,29.805663004093407,31000
2015-05-05,29.2845516204834,29.623050811207637,29.2845516204834,29.58741860206309,8000
2015-05-06,29.1286678314209,29.40480898439184,28.990593856860595,29.40480898439184,17800
2015-05-07,29.27564811706543,29.297915701392537,29.08412922186323,29.08412922186323,14400
2015-05-08,29.529523849487305,29.60523975828328,29.525068973065462,29.525068973065462,13600
2015-05-11,29.48053741455078,29.6007919219406,29.48053741455078,29.6007919219406,13200
2015-05-12,29.37363052368164,29.382540275544464,29.306824375083984,29.382540275544464,3400
2015-05-13,29.36918830871582,29.587429725141355,29.364733431379364,29.507258923464008,5600
2015-05-14,29.738853454589844,29.738853454589844,29.565150664725486,29.569605540845682,10800
2015-05-15,29.778940200805664,29.87692708587321,29.725491882202963,29.87692708587321,9600
2015-05-18,29.91701316833496,29.91701316833496,29.752220119431236,29.752220119431236,12400
2015-05-19,29.84575080871582,29.890289376761267,29.81011859504949,29.890289376761267,18400
2015-05-20,29.792301177978516,29.90810416826371,29.77448507192889,29.801210930040718,9000
2015-05-21,29.908105850219727,29.921467080989657,29.82793506752519,29.82793506752519,24800
2015-05-22,29.908105850219727,29.966005649581074,29.81457383675526,29.81457383675526,12600
2015-05-26,29.58296775817871,29.92592187130487,29.52506795898369,29.92592187130487,11000
2015-05-27,30.050640106201172,30.050640106201172,29.618608728425222,29.618608728425222,8600
2015-05-28,29.970462799072266,30.08626580465339,29.921469350483147,30.08626580465339,19000
2015-05-29,29.87247657775879,30.081811608634833,29.83239288150183,30.081811608634833,12400
2015-06-01,29.957101821899414,30.0595401984926,29.774489257774235,30.0595401984926,9000
2015-06-02,29.881385803222656,29.979372712029463,29.859118213632872,29.96155660151226,21400
2015-06-03,29.939287185668945,29.966009650776904,29.939287185668945,29.966009650776904,4600
2015-06-04,29.71213150024414,29.94373748939254,29.703225145926847,29.8724730625546,32800
2015-06-05,29.761137008666992,29.801224114532463,29.663150081080598,29.74777577273726,21400
2015-06-08,29.462717056274414,29.729951899350123,29.409268728429115,29.729951899350123,14800
2015-06-09,29.422624588012695,29.471618030072023,29.262283031832126,29.395902128007524,18600
2015-06-10,29.796756744384766,29.796756744384766,29.46271239388286,29.46271239388286,13600
2015-06-11,29.783397674560547,29.868019938802007,29.74776545905093,29.841297476207345,27400
2015-06-12,29.58296775817871,29.663138540642947,29.58296775817871,29.596328988910255,5400
2015-06-15,29.444902420043945,29.458263653154848,29.253383483278007,29.39590896658692,18800
2015-06-16,29.623050689697266,29.623050689697266,29.427076938280596,29.427076938280596,13400
2015-06-17,29.747760772705078,29.747760772705078,29.542880662913454,29.70767368705315,15400
2015-06-18,30.166446685791016,30.17535304393452,29.894756888383284,29.91257300274665,128800
2015-06-19,30.099626541137695,30.215426146738075,30.081810433027982,30.215426146738075,8000
2015-06-22,30.228784561157227,30.295590705238943,30.161975019001037,30.295590705238943,17000
2015-06-23,30.16764259338379,30.29706040653259,30.140867668162088,30.29706040653259,6400
2015-06-24,29.91774559020996,30.136415507092494,29.90435812250763,30.136415507092494,11000
2015-06-25,29.8686466217041,30.069465384091764,29.828480826378627,30.069465384091764,41400
2015-06-26,29.623193740844727,29.85971804301689,29.587494978687864,29.85971804301689,72400
2015-06-29,28.94934844970703,29.449165430385975,28.944884825308733,29.386688307801105,32200
2015-06-30,29.06983757019043,29.15016578147494,28.92256861537755,29.060913726602216,17800
2015-07-01,29.172483444213867,29.41346810240872,29.13678125675952,29.34652735211882,62800
2015-07-02,29.243877410888672,29.377758879405803,29.181400300179927,29.377758879405803,45200
2015-07-06,29.09661102294922,29.2795821522861,28.962732947462513,29.181402854080698,97000
2015-07-07,29.23941993713379,29.23941993713379,28.70836438441493,29.051988565585958,14800
2015-07-08,28.71282196044922,28.95380658942852,28.677123182070773,28.95380658942852,15000
2015-07-09,28.802066802978516,29.007349173172948,28.802066802978516,28.9984253330542,16600
2015-07-10,29.172483444213867,29.181407288703458,29.047525788123654,29.159092570357494,95400
2015-07-13,29.560726165771484,29.56518978925755,29.346519904900163,29.364370994097293,55600
2015-07-14,29.690143585205078,29.716918516245126,29.574113209453067,29.614279010760217,14800
2015-07-15,29.591968536376953,29.730313644306666,29.56965722556398,29.730313644306666,58600
2015-07-16,29.86419105529785,29.86419105529785,29.788326471685394,29.788326471685394,31600
2015-07-17,29.890968322753906,29.935594346529225,29.779401560941928,29.935594346529225,17400
2015-07-20,29.87311363220215,29.940050957424635,29.81063652549652,29.877573850719006,207200
2015-07-21,29.832956314086914,29.92221178100459,29.797254127319846,29.819568845236248,90600
2015-07-22,29.730304718017578,29.783854571688842,29.672287836878315,29.75707964485321,15000
2015-07-23,29.734764099121094,29.913271550743232,29.730303881271716,29.819555904709564,18200
2015-07-24,29.359912872314453,29.72138813323799,29.32421068723002,29.72138813323799,18200
2015-07-27,29.047521591186523,29.190330320370165,29.02074665683834,29.190330320370165,51000
2015-07-28,29.400068283081055,29.440234082933067,28.980579624747016,29.23048805139257,28800
2015-07-29,29.62767219543457,29.649986912106833,29.46701576868793,29.47147939297193,8600
2015-07-30,29.77493667602539,29.779400299638077,29.44023640476566,29.667833542551502,13000
2015-07-31,29.730304718017578,29.832944207385196,29.716913849853217,29.832944207385196,10600
2015-08-03,29.636594772338867,29.761548994612244,29.51163714531829,29.761548994612244,12800
2015-08-04,29.734764099121094,29.766002647798985,29.623197367450565,29.62766099004639,17600
2015-08-05,29.962369918823242,30.114102488592017,29.882041712415642,29.882041712415642,15800
2015-08-06,29.39113998413086,29.89988400679208,29.28403687534598,29.89988400679208,11800
2015-08-07,29.36882781982422,29.408993617064148,29.15462158370037,29.337589268525043,15200
2015-08-10,29.721391677856445,29.748170022237282,29.645527079065122,29.645527079065122,6000
2015-08-11,29.34204864501953,29.614271726121082,29.20370699567968,29.614271726121082,34000
2015-08-12,29.364370346069336,29.395608900288146,28.797609341996147,29.176935616009423,39600
2015-08-13,29.275117874145508,29.449161751712165,29.275117874145508,29.42238681816265,12000
2015-08-14,29.266193389892578,29.29296832285537,29.168014096032586,29.217103742962582,11600
2015-08-17,29.55626678466797,29.55626678466797,29.1412383121272,29.199251800101656,8000
2015-08-18,29.355436325073242,29.47146667314462,29.355436325073242,29.440228126134585,11000
2015-08-19,29.123384475708008,29.163546870191585,28.985039394744017,29.083218676477525,3600
2015-08-20,28.3334903717041,29.0475151327546,28.3334903717041,29.0475151327546,27200
2015-08-21,27.40526008605957,28.163914428521984,27.40526008605957,28.141601415997094,195800
2015-08-24,26.360994338989258,27.244602888062374,14.655409896516876,27.15981276195831,228200
2015-08-25,26.414539337158203,27.32938791813986,26.302972603123685,26.624285341902542,116400
2015-08-26,27.271377563476562,27.30707803944813,26.42346955388888,26.593051496281127,100200
2015-08-27,27.873838424682617,28.07019700838411,27.534676229230186,27.686407088284238,83800
2015-08-28,28.0211124420166,28.092515112022483,27.918471210281524,28.025574364103374,12600
2015-08-31,27.7667293548584,27.97647365755873,27.677475627016022,27.97647365755873,69400
2015-09-01,26.976844787597656,27.530215002414455,26.88312911123939,26.99915780067718,145800
2015-09-02,27.494508743286133,27.494508743286133,27.05716730982564,27.226747535487405,17200
2015-09-03,27.503437042236328,27.83367368518366,27.503437042236328,27.731032474409563,85600
2015-09-04,27.146425247192383,27.548064567491792,27.088410054501008,27.548064567491792,36800
2015-09-08,27.882761001586914,27.89168654556631,27.66855305320178,27.673014974004754,14000
2015-09-09,27.62839126586914,28.297791798916244,27.623929344693206,28.297791798916244,221800
2015-09-10,27.69979476928711,27.93185383213241,27.49451234143791,27.49451234143791,14200
2015-09-11,27.842594146728516,27.842594146728516,27.55698357717477,27.641773683019387,13400
2015-09-14,27.72210693359375,27.949704068172665,27.69533200178935,27.949704068172665,64400
2015-09-15,28.10143280029297,28.128207730074127,27.744417847725202,27.744417847725202,14600
2015-09-16,28.284408569335938,28.288870491180163,28.065736946744448,28.065736946744448,43800
2015-09-17,28.25762939453125,28.65927041941075,28.2174652920433,28.288867951758135,21400
2015-09-18,27.85152244567871,28.123745578712235,27.76673233144427,27.76673233144427,22600
2015-09-21,27.86044692993164,28.088042334416237,27.753342108638464,28.06126740587298,87200
2015-09-22,27.311540603637695,27.490046381319235,27.097332648995746,27.490046381319235,72400
2015-09-23,27.226747512817383,27.333852336322376,27.1687340315267,27.333852336322376,35400
2015-09-24,27.09287452697754,27.133038633026686,26.76709975674503,27.048248499089077,15000
2015-09-25,26.95899200439453,27.382946035795687,26.83849969847797,27.382946035795687,30400
2015-09-28,26.13339614868164,26.829571579584226,26.12000698105955,26.829571579584226,78800
2015-09-29,26.11554527282715,26.31636576505927,25.941501413683817,26.258350577886986,64200
2015-09-30,26.71354866027832,26.71354866027832,26.41454882048507,26.48148956588809,15000
2015-10-01,26.646602630615234,26.811722649231537,26.35653009693183,26.76263300598742,19600
2015-10-02,27.235675811767578,27.244601356493675,26.392231412447593,26.392231412447593,18000
2015-10-05,27.72210693359375,27.73995802304574,27.498973422564625,27.498973422564625,31200
2015-10-06,27.57484245300293,27.699796686887787,27.356170841330666,27.592693544236127,34600
2015-10-07,27.7979793548584,27.802441277020513,27.606084356782077,27.757815245903494,7000
2015-10-08,28.0300350189209,28.04788440775086,27.579304329082646,27.70872218674898,8600
2015-10-09,28.092504501342773,28.10589196492051,28.01217631512978,28.079115335391744,19000
2015-10-12,28.119287490844727,28.168377141202434,28.030035438238468,28.168377141202434,30600
2015-10-13,27.820283889770508,28.163909672218463,27.820283889770508,27.900612083193327,9000
2015-10-14,27.985397338867188,28.101427688055402,27.860443149624327,27.940771329101352,15200
2015-10-15,28.284408569335938,28.284408569335938,27.940782706620077,27.967557642433103,112000
2015-10-16,28.3736572265625,28.3736572265625,28.21746275211387,28.306716494316866,12400
2015-10-19,28.41828155517578,28.529848300696298,28.29778926572881,28.369191914767004,42600
2015-10-20,28.355810165405273,28.512002959666532,28.266556410524363,28.485228024863904,48800
2015-10-21,28.17729949951172,28.561089410849785,28.17729949951172,28.489686755417605,10200
2015-10-22,28.78868865966797,28.797612502675467,28.42721173241048,28.440599199295445,45600
2015-10-23,29.09214210510254,29.141231739527267,28.886859726938436,29.060903556354663,22000
2015-10-26,29.065370559692383,29.114460205577373,28.9850423577667,29.05198309349598,29000
2015-10-27,29.065370559692383,29.065370559692383,28.904714155841017,28.93149249298108,21400
2015-10-28,29.21263313293457,29.221560378285407,28.97611220233506,29.136768571185012,23400
2015-10-29,29.056453704833984,29.096616113081723,29.011827671864914,29.096616113081723,8200
2015-10-30,29.163543701171875,29.19924587333124,29.03858950336064,29.03858950336064,9600
2015-11-02,29.36882781982422,29.386678906958995,29.109995568236794,29.109995568236794,6600
2015-11-03,29.4848575592041,29.591960674997097,29.31973756026546,29.31973756026546,30400
2015-11-04,29.35097885131836,29.641053079889993,29.2974289907954,29.641053079889993,8000
2015-11-05,29.284038543701172,29.377754194820366,29.199246733511437,29.35990310821481,17800
2015-11-06,29.306354522705078,29.333132859257823,29.10553572466897,29.239413788443983,27200
2015-11-09,29.011816024780273,29.315277693789504,28.788682544766036,29.315277693789504,26600
2015-11-10,28.95826530456543,29.002891323534268,28.860086019985783,28.90025182038064,30200
2015-11-11,28.87794303894043,29.047523307746072,28.8422408545347,29.047523307746072,8200
2015-11-12,28.60125160217285,28.927028024003363,28.60125160217285,28.75744778255909,23400
2015-11-13,28.132678985595703,28.471841239700602,28.132678985595703,28.471841239700602,23000
2015-11-16,28.503074645996094,28.507538269612255,28.119284728939814,28.119284728939814,9600
2015-11-17,28.587862014770508,28.77529673637443,28.471833347531415,28.56108708514719,45200
2015-11-18,29.007354736328125,29.007354736328125,28.61464100560675,28.628028470725535,69400
2015-11-19,29.02520751953125,29.087684630231653,28.99396896418105,29.01182005363076,7000
2015-11-20,29.123384475708008,29.18586158140262,29.10106976449697,29.18586158140262,39400
2015-11-23,29.029666900634766,29.176932408765687,28.958262553271073,29.07429291536373,12400
2015-11-24,29.065370559692383,29.074297806988156,28.802074645170407,28.860088133603917,14000
2015-11-25,29.21709442138672,29.248332968125904,29.118915158850353,29.168004790118534,17600
2015-11-27,29.266193389892578,29.30189557034118,29.234954833186883,29.239415052182466,5400
2015-11-30,29.261734008789062,29.319747506868886,29.141243388239328,29.319747506868886,15800
2015-12-01,29.560726165771484,29.56518978925755,29.350980123639097,29.400069767744426,20200
2015-12-02,29.364370346069336,29.632129868623,29.337592010491033,29.493784781585084,19800
2015-12-03,28.828857421875,29.38222773863069,28.730678103390503,29.38222773863069,17000
2015-12-04,29.41346549987793,29.449164279425624,28.89133041761408,28.900257666061773,48000
2015-12-07,29.404531478881836,29.542873155228527,29.30635219705635,29.542873155228527,77200
2015-12-08,29.386686325073242,29.43577597589895,29.074300733225645,29.074300733225645,22200
2015-12-09,28.98504066467285,29.435771293857876,28.904712467439353,29.337592007822817,32400
2015-12-10,29.15462875366211,29.284046613656763,28.962733775704187,28.962733775704187,15000
2015-12-11,28.547698974609375,28.940412687438396,28.525384263930086,28.940412687438396,16800
2015-12-14,28.583402633666992,28.663730829637018,28.262089849786893,28.601250317440776,29800
2015-12-15,28.98504066467285,29.154624305914158,28.891325002024946,28.958265733844037,28800
2015-12-16,29.382221221923828,29.382221221923828,28.971656349091973,29.101074203413464,94000
2015-12-17,28.891324996948242,29.431307665299133,28.886864778308926,29.431307665299133,14600
2015-12-18,28.44952392578125,28.686044913267388,28.44952392578125,28.686044913267388,18400
2015-12-21,28.735139846801758,28.735139846801758,28.570019785184787,28.67712634638129,10600
2015-12-22,28.95121192932129,29.00925046444405,28.754783504493545,28.754783504493545,79000
2015-12-23,29.169954299926758,29.178884874554758,29.031561047339064,29.05834595919055,32400
2015-12-24,29.24138832092285,29.263711353803483,29.156564883196385,29.156564883196385,78400
2015-12-28,29.102994918823242,29.12531454558366,28.888705384620316,29.12531454558366,34200
2015-12-29,29.495853424072266,29.518176455587586,29.321744677505265,29.38871036603482,31400
2015-12-30,29.263713836669922,29.42889203234126,29.25478326035331,29.42889203234126,86600
2015-12-31,28.982458114624023,29.174424630112835,28.982458114624023,29.125316679219175,6600
2016-01-04,28.411022186279297,28.51816695493204,28.09851845596782,28.51816695493204,33200
2016-01-05,28.41548728942871,28.544951684323625,28.27709231894509,28.544951684323625,16000
2016-01-06,28.02262306213379,28.161018021017423,27.866370359586167,27.960122662318007,35800
2016-01-07,27.303874969482422,27.768166255233748,27.25030342205228,27.428875814489015,105200
2016-01-08,26.95564842224121,27.540475070117747,26.942254262566568,27.491368828004806,32200
2016-01-11,26.919925689697266,27.20117912506495,26.68331660288432,27.20117912506495,23600
2016-01-12,27.227975845336914,27.268154922452844,26.86189886327601,27.22351055731937,14600
2016-01-13,26.223495483398438,27.348506016243828,26.214566612120862,27.348506016243828,130200
2016-01-14,26.71010971069336,26.89761091121976,25.96456508700899,26.30831899098224,17200
2016-01-15,25.91545867919922,26.0806385613117,25.558312297736435,25.982424370789612,59400
2016-01-19,25.942243576049805,26.285997477601416,25.66099007423336,26.245818405913354,38000
2016-01-20,25.897600173950195,26.080637795513407,24.960090737262174,25.553847962703955,49200
2016-01-21,25.973499298095703,26.20564490575966,25.683316862763625,25.683316862763625,35800
2016-01-22,26.527070999145508,26.553857615409136,26.361891123040348,26.3797488672161,33800
2016-01-25,26.102962493896484,26.482430217970965,26.102962493896484,26.482430217970965,19600
2016-01-26,26.43332290649414,26.48243085613599,26.1922484462569,26.223500353035842,14200
2016-01-27,25.906530380249023,26.52707255109087,25.906530380249023,26.46457214582742,38000
2016-01-28,25.91545867919922,26.19224691195684,25.732421052261525,26.19224691195684,25600
2016-01-29,26.60295867919922,26.62528000214111,26.040453507227802,26.040453507227802,27600
2016-02-01,26.750282287597656,26.826176833506494,26.469030537191628,26.47349412082962,44400
2016-02-02,25.969030380249023,26.500287222714377,25.969030380249023,26.500287222714377,30000
2016-02-03,26.035993576049805,26.531534881120994,25.6252756998156,26.531534881120994,11400
2016-02-04,26.196718215942383,26.259218634176033,25.96903617465276,25.96903617465276,15200
2016-02-05,25.285982131958008,26.076169286457684,25.227945325444587,26.076169286457684,13000
2016-02-08,24.509191513061523,24.969017317039086,24.268117096157376,24.969017317039086,26600
2016-02-09,24.51365852355957,24.8574124543018,24.312763148059783,24.312763148059783,64000
2016-02-10,24.933307647705078,25.05384488427389,24.72794866822124,24.741341126837174,4400
2016-02-11,24.683298110961914,24.683298110961914,24.138648927968397,24.138648927968397,13600
2016-02-12,25.035991668701172,25.035991668701172,24.692237666988706,24.98241842216848,11000
2016-02-16,25.63420867919922,25.692245506347483,25.437778568170074,25.48242293636432,102200
2016-02-17,26.24135398864746,26.375285367387537,25.995815965971026,25.995815965971026,10200
2016-02-18,26.08063316345215,26.469031369477143,26.08063316345215,26.469031369477143,35400
2016-02-19,26.219036102294922,26.24135743401288,25.924390095795935,26.000284667247126,128600
2016-02-22,26.6386775970459,26.6386775970459,26.518142089292628,26.518142089292628,15600
2016-02-23,26.2949275970459,26.536000335604367,26.2949275970459,26.536000335604367,67400
2016-02-24,26.558326721191406,26.781543446455046,25.888676545400493,26.165464807885034,11400
2016-02-25,26.786006927490234,26.786006927490234,26.57171907643133,26.57171907643133,6400
2016-02-26,26.844039916992188,27.000290920539484,26.830645757396553,27.000290920539484,25800
2016-02-29,26.736900329589844,27.022617478803678,26.656542168497385,26.90208023716499,8400
2016-03-01,27.352970123291016,27.393149190802617,26.803857335971152,26.937786993340488,13400
2016-03-02,27.40654754638672,27.40654754638672,27.205652165575067,27.339583554788405,32800
2016-03-03,27.460113525390625,27.460113525390625,27.227969691199903,27.384220676329814,20000
2016-03-04,27.45119857788086,27.674415343440764,27.352982656071696,27.549412796681253,23400
2016-03-07,27.518159866333008,27.683339779681408,27.294943122831917,27.294943122831917,60600
2016-03-08,27.085107803344727,27.352968808213145,27.085107803344727,27.352968808213145,8400
2016-03-09,27.227975845336914,27.272618507461992,27.098509740962434,27.272618507461992,10000
2016-03-10,27.27260971069336,27.433325967318112,26.888676809424858,27.321717644996237,16800
2016-03-11,27.7235107421875,27.73690490092064,27.47350915261029,27.57172333294072,33800
2016-03-14,27.777088165283203,27.799409495864687,27.589585241780338,27.598514114614602,34000
2016-03-15,27.527084350585938,27.567263426128967,27.460118657011442,27.562799841294556,116200
2016-03-16,27.75029754638672,27.83958455884969,27.411008942637167,27.411008942637167,23200
2016-03-17,27.79941177368164,27.902091265176473,27.62976658194699,27.683338120333747,32000
2016-03-18,28.013690948486328,28.053870015576585,27.884224876416827,27.977975465291443,41600
2016-03-21,28.10297966003418,28.138693442389833,27.96458470876185,27.96458470876185,26000
2016-03-22,28.162303924560547,28.220723099568485,27.991542819503454,27.991542819503454,40600
2016-03-23,27.784820556640625,28.130837343366164,27.775832862745148,28.130837343366164,13600
2016-03-24,27.73090362548828,27.73989132237596,27.605079297516614,27.605079297516614,11000
2016-03-28,27.708431243896484,27.838750258629563,27.69045585271379,27.838750258629563,24600
2016-03-29,28.090394973754883,28.139826435522576,27.636527551958395,27.672478329326687,13600
2016-03-30,28.1982479095459,28.382491373134783,28.15331114836912,28.382491373134783,31400
2016-03-31,28.243183135986328,28.342046062276093,28.17577799788396,28.17577799788396,7800
2016-04-01,28.467876434326172,28.49034653271713,28.1712893063805,28.1712893063805,57400
2016-04-04,28.315092086791992,28.517310994603054,28.315092086791992,28.517310994603054,29800
2016-04-05,28.036479949951172,28.202748065623116,28.036479949951172,28.18027967932604,21800
2016-04-06,28.535282135009766,28.58021890149978,28.08590761319859,28.144326781017813,32600
2016-04-07,28.09489631652832,28.526295461517805,28.014008762564316,28.485851684535803,24200
2016-04-08,28.0814151763916,28.382495289117198,28.049957382154503,28.382495289117198,16800
2016-04-11,27.96457290649414,28.35103522281608,27.960079916079316,28.35103522281608,36800
2016-04-12,28.13983154296875,28.157806934915474,27.811788353965838,27.9151442863179,18000
2016-04-13,28.59369659423828,28.60717727911984,28.283627128142665,28.283627128142665,46200
2016-04-14,28.49034309387207,28.584711324503466,28.44091162614297,28.535279856774366,28200
2016-04-15,28.3914794921875,28.553254577603795,28.3914794921875,28.553254577603795,7600
2016-04-18,28.59819221496582,28.62964829206782,28.29261742520843,28.373504970392894,33600
2016-04-19,28.328569412231445,28.616168823242493,28.22521348103858,28.616168823242493,21400
2016-04-20,28.436420440673828,28.553258781444182,28.3420521983632,28.3420521983632,13800
2016-04-21,28.467876434326172,28.58022006936965,28.395976576467458,28.494839523858623,4800
2016-04-22,28.41394805908203,28.41394805908203,28.202741505714226,28.225211601012788,62200
2016-04-25,28.26116371154785,28.427431806452848,28.211732239331504,28.427431806452848,10600
2016-04-26,28.324071884155273,28.467871575328456,28.31508418917851,28.467871575328456,5600
2016-04-27,28.467876434326172,28.472371139695493,28.20274538705445,28.467876434326172,19000
2016-04-28,28.054452896118164,28.364520714102596,28.027489806378185,28.27464546253052,12400
2016-04-29,27.641023635864258,27.942105430227716,27.46127487158584,27.942105430227716,21200
2016-05-02,27.8162841796875,27.861220947136925,27.596089905038607,27.64102667248803,7600
2016-05-03,27.560144424438477,27.560144424438477,27.461281466096597,27.461281466096597,5200
2016-05-04,27.27253532409668,27.35342286392757,27.16468641380717,27.312979094012125,64400
2016-05-05,27.23658561706543,27.407348387599527,27.23658561706543,27.26804169134441,6800
2016-05-06,27.281530380249023,27.281530380249023,26.97595552826428,27.05684308992071,67800
2016-05-09,27.420833587646484,27.48374574656361,27.321970644075137,27.366909124892913,24200
2016-05-10,27.72190284729004,27.744372936020078,27.42082285765096,27.452278924800506,15800
2016-05-11,27.41184425354004,27.68146826542478,27.375893471033987,27.62305081519394,8400
2016-05-12,27.32196807861328,27.50171855655076,27.07031946657393,27.50171855655076,6200
2016-05-13,27.178173065185547,27.223111549527335,27.151209974580475,27.151209974580475,5400
2016-05-16,27.510709762573242,27.63653408464964,27.115259689183084,27.115259689183084,20800
2016-05-17,27.27253532409668,27.55114872317087,27.24557395363806,27.497222553798593,34000
2016-05-18,27.37140464782715,27.47026760054372,27.205136538990303,27.25007330973715,12200
2016-05-19,27.23658561706543,27.25905399666078,27.07481054121497,27.200634838330892,7800
2016-05-20,27.578109741210938,27.636528900170607,27.402853978559424,27.416334663616464,35600
2016-05-23,27.569129943847656,27.694955992591492,27.569129943847656,27.65001750581584,1800
2016-05-24,28.17578125,28.17578125,27.623050825471275,27.623050825471275,76200
2016-05-25,28.2971134185791,28.3645185664837,28.23869425234628,28.333062487949345,42800
2016-05-26,28.373510360717773,28.413954140993408,28.328573588957273,28.33306658044214,12200
2016-05-27,28.61168098449707,28.634151086684756,28.499337330471132,28.499337330471132,6400
2016-05-31,28.728511810302734,28.733004801025064,28.611673480790067,28.733004801025064,31200
2016-06-01,28.764461517333984,28.777942203224537,28.602686429736963,28.602686429736963,22400
2016-06-02,28.975677490234375,28.975677490234375,28.679088590420083,28.679088590420083,6200
2016-06-03,28.83187484741211,28.921748392494035,28.670098009271868,28.921748392494035,51000
2016-06-06,28.921749114990234,28.96219118275059,28.84086155101345,28.84086155101345,9000
2016-06-07,28.9442138671875,28.9442138671875,28.818386124343963,28.818386124343963,5800
2016-06-08,28.854337692260742,28.903769164036085,28.79142553335677,28.854337692260742,9200
2016-06-09,28.746488571166992,28.75547626726751,28.688069403627495,28.706044795828532,9600
2016-06-10,28.265655517578125,28.598191673279928,28.175780278605778,28.598191673279928,11400
2016-06-13,28.06793212890625,28.373506939874414,28.045463745734896,28.06343913796308,21400
2016-06-14,28.045461654663086,28.153312285763104,27.892674260570843,28.049954645271256,28600
2016-06-15,28.153308868408203,28.193752635883037,28.121852795286376,28.121852795286376,3800
2016-06-16,28.01850128173828,28.01850128173828,27.730901856589632,27.775840338161476,7200
2016-06-17,27.942108154296875,28.040971098536076,27.856727611507967,28.040971098536076,115600
2016-06-20,28.328569412231445,28.481356813609526,28.270150246173667,28.270150246173667,4200
2016-06-21,28.214160919189453,28.241186596358997,28.115068487774746,28.241186596358997,6600
2016-06-22,28.151105880737305,28.412348968049976,28.151105880737305,28.187140121004077,31800
2016-06-23,28.655574798583984,28.655574798583984,28.403341975623885,28.41235053618778,25800
2016-06-24,27.466468811035156,27.925895032266972,27.27729421781401,27.385393494452657,78800
2016-06-27,26.57915687561035,27.05660042061014,26.439528440170914,27.05660042061014,35800
2016-06-28,27.19622039794922,27.20072381880408,26.871919113771618,26.939482454044324,42400
2016-06-29,27.808792114257812,27.831312657689757,27.484490790574366,27.498002772992066,10400
2016-06-30,28.115070343017578,28.124078902668543,27.77725708803812,27.916887185317506,9000
2016-07-01,28.295236587524414,28.353791363022996,28.020481546577575,28.020481546577575,7000
2016-07-05,27.925888061523438,28.088038654213083,27.89435897052341,28.088038654213083,5800
2016-07-06,28.187137603759766,28.187137603759766,27.772752468734144,27.772752468734144,12800
2016-07-07,28.385316848754883,28.439366478686956,28.326762080707862,28.43035792066382,4600
2016-07-08,28.889785766601562,28.925820000809534,28.597015345592645,28.597015345592645,17200
2016-07-11,29.06094741821289,29.169050136436958,29.03392345686398,29.03392345686398,27000
2016-07-12,29.358211517333984,29.416764552692197,29.28614307097373,29.29064820797441,112600
2016-07-13,29.308673858642578,29.448302218630452,29.299667018429737,29.448302218630452,31200
2016-07-14,29.484333038330078,29.50685529087484,29.44379710744543,29.479827900538474,31600
2016-07-15,29.461828231811523,29.529388148745188,29.380752895076228,29.529388148745188,6200
2016-07-18,29.556406021118164,29.623965916266336,29.466320433564285,29.466320433564285,5200
2016-07-19,29.3807430267334,29.452808059395885,29.353715632622936,29.394255005581755,8000
2016-07-20,29.67351531982422,29.736573519682956,29.380746578943306,29.551904059072136,21800
2016-07-21,29.587942123413086,29.75909962567099,29.52488391540151,29.727570521665204,6000
2016-07-22,29.768104553222656,29.795131952356385,29.605957340492196,29.605957340492196,13200
2016-07-25,29.862701416015625,29.862701416015625,29.781626074826576,29.781626074826576,7600
2016-07-26,30.0924072265625,30.137451748372197,29.889720624077025,29.930256570008304,7000
2016-07-27,30.083396911621094,30.17798421095738,30.015833573119703,30.17798421095738,5000
2016-07-28,30.17348289489746,30.17348289489746,29.997820254386436,30.128441808994687,11400
2016-07-29,29.98881721496582,30.065387414352656,29.96629495095086,30.065387414352656,2600
2016-08-01,30.083396911621094,30.19149619137483,30.033850692481018,30.033850692481018,7600
2016-08-02,29.759096145629883,30.15546246912492,29.56541640469629,30.15546246912492,38600
2016-08-03,29.85819435119629,29.867201194563346,29.63749060634727,29.66000943297235,15400
2016-08-04,29.90322494506836,29.966283135749443,29.87620098803751,29.966283135749443,17800
2016-08-05,30.150959014892578,30.200505232002836,30.065378560535947,30.065378560535947,10000
2016-08-08,30.04286003112793,30.16447473782192,30.038358328224028,30.08339941216407,13800
2016-08-09,30.119434356689453,30.191499405392204,30.114929217266,30.150963459824627,14400
2016-08-10,29.98881721496582,30.038363446666718,29.95278296710789,30.038363446666718,3600
2016-08-11,30.205013275146484,30.236542380252317,30.096913977128594,30.096913977128594,16000
2016-08-12,30.277082443237305,30.277082443237305,30.19150196899742,30.196007108803414,6200
2016-08-15,30.520296096801758,30.569842305374905,30.286077031471713,30.286077031471713,4400
2016-08-16,30.299596786499023,30.470757709654894,30.299596786499023,30.470757709654894,5800
2016-08-17,30.290590286254883,30.295095425445137,30.123934500358896,30.27257316590821,13000
2016-08-18,30.434724807739258,30.439229947076814,30.41220254746592,30.4302196684017,4000
2016-08-19,30.488771438598633,30.57434845424373,30.412197827402405,30.448232063681345,13200
2016-08-22,30.551820755004883,30.551820755004883,30.461735190487914,30.461735190487914,4000
2016-08-23,30.655431747436523,30.718489959132103,30.655431747436523,30.673448870265947,3000
2016-08-24,30.335634231567383,30.750017729401616,30.313115406319778,30.750017729401616,8600
2016-08-25,30.317615509033203,30.475264459517334,30.272574424501084,30.389683993416174,44800
2016-08-26,30.335634231567383,30.538324277283774,30.28608800504213,30.430221545002503,3800
2016-08-29,30.466249465942383,30.51129054350415,30.45273748631525,30.51129054350415,8200
2016-08-30,30.358144760131836,30.502278244386158,30.35363962225764,30.407690967508007,5800
2016-08-31,30.313114166259766,30.43022030015187,30.164475492764574,30.43022030015187,9000
2016-09-01,30.38968849182129,30.439234723064995,30.358159384340293,30.439234723064995,4000
2016-09-02,30.45274543762207,30.592373845445135,30.380676945574784,30.46175228092056,8400
2016-09-06,30.565345764160156,30.569850903410302,30.439229356471145,30.55633548565987,39000
2016-09-07,30.592365264892578,30.619392660037082,30.502283111514576,30.61488752144402,7200
2016-09-08,30.466249465942383,30.497778563877013,30.434720368007756,30.497778563877013,3400
2016-09-09,29.64198875427246,30.30860848516443,29.64198875427246,30.30860848516443,134800
2016-09-12,30.191495895385742,30.196001034285437,29.416776952515104,29.416776952515104,13800
2016-09-13,29.808652877807617,29.99332240582391,29.691543276861054,29.880717945487138,12400
2016-09-14,29.844676971435547,29.952776254368107,29.736574252088744,29.952776254368107,7800
2016-09-15,30.218524932861328,30.24104719472959,30.05187256612908,30.05187256612908,8400
2016-09-16,30.15997314453125,30.15997314453125,30.03385672010535,30.096914932318303,15800
2016-09-19,30.105907440185547,30.30409226215154,30.096900601193095,30.168969058785525,11600
2016-09-20,30.105472564697266,30.254331740440662,30.07389668876797,30.254331740440662,5000
2016-09-21,30.461824417114258,30.461824417114258,30.137042080943235,30.245305154008,24400
2016-09-22,30.67835235595703,30.6963962045464,30.547537034818284,30.6422646587783,385000
2016-09-23,30.520465850830078,30.655789521360287,30.520465850830078,30.655789521360287,17800
2016-09-26,30.263355255126953,30.326510455407025,30.213738965963543,30.32199863220572,25800
2016-09-27,30.61520004272461,30.61520004272461,30.33552555700929,30.385145279338012,50800
2016-09-28,30.47085952758789,30.72346657677822,30.434771822985578,30.72346657677822,3200
2016-09-29,30.466339111328125,30.66030616696742,30.448295264116105,30.66030616696742,26200
2016-09-30,30.700899124145508,30.750518838561312,30.48437986261437,30.48437986261437,22200
2016-10-03,30.71894073486328,30.764048624274906,30.55204119988912,30.764048624274906,281200
2016-10-04,30.67384147644043,30.81818882808083,30.561070000424102,30.81818882808083,253600
2016-10-05,30.804649353027344,30.912908980202353,30.75954146183038,30.791117329819407,14400
2016-10-06,30.741500854492188,30.74601267654048,30.543021982509586,30.633241215916158,5600
2016-10-07,30.61520004272461,30.687371994240465,30.506936953182585,30.682860171798172,13000
2016-10-10,30.750511169433594,30.858774214710145,30.741490969749258,30.83170673263563,10200
2016-10-11,30.105472564697266,30.31297166959153,29.9475931850508,30.31297166959153,74400
2016-10-12,30.024276733398438,30.137048209640483,29.974657008530947,29.979168831204085,16400
2016-10-13,29.98367691040039,30.03780500967076,29.65889454873056,29.816773907455644,17400
2016-10-14,30.001718521118164,30.254325476249967,30.001718521118164,30.16861807011097,57400
2016-10-17,29.843843460083008,29.90699520793528,29.843843460083008,29.88895135976147,14000
2016-10-18,30.173133850097656,30.299437344232473,30.173133850097656,30.200197901265945,12600
2016-10-19,30.204710006713867,30.258841551069874,30.123514410935922,30.13704643664689,20800
2016-10-20,30.209218978881836,30.285902745016966,30.060359827081772,30.21823918133405,21200
2016-10-21,30.22275161743164,30.22275161743164,30.051340235262124,30.078404284680502,7000
2016-10-24,30.493408203125,30.497920026051975,30.42574462527051,30.470855971515192,40800
2016-10-25,30.353565216064453,30.40318493154498,30.353565216064453,30.40318493154498,1400
2016-10-26,30.3941593170166,30.3941593170166,30.34453960475363,30.3941593170166,2000
2016-10-27,30.114486694335938,30.43024535385334,30.087419208154966,30.398669487901604,6400
2016-10-28,30.03780174255371,30.326499820479818,30.03780174255371,30.254324440620408,3800
2016-10-31,30.204710006713867,30.254329728662174,30.15509028476556,30.17313413288423,10400
2016-11-01,29.866382598876953,30.046817560019186,29.71301511888797,30.028773719753897,10000
2016-11-02,29.74008560180664,29.974648693052874,29.726553579053583,29.974648693052874,13600
2016-11-03,29.519052505493164,29.83029933196645,29.519052505493164,29.83029933196645,3800
2016-11-04,29.46492576599121,29.735576570986343,29.442370098278406,29.442370098278406,73600
2016-11-07,30.14155387878418,30.177641569777137,29.920522794097682,30.177641569777137,23400
2016-11-08,30.344533920288086,30.42122110583592,30.028775302776356,30.028775302776356,9000
2016-11-09,30.574594497680664,30.574594497680664,30.073888992149683,30.186660440395194,33200
2016-11-10,30.30845832824707,30.86780379953126,30.14606715246911,30.86780379953126,59000
2016-11-11,30.434762954711914,30.4482949796165,30.109980590954095,30.312967847546766,60200
2016-11-14,30.412199020385742,30.54301429476488,30.35355911456516,30.506926610485603,32200
2016-11-15,30.74600601196289,30.75953803366268,30.538503540862436,30.538503540862436,225800
2016-11-16,30.768564224243164,30.849759811759967,30.552044951872876,30.552044951872876,28800
2016-11-17,31.066293716430664,31.09786959842201,30.822706866134705,30.87683498296957,24600
2016-11-18,30.989599227905273,31.197101765578306,30.95351497229938,31.197101765578306,38000
2016-11-21,31.17453384399414,31.183554043972933,31.01665453303375,31.115893940354812,48600
2016-11-22,31.27829933166504,31.30987865323945,31.210639189756474,31.305366829941278,42600
2016-11-23,31.219654083251953,31.24671813541081,31.13394666273261,31.237697931861934,10600
2016-11-25,31.38204002380371,31.386551845578687,31.269268570010897,31.269268570010897,7600
2016-11-28,31.27829933166504,31.354986561682768,31.246723451603437,31.246723451603437,9600
2016-11-29,31.345949172973633,31.535407811797093,31.183558020559982,31.192581663200354,53800
2016-11-30,31.124906539916992,31.539904467820143,31.0843104876593,31.4271330673132,14200
2016-12-01,30.39867401123047,31.079814582699036,30.39867401123047,31.079814582699036,47600
2016-12-02,30.488889694213867,30.570085281531167,30.470849289487155,30.56106507916781,8000
2016-12-05,30.727975845336914,30.813679834750335,30.700908348379254,30.70993199453602,7400
2016-12-06,30.759538650512695,30.759538650512695,30.66481105520341,30.71442732192726,11400
2016-12-07,31.28280258178711,31.345954324603326,30.682857583521173,30.958020223582636,46200
2016-12-08,31.38204002380371,31.409104071430257,31.237692700609376,31.409104071430257,23800
2016-12-09,31.40009307861328,31.544440444142744,31.336941321288684,31.53992862104451,20000
2016-12-12,31.21063232421875,31.350467842086644,31.079817009450178,31.350467842086644,18200
2016-12-13,31.54893684387207,31.630132412382753,31.485785117420537,31.485785117420537,17800
2016-12-14,31.485795974731445,31.621119674572544,31.345957010929833,31.621119674572544,31200
2016-12-15,31.621110916137695,31.684262646874167,31.449699567211727,31.472251790182632,16200
2016-12-16,31.481277465820312,31.69779671618335,31.327906508761018,31.69779671618335,23400
2016-12-19,31.42264175415039,31.760956139402595,31.42264175415039,31.760956139402595,34600
2016-12-20,31.5555419921875,31.632388078651342,31.505819473916368,31.505819473916368,12000
2016-12-21,31.618816375732422,31.63689760029425,31.523892533263552,31.537452589524683,10400
2016-12-22,31.4289608001709,31.50580339878567,31.379238307269553,31.438003134502104,23400
2016-12-23,31.537445068359375,31.564568623054072,31.501286076500012,31.564568623054072,3200
2016-12-27,31.767982482910156,31.9352312162085,31.5871736939521,31.5871736939521,39800
2016-12-28,31.451576232910156,31.731826637898674,31.401853719384803,31.731826637898674,29400
2016-12-29,31.365678787231445,31.573607648060086,31.324998627970256,31.501286215382372,30000
2016-12-30,31.067340850830078,31.54648102026756,31.04925963423855,31.54648102026756,32000
2017-01-03,31.406373977661133,31.60526057735344,31.275287668408573,31.433494093837034,291400
2017-01-04,31.74086570739746,31.7725069901424,31.428970599882213,31.428970599882213,271800
2017-01-05,31.84030532836914,31.912626770112503,31.695658996241832,31.695658996241832,52800
2017-01-06,31.993995666503906,32.09796185090524,31.817708028787795,31.817708028787795,44400
2017-01-09,32.09796905517578,32.17933286381742,32.05728542653401,32.1205680056284,20600
2017-01-10,32.28780746459961,32.40533369838272,32.17028123081649,32.26068735243463,9200
2017-01-11,32.305885314941406,32.423411536450246,32.138636593895775,32.423411536450246,15200
2017-01-12,32.238075256347656,32.27423769411017,31.95330381840758,32.27423769411017,12000
2017-01-13,32.38725280761719,32.455056537368876,32.30588902164336,32.30588902164336,17000
2017-01-17,32.28780746459961,32.432453810547706,32.2154825673051,32.432453810547706,12200
2017-01-18,32.41889190673828,32.486695631927155,32.3194469029467,32.38725062813557,11800
2017-01-19,32.391761779785156,32.590648277226975,32.387240613199765,32.42792076654934,13600
2017-01-20,32.4776611328125,32.71271364369994,32.450541015649165,32.6810723574622,11000
2017-01-23,32.464088439941406,32.56805459634218,32.31040323763789,32.48216966056068,7000
2017-01-24,32.775978088378906,32.83021829270631,32.5002455542491,32.5002455542491,13200
2017-01-25,33.06979751586914,33.10143879003721,32.99747263283343,33.10143879003721,28000
2017-01-26,32.956787109375,33.182797159121456,32.95226594276096,33.182797159121456,23600
2017-01-27,33.06979751586914,33.15115783632397,32.992951465483635,33.15115783632397,12400
2017-01-30,32.92514419555664,32.979387851977876,32.70365530028971,32.979387851977876,24400
2017-01-31,32.97940444946289,32.97940444946289,32.70367175900724,32.82571918521763,27800
2017-02-01,32.992958068847656,33.020081629734804,32.85283289072095,33.020081629734804,14800
2017-02-02,32.98843765258789,33.056237927661094,32.85735137304528,32.983916484702796,22600
2017-02-03,33.13760757446289,33.13760757446289,33.04268372391046,33.04720489259617,34800
2017-02-06,33.146644592285156,33.18732475800424,33.10144325860595,33.14212342432502,62400
2017-02-07,33.25511932373047,33.309362978390176,33.1782767327757,33.1782767327757,26400
2017-02-08,33.327457427978516,33.377176487022574,33.173768736413116,33.25513252638512,32600
2017-02-09,33.46757507324219,33.63030261652112,33.41785257676027,33.481135127075376,29600
2017-02-10,33.61222839355469,33.63030961864372,33.48114209814,33.60318605668964,47000
2017-02-13,33.77043533325195,33.77947767025917,33.65743026114953,33.68455037488895,29200
2017-02-14,33.72069549560547,33.806580409829756,33.64837407992134,33.783978027568836,19600
2017-02-15,34.05067825317383,34.06423830570266,33.833707066792535,33.833707066792535,16400
2017-02-16,33.95576858520508,34.177257582290615,33.86536244960995,34.177257582290615,20200
2017-02-17,34.15011978149414,34.15011978149414,33.9195885659076,34.02355125720372,31400
2017-02-21,34.335472106933594,34.344514446946505,34.20890693589098,34.31739087555004,32200
2017-02-22,34.3173713684082,34.349012643182895,34.26764887252792,34.290251261069976,29600
2017-02-23,34.06425094604492,34.344504780648876,33.996447209600596,34.344504780648876,12600
2017-02-24,34.22244644165039,34.25860888269663,33.87439243034087,33.87439243034087,18600
2017-02-27,34.308345794677734,34.326427022799294,34.15465707996534,34.24958094112227,15200
2017-02-28,34.15465545654297,34.31286533292621,34.15013773620854,34.31286533292621,14800
2017-03-01,34.55242919921875,34.584070478943126,34.39421935195601,34.5072244150632,30600
2017-03-02,34.38969802856445,34.66994834857114,34.37161680652523,34.66994834857114,26600
2017-03-03,34.4801025390625,34.4801025390625,34.272173647422335,34.272173647422335,11400
2017-03-06,34.367095947265625,34.49366105403547,34.25409089498676,34.49366105403547,18800
2017-03-07,34.16368865966797,34.41229770860479,34.16368865966797,34.41229770860479,15600
2017-03-08,34.3444938659668,34.412294132222904,34.26313009781927,34.31737031082416,25200
2017-03-09,34.31285858154297,34.33997869277928,34.05972489832114,34.20437123931613,15600
2017-03-10,34.4801025390625,34.534346208088884,34.326417316448726,34.50270492998366,16400
2017-03-13,34.6473503112793,34.6473503112793,34.44393914451246,34.64282914349144,15800
2017-03-14,34.4981803894043,34.55242405312763,34.34901290064538,34.48914150310391,9800
2017-03-15,34.80556106567383,34.80556106567383,34.471067028843976,34.70611605370363,10400
2017-03-16,34.710636138916016,34.95472749286938,34.674473690484206,34.95472749286938,13600
2017-03-17,34.84624481201172,34.936650945192795,34.73776090083579,34.936650945192795,10800
2017-03-20,34.68802261352539,34.796509924002315,34.61118002175074,34.71514616546452,11200
2017-03-21,34.083465576171875,34.9251446392552,34.083465576171875,34.9251446392552,48400
2017-03-22,34.29615020751953,34.336874945415545,34.06084021383383,34.06084021383383,20800
2017-03-23,34.2916259765625,34.468106755347705,34.28709985462918,34.31425313380962,12800
2017-03-24,34.49979019165039,34.62197134343106,34.40476232494332,34.440964403427984,28200
2017-03-27,34.5495719909668,34.554098114511845,34.14230718243019,34.35951623112328,58600
2017-03-28,34.70341491699219,34.77128948028602,34.50430699154549,34.51788190420426,17400
2017-03-29,34.80750274658203,34.83917870378242,34.67175012390337,34.69889995795502,26200
2017-03-30,34.839168548583984,34.94777475797399,34.79391768754785,34.87537061838065,92000
2017-03-31,34.82106399536133,34.89346812763894,34.77581313889734,34.89346812763894,41200
2017-04-03,34.667213439941406,34.83011929946545,34.4590567199761,34.78034231725425,195800
2017-04-04,34.67174530029297,34.69889513056747,34.526940451462394,34.53146312156153,14000
2017-04-05,34.53147888183594,34.902541692094744,34.50885516375495,34.63103290817246,13400
2017-04-06,34.640071868896484,34.640071868896484,34.51789071892799,34.5540927968757,8200
2017-04-07,34.667213439941406,34.68531447460178,34.52240861507774,34.52240861507774,9200
2017-04-10,34.73960876464844,34.83011392398227,34.6129049939999,34.780336949453364,42400
2017-04-11,34.62196731567383,34.62196731567383,34.29615555205574,34.612915070895646,12200
2017-04-12,34.38665771484375,34.6174416256926,34.33688072520145,34.6174416256926,17400
2017-04-13,34.26448059082031,34.50883942059874,34.22827851550056,34.22827851550056,13800
2017-04-17,34.41381072998047,34.42738564479212,34.22827768776838,34.30520450664761,7000
2017-04-18,34.373085021972656,34.400234853561784,34.23733241160693,34.34140906764531,28400
2017-04-19,34.481685638427734,34.64006885255246,34.481685638427734,34.61744169270039,40200
2017-04-20,34.852745056152344,34.852745056152344,34.61743849654761,34.7079402227603,33600
2017-04-21,34.72152328491211,34.807498900716396,34.66269404773968,34.807498900716396,21600
2017-04-24,35.11973571777344,35.210237456098255,35.05185768781982,35.16951270957809,29200
2017-04-25,35.35504150390625,35.43649444751207,35.13783595590402,35.37314254164309,42200
2017-04-26,35.32789611816406,35.45459994584281,35.29622016124438,35.45459994584281,21600
2017-04-27,35.490806579589844,35.513433745615856,35.35052781700682,35.50890762192649,29800
2017-04-28,35.35051345825195,35.594872251911276,35.273583196463704,35.594872251911276,18800
2017-05-01,35.54056930541992,35.58582016687279,35.278109475606065,35.57677137554999,24900
2017-05-02,35.576778411865234,35.59487945051026,35.495325464172666,35.56772616633266,17800
2017-05-03,35.42292404174805,35.540579075805354,35.29622021388035,35.540579075805354,70100
2017-05-04,35.45912170410156,35.45912170410156,35.33241789201946,35.35956772248849,31700
2017-05-05,35.585819244384766,35.585819244384766,35.41386459435364,35.585819244384766,133100
2017-05-08,35.44102096557617,35.631076685304144,35.38671785175962,35.612975647365296,18900
2017-05-09,35.69443130493164,35.71253234424631,35.52247661007264,35.576779728016646,29500
2017-05-10,35.80303192138672,35.81208071341369,35.64917483757065,35.64917483757065,59100
2017-05-11,35.712520599365234,35.82112679953561,35.441012003777494,35.576768027780915,45900
2017-05-12,35.667274475097656,35.775877237260154,35.6310724035703,35.775877237260154,14900
2017-05-15,35.85732650756836,35.88447978464874,35.72157393184329,35.74872375650446,33400
2017-05-16,35.92973327636719,36.10168793252182,35.8120782735143,35.92068103253726,59200
2017-05-17,35.142356872558594,35.76682704608276,35.11520359376576,35.76682704608276,33300
2017-05-18,35.43196487426758,35.52246659289961,35.115201954216914,35.1695050568477,137700
2017-05-19,35.68537139892578,35.80302639162281,35.603918473584635,35.603918473584635,17600
2017-05-22,36.020233154296875,36.03833418860969,35.65822282529839,35.65822282529839,17300
2017-05-23,35.92973327636719,36.1650398296535,35.86638137923551,36.1650398296535,16900
2017-05-24,36.10169219970703,36.11979323708696,35.92973752322752,36.11979323708696,47000
2017-05-25,36.40034866333008,36.463700558421934,36.20124073451605,36.318895733580646,26700
2017-05-26,36.40034866333008,36.47274934954105,36.318895733580646,36.43654728022589,452800
2017-05-30,36.46369552612305,36.53609620234211,36.37319036532563,36.37319036532563,17900
2017-05-31,36.536094665527344,36.64470085391596,36.28268713079137,36.64470085391596,13300
2017-06-01,36.8166618347168,36.82571062576992,36.59040408177602,36.662804767459015,36800
2017-06-02,37.10627365112305,37.12437468670662,36.84381381379051,36.925266747706836,14600
2017-06-05,37.033870697021484,37.18772777820861,37.006720868984786,37.18772777820861,19100
2017-06-06,36.861915588378906,37.07007232313382,36.83476576066901,36.97051835163808,24500
2017-06-07,36.97956466674805,37.006714490104905,36.81665882176879,36.9976656997923,20600
2017-06-08,37.1334342956543,37.1334342956543,36.807622465076555,37.06103358464843,78900
2017-06-09,36.39130401611328,37.26013314652044,36.08359326754157,37.26013314652044,88800
2017-06-12,36.24650192260742,36.31890608186774,36.02929634966713,36.146947929834646,23800
2017-06-13,36.472747802734375,36.54515193829404,36.33699522718881,36.54515193829404,20300
2017-06-14,36.31889343261719,36.599450820986746,36.13788654992833,36.599450820986746,24300
2017-06-15,36.11979675292969,36.23745178114164,35.87543790314497,36.04739604878248,21900
2017-06-16,36.10169219970703,36.17409634922674,35.920685278327625,36.17409634922674,11100
2017-06-19,36.63566207885742,36.63566207885742,36.364153412919876,36.4275053198913,26900
2017-06-20,36.29375076293945,36.710919476884136,36.28467992247735,36.710919476884136,32700
2017-06-21,36.75627899169922,36.76534983603361,36.42073040110972,36.51141808737278,17600
2017-06-22,36.7744140625,36.91951642376693,36.6655881564281,36.91044903972476,24100
2017-06-23,36.91044998168945,36.919517365963024,36.62931263602306,36.792553229053446,13000
2017-06-26,36.747196197509766,37.164364914608164,36.729057975960444,37.164364914608164,26800
2017-06-27,36.11237716674805,36.729062944804525,36.11237716674805,36.729062944804525,420300
2017-06-28,36.68372344970703,36.6927908330239,36.15772526999309,36.15772526999309,51200
2017-06-29,35.99449157714844,36.57490454629042,35.64080474843822,36.51141901288085,93400
2017-06-30,36.10332107543945,36.20307614938529,35.967286082628696,36.20307614938529,18300
2017-07-03,35.813114166259766,36.18493920346977,35.75869948050463,36.15773013083552,26400
2017-07-05,36.0307731628418,36.12146432382077,35.73150098039634,35.967291079913544,34700
2017-07-06,35.64080047607422,35.822179290969096,35.58638925326496,35.79497367956447,16900
2017-07-07,36.04890060424805,36.12145351131341,35.849383569331316,35.849383569331316,129900
2017-07-10,36.16679382324219,36.16679382324219,35.93100035777591,36.07610269825028,54000
2017-07-11,36.20307540893555,36.32097216965933,35.97635273189708,36.12145856633466,20800
2017-07-12,36.65651321411133,36.67465143968071,36.420723200734955,36.583963771346596,64900
2017-07-13,36.7109260559082,36.74720250523377,36.57489456020625,36.683720448670336,22200
2017-07-14,36.91044998168945,36.928588209749854,36.76534761671947,36.928588209749854,27400
2017-07-17,36.8379020690918,36.955798837728764,36.81976383856967,36.919522376684505,38400
2017-07-18,37.00113296508789,37.00113296508789,36.74720472350559,36.8197541670236,42900
2017-07-19,37.273197174072266,37.30040624081667,37.18250951029124,37.29133539873099,31200
2017-07-20,37.34574508666992,37.37295069026948,37.16436632381116,37.32760686443283,21100
2017-07-21,37.300418853759766,37.32762447019099,37.1915894690073,37.20066031416023,19900
2017-07-24,37.33668518066406,37.42737631841042,37.22785927488161,37.42737631841042,33100
2017-07-25,37.264129638671875,37.38202636871379,37.236924031551666,37.309473470376425,36100
2017-07-26,37.34574508666992,37.40922713474367,37.30040126083327,37.34574508666992,14000
2017-07-27,37.23693084716797,37.6178232546175,36.928587891822204,37.608755870421994,94800
2017-07-28,37.24599075317383,37.24599075317383,37.010200756786595,37.010200756786595,35800
2017-07-31,37.146236419677734,37.37295905914283,37.064616131089785,37.37295905914283,17300
2017-08-01,37.109962463378906,37.33668511809509,37.0646186243383,37.264135667532756,14200
2017-08-02,36.919498443603516,37.20970302480486,36.6927758983205,37.20970302480486,86300
2017-08-03,36.78349304199219,36.95580105301065,36.774422196430514,36.95580105301065,41100
2017-08-04,36.70187759399414,36.88325301509994,36.683739359980684,36.88325301509994,22400
2017-08-07,36.95579147338867,36.98299708399362,36.747207053220315,36.747207053220315,26100
2017-08-08,36.729068756103516,37.119031985089855,36.729068756103516,36.89230933844724,23900
2017-08-09,36.61117935180664,36.66559404333583,36.284698121659,36.61117935180664,19600
2017-08-10,35.83125305175781,36.647456134286415,35.82218566618028,36.45700990153433,96000
2017-08-11,36.07611083984375,36.07611083984375,35.822182551585676,35.93100846662293,18400
2017-08-14,36.42073059082031,36.511418277555755,36.302833830453444,36.302833830453444,17300
2017-08-15,36.41166305541992,36.511418126611105,36.32097190954592,36.511418126611105,11100
2017-08-16,36.48420333862305,36.62023829347121,36.402583057616674,36.402583057616674,8200
2017-08-17,35.77682876586914,36.4842022062952,35.77682876586914,36.4842022062952,22900
2017-08-18,35.704288482666016,35.99449325097542,35.704288482666016,35.740564943583124,45300
2017-08-21,35.75870132446289,35.79497778350364,35.550116874248914,35.776839553983265,36300
2017-08-22,36.27562713623047,36.30283274953836,35.85845825444704,35.85845825444704,155200
2017-08-23,36.1577262878418,36.28469041492947,36.03076216075413,36.13052067761244,12800
2017-08-24,36.1577262878418,36.33003771132906,36.00355655052477,36.25748480470011,32000
2017-08-25,36.13959503173828,36.37538856424891,36.076112955950116,36.37538856424891,66900
2017-08-28,36.16679382324219,36.31189616371656,36.112379148247044,36.31189616371656,70500
2017-08-29,36.30283737182617,36.32097560284536,35.97635613250847,35.97635613250847,17400
2017-08-30,36.75627899169922,36.792555450009836,36.27562802738073,36.27562802738073,27500
2017-08-31,37.1190185546875,37.146224155396915,36.86509038936823,36.89229599007764,26100
2017-09-01,37.218788146972656,37.273199364633996,37.1190296352431,37.264131981528045,30800
2017-09-05,36.8016242980957,37.10996379847009,36.602107247723296,36.94672666395383,27000
2017-09-06,37.01927185058594,37.01927185058594,36.783481830559204,36.91951333689709,66500
2017-09-07,37.01927185058594,37.13716859035574,36.94672240577498,37.08275391211286,17800
2017-09-08,36.89230728149414,37.05554785473629,36.81975437804748,37.05554785473629,30300
2017-09-11,37.300418853759766,37.32762447019099,37.12810739099192,37.12810739099192,61000
2017-09-12,37.38204574584961,37.4455278350447,37.273216341931395,37.34576927787687,10700
2017-09-13,37.43644714355469,37.51806744527229,37.40017414463513,37.40924152948665,67100
2017-09-14,37.37295913696289,37.49992326180565,37.30040969112972,37.445512042309005,63200
2017-09-15,37.44551086425781,37.490854698916124,37.25506468298519,37.45457824738434,17000
2017-09-18,37.508995056152344,37.654097411012174,37.391098311730914,37.654097411012174,43900
2017-09-19,37.42724609375,37.50898494194743,37.336426691103135,37.50898494194743,20000
2017-09-20,37.30918502807617,37.49990787006967,37.118458721544215,37.43633358940517,21900
2017-09-21,37.20928955078125,37.36368327552911,37.12755067752086,37.36368327552911,18300
2017-09-22,37.32734680175781,37.33643082175037,37.10029480548303,37.16386908727689,26300
2017-09-25,37.05488967895508,37.254696569024446,36.88233138769268,37.24561254790914,167200
2017-09-26,37.06398010253906,37.23653842360936,36.93682803673303,37.218373842779926,39000
2017-09-27,37.345516204833984,37.472664784858104,37.16387389142568,37.20020304701514,19300
2017-09-28,37.272857666015625,37.318267373734756,37.21836393802949,37.318267373734756,7800
2017-09-29,37.599822998046875,37.599822998046875,37.354606354396275,37.36368691251391,27200
2017-10-02,37.65430450439453,37.790537096200914,37.499910800583436,37.56348508621609,208800
2017-10-03,37.77237319946289,37.77237319946289,37.663389202779584,37.690634335815716,110800
2017-10-04,37.92676544189453,37.96309459423275,37.808700893603316,37.82686546977242,31300
2017-10-05,38.16290283203125,38.16290283203125,37.93585081860736,37.9721799722445,14700
2017-10-06,38.09025192260742,38.14474566364684,38.01759706576099,38.108416502953894,46900
2017-10-09,37.90861129760742,38.190153618627505,37.872282138592155,38.190153618627505,82400
2017-10-10,38.01759338378906,38.09933225516212,37.872280219630206,37.963099648027324,15500
2017-10-11,37.990352630615234,37.9994331886868,37.91769430788463,37.9631040273215,44500
2017-10-12,37.87228775024414,37.98127177889914,37.85412316804501,37.98127177889914,17500
2017-10-13,38.04484176635742,38.081170926632446,37.95402233020927,38.0085126060824,11800
2017-10-16,38.0357551574707,38.217397465409036,37.97218086937311,38.217397465409036,13800
2017-10-17,38.09025192260742,38.09025192260742,37.97218734716454,38.06300678435744,17400
2017-10-18,38.06301498413086,38.13567332116926,38.00852123135206,38.12658929676936,26500
2017-10-19,38.053916931152344,38.053916931152344,37.80870035318239,37.96309405160499,11700
2017-10-20,38.2173957824707,38.30821520017113,38.208311761977434,38.29913117967786,7700
2017-10-23,38.026668548583984,38.380869119461416,38.026668548583984,38.380869119461416,8100
2017-10-24,38.0357551574707,38.12657457917044,38.02667113657741,38.02667113657741,7300
2017-10-25,37.85411834716797,38.09025095660465,37.59982115784548,37.990350964041795,18200
2017-10-26,37.78145217895508,37.86319103919117,37.7178778948313,37.79053619928056,47600
2017-10-27,37.99943161010742,37.99943161010742,37.590737223074626,37.7451344201934,15000
2017-10-30,37.917686462402344,38.00850588248479,37.745128178430164,37.745128178430164,10500
2017-10-31,38.04484176635742,38.081170926632446,37.98126746814584,37.999432048283346,99900
2017-11-01,37.89951705932617,38.153814174805696,37.84502333549269,38.14473361976929,39100
2017-11-02,37.74512481689453,37.863189359579266,37.6815505355909,37.863189359579266,10900
2017-11-03,38.072078704833984,38.072078704833984,37.84502669882365,37.92676555956891,43200
2017-11-06,38.135650634765625,38.16289576267715,38.01758263958544,38.072072895408496,25900
2017-11-07,38.135650634765625,38.17197631713495,38.04482776749697,38.14473118922342,15300
2017-11-08,38.24464797973633,38.24464797973633,38.099334805849,38.11749938565233,15500
2017-11-09,37.99943161010742,38.12658020506443,37.75421497788774,37.93585731262892,13300
2017-11-10,38.09025192260742,38.1629102439933,37.899529025778655,37.899529025778655,18900
2017-11-13,38.208316802978516,38.208316802978516,37.981264764232726,37.981264764232726,11600
2017-11-14,38.099334716796875,38.13566387631863,37.93585696348831,38.13566387631863,11600
2017-11-15,38.026668548583984,38.09932685262993,37.78145196923685,38.04483312459547,9300
2017-11-16,38.6079216003418,38.65333477320155,38.06299817141148,38.06299817141148,20500
2017-11-17,38.70781707763672,38.735065668657,38.598833107169455,38.598833107169455,6400
2017-11-20,38.65333557128906,38.85313898493496,38.58976128541918,38.85313898493496,16800
2017-11-21,38.93487548828125,38.93487548828125,38.75323319771386,38.75323319771386,11300
2017-11-22,38.98029327392578,39.00754187510854,38.925803000638766,39.00754187510854,7200
2017-11-24,38.96213912963867,39.02571343620666,38.87131621701307,39.02571343620666,44300
2017-11-27,38.82590103149414,39.016623924369924,38.77140729158418,39.016623924369924,30400
2017-11-28,39.0801887512207,39.0801887512207,38.74415276456007,38.953040186783625,21500
2017-11-29,38.644264221191406,39.052958667597494,38.58977393803051,39.052958667597494,9800
2017-11-30,38.93487548828125,38.989369214813024,38.69874293572062,38.69874293572062,48500
2017-12-01,38.71690368652344,38.8349682188713,38.21739003521224,38.61700026335356,42800
2017-12-04,38.571590423583984,39.08018462766787,38.571590423583984,38.98028120485477,21500
2017-12-05,38.50801467895508,38.87129574450716,38.462601514290284,38.462601514290284,8800
2017-12-06,38.50801467895508,38.53525980612352,38.353617541078464,38.353617541078464,42400
2017-12-07,38.63517379760742,38.807732091124734,38.444450926161075,38.50802521664319,11000
2017-12-08,38.93487548828125,39.03477892132024,38.78048179324902,38.78048179324902,15100
2017-12-11,39.062034606933594,39.08019918735228,38.92580545060264,38.962134611440014,27300
2017-12-12,39.0801887512207,39.21642133571102,39.007533913487464,39.21642133571102,6800
2017-12-13,39.24367904663086,39.27092765098678,39.1256144644006,39.1256144644006,13000
2017-12-14,39.15285110473633,39.30724481623155,39.10744139338708,39.225505949987344,16300
2017-12-15,39.48888397216797,39.53429367989032,39.152847977576236,39.152847977576236,36200
2017-12-18,39.82492446899414,39.89758278119487,39.6886953304263,39.89758278119487,33600
2017-12-19,39.720252990722656,39.82037334208394,39.674744687029616,39.74755727852627,28800
2017-12-20,39.69295883178711,39.9478081751495,39.58373818064064,39.9478081751495,16200
2017-12-21,39.69295883178711,39.87499556507248,39.63834677018293,39.87499556507248,14000
2017-12-22,39.592838287353516,39.77487501986867,39.45630986995168,39.77487501986867,10700
2017-12-26,39.48359680175781,39.54730910370879,39.401680488955115,39.54730910370879,13900
2017-12-27,39.52910232543945,39.62922264208448,39.42898200879443,39.62922264208448,12200
2017-12-28,39.592838287353516,39.72936670475535,39.38349726018275,39.72936670475535,12800
2017-12-29,39.3106689453125,39.59282596650998,39.3106689453125,39.59282596650998,13900
2018-01-02,39.98419952392578,39.98419952392578,39.410785268683036,39.547313629665744,34600
2018-01-03,40.41199493408203,40.41199493408203,39.975105461962606,40.120737600709944,34500
2018-01-04,40.43019485473633,40.603131280796354,40.366482531049336,40.603131280796354,35400
2018-01-05,40.75784683227539,40.83976314612207,40.557609654474696,40.68503426000062,30100
2018-01-08,40.97629928588867,40.97629928588867,40.748754312158994,40.86707867067544,78900
2018-01-09,40.958099365234375,41.03091543069523,40.85797901125625,40.9945073979648,13800
2018-01-10,40.803375244140625,40.821575790590224,40.5940307672936,40.675947114562845,13300
2018-01-11,41.09462356567383,41.09462356567383,40.75785450531535,40.75785450531535,25500
2018-01-12,41.385887145996094,41.431395453161734,41.194746700602366,41.21295071788088,36500
2018-01-16,41.28575134277344,41.74084118831184,41.149223000287925,41.60431284582633,32800
2018-01-17,41.72264099121094,41.795453567680816,41.35856769268064,41.54060434194579,28000
2018-01-18,41.7408561706543,41.77726420465996,41.52241143868155,41.73175242612227,51900
2018-01-19,41.8682861328125,41.88649015212634,41.69535315742352,41.85918585918641,14600
2018-01-22,42.18684005737305,42.2050440733499,41.84097416999582,41.90468648988431,34400
2018-01-23,42.49629211425781,42.49629211425781,42.305155196289014,42.33245947826733,17200
2018-01-24,42.232357025146484,42.64193528276337,42.041216569922284,42.5327146455363,25200
2018-01-25,42.19594192504883,42.58731957099517,42.15953389471408,42.37797860466169,26300
2018-01-26,42.73295593261719,42.77846424271842,42.33247447077876,42.33247447077876,33700
2018-01-29,42.66013717651367,42.787561825609785,42.478100475492965,42.787561825609785,22700
2018-01-30,42.205039978027344,42.44168869070251,42.01390303690865,42.31426406329005,35900
2018-01-31,42.17774200439453,42.40528700798491,42.03211334097914,42.36887897411576,38700
2018-02-01,41.89558792114258,42.241457323305376,41.81367157515827,41.92289568451165,10500
2018-02-02,41.14923095703125,41.67713694652213,41.14013068606722,41.67713694652213,33400
2018-02-05,39.53823471069336,41.2766791087541,39.53823471069336,40.9035052894446,265700
2018-02-06,40.18444061279297,40.37557754251167,38.382281506112285,39.0194080772351,68800
2018-02-07,40.20265197753906,40.74876210212699,40.047923032412406,40.26636777665986,21500
2018-02-08,38.36407470703125,40.029701707546316,38.36407470703125,40.029701707546316,29300
2018-02-09,38.864681243896484,39.13773451119033,37.59953177685516,38.828273215707796,40500
2018-02-12,39.49270248413086,39.720247442875156,39.04671630934593,39.18324120135619,29500
2018-02-13,39.501808166503906,39.547316466075266,39.21055088277435,39.25605918234571,23500
2018-02-14,40.26636505126953,40.29366934042937,39.39258960548178,39.4198973667028,40000
2018-02-15,40.857967376708984,40.857967376708984,40.22084087359643,40.53030211956195,24900
2018-02-16,40.812469482421875,41.1492350949261,40.712349131446324,40.89438581757815,85200
2018-02-20,40.703250885009766,41.121932853504376,40.584926512326966,40.584926512326966,36900
2018-02-21,40.61222839355469,41.2766593403539,40.61222839355469,40.90348569976637,22500
2018-02-22,40.51210403442383,40.939889679614915,40.51210403442383,40.75785301323186,69600
2018-02-23,41.26757049560547,41.31307881129092,40.666851701196435,40.92170104668453,22600
2018-02-26,41.72264099121094,41.72264099121094,41.404079459042144,41.55880835407833,26600
2018-02-27,41.27665710449219,41.85917515742286,41.231148803873126,41.6953424975456,19000
2018-02-28,41.04910659790039,41.540604511301986,40.9580900089269,41.367671603428235,13900
2018-03-01,40.40289306640625,41.01271552352716,40.0661274100609,40.939899450770625,17400
2018-03-02,40.821563720703125,40.821563720703125,39.85677532930792,40.038811988533965,22800
2018-03-05,41.240257263183594,41.322173602489606,40.530314498511096,40.60313056547697,18000
2018-03-06,41.51331329345703,41.61343365607241,41.258463986480734,41.52241356639416,8700
2018-03-07,41.658935546875,41.73174813533864,41.14013326785093,41.14013326785093,23400
2018-03-08,41.97749328613281,42.0412055972249,41.731744312465956,42.0412055972249,20200
2018-03-09,42.73295593261719,42.73295593261719,42.17774552202228,42.29606990593468,12700
2018-03-12,42.9058952331543,42.97871131771383,42.64194213471902,42.8603869163356,27800
2018-03-13,42.39617919921875,43.14252640055987,42.3233631444242,43.06061007494631,88400
2018-03-14,42.32337188720703,42.66924127480654,42.11403089451982,42.66924127480654,23900
2018-03-15,42.27785873413086,42.46899568745284,42.095822052464776,42.450791672080136,7100
2018-03-16,42.32337188720703,42.469000554818194,42.2960675970491,42.40528822974215,8800
2018-03-19,41.467796325683594,42.05941116077976,41.185639314690825,42.05941116077976,26500
2018-03-20,41.507869720458984,41.64450004382409,41.435002762743466,41.49876265373959,22600
2018-03-21,41.444122314453125,41.80846763674968,41.444122314453125,41.63540204506429,16800
2018-03-22,40.49681854248047,41.13442098197888,40.49681854248047,41.10709630481519,27500
2018-03-23,39.458431243896484,40.53324567689655,39.458431243896484,40.44216112141643,19100
2018-03-26,40.61522674560547,40.64255141972667,39.740802427193174,40.35107664692257,37000
2018-03-27,39.622406005859375,40.92493595253013,39.403798099047904,40.92493595253013,36200
2018-03-28,39.476661682128906,39.85011404043597,39.37646655373971,39.60418149111363,19800
2018-03-29,40.068729400634766,40.26911622022439,39.476669062906005,39.63151358143685,15100
2018-04-02,38.993896484375,39.86832077132157,38.63865836031554,39.859210230506754,116600
2018-04-03,39.3764762878418,39.431129137197566,38.8390687638028,39.176085981525716,155500
2018-04-04,40.032291412353516,40.132486552573944,38.66600162677595,38.66600162677595,26600
2018-04-05,40.068729400634766,40.31465852128318,39.886556721744775,40.31465852128318,28500
2018-04-06,39.08499526977539,39.795464827166626,38.84817324219648,39.585967482670604,21300
2018-04-09,39.35824966430664,39.9503099022092,39.16696994731816,39.40379195768662,17600
2018-04-10,40.059608459472656,40.11426129135276,39.73169841749994,39.8774358278596,7400
2018-04-11,39.73169708251953,40.11425994351828,39.72259001483915,39.81367459025827,36600
2018-04-12,40.23267364501953,40.341979317192624,39.968526957236755,40.09604676678448,62600
2018-04-13,39.9503059387207,40.4786027438936,39.77724037653071,40.41484284455642,45500
2018-04-16,40.27821731567383,40.44217234074433,40.15069751276434,40.22356448243232,47600
2018-04-17,40.86117172241211,40.897606948809305,40.53326163414622,40.74275897394844,19500
2018-04-18,41.03422546386719,41.10709590179429,40.79740348991155,40.94314089111204,21800
2018-04-19,40.36930465698242,40.888494446991224,40.3055447511676,40.888494446991224,23800
2018-04-20,39.9503059387207,40.36019348778393,39.80456852957087,40.36019348778393,13300
2018-04-23,39.904762268066406,40.30553926068714,39.83189182868784,40.1598018565838,18800
2018-04-24,39.394676208496094,40.10514555770818,39.23983175019233,40.10514555770818,46700
2018-04-25,39.32179641723633,39.48575137798159,38.984779431105586,39.30358228795589,36300
2018-04-26,40.0413932800293,40.05050382322278,39.677051469335474,39.677051469335474,18600
2018-04-27,40.01405334472656,40.31463513708826,39.759013827007195,40.31463513708826,31600
2018-04-30,39.740806579589844,40.16890824238439,39.61328678749557,40.10514834633725,17600
2018-05-01,39.74992370605469,39.75903425045477,39.412906530998775,39.549533425108386,17000
2018-05-02,39.4220085144043,39.8683313167476,39.4220085144043,39.8683313167476,76100
2018-05-03,39.3309211730957,39.46755151465409,38.802620892034135,39.32181063050972,33900
2018-05-04,39.96852493286133,40.205346927933086,39.13964273812912,39.13964273812912,10300
2018-05-07,40.27821731567383,40.35108428534181,40.15069751276434,40.20534687135182,26400
2018-05-08,40.10514450073242,40.33285938610956,39.95940711307719,40.25088188838765,23300
2018-05-09,40.51503372192383,40.57879361458378,40.09603914882886,40.12336382435354,25100
2018-05-10,40.93403244018555,40.97046766101041,40.66077523330684,40.66077523330684,28300
2018-05-11,40.8065071105957,40.90670221695561,40.651662655060164,40.90670221695561,15200
2018-05-14,40.93403244018555,41.18907551130572,40.87027254106898,40.89760069401458,18100
2018-05-15,40.60612106323242,40.66077041333763,40.45127313040952,40.66077041333763,11600
2018-05-16,40.988685607910156,41.02512082903413,40.72453546674223,40.733646009350196,10100
2018-05-17,40.897605895996094,41.07977507398368,40.678998017894905,40.842953057807215,11600
2018-05-18,40.72454071044922,40.82473584411434,40.62434557678409,40.82473584411434,25600
2018-05-21,40.7609748840332,41.06156027726907,40.68810443428355,40.99779689641098,10100
2018-05-22,40.65166091918945,41.07065546002713,40.65166091918945,40.99778503136669,11500
2018-05-23,40.852054595947266,40.852054595947266,40.52414803517176,40.52414803517176,11700
2018-05-24,40.943138122558594,40.97957333905842,40.55146823181924,40.824725406260924,33700
2018-05-25,40.924922943115234,41.1162026291111,40.78829261045893,40.78829261045893,19600
2018-05-29,40.71541976928711,40.8520466075635,40.50592250420742,40.706309228610095,31300
2018-05-30,41.061553955078125,41.15263852858673,40.833839046652855,40.97046590691576,28400
2018-05-31,40.71541976928711,40.98867692049309,40.706309228610095,40.979569854469275,18900
2018-06-01,41.234615325927734,41.2983752212187,40.83383834486256,40.83383834486256,31100
2018-06-04,41.535213470458984,41.58075924893338,41.271066718444786,41.271066718444786,22500
2018-06-05,41.626285552978516,41.71737012560729,41.48054815198025,41.6718278392929,25600
2018-06-06,41.93598556518555,41.96331024699594,41.598964941137076,41.73559529949774,28100
2018-06-07,41.762916564941406,42.081719550152194,41.56252979030036,41.95419974592951,17300
2018-06-08,41.872222900390625,41.872222900390625,41.535202298536426,41.58985513321244,9900
2018-06-11,42.017948150634766,42.127250313680904,41.726473399409656,41.726473399409656,19800
2018-06-12,42.24568557739258,42.38231248549898,41.99064242788168,41.99064242788168,11700
2018-06-13,42.30033493041992,42.58270276648524,42.1272727903731,42.39142301043533,16800
2018-06-14,42.64644241333008,42.7193128427037,42.473380355547704,42.528029702924606,15000
2018-06-15,42.71931076049805,42.71931076049805,42.345858514794166,42.66465794113169,17600
2018-06-18,42.44606018066406,42.546255302547706,42.254780479606545,42.46427779142963,20100
2018-06-19,42.24428176879883,42.308191144260874,41.89734267143362,41.997772685102476,30700
2018-06-20,42.563838958740234,42.60948802615901,42.35385046237338,42.37211078590101,8800
2018-06-21,42.20775604248047,42.66425351663595,42.107326040918366,42.62773288283167,21600
2018-06-22,42.18950271606445,42.33558179268645,42.02516331951472,42.33558179268645,13000
2018-06-25,41.30390930175781,41.952135135121296,41.08478889521767,41.952135135121296,42100
2018-06-26,41.30390930175781,41.513897804841726,41.17608703297565,41.48650557727377,18700
2018-06-27,40.69219207763672,41.532149396158715,40.69219207763672,41.532149396158715,13300
2018-06-28,41.0208740234375,41.0208740234375,40.463946402215804,40.737844261708375,24800
2018-06-29,41.22173309326172,41.422589661259515,41.112171165844565,41.16695212955314,17300
2018-07-02,41.358680725097656,41.358680725097656,40.728715308244716,40.92044345909558,345800
2018-07-03,41.09390640258789,41.53214709928484,41.05738924686297,41.53214709928484,106000
2018-07-05,41.55040740966797,41.64170901361323,41.18521144228715,41.34955084658854,158200
2018-07-06,42.18950271606445,42.235151774483846,41.63257514806812,41.63257514806812,18400
2018-07-09,42.49992752075195,42.56383690862012,42.28993903449935,42.43601813288379,24400
2018-07-10,42.655147552490234,42.80122668180145,42.49080809666496,42.691664722717164,22100
2018-07-11,42.30820083618164,42.49992900648868,42.22603112279283,42.49992900648868,16900
2018-07-12,42.99294662475586,42.99294662475586,42.499928352015196,42.499928352015196,27600
2018-07-13,42.947288513183594,43.038586626180425,42.883379137525864,42.883379137525864,28800
2018-07-16,42.86512756347656,43.0294669866383,42.74643720612631,43.0294669866383,16600
2018-07-17,43.11164093017578,43.12990125485295,42.445154752062614,42.445154752062614,26800
2018-07-18,43.1298942565918,43.139022676048796,43.00207200459204,43.02033232630629,26300
2018-07-19,42.95642852783203,43.038598244831526,42.71905128027833,42.71905128027833,6600
2018-07-20,42.773826599121094,42.99294699426705,42.773826599121094,42.91077728143738,25700
2018-07-23,42.901641845703125,42.901641845703125,42.57296304813213,42.75556276709379,14000
2018-07-24,42.63688278198242,43.24858798384045,42.582101808150036,43.14815793988148,33200
2018-07-25,43.19380569458008,43.19380569458008,42.75556840100544,42.801217466061054,17100
2018-07-26,43.16641616821289,43.25771778683301,43.111638679841455,43.14815584448887,77700
2018-07-27,42.70078659057617,43.330752034632525,42.463405884490925,43.330752034632525,20100
2018-07-30,42.171241760253906,42.591222146659355,42.070815226365504,42.591222146659355,42000
2018-07-31,42.518192291259766,42.63688265948854,42.25342280936511,42.25342280936511,25800
2018-08-01,42.28994369506836,42.51819252912326,42.207773975496565,42.49993220446277,12400
2018-08-02,42.655147552490234,42.691664722717164,41.869970926391986,41.97952940267511,31200
2018-08-03,42.74643325805664,42.79208231965197,42.60035417127149,42.773821998453805,25900
2018-08-06,42.97468948364258,43.002078228778124,42.70079158388491,42.70992000466317,15800
2018-08-07,43.093379974365234,43.10250839516972,42.947300861888095,43.10250839516972,12700
2018-08-08,43.06597900390625,43.075110905657716,42.919899921083335,43.0203299435491,37700
2018-08-09,42.901641845703125,43.05684934300056,42.901641845703125,43.002068382472075,18100
2018-08-10,42.49992752075195,42.6642669417845,42.42688971295995,42.47253877818,19000
2018-08-13,42.463409423828125,42.69165824642682,42.33559064042096,42.47254132710043,12700
2018-08-14,42.58209228515625,42.68252230665521,42.472533844793766,42.52731480637502,15200
2018-08-15,42.01604080200195,42.17124831898638,41.91561076969419,42.17124831898638,10300
2018-08-16,42.31733322143555,42.49080456751043,42.235163500347674,42.49080456751043,22500
2018-08-17,42.271690368652344,42.39038075719478,42.0160527466853,42.3355997741441,30000
2018-08-20,42.4725341796875,42.4725341796875,42.189504433486036,42.33558351605452,24100
2018-08-21,42.72817611694336,42.84686647216498,42.47253856674332,42.47253856674332,17000
2018-08-22,42.846866607666016,42.846866607666016,42.48166712096782,42.67339876702461,39100
2018-08-23,42.691650390625,42.88338201325535,42.5638316307381,42.88338201325535,12100
2018-08-24,43.11164093017578,43.11164093017578,42.69166042820242,42.69166042820242,8300
2018-08-27,43.467708587646484,43.4950973332828,43.266848498844666,43.266848498844666,26200
2018-08-28,43.50422286987305,43.62290973879361,43.349011874114936,43.62290973879361,24000
2018-08-29,43.75072479248047,43.80550575388141,43.49508727154277,43.53160791247674,14600
2018-08-30,43.39466094970703,43.741600102555694,43.25771375873015,43.741600102555694,21700
2018-08-31,43.40379333496094,43.44944239912772,43.18467295103991,43.18467295103991,13800
2018-09-04,43.18467712402344,43.30336748856653,43.02946959429844,43.30336748856653,18000
2018-09-05,42.883392333984375,43.10250926572528,42.70992098998859,43.10250926572528,12600
2018-09-06,42.609500885009766,42.874270431862634,42.39038390215347,42.874270431862634,14400
2018-09-07,42.4816780090332,42.709926876019715,42.26256104709489,42.26256104709489,28600
2018-09-10,42.70991897583008,42.71905087918912,42.554711446733116,42.563839867291485,12200
2018-09-11,42.72817611694336,42.77382518193616,42.4177575990717,42.4360179216289,17800
2018-09-12,42.66426467895508,42.73730596567354,42.28993679152356,42.49079684719909,15600
2018-09-13,43.093379974365234,43.12990062318471,42.95642928269258,43.08424807075998,16600
2018-09-14,43.102500915527344,43.23031968141416,42.965553730420105,43.184670619711746,10100
2018-09-17,42.64600372314453,42.94729380217776,42.582094339616305,42.94729380217776,45800
2018-09-18,43.03860092163086,43.139030968965486,42.655144540317835,42.74644268363972,17700
2018-09-19,43.002079010009766,43.038599659387806,42.91078086936549,42.93816961499861,6400
2018-09-20,43.45857620239258,43.467708106037385,43.25771959861701,43.25771959861701,10100
2018-09-21,43.367271423339844,43.6229089614445,43.33988268220013,43.6229089614445,14500
2018-09-24,43.14815139770508,43.24858142643673,43.065981690815576,43.19380394371058,14900
2018-09-25,43.10792541503906,43.2725295692747,43.03476995116258,43.2725295692747,13600
2018-09-26,43.03476333618164,43.5468619698336,42.943314659879285,42.943314659879285,11700
2018-09-27,43.373111724853516,43.46455690643611,43.12620554848844,43.35482199085499,26000
2018-09-28,43.254234313964844,43.40969532354037,43.1627891236807,43.272524049703755,9200
2018-10-01,43.190216064453125,43.62001607439324,43.12620374234417,43.546857141463036,46300
2018-10-02,43.071346282958984,43.40055459406006,43.05306003315192,43.15364836073425,16100
2018-10-03,43.2085075378418,43.35482192118486,43.09877262243702,43.345678798405324,29500
2018-10-04,42.41293716430664,43.10792984032721,42.12945142770799,43.10792984032721,11900
2018-10-05,41.800228118896484,42.486077423580056,41.50759936130429,42.303183577982445,139800
2018-10-08,41.58076095581055,41.791087670763886,41.17839377206488,41.736218467050335,54000
2018-10-09,41.47101974487305,41.791084845616545,41.434443766613455,41.4801663557454,19700
2018-10-10,40.11760711669922,41.35213783810521,40.05359480022738,41.35213783810521,32900
2018-10-11,39.64209747314453,40.437685360016026,39.25802344920168,39.934726297599305,70900
2018-10-12,40.4742546081543,40.4742546081543,39.77011901482483,40.40109915842572,17200
2018-10-15,40.09019088745117,40.483411559352604,40.02617854443569,40.236505312688145,13700
2018-10-16,41.35215377807617,41.35215377807617,40.48341037741531,40.48341037741531,20500
2018-10-17,41.315574645996094,41.41616646532737,40.83090877657559,41.379586987677634,97300
2018-10-18,40.428531646728516,41.12352759905746,40.15419260803452,41.12352759905746,21400
2018-10-19,40.22735595703125,40.830903303710016,40.13590727516445,40.77603409458994,11000
2018-10-22,40.12675476074219,40.37366091138592,39.943860928219834,40.24563278673347,13600
2018-10-23,39.98959732055664,40.190780954630355,39.18486627267271,39.48664172378327,31100
2018-10-24,38.188087463378906,39.98958607312339,38.188087463378906,39.971296339859855,17500
2018-10-25,39.25801086425781,39.43175808295131,38.544728769357555,38.66360679290117,33100
2018-10-26,38.3801383972168,39.03855153241849,37.96862800745894,38.05093008541051,49700
2018-10-29,38.25211715698242,39.194016087236896,37.57541073427171,39.13000374178724,187500
2018-10-30,38.91053009033203,38.91053009033203,38.16066820145729,38.16066820145729,83300
2018-10-31,39.559791564941406,39.83413411364368,39.322031976264576,39.395190919494624,24300
2018-11-01,40.50169372558594,40.50169372558594,39.55979151885366,39.623807338310584,121300
2018-11-02,40.22735595703125,40.67544228874172,40.01702573294288,40.67544228874172,15800
2018-11-05,40.19077682495117,40.29136863165203,39.91643775384646,40.27307889512364,10900
2018-11-06,40.4742546081543,40.62056899602161,40.16333609788498,40.16333609788498,11900
2018-11-07,41.52589416503906,41.52589416503906,40.940636578394404,41.059518115809844,74600
2018-11-08,41.150962829589844,41.370436166248204,41.013791558127075,41.21497515936304,20800
2018-11-09,40.63885498046875,40.92234060698153,40.300503643825,40.92234060698153,16600
2018-11-12,39.67866516113281,40.55655137370723,39.61465284282487,40.55655137370723,14500
2018-11-13,39.724395751953125,40.33708969288818,39.67867315657837,39.8798567623198,34300
2018-11-14,39.67866516113281,40.23648978216751,39.486628206208984,40.23648978216751,7200
2018-11-15,40.43767547607422,40.43767547607422,39.413471352411925,39.54149948417714,25600
2018-11-16,40.23649978637695,40.42853678904794,39.925581239400344,40.08104225709394,9000
2018-11-19,39.26716613769531,40.10847661496747,39.258023013212345,40.10847661496747,11100
2018-11-20,38.608734130859375,39.093399724604524,38.407550606629,38.563008065600464,99700
2018-11-21,38.97452926635742,39.294594371723676,38.873937475768315,38.873937475768315,14100
2018-11-23,39.01112365722656,39.17572783417611,38.70020504392313,38.70020504392313,4300
2018-11-26,39.651241302490234,39.73354337161593,39.28545355339592,39.28545355339592,13700
2018-11-27,39.73354721069336,39.87986162678597,39.51407384234903,39.51407384234903,18300
2018-11-28,40.821746826171875,40.821746826171875,39.84326884132844,40.017016062271125,76300
2018-11-29,40.730308532714844,40.7851742494302,40.29136535694064,40.428533137139304,49000
2018-11-30,40.766883850097656,40.785170094866544,40.53826741797753,40.53826741797753,22800
2018-12-03,41.26984405517578,41.699640624932634,41.16010564346694,41.47102416648802,38900
2018-12-04,40.00788497924805,41.25155921903439,39.889003429983276,41.25155921903439,18300
2018-12-06,40.03531265258789,40.08103873450944,39.111703705383164,39.20314889240571,22800
2018-12-07,38.828216552734375,40.14504952110424,38.828216552734375,39.78840493323064,12000
2018-12-10,39.11170196533203,39.19400402535488,38.38013003646792,38.791636848172026,216800
2018-12-11,39.303733825683594,39.834125585315434,39.038537945867674,39.57807282724056,14800
2018-12-12,39.623809814453125,40.16334135601533,39.623809814453125,39.90729201582844,10200
2018-12-13,39.431766510009766,39.806697369303905,39.349464443900786,39.806697369303905,13200
2018-12-14,38.7093391418457,39.15742543211181,38.70019253029975,39.06598024711348,23700
2018-12-17,37.913753509521484,38.8373659765433,37.71257339354883,38.54473718202817,19800
2018-12-18,38.02349853515625,38.389282847696165,37.69429021198262,38.33441363103023,59100
2018-12-19,37.209617614746094,38.35270003274111,36.90784567036897,37.93204654013751,51000
2018-12-20,36.50548553466797,37.26449408244104,36.43233005964568,36.916995982953885,44100
2018-12-21,35.72818374633789,37.04501343488146,35.673314534494565,36.9169887623244,132000
2018-12-24,34.97831726074219,35.81048100897768,34.97831726074219,35.59100767949998,32900
2018-12-26,36.907840728759766,36.907840728759766,35.06976249321499,35.17035429067598,59500
2018-12-27,37.15998077392578,37.15998077392578,35.85805365213244,36.38065859510695,16800
2018-12-28,37.077457427978516,37.52671600834334,36.875752563180114,37.21498649273555,30200
2018-12-31,37.18748092651367,37.44419810876225,36.97660559859387,37.29750207640459,23200
2019-01-02,37.42585754394531,37.59089100376255,36.582356302665204,36.582356302665204,93100
2019-01-03,36.35314178466797,37.150801136652454,36.35314178466797,37.04994697194579,183500
2019-01-04,38.06765365600586,38.11349550616243,37.022444083396614,37.09579034414533,187500
2019-01-07,38.452735900878906,38.819477759205405,37.98514335414671,37.98514335414671,144200
2019-01-08,38.7919807434082,38.938676815218706,38.37022647663155,38.84698958439325,30300
2019-01-09,39.25038528442383,39.39708127729741,39.06701441895476,39.103689291550246,12400
2019-01-10,39.50712203979492,39.50712203979492,38.88366288573261,39.01202150612601,150400
2019-01-11,39.43376541137695,39.47961076570898,39.06702705928715,39.30540681327005,71900
2019-01-14,39.0578498840332,39.277895655517604,38.96616618612822,39.04868291324626,22700
2019-01-15,39.47043228149414,39.60796132154642,39.11286097436875,39.11286097436875,31500
2019-01-16,39.50712203979492,39.71799741579981,39.488784594380135,39.488784594380135,27000
2019-01-17,39.837188720703125,39.95638036612231,39.39710052705159,39.39710052705159,15200
2019-01-18,40.51565170288086,40.57066403185803,40.05722612059998,40.313946824983816,25600
2019-01-22,39.66297912597656,40.15807958532883,39.55295796751258,40.10307075485162,151200
2019-01-23,39.60797119140625,40.103071661957365,39.332916540269956,39.77300468158995,194200
2019-01-24,40.21308135986328,40.26809017590407,39.864677035734154,39.864677035734154,12600
2019-01-25,40.96491241455078,40.992416831695955,40.45147447694546,40.45147447694546,94500
2019-01-28,40.56149673461914,40.62567603582425,40.21309231557026,40.433134634699314,22600
2019-01-29,40.359779357910156,40.73568810862011,40.15807102911156,40.73568810862011,55500
2019-01-30,41.203285217285156,41.25829753977484,40.48814251246534,40.66234295408552,22800
2019-01-31,41.680049896240234,41.71672477940459,41.230794818759584,41.25829923237817,53100
2019-02-01,41.82672882080078,41.93675342528471,41.588349172768126,41.68920331145777,21900
2019-02-04,42.083465576171875,42.120136960920746,41.71672374860896,41.90009466239042,46300
2019-02-05,42.376861572265625,42.477715759081285,42.12014087014133,42.12014087014133,37700
2019-02-06,42.41352844238281,42.53272005933277,42.26683241287104,42.41352844238281,24100
2019-02-07,41.8450813293457,42.19348570737308,41.62503903612466,42.09263153235127,43700
2019-02-08,41.98261260986328,42.000950051521365,41.52418706093927,41.63420821337841,9100
2019-02-11,42.083465576171875,42.24849904882426,41.99177837052651,42.24849904882426,26000
2019-02-12,42.761932373046875,42.85361957646801,42.358519170521426,42.358519170521426,18300
2019-02-13,42.83528518676758,43.073664937622986,42.71609356258515,43.073664937622986,63300
2019-02-14,42.89030075073242,43.0003254199527,42.49605442980139,42.82612144244225,19400
2019-02-15,43.18368148803711,43.18368148803711,42.954468733859606,43.13783963670342,17200
2019-02-19,43.12867736816406,43.293710848967734,42.97281085962306,42.97281085962306,21100
2019-02-20,43.20201873779297,43.35788522865188,43.00031389331133,43.27536849761106,29300
2019-02-21,42.91780090332031,43.20202250361775,42.76193439887486,43.20202250361775,15900
2019-02-22,43.1195068359375,43.183686134211584,42.95447335537286,43.00031870914816,13100
2019-02-25,43.42206954956055,43.706291158005996,43.330382339167286,43.55042814660165,34700
2019-02-26,43.32121276855469,43.422066945183495,43.20202115094708,43.357887650512296,29000
2019-02-27,43.12867736816406,43.22036108082857,42.87195667718643,43.10116945635715,15600
2019-02-28,43.14701461791992,43.25703577212892,42.9819811378517,43.192856474047886,10700
2019-03-01,43.48624038696289,43.532082234485344,43.17451092729794,43.477069918953134,33000
2019-03-04,43.14701461791992,43.73379877038052,42.771105801655516,43.73379877038052,58500
2019-03-05,43.18368148803711,43.40372727095149,43.073660345334446,43.40372727095149,17000
2019-03-06,42.826107025146484,43.26619506134316,42.7619277384621,43.26619506134316,9400
2019-03-07,42.2668342590332,42.716092836385016,42.193487989828256,42.716092836385016,41300
2019-03-08,42.1843147277832,42.1843147277832,41.74422664915764,41.90926011583087,30900
2019-03-11,42.98197937011719,43.00031681131609,42.376857800590564,42.376857800590564,33000
2019-03-12,43.08283615112305,43.16535289274932,42.908632197962305,43.12867800813553,49800
2019-03-13,43.42206954956055,43.642111859485446,43.22953165399889,43.4495739639238,31100
2019-03-14,43.3028678894043,43.44956389452739,43.229521635597074,43.38538461088032,7600
2019-03-15,43.678775787353516,43.862146664634224,43.50457537756657,43.50457537756657,35500
2019-03-18,43.7246208190918,43.96300402618345,43.467903670693566,43.77963313553806,26700
2019-03-19,43.81462097167969,44.08094418356602,43.70441959212761,43.89727288215342,189400
2019-03-20,43.81462097167969,44.03502723402254,43.48401332978475,43.83298845214482,27800
2019-03-21,44.44828796386719,44.59522430824201,43.5482989134278,43.5482989134278,66500
2019-03-22,43.49320602416992,44.32890725591373,43.4381035736495,44.18197089109853,31700
2019-03-25,43.392181396484375,43.438098348108014,43.07075923188003,43.392181396484375,32100
2019-03-26,43.71360778808594,43.94319607164361,43.50238698760158,43.89727911557992,17000
2019-03-27,43.36463165283203,43.64013686407623,43.17177485204614,43.566666939350405,34900
2019-03-28,43.5574951171875,43.695249506582435,43.337088794803535,43.4932106696671,8800
2019-03-29,43.934017181396484,44.03503659380734,43.79626280024724,43.79626280024724,11300
2019-04-01,44.7054328918457,44.73298236609152,44.402374662184336,44.402374662184336,132300
2019-04-02,44.79726791381836,44.79726791381836,44.54013013920596,44.696248501437935,17600
2019-04-03,45.11870193481445,45.366657764475704,44.99931501610939,45.054417479336365,78400
2019-04-04,45.01766586303711,45.20133716932603,44.769710125032894,45.17378419627748,103200
2019-04-05,45.366641998291016,45.41255895006935,45.20133816929791,45.30235756515357,31700
2019-04-08,45.45848083496094,45.4952158016656,45.10032366768862,45.4952158016656,45700
2019-04-09,45.146244049072266,45.348282878034546,45.04522463459112,45.348282878034546,37200
2019-04-10,45.366641998291016,45.458475901847684,45.1646032065797,45.22888763971714,102000
2019-04-11,45.265621185302734,45.49520944024555,45.19215126216643,45.49520944024555,19900
2019-04-12,45.57787322998047,45.596240715551204,45.42175135424905,45.50440328769753,15000
2019-04-15,45.50440216064453,45.71562298461698,45.293181336672085,45.71562298461698,35500
2019-04-16,45.60541534423828,45.77990117413201,45.504395941527505,45.623782826843794,21200
2019-04-17,45.46766662597656,45.88092627785313,45.3115482592896,45.88092627785313,26400
2019-04-18,45.385013580322266,45.53195345581377,45.09114083581815,45.52276796197582,46200
2019-04-22,45.375823974609375,45.375823974609375,45.201338156605146,45.247255108370595,24700
2019-04-23,45.95439147949219,46.02785790822943,45.47684743136305,45.47684743136305,33200
2019-04-24,45.981937408447266,46.11969176866645,45.86255052980656,46.000304890025745,21000
2019-04-25,45.862545013427734,45.89009798410083,45.394186550847,45.80744607855852,17200
2019-04-26,45.91764450073242,45.96356144458551,45.440100577536214,45.83499260050158,19100
2019-04-29,46.00948715209961,46.08295707884933,45.853368812614825,45.93602072858881,14800
2019-04-30,46.229896545410156,46.229896545410156,45.75235249906306,45.926838331997146,12400
2019-05-01,45.724796295166016,46.3033561575754,45.724796295166016,46.3033561575754,13400
2019-05-02,45.862545013427734,46.07376577131618,45.522755403193145,45.67887722621238,32700
2019-05-03,46.44112014770508,46.450305641341934,46.01867852463314,46.09214495753117,18600
2019-05-06,46.00030517578125,46.09213908100524,45.22888846088732,45.45847672718624,30100
2019-05-07,45.00847625732422,45.72479393605819,44.68705412812456,45.72479393605819,84600
2019-05-08,44.9442024230957,45.19215819687123,44.72379962634365,44.92583493949315,263400
2019-05-09,44.87992477416992,44.89829226055219,44.05340890640706,44.51258555624415,18900
2019-05-10,44.82481384277344,45.04521661399768,43.89727529609133,44.70542696480429,33500
2019-05-13,43.38301086425781,43.91565394958504,43.18097201987174,43.91565394958504,44500
2019-05-14,44.02585220336914,44.21870904245931,43.612596056043344,43.612596056043344,24400
2019-05-15,44.384010314941406,44.56767814604905,43.7136094190891,43.7136094190891,30300
2019-05-16,44.75135040283203,44.99930618382552,44.44829567266626,44.44829567266626,67500
2019-05-17,44.26462173461914,44.85236717953119,44.20951928544394,44.39319061278875,42800
2019-05-20,43.502384185791016,43.777889407668226,43.39218279768792,43.69524099402013,29300
2019-05-21,44.00746536254883,44.191136626819564,43.8513470650234,43.8513470650234,28400
2019-05-22,43.7962532043457,43.95237503565734,43.70441930586027,43.906458086414624,15800
2019-05-23,43.125858306884766,43.32789709854483,42.868720574400214,43.32789709854483,52400
2019-05-24,43.05239486694336,43.43810149238806,43.05239486694336,43.31871460693365,13900
2019-05-28,42.831974029541016,43.36462033507108,42.79523907676558,43.125846645268666,13900
2019-05-29,42.40035629272461,42.61158056539669,42.207503003664364,42.56566011284444,114200
2019-05-30,42.556480407714844,42.79525065890028,42.43709353050269,42.4554610118614,63200
2019-05-31,42.060577392578125,42.317718680154464,41.987110955584576,42.09731236269468,148000
2019-06-03,41.684043884277344,42.29934224215922,41.537107538150735,42.060568490179215,202800
2019-06-04,42.923828125,42.96974508222931,42.08812689176515,42.08812689176515,84300
2019-06-05,43.21770095825195,43.32790235651304,42.74933888497357,43.32790235651304,132800
2019-06-06,43.4748420715332,43.566675993286395,43.13505235715892,43.33708768566385,59100
2019-06-07,44.035030364990234,44.20951618695717,43.612588793972016,43.612588793972016,32000
2019-06-10,44.512577056884766,44.83399924910152,44.33808772119068,44.33808772119068,48700
2019-06-11,44.485015869140625,44.94419234653851,44.32889754837983,44.90746089080794,17100
2019-06-12,44.25543212890625,44.420735957831326,44.2370646475547,44.31971656201724,12500
2019-06-13,44.46665573120117,44.53094367163038,44.38400731473308,44.53094367163038,36900
2019-06-14,44.20033645629883,44.30135585958237,44.145234008169865,44.30135585958237,11200
2019-06-17,44.24625015258789,44.44828894427423,44.24625015258789,44.27379962300371,47000
2019-06-18,44.962562561035156,45.2564352441866,44.71460682776887,44.71460682776887,30900
2019-06-19,45.31153869628906,45.34827365831174,44.944196082539875,45.026847995471506,16400
2019-06-20,45.6972541809082,45.991130431041796,45.39419944334092,45.92684248337169,17100
2019-06-21,45.55950164794922,45.71562000640367,45.42174727017465,45.64215357396609,15000
2019-06-24,45.366641998291016,45.62377973084079,45.366641998291016,45.62377973084079,16700
2019-06-25,44.80894470214844,45.45314877614095,44.79974334151316,45.45314877614095,14800
2019-06-26,45.02981948852539,45.361124667327424,45.01141325518861,45.14025337791605,23000
2019-06-27,45.41633224487305,45.44394334556559,45.25988455367628,45.25988455367628,10000
2019-06-28,45.66481399536133,45.68322022678535,45.46235247095642,45.62800504314296,8300
2019-07-01,46.33662796020508,46.71394694668013,46.143367786539045,46.677137992622214,155600
2019-07-02,46.35502243041992,46.47466115498312,46.16176230579173,46.26299480268144,44600
2019-07-03,46.69553756713867,46.69553756713867,46.483867680678685,46.53908636983729,14300
2019-07-05,46.52989959716797,46.52989959716797,46.07895560424418,46.474680890698586,36600
2019-07-08,46.20779037475586,46.2998215415149,46.06054401857144,46.235401480098595,47700
2019-07-09,46.38264465332031,46.428658478227156,45.96851320789909,45.96851320789909,25900
2019-07-10,46.667930603027344,46.90720809995709,46.465469079428715,46.64032301131609,20600
2019-07-11,46.64952087402344,46.7875658434888,46.48386831491676,46.7875658434888,16300
2019-07-12,46.97162628173828,46.9900325123552,46.6219149212759,46.70474120373727,25200
2019-07-15,47.04524230957031,47.054447179140105,46.84278081721361,47.0176347221192,21900
2019-07-16,46.76917266845703,47.00845021423728,46.70475260089244,46.99004397912877,13000
2019-07-17,46.704750061035156,46.898010253219226,46.704750061035156,46.87040265737299,7200
2019-07-18,46.92560958862305,46.953217177544055,46.5758982495633,46.59430447905375,13300
2019-07-19,46.58510208129883,47.19249364420082,46.58510208129883,47.19249364420082,6700
2019-07-22,46.79677963256836,46.89801216898014,46.713953331016036,46.713953331016036,16200
2019-07-23,47.229305267333984,47.23851013771908,46.815173865740384,47.04524647655578,20600
2019-07-24,47.69865417480469,47.744667993699174,47.27531791333909,47.27531791333909,14300
2019-07-25,47.0728645324707,47.45018352953465,47.02684719500464,47.45018352953465,17400
2019-07-26,47.35814666748047,47.38575776876415,47.256914154242565,47.256914154242565,28400
2019-07-29,47.266117095947266,47.39495719458135,46.944013338732674,47.376550964686565,8400
2019-07-30,47.15568161010742,47.20169542795174,46.91640414031015,46.92560901025657,13200
2019-07-31,46.39183807373047,47.164882135994375,46.29981043966802,47.164882135994375,20600
2019-08-01,46.1065559387207,47.220110191330306,45.83046947112828,46.51148603444416,38500
2019-08-02,45.40712356567383,45.73842863554408,45.13103717765825,45.73842863554408,19200
2019-08-05,43.72299575805664,44.47763712271755,43.39169415996391,44.47763712271755,157900
2019-08-06,44.24755859375,44.34878757618516,43.7506009972334,44.03588873881865,241600
2019-08-07,44.51445007324219,44.56966876653697,43.5573506305399,43.84263843598891,160500
2019-08-08,45.53597640991211,45.55438264235632,44.71691837460891,44.71691837460891,76100
2019-08-09,45.0482292175293,45.361128187274986,44.707722650951155,45.361128187274986,63000
2019-08-12,44.42240524291992,44.77211647723673,44.247551381075645,44.74450538595628,46000
2019-08-13,45.3058967590332,45.65560810009427,44.33959252434566,44.41321393209943,26200
2019-08-14,43.98068618774414,44.65249786736814,43.907061258707614,44.50525151992493,110400
2019-08-15,43.95306396484375,44.14632759935809,43.676977572060494,44.14632759935809,21800
2019-08-16,44.68930435180664,44.76292576036171,44.36720059631878,44.36720059631878,21600
2019-08-19,45.37031555175781,45.45314182733206,45.204663000609315,45.25067681801074,19600
2019-08-20,45.10344696044922,45.36113075109433,45.10344696044922,45.15866566786543,12600
2019-08-21,45.434749603271484,45.56358973596145,45.36112817486164,45.499169669616464,23700
2019-08-22,45.388729095458984,45.66481555498941,45.04822257905912,45.57278790535587,49700
2019-08-23,43.98068618774414,45.361122011510396,43.87024879418935,45.11264314195689,42500
2019-08-26,44.5052604675293,44.51446183019384,44.18315660418157,44.468447995610035,25400
2019-08-27,44.459232330322266,44.818145039495775,44.32118736034965,44.818145039495775,10900
2019-08-28,44.62489700317383,44.68931707047961,44.07272048402807,44.11873431629929,13700
2019-08-29,45.32430648803711,45.46235146534896,45.08503250607678,45.18626151072525,23700
2019-08-30,45.22307205200195,45.50836335470214,45.075825720750444,45.45314466399678,25400
2019-09-03,44.77214813232422,45.09424850309402,44.588089273042584,44.94700211779486,48100
2019-09-04,45.41633224487305,45.41633224487305,45.16785691304635,45.18625963266877,13200
2019-09-05,46.25380325317383,46.44706694408486,45.913296719731505,45.913296719731505,58400
2019-09-06,46.410247802734375,46.539087904390065,46.27220283060072,46.42865403306082,21600
2019-09-09,46.35502243041992,46.603501238068574,46.18936989198749,46.603501238068574,64100
2019-09-10,46.29983139038086,46.29983139038086,45.92251230298087,46.11577252833996,61900
2019-09-11,46.67714309692383,46.704750693143716,46.29061919669422,46.60351815949714,8700
2019-09-12,46.75996398925781,47.137282973363746,46.75996398925781,46.916411697253764,51900
2019-09-13,46.74156188964844,46.980835908512134,46.70474942193706,46.81518331444106,16600
2019-09-16,46.5114860534668,46.594312344841384,46.355034831701495,46.355034831701495,9000
2019-09-17,46.67714309692383,46.695549331280496,46.38265036847758,46.44707043341081,17200
2019-09-18,46.56670379638672,46.63112385869925,46.07895089298324,46.63112385869925,8700
2019-09-19,46.493072509765625,46.79676652329619,46.47466628006236,46.64952019629939,8800
2019-09-20,46.1065559387207,46.603513686765,45.996122053809714,46.59431232578488,38700
2019-09-23,46.097347259521484,46.21698599704916,45.986913392142505,46.10654861904084,54700
2019-09-24,45.445499420166016,46.29373994515629,45.325638122622586,46.29373994515629,88000
2019-09-25,45.9249382019043,45.99869656079203,45.13201562019215,45.445496559074634,84200
2019-09-26,45.82352066040039,45.98025938247913,45.53769864600022,45.98025938247913,16300
2019-09-27,45.15046310424805,45.851183449771916,44.91074048700751,45.814302506017924,27300
2019-09-30,45.55612564086914,45.64832444809489,45.23342629841998,45.23342629841998,19900
2019-10-01,45.10435104370117,45.9064955808964,45.03059268827107,45.71287594108776,144600
2019-10-02,44.40362548828125,44.81852717869473,44.17312493995812,44.81852717869473,54200
2019-10-03,44.87385559082031,44.87385559082031,43.9057537640898,44.43129485623379,44200
2019-10-04,45.436275482177734,45.45471595156146,45.00293676171976,45.00293676171976,16900
2019-10-07,45.214988708496094,45.53768807146379,45.214988708496094,45.325627987633695,11400
2019-10-08,44.41284942626953,44.91073151601445,44.41284942626953,44.86463210411059,17000
2019-10-09,44.90150833129883,45.076687485024856,44.69866671960393,44.80930600000146,30000
2019-10-10,45.288753509521484,45.39017432866721,44.87385175717978,44.87385175717978,18700
2019-10-11,46.054012298583984,46.39515214041011,45.86961114832467,45.86961114832467,56200
2019-10-14,46.09090805053711,46.1370074736333,45.9710467367586,46.00792768209976,22600
2019-10-15,46.690208435058594,46.76397032708368,46.23842915646703,46.23842915646703,36700
2019-10-16,46.441261291503906,46.50580118006045,46.40438386744312,46.47814223272483,45800
2019-10-17,46.59800720214844,46.7824084056123,46.52424531389873,46.77318641100088,12000
2019-10-18,46.21076965332031,46.56113162859796,46.00793147155816,46.50581020602966,13600
2019-10-21,46.524253845214844,46.53347584151734,46.339852607936685,46.413614509712374,16900
2019-10-22,46.266082763671875,46.81928282132313,46.266082763671875,46.70864351322492,24000
2019-10-23,46.17388153076172,46.284520833119515,46.00792081864502,46.08167918116355,15600
2019-10-24,46.8285026550293,46.8285026550293,46.542680645371036,46.60722053188096,8800
2019-10-25,47.13276290893555,47.169643849997435,46.680983690987844,46.680983690987844,23100
2019-10-28,47.44624710083008,47.5384494597562,47.28950836639621,47.28950836639621,13900
2019-10-29,47.4370231628418,47.58454340298155,47.38170175385441,47.47390410216673,24000
2019-10-30,47.556888580322266,47.584547528634054,47.19730466646768,47.47390821822663,32800
2019-10-31,47.326377868652344,47.584537376913815,47.10509577788572,47.584537376913815,81000
2019-11-01,47.851924896240234,47.88880231837352,47.584543362104135,47.584543362104135,26200
2019-11-04,48.174625396728516,48.359026580148,48.08242656359879,48.174625396728516,77900
2019-11-05,48.15617752075195,48.36823761806571,48.063978701801446,48.294479266337206,112400
2019-11-06,47.99945068359375,48.08243104801369,47.84270843206259,48.08243104801369,42500
2019-11-07,48.03631591796875,48.37745928353255,47.97177604170738,48.303697415142715,46300
2019-11-08,48.23916244506836,48.23916244506836,47.85192314811576,48.01788385171254,35000
2019-11-11,48.22072219848633,48.22072219848633,47.99022161100106,48.017884073167984,17300
2019-11-12,48.20228576660156,48.39590894934754,48.100864936867985,48.22072623720404,18600
2019-11-13,48.174625396728516,48.24838727696032,47.99944620691802,48.01788667697598,40100
2019-11-14,48.137752532958984,48.27605432301729,47.90725189430223,48.06399415751235,10500
2019-11-15,48.46044921875,48.561866532120526,48.31292896993086,48.561866532120526,23800
2019-11-18,48.414344787597656,48.49732514481735,48.3129274773603,48.349804900555675,14600
2019-11-19,48.598751068115234,48.663290961924645,48.34059149287757,48.60797306275111,62100
2019-11-20,48.23916244506836,48.63562373508736,47.99022138967319,48.44200408661106,27600
2019-11-21,48.14697265625,48.23917150126393,48.0363298216407,48.22073102882905,16800
2019-11-22,48.27604293823242,48.27604293823242,47.9902209475247,48.26682094525099,16500
2019-11-25,48.90301513671875,48.90301513671875,48.506553766623846,48.506553766623846,25000
2019-11-26,48.930660247802734,48.949100715284594,48.73704061498251,48.90300130515972,14900
2019-11-27,49.26258087158203,49.27179934660162,49.078179716755,49.10583865897324,37800
2019-11-29,49.05973815917969,49.20725837633071,49.02285722560208,49.142718501149595,6400
2019-12-02,48.488101959228516,49.13350428412803,48.3682406732941,49.13350428412803,49800
2019-12-03,48.1654167175293,48.1654167175293,47.778173801863915,47.90725360136546,39100
2019-12-04,48.46044921875,48.552648055326905,48.4327867540488,48.46966769554363,14900
2019-12-05,48.524986267089844,48.59874462860145,48.31292614164903,48.59874462860145,41200
2019-12-06,49.01365280151367,49.096633167271534,48.90301348622333,48.90301348622333,11300
2019-12-09,48.773929595947266,49.087410560533264,48.773929595947266,48.995208207913784,12800
2019-12-10,48.74626922607422,48.97676984178671,48.72782875475799,48.773931691628704,21400
2019-12-11,49.078182220458984,49.096622688598366,48.866122112595555,48.866122112595555,16200
2019-12-12,49.73280715942383,49.77891009219667,49.01364642781511,49.01364642781511,35900
2019-12-13,49.70515060424805,50.0186315695176,49.557630356895324,49.69593212754606,11800
2019-12-16,50.147701263427734,50.276781014263115,50.00940303774387,50.01862151259236,59200
2019-12-17,50.15692901611328,50.22146889894358,50.06472667124156,50.21224690587649,17500
2019-12-18,50.2860107421875,50.34132863410729,50.175367924027995,50.249129802801,12600
2019-12-19,50.55339050292969,50.58104944791895,50.286008977500714,50.32288991559295,12100
2019-12-20,50.885318756103516,50.90375922890468,50.774679436457056,50.774679436457056,25600
2019-12-23,50.90287399291992,51.235569543353144,50.87514671966694,51.050739857134786,30700
2019-12-24,50.98603820800781,51.01376547743857,50.86589963360714,51.01376547743857,18900
2019-12-26,51.00453186035156,51.16164133320494,50.93984076135326,51.087706634120885,14800
2019-12-27,50.9767951965332,51.152384774273585,50.902864041579214,51.152384774273585,16300
2019-12-30,50.59789276123047,51.01376655749864,50.459266987341124,50.939831871317686,24600
2019-12-31,50.73652648925781,50.791973987186346,50.53320959578539,50.53320959578539,18800
2020-01-02,51.49433898925781,51.49433898925781,51.069221532205496,51.20784732641392,145100
2020-01-03,51.023014068603516,51.1801235369412,50.55169271439123,50.718042257148596,188600
2020-01-06,51.05997848510742,51.05997848510742,50.579413558670154,50.579413558670154,25700
2020-01-07,51.28178405761719,51.34647515737377,50.97680870842141,51.14315825790992,34900
2020-01-08,51.58675765991211,51.82704191763532,51.180127372365995,51.180127372365995,41600
2020-01-09,51.965660095214844,52.03959479187903,51.762343204788706,51.9471764210488,26800
2020-01-10,51.84552001953125,52.09504434250831,51.7531051704585,52.06732059286659,16600
2020-01-13,52.28910827636719,52.307588421305766,51.96564933354767,52.048824087369866,33700
2020-01-14,52.31684112548828,52.51091440972077,52.11352424177791,52.31684112548828,24200
2020-01-15,52.21517562866211,52.44621622878893,52.0765498584261,52.326074129611044,20500
2020-01-16,52.75120162963867,52.75120162963867,52.42774261218911,52.5109173852018,50500
2020-01-17,52.806644439697266,52.945270224210915,52.603327562517286,52.945270224210915,19300
2020-01-21,52.612579345703125,52.74196155116148,52.48319714024477,52.60333574508427,26100
2020-01-22,52.75120162963867,53.148588294698804,52.741958029637004,52.88982390105952,23500
2020-01-23,52.91755294799805,52.94528022537845,52.51092264222727,52.75120691071972,27500
2020-01-24,52.31684112548828,53.13934520900713,52.03959307295612,53.11162146137399,48200
2020-01-27,51.309505462646484,51.56826984984775,50.9121152820729,51.19860694318885,46800
2020-01-28,51.97490692138672,52.09504552282317,51.59600039096273,51.66069149185947,30000
2020-01-29,51.6422004699707,52.095038111827556,51.60523312460277,52.095038111827556,88800
2020-01-30,51.817787170410156,51.82703076893452,51.10618167623001,51.207840107598585,38800
2020-01-31,50.80120849609375,51.734610973326895,50.65334265241128,51.734610973326895,129600
2020-02-03,51.58675765991211,51.72538346439863,51.03226149276735,51.03226149276735,108300
2020-02-04,52.9360237121582,53.07464948904379,52.40001132736049,52.48318608841185,44700
2020-02-05,53.13934326171875,53.52748981596012,52.90830263884171,53.49976606934291,32300
2020-02-06,53.416595458984375,53.49053015624794,53.1947984179945,53.36114796143711,26300
2020-02-07,52.88982009887695,53.07465330621778,52.82512900511769,53.06540970688063,48800
2020-02-10,53.29644775390625,53.29644775390625,52.53863481336498,52.53863481336498,53500
2020-02-11,53.72156524658203,53.89715484634047,53.564455793829715,53.61066321214509,67500
2020-02-12,54.3222770690918,54.33152066941297,54.01730524110441,54.02654531602499,68800
2020-02-13,54.26681900024414,54.43316851962254,53.92487636296639,53.95260363312938,26000
2020-02-14,54.35923385620117,54.507099704000495,54.22060808152685,54.322266512901365,25800
2020-02-18,54.39620590209961,54.488620742938565,54.15592167527799,54.19288902177365,33500
2020-02-19,54.97842788696289,55.107810071041584,54.747387265279464,54.747387265279464,33600
2020-02-20,54.53482437133789,54.95994177567756,53.82322239047793,54.84903974390201,69900
2020-02-21,53.66611862182617,54.2853093592118,53.49052900769609,54.2853093592118,29700
2020-02-24,51.790077209472656,52.2891259006121,51.54979293948663,51.77159353290444,36000
2020-02-25,50.25595474243164,52.37228406201849,50.19126365331851,52.19669446662568,88000
2020-02-26,50.23747634887695,51.23557006106242,50.080366883523496,50.4870006582734,60100
2020-02-27,48.269012451171875,49.941748035888324,48.269012451171875,49.137724030998896,112800
2020-02-28,48.167354583740234,48.167354583740234,46.235854574284424,46.41144772767171,138600
2020-03-02,49.92326354980469,49.92326354980469,47.79769029724798,48.3152190915467,59300
2020-03-03,48.72185516357422,50.450038301012185,48.176599068823116,50.01568073516281,246600
2020-03-04,50.57017135620117,50.634862446902446,49.109992965172246,49.304066237276075,42100
2020-03-05,49.25786590576172,50.126581006562,48.80502820570249,49.27634958082136,33300
2020-03-06,48.315208435058594,48.472317873961586,47.05834702543355,47.418773317481694,55100
2020-03-09,44.91429138183594,46.68868502904861,44.35979535011936,45.06215722532035,100100
2020-03-10,47.012142181396484,47.012142181396484,44.803394521109475,46.651719395043365,52300
2020-03-11,45.11760330200195,46.208115100403425,44.43372517273965,46.03252553216568,65800
2020-03-12,41.01432800292969,42.890376533254,40.74632006276914,42.631612191250575,235800
2020-03-13,43.971656799316406,44.34131971229913,40.921917496156425,43.084458052276915,564600
2020-03-16,38.814823150634766,42.41905813906799,38.44515675808777,39.95154254842679,190700
2020-03-17,41.273094177246094,41.809110081363535,39.09207026810601,39.74822475040157,55900
2020-03-18,38.565311431884766,40.14562890047661,37.08665243064113,38.89801058851487,88200
2020-03-19,39.45249557495117,40.48756010586955,37.807487464791805,38.417434569432935,182200
2020-03-20,37.9923095703125,40.95886946150832,37.9923095703125,40.47830468226366,108000
2020-03-23,38.010807037353516,38.81482747654119,37.16981924971114,38.02929071158087,56800
2020-03-24,41.37810134887695,41.51701760442552,39.79447299300159,39.79447299300159,58200
2020-03-25,41.51701736450195,43.21177659535001,40.87800683201592,41.544799202336264,77500
2020-03-26,43.758174896240234,43.88782818253872,41.81336853618884,41.81336853618884,115000
2020-03-27,42.05414962768555,43.05433810498052,42.02636779202297,42.313456181301206,74300
2020-03-30,43.43404006958008,43.526648546990806,42.267153470597925,42.42459212154051,37900
2020-03-31,43.05434036254883,43.87856783643453,42.77650786020743,43.44330021336756,26200
2020-04-01,41.05397033691406,42.16528630990395,40.72057413190217,41.70223681022906,152100
2020-04-02,41.74855041503906,41.95228982104518,40.609445377952866,40.609445377952866,72400
2020-04-03,41.146575927734375,41.915236206045044,40.82244271389019,41.59110299220086,68000
2020-04-06,44.33234786987305,44.452741701160576,42.61906652992208,42.665370762636826,74500
2020-04-07,44.18416976928711,45.80484255444793,44.18416976928711,45.80484255444793,79300
2020-04-08,45.50849151611328,45.61962237572764,44.443480084837525,44.804658028173925,91600
2020-04-09,45.6844596862793,46.3049442434032,45.37884535853513,45.93450327634122,80300
2020-04-13,45.638153076171875,45.832636531857005,44.90653762344257,45.517762761684615,56100
2020-04-14,47.4069938659668,47.4903428949985,46.34198242032439,46.740205166499585,40900
2020-04-15,46.693912506103516,46.95322264295904,46.32347500497602,46.666130665035524,42000
2020-04-16,47.508872985839844,47.749660678820874,46.66612312598014,47.31439306420767,79200
2020-04-17,48.43497085571289,48.56462413403712,47.81448630007925,48.56462413403712,55500
2020-04-20,47.805233001708984,48.60167876711317,47.768191723829496,47.768191723829496,90200
2020-04-21,46.15676498413086,47.268084266357995,45.860413646575175,47.193994665575765,102400
2020-04-22,47.388492584228516,47.601498501063006,46.82357506103794,47.11066354124556,27400
2020-04-23,47.16620635986328,48.13860927359081,47.16620635986328,47.62925570285602,44900
2020-04-24,47.962677001953125,48.09233032088492,47.08288208133143,47.45332316352624,26500
2020-04-27,48.75910949707031,48.907285182794595,48.39792795112955,48.43497275575738,48400
2020-04-28,48.15714645385742,49.29624776335074,48.15714645385742,49.29624776335074,36000
2020-04-29,49.49072265625,49.73151034234443,48.879497539468005,49.14806706134762,33600
2020-04-30,48.66649627685547,49.30550677606089,48.481275791103364,49.30550677606089,149200
2020-05-01,47.194000244140625,47.97192348037534,46.97173848109472,47.731139314944436,90800
2020-05-04,47.65705108642578,47.7496631010345,46.86060542472641,46.86060542472641,69800
2020-05-05,48.29606246948242,48.68502233929921,48.046015324834265,48.212713421266365,33300
2020-05-06,48.55537414550781,48.89802980956527,48.3608941901877,48.68502744905455,28400
2020-05-07,49.194366455078125,49.42589115125781,48.9813641585272,49.24993365396439,36000
2020-05-08,50.101951599121094,50.101951599121094,49.47220403279534,49.675946931544004,83700
2020-05-11,50.28717041015625,50.4723908998323,49.65742286492988,49.65742286492988,51600
2020-05-12,49.16658401489258,50.50016497661662,49.1573245815858,50.48164257721658,58200
2020-05-13,48.268280029296875,49.453689179551844,47.80523051837518,49.23142385988297,117300
2020-05-14,48.85172653198242,48.87950837392563,47.268097951042165,47.842278392190146,42600
2020-05-15,49.07398986816406,49.07398986816406,48.17567266550137,48.37015261676211,27900
2020-05-18,50.62983322143555,50.805794301411005,49.90747709501525,49.90747709501525,48100
2020-05-19,50.4724006652832,51.15771554984391,50.4724006652832,50.750229687158416,55200
2020-05-20,51.39848709106445,51.63001180769087,51.028046131347466,51.092872769379916,29000
2020-05-21,50.8798713684082,51.48183705556987,50.574260574018176,51.28735713797741,39900
2020-05-22,51.074363708496094,51.074363708496094,50.47239791655974,50.80579413776834,15900
2020-05-26,51.491111755371094,52.12085946523461,51.44480750404335,52.0467733696678,155900
2020-05-27,52.102317810058594,52.12084021030457,50.620561118246556,51.80596647169619,73700
2020-05-28,52.028236389160156,52.78763720314383,51.98193215080251,52.120844865875455,25800
2020-05-29,52.97285842895508,53.01916266795922,51.76893055091253,52.18567223473677,49500
2020-06-01,53.176597595214844,53.31551384451289,52.6950292719654,52.6950292719654,36500
2020-06-02,53.61186218261719,53.61186218261719,52.917288040953736,53.37107803460004,51500
2020-06-03,54.287925720214844,54.44536439691973,53.898965812098446,53.898965812098446,68600
2020-06-04,53.97304153442383,54.50091761279954,53.64890833990781,54.2971782617267,49900
2020-06-05,55.278846740722656,55.51037148528844,54.6398397175245,54.843582623234305,76000
2020-06-08,55.778934478759766,55.81597928140376,55.158449932013546,55.54740976141503,45800
2020-06-09,55.36219024658203,55.60297793518088,55.13992849241512,55.584455533535824,36100
2020-06-10,55.48257827758789,55.76967017382533,55.04731071650227,55.64001690868149,36900
2020-06-11,52.36163330078125,54.33422143854539,52.33384793114285,54.149004482486646,105500
2020-06-12,53.05620574951172,53.852651352555014,52.00045359023549,53.46368798541874,46500
2020-06-15,53.722999572753906,53.74152197604613,51.870801636977994,51.917109411602155,17800
2020-06-16,54.6768798828125,55.21401540755644,53.78782578702374,55.158451734561474,62900
2020-06-17,54.760223388671875,55.12140135777072,54.63982955471007,54.98248512375428,22200
2020-06-18,54.94544982910156,54.94544982910156,54.46387797369318,54.46387797369318,17400
2020-06-19,54.991764068603516,55.565944505984824,54.54723693649015,55.501117853350856,465200
2020-06-22,55.17698287963867,55.241809530262955,54.565754117545445,54.954717554078634,24800
2020-06-23,55.352272033691406,55.8623877715001,55.352272033691406,55.639793485726884,35900
2020-06-24,53.99814987182617,55.11112846506388,53.71062839699859,55.018381428318285,45500
2020-06-25,54.461875915527344,54.5267995295326,53.43236783905591,53.89610996084869,51600
2020-06-26,53.664241790771484,54.67519981226154,53.61786828370845,54.369128297116276,53700
2020-06-29,54.202186584472656,54.202186584472656,53.265428905482445,53.77554461337106,77500
2020-06-30,55.19459915161133,55.370823464954164,54.30421491118346,54.30421491118346,102900
2020-07-01,55.407920837402344,55.621241829548595,54.9534519146057,55.30589698505582,84700
2020-07-02,55.87166976928711,56.224111344065385,55.79746930844576,55.945866692055745,35000
2020-07-06,56.87334442138672,57.12376563966375,56.57654968966703,56.79914750749294,46000
2020-07-07,56.400325775146484,57.188686073882856,56.400325775146484,56.79914433702171,51600
2020-07-08,56.845523834228516,56.845523834228516,56.27975774324044,56.76205009067171,23800
2020-07-09,56.99391555786133,57.18868642749622,56.20555171617819,56.97536544579056,48700
2020-07-10,57.27216720581055,57.27216720581055,56.51163020774275,56.94754904983254,19800
2020-07-13,56.09424591064453,57.92139097934149,56.08497262507869,57.63386959379849,137800
2020-07-14,56.76205062866211,56.77132391666856,55.28735017056297,55.79746592465724,53600
2020-07-15,57.35562515258789,57.36489843817325,56.687835372151966,57.170127598236625,62700
2020-07-16,57.012474060058594,57.031024174859255,56.41888453872806,57.031024174859255,43400
2020-07-17,57.4762077331543,57.568954755235396,56.85479136338019,57.272160038889346,69200
2020-07-20,58.38514709472656,58.47789412491001,57.281438329952536,57.6153332995288,81700
2020-07-21,58.0327033996582,58.73759358297424,57.875032736960335,58.73759358297424,28800
2020-07-22,58.32022476196289,58.42224862027528,57.967779670903504,58.3016746478995,44500
2020-07-23,57.383453369140625,58.58918226662954,57.142309004871585,58.37586129952605,61900
2020-07-24,56.780601501464844,57.04956931411566,56.46525663394462,56.789874789595196,61600
2020-07-27,57.73590850830078,57.847205654523954,56.8547975503588,56.97537152264286,64700
2020-07-28,57.18869400024414,57.79156033912138,57.095946965681144,57.79156033912138,20900
2020-07-29,57.91212463378906,58.0141484838304,57.43910914677365,57.56895639661819,33600
2020-07-30,58.05125427246094,58.116177903605355,57.22579364384836,57.31854067746251,20500
2020-07-31,58.106903076171875,58.47789473887313,57.22579212788865,58.47789473887313,26300
2020-08-03,58.765419006347656,58.839615927206786,58.403700614236946,58.51499776456194,33800
2020-08-04,59.14568328857422,59.14568328857422,58.654117666516775,58.654117666516775,39700
2020-08-05,59.14568328857422,59.36828111139727,58.97873580597502,59.36828111139727,39300
2020-08-06,59.238433837890625,59.238433837890625,58.7004946693815,58.9880125991101,52800
2020-08-07,58.79323196411133,59.275524247265004,58.29238956952036,59.275524247265004,17500
2020-08-10,58.663394927978516,58.997289915794596,58.03270518167539,58.997289915794596,46400
2020-08-11,57.893577575683594,58.77468850935159,57.782280432526576,58.76541522161867,39300
2020-08-12,58.932350158691406,59.062197387742174,58.23673697042943,58.23673697042943,24800
2020-08-13,58.91381072998047,59.31262931326754,58.830336990732654,59.09003149591595,44800
2020-08-14,58.858158111572266,59.03438240875494,58.709760751776,58.87670822380582,31700
2020-08-17,59.581600189208984,59.581600189208984,59.14568489553181,59.238431927019086,28100
2020-08-18,59.62798309326172,59.813477174435526,59.31263820196431,59.69290672928711,29100
2020-08-19,59.09003829956055,59.627981022890296,59.03439149236967,59.563057389119145,18700
2020-08-20,59.349727630615234,59.4424711162482,58.793234874167965,58.793234874167965,15500
2020-08-21,59.40538024902344,59.4146499984489,59.10858197801033,59.35900319731769,33000
2020-08-24,59.77637481689453,59.87839868075511,59.386833014597066,59.77637481689453,40100
2020-08-25,60.28648376464844,60.28648376464844,59.77636453310529,59.8691186305816,28700
2020-08-26,60.870792388916016,60.963546480329704,60.28647982418563,60.37922683945564,40300
2020-08-27,60.75022888183594,61.260348138019076,60.46271097897517,61.260348138019076,92300
2020-08-28,61.362369537353516,61.362369537353516,60.95427414871358,60.95427414871358,25100
2020-08-31,61.584957122802734,61.6869809588917,61.09339159045234,61.362362878673835,44800
2020-09-01,62.354766845703125,62.354766845703125,61.67770025570896,61.87247109158983,52200
2020-09-02,63.25443649291992,63.3935605752824,62.34550569695527,62.90199495026043,373800
2020-09-03,60.611106872558594,62.744323919725154,60.09171784937845,62.61447666393012,98600
2020-09-04,59.90620040893555,60.80586120501868,58.338756940309054,60.471966330675606,94000
2020-09-08,57.70807647705078,58.82105484900147,57.62460274534729,58.31093917217874,68300
2020-09-09,58.92308807373047,59.21988282524932,57.939956786101476,58.54281957721741,40500
2020-09-10,58.004878997802734,59.572330000116715,57.75445776894655,59.247708316159844,40900
2020-09-11,57.791561126708984,58.53354802754258,57.077397629008956,58.46862439484917,97900
2020-09-14,59.05294418334961,59.18279500240852,58.66340234039203,58.67267562985971,15700
2020-09-15,59.730003356933594,59.92477425325825,59.50740905772615,59.66507972482537,23700
2020-09-16,59.24769973754883,60.128810554893086,59.24769973754883,59.96186309316167,28500
2020-09-17,58.542816162109375,58.69121352921201,57.689532185787314,58.10690088641107,22900
2020-09-18,57.977046966552734,58.78396092358353,57.35563413098295,58.62628673937774,16300
2020-09-21,57.73590850830078,57.819382252486285,56.715677002097955,57.123768896964584,22600
2020-09-22,58.52716064453125,58.685039255620865,57.5705928314291,57.94207379191343,14000
2020-09-23,57.31055450439453,58.722190712039335,57.27340534407097,58.601457712357245,19900
2020-09-24,57.375572204589844,57.96994468625413,56.734765037059184,56.966942009130506,14300
2020-09-25,58.62931823730469,58.694327493045634,57.21768210470078,57.49629370683894,33800
2020-09-28,59.70663070678711,59.762350912468435,59.22370218202554,59.2515622848662,17900
2020-09-29,59.54874801635742,59.95737463935592,59.4465895892382,59.864505274378004,52700
2020-09-30,59.883079528808594,60.375293508313504,59.5394551065703,59.67876268777382,20500
2020-10-01,60.74678421020508,60.74678421020508,60.19884289118329,60.53317828589657,37400
2020-10-02,59.307281494140625,60.133830880720765,59.19583754856803,59.40015085832793,32500
2020-10-05,60.486724853515625,60.51459203396854,59.660175637000236,59.660175637000236,26600
2020-10-06,59.70663070678711,60.98824503580958,59.59518320994561,60.561040259468754,20100
2020-10-07,60.90464401245117,60.97894231840856,60.32884276949605,60.32884276949605,20700
2020-10-08,61.3875846862793,61.3875846862793,61.14611867228672,61.25756616000905,128600
2020-10-09,62.14912033081055,62.2512787491647,61.694055521627924,61.82407403853725,48000
2020-10-12,63.32856750488281,63.78363220178821,62.64131884452247,62.78062638840503,47400
2020-10-13,63.393592834472656,63.68148996887286,63.152126836165294,63.60719164855094,43800
2020-10-14,62.93852996826172,63.66292806713462,62.71564206078943,63.66292806713462,13000
2020-10-15,62.47416305541992,62.57632146794018,61.805499471847305,61.870508726589534,16200
2020-10-16,62.53917694091797,63.11497830089713,62.51131684189086,62.957099682758255,23500
2020-10-19,61.58262634277344,62.910679090564244,61.48046789406031,62.85495887689522,22600
2020-10-20,61.7126350402832,62.30700750940674,61.7126350402832,62.12126876986016,26400
2020-10-21,61.480445861816406,61.90765763178212,61.35042735286243,61.721911843649785,10900
2020-10-22,61.721920013427734,61.81478937704783,61.06253832060332,61.721920013427734,21500
2020-10-23,61.93552017211914,61.93552017211914,61.489737348491786,61.638333984860104,17800
2020-10-26,60.84893035888672,61.57332837588466,60.254557949153565,61.396871631112056,51900
2020-10-27,60.84893035888672,61.10897448793825,60.76535006008582,60.98823794236625,25400
2020-10-28,58.94507598876953,60.124531592854396,58.935786928287165,59.96665299203968,44300
2020-10-29,59.669471740722656,60.13382560640921,58.90793168441581,59.27012713281311,79000
2020-10-30,58.53645324707031,59.38157722857952,58.118537558790855,59.06581642544756,53400
2020-11-02,58.97293472290039,59.53944694613176,58.36927334407453,59.16796247566377,26000
2020-11-03,60.124534606933594,60.44958088534016,59.38156915433377,59.5487403667498,32500
2020-11-04,62.381290435791016,62.827073220297216,61.36900250990954,61.545452143264995,87800
2020-11-05,63.69078826904297,63.84866690852003,63.29144359623235,63.66292816625042,188600
2020-11-06,63.86724090576172,64.04369767892341,63.29144652677795,63.57934371626983,32200
2020-11-09,63.45859909057617,65.77107928871848,63.45859909057617,65.77107928871848,84600
2020-11-10,62.576324462890625,63.23570610268525,62.102688620876116,62.873510653861125,38900
2020-11-11,63.73720932006836,63.830085761976456,63.14283693634068,63.14283693634068,16400
2020-11-12,63.365745544433594,64.07155847373106,63.15213960169933,64.07155847373106,85200
2020-11-13,64.44302368164062,64.4894618986305,63.92294966164429,63.997247974637226,74500
2020-11-16,65.02811431884766,65.0466924419385,64.61948772206202,64.63805875967495,65600
2020-11-17,64.61019134521484,64.79593004222606,64.34086527471462,64.77735900671578,24600
2020-11-18,63.987953186035156,64.79592423970435,63.987953186035156,64.56374734649339,30000
2020-11-19,64.63804626464844,64.65662438414799,63.83007520333163,64.01581388546786,33000
2020-11-20,64.46159362792969,64.91665833771745,64.42444447614429,64.87950918593205,19500
2020-11-23,64.82378387451172,65.0373826235404,64.28513184443615,64.85164396477845,91900
2020-11-24,65.52033996582031,65.53891100473189,64.8238090962424,65.36245425041906,40400
2020-11-25,65.57605743408203,65.74322511923043,65.31602038729078,65.65963773391718,35000
2020-11-27,66.37474822998047,66.47690665578884,65.94754348818105,65.94754348818105,22800
2020-11-30,66.67193603515625,66.69050707416501,65.84538663243664,66.49547927992,94800
2020-12-01,67.27558898925781,67.5356260151912,67.0062629022618,67.45203863658259,48100
2020-12-02,67.36846160888672,67.40561076946038,66.69979088951666,67.20129392904421,31400
2020-12-03,67.5542221069336,67.86998653087868,67.219886639453,67.219886639453,43200
2020-12-04,68.30644226074219,68.30644226074219,67.7585011288212,67.83279943238273,66400
2020-12-07,68.37147521972656,68.50149375331823,68.19501845893274,68.48291562824589,26600
2020-12-08,68.705810546875,68.705810546875,68.13929818587813,68.48291555910404,44300
2020-12-09,67.40560913085938,68.90082915158096,67.10842293897247,68.90082915158096,105600
2020-12-10,67.5775146484375,67.69830236865795,66.76914642847751,67.14081022232914,49600
2020-12-11,67.35449981689453,67.49387460024508,66.80630131498391,67.43812752246325,29300
2020-12-14,68.06998443603516,68.49739543258983,67.94918959448984,68.02352379099477,36900
2020-12-15,68.73894500732422,68.73894500732422,68.30224067375704,68.6739043888501,33400
2020-12-16,68.97123718261719,69.05485780077039,68.65532052883646,68.98981717924143,22000
2020-12-17,69.5937728881836,69.62164642878143,69.18494205569165,69.41723101253545,45300
2020-12-18,69.71455383300781,69.97471630521959,69.29643658679541,69.97471630521959,30700
2020-12-21,69.24068450927734,69.37077283820027,68.23720167033981,68.98052202922332,79300
2020-12-22,69.32723999023438,69.59710526631694,68.86195650036703,69.59710526631694,41900
2020-12-23,69.16901397705078,69.45748733821064,69.16901397705078,69.43887913089621,23300
2020-12-24,69.25277709960938,69.31791648931612,68.97361132929232,68.97361132929232,12100
2020-12-28,69.17835235595703,69.91350119087868,69.15043647989194,69.91350119087868,44700
2020-12-29,69.2620849609375,69.62500543319048,68.97361153418795,69.52264252053851,33000
2020-12-30,69.67155456542969,69.80183337880216,69.55988396839778,69.69016278177024,68800
2020-12-31,69.94139099121094,69.94139099121094,69.40166064441925,69.59707878384522,21100
2021-01-04,68.9922103881836,70.2763898004675,68.16400664335657,70.2763898004675,58600
2021-01-05,69.59708404541016,69.59708404541016,68.74096438901346,68.74096438901346,164100
2021-01-06,69.31793975830078,70.09961979684093,68.67585330127014,68.81543268345285,63100
2021-01-07,70.8161392211914,70.8161392211914,69.82043292848928,69.82043292848928,26000
2021-01-08,71.5605697631836,71.5605697631836,70.72305844066489,71.39306749867986,46200
2021-01-11,70.9743423461914,71.4768493808417,70.83476297517423,71.04878941050912,41200
2021-01-12,71.09532928466797,71.20699279512101,70.46254336000054,71.20699279512101,41200
2021-01-13,71.08599090576172,71.24418554364884,70.82543336108631,71.24418554364884,39600
2021-01-14,71.16973876953125,71.52335153197687,71.09529173543956,71.43959684370874,97200
2021-01-15,70.70448303222656,71.07670414853943,70.12752894248128,71.02087240102504,26100
2021-01-19,71.625732421875,71.71878768803585,71.0673937252482,71.43031423303871,37200
2021-01-20,72.47254180908203,72.55629651519523,72.15615249627126,72.44462594026479,126400
2021-01-21,72.50047302246094,72.81686237125214,72.12824483002369,72.81686237125214,121100
2021-01-22,72.03518676757812,72.38879963188714,71.97934792609419,72.32366023320753,19300
2021-01-25,72.40740203857422,72.78893784285549,71.43961169319647,72.50046440036282,59000
2021-01-26,72.05379486083984,72.61213357710933,72.02587898997567,72.61213357710933,53700
2021-01-27,69.84835815429688,71.28143221510709,69.6808558069382,71.23490812396814,54000
2021-01-28,70.72306823730469,71.54196436627996,70.29500841309078,70.29500841309078,59200
2021-01-29,69.79251098632812,70.78821719241328,69.35514344820132,70.36015731032316,29000
2021-02-01,71.09532928466797,71.31866340523774,70.13684628840635,70.2112862621538,78400
2021-02-02,72.34226989746094,72.44463282596118,71.72809942612159,71.8211546975776,45800
2021-02-03,71.55126953125,72.4539203224986,71.53266132200143,72.4539203224986,34900
2021-02-04,72.56560516357422,72.56560516357422,71.75600945849679,71.75600945849679,38400
2021-02-05,73.1425552368164,73.20769463433086,72.87268999006746,73.0681081826108,34100
2021-02-08,73.7195053100586,73.75672883516825,73.38450068373324,73.58922652200556,49600
2021-02-09,73.89630889892578,73.96144828732791,73.54268899074775,73.71949894483676,40200
2021-02-10,73.99868774414062,74.51981011323541,73.39382484912014,74.44536304626999,61400
2021-02-11,74.69658660888672,74.75242543919688,74.23130325437857,74.52908431727737,95900
2021-02-12,75.27355194091797,75.27355194091797,74.40812448628904,74.48257153822009,32400
2021-02-16,74.98507690429688,75.63647084577089,74.91062985393941,75.60855497680221,36700
2021-02-17,74.53840637207031,74.6128534270923,73.76603415045655,74.49188228742803,31900
2021-02-18,74.25922393798828,74.44533443420967,73.31934960285149,73.84977232670882,30800
2021-02-19,74.52909851074219,75.04091313803633,74.31507210271876,74.5849373516864,27100
2021-02-22,72.8168716430664,73.859109294667,72.77034045071356,73.7753545683645,29800
2021-02-23,72.50978088378906,72.74242264003813,70.59281508418893,71.98866562168331,75000
2021-02-24,73.00296783447266,73.02158314761259,71.28142055144103,71.95142983124316,77500
2021-02-25,70.40670013427734,72.89131223236194,70.19266660800604,72.5842234293189,53900
2021-02-26,70.86266326904297,71.44891779740576,69.76459416060543,70.853355613134,58700
2021-03-01,72.50978088378906,72.58422794970787,71.60712973359662,71.89561033911627,30800
2021-03-02,71.46754455566406,72.59352971250819,71.46754455566406,72.59352971250819,18600
2021-03-03,69.4574966430664,71.2627982797677,69.38304960451659,71.21626710575896,123500
2021-03-04,67.77317810058594,69.57847276766117,66.99149833882956,69.14111235891394,135600
2021-03-05,69.13182830810547,69.2155759363561,66.47971358521923,68.58279004636367,76300
2021-03-08,67.51262664794922,69.35514500349656,67.46609546638365,68.85263806116687,33800
2021-03-09,69.82042694091797,70.19265508656989,68.93639130719833,68.93639130719833,46800
2021-03-10,69.62501525878906,70.89989446921969,69.62501525878906,70.89989446921969,57900
2021-03-11,71.26280212402344,71.56989084986203,70.63001646153516,70.75098758095912,52800
2021-03-12,70.7882308959961,70.79753855383461,69.93211096608336,70.22058446211287,87200
2021-03-15,71.76531219482422,71.76531219482422,70.72307485165864,70.76029837459252,36200
2021-03-16,71.9793472290039,72.68658005043467,71.80254434839264,72.31435187601522,40800
2021-03-17,72.09101104736328,72.43531621917612,70.96502607264372,71.51405707616216,44900
2021-03-18,70.12751007080078,71.2814108401079,70.071678338311,71.08599267673287,36700
2021-03-19,70.59280395507812,70.81613801796249,69.6901529471906,70.17405169971221,27300
2021-03-22,71.65365600585938,71.93282893405888,70.92781491213563,70.92781491213563,51400
2021-03-23,70.85896301269531,71.85579539808602,70.82169738707334,71.85579539808602,20900
2021-03-24,69.75965118408203,71.16639832850514,69.75965118408203,71.16639832850514,56500
2021-03-25,69.81555938720703,70.00188042220006,68.82803800020673,69.21932354599909,56700
2021-03-26,71.35274505615234,71.35274505615234,69.75967631931172,69.89010250073537,38900
2021-03-29,71.01734924316406,71.29683079561221,70.49563755141546,71.08256231617115,39800
2021-03-30,70.69126892089844,70.84033141847243,70.20683001916514,70.77511835270658,32100
2021-03-31,71.65084838867188,71.98622481919266,70.91486824135525,70.91486824135525,29300
2021-04-01,72.95512390136719,73.02965517041191,72.45204849685486,72.45204849685486,113600
2021-04-05,73.85879516601562,73.92400824877687,73.33709050392568,73.56999538631483,58300
2021-04-06,73.84016418457031,74.31528501604933,73.59794112236803,73.84016418457031,45800
2021-04-07,73.45819091796875,73.92400063476968,73.27186987432526,73.92400063476968,35600
2021-04-08,74.17555236816406,74.22212908182581,73.86811620568493,74.06375546152805,46100
2021-04-09,74.296630859375,74.296630859375,73.78423745864798,73.84013944362118,60100
2021-04-12,74.1662368774414,74.19418432819268,73.93333197758955,74.15691869129316,18600
2021-04-13,74.73450469970703,74.75313395914961,74.27801321260294,74.44570497835221,31800
2021-04-14,74.18485260009766,74.99536406239835,74.11963952435109,74.76245920506172,56800
2021-04-15,75.29347229003906,75.31210154884009,74.76244956806885,74.80903337660831,74000
2021-04-16,75.2841567993164,75.5636454451666,75.09783577387729,75.5636454451666,49100
2021-04-19,74.38980102539062,75.14441750523328,74.06373568604691,74.99535500285253,32500
2021-04-20,73.92399597167969,74.39912384299961,73.57930135191317,74.31527440326468,67600
2021-04-21,74.87425231933594,74.9115179475535,73.74699371959893,73.74699371959893,43900
2021-04-22,74.27802276611328,75.18168767298222,74.09169460926472,74.79040920513887,97400
2021-04-23,75.228271484375,75.42391071828435,74.51092762670743,74.51092762670743,20200
2021-04-26,75.61956024169922,75.6568258781373,75.03264246010967,75.35870789432609,53200
2021-04-27,75.34939575195312,75.76862886473748,75.13512720986478,75.76862886473748,45000
2021-04-28,74.99535369873047,75.38663209913884,74.85560938210143,75.38663209913884,38200
2021-04-29,75.06990051269531,75.4984446268999,74.38981515486874,75.4984446268999,88900
2021-04-30,74.2407455444336,74.83698133788107,74.11031940884767,74.45501400674277,105300
2021-05-03,74.03580474853516,74.62272249019507,74.00785730003129,74.60409322709013,30300
2021-05-04,72.92717742919922,73.7376889986074,72.20983350119135,73.7376889986074,114200
2021-05-05,72.57315826416016,73.43956465711533,72.39614829008241,73.28119105277865,65100
2021-05-06,72.82470703125,72.88992012306603,71.93035301161842,72.39616284107407,265900
2021-05-07,73.58863067626953,74.11965356729868,73.26256523575925,73.26256523575925,22000
2021-05-10,72.0141830444336,73.50477267492845,71.97691741520973,73.50477267492845,91900
2021-05-11,72.03280639648438,72.27502941272445,70.57016433096219,70.83101660644006,229700
2021-05-12,70.35589599609375,71.3806830518956,70.17889313820338,71.1198236418874,67500
2021-05-13,70.81239318847656,71.30615033745964,70.25342296524462,70.88691733926667,59700
2021-05-14,72.20050811767578,72.4054655360148,71.21299376497946,71.42726226037578,47200
2021-05-17,71.66015625,71.86511363723433,71.13845170626993,71.86511363723433,17500
2021-05-18,71.46451568603516,72.28433811167884,71.4086208024682,71.88374863586081,31600
2021-05-19,71.69744873046875,71.75334363603531,70.2907010429272,70.35591413531951,96600
2021-05-20,73.22528076171875,73.3557069043713,72.06075655396975,72.1073403653564,62600
2021-05-21,72.89921569824219,73.68177255730446,72.86195007052136,73.68177255730446,79900
2021-05-24,73.74700927734375,73.95195961423916,73.49546801073275,73.49546801073275,22700
2021-05-25,73.69110107421875,74.1848582722945,73.63520617864572,74.06375029598868,31000
2021-05-26,73.95194244384766,74.11963421342203,73.81220522561208,73.84946374534711,104200
2021-05-27,73.83085632324219,74.08239049815693,73.55136758872023,73.95196431743169,111800
2021-05-28,74.12894439697266,74.5109117061046,74.1196262141987,74.1568918376036,64700
2021-06-01,73.91468048095703,74.61339503754245,73.88673303592434,74.52955270244436,36000
2021-06-02,73.99855041503906,74.21282606577917,73.84948785666438,74.00786860186098,34500
2021-06-03,73.30914306640625,73.5886246606999,72.86196256476626,73.3184541441643,44200
2021-06-04,74.53887176513672,74.59476665586084,73.7469966798793,73.7469966798793,58700
2021-06-07,74.76246643066406,74.84630877571615,74.21281432591935,74.47366665411636,69300
2021-06-08,74.72520446777344,75.20033243615413,74.25007649939273,75.01400425850817,32200
2021-06-09,74.69725799560547,75.14443852011479,74.66931054551614,75.05127087622591,21900
2021-06-10,75.50777435302734,75.54503288370283,74.69726271080718,74.69726271080718,27700
2021-06-11,75.64749145507812,75.7033934515831,75.30279683047485,75.48911786497976,20800
2021-06-14,75.98290252685547,75.98290252685547,75.34940082929492,75.65683704451426,47800
2021-06-15,75.46118927001953,75.98289398310338,75.36802872949652,75.98289398310338,16400
2021-06-16,75.06059265136719,75.71272354361271,74.49230411339882,75.563668100111,21600
2021-06-17,75.7872314453125,76.00150701964665,74.90219592055247,74.90219592055247,19400
2021-06-18,75.107177734375,75.5636693665979,74.98606263257541,75.47981990322174,33400
2021-06-21,75.62886810302734,75.6847629962071,74.90220606092085,75.15374018792217,17700
2021-06-22,76.1763916015625,76.19505026847634,75.61675256948563,75.69137300474824,12300
2021-06-23,76.06446075439453,76.28831492247163,76.04580208927395,76.24167537586587,27100
2021-06-24,76.77333068847656,76.92257153924619,76.4468752226623,76.51216631582516,118900
2021-06-25,77.08113861083984,77.10911949276405,76.93190486851213,77.09046794354651,35700
2021-06-28,77.75271606445312,77.75271606445312,77.4262605488332,77.45424143357255,35400
2021-06-29,78.06981658935547,78.07914591993475,77.70605097489981,77.70605097489981,38300
2021-06-30,77.95790100097656,78.01386275774472,77.81798949286124,77.95790100097656,14400
2021-07-01,77.70606994628906,77.9672343367167,77.47288643823639,77.81800059198487,23300
2021-07-02,78.16310119628906,78.1910820738136,77.92058839741863,78.07915144752077,19300
2021-07-06,77.88328552246094,78.24705119692291,77.25835547825143,78.24705119692291,55900
2021-07-07,77.77136993408203,78.1817752323516,77.55684506722056,78.1817752323516,17600
2021-07-08,77.0624771118164,77.23969171318754,76.45619865568598,76.98785669218914,26200
2021-07-09,77.84598541259766,77.89262496304606,76.98787176743878,77.10912463592983,31400
2021-07-12,77.93925476074219,78.18176760571677,77.72472991480763,78.18176760571677,33400
2021-07-13,77.76202392578125,78.29368193761245,77.75269459471205,77.9392385189286,16000
2021-07-14,77.65943908691406,78.21907809433336,77.61279953788076,78.07916656342951,18000
2021-07-15,77.30498504638672,77.67808003916346,76.90390917448586,77.62211828091523,21900
2021-07-16,76.88524627685547,77.59412594686253,76.87591694645965,77.59412594686253,34200
2021-07-19,76.35359191894531,76.5494651693683,75.9991556252553,76.25099062831502,40100
2021-07-20,77.43558502197266,77.72473744382745,76.48419933213847,76.65209176166177,17400
2021-07-21,78.116455078125,78.1537652837474,77.47286648447835,77.47286648447835,42500
2021-07-22,78.35899353027344,78.36831574758781,77.99522780151275,78.02320868584874,21300
2021-07-23,79.04920196533203,79.13314460474272,78.34965150546184,78.6108158718888,52900
2021-07-26,78.63880920410156,78.8253602926577,78.46159456521873,78.8253602926577,68100
2021-07-27,77.96723937988281,78.45226509307507,77.09980350536648,78.45226509307507,23100
2021-07-28,78.63880920410156,78.77872074146957,78.20042304124014,78.31235369437383,40000
2021-07-29,79.1331558227539,79.32903624153764,78.89065008594827,78.90930163639628,135300
2021-07-30,79.39432525634766,79.52490745464164,78.65746449957672,78.65746449957672,28400
2021-08-02,79.2917251586914,79.83270551013257,79.20777539210124,79.76741440998296,138700
2021-08-03,79.68346405029297,79.69279338261065,78.77871095275664,79.42229967496196,34500
2021-08-04,79.7767333984375,79.98193600549766,79.55287924355154,79.72077163876483,78200
2021-08-05,80.24310302734375,80.28974257274439,79.82337558352008,80.02857819737005,29600
2021-08-06,79.82335662841797,80.1031724857893,79.69277447173926,80.05654006765766,22600
2021-08-09,80.03787994384766,80.18712075800502,79.73008321798704,80.03787994384766,15600
2021-08-10,79.58085632324219,80.25242587202655,79.4316225991762,80.19646411502616,28100
2021-08-11,79.56222534179688,79.93531330649628,79.23576269838973,79.93531330649628,14000
2021-08-12,79.42230224609375,79.4502831277571,79.00256767255617,79.375662699191,9800
2021-08-13,79.58085632324219,79.58085632324219,79.37565372598087,79.42229326761114,11500
2021-08-16,79.37566375732422,79.42230330484871,78.81602476800947,79.38499309006828,38100
2021-08-17,78.91864013671875,79.01191213218566,78.3963112691464,78.72276681137912,35500
2021-08-18,78.3216781616211,79.05853890419381,78.3216781616211,78.77871584684358,12500
2021-08-19,78.55485534667969,78.7973681691135,77.89261508820633,77.89261508820633,17900
2021-08-20,79.16114807128906,79.25442006092761,78.79738233036106,78.79738233036106,31400
2021-08-23,80.24310302734375,80.3363750019495,79.5155716627451,79.53422321118805,58500
2021-08-24,80.79341888427734,80.8307290969474,80.51359584734969,80.62552648535984,21900
2021-08-25,81.03593444824219,81.10122554930687,80.77477004398345,80.94266246332069,32500
2021-08-26,80.45763397216797,80.85870986255706,80.32705178610598,80.70946901208883,19200
2021-08-27,81.12920379638672,81.23179798612958,80.64417814718833,80.66283681164735,25300
2021-08-30,81.39036560058594,81.5116184509611,81.0732323605502,81.14785278364039,18400
2021-08-31,81.3250961303711,81.53962100854457,81.11989347041585,81.53962100854457,15600
2021-09-01,81.48365020751953,81.7821248299714,81.45566932357035,81.57692219274892,12400
2021-09-02,81.6888427734375,81.82875429213026,81.37170952332087,81.81009562766698,63600
2021-09-03,81.81941986083984,81.8847109500014,81.3623822367089,81.3623822367089,18900
2021-09-07,81.43701934814453,81.81011444507689,81.25047535777689,81.71684244989308,19700
2021-09-08,81.25045013427734,81.32507055373797,80.85870360640138,81.32507055373797,11400
2021-09-09,81.0918960571289,81.427680865679,81.0918960571289,81.26911067772237,14100
2021-09-10,80.85871887207031,81.68885162575823,80.85871887207031,81.55826942514639,10600
2021-09-13,80.62553405761719,81.34373614943091,80.27109056206051,81.34373614943091,23500
2021-09-14,80.29906463623047,80.9426533573192,80.16848244879152,80.92400180891171,33700
2021-09-15,80.82140350341797,80.8680359342661,79.99127080264601,80.19647342372596,36500
2021-09-16,81.03593444824219,81.20382686757942,80.46696608916582,80.64418784185409,19900
2021-09-17,80.32705688476562,81.03592962089826,80.0379044976787,81.03592962089826,21900
2021-09-20,78.88133239746094,79.543572837171,77.99523773834683,79.10518661686497,70300
2021-09-21,78.88130950927734,79.39485540672271,78.73190967627613,79.15208423998381,33500
2021-09-22,79.50691223144531,79.74034414808268,78.88131640456356,79.07739835968576,30100
2021-09-23,80.2538833618164,80.55267590510996,79.83370879660788,79.83370879660788,28100
2021-09-24,80.14185333251953,80.20721398912264,79.70300015656554,79.70300015656554,28100
2021-09-27,79.6843032836914,79.899063748147,79.29213943427753,79.6843032836914,29000
2021-09-28,77.65813446044922,78.75059420702597,77.63946304010298,78.7039120942717,44100
2021-09-29,77.53675079345703,78.3210786595501,77.47139013794927,78.05963603751907,21000
2021-09-30,77.38733673095703,78.26504290701543,77.3780045845815,78.00360033298335,27600
2021-10-01,77.53675079345703,77.82620410730893,76.5843445288844,77.50874010163616,46700
2021-10-04,76.1641616821289,77.20993918113894,75.86536912866552,77.20993918113894,55000
2021-10-05,77.0418701171875,77.40602332946676,76.42560645100622,76.45361714060053,31300
2021-10-06,77.39665985107422,77.39665985107422,76.12679007894609,76.23883992605424,33700
2021-10-07,78.24638366699219,78.88131878435243,78.02228389114013,78.02228389114013,38800
2021-10-08,77.81685638427734,78.4984806809263,77.75149573586796,78.4984806809263,28700
2021-10-11,77.19125366210938,78.12498119775489,77.1725822458578,77.75148875874153,15700
2021-10-12,77.1165771484375,77.51808039554113,76.97652367461593,77.25663774603699,13400
2021-10-13,77.8915786743164,78.05031070550247,77.41538258075825,77.52742536805268,25900
2021-10-14,79.11473083496094,79.23611284022442,78.69454920361775,78.69454920361775,81900
2021-10-15,79.3575210571289,79.58162085070842,79.24547828411669,79.58162085070842,57400
2021-10-18,79.8337173461914,79.8337173461914,78.88131823862851,78.93733962031547,29900
2021-10-19,80.41262817382812,80.42196032125436,79.83371446345168,80.11383560932533,52200
2021-10-20,80.59935760498047,80.7954395253462,80.45929705506909,80.54333623452611,26700
2021-10-21,81.17827606201172,81.17827606201172,80.4499697075638,80.4499697075638,23300
2021-10-22,80.97285461425781,81.50507903503139,80.68340135215622,81.1689365457243,22300
2021-10-25,81.46774291992188,81.68250342827012,80.93551840871989,81.2156395719955,22500
2021-10-26,81.27165985107422,82.02797700835596,81.19695992537856,81.78520581173359,34400
2021-10-27,80.40328216552734,81.18760991021105,80.37527147804236,81.18760991021105,147800
2021-10-28,81.11294555664062,81.1783062249466,80.54337096549776,80.54337096549776,26400
2021-10-29,81.51441192626953,81.56109402604599,80.86079841542092,80.86079841542092,24500
2021-11-01,82.22405242919922,82.24273097102568,81.63580658964167,81.66381727860492,33700
2021-11-02,82.41082000732422,82.41082000732422,81.99997748382705,82.17738805056955,23700
2021-11-03,83.03639221191406,83.10175285617575,82.2240466699966,82.23338594025569,155200
2021-11-04,83.71800994873047,83.75535277930817,83.23246766591586,83.42854958343797,23000
2021-11-05,83.62464141845703,84.0354838412895,83.35385956011528,83.79271267109065,30900
2021-11-08,83.6059799194336,83.83007257493794,83.4285693751134,83.8114011552197,23300
2021-11-09,83.49392700195312,83.83940880631722,83.17646301181595,83.83940880631722,33400
2021-11-10,82.40145874023438,83.56861821247566,82.32675882430468,83.07374373604952,37500
2021-11-11,82.84031677246094,83.01772730240987,82.78429539406717,82.95235952924847,14500
2021-11-12,83.61531066894531,83.7180212763699,83.00838629519359,83.21380751004276,22700
2021-11-15,83.4845962524414,83.76471028541054,83.29784644001838,83.76471028541054,15000
2021-11-16,84.11952209472656,84.23157197931835,83.59663688085173,83.62464757105549,20900
2021-11-17,83.77404022216797,84.14753268161942,83.60596897160363,84.14753268161942,36100
2021-11-18,83.74602508544922,84.01680692607212,83.26048277682342,84.01680692607212,12400
2021-11-19,83.59664916992188,84.1195344606631,83.54996705397872,84.1195344606631,27400
2021-11-22,82.41082000732422,83.85809386493634,82.37347003939011,83.56864051816952,29100
2021-11-23,82.22405242919922,82.56019494431108,81.52375671001224,82.24273097102568,36600
2021-11-24,82.36410522460938,82.41079445099275,81.23429575913428,81.6451381552255,11700
2021-11-26,81.01021575927734,81.8225542841452,80.6927446427422,81.70117224993353,103400
2021-11-29,82.20539093017578,82.29876227924508,81.30901315631132,81.81322698981833,26700
2021-11-30,80.20719909667969,82.0279649952514,80.11382776512298,81.85056160242644,34600
2021-12-01,78.89064025878906,81.53309098704487,78.83461888429386,81.28098767804046,36900
2021-12-02,79.95510864257812,80.30992976443412,78.93734876389755,78.94668803651948,44800
2021-12-03,78.77859497070312,80.21653623453408,78.10631000332495,80.21653623453408,59000
2021-12-06,79.56292724609375,79.76834845610341,78.18101439948069,78.97468142779205,61100
2021-12-07,81.5517578125,81.77585754541576,80.73008016313567,80.73008016313567,21800
2021-12-08,81.85990142822266,81.88791211793975,81.24364488311652,81.6358087867092,21400
2021-12-09,80.61178588867188,81.84736228545029,80.61178588867188,81.6736088943648,35900
2021-12-10,81.1716537475586,81.44194253627572,80.41872481910202,81.18130875973831,46300
2021-12-13,80.45734405517578,81.03651963464421,80.3029006708055,80.97860428608247,155000
2021-12-14,79.77198028564453,80.16775478095423,79.13488939867476,79.57892422646984,40400
2021-12-15,81.21993255615234,81.24889023203698,79.14454653054949,79.87817289963601,40800
2021-12-16,79.84920501708984,81.56742896971079,79.56926857829188,81.56742896971079,40400
2021-12-17,79.78162384033203,80.50559500519056,79.0093849853034,79.29897639709301,50300
2021-12-20,78.80667877197266,78.99008716831925,78.23715828906728,78.77772110194235,72500
2021-12-21,80.83504486083984,80.83504486083984,79.18179941536344,79.69420791659421,39800
2021-12-22,81.49249267578125,81.51182564850552,80.68036767390569,80.68036767390569,34300
2021-12-23,82.0435562133789,82.27558871497736,81.43446813061537,81.43446813061537,26700
2021-12-27,82.94270324707031,82.96203621844337,82.2562684325155,82.30460454903883,29200
2021-12-28,82.57530975341797,83.2424041555623,82.3626102080865,83.2424041555623,29400
2021-12-29,82.71065521240234,82.87501125491316,82.18857656897387,82.64297876100494,12300
2021-12-30,82.9233627319336,83.49378496473453,82.85568626799261,82.91369993435728,16700
2021-12-31,82.4786148071289,83.01036361907232,82.42060852807325,82.89434368478105,15800
2022-01-03,82.35294342041016,82.63331943476477,81.69551178789817,82.48829634097018,62900
2022-01-04,81.35712432861328,82.35293819939265,80.60301314010775,82.35293819939265,137700
2022-01-05,79.08512878417969,81.31845943939905,78.9884418003084,80.79638070645531,70800
2022-01-06,79.41382598876953,80.08092769586509,78.4180122021184,79.0271002545666,31000
2022-01-07,78.56304168701172,79.50084927174196,78.33100180184228,79.3268230459551,41700
2022-01-10,78.4469985961914,78.4953420687149,76.54238084714679,77.83791067375806,90900
2022-01-11,79.9359130859375,79.94558325876577,78.15697747074884,78.4180205038476,29300
2022-01-12,79.88756561279297,80.46765793466095,79.41383043436903,80.24528822778753,20900
2022-01-13,78.156982421875,80.22596434353345,78.01196670116767,80.22596434353345,61900
2022-01-14,78.39868927001953,78.39868927001953,77.36420194258156,77.79927125625153,20400
2022-01-18,76.54240417480469,77.75091759442526,76.40705126190163,77.40286513948008,76800
2022-01-19,76.12665557861328,77.3448388559241,76.04931634565311,76.96778335659576,79500
2022-01-20,75.23721313476562,77.7992631269512,75.14053353389048,76.90012882406889,69300
2022-01-21,73.59363555908203,75.53691981912473,73.48728578849098,74.8891583991105,161100
2022-01-24,74.25106811523438,74.28973405396876,70.49983770646737,72.72350536890515,160900
2022-01-25,72.2400894165039,73.26490629502493,71.7566841151367,72.79117116501534,54700
2022-01-26,71.56332397460938,73.99002087001985,70.96390606801425,73.19723639986162,214200
2022-01-27,70.68354034423828,72.68483846652214,70.470840781531,72.59782165624132,63300
2022-01-28,72.51080322265625,72.57847967728353,69.66837737595041,70.56751163095856,196000
2022-01-31,75.05349731445312,75.0825078257737,72.5204584963556,72.66548154824319,77700
2022-02-01,75.66260528564453,75.66260528564453,74.3187390411333,75.30488268143979,92700
2022-02-02,75.78829956054688,75.90431951432747,75.04385847495301,75.88497916727344,36400
2022-02-03,73.6903076171875,74.98583032466082,73.54528454702175,74.74412766644448,53600
2022-02-04,74.20271301269531,74.69578848045519,73.06187621790897,73.44860193034458,18700
2022-02-07,73.8643569946289,74.79249460816006,73.74833702686924,74.40576875847655,23400
2022-02-08,74.88914489746094,75.02449778541417,73.62262542753606,73.62262542753606,27100
2022-02-09,76.63907623291016,76.70675268270325,75.62392948601365,75.63359965774976,56800
2022-02-10,75.10185241699219,76.82277421282119,74.71512667748253,75.19853200782461,86400
2022-02-11,73.03289031982422,75.42091422841757,72.78151744097724,75.34356759243678,67400
2022-02-14,72.82984924316406,73.53561689871331,72.25942711458617,73.23590795261815,296300
2022-02-15,74.6957778930664,74.74411399015753,73.87399048073316,73.99000301469458,34700
2022-02-16,74.57978820800781,74.77314742709217,73.64198050546774,74.38642898892346,45600
2022-02-17,72.44313049316406,74.16405246461865,72.41412735057247,74.16405246461865,30600
2022-02-18,71.55366516113281,72.66549899091795,71.24428601839249,72.45279944725011,1002500
2022-02-22,71.09925842285156,72.10474241703885,70.46115983231381,71.16693487552858,3546100
2022-02-23,69.52336120605469,71.86304133746077,69.44601457951723,71.86304133746077,162200
2022-02-24,71.53433227539062,71.65035223208483,67.4640595076815,67.67675907353019,133100
2022-02-25,72.72350311279297,72.7718392228017,71.00258122145783,71.75669239845364,82700
2022-02-28,72.79117584228516,73.20690472322121,71.76635889791349,72.08540081141977,61700
2022-03-01,71.86302185058594,73.10053803489073,71.41828993286255,72.54945637856193,227500
2022-03-02,72.93621063232422,73.16824316382895,71.84370968480131,72.06607941895501,39700
2022-03-03,71.89205169677734,73.52596430957988,71.60200550622956,73.52596430957988,157300
2022-03-04,70.92523193359375,71.64066977003799,70.46115956259905,71.53432000535545,387000
2022-03-07,68.53721618652344,70.97358350348857,68.43086640972523,70.96391333027576,70900
2022-03-08,68.17948913574219,69.93908436159536,67.58974137910886,68.2761761092635,68300
2022-03-09,70.29680633544922,70.5771823284711,69.55236532901075,69.69738103559068,51900
2022-03-10,69.32998657226562,69.52335311610857,68.53720218295813,69.21396664595986,31100
2022-03-11,67.79277801513672,70.09378513375758,67.71543137849874,70.09378513375758,376300
2022-03-14,66.59391784667969,68.12148051117498,66.41989162697541,67.6864186500044,140400
2022-03-15,68.28583526611328,68.4211881704124,66.80661611471561,66.95163919108755,154900
2022-03-16,71.2926254272461,71.3506390903173,69.22365093144262,69.37834419805792,198700
2022-03-17,72.07574462890625,72.1240807408762,70.63519129524104,70.92523747178348,34000
2022-03-18,73.56463623046875,73.61297972488347,71.66002499514393,71.75670460779173,463200
2022-03-21,72.84918212890625,73.51628384810081,72.04672750671278,73.06188165538451,121900
2022-03-22,74.29460906982422,74.449514071871,73.11348428118724,73.18125337301345,34100
2022-03-23,73.01667022705078,74.2268378218492,72.97794397766401,73.7814970333166,289900
2022-03-24,74.28491973876953,74.30427916741861,72.77462578449067,73.17156424141626,43600
2022-03-25,74.01383972167969,74.43982103594237,73.09411539636827,74.43982103594237,40800
2022-03-28,75.04975891113281,75.04975891113281,73.71373639240238,74.1203509781537,24000
2022-03-29,76.65686798095703,76.76336333626196,75.68873375911431,75.98885300427662,36100
2022-03-30,75.73713684082031,76.70527097850226,75.504779329657,76.20183709059236,365500
2022-03-31,74.88516998291016,75.87267088573289,74.81740089242443,75.76617554550148,9500
2022-04-01,75.04007720947266,75.34987983035779,74.49791708321582,75.11752232498611,53700
2022-04-04,76.21150970458984,76.24055254280195,75.18529002762212,75.21433286583422,16300
2022-04-05,74.54632568359375,76.09533876599744,74.36237784102559,76.07597933396357,48400
2022-04-06,73.55884552001953,74.15908404375473,72.93923278817547,73.53947869818903,40800
2022-04-07,73.73310852050781,74.12035631408553,72.7843336991747,73.4039390324329,30900
2022-04-08,73.05540466308594,73.69437677015611,72.83273793700583,73.58788141897774,244300
2022-04-11,72.00012969970703,72.90049463342355,71.96140345256825,72.69717998937585,36600
2022-04-12,71.63225555419922,73.2199952322612,71.3902219766132,72.85210685339075,40000
2022-04-13,73.219970703125,73.38455909431713,71.65159837300021,71.66127439474153,22600
2022-04-14,71.83555603027344,73.18126200256326,71.80651318553419,73.16190256816306,25700
2022-04-18,71.44830322265625,71.92268688798626,70.9061430760017,71.48702208873114,94700
2022-04-19,73.0650863647461,73.20062455648086,71.15786088440724,71.15786088440724,201300
2022-04-20,72.3002700805664,73.27808779525581,72.20345812747247,73.27808779525581,30200
2022-04-21,70.59634399414062,73.29743929477678,70.44144636321823,72.80368878529849,70700
2022-04-22,68.85368347167969,70.68345589449889,68.76654758254412,70.57696057793055,88200
2022-04-25,69.84119415283203,69.87992040361209,68.45676207912284,68.62134310523024,75500
2022-04-26,67.67256927490234,69.45393232101573,67.6241596195351,69.45393232101573,92400
2022-04-27,67.6241683959961,68.80529323199326,67.53703986855892,67.66289464806061,74500
2022-04-28,69.4055404663086,69.8024716320297,67.44990532193833,68.29218470228919,472700
2022-04-29,66.94647979736328,69.82183948402265,66.84966785694691,69.2022342018248,42100
2022-05-02,67.8081283569336,67.90494031124636,66.28815777675923,67.14011331550175,54900
2022-05-03,67.7209701538086,68.16631829247116,67.47893665449367,67.94364422313987,37000
2022-05-04,69.70567321777344,69.8121685872029,66.5495531678106,67.81781418930365,31200
2022-05-05,66.44303131103516,68.95050211944266,65.78469991985828,68.95050211944266,115800
2022-05-06,65.03926086425781,66.11389049998556,64.31316015829465,66.11389049998556,245400
2022-05-09,62.34783935546875,64.17761226751414,62.05739616239475,63.98398101003907,89100
2022-05-10,62.89968490600586,64.100169336509,61.96059347928097,63.7419569963967,66700
2022-05-11,61.48619842529297,63.57736804781764,61.360343644476664,62.58987446182821,2062600
2022-05-12,61.873451232910156,62.52210301134606,60.59551449468202,61.01181246019527,384900
2022-05-13,64.36156463623047,64.55518852102824,62.79318457876864,62.88031311104431,123200
2022-05-16,63.58705139160156,64.35187825794813,63.47087263431487,64.08080187722325,63700
2022-05-17,65.09734344482422,65.12638628986967,63.896859069851516,64.80690760809169,1008100
2022-05-18,62.1154899597168,64.30346779771195,61.88313244802742,64.30346779771195,172800
2022-05-19,62.66733169555664,63.403108389156756,61.61206154840911,61.873458232591666,142200
2022-05-20,62.62861251831055,63.48056807437055,60.8762880417714,63.48056807437055,314900
2022-05-23,63.25787353515625,63.286923760326594,62.26069667299069,62.938394921046694,309300
2022-05-24,62.02836227416992,62.4253008695842,61.35066754773602,62.4253008695842,220200
2022-05-25,63.13203048706055,63.4805593910195,61.979948421958596,62.038041496803615,239400
2022-05-26,64.98115539550781,65.2135054825464,63.635449754233754,63.635449754233754,51600
2022-05-27,66.98519897460938,66.98519897460938,65.59108354379684,65.59108354379684,423800
2022-05-31,66.31719207763672,66.93679736891973,65.78471531812272,66.93679736891973,59400
2022-06-01,65.59109497070312,66.85934846556825,65.0489421581705,66.66572457145747,61300
2022-06-02,67.45958709716797,67.49831334907906,65.45554972500204,65.57172848073532,170000
2022-06-03,66.21067810058594,67.00454761836814,65.98801143562756,66.69474505987449,187200
2022-06-06,66.38494110107422,67.35307499922976,66.18163386881461,67.15945117410884,57700
2022-06-07,67.25627136230469,67.3918095338219,65.69757500358041,65.74598465895501,102400
2022-06-08,66.82061767578125,67.60481138216274,66.68507948184423,67.11106088351922,60700
2022-06-09,64.9617919921875,66.8206075586962,64.92306574460068,66.25909543437845,45100
2022-06-10,62.977115631103516,64.00333524193321,62.91902257214705,63.809711408813726,44900
2022-06-13,59.985591888427734,61.50556222978113,59.79196431708604,61.31193835157818,97700
2022-06-14,60.13081741333008,60.5761582712742,59.60802404454054,60.54711542627667,67900
2022-06-15,61.34098434448242,61.92186339519636,60.2663547768366,60.89564349272581,47400
2022-06-16,58.8625602722168,59.772608809348675,58.48498851452973,59.772608809348675,270500
2022-06-17,59.74354553222656,60.06303151037973,58.891590310094024,59.14330351364728,242600
2022-06-21,60.934364318847656,61.48620050924935,60.556792577324266,60.556792577324266,86000
2022-06-22,60.94407272338867,61.662087094327696,60.34248871367292,60.34248871367292,90000
2022-06-23,62.13751983642578,62.263655170552255,61.041088500051956,61.54564094067202,89500
2022-06-24,64.26246643066406,64.32068160354083,62.72940272113445,62.81672548044959,80900
2022-06-27,63.757904052734375,64.49532824930701,63.55414356474901,64.49532824930701,22900
2022-06-28,61.99197006225586,64.40799564529713,61.92404990217814,63.98107209741246,32600
2022-06-29,61.83673858642578,61.95317264628625,61.15753311805764,61.95317264628625,28800
2022-06-30,61.0896110534668,61.90465685004627,60.2551589639483,61.23515639982352,55400
2022-07-01,61.83673858642578,61.83673858642578,60.76941835139873,60.79852594102084,67900
2022-07-05,62.64206314086914,62.64206314086914,60.63356224979389,61.04108320414714,54800
2022-07-06,62.70029067993164,63.117516662306066,62.253957113186885,62.63237051548663,53300
2022-07-07,64.04899597167969,64.22364887954222,63.13691885253727,63.21454401219677,83300
2022-07-08,64.02958679199219,64.34008003182312,63.36009013898525,63.42801030386256,43100
2022-07-11,62.65177917480469,63.330980885066154,62.50623383610768,63.330980885066154,53600
2022-07-12,62.14723205566406,63.4377153397393,61.78822119762421,62.84583637519061,24300
2022-07-13,62.01138687133789,62.38009901814866,60.93436171971416,61.07990705964181,39300
2022-07-14,61.8076286315918,61.98228156538502,60.66268326622374,61.545649230901965,41800
2022-07-15,63.04960250854492,63.0690050990606,62.00168495485595,62.26366064190648,43100
2022-07-18,62.6226806640625,63.96168168811247,62.438322714809466,63.612375785709084,36000
2022-07-19,64.60205841064453,64.61175600296421,63.36978313376069,63.50562345365844,39900
2022-07-20,65.7373275756836,65.9022755508751,64.66030213314647,64.7379273224409,59700
2022-07-21,66.58146667480469,66.61057426215667,65.43652135491786,65.85374738003111,119800
2022-07-22,65.53352355957031,66.86282628466354,65.1939228349817,66.49411058133255,47900
2022-07-25,65.21334075927734,65.64997671024312,64.76700721585671,65.64997671024312,47200
2022-07-26,64.13632202148438,65.00958660569152,64.01989167875213,64.93196144204133,32500
2022-07-27,66.14482116699219,66.47472438272074,64.65057020776355,64.86403568804513,633400
2022-07-28,66.99869537353516,67.12483072467509,65.37830138642497,66.06720812463925,48600
2022-07-29,67.60027313232422,67.64879071586256,66.59116809722673,66.81433861766163,38900
2022-08-01,67.67789459228516,68.16304079007932,66.86285253330784,67.17334580378638,174000
2022-08-02,67.7361068725586,68.52204871326487,67.08601277195349,67.32858586048464,85400
2022-08-03,69.31769561767578,69.4923485563497,68.16304522295687,68.16304522295687,242800
2022-08-04,69.51176452636719,69.59909471388347,68.82285763644153,69.33711155408002,91600
2022-08-05,69.43413543701172,69.56997580752025,68.62879821263832,68.72582599118084,47600
2022-08-08,69.4535140991211,70.51112899273839,69.23034364669032,69.73489971186353,374000
2022-08-09,68.20186614990234,68.8228528071835,67.9495880070241,68.8228528071835,37900
2022-08-10,70.13274383544922,70.17155642550513,69.41472942627641,69.77374033223514,292500
2022-08-11,69.76403045654297,71.19036157971236,69.61848510469514,70.7149129368265,80900
2022-08-12,70.94778442382812,70.99629460318769,69.91926942464006,70.10362735333997,53600
2022-08-15,71.53965759277344,71.66579293217524,70.56936525131722,70.56936525131722,36400
2022-08-16,71.27767944335938,71.6560928904723,70.67609548507401,71.34559961584776,293500
2022-08-17,69.98719024658203,70.52085404368901,69.56996420595578,70.52085404368901,91900
2022-08-18,70.03570556640625,70.25887607509813,69.76402487947249,69.93867780717898,60000
2022-08-19,68.648193359375,69.50204808175458,68.4541378233437,69.50204808175458,39600
2022-08-22,66.97927856445312,67.88165073027847,66.7755180628465,67.88165073027847,61600
2022-08-23,66.83373260498047,67.50323667734656,66.70759726786143,66.95987534484246,34500
2022-08-24,67.29946899414062,67.60996220853576,66.76580531186359,66.86284045609007,13100
2022-08-25,68.47354125976562,68.47354125976562,67.66819671009614,67.67790170784058,27200
2022-08-26,65.88285064697266,68.50263697526198,65.86344065484853,68.50263697526198,80000
2022-08-29,65.397705078125,65.97987900052217,65.31037491825674,65.46562524569228,76200
2022-08-30,64.69910430908203,65.78583457596754,64.252770646632,65.76642458039684,38800
2022-08-31,64.5244369506836,65.61116697484036,64.33038145478612,65.28126374852346,33000
2022-09-01,64.2042465209961,64.24305910543997,62.933165842119344,63.854940663744785,83100
2022-09-02,63.41831588745117,65.06781011120506,63.127225187850364,64.8640495825821,82800
2022-09-06,63.01078796386719,63.57355190422975,62.60325954828597,63.476524149184016,60600
2022-09-07,64.42740631103516,64.57295162779707,63.08839828011634,63.1078082704805,15400
2022-09-08,65.12602996826172,65.21335273284247,63.7191015160412,63.92286203613996,34800
2022-09-09,66.65908813476562,66.73671330716898,65.78583085483152,65.78583085483152,65100
2022-09-12,67.26066589355469,67.38680123498169,66.80462730130934,66.86284987659681,204700
2022-09-13,63.91317367553711,65.44623029625035,63.76762831079835,65.44623029625035,80300
2022-09-14,64.34007263183594,64.47591294596705,63.76760379410363,64.08780199287352,1052000
2022-09-15,63.55415725708008,64.52444973428742,63.263066552820234,64.06841108556091,25100
2022-09-16,62.99137878417969,63.03019136724753,62.341284673965596,62.67118052592739,264000
2022-09-19,63.2630500793457,63.27275507435898,62.428598174016194,62.428598174016194,29200
2022-09-20,62.484317779541016,63.00931529890364,62.153767906656746,62.6884896626981,82500
2022-09-21,61.512107849121094,63.699590178963085,61.482942555394196,62.581547693194494,37500
2022-09-22,60.36488723754883,61.28849311272187,60.25794289186329,61.28849311272187,256900
2022-09-23,59.528778076171875,59.92738643988784,58.8676709789782,59.92738643988784,98800
2022-09-26,59.05239486694336,60.2287752052773,59.00378110541293,59.528778576783374,68600
2022-09-27,59.17879104614258,60.170451880973765,58.731572544760866,59.83017774051158,44200
2022-09-28,60.812103271484375,61.07460200723406,59.50933382852812,59.557943881361176,79200
2022-09-29,59.47045135498047,60.0635037125141,58.85795794097567,59.995448888735794,513700
2022-09-30,58.576011657714844,60.1023904199826,58.576011657714844,59.24683933575489,541800
2022-10-03,60.1510009765625,60.51072355544098,58.828786665043836,59.25656406507022,81700
2022-10-04,62.18293380737305,62.270437103498836,61.424606522239856,61.47321657997999,86800
2022-10-05,62.25098419189453,62.67876157041342,60.92876994685325,61.560711778551024,160800
2022-10-06,61.72599792480469,62.63987966598658,61.619053567161195,62.17321641248668,83000
2022-10-07,59.48989486694336,60.821833438453865,59.217675577564705,60.81210920171339,139800
2022-10-10,58.712120056152344,59.63572594141252,58.19684679445024,59.63572594141252,52700
2022-10-11,57.876007080078125,58.78989233238287,57.51628826199491,58.46905932881825,81300
2022-10-12,57.77879333496094,58.342676648939054,57.662128461156755,58.11906742885209,858200
2022-10-13,58.8385124206543,59.042676889368956,55.814920084958295,56.19408372934544,118000
2022-10-14,57.078800201416016,59.42184060204617,57.039910671508615,59.39267530897047,130300
2022-10-17,58.857948303222656,59.15933284240188,58.391285141424284,58.391285141424284,47200
2022-10-18,59.480167388916016,60.52043807601585,58.857949823776956,60.23849458284059,181900
2022-10-19,58.887123107910156,59.577395581155976,58.459349400978184,59.07184281366742,42200
2022-10-20,58.62461853027344,59.869057414852186,58.41073355236424,58.91628256102915,55100
2022-10-21,59.91767120361328,59.97600178817496,58.35240290024196,58.48851254249867,24300
2022-10-24,60.189884185791016,60.39404862779852,59.23711308104681,59.956550745847295,38600
2022-10-25,61.63849639892578,61.69682698583934,60.77322103637389,60.86072062545398,68500
2022-10-26,61.463497161865234,62.620436584005475,61.239887925254784,61.239887925254784,40600
2022-10-27,61.084327697753906,61.90098550570041,60.93849382707238,61.60932147304675,51500
2022-10-28,62.6593132019043,62.707926964968706,61.04543862854584,61.15238297335247,41600
2022-10-31,62.18293380737305,62.513491100909185,61.881549224158405,62.32876768930313,37600
2022-11-01,62.10516357421875,63.194044533902584,62.046829274898016,63.009321107075245,55100
2022-11-02,60.0926628112793,62.639867290839405,60.04404905198378,62.24125523338724,222800
2022-11-03,59.344058990478516,59.98572133142006,58.906561096948074,59.28572470177136,88900
2022-11-04,60.10239028930664,60.51072292061985,59.06211950986261,60.335723751301266,39800
2022-11-07,60.82183074951172,60.987105679696306,60.08294455570783,60.62738681910493,118800
2022-11-08,61.463497161865234,62.27043822802052,60.66628033265938,61.17182939273794,98800
2022-11-09,60.12183380126953,61.103770267585006,60.11211327371411,60.98710539337245,57900
2022-11-10,64.3509750366211,64.45791938274063,62.805147844705346,62.89265113581175,425400
2022-11-11,65.70234680175781,65.82873218790645,64.30235364938748,64.59402136193731,132300
2022-11-14,65.05097961425781,66.0426367238553,65.03153113945835,65.43986010120909,1091100
2022-11-15,66.30513763427734,66.9176385482708,65.59542400740365,66.75236358501753,125700
2022-11-16,65.09957885742188,65.95512621967508,64.9245796904361,65.95512621967508,46400
2022-11-17,64.72041320800781,64.9245776602037,63.884306927156814,64.15652619675132,41100
2022-11-18,64.7690200805664,65.6440083776327,64.26346370445637,65.6440083776327,51300
2022-11-21,64.3218002319336,64.64262580542184,64.088463101774,64.49679195342655,36000
2022-11-22,65.06068420410156,65.06068420410156,64.05930304534442,64.50652145520594,41300
2022-11-23,65.5565185546875,65.70235242344039,65.0023557873615,65.08013483968551,65300
2022-11-25,65.22595977783203,65.39124211454086,65.08985014813194,65.39124211454086,13100
2022-11-28,64.40931701660156,65.38153312251252,64.29264841362095,65.00236943460087,38600
2022-11-29,64.21487426757812,64.70098230164784,64.02042660349827,64.70098230164784,30400
2022-11-30,66.60650634765625,66.60650634765625,64.03985723626414,64.38985551667378,118600
2022-12-01,66.99539947509766,67.4717831767464,66.55789788110236,66.94678571440313,57800
2022-12-02,66.72317504882812,66.87873315435968,65.78013184936331,65.83846243022828,48600
2022-12-05,65.49818420410156,66.49956533852358,65.21624071871953,66.49956533852358,86600
2022-12-06,64.41902923583984,65.59540961442366,64.09819620056639,65.59540961442366,54300
2022-12-07,64.380126953125,64.6231808860997,63.93290860654164,64.10790773498012,54600
2022-12-08,65.38151550292969,65.50790089236739,64.45791341818274,64.82735276859786,35300
2022-12-09,64.82735443115234,65.43013094010567,64.77874067074282,65.25513178701719,747500
2022-12-12,65.61486053466797,65.61486053466797,64.67180975930174,64.79820259564153,32400
2022-12-13,66.30513763427734,68.31762474292624,65.82875380360947,68.31762474292624,278700
2022-12-14,65.96484375,66.94678383256345,65.30373667719762,66.2467872357823,47900
2022-12-15,63.952362060546875,65.33290688740823,63.79681137033234,65.33290688740823,223000
2022-12-16,63.4857063293457,63.91347631581372,63.048204688801185,63.72876032384179,351500
2022-12-19,62.79541778564453,63.55375237437902,62.50375748297887,63.55375237437902,81800
2022-12-20,62.766136169433594,63.12725642532962,62.27814316924236,62.649021721432014,79800
2022-12-21,63.55671310424805,63.77142546570149,62.912553681164475,62.9711109209935,78200
2022-12-22,62.22934341430664,63.02966150304968,61.2240713089036,63.02966150304968,123700
2022-12-23,62.25862503051758,62.3562228893446,61.57542884936946,62.10246622252255,42200
2022-12-27,61.712066650390625,62.092703507924035,61.52662923144655,62.092703507924035,57400
2022-12-28,60.9605598449707,62.034155047340576,60.92151920711286,61.682796752860256,123100
2022-12-29,62.356224060058594,62.57094382125291,61.44854980807136,61.45831182800914,81800
2022-12-30,62.297672271728516,62.297672271728516,61.44855517275795,61.838954095718215,151200
2023-01-03,61.99510955810547,63.08822127074354,61.4485518402265,62.97109936633528,66100
2023-01-04,62.932064056396484,63.26389827167452,62.34646572345469,62.71734429533919,53900
2023-01-05,61.9853515625,62.42454942474806,61.81943443849523,62.239111982074476,42000
2023-01-06,63.64453887939453,63.88853726834156,61.93655015676532,62.65878330310136,56000
2023-01-09,63.79094314575195,64.73765814182529,63.79094314575195,64.05445814493427,75300
2023-01-10,64.47412872314453,64.47412872314453,63.59574052337946,63.664059771055406,104200
2023-01-11,65.26468658447266,65.26468658447266,64.47412680348694,64.72788719283047,69700
2023-01-12,65.55747985839844,65.73315898155974,64.41556928096959,65.38180073523714,55100
2023-01-13,66.0162124633789,66.0162124633789,65.08902143823653,65.08902143823653,57600
2023-01-17,65.99669647216797,66.1918922330727,65.65509272122321,65.88933656979808,47400
2023-01-18,65.07925415039062,66.75796434938312,65.0109348956056,66.4651632881671,48100
2023-01-19,64.1227798461914,64.82549646580566,63.966624734188585,64.64006273569235,172000
2023-01-20,65.64533996582031,65.70389720646727,64.23990662036395,64.42534781073422,74900
2023-01-23,67.14836120605469,67.24595907469556,65.68437083772129,65.87956657500304,68500
2023-01-24,66.94337463378906,67.11905371976273,66.61154049708193,66.86530083154119,28300
2023-01-25,67.0019760131836,67.07029528149089,65.49894466418141,66.08453945627845,60100
2023-01-26,68.08531188964844,68.11459050464543,67.06051568731453,67.74371563761707,76500
2023-01-27,68.58306121826172,69.31505635659892,67.68514896899892,67.7339516233839,763000
2023-01-30,67.23619842529297,68.23171606595847,67.22643640435776,67.93891500782385,181900
2023-01-31,68.19267272949219,68.21218932434995,67.28499842068757,67.28499842068757,77400
2023-02-01,69.7640380859375,70.28131359360269,67.91940300665819,68.104844206101,135600
2023-02-02,71.32561492919922,71.7745710970265,70.63266035845014,70.79857748533928,308600
2023-02-03,69.87138366699219,70.93522064551729,69.69571195376284,70.09586548874216,932200
2023-02-06,69.22722625732422,69.82258294826211,69.01250647420036,69.21746423638943,106300
2023-02-07,70.39842224121094,70.505782142905,68.69043328220287,69.18819214948984,74700
2023-02-08,69.26626586914062,70.29105466491113,69.1784225745088,70.10562094733748,114800
2023-02-09,68.7490005493164,70.26178635922791,68.5147566934179,70.26178635922791,94700
2023-02-10,68.47571563720703,68.69042797777367,67.97795680835814,68.41715095683399,89900
2023-02-13,69.50048828125,69.57856953940448,68.38785641438386,68.73921462984039,79200
2023-02-14,70.07633972167969,70.34961672370876,69.0222649027905,69.21746063388561,80100
2023-02-15,70.89617156982422,70.93521220575491,69.58834377422586,69.58834377422586,52000
2023-02-16,69.74449157714844,70.66192780996533,69.65665574017106,69.8518514531691,78600
2023-02-17,69.18818664550781,69.35410377265764,68.68067324297886,69.2955465386613,49800
2023-02-21,67.47042846679688,68.55378185540305,67.47042846679688,68.3195454986405,84500
2023-02-22,67.6656265258789,68.00722273832697,67.29474425558762,67.75346236069171,64300
2023-02-23,67.94867706298828,68.22195407939013,66.9043642096011,68.22195407939013,117700
2023-02-24,66.92388153076172,67.10932269943343,66.5530066396586,66.79700504212546,59800
2023-02-27,67.53874969482422,68.01699188863023,67.37283258084568,67.77299350469482,50000
2023-02-28,67.4802017211914,67.95843653435328,67.392365865122,67.43139905921456,32400
2023-03-01,66.93363189697266,67.51922647167827,66.75795277993707,67.37282596644211,42300
2023-03-02,67.75347900390625,67.89011752244986,66.41637243726649,66.42612701270474,86600
2023-03-03,68.7392349243164,68.85635684612703,67.76324124795028,67.8803631697609,53800
2023-03-06,68.52450561523438,69.40290129132046,68.47571040593168,68.93442111532795,69000
2023-03-07,67.54852294921875,68.6904337888517,67.50948230774742,68.52451664727926,79200
2023-03-08,67.95843505859375,67.95843505859375,67.33379971930644,67.69492004986716,44700
2023-03-09,66.4261245727539,68.33907120833933,66.34805074091163,67.8998770500445,86200
2023-03-10,65.39155578613281,66.7189073649534,65.06947618695463,66.54322826051424,588800
2023-03-13,65.67460632324219,66.43588009447068,64.68885076104745,64.93284914650478,144100
2023-03-14,66.65059661865234,66.96291423897576,65.97715872479523,66.51395812515082,80200
2023-03-15,66.48467254638672,66.48467254638672,65.46963852511685,65.90883257303923,67700
2023-03-16,67.74372863769531,67.8022858789265,66.02597758124857,66.21141132722772,100600
2023-03-17,67.09956359863281,67.80228021971881,66.80676252443344,67.77300160154701,331200
2023-03-20,67.6363754272461,67.6558920275082,66.94341325494835,67.20693575905977,74200
2023-03-21,68.51799011230469,68.60596288084604,67.9510776930413,68.00972869114062,55300
2023-03-22,67.06163787841797,69.02627909975031,67.06163787841797,68.57666108848542,175500
2023-03-23,67.82402038574219,68.76235441151364,67.16914259544586,67.81424397563175,124800
2023-03-24,67.96084594726562,68.01948948111271,67.00296676076272,67.46235353792223,100300
2023-03-27,67.94132232666016,68.46913667180476,67.7751531655692,68.3127439218878,56700
2023-03-28,67.84356689453125,67.9608539760816,67.48191432624877,67.9608539760816,152200
2023-03-29,69.14354705810547,69.26084159876089,68.47889290882215,68.64506203905451,110700
2023-03-30,69.75934600830078,69.9352841207728,69.48565869995356,69.82776597108342,203300
2023-03-31,70.91271209716797,70.94203387125567,69.83753066584423,69.83753066584423,287400
2023-04-03,70.61947631835938,70.69767268394543,70.07211667368878,70.59015454556858,600600
2023-04-04,70.23827362060547,70.70743686804849,69.96459381672781,70.70743686804849,127600
2023-04-05,69.49542999267578,70.02324429121857,69.18265197767444,70.02324429121857,53200
2023-04-06,69.49542999267578,69.65182272878451,68.79167759461873,69.27062475603962,52800
2023-04-10,69.94503021240234,69.94503021240234,68.86008011632033,69.02624922066424,64800
2023-04-11,69.90596008300781,70.2089691897502,69.85709293865513,69.97438005087534,44600
2023-04-12,69.29016876220703,70.53151184480258,69.24129416882637,70.47286084130259,50900
2023-04-13,70.2187271118164,70.36534343627315,69.59317108753596,69.6420456814269,86900
2023-04-14,69.83753204345703,70.42399736564447,69.3585923237392,69.96460300996527,94100
2023-04-17,70.18941497802734,70.1991913895914,69.67137702338792,69.9450568894452,86900
2023-04-18,70.1991958618164,70.64881387858561,69.92551597832363,70.63903746639872,91000
2023-04-19,69.9841537475586,70.12099367798488,69.68115210978853,69.71047388670604,57300
2023-04-20,69.53451538085938,70.13074952742582,69.40745189906552,69.40745189906552,58800
2023-04-21,69.62248992919922,69.79842800085079,69.13377389207986,69.63225888074686,70300
2023-04-24,69.57363891601562,69.7886752383626,69.29995903565309,69.62251351917355,32100
2023-04-25,68.1563491821289,69.23152308852097,68.12701995267219,69.23152308852097,49000
2023-04-26,67.60897827148438,68.16611428423947,67.48191477987893,67.97063084219798,45800
2023-04-27,68.75257110595703,68.81122210352139,67.68717368446627,68.05859520203627,105300
2023-04-28,69.29016876220703,69.35858871861038,68.64506738143488,68.68415810748027,67200
2023-05-01,69.26085662841797,69.50521471489779,69.05559673064096,69.29017840564083,55000
2023-05-02,68.4202651977539,69.11424127846507,68.02929076232333,69.06537413479694,115100
2023-05-03,68.14657592773438,69.1142317425715,68.087932380537,68.57664849309135,76900
2023-05-04,68.00973510742188,68.3420584800711,67.85334237402273,68.15635143067958,130400
2023-05-05,69.09468841552734,69.29017188342372,68.23454325946413,68.23454325946413,101200
2023-05-08,69.29993438720703,69.34880151576657,68.89918366405897,69.2119616242562,344900
2023-05-09,68.81122589111328,68.94806579760356,68.68415493707545,68.78190411932474,40300
2023-05-10,69.24130249023438,69.50521339466117,68.62552280859995,69.36837346540908,94200
2023-05-11,69.09468841552734,69.1435555538933,68.76235757144393,69.1435555538933,30400
2023-05-12,68.94807434082031,69.28039773855548,68.5961981213263,69.25107596313373,33500
2023-05-15,69.66159057617188,69.66159057617188,68.86009645937669,68.97739100959646,39200
2023-05-16,68.96761322021484,69.34881117928589,68.96761322021484,69.34881117928589,21900
2023-05-17,69.7984390258789,69.90594971038931,68.83077575034035,69.18265194922417,58800
2023-05-18,70.85405731201172,70.92247726697184,69.64204348533991,69.64204348533991,114800
2023-05-19,70.67813110351562,71.02023839305416,70.49242402723657,71.01046198149724,41100
2023-05-22,70.94203186035156,71.21571168703406,70.77587017375376,70.77587017375376,60400
2023-05-23,70.01346588134766,70.84428921806904,70.01346588134766,70.61947653063734,63600
2023-05-24,69.64205169677734,69.8668644079914,69.29017547057418,69.74956984685146,84000
2023-05-25,69.9841537475586,70.17964468903679,69.53453576798411,69.96460838201924,70600
2023-05-26,71.79239654541016,71.95856569716702,70.45331912124486,70.45331912124486,95400
2023-05-30,71.79239654541016,72.51570178732123,71.4893949309873,72.39840723147222,207300
2023-05-31,71.48939514160156,71.58713687648886,70.92248263915234,71.47961873094792,153200
2023-06-01,71.97811889648438,72.38863870081916,71.12775005274764,71.35256277829315,79400
2023-06-02,72.76005554199219,72.92621722668899,72.11494670886452,72.60366281012516,386400
2023-06-05,72.80892181396484,73.0337344990525,72.45704562865467,72.79915286125097,154300
2023-06-06,72.99464416503906,73.1999040523372,72.59389334420702,72.69164253958228,132900
2023-06-07,72.20292663574219,73.28787708457037,72.15405203788927,73.17058252405336,87600
2023-06-08,72.88713073730469,72.9457742925553,72.17360183381479,72.23225284628249,133100
2023-06-09,72.95553588867188,73.42470660705091,72.57433794252073,73.14125038554084,74700
2023-06-12,73.9134292602539,74.00139458308857,73.02396233532797,73.19012402771537,246300
2023-06-13,74.63672637939453,74.75402093269244,74.12845743898646,74.58785178454968,167400
2023-06-14,74.81266784667969,75.02770414212593,74.00139726193851,74.7442478851483,123100
2023-06-15,75.66302490234375,75.8487319364799,74.50965468852743,74.63671818106431,1898800
2023-06-16,75.14498138427734,76.19083349173398,75.14498138427734,76.19083349173398,68600
2023-06-20,74.51942443847656,75.04723869016702,74.21642286068248,74.93972055794033,59300
2023-06-21,73.79364013671875,74.40091730407961,73.77405392548818,74.40091730407961,68200
2023-06-22,74.00912475585938,74.1266644399488,73.50959791228114,73.6467238073184,74300
2023-06-23,73.10801696777344,73.50960532430413,73.0982201249113,73.46062858279498,48800
2023-06-26,73.15699005126953,73.83282271893303,73.1178101545816,73.37247574665255,36700
2023-06-27,74.3421630859375,74.44010910335517,73.22556204721134,73.43125092562909,347200
2023-06-28,74.44989776611328,74.64578977942331,74.02872321197556,74.0776924789024,2104500
2023-06-29,74.41070556640625,74.55762828849836,74.11686012222202,74.44008861626466,127500
2023-06-30,75.39999389648438,75.57629970734138,75.03758543172228,75.11594523050354,267100
2023-07-03,75.64485168457031,75.64485168457031,75.24326337870097,75.3901861118922,113500
2023-07-05,75.3705825805664,75.51750529456042,75.14530756220195,75.3705825805664,91200
2023-07-06,74.29318237304688,74.45969134104438,73.85242158180603,74.45969134104438,137500
2023-07-07,74.36173248291016,75.07675244667679,74.1854267023102,74.1854267023102,601200
2023-07-10,75.70362091064453,75.73300396393437,74.50866025818478,74.50866025818478,3758100
2023-07-11,76.31088256835938,76.41861791759077,75.49791671950855,75.88970812027516,1073800
2023-07-12,76.78102111816406,77.09445272318266,76.33046365299975,77.08465588380113,1132600
2023-07-13,77.58419036865234,77.73111306873932,77.05527313201861,77.22178203814434,1007400
2023-07-14,77.33934783935547,77.7017562923851,77.2414018304506,77.53524732996668,2583600
2023-07-17,78.22086334228516,78.43634900830361,77.06508270229547,77.27077152727666,967300
2023-07-18,78.59306335449219,78.66162629811858,77.95640317921838,78.05435664679928,885400
2023-07-19,78.6224365234375,79.00443855882752,78.45592760595945,78.79874228100233,856200
2023-07-20,77.8290786743164,78.32861299148338,77.57441309478803,78.21107330720855,823300
2023-07-21,77.98579406738281,78.4363516237176,77.80948828683438,78.21106910914999,3329900
2023-07-24,77.74092102050781,78.13270497967639,77.4078956878545,77.97599289056896,764000
2023-07-25,78.0053939819336,78.35800560498014,77.83888501349543,77.89765112640261,602200
2023-07-26,77.84867095947266,78.1425089556794,77.45687949172962,77.70174822496894,250900
2023-07-27,77.54502868652344,79.07301466418546,77.34913668895686,78.82814593082688,229000
2023-07-28,78.79874420166016,78.91628386716813,78.36778037373018,78.4755231989126,87900
2023-07-31,79.1023941040039,79.33746598490842,78.7889624385311,78.9946512684226,158900
2023-08-01,78.7008056640625,78.85752523290311,78.31881105601394,78.76936860723019,91500
2023-08-02,77.03570556640625,78.0053836651362,76.86919661999015,78.0053836651362,442300
2023-08-03,76.8887710571289,77.26096878732498,76.53615953471173,76.55575321529025,137600
2023-08-04,76.51658630371094,77.48626441841024,76.35986672370251,77.26098189034835,120200
2023-08-07,77.08466339111328,77.10425707178457,76.50677684890415,76.91815446940554,97900
2023-08-08,76.27172088623047,76.42843300026293,75.58608390303498,76.17376740805882,108700
2023-08-09,75.94850158691406,76.41864545903533,75.79178198100557,76.32069944174357,120100
2023-08-10,76.06602478027344,77.26097788833685,75.76238247793557,76.64391138781883,188900
2023-08-11,75.4881362915039,75.86033409311281,75.31183049646789,75.57629292542244,245100
2023-08-14,76.1835708618164,76.1835708618164,75.27265873449804,75.43916770535792,66800
2023-08-15,75.21388244628906,75.82115960662007,75.08655339276196,75.78197971181154,301000
2023-08-16,74.49885559082031,75.38038446092472,74.46947254061686,75.16489879569917,83300
2023-08-17,73.54877471923828,74.80250900587215,73.5291885071227,74.79271216341373,336300
2023-08-18,73.57815551757812,73.82302423705154,72.9316985112242,72.9316985112242,417200
2023-08-21,74.42051696777344,74.54784603300534,73.7250831119948,73.823036594421,244400
2023-08-22,74.36173248291016,74.76332077814358,74.16584049237706,74.76332077814358,157700
2023-08-23,75.1747055053711,75.39019119888484,74.41071620858683,74.50866221305641,69500
2023-08-24,73.63692474365234,75.62525763450097,73.54876811504495,75.5468978474723,128400
2023-08-25,74.24418640136719,74.43028151575207,73.22553180082211,73.77403525003906,67400
2023-08-28,74.78289794921875,74.92982066076054,74.42049706325514,74.7535149014703,85400
2023-08-29,76.16397094726562,76.2423232605863,74.64578185056999,74.65557869203526,150400
2023-08-30,76.55575561523438,76.70267086018083,76.14437051098477,76.29129322873106,113700
2023-08-31,76.60472869873047,76.9965201413558,76.60472869873047,76.68308848181557,213800
2023-09-01,76.8887710571289,77.25117941983534,76.61451931142658,77.21199953147791,162400
2023-09-05,76.50679016113281,76.86919858861454,76.42843037041229,76.7712451138134,225900
2023-09-06,76.4773941040039,76.70266912301967,75.98765670447438,76.39903432660726,106100
2023-09-07,75.86033630371094,76.07582200090108,75.41957553967748,75.81136703704126,77200
2023-09-08,75.88971710205078,76.22273497479644,75.73299753407613,75.99745246403296,63300
2023-09-11,76.4773941040039,76.54595704102606,76.0170397527982,76.30108834126129,105900
2023-09-12,75.88971710205078,76.50678358715025,75.85053721005711,76.1639688732061,49600
2023-09-13,75.85054016113281,76.19335488841467,75.6644375351224,75.89950942342988,119900
2023-09-14,76.55575561523438,76.69288149238429,75.82114949930272,76.35985616730602,117400
2023-09-15,75.22368621826172,76.36967022398329,75.20409253265194,76.36967022398329,144500
2023-09-18,75.11592864990234,75.43914967112639,75.09633496813115,75.15510854064466,132600
2023-09-19,74.94414520263672,75.08156674547604,74.4729877668769,75.03249190241195,95000
2023-09-20,74.36502075195312,75.40550040109699,74.2864920077765,75.18955009906792,174200
2023-09-21,72.94171142578125,73.90366976794621,72.94171142578125,73.75643025275906,269400
2023-09-22,73.0496826171875,73.65826908552876,73.0006077740565,73.33434366743201,80100
2023-09-25,73.1969223022461,73.23618667019375,72.59815379664121,72.71594690048416,201800
2023-09-26,72.32331848144531,72.82392986543064,72.11718614425446,72.69631878366017,369300
2023-09-27,72.70612335205078,73.10857747591923,72.01901568802155,72.71594131551173,269900
2023-09-28,73.34417724609375,73.74662399666073,72.47056546990437,72.56872266597578,322600
2023-09-29,73.39324188232422,74.28648946672394,73.22637392334174,74.06072120716712,163600
2023-10-02,73.26563262939453,73.62882241402234,72.74539286284146,73.37360776836734,93600
2023-10-03,71.98957824707031,73.13804058924248,71.70492464186694,72.69632199951054,97100
2023-10-04,72.8141098022461,72.96134932140109,71.96012658227757,72.24478765560042,288800
2023-10-05,72.43128967285156,72.87300072998167,71.77362832506662,72.82392588414102,254800
2023-10-06,73.6484603881836,73.8349642867206,71.63621183272261,71.92086542987134,156100
2023-10-09,73.92330169677734,74.0607232537266,73.0595079832516,73.20674750538672,69300
2023-10-10,74.7380142211914,75.15027885706132,74.12942774282685,74.17851007567864,117700
2023-10-11,74.94414520263672,75.21898828831534,74.36501262765853,75.08156674547604,77700
2023-10-12,74.31593322753906,75.14047000601637,73.80551140384374,75.14047000601637,515100
2023-10-13,73.58956909179688,74.46318080994774,73.36380081580896,74.40428799400026,67700
2023-10-16,74.54170227050781,74.74783459508758,73.8840334380911,73.8840334380911,123200
2023-10-17,74.57115173339844,74.86562328533887,73.89385443278317,74.00182958183525,290600
2023-10-18,73.3147201538086,74.16869587300634,73.22637344797711,73.94293510382808,217900
2023-10-19,72.36257934570312,73.5993807978052,72.26442216450106,73.49140565180906,152400
2023-10-20,71.38098907470703,72.2546006759525,71.36135314607651,72.2546006759525,150900
2023-10-23,71.2337417602539,71.98956017363564,70.63497331414518,71.0472379032625,94100
2023-10-24,71.90122985839844,72.1171801428886,71.36135414717306,71.52822958722349,119600
2023-10-25,70.25216674804688,71.42025743270145,70.14419160128487,71.42025743270145,1028500
2023-10-26,69.38838195800781,70.29144012949902,69.25096038795107,70.17364700277298,531400
2023-10-27,69.15278625488281,69.84971946496742,68.93684345209768,69.77119072454762,377600
2023-10-30,69.39817810058594,69.62394634128184,68.8877563013651,69.37854966130959,697500
2023-10-31,69.95769500732422,70.0754881312312,69.15279404957747,69.57487671576867,133100
2023-11-01,70.69387817382812,70.73314254457152,69.7711916725537,70.10492759050311,341500
2023-11-02,72.15644073486328,72.1957051017074,71.45951507343267,71.45951507343267,158300
2023-11-03,73.40306091308594,73.70735042963865,72.61779595351791,72.61779595351791,443800
2023-11-06,73.13803100585938,73.68771719065845,72.73557684276534,73.6386348574817,171700
2023-11-07,73.7466049194336,73.86439801759624,73.10857956556077,73.41286904134085,443700
2023-11-08,73.3049087524414,73.59938781302914,72.94171890957168,73.59938781302914,93300
2023-11-09,72.62760162353516,73.59937789922876,72.56870881491588,73.4619488642628,423300
2023-11-10,73.90367126464844,73.97238204127227,72.71595213220053,72.91226649715063,174900
2023-11-13,73.75643157958984,73.90367109742574,73.38343129146347,73.75643157958984,180800
2023-11-14,75.89629364013672,75.97482238412844,75.1404750737277,75.1404750737277,290700
2023-11-15,76.17112731933594,76.76007784848996,76.02388781481936,76.33799526296232,348600
2023-11-16,75.8079605102539,76.06316771536058,75.4545886228144,76.0435392722423,146400
2023-11-17,76.09259796142578,76.23002698971725,75.80794440764895,76.06315155854627,540100
2023-11-20,77.05455780029297,77.12326857138642,76.09259951607233,76.09259951607233,131000
2023-11-21,76.60303497314453,76.7600849673249,76.28892749587081,76.7600849673249,75000
2023-11-22,76.78954315185547,77.27051861510033,76.70119644045182,76.95641112027933,57800
2023-11-24,77.06437683105469,77.06437683105469,76.81898014676555,76.85824451492131,42300
2023-11-27,76.83860778808594,77.11345087340833,76.6619218776769,76.94658292716436,90800
2023-11-28,76.95641326904297,77.11346327638189,76.60304139138837,76.72083451357777,216100
2023-11-29,77.3686752319336,78.01652614773333,77.28033601009545,77.49627882644869,114400
2023-11-30,77.48646545410156,77.61406904384779,76.87787893372317,77.61406904384779,304800
2023-12-01,78.26191711425781,78.26191711425781,77.05456208205432,77.28033033614247,212900
2023-12-04,77.84964752197266,77.94781219412494,77.15272178538712,77.75149033873342,118100
2023-12-05,77.34903717041016,77.50608715267285,76.9367650530317,77.35884764567429,138200
2023-12-06,77.14291381835938,77.93800433014347,77.10365693110629,77.90855792024665,214600
2023-12-07,77.95762634277344,78.05578353063683,77.28033650427663,77.59444399878754,104100
2023-12-08,78.04597473144531,78.35026426703561,77.5453633269955,77.65333848263984,161500
2023-12-11,79.61651611328125,79.73430924033083,78.4287968322919,78.4287968322919,552400
2023-12-12,80.02877807617188,80.02877807617188,79.20424868188324,79.73430650203179,196100
2023-12-13,81.5109634399414,81.56003828338419,80.00913693238529,80.22508721248846,467800
2023-12-14,82.14899444580078,82.69868060888565,81.58949031868588,82.17844084897857,692300
2023-12-15,82.01158142089844,82.48273889849143,81.83489549457279,82.39439967978515,486800
2023-12-18,82.29623413085938,82.3747628725931,81.93305180593867,82.30605209580433,324800
2023-12-19,82.75758361816406,82.83611236226126,82.42384768912079,82.47292253749661,295900
2023-12-20,81.48152160644531,82.9244553872402,81.40299286583716,82.59071198411202,239100
2023-12-21,82.57038879394531,82.64914343942085,81.9501461993064,82.34394947137484,166100
2023-12-22,82.93465423583984,83.1020257037998,82.48178308214825,82.99372961148518,188000
2023-12-26,83.59426879882812,83.6828705858505,83.0921694721848,83.21030518821463,182600
2023-12-27,83.68286895751953,83.76163110745495,83.43674287235035,83.73209717902218,226100
2023-12-28,83.62379455566406,83.88960740192668,83.62379455566406,83.88960740192668,107100
2023-12-29,83.32845306396484,83.72225633210134,82.96418372648337,83.62380739286036,141100
2024-01-02,82.24549865722656,82.84604694343386,81.89107647155758,82.68852263372654,200000
2024-01-03,81.23146057128906,81.74339955704632,81.1526984161964,81.7335524098666,256200
2024-01-04,80.85735321044922,81.40868084711207,80.74905711277474,80.89673429243751,142900
2024-01-05,80.90656280517578,81.51695816863943,80.73919887865517,80.86718173225829,122000
2024-01-08,82.47193145751953,82.48177860478805,81.17238593146034,81.20192737326592,198300
2024-01-09,82.41285705566406,82.66883028612254,81.73354666032779,81.91075774123412,125900
2024-01-10,82.72789764404297,82.87557479577009,82.08796832734006,82.39316977722197,147600
2024-01-11,82.75743865966797,82.92481011858445,81.79262853994344,82.79681973757934,161200
2024-01-12,82.72789764404297,83.27921766524082,82.49161870798274,83.13154802468566,303000
2024-01-16,82.44239044189453,82.69836367066999,81.95998542361043,82.41285651379965,244700
2024-01-17,81.95999145507812,81.95999145507812,81.17238492911889,81.83200858685807,123200
2024-01-18,82.87557220458984,82.91495327789725,82.06827897971719,82.4128539821924,112300
2024-01-19,84.14559173583984,84.25388782004644,82.97402910369883,83.24968913216202,263200
2024-01-22,84.588623046875,84.92335847559993,84.40157230343202,84.71661343631678,224100
2024-01-23,84.94303131103516,84.94303131103516,84.39171129681714,84.67721845022913,244400
2024-01-24,84.7855224609375,85.63219685410891,84.73629423598722,85.63219685410891,173100
2024-01-25,85.13008880615234,85.53373166705737,84.67721772532565,85.53373166705737,120700
2024-01-26,84.65753936767578,85.0414955195859,84.45079432519904,84.85444477325353,191100
2024-01-29,85.57312774658203,85.57312774658203,84.59847041282865,84.71661365465482,190600
2024-01-30,85.05133056640625,85.1990077217845,84.88396662885789,85.0119494908939,212300
2024-01-31,83.84039306640625,84.9430331183023,83.64348769201624,84.54922988069427,354700
2024-02-01,84.71660614013672,84.79536078319538,83.52534921311545,84.15543893579186,153200
2024-02-02,85.01194763183594,85.30730193613357,84.30310331045918,84.6181443964964,193200
2024-02-05,84.59845733642578,84.91349842142651,83.99790909452251,84.91349842142651,195300
2024-02-06,84.89381408691406,84.92334801586361,84.46062976586153,84.86427264679234,426600
2024-02-07,85.58296966552734,85.89801077997548,85.06118352389507,85.35653034365558,128600
2024-02-08,85.86846160888672,85.87830875448283,85.38605663107593,85.56326769594926,263900
2024-02-09,86.26227569580078,86.38041141317706,85.67156706423039,85.99645530935965,209200
2024-02-12,86.27210235595703,86.74466768790406,86.09489129537329,86.27210235595703,169400
2024-02-13,84.69690704345703,85.12024420947935,84.02744379279783,84.6870598969434,400200
2024-02-14,85.61249542236328,85.72079149928749,84.96272647199002,85.3269882660333,206400
2024-02-15,86.3607177734375,86.40993848137862,85.75032240782858,86.01614277316297,132100
2024-02-16,85.69125366210938,86.43947902004193,85.50419544483334,86.35086972879532,132400
2024-02-20,85.22853088378906,85.49434372095233,84.62798270264373,85.30729302486381,261400
2024-02-21,84.66737365722656,84.66737365722656,83.89946147002995,84.4606286461484,163900
2024-02-22,86.60685729980469,86.74468732132443,85.79956395468636,86.07522399772587,94400
2024-02-23,86.34101867675781,86.70528794887586,86.15396797911558,86.64622009816476,245700
2024-02-26,86.5083999633789,86.83328069048146,86.36072280860205,86.40010388395402,106400
2024-02-27,86.90220642089844,86.96128179680413,86.58716529036926,86.7939178392796,205400
2024-02-28,86.53793334960938,86.71514443199626,86.29180726358157,86.52808620304009,101600
2024-02-29,86.92189025878906,87.19755027594009,86.40010415330003,87.14832205380362,150400
2024-03-01,87.85716247558594,88.10328855295795,86.8529713848237,87.03018246097844,190500
2024-03-04,87.69964599609375,88.07375493097508,87.65041777597986,88.07375493097508,103800
2024-03-05,86.31150817871094,87.26647875065893,85.94724631889349,87.26647875065893,309900
2024-03-06,87.12863159179688,87.64057052900257,86.78405658491114,87.16801266560837,154200
2024-03-07,88.0737533569336,88.31987943076065,87.56181442828886,87.67995013657597,87100
2024-03-08,87.07939910888672,88.35925765600496,86.9415691128797,88.16235980775821,445000
2024-03-11,87.14832305908203,87.24677950449066,86.60685016519568,86.86282340314811,92400
2024-03-12,87.78825378417969,87.80794807804119,86.83328333354996,87.51259375949736,108200
2024-03-13,87.08926391601562,87.52244828341233,86.93174710770872,87.52244828341233,165400
2024-03-14,86.46900939941406,87.29598935754105,85.89799513622852,87.29598935754105,232000
2024-03-15,85.76018524169922,86.2229035457849,85.62235521637663,86.15398853312361,78300
2024-03-18,86.37057495117188,86.69545569706654,86.27211850151089,86.45917674245973,155700
2024-03-19,86.56887817382812,86.59847654097588,85.80915914931471,85.95715851261377,69900
2024-03-20,87.45687103271484,87.53580503394575,86.36168623020808,86.66754607552704,423000
2024-03-21,88.05873107910156,88.6704583074441,88.05873107910156,88.25605855789036,138700
2024-03-22,87.58512878417969,88.00938961025012,87.31873595272164,88.00938961025012,387900
2024-03-25,87.41741180419922,87.54568144949381,87.16088004117138,87.37794480007483,53100
2024-03-26,87.31874084472656,87.74300169456608,87.20033984213389,87.74300169456608,62100
2024-03-27,88.09819793701172,88.09819793701172,87.4766096050338,87.97979693339464,129700
2024-03-28,88.00939178466797,88.24619378243715,87.91072804937772,87.96993231260026,51100
2024-04-01,87.81207275390625,88.25606336916556,87.5160739920259,88.2462022639811,217700
2024-04-02,86.79582214355469,86.86488751786135,86.49982338077683,86.7760848780035,132800
2024-04-03,86.924072265625,87.27926772092414,86.41101634550414,86.41101634550414,83900
2024-04-04,85.54275512695312,87.80218989572708,85.51315676107276,87.60486243815136,346100
2024-04-05,86.32221984863281,86.72675096217175,85.56250078212895,85.60196778302743,36200
2024-04-08,86.50969696044922,86.74649146767541,86.27290245322301,86.46036132131132,64700
2024-04-09,87.15101623535156,87.1608773404061,86.35182259982888,87.02274659403153,132200
2024-04-10,85.70062255859375,85.95715427382447,85.42436110875755,85.71049118967645,354900
2024-04-11,86.50969696044922,86.7958271068133,85.70064216049484,86.08543605757303,75800
2024-04-12,84.97051239013672,85.82889521093003,84.8126443836326,85.79929684160072,316100
2024-04-15,83.75692749023438,85.84863343441208,83.55960000746104,85.84863343441208,349400
2024-04-16,83.79638671875,84.16145080833176,83.39185563076262,83.66812461960194,271700
2024-04-17,82.84919738769531,83.98384907316178,82.81959902219305,83.8654480835928,331100
2024-04-18,82.41506958007812,83.15505884247925,82.28680748451688,83.10573074152187,409400
2024-04-19,81.69481658935547,82.55319930569233,81.4185476115924,82.33613458694417,128100
2024-04-22,82.484130859375,82.91826028064087,81.7244118997194,82.30653314408984,163500
2024-04-23,83.59906768798828,83.90492754703749,82.81961132785422,82.81961132785422,249400
2024-04-24,83.95425415039062,84.35878527194144,83.57932892577058,83.91479467627136,222700
2024-04-25,83.85558319091797,84.06277928623074,82.9379961816413,83.52999362831804,59900
2024-04-26,84.39824676513672,84.64490986386781,83.67798720471538,83.70758557215345,89800
2024-04-29,84.80276489257812,84.8126335236112,84.3094387267631,84.5265034441313,68400
2024-04-30,83.23400115966797,84.46731672032264,83.23400115966797,84.46731672032264,324000
2024-05-01,82.75054168701172,83.99371832405531,82.49400994850849,82.76040279142907,293900
2024-05-02,83.51026153564453,83.6977279072025,82.38547836141805,83.28333569092132,615700
2024-05-03,84.5265121459961,84.89157625620352,84.20091503642412,84.64491314790246,146800
2024-05-06,85.08890533447266,85.13824096808638,84.64491474219243,84.93104485651821,227100
2024-05-07,85.14810180664062,85.51315836274928,85.10863480887426,85.21716717084173,124500
2024-05-08,84.96063995361328,85.12836905734297,84.65478011415793,84.65478011415793,169500
2024-05-09,85.30596160888672,85.40462533875777,84.84223379817672,85.04942988917394,82000
2024-05-10,85.50330352783203,85.90782711136555,85.3553041572473,85.54276300093132,108900
2024-05-13,85.80915832519531,86.16435378267762,85.64142922792874,85.9472890555984,158400
2024-05-14,86.16436004638672,86.2630237856241,85.76969756187641,85.88809856549774,54400
2024-05-15,87.29900360107422,87.30886470477176,86.45048197436111,86.69714506288096,418300
2024-05-16,87.24967193603516,87.53580203502408,87.10167257068773,87.31873730285591,52500
2024-05-17,87.12140655517578,87.39766801206132,86.83527646695572,87.39766801206132,52100
2024-05-20,87.61473083496094,87.68379619768372,87.09179877141995,87.09179877141995,97800
2024-05-21,87.44700622558594,87.48647322792768,87.15101499936442,87.15101499936442,175900
2024-05-22,87.72327423095703,87.81206933953182,87.22007936635052,87.64434022718328,73100
2024-05-23,86.72674560546875,88.19685554222214,86.50968087771452,88.19685554222214,218100
2024-05-24,87.33846282958984,87.7133955407422,86.88460365127494,86.88460365127494,170200
2024-05-28,86.74646759033203,87.16085974580506,86.29260843992449,87.16085974580506,77900
2024-05-29,85.73023986816406,86.00650137904599,85.70064149593551,85.72037123490068,364500
2024-05-30,85.50330352783203,85.69076237151604,85.20730478666258,85.62169700225127,47300
2024-05-31,85.59210205078125,85.64143768546603,84.2009184503289,85.46383993918619,516900
2024-06-03,85.52301788330078,86.01634401148605,84.55609535993155,85.99661427848474,278000
2024-06-04,85.53289794921875,85.76969241469018,85.03957175507641,85.2566364849087,128000
2024-06-05,86.79582214355469,86.79582214355469,85.75983400139341,85.99663602264019,611100
2024-06-06,86.72674560546875,86.9043433347622,86.56887761162557,86.84513907329088,75500
2024-06-07,86.47021484375,86.8451400419691,86.33208411137662,86.5787472088377,199200
2024-06-10,86.83526611328125,86.85499584603771,86.07553966987075,86.07553966987075,135600
2024-06-11,86.90435028076172,86.98328428399226,86.08542693425676,86.48995805514265,119500
2024-06-12,87.51604461669922,87.88110863014073,87.23978321303913,87.75284655774388,632900
2024-06-13,87.22008514404297,87.55554339096169,86.84515236506157,87.37794563448665,94200
2024-06-14,87.13127136230469,87.239803728917,86.6576824239605,86.78594452652028,113200
2024-06-17,88.08832550048828,88.2461934984931,86.90434562569394,87.14114009514071,525200
2024-06-18,88.24620056152344,88.30539730173298,88.01926717811837,88.14752929109275,97000
2024-06-20,87.83179473876953,88.33498957852375,87.67393426657952,88.1475232107101,138800
2024-06-21,88.17713165283203,88.22645975850824,87.77260053745904,88.11792738743553,88600
2024-06-24,87.77259063720703,88.32511353484793,87.72326253709475,87.9304586237101,151600
2024-06-25,88.1384048461914,88.1384048461914,87.72317245117664,88.02965242709381,70000
2024-06-26,87.69349670410156,87.96043717300556,87.57486320043041,87.7231626228413,140500
2024-06-27,87.8121566772461,87.90113936700035,87.49578802789772,87.64408748227243,102300
2024-06-28,87.73304748535156,88.69204190957322,87.50566156500717,88.08896309728583,195800
2024-07-01,87.46611785888672,87.97033291868463,87.14974925217133,87.8319145818505,354600
2024-07-02,88.29657745361328,88.32623583019047,87.38701870540966,87.38701870540966,273400
2024-07-03,88.43499755859375,88.58329699992925,88.23726999869503,88.31636403978368,287100
2024-07-05,89.16661071777344,89.25558586146447,88.44489075560077,88.46466803830319,260600
2024-07-08,89.03807067871094,89.17648147027668,88.82056585115835,89.13694199510569,429900
2024-07-09,88.7711410522461,89.12705668466131,88.68215837273092,89.12705668466131,251900
2024-07-10,89.57194519042969,89.61149220890127,88.6920447721987,88.93920798052926,272000
2024-07-11,89.2061538696289,90.1849181218774,89.06773552518787,89.77956681512241,347500
2024-07-12,89.90809631347656,90.61992760178674,89.51263364854613,89.5422920284219,238500
2024-07-15,90.08604431152344,90.67923447281925,89.68069304989766,90.04649729506077,393400
2024-07-16,91.01538848876953,91.01538848876953,90.23435175033771,90.42219822521295,810300
2024-07-17,89.25557708740234,90.34309370160787,89.24568844702321,90.08604939433084,1532500
2024-07-18,88.48442840576172,89.91797199408919,88.17794844174664,89.71035580464454,669300
2024-07-19,87.8121566772461,88.54375776458481,87.56499343422944,88.54375776458481,90700
2024-07-22,88.72169494628906,88.78101923992202,87.95054701445706,88.6920365708835,262800
2024-07-23,88.06920623779297,88.55364406933052,87.9901121918373,88.44489164184732,206600
2024-07-24,85.864501953125,87.37713966736008,85.8150738343388,87.33759264663736,480700
2024-07-25,85.55802154541016,87.0607706112828,85.50858588404695,85.93370692617259,288800
2024-07-26,86.33905792236328,86.70485466098746,85.8447314817811,86.05234768168687,320300
2024-07-29,86.6356430053711,87.10031103281801,86.24018791571804,86.79383107549019,455800
2024-07-30,85.9930191040039,87.12008263020664,85.49869273135984,86.78393677454132,474600
2024-07-31,87.59464263916016,88.03954095567184,87.14975186547125,87.37713780124191,160000
2024-08-01,85.40972137451172,87.6243017052876,84.84618953677071,86.98168336999316,283600
2024-08-02,83.38298034667969,84.30242782754281,82.6316095880991,84.30242782754281,333600
2024-08-05,81.47488403320312,82.5821703848061,80.52577067065405,80.67407010497877,340100
2024-08-06,82.13728332519531,83.35332214723458,81.89012010445953,81.97909524336941,213600
2024-08-07,81.64295196533203,83.81798515964796,81.53419955133398,83.1457009380339,526000
2024-08-08,83.61036682128906,83.70923059252006,81.94942981901282,82.0482935902438,617300
2024-08-09,83.88719177246094,84.11458524397977,83.13581350379908,83.57082316610162,115500
2024-08-12,83.56094360351562,84.07504735896413,83.25446360422892,83.95640629013216,961300
2024-08-13,85.21199035644531,85.3207427718412,84.13435484283765,84.13435484283765,116900
2024-08-14,85.28118896484375,85.50857487506421,84.62867452440882,85.3899413715829,116900
2024-08-15,87.14974975585938,87.25850217218594,86.26984932763354,86.27973042524678,78700
2024-08-16,87.44633483886719,87.52542887106058,86.80371657005647,86.98167437108059,575400
2024-08-19,88.42512512207031,88.42512512207031,87.26839540060675,87.35737809125332,131600
2024-08-20,87.99010467529297,88.47454246544748,87.88135225709993,88.32624302765491,72100
2024-08-21,88.66238403320312,88.81068346281714,88.19771600706297,88.46465648893265,114300
2024-08-22,87.62429809570312,88.9886438361113,87.46611756428949,88.89966115864782,144700
2024-08-23,88.51409912109375,88.8502450528728,87.98022561261425,88.51409912109375,776300
2024-08-26,88.0098648071289,88.61294359025408,87.79236753730608,88.53385710251028,95600
2024-08-27,88.09886932373047,88.26693852324348,87.49579039105548,87.65397849141394,190900
2024-08-28,87.19918060302734,88.00987565923425,86.70485416527136,88.00987565923425,817000
2024-08-29,87.60452270507812,88.53385872419312,87.49577029676372,87.51554003335632,838500
2024-08-30,88.57339477539062,88.60306069336646,87.63417769567651,88.53385530373302,293000
2024-09-03,86.50712585449219,88.04942191316614,86.13144048048316,88.04942191316614,383600
2024-09-04,86.07210540771484,86.6455258090376,85.80517248589733,85.83483086134129,474700
2024-09-05,85.71619415283203,86.07210976180781,85.0439099517469,85.8249465635092,160000
2024-09-06,84.21343994140625,85.92381248514414,83.97616539791939,85.67664930235566,877900
2024-09-09,85.19220733642578,85.45914780816764,84.5891285436129,84.75720524697044,142200
2024-09-10,85.30096435546875,85.40971676941675,84.3914055686514,85.27130597763247,117900
2024-09-11,86.30939483642578,86.50712238474765,83.85753250599333,85.42949442359529,76600
2024-09-12,86.82350158691406,86.95202375473063,85.97325944825454,86.42803889917094,111600
2024-09-13,87.44633483886719,87.70338667208472,86.9421273549839,86.95200845189152,605700
2024-09-16,87.54521942138672,87.69351132570114,86.99156865492776,87.53533078015802,183000
2024-09-17,87.50566864013672,88.18783399914756,87.19918111779916,87.87146537882899,266300
2024-09-18,87.15962982177734,88.47453224313048,87.09041688835795,87.69349566763154,308600
2024-09-19,88.8008041381836,89.3346776151053,88.62284631254302,88.99853170319618,120400
2024-09-20,88.46466064453125,88.59318280006211,87.76271048090587,88.59318280006211,86800
2024-09-23,88.60308074951172,88.81069696540794,88.50420941952197,88.73160291854553,475000
2024-09-24,88.87049102783203,89.1379014072759,88.38517923518,88.98933672700107,76100
2024-09-25,88.57334899902344,89.08836458649377,88.46440208615833,88.84075934022079,66500
2024-09-26,89.51425170898438,90.14812057598547,88.89028916824319,90.04907998232522,163300
2024-09-27,89.50436401367188,90.05899745184601,89.41522217892883,89.87081501118813,79000
2024-09-30,89.33597564697266,89.4449225669283,88.62287883859882,89.2666464757566,144000
2024-10-01,88.35546875,89.47464191485362,87.8008353311435,89.47464191485362,116400
2024-10-02,88.77143859863281,88.9794261184843,87.9691999425895,88.23661030916621,128100
2024-10-03,88.41487884521484,88.77143100770346,87.9989038410823,88.1771799223266,311900
2024-10-04,89.32608032226562,89.39540949615565,88.56345185316209,89.37559684286522,727400
2024-10-07,88.66249084472656,89.08837220699793,88.34555640463948,88.94971386172939,141800
2024-10-08,89.37559509277344,89.50435466770023,88.48421461998947,88.70210846403812,215400
2024-10-09,90.28679656982422,90.35612574876951,89.18742847775329,89.18742847775329,137300
2024-10-10,90.2471694946289,90.4650557800121,89.66281714132431,89.9302350584289,72200
2024-10-11,90.94046020507812,91.15835404436059,90.16793299766782,90.16793299766782,81600
2024-10-14,91.68328094482422,91.74270379281697,91.12864754672303,91.2871109934748,173300
2024-10-15,90.42544555664062,91.79222389548163,90.0886984678661,91.51490720843967,418900
2024-10-16,90.37593078613281,90.60373097754989,90.12832549630778,90.56411322442023,92400
2024-10-17,90.1283187866211,91.11873987218836,90.11841245999771,91.09893477525482,389400
2024-10-18,90.72257232666016,90.81171415600222,90.2273617707763,90.57400764863232,179500
2024-10-21,90.20756530761719,90.72258101025369,89.79159021437454,90.32641101636416,389000
2024-10-22,90.15802764892578,90.30659231880301,89.65291079386837,89.75195894466187,109200
2024-10-23,88.99923706054688,89.74205285558395,88.52383162694542,89.70243510642442,119000
2024-10-24,89.51425170898438,89.71234045261781,89.19731727548383,89.46473519031072,215500
2024-10-25,89.8311996459961,90.81172207267052,89.8113945468121,90.08871127327248,203300
2024-10-28,90.13822937011719,90.44525750312255,89.99957101609455,90.07879896388351,342700
2024-10-29,90.56410217285156,90.84141885460433,89.7321445712804,89.92032698660385,108200
2024-10-30,89.6727294921875,90.29669208016315,89.59349398873593,89.86091192380658,324500
2024-10-31,88.15737915039062,89.38549912790391,88.15737915039062,89.38549912790391,138900
2024-11-01,88.86058044433594,89.3359783308674,88.55355232777131,88.6723980212476,211200
2024-11-04,88.9398193359375,89.30627031321495,88.44460877739957,88.78134833017491,131600
2024-11-05,89.78166961669922,89.80147471290452,88.99923608111325,89.01904117731856,109200
2024-11-06,91.91107940673828,92.17848977402662,90.95036974845354,91.46538538617348,469500
2024-11-07,93.1788101196289,93.35708620307933,92.48551088118275,92.48551088118275,979900
2024-11-08,93.07978057861328,93.07978057861328,92.69350938836054,92.96092732343448,288400
2024-11-11,93.27786254882812,93.38680947789388,92.95102176163088,93.09958644274904,82400
2024-11-12,92.81236267089844,93.13920345550136,92.39638761212028,92.96092735083737,703900
2024-11-13,92.8816909790039,93.37690153662821,92.60437427574445,92.89159730592417,240800
2024-11-14,92.15869140625,92.95102379569636,92.04974447480015,92.86188951886307,143600
2024-11-15,89.97975158691406,91.35643625270583,89.69252857340392,91.35643625270583,874700
2024-11-18,90.64334106445312,90.94047043440837,90.07880130658917,90.23727231891564,924900
2024-11-19,90.87112426757812,90.93054710793479,89.90050838931593,89.95003246048805,147500
2024-11-20,91.04940032958984,91.10882316993647,90.12830852265526,90.82160018107382,90600
2024-11-21,92.36666870117188,92.55484356128386,91.10882974345755,91.49509334620437,443300
2024-11-22,93.10948944091797,93.31747696452184,92.41619013925843,92.41619013925843,287700
2024-11-25,94.10980987548828,94.49608105743867,93.63441197761807,94.24847578170655,181100
2024-11-26,93.7730712890625,94.21875776742502,93.59479518645482,94.11971716737928,109500
2024-11-27,93.16891479492188,93.74336086012588,92.72322831182669,93.6938367814204,311000
2024-11-29,93.72354125976562,93.85230083233138,93.36698907719007,93.36698907719007,33300
2024-12-02,94.46635437011719,94.60501270870984,93.81268042479657,93.9513387633892,163600
2024-12-03,94.30789947509766,94.36732232378567,93.97115236780093,94.36732232378567,208200
2024-12-04,95.31812286376953,95.31812286376953,94.65454255201152,94.74368437871914,115900
2024-12-05,94.23857879638672,95.16956958713166,94.23857879638672,95.16956958713166,134600
2024-12-06,94.96157836914062,95.25870774050661,94.74369206062788,94.74369206062788,154300
2024-12-09,94.36731719970703,95.46668517862093,94.16923601062703,95.19927481773163,169800
2024-12-10,93.43632507324219,94.15933581747316,93.1590083679416,94.15933581747316,270700
2024-12-11,94.31780242919922,94.46635954560689,93.80277923794215,94.04047818050756,245100
2024-12-12,94.06028747558594,94.35740925410707,93.95134055656766,94.14942174224842,119900
2024-12-13,93.72354125976562,94.12961751737616,93.38680172972923,94.09990609488035,435600
2024-12-16,93.95135498046875,94.26828946000312,93.53537989288877,93.58489641875455,350000
2024-12-17,93.41651916503906,93.95134747332698,93.36699508681644,93.78297769747155,179700
2024-12-18,90.08869171142578,93.3967017240936,89.88070421174288,93.37688907289765,609200
2024-12-19,89.35579681396484,90.6829575197944,89.31617906145019,90.56411181856409,630500
2024-12-20,90.27689361572266,91.04942094035452,88.48422611090061,88.58327427564956,435100
2024-12-23,90.50527954101562,90.63437146376029,89.70092299110333,90.31660032016738,356100
2024-12-24,91.51818084716797,91.597617951371,90.5648598341143,90.81311877837038,164200
2024-12-26,91.51818084716797,91.72671745119167,90.96207566017637,91.18054474332361,53700
2024-12-27,90.64430236816406,91.02166080330514,89.969037752727,90.8329815857346,318200
2024-12-30,89.52217102050781,89.9293117230833,88.71780694131509,89.63140555501224,262300
2024-12-31,89.14481353759766,89.96903500615164,88.85683984498127,89.73070855393819,460700
2025-01-02,89.09516906738281,90.18750688160776,88.52913899061325,89.67113162304632,364800
2025-01-03,90.60458374023438,90.85284268878104,89.61154794604775,89.64133780767145,135500
2025-01-06,91.2599868774414,91.91538653233432,91.09117261836036,91.34935645827437,262500
2025-01-07,90.40597534179688,91.61748016568399,89.93924732837202,91.54796796642464,295000
2025-01-08,90.32653045654297,90.52514215130094,89.56189626644384,90.08820399909489,154300
2025-01-10,89.03559112548828,89.69099079661362,88.60858543965597,89.64133597741338,231600
2025-01-13,88.93627166748047,89.06537115264233,88.19149491927912,88.31066192644525,101100
2025-01-14,89.52217102050781,89.73070761103592,88.79725161663853,89.61154059805075,297300
2025-01-15,90.81312561035156,91.31957601608812,90.57479912728941,90.86278043344306,321400
2025-01-16,91.17060852050781,91.6075466688605,90.6443007924983,91.13088618190653,124100
2025-01-17,92.25302124023438,92.82898378448425,92.08420698369054,92.82898378448425,293100
2025-01-21,93.05738067626953,93.3950167761971,92.54100541176234,92.997800954743,80500
2025-01-22,93.7028579711914,94.19937586736081,93.47445640539827,93.57376604564162,233900
2025-01-23,93.83194732666016,93.83194732666016,92.89849885928712,93.2559923408382,434600
2025-01-24,93.35530090332031,93.78230661511716,93.18647905353112,93.57376999906691,191100
2025-01-27,92.25302124023438,92.5310700336622,91.3195652255026,91.3195652255026,174300
2025-01-28,92.3721923828125,92.71976099489451,91.58770072036059,92.0147064432997,270200
2025-01-29,92.50127410888672,92.87862493576002,92.2033603775977,92.84883507788331,145300
2025-01-30,93.52410888671875,93.83194755024174,92.9680112813194,93.30563980566568,413300
2025-01-31,93.52410888671875,94.78526097789562,93.2559925630474,94.07028158935144,354700
2025-02-03,93.10704040527344,93.6134832174808,91.88560301573241,92.06434976600032,330900
2025-02-04,93.7326431274414,93.87166752528896,92.92828660042893,92.99779879935271,227600
2025-02-05,94.66609954833984,94.73561174755628,93.43472976756095,93.61347650501197,188700
2025-02-06,94.77533721923828,95.03352106699806,94.30860919067459,94.86470680278704,104400
2025-02-07,94.16959381103516,95.44067851838075,94.04049429852313,95.20235202981907,150300
2025-02-10,94.99381256103516,95.12290449341951,94.68596629725363,94.87464553219112,481500
2025-02-11,94.80512237548828,94.9838691099768,94.33839437008709,94.33839437008709,103800
2025-02-12,94.93421936035156,94.93421936035156,93.74257945099514,93.86173889617372,257500
2025-02-13,96.01663970947266,96.01663970947266,94.87464695543821,95.16262826393472,137600
2025-02-14,96.13578796386719,96.40391185748605,95.93718384554775,96.15565292145601,259600
2025-02-18,97.29765319824219,97.29765319824219,96.30461737598574,96.59259109732949,415000
2025-02-19,97.04940032958984,97.28772682052578,96.63231950012376,97.01960288899312,119500
2025-02-20,96.5826644897461,97.00967018883203,95.86767749813598,97.00967018883203,278900
2025-02-21,94.7256851196289,96.89050348413332,94.53700589170386,96.89050348413332,204700
2025-02-24,94.0206298828125,94.98387582138079,93.7028587297421,94.98387582138079,192600
2025-02-25,93.07723999023438,94.02062087975386,92.61051199654705,94.02062087975386,303400
2025-02-26,93.1169662475586,93.93125532337676,92.73961536041529,93.44466988906474,581300
2025-02-27,91.2302017211914,93.76243846675928,91.17061442130213,93.52411199598791,121000
2025-02-28,92.28282165527344,92.33247647817704,90.82305774654971,91.35929801360713,175100
2025-03-03,91.11103057861328,93.28578130783619,90.58472284033377,93.09710208986371,113200
2025-03-04,90.49534606933594,91.88559764840375,89.60161994646383,90.7138151487088,426600
2025-03-05,91.41886901855469,91.70685029614468,89.78036608672359,90.47548808348456,291100
2025-03-06,89.22425842285156,90.8031891660866,88.96606701286281,90.01869003377327,632300
2025-03-07,89.87966918945312,90.18750785212387,88.1021342613878,88.9660705279184,547200
2025-03-10,87.44672393798828,89.0455120689978,86.72181209797212,88.7376734171768,450600
2025-03-11,86.57286071777344,87.75457573558765,85.98696566037597,87.29778018005942,326100
2025-03-12,86.87077331542969,87.81415427535458,86.27494578678055,87.6651973931923,453300
2025-03-13,85.63939666748047,86.9005562494935,85.22232349168168,86.7813892380105,251900
2025-03-14,87.5162353515625,87.67512470350485,86.4536874332973,86.4536874332973,289900
2025-03-17,88.94621276855469,89.43279816986625,87.43680174608835,87.43680174608835,247200
2025-03-18,88.03262329101562,88.5092762220526,87.46659320024561,88.4794863608955,292400
2025-03-19,88.70789337158203,89.46259515478465,87.94325153236758,88.18158558878524,88900
2025-03-20,88.3901138305664,89.18453788122982,87.93331829677612,88.01275539845942,211200
2025-03-21,88.27094268798828,88.30073254675987,86.97999324863788,87.24811713010443,320200
2025-03-24,90.09813690185547,90.24708620329798,89.51224186988937,89.62147640845488,604100
2025-03-25,90.2978744506836,90.48667303286433,89.96001118863143,90.18856641719839,81500
2025-03-26,89.46316528320312,90.5164890427284,89.10543125518332,90.22832156921861,96100
2025-03-27,88.66820526123047,89.57247189778882,88.47939908795988,88.9166312444352,99200
2025-03-28,86.64104461669922,88.34027735925906,86.43236770951036,88.33033819757607,198800
2025-03-31,86.64104461669922,86.8099724585151,84.83250383970345,85.49828362664299,176500
2025-04-01,87.08821105957031,87.15777003080962,85.67715331079631,86.39262134717728,112700
2025-04-02,87.66455841064453,88.21109100146519,85.88582753733857,85.88582753733857,121400
2025-04-03,83.39163208007812,85.4287281714182,83.30220236532979,84.67351106098626,288300
2025-04-04,78.16474914550781,81.61289516602228,78.08525101730491,81.4737772323466,659900
2025-04-07,78.0455093383789,81.32472783278236,74.59735541021882,75.79973628296938,460200
2025-04-08,76.49533081054688,80.73844319723747,75.38237969503102,80.062724230917,519200
2025-04-09,84.63375091552734,84.99148489041242,75.75997566893584,76.18726860663978,553800
2025-04-10,81.27503967285156,82.89477423643235,78.9994569221853,82.89477423643235,135700
2025-04-11,82.46748352050781,82.68609958882737,80.02297286643802,81.06636498110542,111900
2025-04-14,83.06370544433594,83.99778953729734,82.49729452402849,83.88848150168019,109900
2025-04-15,83.31212615966797,84.03753329738687,83.06370020010594,83.33200448199376,138200
2025-04-16,81.6128921508789,83.01401817859575,80.55956852586068,82.18924218701882,198400
2025-04-17,81.9408187866211,82.59666696847724,81.47377676281907,81.88119898149189,356300
2025-04-21,80.22172546386719,81.31479832317899,79.31745120501344,81.31479832317899,358900
2025-04-22,82.06999969482422,82.58672995725914,81.09617413935364,81.16573310760154,160000
2025-04-23,83.51087188720703,85.17035548572392,83.29225582869896,84.40520686230431,241000
2025-04-24,85.79639434814453,85.95539061724048,83.83880395907643,84.02760255192864,213300
2025-04-25,86.25350189208984,86.41249057440899,85.27966873045824,85.66721264647512,102200
2025-04-28,86.5019302368164,86.77022696242156,85.50822630569323,86.45224200771652,107400
2025-04-29,87.0285873413086,87.23726424565348,86.03488346460406,86.07463252943532,77500
2025-04-30,87.13789367675781,87.39625122108961,84.9418090617849,85.61752798803492,158500
2025-05-01,87.27701568603516,88.36014930207209,87.237266620122,87.70430866790274,947700
2025-05-02,88.95637512207031,89.30417757299637,88.45952314230117,88.51915053519797,100300
2025-05-05,88.70794677734375,89.30417520232689,88.26078303996574,88.26078303996574,120900
2025-05-06,87.91297912597656,88.469450845203,87.42606637165342,87.68442390908938,61100
2025-05-07,88.5290756225586,88.74769169063894,87.48569109039194,88.10179022940392,76100
2025-05-08,89.44329833984375,90.27800605311116,88.8768873683095,89.08556429662634,261700
2025-05-09,89.49296569824219,90.19849451719597,89.31409870320047,90.15875303506107,78400
2025-05-12,92.83181762695312,92.85169595075159,91.91761184756304,92.74238791393765,169900
2025-05-13,93.67646026611328,94.14350229691894,92.951060688301,92.99080975276944,102900
2025-05-14,93.7857666015625,94.04413172525439,93.40816186798108,93.84539398786599,192800
2025-05-15,94.10375213623047,94.40186632559163,93.30879360019864,93.4181016308738,104300
2025-05-16,94.77947998046875,94.77947998046875,93.89508407186234,94.15344922153058,116500
2025-05-19,94.69998931884766,94.8987270759918,93.45785938329803,93.45785938329803,531300
2025-05-20,94.6006088256836,94.65029705353093,94.05407622615849,94.49130078950674,206100
2025-05-21,92.90137481689453,94.63042504897861,92.74238613635015,93.81558816012115,559700
2025-05-22,92.92124938964844,93.47772112113098,92.67282342647106,93.1299262889544,221100
2025-05-23,92.14616394042969,92.33496252192089,91.42075677370993,91.43069593527018,89200
2025-05-27,93.84539794921875,94.11369466415415,92.85169405761367,93.20942806510023,94900
2025-05-28,93.25910949707031,94.18325442730824,93.20942885088665,93.93482845231266,232800
2025-05-29,93.11998748779297,94.27268760044635,92.58338649549145,94.27268760044635,128700
2025-05-30,92.98087310791016,93.22929908154264,91.8977395019249,92.91131413854743,215300
2025-06-02,93.60690307617188,93.60690307617188,92.28528266895384,92.78213461220605,84800
2025-06-03,94.5509262084961,94.64035591912639,93.40816522405763,93.62678129185478,69600
2025-06-04,94.78942108154297,95.02790791153649,94.36212807123478,94.6602422947464,211300
2025-06-05,94.25281524658203,95.50488430790976,94.1037581423879,94.94841253903488,90100
2025-06-06,95.19683837890625,95.45519593901292,94.9086633329172,95.04778127493132,79700
2025-06-09,95.20677185058594,95.73343372458032,95.17696194547068,95.42538792991026,72100
2025-06-10,96.01168060302734,96.06136125286284,95.35583234177778,95.44526964165712,54800
2025-06-11,95.76324462890625,96.34952627283391,95.22664362963616,96.12097862841965,88900
2025-06-12,95.82286834716797,95.94211554566051,95.35582629643775,95.44526359064697,71900
2025-06-13,94.24287414550781,95.33595449953452,94.16338359541786,94.61054731744035,370400
2025-06-16,95.67381286621094,95.93217800997824,95.01797221678231,95.01797221678231,211900
2025-06-17,94.49130249023438,95.50488473823403,94.4018727761305,95.22664885254292,232000
2025-06-18,94.5409927368164,95.10740368230805,94.22300777761689,94.88878760135347,90300
2025-06-20,94.2826156616211,95.29619780303692,93.88514019892159,95.29619780303692,55800
2025-06-23,94.99810028076172,95.0775984197835,93.69635047505926,94.32238126179621,370300
2025-06-24,96.65208435058594,96.74164709147408,95.6867565380631,95.6867565380631,237000
2025-06-25,96.16444396972656,96.91083054767655,95.99526483429077,96.91083054767655,68000
2025-06-26,96.85111999511719,96.86107394188355,96.25401226396005,96.54261597909063,40300
2025-06-27,97.04020690917969,97.60746039202378,96.74164924762523,97.1596238996921,40500
2025-06-30,97.83634948730469,97.88611162918953,97.33875843900366,97.56765366198235,72900
2025-07-01,97.87615966796875,98.17471734006115,97.388522556679,97.388522556679,98000
2025-07-02,98.23442077636719,98.23442077636719,97.48803422722716,97.74678369020062,51700
2025-07-03,98.97085571289062,99.22960518196604,98.59268925242408,98.63249744710005,73000
2025-07-07,98.1846694946289,98.80167753648769,97.76668724280316,98.57278990568099,79900
2025-07-08,98.63249969482422,98.92110341832436,98.40360446838032,98.42351236249038,234100
2025-07-09,98.89124298095703,99.14998484709943,98.35384376317155,99.02061391402823,46500
2025-07-10,98.48321533203125,98.96090605958105,98.32399015127234,98.96090605958105,71200
2025-07-11,97.9955825805664,98.22447021164011,97.80649555196362,98.06524502384582,61600
2025-07-14,98.33393096923828,98.48320978773344,97.72686934195777,97.99557273377627,54700
2025-07-15,97.70697784423828,98.79172267725461,97.65721570271192,98.79172267725461,48000
2025-07-16,97.7865982055664,97.97567764724577,96.66203753954164,97.59751117124993,100900
2025-07-17,98.70215606689453,98.74196426002874,97.8661991963493,97.92591528236885,71600
2025-07-18,98.65239715576172,99.2495124796791,98.47326407711384,99.17985003757364,64200
2025-07-21,99.06043243408203,99.4087446691515,98.92110754005425,98.92110754005425,44600
2025-07-22,99.42864990234375,99.50825870205898,98.77182605439283,99.09028403116498,150400
2025-07-23,99.83666229248047,99.8466162388529,99.22960063858157,99.58786678162474,80300
2025-07-24,99.59782409667969,99.91628205764071,99.49830740749876,99.83666566924128,53500
2025-07-25,99.89637756347656,99.94613970607867,99.39878650800323,99.6177277872334,53100
2025-07-28,99.83666229248047,100.32429936781949,99.83666229248047,100.07550385696376,46300
2025-07-29,99.77696228027344,100.45368643102609,99.68739194058121,100.16508270278658,68600
2025-07-30,99.47840118408203,100.16507925844057,99.10023472179128,99.7670049023974,44400
2025-07-31,97.8861083984375,99.33907330040466,97.64726682907434,99.18979447231396,332600
2025-08-01,96.36348724365234,96.97054894893655,95.62704700248447,96.97054894893655,135400
2025-08-04,97.91596221923828,97.91596221923828,96.99044260026923,96.99044260026923,191200
2025-08-05,97.10987091064453,98.12495330948444,97.03025452059991,98.12495330948444,96900
2025-08-06,97.49799346923828,97.67712655446662,96.88097782175464,97.35866857990924,93700
2025-08-07,97.36860656738281,98.3239880015947,96.74164461927785,98.15480128540187,138300
2025-08-08,97.17952728271484,97.43827673787668,96.87101568872468,97.10986484393702,54500
2025-08-11,96.7117919921875,97.62735765661252,96.52270497290797,97.37856214393378,62400
2025-08-12,97.89606475830078,97.9657272007755,96.90088267001215,97.13972424526312,85500
2025-08-13,98.74197387695312,98.79172842873932,98.14486610705808,98.39366164390078,251000
2025-08-14,98.11499786376953,98.3040848890778,97.83634809550685,98.0950975628808,112400
2025-08-15,97.8064956665039,98.11499968815448,97.68707867367756,98.11499968815448,79300
2025-08-18,97.96572875976562,98.04533755769162,97.72687958807691,97.72687958807691,64300
2025-08-19,97.42832946777344,98.17471604552559,97.24919638540744,98.075199353686,160400
2025-08-20,97.1695785522461,97.4979904638141,96.3734298440758,97.41837407446971,82400
2025-08-21,96.7516098022461,97.05015989155397,96.43315181806868,96.73170190737656,287400
2025-08-22,98.42350769042969,98.8215820347281,97.10986766909055,97.13972191620152,481100
2025-08-25,97.57760620117188,98.17471393199149,97.52784406000494,98.17471393199149,305300
2025-08-26,97.60746002197266,97.77663915298164,97.35866450249942,97.55769788102333,66000
2025-08-27,97.94581604003906,98.00553212633749,97.45817895898162,97.5079410987909,90500
2025-08-28,98.30408477783203,98.42350936093949,98.00553470901848,98.19461414147604,147400
2025-08-29,97.57760620117188,98.12495179082455,97.33875703473464,98.02543510112741,74200
2025-09-02,96.76155853271484,96.76155853271484,95.9057013227627,96.12463500606295,167800
2025-09-03,96.7516098022461,96.84117255124728,96.16444838579062,96.84117255124728,170000
2025-09-04,97.2989501953125,97.43828267399293,96.28386779804678,96.72175034997628,180000
2025-09-05,97.46813201904297,98.06523972814115,96.79140792402863,97.607456898078,113300
2025-09-08,97.84629821777344,97.876152464258,97.40841568896938,97.6970193927142,182900
2025-09-09,98.09510040283203,98.09510040283203,97.64727148982146,97.93587521320224,101000
2025-09-10,97.27904510498047,98.01547769390349,96.92077896061004,98.01547769390349,144400
2025-09-11,98.59268951416016,98.84148503706786,97.58755347567472,97.58755347567472,235900
2025-09-12,98.50312042236328,98.77181622902737,98.40359614550458,98.61258346016248,127800
2025-09-15,98.81163024902344,99.0604257705712,98.58273502843933,98.58273502843933,78500
2025-09-16,98.78177642822266,99.0007177029529,98.4832187640202,98.79172278242909,149700
2025-09-17,99.27936553955078,99.76700262845485,98.29412982245668,99.04051637578677,186100
2025-09-18,100.39395904541016,100.79203337035595,99.97598442090337,100.20487962535398,114100
2025-09-19,100.35416412353516,100.78209275072578,99.93618944375936,100.78209275072578,59700
2025-09-22,100.81194305419922,100.9313600389599,99.99589409024368,100.16507321374556,187000
2025-09-23,100.53985595703125,101.10793376009877,100.49002910631982,100.89864273830233,148300
2025-09-24,100.35050964355469,100.84882381184539,100.07145492589923,100.69932804062402,56900
2025-09-25,99.7126693725586,99.89206277954997,99.15455232654605,99.66283491363342,165600
2025-09-26,100.67938995361328,100.74915363215251,99.95185553508564,99.98175316822093,127800
2025-09-29,101.3670654296875,101.52652961051558,101.03817625948257,101.3969630626751,138500
2025-09-30,101.26741027832031,101.3870084212162,100.6395371363769,101.24747345266877,263000
2025-10-01,101.83547973632812,101.8853141926682,101.07804010124775,101.07804010124775,292400
2025-10-02,102.38363647460938,102.41353410932025,101.81555860408935,102.31387279239361,258000
2025-10-03,102.41352844238281,102.98160628146888,102.33379635178495,102.54308738685134,89800
2025-10-06,102.7723159790039,103.59951171292359,102.7723159790039,103.53971644638428,364600
2025-10-07,102.07467651367188,103.17096620727477,101.88532229260089,103.05137566842386,120600
2025-10-08,103.15103149414062,103.23076358491078,102.14443475826181,102.17433239138295,128500
2025-10-09,102.60289001464844,103.19090472040894,102.28396923304533,103.19090472040894,110700
2025-10-10,99.43360137939453,103.04139853492312,99.37380611502972,102.83210750597586,213300
2025-10-13,101.0082778930664,101.30726942811273,100.33057033680923,100.6096250475615,171100
2025-10-14,101.12788391113281,101.88532361627048,99.83226396316086,99.91199605921138,94900
2025-10-15,101.506591796875,102.23413380838946,100.66942766669783,102.0148743637229,227500
2025-10-16,100.93851470947266,102.2141977383964,100.34053924012349,102.2141977383964,91200
2025-10-17,101.51656341552734,101.7956181344007,100.67939165523646,100.67939165523646,84100
2025-10-20,102.89190673828125,103.0115048752935,102.15440390254919,102.15440390254919,109800
2025-10-21,103.42011260986328,103.64934045841508,102.65271218477648,102.87197162156423,170500
2025-10-22,102.49325561523438,103.47992315398034,101.98498063261223,103.22079765458203,175600
2025-10-23,103.19090270996094,103.2706348047261,102.32383328764956,102.32383328764956,131300
2025-10-24,103.6393814086914,104.23735690615733,103.6393814086914,103.96827059358252,153600
2025-10-27,104.87520599365234,104.95493048390965,104.47655312768185,104.63600971186746,690400
2025-10-28,104.59614562988281,105.01473532903464,104.55628718584084,104.81540509046921,122500
2025-10-29,103.64934539794922,104.53634399546495,103.10119677985719,104.52637558322581,233100
2025-10-30,102.81218719482422,103.85864243023997,102.81218719482422,102.85204563874102,218200
2025-10-31,103.35034942626953,103.63937253943942,102.80220843536416,103.30052257455286,125400
2025-11-03,103.22079467773438,103.79884092754041,102.44342580562932,103.67924279195861,413400
2025-11-04,101.53649139404297,102.40356077736253,101.35709799072411,102.32382868618288,99400
2025-11-05,102.30390167236328,102.71251534205079,101.19764359530869,101.19764359530869,130600
2025-11-06,100.74915313720703,102.15440271702757,100.4999960574094,102.15440271702757,300500
2025-11-07,100.73919677734375,100.73919677734375,99.11468767897499,100.14122128015673,264100
2025-11-10,101.84545135498047,102.01487634599839,101.05811406277458,101.81555372170328,88900
2025-11-11,102.04476928710938,102.16436741838957,101.5564235574717,101.69595090879675,120700
2025-11-12,102.10456848144531,102.4135284315617,101.86537981334767,102.3437647532136,69200
2025-11-13,100.48006439208984,101.84544789348425,100.35050545106851,101.41689742251158,257300
2025-11-14,100.29071044921875,101.10794541102604,99.41368021819933,99.41368021819933,286200
2025-11-17,99.17448425292969,100.51993093707216,98.72599695576854,99.9917191547079,235000
2025-11-18,98.6861343383789,99.3439126889229,98.01839517913268,98.49678012531656,406300
2025-11-19,98.71603393554688,99.53326881901384,98.18781456134758,98.69609711193993,396700
2025-11-20,96.583251953125,100.16114389111546,96.50351986445017,99.84222314008659,532700
2025-11-21,98.0881576538086,98.86552652859883,96.5433883164787,96.79254539704843,419000
2025-11-24,99.24424743652344,99.48343609828497,98.37717808259102,98.5466030678525,290400
2025-11-25,100.2707748413086,100.4302314169425,98.71603711144269,98.95522577672885,706600
2025-11-26,100.87872314453125,101.16774627944858,100.54983396303868,100.60962923106608,210400
2025-11-28,101.80558013916016,101.81554855096988,101.08800656226681,101.18766786935304,136100
2025-12-01,101.43682861328125,101.98497722761672,101.03817576682549,101.12787626902158,74600
2025-12-02,102.43345642089844,102.6726450861205,101.67601677674625,101.9251738540898,171900
2025-12-03,103.56961059570312,103.61944505192332,102.3238252269028,102.3238252269028,142400
2025-12-04,103.24072265625,103.61944627920002,102.87197504906672,103.61944627920002,186600
2025-12-05,103.72907257080078,104.38684327765613,103.54967917735472,103.54967917735472,136500
2025-12-08,103.20085906982422,104.0978184183272,102.97163122506379,104.0978184183272,153500
2025-12-09,103.11116790771484,103.3902226283945,103.0115065937108,103.06134105254826,62900
2025-12-10,104.08786010742188,104.36691480953233,102.91183843162041,103.16099550188622,71000
2025-12-11,104.07789611816406,104.08786453042599,103.30052724248925,103.65931404721158,171300
2025-12-12,102.89190673828125,104.2672587010746,102.72248174693361,104.00813320605008,199300
2025-12-15,102.68260955810547,103.49984443628661,102.45338931380056,103.49984443628661,67300
2025-12-16,102.45339965820312,102.76235202027341,101.89528259952226,102.41353361089227,128500
2025-12-17,101.20760345458984,102.75237270470025,101.18766663121436,102.54308168127898,91900
2025-12-18,102.14443969726562,102.89191097611936,101.97501469893983,102.53312415397588,232400
2025-12-19,102.92179870605469,103.35034916883632,102.2939256295622,102.2939256295622,133300
2025-12-22,103.49984741210938,103.76894131110726,103.41015451489042,103.64934317781147,103300
2025-12-23,103.29119110107422,103.35109076611525,102.8818640283835,103.19135578702377,114000
2025-12-24,103.6006851196289,103.66059240292294,103.09152272178102,103.09152272178102,29500
2025-12-26,103.65060424804688,103.67056826406362,103.43096198713168,103.62065441554866,78000
2025-12-29,103.38105010986328,103.82032702312351,103.14143621141622,103.19135767782927,92400
2025-12-30,103.08153533935547,103.52081986442298,103.06157132319161,103.22130630334127,48300
2025-12-31,102.14306640625,103.09152093635802,102.11311657359487,103.09152093635802,207200
2026-01-02,102.19298553466797,102.89184033712478,101.77367265319388,102.83194067318449,225200
2026-01-05,103.21131896972656,103.65060348833723,102.92179122945555,102.9517486786804,240200
2026-01-06,105.0782699584961,105.23801255233435,103.4509322727359,103.4509322727359,329000
2026-01-07,104.66893768310547,105.17810769149915,104.50920270253754,104.95846542839026,120800
2026-01-08,104.17974090576172,104.349461705514,103.89021315603621,104.2196765557528,116600
2026-01-09,105.01837158203125,105.18809237735596,104.0799028740891,104.57908706053557,85100
2026-01-12,104.90855407714844,104.97843956098824,104.26959890577126,104.36943422312149,136400
2026-01-13,104.56909942626953,105.00838394012884,104.28955750543035,104.87859879600953,115200
2026-01-14,104.14978790283203,104.34945852976428,103.32114032886547,104.11983807048681,189800
2026-01-15,104.30953216552734,105.15814376897538,104.22966086669908,105.11820811956125,203200
2026-01-16,104.10985565185547,104.73883261941748,103.72049258476774,104.64897550250302,263100
2026-01-20,102.65223693847656,103.55077000746823,102.47253032467823,102.67220095470026,362100
2026-01-21,104.32949829101562,104.79873265993545,103.07155196835024,103.10150180177978,1017100
2026-01-22,104.96845245361328,105.29791585207018,104.57908938887199,105.11820923627063,202700
2026-01-23,104.74880981445312,105.08825902839577,104.45928206686703,104.83866693050567,239800
2026-01-26,105.32786560058594,105.5075722162411,104.65896060445976,104.87860286992122,225100
2026-01-27,105.76715087890625,105.88695021222533,105.37778781172639,105.78711489547729,130000
2026-01-28,106.03670501708984,106.88531661903205,105.99676936774657,106.3861324276606,397800
2026-01-29,105.22802734375,106.15651022919573,104.10985203126225,106.15651022919573,323000
2026-01-30,103.70052337646484,104.97843364723059,103.19135338463143,104.74880557500892,294400
2026-02-02,104.36943054199219,104.78874343024175,103.40101200226377,103.49086911657221,246400
2026-02-03,102.4325942993164,104.19971059800504,101.46417575167689,104.19971059800504,595300
2026-02-04,101.80362701416016,102.5623891312588,100.9949510472061,102.1231045976312,437700
2026-02-05,100.31605529785156,101.63390121699182,100.01654174565995,101.12473122504447,434000
2026-02-06,102.38268280029297,102.63227490110603,101.06483681267791,101.07481501250899,316000
2026-02-09,102.87187957763672,103.05158619209183,101.65386892599057,102.07318182073705,68300
2026-02-10,102.74209594726562,103.47090061552868,102.67220284682895,103.07155173117881,86900
2026-02-11,103.11148834228516,103.48088739671712,102.12310574744123,103.48088739671712,101900
2026-02-12,101.35435485839844,103.92016129721277,101.16467004521236,103.34111342413651,502400
2026-02-13,102.51246643066406,103.14143577328652,101.20460627921814,101.26450594510229,154600
2026-02-17,102.16304016113281,102.69217419421973,101.17464996130806,102.18300417766878,220400
2026-02-18,103.00166320800781,103.55076885990252,102.05321630049463,102.30280839372926,148100
2026-02-19,102.5723648071289,102.6322720892063,101.96335948847475,102.62228627270235,526900
2026-02-20,103.07154846191406,103.52081879891243,102.07318009117928,102.07318009117928,315600
2026-02-23,101.5739974975586,102.69217283240489,101.18463443622609,102.44258073580988,355300
2026-02-24,102.66222381591797,102.82195879819693,101.56402010555604,101.74372672121136,263400
2026-02-25,103.86026000976562,103.92015967436832,103.0715480857302,103.0715480857302,596000
2026-02-26,103.78038787841797,104.06991561658144,102.8519049998062,103.98006612039939,231600
2026-02-27,103.81034851074219,103.88023399334217,102.60231605631243,102.60231605631243,230200
2026-03-02,103.55077362060547,103.87025120995582,102.34274874784488,102.34274874784488,199400
2026-03-03,102.24291229248047,102.71213904588183,100.70542403053192,101.41426468599161,464100
2026-03-04,103.61067199707031,103.99005686634654,102.50248245661498,102.92179535923417,177200
2026-03-05,103.16140747070312,104.02998309434865,102.32277406307196,103.14143583743177,349800
2026-03-06,101.8535385131836,102.462543832767,101.31442629228815,101.69380353360803,541400
2026-03-09,102.7520751953125,103.03161713212522,100.21621851330977,100.7253885364738,484000
2026-03-10,102.16304016113281,103.33112936062051,101.9334120777639,102.82195934406955,299800
2026-03-11,101.8735122680664,102.56238890025878,101.39429208546596,102.20297566754505,189500
2026-03-12,99.73699951171875,101.36433717723557,99.65712821579318,100.95501011527257,723100
2026-03-13,99.77693939208984,100.89510711469492,99.57726114380584,100.26613777072957,278200
2026-03-16,100.90509033203125,101.35435304944117,100.75533355391256,100.8951045156377,265300
2026-03-17,101.7337417602539,102.2628757949825,101.38431434269224,101.41426417606232,116000
2026-03-18,100.18626403808594,101.42423867959343,100.17627822167769,101.24453968592186,148500
2026-03-19,100.21621704101562,100.71540123997517,99.25778429304688,99.27775592649525,252600
2026-03-20,98.73863220214844,100.13634942776478,98.16956254234809,99.97660683423327,422800
2026-03-23,99.73699951171875,100.87513881934701,99.4175219449625,100.19624803787173,441600
2026-03-24,98.80999755859375,99.43000030517578,98.38999938964844,99.0999984741211,629900
2026-03-25,99.5,100.20999908447266,98.9000015258789,99.9000015258789,418400
2026-03-26,98.29000091552734,99.79000091552734,98.22000122070312,98.9000015258789,211200
2026-03-27,96.30000305175781,97.77999877929688,96.0999984741211,97.77999877929688,202200
2026-03-30,96.05999755859375,97.30000305175781,95.63999938964844,96.97000122070312,173200
2026-03-31,98.52999877929688,98.73999786376953,96.58999633789062,97.16000366210938,305200
2026-04-01,99.19999694824219,99.69999694824219,98.62999725341797,99.12000274658203,201200
2026-04-02,99.26000213623047,99.62000274658203,97.48999786376953,97.66999816894531,156800
2026-04-06,99.97000122070312,100.0999984741211,99.37000274658203,99.37000274658203,139300
2026-04-07,99.69000244140625,99.69000244140625,98.5,99.44000244140625,242900
2026-04-08,102.0999984741211,102.7699966430664,101.66999816894531,102.3499984741211,160500
2026-04-09,101.73999786376953,102.0,101.16999816894531,101.94000244140625,303500
2026-04-10,101.12000274658203,102.0,100.93000030517578,101.97000122070312,252000
2026-04-13,102.5999984741211,102.62999725341797,100.73999786376953,100.87000274658203,121700
2026-04-14,103.51000213623047,103.52999877929688,102.91000366210938,103.12000274658203,125200
2026-04-15,104.52999877929688,104.62000274658203,103.37999725341797,103.56999969482422,160200
2026-04-16,105.33000183105469,105.69000244140625,104.80999755859375,104.91999816894531,249000
2026-04-17,106.66000366210938,107.0,106.12999725341797,106.3499984741211,237100
2026-04-20,107.08000183105469,107.12000274658203,106.41999816894531,106.55999755859375,125500
2026-04-21,106.79000091552734,107.86000061035156,106.44000244140625,107.47000122070312,69300
2026-04-22,107.91999816894531,107.97000122070312,107.5199966430664,107.94000244140625,110800
2026-04-23,107.79000091552734,108.30999755859375,106.75,107.58000183105469,184200
2026-04-24,108.83999633789062,108.87999725341797,108.0999984741211,108.70999908447266,160500
2026-04-27,108.27999877929688,108.8499984741211,108.16000366210938,108.62999725341797,89900
2026-04-28,107.11000061035156,107.83000183105469,106.87000274658203,107.48999786376953,156100
2026-04-29,107.98999786376953,107.98999786376953,107.36000061035156,107.8499984741211,181100
2026-04-30,109.4800033569336,109.61000061035156,107.95999908447266,108.44999694824219,122500
2026-05-01,110.37000274658203,110.52999877929688,109.68000030517578,109.68000030517578,108400
2026-05-04,110.1500015258789,110.87999725341797,109.70999908447266,110.4000015258789,97500
2026-05-05,111.22000122070312,111.44999694824219,110.4800033569336,110.9000015258789,196700
2026-05-06,112.5999984741211,112.66999816894531,111.7300033569336,112.16999816894531,101600
2026-05-07,112.44000244140625,113.31999969482422,112.05999755859375,113.01000213623047,60000
2026-05-08,114.05000305175781,114.05000305175781,112.69999694824219,112.94999694824219,160700
2026-05-11,114.16000366210938,114.43000030517578,113.69999694824219,114.04000091552734,142000
2026-05-12,113.0,113.41000366210938,111.80999755859375,113.37999725341797,370700
2026-05-13,113.19999694824219,113.43000030517578,112.38999938964844,113.2300033569336,170900
2026-05-14,113.76000213623047,114.16999816894531,113.16999816894531,113.31999969482422,173100
2026-05-15,112.66000366210938,113.33999633789062,112.22000122070312,112.63999938964844,116700
2026-05-18,112.91000366210938,113.12999725341797,111.93000030517578,112.91999816894531,105500
2026-05-19,112.6500015258789,113.30000305175781,111.97000122070312,111.97000122070312,113400
2026-05-20,114.70999908447266,114.77999877929688,112.86000061035156,113.01000213623047,106400
2026-05-21,115.48999786376953,115.55000305175781,113.9000015258789,114.30000305175781,221000
2026-05-22,116.62000274658203,117.08000183105469,115.87000274658203,115.87000274658203,228200
2026-05-26,118.37000274658203,118.5999984741211,117.43000030517578,117.75,130100
2026-05-27,117.31999969482422,118.72000122070312,117.05000305175781,118.72000122070312,204600
2026-05-28,118.33999633789062,118.87000274658203,116.93000030517578,117.41999816894531,125400
2026-05-29,119.29000091552734,119.38999938964844,118.6500015258789,118.87999725341797,251100
2026-06-01,120.98999786376953,121.33999633789062,118.94000244140625,118.94000244140625,168000
2026-06-02,121.79000091552734,121.83999633789062,120.43000030517578,120.91999816894531,159700
2026-06-03,121.66999816894531,122.06999969482422,120.87999725341797,122.06999969482422,210600
2026-06-04,121.4000015258789,121.72000122070312,120.45999908447266,120.79000091552734,140900
2026-06-05,116.22000122070312,120.05000305175781,116.19000244140625,120.05000305175781,486800
2026-06-08,117.66999816894531,119.01000213623047,117.31999969482422,118.25,253400
2026-06-09,116.68000030517578,119.2699966430664,113.36000061035156,118.7699966430664,466800
2026-06-10,,,,,277624
