Date,Close,High,Low,Open,Volume
2010-06-01,30.355878829956055,31.208917919298063,30.340508412932824,30.740130460714994,1336500
2010-06-02,31.255037307739258,31.255037307739258,30.39431417086398,30.471166283197334,842600
2010-06-03,31.43946647644043,31.485577724818803,31.101326116487044,31.362617327416924,2083400
2010-06-04,30.16376304626465,31.001431997170467,30.056173022927652,30.77856527362482,2064100
2010-06-07,29.67192268371582,30.402001646207548,29.648868515214613,30.302095363354976,1665500
2010-06-08,29.948577880859375,30.002372883333376,29.349143246479745,29.633491609965475,2800900
2010-06-09,29.917850494384766,30.617188772611517,29.810260441058972,30.248307333376328,1134000
2010-06-10,30.939945220947266,30.955315640554833,30.3405135142911,30.3405135142911,774500
2010-06-11,31.14744758605957,31.14744758605957,30.571069930171817,30.65560578875936,604500
2010-06-14,31.14744758605957,31.6469760604723,31.124393417938734,31.324203048738813,1226000
2010-06-15,31.939008712768555,31.962062881240048,31.331890202413106,31.331890202413106,2124000
2010-06-16,31.90825843811035,32.077330107896,31.66233760838988,31.75455718663317,6139700
2010-06-17,31.90825843811035,32.03121885297059,31.577801773497054,32.03121885297059,2167000
2010-06-18,31.90749168395996,32.04628719126438,31.79954027637991,32.00773059588129,1491200
2010-06-21,31.76097297668457,32.36242095278447,31.56820183055925,32.36242095278447,3773600
2010-06-22,31.167255401611328,31.915208819599272,31.059303968387493,31.776413279324068,1969000
2010-06-23,31.08242416381836,31.28290488414725,30.73543547338895,31.159531454378413,1034000
2010-06-24,30.504119873046875,30.94363803318165,30.40387801188029,30.881949828938993,1267500
2010-06-25,30.681474685668945,30.82027022926262,30.265088054887922,30.55810119596968,966900
2010-06-28,30.588937759399414,30.851106753242192,30.473276784779568,30.727733282107682,796300
2010-06-29,29.48627471923828,30.141695415335718,29.254946999247043,30.141695415335718,3740100
2010-06-30,29.147003173828125,29.733029235307704,29.077605428164883,29.386040506991495,3539800
2010-07-01,29.08533477783203,29.262684021421663,28.499308376751266,29.147020064470915,4910300
2010-07-02,28.90797233581543,29.27809271103381,28.746042281724982,29.14700675690871,1743000
2010-07-06,28.98508644104004,29.55569065837996,28.71520785669708,29.27038707898202,1921600
2010-07-07,29.964353561401367,29.99519765704767,29.031341729012137,29.031341729012137,928800
2010-07-08,30.272796630859375,30.342194400409078,29.925810724566777,30.311353235074925,1011100
2010-07-09,30.550386428833008,30.57352097868406,30.21881964837395,30.24966375387149,928200
2010-07-12,30.488693237304688,30.65062033690896,30.249655893992404,30.457849139821484,727100
2010-07-13,31.074716567993164,31.205802512352975,30.79712557189479,30.835682164706824,1545300
2010-07-14,31.013032913208008,31.151828418413775,30.781705110228266,30.982188813950017,941800
2010-07-15,31.067014694213867,31.13641246039391,30.565808278307358,31.05159264156766,558500
2010-07-16,30.087732315063477,30.88966129473323,30.0414661634249,30.88966129473323,1121700
2010-07-19,30.326763153076172,30.41929249496443,29.972061949837492,30.218808822509338,440600
2010-07-20,30.77400016784668,30.79713177502901,29.871832190268044,29.95664906375514,1100500
2010-07-21,30.30363655090332,30.982192099256185,30.203394688412942,30.974479602896263,715600
2010-07-22,31.067014694213867,31.18267567687675,30.65833765272882,30.681472202426022,759800
2010-07-23,31.444833755493164,31.460255802777084,30.897364313460486,30.95905250259616,825000
2010-07-26,31.87665367126465,31.8843632269403,31.375447250128765,31.452557514164337,1588900
2010-07-27,31.699298858642578,32.06170968174638,31.591347449578965,32.06170968174638,1604500
2010-07-28,31.413999557495117,31.714722192475147,31.298335647984917,31.629902384361724,737000
2010-07-29,31.259767532348633,31.714707522418628,30.95904503647176,31.683863435289194,1126600
2010-07-30,31.290630340576172,31.429422932789763,30.80484597273329,30.974482670530257,871200
2010-08-02,31.992326736450195,32.03088040875444,31.63762530346384,31.814974549228694,820100
2010-08-03,31.730140686035156,31.961465537667248,31.61447678949157,31.89206778803211,1315800
2010-08-04,32.007728576660156,32.03857267443871,31.70700597695687,31.82266987289893,661100
2010-08-05,31.961475372314453,31.99231947974425,31.70701589820261,31.799548220492,419100
2010-08-06,31.81496238708496,31.884360147286063,31.367734664698823,31.5605058939846,1144100
2010-08-09,32.03858184814453,32.07713551067938,31.83810103808974,32.06942595475478,719500
2010-08-10,31.784120559692383,31.9614697339433,31.51423907947584,31.714722800945896,721500
2010-08-11,30.789424896240234,31.221233563732284,30.735449180485716,31.21352106636398,1446400
2010-08-12,30.60436248779297,30.704604361062312,30.141712665936648,30.21881998909409,1761500
2010-08-13,30.496400833129883,30.727725666493182,30.47326923223001,30.48097878537835,785000
2010-08-16,30.473276138305664,30.58893711047182,30.18797554388253,30.349902669788456,1018700
2010-08-17,30.974468231201172,31.17495188257811,30.689167741192612,30.76627796920468,1822100
2010-08-18,31.036176681518555,31.20581635247239,30.758585562305495,30.928225233259333,1061700
2010-08-19,30.496400833129883,30.989894595359544,30.357605344820936,30.881943202553664,587900
2010-08-20,30.434711456298828,30.46555260616465,30.141698471665165,30.4115769170814,568400
2010-08-23,30.28050422668457,30.727731936922794,30.265082175785953,30.612070967366307,378200
2010-08-24,29.833267211914062,30.041460442457165,29.594232827607208,29.910377449960478,1955700
2010-08-25,29.94894027709961,30.04918214655498,29.393758158830746,29.60195145318157,1422500
2010-08-26,29.756166458129883,30.18026256554388,29.663637093583578,30.056889098996983,1173300
2010-08-27,30.295921325683594,30.326765422439337,29.486282905302634,30.010617842875426,949800
2010-08-30,29.81014633178711,30.295930711089287,29.81014633178711,30.19568883630658,482800
2010-08-31,29.80243492126465,29.995206161527793,29.54026591684854,29.686771000524484,2060400
2010-09-01,30.73544692993164,30.797132197081755,30.218818477952954,30.24195302690797,881800
2010-09-02,31.136415481567383,31.15954709205327,30.78942661699876,30.820270725283983,653500
2010-09-03,31.57592010498047,31.637605353478556,31.306038686118793,31.444834172057988,904600
2010-09-07,31.17495346069336,31.429409872377995,31.128687321544067,31.390856227147545,597600
2010-09-08,31.38314437866211,31.50651779924618,31.19808277705882,31.19808277705882,333000
2010-09-09,31.491107940673828,31.753276928553042,31.36002197600647,31.730145322446365,474500
2010-09-10,31.660737991333008,31.683869590446786,31.452544774945142,31.506520467180373,305300
2010-09-13,32.03858184814453,32.10027006136502,31.884364256549205,31.96918407899943,963500
2010-09-14,32.04629135131836,32.215928038913106,31.830385566675442,31.984603143861634,534500
2010-09-15,32.15422821044922,32.185072300208475,31.814949106006004,31.915190926996438,477700
2010-09-16,32.08484649658203,32.115690601739246,31.922919356690286,32.0385803388462,500900
2010-09-17,32.12590026855469,32.32736681179153,31.986424340429252,32.32736681179153,611100
2010-09-20,32.714813232421875,32.76130325769533,32.15690928212857,32.218899923661816,1483100
2010-09-21,32.54433822631836,32.800045159774264,32.420359913215044,32.69931185666653,2528700
2010-09-22,32.32738494873047,32.68382231797081,32.22665162059668,32.46686095510745,1555800
2010-09-23,32.07942581176758,32.43586315379515,31.963194830034972,32.040680180605605,1215800
2010-09-24,32.82329559326172,32.87753592946445,32.459107945149114,32.48235295898553,1399400
2010-09-27,32.69930648803711,32.900770105299785,32.66056382577994,32.900770105299785,1163600
2010-09-28,32.9317626953125,33.001500663961124,32.35061394186581,32.80003706335145,1619100
2010-09-29,32.89302062988281,33.032496569697194,32.73804703499178,32.80003765529838,1004800
2010-09-30,32.838768005371094,33.31918330916068,32.637301520770244,33.13321447382716,2066300
2010-10-01,32.9317626953125,33.1254789464614,32.74579379362438,33.10223394220366,1249000
2010-10-04,32.66831588745117,32.993760800274956,32.47459959235104,32.823289514706495,651200
2010-10-05,33.36570739746094,33.4509401141681,32.939529034539554,33.01701735319668,890100
2010-10-06,33.24946212768555,33.42768075029487,33.12548382691925,33.42768075029487,1260800
2010-10-07,33.233970642089844,33.45093196975121,33.00151165447032,33.38894428579499,731200
2010-10-08,33.48967742919922,33.59815809248446,33.17198279134541,33.31920612639304,884500
2010-10-11,33.58265686035156,33.66789250268797,33.47417620860561,33.59815451858328,608900
2010-10-12,33.698890686035156,33.7686286760727,33.264965086259714,33.49742406775943,784400
2010-10-13,33.9700927734375,34.1483114267318,33.78412381233072,33.93909745394031,1030900
2010-10-14,33.79962158203125,34.001088203542004,33.574912904636534,33.954595224144974,698400
2010-10-15,33.83060836791992,34.03207198273548,33.55940677953828,34.03207198273548,738500
2010-10-18,33.94684982299805,34.03208252297609,33.76088085059927,33.84611650645385,561900
2010-10-19,33.45092010498047,33.830605249593006,33.26495416319602,33.58264868996352,1038500
2010-10-20,33.784122467041016,33.939096102479525,33.5129208219308,33.53616583268989,1017500
2010-10-21,33.807350158691406,34.13279193764932,33.543896023207836,33.95457339833316,1042800
2010-10-22,33.93134307861328,33.95458808548655,33.784116819413924,33.877102758658495,675500
2010-10-25,34.055328369140625,34.37302300378307,34.01658569776986,34.156061679405695,766400
2010-10-26,33.99332809448242,34.047568410201784,33.72987386561318,33.846104802654956,527600
2010-10-27,33.90810012817383,33.946845753191,33.574910808860395,33.760876803087605,642800
2010-10-28,33.88485336303711,34.13280997974968,33.69113707148816,34.109564970644136,751000
2010-10-29,34.00883102416992,34.04757369056719,33.768624718981265,33.85385740270487,562000
2010-11-01,33.954586029052734,34.349768857218834,33.76862007357798,34.10955962919874,601500
2010-11-02,34.28003692626953,34.34977491083169,34.12506329881184,34.24129130249804,852900
2010-11-03,34.365264892578125,34.38076254878261,33.91584468615076,34.38076254878261,1085000
2010-11-04,35.06265640258789,35.08590141675327,34.72946407212631,34.8224470846645,1031600
2010-11-05,35.24085998535156,35.33384295807599,35.054894039902706,35.093636698881596,1036800
2010-11-08,35.2021484375,35.23314377442649,35.008432015526466,35.17890341274414,915400
2010-11-09,34.85343933105469,35.31060995650625,34.706215994541154,35.31060995650625,980400
2010-11-10,35.00065231323242,35.01614996868225,34.55897947847665,34.87667402550932,887800
2010-11-11,34.98515319824219,35.023895854039345,34.61321542613897,34.67520604011456,714400
2010-11-12,34.52025604248047,34.884443758682565,34.35753500344952,34.75271509193571,827000
2010-11-15,34.465999603271484,34.77594682840937,34.45050194642701,34.59772820851162,446000
2010-11-16,33.87710189819336,34.2955267906631,33.722128292597766,34.256784128233114,698800
2010-11-17,33.954586029052734,34.09406197359658,33.79186507904343,33.861603051315356,537300
2010-11-18,34.44276809692383,34.59774177023982,34.31878974944643,34.38852775464478,618800
2010-11-19,34.605472564697266,34.605472564697266,34.241285050053584,34.4427516157237,279800
2010-11-22,34.65971755981445,34.67521521741003,34.24128967236174,34.49699658887482,336100
2010-11-23,34.17930603027344,34.30328434978885,34.06307506253185,34.28003933859106,496000
2010-11-24,34.76819610595703,34.76819610595703,34.32652323674059,34.435003877477854,429500
2010-11-26,34.51250076293945,34.667474412280576,34.42726510800801,34.481505441895926,242100
2010-11-29,34.427268981933594,34.52800230872181,34.016591277463164,34.2955403306141,461600
2010-11-30,34.287776947021484,34.481493200959456,34.04756772802323,34.11730569767592,495900
2010-12-01,35.054908752441406,35.109149088951604,34.75270879147178,34.75270879147178,555000
2010-12-02,35.566307067871094,35.58955207355007,35.06264360173897,35.11688391890697,1326400
2010-12-03,35.70578384399414,35.75227385643316,35.426831945857366,35.47332195829638,727000
2010-12-06,35.682533264160156,35.75227123357824,35.550807630745695,35.65928825964595,8644800
2010-12-07,35.69029235839844,36.07772496037719,35.682542051068204,36.07772496037719,772100
2010-12-08,35.78326416015625,35.86074947395965,35.51980995499934,35.775513855250765,489600
2010-12-09,35.93824768066406,36.046728332334126,35.76002904493809,36.046728332334126,4439100
2010-12-10,36.17070388793945,36.1939488955627,35.922747287038696,36.05447293807154,511000
2010-12-13,36.116458892822266,36.36441546163784,36.116458892822266,36.36441546163784,564900
2010-12-14,36.116458892822266,36.30242484149622,36.02347591848529,36.186196862543866,994500
2010-12-15,35.9692497253418,36.248201736668534,35.89951467838698,36.07773336209531,543800
2010-12-16,36.224945068359375,36.24044272576753,35.86850781559964,35.96923815493876,3639100
2010-12-17,36.35781478881836,36.39666631617592,36.04699664159486,36.256798446343495,561000
2010-12-20,36.47438430786133,36.544318271416856,36.2801236273385,36.528777061273104,530700
2010-12-21,36.73080825805664,36.78520100914215,36.55985791796927,36.62202275588563,1027400
2010-12-22,36.816280364990234,36.839590695178146,36.723033115873854,36.80073915680417,694200
2010-12-23,36.73080825805664,36.81628342810033,36.645333088012954,36.80074221862124,457100
2010-12-27,36.75410079956055,36.769642001517,36.52098869857608,36.668625670890634,454200
2010-12-28,36.75410079956055,36.824034726274,36.63754623115891,36.75410079956055,265300
2010-12-29,36.769657135009766,36.85513229885917,36.769657135009766,36.82404988215349,2191900
2010-12-30,36.78520202636719,36.8473639018199,36.69195773109678,36.77743290350411,420800
2010-12-31,36.761878967285156,36.81627170104499,36.645321415410265,36.75410688292994,548100
2011-01-03,37.134864807128906,37.290273912607,37.02607932254889,37.080472064838894,950100
2011-01-04,36.956138610839844,37.28249500486128,36.74633680146252,37.28249500486128,1846400
2011-01-05,37.150390625,37.17370094370195,36.746328303807694,36.83180342462273,864200
2011-01-06,37.07270050048828,37.23587872965252,36.98722534306449,37.23587872965252,487400
2011-01-07,37.00275802612305,37.228101032114324,36.7074840501843,37.1659391818783,1046200
2011-01-10,36.98722839355469,37.04939322741978,36.69195432524279,36.85513256786501,716400
2011-01-11,37.16594696044922,37.25141915188979,37.01053785606087,37.17371608178668,1179200
2011-01-12,37.507850646972656,37.53893306568228,37.32135909889753,37.41460635502639,493800
2011-01-13,37.46123504638672,37.56225144674825,37.37575985871029,37.538941109812214,618600
2011-01-14,37.67878341674805,37.73317614203622,37.375734421909485,37.430127147197666,598900
2011-01-18,37.84197998046875,37.86529031286724,37.68657084805262,37.748735686692136,510400
2011-01-19,37.34465408325195,37.834188599065925,37.23586567111215,37.834188599065925,518600
2011-01-20,37.26696014404297,37.35243529917322,36.987224350591994,37.23587773050795,1003000
2011-01-21,37.27473831176758,37.58555360528829,37.251425015721146,37.51561964551418,470300
2011-01-24,37.5156135559082,37.57777838303118,37.251418968999744,37.29027346804266,649100
2011-01-25,37.49230194091797,37.53115347444521,37.2125661568306,37.46121952842337,502700
2011-01-26,37.77204132080078,37.849744395252394,37.55447034099044,37.57778067048947,730000
2011-01-27,37.95074462890625,37.98959614961461,37.76425317965265,37.79533558189175,1237800
2011-01-28,37.197017669677734,38.043993977186226,37.1659382274486,37.966290925341255,988700
2011-01-31,37.53892135620117,37.593314089885034,37.282495928107245,37.282495928107245,678600
2011-02-01,38.07508850097656,38.14502245556606,37.748732022347156,37.787583560634125,579400
2011-02-02,38.00513458251953,38.137233300323416,37.950741864653466,37.99736546461615,449300
2011-02-03,38.207191467285156,38.23827388939891,37.787590625481094,38.051785285082204,612200
2011-02-04,38.385902404785156,38.4169818533988,38.09839453269815,38.30819637279595,669100
2011-02-07,38.63456726074219,38.77443519570861,38.463616903742576,38.5024684491926,1136000
2011-02-08,38.79771423339844,38.80548335054821,38.52575067044873,38.688928808218556,668000
2011-02-09,38.704490661621094,38.81327614485511,38.54130947258796,38.72003186839483,537100
2011-02-10,38.81327819824219,38.87544006444364,38.46360843778947,38.53354238988001,653100
2011-02-11,39.116310119628906,39.15516164240755,38.650085917922816,38.7277889634801,570100
2011-02-14,39.17847442626953,39.186246509822574,39.03083744475673,39.16293618752618,668800
2011-02-15,39.03862380981445,39.11632688868282,38.9298353495433,39.100785680072654,1625200
2011-02-16,39.35719680786133,39.411589536048695,39.17070533680365,39.21732894561341,718200
2011-02-17,39.543701171875,39.582552712705365,39.19403137603663,39.19403137603663,949800
2011-02-18,39.59031295776367,39.6680160161831,39.46598628578357,39.543689344203,599600
2011-02-22,38.65786361694336,39.45821642771073,38.58016055413983,39.17848065892707,1474700
2011-02-23,38.308189392089844,38.758875402954914,37.98183300975154,38.65008994217548,989200
2011-02-24,38.32373046875,38.51022194674111,37.927440153768416,38.26156861887395,15598900
2011-02-25,38.85987854003906,38.88319182133539,38.47135744581512,38.47135744581512,740800
2011-02-28,39.04639434814453,39.108559184839756,38.805510052224385,39.06970467981396,808800
2011-03-01,38.36259460449219,39.24065362447631,38.339284273649696,39.24065362447631,777500
2011-03-02,38.47915267944336,38.65010301229563,38.24604047548821,38.33151564191434,726800
2011-03-03,39.17847442626953,39.21732891567202,38.836576854469754,38.86765926031919,1071600
2011-03-04,38.92206573486328,39.18626034952842,38.64232991178462,39.18626034952842,1023700
2011-03-07,38.54130935668945,39.13186335558698,38.30819718414868,39.12409127013243,552700
2011-03-08,38.89874267578125,39.038610541552636,38.40143306182664,38.642317267139894,2025500
2011-03-09,38.82880783081055,38.94536240676121,38.572382428192604,38.86765935612744,468700
2011-03-10,38.08285903930664,38.46361124271726,38.05954870830399,38.46361124271726,856900
2011-03-11,38.44029998779297,38.55685460418727,37.935221090870456,37.935221090870456,1232800
2011-03-14,38.199405670166016,38.36258386876312,37.91966992161006,38.152782057346144,988600
2011-03-15,37.84974670410156,38.06732066136628,37.07270405545641,37.2980471349673,2527300
2011-03-16,37.22034454345703,37.919681157891276,36.956149920888755,37.748733788593576,2184600
2011-03-17,37.624393463134766,37.84196736163794,37.46121526239364,37.772033423580076,848800
2011-03-18,37.8506965637207,38.162804106597015,37.74145981665743,38.162804106597015,805200
2011-03-21,38.40467071533203,38.48269607850575,38.24081269030432,38.318841029954854,1044000
2011-03-22,38.225215911865234,38.46709636100606,38.2018059181104,38.4358850203178,1572800
2011-03-23,38.373435974121094,38.46706694811599,37.92868512705158,38.115947075041376,422500
2011-03-24,38.7869873046875,38.833804294165766,38.381248991970224,38.560709653589726,450000
2011-03-25,38.92744064331055,39.10690132957888,38.786992632061185,38.872822302988716,660900
2011-03-28,38.771400451660156,39.09130926044386,38.771400451660156,39.036690901125475,913000
2011-03-29,39.03668212890625,39.052287796129974,38.59193103069846,38.75578607183256,1956200
2011-03-30,39.40340042114258,39.45801875786567,39.208334082424045,39.309769411971,778200
2011-03-31,39.3721923828125,39.458022055257366,39.27076002126526,39.35658671723377,413200
2011-04-01,39.575069427490234,39.754530145810925,39.47363407314312,39.637489123373726,561400
2011-04-04,39.58285903930664,39.73891269746989,39.450215364577254,39.69990002704807,1284200
2011-04-05,39.684295654296875,39.87155766900262,39.52824199105805,39.53604333480577,496900
2011-04-06,39.77011489868164,39.92616554456129,39.60625695814756,39.81692890185543,841000
2011-04-07,39.684295654296875,39.863756325254904,39.481424999143584,39.754519653930544,838400
2011-04-08,39.44242858886719,39.87937843078736,39.28637486129018,39.8481670899765,389800
2011-04-11,39.2863655090332,39.614078556579415,39.192734485367104,39.48923619953242,347700
2011-04-12,39.028873443603516,39.184927110016,38.88842544147989,39.1068987885717,1065000
2011-04-13,39.06789779663086,39.286371209041974,38.90404273732253,39.2317528559392,465300
2011-04-14,39.11471176147461,39.169330110329625,38.701169007530794,38.84942136283164,581700
2011-04-15,39.3721923828125,39.426810724099894,39.10690202092672,39.184930348820394,414300
2011-04-18,38.88063430786133,38.97426534170644,38.61534389823609,38.91964699059039,595600
2011-04-19,39.08349609375,39.1069031045285,38.849417056535664,38.98986507415955,540200
2011-04-20,39.69990158081055,39.77012558090862,39.5828605884884,39.59846625256309,2453000
2011-04-21,39.91837692260742,39.95738959650849,39.746717585671256,39.95738959650849,449200
2011-04-25,39.86376953125,39.94959922328866,39.73112283178743,39.94959922328866,533000
2011-04-26,40.18367385864258,40.27730488664729,39.95739614586086,40.01201449357001,755400
2011-04-27,40.386539459228516,40.44116078054331,40.07443505679236,40.292908436145325,687500
2011-04-28,40.52698516845703,40.57380216556418,40.3475244775942,40.36313014329659,551700
2011-04-29,40.605010986328125,40.63622231580307,40.47236432429771,40.56599831272254,475000
2011-05-02,40.52698516845703,40.83129118493893,40.4567611610345,40.792275532444776,736900
2011-05-03,40.30072021484375,40.49578661863975,40.09784948806873,40.40215260175415,477400
2011-05-04,40.01201248168945,40.28510718298016,39.8013404469143,40.28510718298016,721000
2011-05-05,39.809146881103516,40.183673970642985,39.62968617006232,39.82475254856059,636200
2011-05-06,39.97298812866211,40.40993773722381,39.80913314162986,40.22267276884717,395200
2011-05-09,40.18367385864258,40.269503541178864,39.926184811033714,40.019818815515144,315500
2011-05-10,40.62843704223633,40.69085973045063,40.30072685854402,40.34754089822715,637100
2011-05-11,40.199275970458984,40.58940869186117,40.004209609757886,40.58940869186117,432000
2011-05-12,40.46457290649414,40.52699260427995,39.91058506655853,40.121254151002944,531000
2011-05-13,40.12905502319336,40.534793441584625,40.01201400725248,40.51918777436073,505500
2011-05-16,39.89496994018555,40.33191665053105,39.8325472807212,40.02761362683294,483800
2011-05-17,39.82474136352539,39.902766702420095,39.520438374769824,39.75451736792981,1600200
2011-05-18,40.23828887939453,40.29290722258776,39.79353781254887,39.87936748798864,656900
2011-05-19,40.33973693847656,40.44117231201816,40.11345917306739,40.425566640975035,441800
2011-05-20,40.058834075927734,40.292913149254495,39.9183860366363,40.27730748083579,604300
2011-05-23,39.52824783325195,39.676497198177955,39.4112068244054,39.512642166973976,635300
2011-05-24,39.46583557128906,39.7467286877215,39.372201556001194,39.67650466449413,953900
2011-05-25,39.59846878051758,39.746718133977225,39.23954741331448,39.25515307838543,423100
2011-05-26,39.81696701049805,39.88719105894513,39.40342704546419,39.50486244354956,375500
2011-05-27,40.01201248168945,40.09784215991006,39.87936878005875,39.91838145839269,526300
2011-05-31,40.355323791503906,40.40213780632612,40.04321646913445,40.40213780632612,550000
2011-06-01,39.40340042114258,40.3085081137375,39.37999341296871,40.3085081137375,489200
2011-06-02,39.36439895629883,39.567266696675944,39.13812122460658,39.47363566084627,557000
2011-06-03,38.872825622558594,39.22394568066612,38.8182072775726,38.91183830090908,830200
2011-06-06,38.373435974121094,38.8493981380139,38.35783031570944,38.73235718816403,1676200
2011-06-07,38.46708679199219,38.779194168280874,38.44367978053732,38.62314048013653,1670500
2011-06-08,38.18618392944336,38.428067251696056,38.123764251218276,38.373448917070604,974500
2011-06-09,38.46708679199219,38.62314048013653,38.19399507009698,38.27202042593089,589600
2011-06-10,37.897491455078125,38.35004683029809,37.83507176884429,38.35004683029809,856900
2011-06-13,37.87409973144531,38.11598020588363,37.68683464420758,37.98333645880166,1086200
2011-06-14,38.482688903808594,38.591925582476485,38.2408055607038,38.248609881452225,662700
2011-06-15,37.79606246948242,38.30323627158555,37.71023575854399,38.20960523825833,1018100
2011-06-16,37.79606246948242,38.037945863427694,37.49956370120009,37.79606246948242,1550200
2011-06-17,37.96044921875,38.21878851568978,37.85084756180909,38.13267442126325,810300
2011-06-20,38.21879196166992,38.30490606386089,37.86650835558872,37.86650835558872,746000
2011-06-21,38.829402923583984,38.884202246940326,38.406665712883495,38.43797747884487,2701900
2011-06-22,38.6102180480957,38.9546714751682,38.57890328572363,38.743304295006965,1595800
2011-06-23,38.531944274902344,38.555428859695404,37.84303425301051,38.10920383058183,1492100
2011-06-24,38.10920333862305,38.571085747083096,38.04657379819552,38.56325556135923,421800
2011-06-27,38.367530822753906,38.49278687840496,38.007420036049616,38.1170187114518,563500
2011-06-28,38.91552734375,38.93901490738842,38.48495983735153,38.52410179496231,1066500
2011-06-29,39.259986877441406,39.346097996535185,38.93901802122221,39.1347308112666,825000
2011-06-30,39.627933502197266,39.690563042062635,39.34610654548479,39.40873608535015,881800
2011-07-01,40.23073196411133,40.30118870780652,39.57313668506987,39.65142361492065,1035200
2011-07-05,40.13679885864258,40.25422479796774,39.98022795320073,40.215082818192684,1647900
2011-07-06,40.16025924682617,40.199401203012485,39.90191994692462,40.08197533445354,2065300
2011-07-07,40.645633697509766,40.73957799358614,40.48906584339659,40.559522572283676,1743300
2011-07-08,40.2855110168457,40.2855110168457,39.94888485400862,40.19939693058419,1100800
2011-07-11,39.432212829589844,39.87061056246126,39.33044432705381,39.83929579875468,678200
2011-07-12,39.26781463623047,39.63575564240104,39.20518809541816,39.29912939980674,1517300
2011-07-13,39.35392379760742,39.80797586704536,39.26780970176406,39.400895937069215,880400
2011-07-14,38.95468521118164,39.58879593428273,38.876401263987454,39.424397853370245,868200
2011-07-15,39.17388153076172,39.18953891582687,38.86073980214033,39.18953891582687,588800
2011-07-18,38.70416259765625,39.03296165748184,38.453650450332155,39.01730427498154,538700
2011-07-19,39.38525390625,39.432223077676504,38.97817083128786,38.97817083128786,423600
2011-07-20,39.36958312988281,39.5339811466423,39.267811649171705,39.52615394951375,621500
2011-07-21,39.886268615722656,39.98804010631205,39.48701283759365,39.58095713029476,1408500
2011-07-22,39.92540740966797,39.988036933165574,39.659237907483245,39.90975002879357,808300
2011-07-25,39.674896240234375,39.878436223804805,39.47918345411891,39.526155597869064,536200
2011-07-26,39.494850158691406,39.69056299100768,39.40873603465772,39.67490560606148,721900
2011-07-27,38.555423736572266,39.30696021349743,38.53193915489976,39.275645447040425,1034200
2011-07-28,38.3831901550293,38.8998717841589,38.328390814541315,38.54759116283332,1213000
2011-07-29,38.1953125,38.54759615327291,37.788229499144684,38.04656885398451,954100
2011-08-01,37.90565872192383,38.876395653275495,37.576862607551305,38.876395653275495,1606300
2011-08-02,36.75485610961914,37.80387659939329,36.75485610961914,37.615991039973295,2396800
2011-08-03,36.981895446777344,36.989722645516686,36.07378808964262,36.76269505964785,5647500
2011-08-04,35.02476501464844,36.449554000935635,35.0091076318349,36.449554000935635,3448200
2011-08-05,34.89167404174805,35.61972581938106,33.95225210418867,35.557096296585094,3477800
2011-08-08,32.33175277709961,34.25756594175676,32.245638670443036,33.873970540174106,4469300
2011-08-09,33.96792221069336,33.97575239714638,31.86205299234251,32.66838898921768,4033500
2011-08-10,32.511810302734375,33.73305928446385,32.472668338891985,33.310318907748986,2628300
2011-08-11,34.17928695678711,34.609854565930625,32.676213924211794,32.82495459316227,1865700
2011-08-12,34.36717224121094,34.71162572787175,34.101002687682836,34.53157029259401,2156400
2011-08-15,35.2048225402832,35.21264973898728,34.66465325314327,34.69596802064078,1897100
2011-08-16,34.789920806884766,35.16568918172234,34.43764000858437,34.87603495272409,1233500
2011-08-17,34.727272033691406,35.26743816721046,34.445445186172016,34.95429954823088,1345600
2011-08-18,33.04416275024414,33.78004510829141,32.74668131553811,33.78004510829141,2700700
2011-08-19,32.49613952636719,33.48253333215122,32.46482776000293,32.566596226780334,1370900
2011-08-22,32.543128967285156,33.31032289860597,32.42570007534859,33.10678287043546,922500
2011-08-23,33.725223541259766,33.725223541259766,32.47266011128265,32.65271548840931,1333200
2011-08-24,34.23408889770508,34.2732308676174,33.52952448026059,33.67826516046378,1436400
2011-08-25,33.58432388305664,34.60985723338266,33.49037957152471,34.39065981248993,878800
2011-08-26,34.18710708618164,34.36716547233614,32.85626256700173,33.38860156920971,985000
2011-08-29,35.36921691894531,35.392701498960534,34.63333787717886,34.67247983931766,686300
2011-08-30,35.517967224121094,35.776309619872464,34.94648605980148,35.243970428331245,2161300
2011-08-31,35.768470764160156,36.167726554217346,35.47098945407326,35.784128146744784,2297800
2011-09-01,35.27528381347656,36.07379256937769,35.24396904194923,35.74499344102264,1590900
2011-09-02,34.2497444152832,34.69596941790078,34.16363029436741,34.57071332920709,1867400
2011-09-06,34.02272033691406,34.054035108908465,33.16941221128317,33.29466831291977,910700
2011-09-07,35.15785598754883,35.165683187499305,34.47677611089663,34.52374528328163,595900
2011-09-08,34.68813705444336,35.29093282476781,34.5863655643002,34.90733443043761,2198600
2011-09-09,33.74089431762695,34.42197718926778,33.52952706652861,34.30454828413215,845200
2011-09-12,33.9522590637207,33.98357383153758,33.15375040243398,33.271179288576974,1014200
2011-09-13,34.359344482421875,34.476773376753954,33.81134795277354,34.03054835643737,1344400
2011-09-14,34.89167404174805,35.29875698090178,34.038366204863124,34.555047822569776,789700
2011-09-15,35.47099685668945,35.49448144229733,34.907342911372474,35.298768598655705,976400
2011-09-16,35.62031555175781,35.84033859322676,35.31385103281148,35.604599191997295,664400
2011-09-19,35.156673431396484,35.36097999688447,34.708764926988856,34.94450719170469,1045300
2011-09-20,35.00736618041992,35.65958118665451,34.975933481847555,35.29811114824652,914700
2011-09-21,33.765811920166016,35.10952860226238,33.765811920166016,34.99951713087499,845400
2011-09-22,32.642112731933594,33.0743018677768,32.16277454582871,32.85427896173021,3336800
2011-09-23,32.869991302490234,33.082154508820906,32.382793501974206,32.41422619831464,2802100
2011-09-26,33.687217712402344,33.73436675311749,32.64210612270336,33.24717198940769,1071400
2011-09-27,34.14299011230469,34.79520216220401,33.93868055624901,34.48874082570781,1090000
2011-09-28,33.20003128051758,34.33944123759129,33.18431492966838,34.19013740331763,843500
2011-09-29,33.47505569458008,33.97796986541501,32.814984030295456,33.76580365215349,1206900
2011-09-30,32.5321159362793,33.22361766615014,32.51639957911106,33.01931101814026,851200
2011-10-03,31.345548629760742,32.74427109531796,31.345548629760742,32.28065216366336,2085400
2011-10-04,32.264930725097656,32.33565280477068,30.66975559415879,31.007649641753545,3600000
2011-10-05,32.995723724365234,33.09787550543804,32.07633671159864,32.36708169961422,1813100
2011-10-06,33.75794219970703,33.78937489577511,32.76783625425743,32.972142783526216,1677700
2011-10-07,33.38077163696289,34.02512716545321,33.16074867530903,34.02512716545321,1283500
2011-10-10,34.54373550415039,34.54373550415039,33.899380336693234,33.977962062960174,641000
2011-10-11,34.590904235839844,34.68519936346511,34.26086679276933,34.32373220957821,789100
2011-10-12,34.96022415161133,35.392413315141035,34.795203963917736,34.87378571938789,1714700
2011-10-13,34.858062744140625,35.00736355478076,34.370867943158224,34.76376765308301,845300
2011-10-14,35.463138580322266,35.47885493282739,35.023089702942094,35.33741075786904,1030200
2011-10-17,34.653751373291016,35.34525566530571,34.56731595967758,35.34525566530571,926600
2011-10-18,35.47884750366211,35.7538761209422,34.27657226826899,34.63018263161991,908800
2011-10-19,35.03093719482422,35.65957608846045,34.90520641851028,35.408120531005956,1550900
2011-10-20,35.195953369140625,35.32168114439133,34.56731449288711,35.18023702253596,959500
2011-10-21,36.044620513916016,36.076053211844204,35.65958045585041,35.71458617843121,1856100
2011-10-24,36.72040557861328,36.82256033987173,36.09962333359271,36.1546290517503,7201400
2011-10-25,35.8874626159668,36.53967765597995,35.80888386305337,36.50038827952323,3560200
2011-10-26,36.28036880493164,36.44538901143263,35.6045836163937,36.29608515781687,1157900
2011-10-27,37.74980545043945,38.032693725706295,37.058301110630175,37.43548447845698,4181300
2011-10-28,37.77337646484375,37.85981487742022,37.521920899668615,37.63193233473439,2019100
2011-10-31,36.78327560424805,37.39619825385567,36.73612655520623,37.38048190417506,2122800
2011-11-01,35.64386749267578,36.146778716949804,35.40812823099575,35.71458957093853,8451600
2011-11-02,36.319664001464844,36.47682154732447,35.90318811169032,36.18607649037851,4921500
2011-11-03,37.04258728027344,37.13688237924319,36.1153436472406,36.704693261579074,889400
2011-11-04,36.901153564453125,37.00330836580723,36.37466919898966,36.79114208495855,834200
2011-11-07,37.074012756347656,37.0975857771008,36.41394119698056,36.89327926953824,569100
2011-11-08,37.49049377441406,37.54549950011889,36.80684904237742,37.21546514588991,912400
2011-11-09,35.950321197509766,36.68897152658968,35.887455809033156,36.59467644146147,1014600
2011-11-10,36.27250671386719,36.52396232732724,35.926755994756455,36.51610565085108,632600
2011-11-11,37.074012756347656,37.19974052967536,36.72040245711768,36.81469753771682,667000
2011-11-14,36.73612976074219,37.00330173345108,36.53182319224125,36.93257965251086,345700
2011-11-15,36.893287658691406,37.07402118659776,36.382516777261124,36.57110997893012,646200
2011-11-16,36.25677490234375,36.95613571640016,36.22534221466825,36.50823040857558,326600
2011-11-17,35.57312774658203,36.24891549265721,35.321672259333475,36.186050122052144,1266900
2011-11-18,35.50242614746094,35.76959813121133,35.360981979734994,35.691016372703814,1153100
2011-11-21,34.8502082824707,35.03880149037332,34.512314241602894,34.91307368430069,1423700
2011-11-22,34.653751373291016,34.96807232354862,34.44944485393429,34.81091184841982,546800
2011-11-23,33.82866668701172,34.33157786972946,33.82081001122611,34.33157786972946,1564000
2011-11-25,33.75794219970703,34.150841907797435,33.05858119892,33.702936480381325,621500
2011-11-28,34.81877136230469,34.99164518633114,34.54373978268493,34.7323329514981,1760400
2011-11-29,34.889503479003906,35.148815788555424,34.75591598810532,34.88164380434585,980900
2011-11-30,36.461097717285156,36.50038709246411,35.92675382160727,35.95818352319812,858400
2011-12-01,36.43751907348633,36.68111797821546,36.296074934945146,36.45323542194501,706300
2011-12-02,36.398216247558594,36.93255990730088,36.34321054707799,36.806832163690096,749500
2011-12-05,36.83041763305664,37.16045494512803,36.61825143192222,36.97972143992172,687100
2011-12-06,36.806854248046875,37.026877181984496,36.62612069551416,36.877576333610776,1079400
2011-12-07,36.8539924621582,36.987576919153035,36.30393229154945,36.696831985186165,499600
2011-12-08,35.926734924316406,36.626095626437824,35.84029654583657,36.57108993060258,614100
2011-12-09,36.602535247802734,36.68897065853296,36.02104240849898,36.02104240849898,409500
2011-12-12,36.02891540527344,36.32752013357599,35.71459732069159,36.32752013357599,535900
2011-12-13,35.48670196533203,36.38251283153674,35.31382513234975,36.193922647907804,2512700
2011-12-14,35.07807159423828,35.45525480521458,34.99949288271286,35.313810726400256,1109300
2011-12-15,35.24311065673828,35.55743169395189,35.15667521921273,35.4395605555999,923300
2011-12-16,35.334632873535156,35.76862475479825,35.232055710754715,35.46088423624717,381300
2011-12-19,34.84542465209961,35.56348015993447,34.75862623740453,35.42933934454844,419500
2011-12-20,35.997440338134766,36.07634929275335,35.38985493288147,35.38985493288147,606300
2011-12-21,36.13158416748047,36.17892653032891,35.65025007806231,35.99744044924923,591300
2011-12-22,36.54191207885742,36.59714685791076,36.186829206321896,36.28940937173654,779600
2011-12-23,36.83387756347656,36.83387756347656,36.56559298956672,36.62082778330664,527200
2011-12-27,36.81809616088867,36.90489455486477,36.66817357770212,36.71551596709232,550100
2011-12-28,36.29730224609375,36.810200112294815,36.23417505822347,36.79441831532724,433500
2011-12-29,36.683956146240234,36.72340914158233,36.35254436321131,36.35254436321131,515700
2011-12-30,36.518245697021484,36.73918787059508,36.518245697021484,36.69973186848063,709500
2012-01-03,37.07848358154297,37.42567407470285,37.046919988509366,37.19684254031411,632100
2012-01-04,37.04692459106445,37.1258305733815,36.77864003708812,36.99957919563206,960900
2012-01-05,37.19685363769531,37.26787023817319,36.6287208338723,36.897005434558636,880500
2012-01-06,37.149497985839844,37.291528126035786,36.99168303998135,37.291528126035786,835400
2012-01-09,37.2520866394043,37.323103236455374,37.05481864871471,37.20474424808402,353300
2012-01-10,37.7334098815918,37.804426457682915,37.65450391263268,37.72552048872379,553800
2012-01-11,37.78866195678711,37.84389676235202,37.55983032797756,37.67030294917852,1061200
2012-01-12,37.94646072387695,37.993806112684226,37.575596036727944,37.938571330777336,659200
2012-01-13,37.71763610839844,37.725528513014936,37.37833495157863,37.71763610839844,618200
2012-01-17,37.79655075073242,38.13585195824128,37.7255341489266,38.09639594940515,594100
2012-01-18,38.34890365600586,38.36468545954364,37.72553897165533,37.843897983081824,443000
2012-01-19,38.64085006713867,38.71186665516151,38.412018504612846,38.50670628528653,1474200
2012-01-20,38.5935173034668,38.60929910708953,38.451484080933504,38.554064299445606,514900
2012-01-23,38.617183685302734,38.86179709582584,38.44358988725588,38.617183685302734,779700
2012-01-24,38.68030548095703,38.696087280402836,38.31733312391486,38.45936630885666,641500
2012-01-25,39.06693649291992,39.13795306259682,38.427790375897345,38.61716588832274,1214200
2012-01-26,38.806556701660156,39.35101523491136,38.64085232328854,39.272109248087865,1186600
2012-01-27,38.82233810424805,38.92491829412651,38.60928832991758,38.64874132292609,407300
2012-01-30,38.60139465332031,38.6566324537966,38.25420411218709,38.49092507250839,452500
2012-01-31,38.5935173034668,38.89336555215611,38.396249273289584,38.82234894088947,517300
2012-02-01,39.0984992980957,39.256314228667044,38.86966779927072,38.91701318146296,680500
2012-02-02,39.15373992919922,39.264209494103206,39.01170677144555,39.16952172562406,556300
2012-02-03,39.80078887939453,39.84813428097757,39.516725500108315,39.53250429056532,954000
2012-02-06,39.7376708984375,39.76923450442632,39.571966482102916,39.63509068400941,380200
2012-02-07,39.81657791137695,39.887594521614155,39.46938726692353,39.68243709763514,428700
2012-02-08,39.94282913208008,40.013845741968126,39.6903262991606,39.78501410898761,481600
2012-02-09,39.99014663696289,40.076944989599546,39.706080395631695,39.95069366123781,518400
2012-02-10,39.68241882324219,39.729761201550915,39.47725848367159,39.65874462401799,641100
2012-02-13,39.91913604736328,40.01382380527983,39.71397873686584,39.97437082365373,495500
2012-02-14,39.85602569580078,39.88758929845554,39.59563349907609,39.824465103216845,359300
2012-02-15,39.7376708984375,40.092753940633855,39.65876188346545,40.06907973110667,1383800
2012-02-16,40.234764099121094,40.28999887291111,39.70608453704164,39.72975572293182,453800
2012-02-17,40.34524154663086,40.44781871228668,40.21109777682477,40.43203992531656,258900
2012-02-21,40.226898193359375,40.49518284708026,40.10853917587956,40.40838442821889,454800
2012-02-22,40.04539108276367,40.266330208273814,39.974374505268294,40.1400788494009,611400
2012-02-23,40.28212356567383,40.31368716696851,39.895479985061364,40.045402576105076,398800
2012-02-24,40.32946014404297,40.48727510591779,40.27422535889728,40.32946014404297,428200
2012-02-27,40.37680435180664,40.50305873507303,39.98226843430967,40.09274101966776,449900
2012-02-28,40.416255950927734,40.51094371799737,40.25844099909843,40.40047415473782,346500
2012-02-29,40.14008331298828,40.55829343144162,40.100630323341406,40.47149504817639,679500
2012-03-01,40.38469696044922,40.487277142337916,40.226881990636656,40.266334980572246,620700
2012-03-02,40.1953125,40.4478152106424,40.10851713889834,40.32945625819301,222600
2012-03-05,39.94282913208008,40.11642595848892,39.81657771562034,40.0769729552336,608000
2012-03-06,39.248451232910156,39.52462528959664,39.16165281221684,39.508843484918636,945400
2012-03-07,39.571956634521484,39.63508082071937,39.32734326408751,39.38257805578706,449700
2012-03-08,40.04539108276367,40.12429705328306,39.73765358364031,39.83234135027754,406900
2012-03-09,40.313690185546875,40.43205219422922,40.10064037596121,40.155875177327395,638800
2012-03-12,40.21110153198242,40.3610271128296,40.10852435674732,40.313681717287814,204900
2012-03-13,40.96860885620117,40.99228305846169,40.38469737499215,40.42415036533273,398000
2012-03-14,40.86604690551758,41.07909674479984,40.74768488033698,41.03964072969209,526300
2012-03-15,41.19743728637695,41.22900088028104,40.77133779888165,40.88181037754598,444100
2012-03-16,41.24574661254883,41.32492710233877,41.17448296352105,41.27742001668163,401800
2012-03-19,41.35659408569336,41.51495806122867,41.174476571017316,41.21406680976574,473700
2012-03-20,41.150733947753906,41.198241038637384,40.921106273342446,41.08738713251941,424700
2012-03-21,41.10321807861328,41.23782853185924,41.00028102854778,41.190318427088556,762400
2012-03-22,40.74689483642578,40.87358541303546,40.58853086052828,40.78648507526475,429700
2012-03-23,40.91318893432617,40.94486234389675,40.49352682941501,40.80233502137172,642400
2012-03-26,41.42786407470703,41.443700776742546,41.21407312804063,41.22199298932942,348700
2012-03-27,41.33285140991211,41.55455922160722,41.301178002372126,41.52288581406724,607000
2012-03-28,40.99235534667969,41.33283680607869,40.754810915144446,41.27740987273851,345000
2012-03-29,40.95276641845703,41.0002734939554,40.54102131440313,40.74689235615937,522800
2012-03-30,41.07154083251953,41.19823141284541,40.857749911868034,41.158641172845144,362400
2012-04-02,41.388275146484375,41.53080244879589,40.94485653701055,41.03195689070561,657300
2012-04-03,41.237815856933594,41.41201347980048,40.96067819509906,41.34866971345099,813500
2012-04-04,40.76274490356445,40.93694563623223,40.6360542854086,40.881518679572956,544500
2012-04-05,40.64397048950195,40.834004889358354,40.56478697244319,40.612297082678445,531600
2012-04-09,40.11344909667969,40.24013969585011,39.986758497509264,40.10553225571873,496200
2012-04-10,39.37706756591797,40.12929448275454,39.345394154135995,40.00260385616943,2312500
2012-04-11,39.74128723144531,39.915487907724646,39.701696992438634,39.80463403028929,817400
2012-04-12,40.390586853027344,40.43018012241367,39.765053671991204,39.79672405874094,481700
2012-04-13,39.91550064086914,40.358919312603824,39.91550064086914,40.279735788789104,423600
2012-04-16,39.92341995239258,40.22431132041461,39.74922223031057,40.16096751798736,741200
2012-04-17,40.48560333251953,40.5964572272525,40.12928508477635,40.1767951913228,375300
2012-04-18,40.31932067871094,40.43809443836704,40.24014018596832,40.26389372968267,409400
2012-04-19,40.15304946899414,40.5727146387744,39.96301503258372,40.27974010011539,400500
2012-04-20,40.22430419921875,40.453931861018276,40.20846749627993,40.303487713912844,1765800
2012-04-23,39.79672622680664,39.84423634033308,39.51959144925871,39.757135975805866,440800
2012-04-24,39.9471549987793,40.042172161498755,39.765037511674876,39.788791047219455,499500
2012-04-25,40.43809509277344,40.45393179568668,40.1767970460605,40.248060698898975,470500
2012-04-26,40.76274490356445,40.81817186022373,40.24014572610373,40.31140938760031,495800
2012-04-27,40.88151931762695,40.976536527591165,40.628138077360624,40.88151931762695,584200
2012-04-30,40.76274490356445,40.82609172291368,40.6360542854086,40.80233515538642,1976600
2012-05-01,41.024051666259766,41.301186487816786,40.65981344580095,40.76275053118342,471800
2012-05-02,40.91318893432617,40.960699048682045,40.636054151940044,40.77858147446508,327200
2012-05-03,40.501441955566406,40.92110401139944,40.42225844090021,40.897350467270705,543000
2012-05-04,39.860076904296875,40.31141245459983,39.79673008012806,40.31141245459983,1037700
2012-05-07,39.820472717285156,39.96300000125548,39.59876193080811,39.67794543331483,614000
2012-05-08,39.590843200683594,39.6383532999194,39.0365707917657,39.590843200683594,1224600
2012-05-09,39.424560546875,39.67794168990777,38.96530533728968,39.13158614605341,561600
2012-05-10,39.44832229614258,39.76505030113009,39.38497850747034,39.76505030113009,705800
2012-05-11,39.40082550048828,39.749227027787654,39.19495434207394,39.19495434207394,326800
2012-05-14,38.93362808227539,39.21868259508341,38.86236747461457,38.996974872028815,709100
2012-05-15,38.656494140625,39.09199275630879,38.577313672515665,38.87028502916968,686500
2012-05-16,38.40312576293945,38.98907169124763,38.379372218731774,38.791117434737636,842500
2012-05-17,37.6508903503418,38.43479035540333,37.6508903503418,38.41103379610104,1407100
2012-05-18,37.29458236694336,37.88052832115437,37.22331871062772,37.80926466483874,1544800
2012-05-21,38.03889465332031,38.062648200024206,37.35793145607814,37.36584829813192,1296600
2012-05-22,38.110145568847656,38.434790354248086,37.87260111962273,38.16557250631542,796400
2012-05-23,38.236846923828125,38.284354014742576,37.49253694704951,37.79342827852474,755000
2012-05-24,38.27644729614258,38.34771097190388,37.92804878161134,38.31603755588925,491700
2012-05-25,38.27644729614258,38.43481135567249,38.1655933606346,38.27644729614258,448900
2012-05-29,38.743614196777344,38.83071456837534,38.46647939673169,38.52190635674083,445300
2012-05-30,38.03889465332031,38.46647661724575,37.99138453936997,38.395212956591514,298700
2012-05-31,37.912193298339844,38.189327999864304,37.5162848558525,38.030964018761026,660400
2012-06-01,36.85908126831055,37.35000696951684,36.83532772454736,37.22331636854289,1094600
2012-06-04,36.7798957824707,37.03327695002167,36.44733111222144,36.85907626462721,2131400
2012-06-05,37.14413070678711,37.23123104918778,36.63736837341062,36.7007121548118,691000
2012-06-06,38.03096389770508,38.03888375803297,37.41334769596409,37.41334769596409,433100
2012-06-07,37.991371154785156,38.55356037936015,37.91219067997289,38.52189000176014,869600
2012-06-08,38.28435516357422,38.30019186786839,37.72216575357222,37.928039888854,529200
2012-06-11,37.69841003417969,38.67234463805778,37.66673662741724,38.63275438987587,374500
2012-06-12,38.14182662963867,38.17350003721738,37.61131064513605,37.81718175331288,323400
2012-06-13,37.80133819580078,38.22100016469844,37.682564458677255,38.02304594985364,205400
2012-06-14,38.1814079284668,38.316015337659614,37.77757965980544,37.94386046664649,430600
2012-06-15,38.620330810546875,38.66008759637529,38.27046684870917,38.27046684870917,244700
2012-06-18,38.72371292114258,38.811179697111214,38.365895670929646,38.50902257101482,441500
2012-06-19,39.192832946777344,39.35981324468438,38.90657927422361,38.9145294170177,476600
2012-06-20,39.14512252807617,39.375716098604904,38.86682203485038,39.19283248402112,1014800
2012-06-21,38.13529586791992,39.22465076946502,38.11939254454896,39.20079426778418,597000
2012-06-22,38.421531677246094,38.51694853965845,38.15118137270494,38.27840486700387,219800
2012-06-25,37.73771286010742,37.992159906705645,37.57073255451135,37.97625658713725,300500
2012-06-26,37.944454193115234,38.06372454381536,37.60254039459485,37.81723066575287,220000
2012-06-27,38.302284240722656,38.41360752765021,38.01603345980007,38.047837079958526,408400
2012-06-28,38.31817626953125,38.349982913561114,37.83313859769418,38.087585683436046,337000
2012-06-29,39.37571334838867,39.39161666592621,38.97813950969321,39.12921647642832,529300
2012-07-02,39.47114562988281,39.56656253911109,39.176941723700445,39.550662248613754,684600
2012-07-03,39.82896423339844,39.868721027539294,39.43934037102057,39.479100198410386,407200
2012-07-05,39.6619758605957,39.85280964719533,39.45523571965637,39.6619758605957,553600
2012-07-06,39.22465133666992,39.296211743000875,39.009961017930586,39.27235827422389,386000
2012-07-09,39.00199890136719,39.21668917090568,38.85092191165408,39.14512574772618,389600
2012-07-10,38.588539123535156,39.312123825730815,38.437462065538085,39.18490024182552,364600
2012-07-11,38.59648895263672,38.7475659975167,38.37384542519609,38.53287564958247,256000
2012-07-12,38.37384796142578,38.524928049540286,38.02398387125169,38.302284507384556,2191000
2012-07-13,38.98611068725586,39.03382066561096,38.36589613488608,38.36589613488608,335300
2012-07-16,38.83503341674805,38.978160317744916,38.66009986369648,38.86684006880275,258100
2012-07-17,39.11333465576172,39.176947960874045,38.572633695304305,38.99406425855012,254200
2012-07-18,39.455230712890625,39.598357551302094,39.00994991183091,39.02585323090418,285300
2012-07-19,39.58245849609375,39.725585349922994,39.39957485692266,39.5745083523247,375200
2012-07-20,39.14512252807617,39.399569559953434,39.089462429431016,39.35981277995659,333500
2012-07-23,38.67600631713867,38.80322990239573,38.32614221599416,38.55673591216305,462200
2012-07-24,38.254573822021484,38.715758121582624,37.99217350509512,38.715758121582624,470100
2012-07-25,38.27047348022461,38.524920593515105,38.079636628632315,38.334083741922804,463700
2012-07-26,38.93840026855469,39.033817183503686,38.63624316575899,38.84298032035666,355300
2012-07-27,39.74945068359375,39.89257453598957,39.121283022513744,39.19284646533613,386200
2012-07-30,39.70969009399414,39.89257377030807,39.5347595963128,39.70969009399414,293300
2012-07-31,39.42341613769531,39.7573766455594,39.42341613769531,39.6858132462675,513800
2012-08-01,39.28031539916992,39.66993625016734,39.240555569548484,39.66993625016734,322500
2012-08-02,38.9781608581543,39.30417146311171,38.66010039969615,38.92250073291152,1569700
2012-08-03,39.797142028808594,39.90846222218953,39.55064818153588,39.55064818153588,762500
2012-08-06,39.98800277709961,40.11522636481435,39.932342647052515,40.01185625190563,405800
2012-08-07,40.38555908203125,40.56844271925098,40.10725552111128,40.10725552111128,496200
2012-08-08,40.49687957763672,40.52073304210525,40.210625871021264,40.210625871021264,266800
2012-08-09,40.560489654541016,40.640006257844554,40.385559193769765,40.385559193769765,192700
2012-08-10,40.61614990234375,40.640003365012745,40.32194304093526,40.36169982313293,214600
2012-08-13,40.568458557128906,40.63206883118085,40.3299147212476,40.55255523030356,161200
2012-08-14,40.488929748535156,40.775183478819926,40.37760952747964,40.687716724205295,338200
2012-08-15,40.640010833740234,40.695670945695674,40.40941720806849,40.40941720806849,213900
2012-08-16,40.9898681640625,41.0375781236602,40.61615076358228,40.73542111270435,464800
2012-08-17,41.069393157958984,41.10914994912595,40.9739732192598,41.021683188609394,220900
2012-08-20,41.029640197753906,41.05349670304424,40.814952882885635,41.029640197753906,160500
2012-08-21,40.9898681640625,41.34768527792494,40.89445127811523,41.11709168974158,385900
2012-08-22,40.93421173095703,40.99782501612363,40.695667978079044,40.83879483645551,295000
2012-08-23,40.560489654541016,40.83084003927652,40.45712262011882,40.814939751864074,255600
2012-08-24,40.775177001953125,40.838790280022316,40.38555629014749,40.44121639183401,370200
2012-08-27,40.69567108154297,40.902408207603486,40.663864436534084,40.83879795083433,222900
2012-08-28,40.67182159423828,40.8388019470014,40.5525481804081,40.6479650915229,290700
2012-08-29,40.76722717285156,40.838790594606635,40.576390370422004,40.735420533571954,196700
2012-08-30,40.44916915893555,40.57639269007897,40.31399548414177,40.56048936953001,204100
2012-08-31,40.63205337524414,40.82289019130686,40.433266415417606,40.67976333757189,341700
2012-09-04,40.600242614746094,40.73541626765658,40.313988957702996,40.600242614746094,262100
2012-09-05,40.560489654541016,40.70361650723912,40.44916944316433,40.60819961652314,182700
2012-09-06,41.43516159057617,41.459015059260246,40.79109063686686,40.79109063686686,401100
2012-09-07,41.72141647338867,41.72141647338867,41.51467629505298,41.54648294298907,584200
2012-09-10,41.506717681884766,41.80092153215067,41.506717681884766,41.67369799961015,634400
2012-09-11,41.73731231689453,41.8327292103526,41.54647549673004,41.55442564066473,1560500
2012-09-12,41.896339416503906,41.96790284483256,41.769115880947226,41.880436095403276,414100
2012-09-13,42.50860595703125,42.6278793551932,41.72936137991911,41.88839156638554,423000
2012-09-14,42.83462142944336,43.104971867735934,42.611980962584376,42.611980962584376,1144600
2012-09-17,42.52450942993164,42.77895651588161,42.429092531012536,42.77895651588161,294300
2012-09-18,42.38934326171875,42.49271032336313,42.27801998777631,42.49271032336313,400600
2012-09-19,42.48474884033203,42.58016573071409,42.32571866752976,42.421135557911825,204900
2012-09-20,42.37342834472656,42.389331665224795,42.03151453713517,42.31776823960687,412100
2012-09-21,42.355873107910156,42.61131724884015,42.33990746846024,42.55543903333261,238500
2012-09-24,42.22016906738281,42.32394420707094,42.10043133248224,42.22016906738281,188700
2012-09-25,41.67734146118164,42.33191736385423,41.62944759448566,42.26805785988161,1485800
2012-09-26,41.41392517089844,41.645419349508536,41.23032486952199,41.613491113064306,300200
2012-09-27,41.789100646972656,41.89287577358258,41.46181267394209,41.55760650395163,323700
2012-09-28,41.65341567993164,41.79710344325382,41.43788403494837,41.65341567993164,466100
2012-10-01,41.70927810668945,42.13235689103202,41.62945295516101,41.829018879116454,189800
2012-10-02,41.789100646972656,41.94077268858735,41.613484715556794,41.86892883864727,144300
2012-10-03,41.87690734863281,42.01261374288228,41.653394517085395,41.90883862317786,162400
2012-10-04,42.252098083496094,42.28402936247864,41.98866959959162,42.044547815243895,326100
2012-10-05,42.284019470214844,42.60332304993678,42.17226306505548,42.483585349466175,302800
2012-10-08,42.188236236572266,42.29201137244739,42.09244544314453,42.10841108290489,344400
2012-10-09,41.789100646972656,42.22814808834768,41.765153712037346,42.1882324699433,427300
2012-10-10,41.50172424316406,41.7890965697523,41.43786169605522,41.77313397810894,144700
2012-10-11,41.67734146118164,41.964716841893306,41.6693601651103,41.74120401028821,288900
2012-10-12,41.4777717590332,41.813044020827256,41.39794662510464,41.68532197946135,212800
2012-10-15,41.781124114990234,41.821036692812,41.397957886659164,41.54164560292513,220800
2012-10-16,42.26805877685547,42.29200571072297,41.94875211466341,41.94875211466341,381900
2012-10-17,42.49956130981445,42.53947388633411,42.252098463177525,42.30797667933193,166200
2012-10-18,42.51553726196289,42.64325937403453,42.355886905724866,42.45167772849475,393400
2012-10-19,41.836997985839844,42.40376444936803,41.70129462631937,42.40376444936803,346400
2012-10-22,41.80506896972656,41.980687957553556,41.50971225440018,41.789103330366444,287800
2012-10-23,41.310142517089844,41.46979585082038,40.99083584962876,41.310142517089844,437600
2012-10-24,41.110572814941406,41.5256702262559,41.05469461006578,41.46979202138027,233600
2012-10-25,41.270225524902344,41.509703977283,41.014781436345146,41.381981933004404,418800
2012-10-26,41.230323791503906,41.421905385698615,40.99084223105872,41.24628638674135,171400
2012-10-31,41.310142517089844,41.53365535723216,41.118557907586386,41.38198636501188,413400
2012-11-01,41.900856018066406,41.900856018066406,41.35803654829488,41.41391475443602,248100
2012-11-02,41.49374008178711,42.12436903411386,41.4777744449408,42.10042210141133,512100
2012-11-05,41.64540481567383,41.70128606150211,41.31811690654744,41.429876353070455,268900
2012-11-06,42.012611389160156,42.156299071428926,41.72523602462262,41.74918295662282,237100
2012-11-07,41.15848159790039,41.6294573499613,40.8950530888047,41.61349170894326,673900
2012-11-08,40.61565399169922,41.27022991896173,40.599688353822806,41.078645309578874,1119900
2012-11-09,40.63960647583008,41.0068070617315,40.440040542822636,40.448021840283765,955000
2012-11-12,40.67153549194336,40.77531062396819,40.55977906290168,40.719429364313044,552700
2012-11-13,40.54381561279297,40.95891311817011,40.40012789765725,40.41609353768727,481400
2012-11-14,39.99299621582031,40.759331415082066,39.913171091690245,40.711434513524054,684100
2012-11-15,39.99299621582031,40.192562071278765,39.79343036036186,40.00896184967298,946300
2012-11-16,40.22450637817383,40.28038459220503,39.745549387868,39.969062243992816,938900
2012-11-19,40.950923919677734,40.950923919677734,40.62363595070787,40.655567226981546,347500
2012-11-20,40.97487258911133,41.02276645685612,40.663547223100096,40.87907876335371,275200
2012-11-21,41.07065200805664,41.07863330209484,40.91099872109403,41.006789475218326,173900
2012-11-23,41.56558609008789,41.56558609008789,41.206366855169705,41.22233249284763,132900
2012-11-26,41.445865631103516,41.469815621918606,41.246299630079015,41.41393738524259,216800
2012-11-27,41.286197662353516,41.58155436529457,41.27023202366289,41.437866662213146,214900
2012-11-28,41.65341567993164,41.65341567993164,40.92699556319639,41.1664741536882,192400
2012-11-29,41.789100646972656,41.90884141191751,41.59751907722187,41.765153712037346,658400
2012-11-30,41.836997985839844,41.892876198011116,41.70129462631937,41.844979282521095,274400
2012-12-03,41.6613883972168,42.08447029989809,41.6055101724516,42.05253901570802,449000
2012-12-04,41.6214714050293,41.765159123527,41.48576802930065,41.661383983470984,431900
2012-12-05,41.789100646972656,41.92480705025243,41.45383137734171,41.717256797032576,591500
2012-12-06,41.90885925292969,41.924824898061345,41.68534631135741,41.78113713701189,280200
2012-12-07,42.11638641357422,42.14831768857122,41.90085792017941,42.1004238212097,380100
2012-12-10,42.212181091308594,42.260074959637635,42.02858082406783,42.02858082406783,5067700
2012-12-11,42.45166015625,42.57938221545295,42.299991162550896,42.33990373508917,411100
2012-12-12,42.47562026977539,42.77896139642618,42.41974204185748,42.555448484754564,1007600
2012-12-13,42.26005554199219,42.61927461507629,42.14031788105259,42.47558698584265,444200
2012-12-14,42.18025207519531,42.323939778147654,42.132355159166465,42.14832079784274,308600
2012-12-17,42.68316650390625,42.68316650390625,42.315962840369636,42.315962840369636,546200
2012-12-18,43.217987060546875,43.24193399202269,42.66718632066719,42.77096143228523,829100
2012-12-19,43.010440826416016,43.33772875934803,42.994475190037164,43.29781619096779,547000
2012-12-20,43.217987060546875,43.233952696575315,42.89868347537909,43.090265017453014,1059200
2012-12-21,42.88979721069336,42.9379409540889,42.61697144104041,42.76943173016185,580300
2012-12-24,42.74538040161133,42.80155016991517,42.67316169078885,42.72933145909269,191300
2012-12-26,42.5046272277832,42.86571750714681,42.46450336472415,42.793501900090874,219900
2012-12-27,42.41636657714844,42.592901808268664,41.942933689070856,42.54475500132092,653800
2012-12-28,41.98304748535156,42.39228762349921,41.98304748535156,42.17563161995415,373900
2012-12-31,42.785484313964844,42.785484313964844,41.87071637917681,41.97503293379943,620300
2013-01-02,43.8126106262207,43.8126106262207,43.41942223404172,43.628052372194645,1072000
2013-01-03,43.78852081298828,44.029248738760145,43.69223025488387,43.79654681175961,7143800
2013-01-04,44.14159393310547,44.173691810292084,43.80457540571216,43.90086597624995,909200
2013-01-07,43.97307586669922,44.013196674639914,43.82061557211599,44.013196674639914,700000
2013-01-08,43.78852081298828,43.892837369864026,43.595939696779446,43.876788433343016,463800
2013-01-09,43.940975189208984,44.01319386329784,43.82863570974214,43.82863570974214,863600
2013-01-10,44.205787658691406,44.22183659654816,43.93296183717038,44.09344815471603,1172300
2013-01-11,44.22183609008789,44.253933965433795,44.03727789838176,44.22985902841343,549500
2013-01-14,44.24589920043945,44.261948134932915,44.03726917406696,44.22182732920989,443500
2013-01-15,44.430477142333984,44.45455208530639,44.00519090243387,44.093458550946565,508000
2013-01-16,44.36627197265625,44.41441572303044,44.237883536622135,44.32615116033717,466700
2013-01-17,44.759464263916016,44.87180377297074,44.47861549127921,44.574906061751534,700400
2013-01-18,44.88784408569336,44.919941956690074,44.62304430252412,44.799579531984584,341600
2013-01-22,45.216854095458984,45.216854095458984,44.815639762540904,44.927982347016815,403100
2013-01-23,45.168701171875,45.248942797772244,45.03228673462351,45.248942797772244,514300
2013-01-24,45.36930847167969,45.56188959898055,45.200799220035975,45.2409200331385,584100
2013-01-25,45.69830322265625,45.69830322265625,45.40942847582933,45.529793974014474,693700
2013-01-28,45.5939826965332,45.74644299475675,45.449545335680796,45.68225031272318,513500
2013-01-29,45.72238540649414,45.746457287149724,45.4575855362153,45.569925060637985,577800
2013-01-30,45.585960388183594,45.8106393699336,45.52979064274609,45.70632281654043,425300
2013-01-31,45.56992721557617,45.68226674531124,45.40944086123067,45.55387827403936,319600
2013-02-01,45.987178802490234,46.03532255381894,45.77854567665974,45.87483624033898,456900
2013-02-04,45.5297966003418,45.82669430236373,45.45757790946922,45.770524549576386,788900
2013-02-05,45.914974212646484,46.035336688947325,45.67424313799926,45.75448784988926,403700
2013-02-06,46.06741714477539,46.06741714477539,45.738421603053936,45.802617348278424,778300
2013-02-07,45.971126556396484,46.10753792337244,45.642131014900926,46.10753792337244,614100
2013-02-08,46.19580841064453,46.21988028607093,45.97915234874154,45.97915234874154,358100
2013-02-11,46.211856842041016,46.25197765431973,46.07544240706726,46.25197765431973,328200
2013-02-12,46.364322662353516,46.42049241842245,46.21988527216994,46.26000915023815,287700
2013-02-13,46.37234115600586,46.5328274592341,46.28407353617924,46.48468064995914,373300
2013-02-14,46.48469543457031,46.51679331762912,46.21186955061561,46.308160138769445,341900
2013-02-15,46.44456481933594,46.57295326348041,46.26000662219213,46.5408553871888,355000
2013-02-19,46.76552200317383,46.76552200317383,46.49269624905628,46.556891984623306,1180900
2013-02-20,46.01929473876953,46.76555383710834,45.987199910159795,46.74148195039523,689600
2013-02-21,45.5939826965332,45.898906354001795,45.433496399917026,45.898906354001795,839000
2013-02-22,46.0433464050293,46.067418279570646,45.778543540987734,45.82669035109211,536400
2013-02-25,45.12857437133789,46.39640964622645,45.12857437133789,46.356288838600996,626300
2013-02-26,45.43350601196289,45.473626829349634,44.99217089866437,45.409434133735274,839500
2013-02-27,46.06741714477539,46.20383157286661,45.38535418738411,45.38535418738411,258000
2013-02-28,46.01124572753906,46.39641100183572,46.01124572753906,46.027294663262445,780600
2013-03-01,46.2038459777832,46.24396680054612,45.61807033355887,45.906945155087975,730600
2013-03-04,46.380367279052734,46.396416216579944,45.963104086410844,46.21185802654981,578000
2013-03-05,46.8698616027832,46.95812925210469,46.6050617158414,46.6050617158414,667500
2013-03-06,46.91800308227539,47.10256130027223,46.85380732243876,47.0383655404356,458100
2013-03-07,47.054405212402344,47.08650308599855,46.958114652635416,46.966137590523616,362500
2013-03-08,47.35932922363281,47.39142709745546,47.046382606416266,47.295133475987505,671400
2013-03-11,47.5037727355957,47.52784461356359,47.26304477285051,47.359335345744164,595600
2013-03-12,47.49573516845703,47.56795384579463,47.319203004648415,47.47968623337963,400100
2013-03-13,47.61611557006836,47.672285329927625,47.367361589961384,47.53587393056151,673800
2013-03-14,47.888919830322266,47.92904063197987,47.69633569693642,47.69633569693642,274700
2013-03-15,47.826133728027344,47.89859768800445,47.68925599410713,47.89859768800445,282000
2013-03-18,47.512123107910156,47.72146481027035,47.29473429060845,47.30278447696789,624700
2013-03-19,47.31888961791992,47.65705274266474,47.01293031118554,47.61679566658817,474400
2013-03-20,47.721458435058594,47.81807601555399,47.53627345935179,47.600684155876216,447500
2013-03-21,47.29472351074219,47.6328865462834,47.21420630841055,47.52821571896089,475100
2013-03-22,47.536277770996094,47.5684846578883,47.38329659396702,47.463813811197525,248000
2013-03-25,47.43964385986328,47.810016812838484,47.206151673656414,47.73755287327995,594600
2013-03-26,47.7858772277832,47.7858772277832,47.528228255197874,47.560435144625544,297000
2013-03-27,47.7858772277832,47.81808411721087,47.383300324191374,47.5362815132638,352200
2013-03-28,48.01936721801758,48.10793461836525,47.737564645472894,47.793925159981825,516500
2013-04-01,47.769775390625,48.099888318597564,47.61679420624054,48.06768143015684,523100
2013-04-02,47.769775390625,48.01937109749576,47.66510453890162,47.890546615150804,1299500
2013-04-03,47.23031234741211,47.85833120306536,47.093437703043534,47.84222776171305,665300
2013-04-04,47.47992706298828,47.50408069743817,47.230328245138566,47.270585326361186,423900
2013-04-05,47.31082534790039,47.35108548602414,46.763323712141755,46.90019835322709,478800
2013-04-08,47.721458435058594,47.721458435058594,47.190057135207645,47.375242110914456,354700
2013-04-09,47.89859390258789,48.04351873967093,47.6167882709845,47.826129948337595,341900
2013-04-10,48.47026443481445,48.50247132731732,48.02743041286403,48.02743041286403,400400
2013-04-11,48.71179962158203,48.872830978416246,48.510511193393675,48.518561379097434,461600
2013-04-12,48.5105094909668,48.59907688768832,48.23675711538099,48.55881981774696,405800
2013-04-15,47.222267150878906,48.341430336042244,47.1981104505899,48.33337707880667,439400
2013-04-16,47.930789947509766,47.930789947509766,47.423545421383785,47.520162987586296,328100
2013-04-17,47.141754150390625,47.56848775091519,46.88410518133556,47.54433104846641,12313000
2013-04-18,46.91630554199219,47.310829127215044,46.72306730638069,47.22226480195307,935100
2013-04-19,47.34303665161133,47.367193351025236,46.89215254811959,47.05318082998515,336500
2013-04-22,47.55237579345703,47.64899337170142,47.037074876179595,47.39939463386786,363800
2013-04-23,48.04351806640625,48.075724950381165,47.600684161712415,47.80197257942939,435300
2013-04-24,48.26897048950195,48.32533100928085,48.07573222781863,48.09988893016527,375300
2013-04-25,48.53466033935547,48.78425907296693,48.31726848841981,48.462196389043584,514400
2013-04-26,48.373626708984375,48.526604777618346,48.204542129379725,48.48634771444278,515100
2013-04-29,48.647377014160156,48.74399765356149,48.405831558491045,48.494398942233715,522000
2013-04-30,48.832576751708984,48.832576751708984,48.421946614290384,48.67959557166691,380900
2013-05-01,48.33338165283203,48.76816544216743,48.31727820825465,48.719855108435276,612400
2013-05-02,48.832576751708984,48.88088401158093,48.48636038934344,48.48636038934344,524600
2013-05-03,49.41227340698242,49.5894081740747,49.23514171130724,49.24319189553094,495800
2013-05-06,49.58137893676758,49.63773946439568,49.41229428246488,49.460604622468274,625700
2013-05-07,49.89536666870117,49.89536666870117,49.55720057926067,49.702128464532734,686900
2013-05-08,50.136924743652344,50.136924743652344,49.814862012756116,49.8470689001293,877800
2013-05-09,49.99198913574219,50.22548442617172,49.887318303581125,50.09665996790324,609100
2013-05-10,50.30600357055664,50.31405682767267,49.95978722859123,50.032251185547196,363300
2013-05-13,50.24159622192383,50.34626400007245,50.05640815291469,50.273800038283014,379200
2013-05-14,50.829349517822266,50.87765676991129,50.249637921415186,50.249637921415186,794300
2013-05-15,51.15946960449219,51.239983750283514,50.72468584581635,50.72468584581635,430000
2013-05-16,50.8374137878418,51.19168344887536,50.7488463725834,51.087012587986514,408800
2013-05-17,51.425174713134766,51.43322797149954,50.958187084776405,51.054804685226735,553800
2013-05-20,51.44931411743164,51.64254925335867,51.36074673370795,51.38490035784455,889700
2013-05-21,51.49763870239258,51.66672027110435,51.30440350141288,51.50569196076065,488300
2013-05-22,50.86154556274414,51.97266133381412,50.6441568187017,51.58618494760853,950400
2013-05-23,50.78911209106445,50.87767644461515,50.201347011072,50.34627496621829,540800
2013-05-24,50.62001037597656,50.65221725991872,50.2335369829232,50.53144298084439,439700
2013-05-28,50.97428512573242,51.41711907488294,50.789100131411935,51.2238808230515,619800
2013-05-29,50.61195755004883,50.789092331071274,50.33820519365838,50.748832192535374,538300
2013-05-30,50.85348892211914,51.07893089260014,50.62804695163813,50.644150388303416,2567400
2013-05-31,50.14497375488281,51.02259145102361,50.13692356893704,50.70858198503687,541600
2013-06-03,50.26576614379883,50.33017686881138,49.710210970962784,50.249662694690976,780600
2013-06-04,50.032249450683594,50.4992400618553,49.73434344749125,50.25769149943266,542400
2013-06-05,49.299564361572266,49.92758331158661,49.21905021413068,49.91953312540959,3390600
2013-06-06,49.75850296020508,49.75850296020508,49.017762957325004,49.29151536521936,668700
2013-06-07,50.46703338623047,50.4992402708758,49.91952863293009,50.104713612514395,689600
2013-06-10,50.44288635253906,50.66027517376902,50.27380172175647,50.59586446747591,672200
2013-06-11,49.88732147216797,50.36236226809587,49.766550262542765,50.11276659201993,453100
2013-06-12,49.396183013916016,50.28185401188871,49.36397919709829,50.2254934931853,471100
2013-06-13,50.28183364868164,50.37845120284234,49.33175233042083,49.39616300938907,548600
2013-06-14,50.01614761352539,50.48313823968357,49.88732314276066,50.25769311228205,460600
2013-06-17,50.434814453125,50.603895949994474,50.144958703396284,50.3543003321634,482400
2013-06-18,50.829349517822266,50.89376021108008,50.40261600539268,50.40261600539268,504100
2013-06-19,50.0886116027832,50.82935461372411,50.080561417100405,50.77299409969158,721800
2013-06-20,48.816471099853516,49.605521380055606,48.65543974092258,49.5169539790727,1235200
2013-06-21,48.905391693115234,49.24489871729146,48.36379627351292,49.12364753021033,1458100
2013-06-24,48.29914093017578,48.70331784172537,47.83837949769926,48.44464486502364,1200200
2013-06-25,48.85688400268555,49.00238787810316,48.44462507808489,48.82455220652241,658800
2013-06-26,49.29339599609375,49.430817694400105,49.04280530131385,49.34998049433052,618600
2013-06-27,49.762237548828125,49.899656149822384,49.608648425806805,49.61673368682033,1529800
2013-06-28,49.52781295776367,49.87540516483748,49.36614166179063,49.673316815777056,676200
2013-07-01,49.964332580566406,50.2391729029076,49.83499613967784,49.83499613967784,651900
2013-07-02,49.83499526977539,50.15025264621173,49.600572011124385,49.89966194727888,470100
2013-07-03,49.794578552246094,49.92391499977306,49.50357385802852,49.632910305555484,204100
2013-07-05,50.36042785644531,50.36042785644531,49.77033010793424,50.16642472238305,574100
2013-07-08,50.58676528930664,50.740351349603756,50.5220955268927,50.66759940870007,998500
2013-07-09,51.015201568603516,51.07178607988005,50.748443372335934,50.966699237384525,1151900
2013-07-10,51.08793640136719,51.18493794767027,50.85351317114648,50.982849594091775,1308500
2013-07-11,51.831642150878906,51.85589177544028,51.5487165019559,51.758887109945405,1237600
2013-07-12,51.96096420288086,51.98521382215243,51.73462620001548,51.83970993927497,579500
2013-07-15,52.082218170166016,52.13071740843322,51.912464668982786,52.049883288905214,1150200
2013-07-16,51.82353591918945,52.171128120848884,51.64569718802693,52.16304286018326,709700
2013-07-17,51.944801330566406,52.09838431275904,51.86396720826794,51.96096568812682,566400
2013-07-18,52.32473373413086,52.41364696049768,52.082225175679305,52.12264532450418,1350000
2013-07-19,52.421730041503906,52.44597966288983,52.17922766039606,52.24389126167567,659600
2013-07-22,52.5349006652832,52.623820057926565,52.39748202837937,52.542985928409536,674500
2013-07-23,52.413639068603516,52.67231811453538,52.37322509311259,52.64806232854334,461700
2013-07-24,52.04179763793945,52.59956354283691,51.93671390006299,52.58339918595128,653700
2013-07-25,52.31663131713867,52.32471657770239,51.912454630408305,51.96903911986068,783900
2013-07-26,52.30047607421875,52.30856133714436,51.83971476343671,52.09030857614175,352600
2013-07-29,52.11454391479492,52.300461740389764,51.96095479754508,52.19537802015124,305900
2013-07-30,52.219635009765625,52.34088926854773,52.07413113267666,52.268140413627144,360600
2013-07-31,52.31663131713867,52.70463748274162,52.251961567122585,52.35704528546363,1309100
2013-08-01,53.08457946777344,53.15733449879189,52.75315769851846,52.78549258261016,690100
2013-08-02,53.1654167175293,53.19775160352048,52.898664700787634,53.03608334081348,909600
2013-08-05,53.12500762939453,53.1977565041397,53.01183860162463,53.09267274042464,591300
2013-08-06,52.7935791015625,53.0603373073918,52.64807518631465,53.00375279408705,675200
2013-08-07,52.52682113647461,52.68040413111649,52.34089708959395,52.68040413111649,608800
2013-08-08,52.83400344848633,52.94717248407994,52.51874596829699,52.769333666075724,545200
2013-08-09,52.76932907104492,52.97141749804325,52.59957553243624,52.71274455817536,512700
2013-08-12,52.728919982910156,52.80166886310602,52.54299589921527,52.55916026128659,531300
2013-08-13,52.7935791015625,52.91483339214395,52.494492174344266,52.83399925417279,548400
2013-08-14,52.51874542236328,52.817832370216,52.51066015783353,52.7612478530074,475600
2013-08-15,51.71846389770508,52.122643788673415,51.6295445067095,52.122643788673415,1486300
2013-08-16,51.56486129760742,51.815448864343026,51.45977449795712,51.60527834866575,467400
2013-08-19,51.144535064697266,51.6052963918331,51.13644980148469,51.492127375852284,722300
2013-08-20,51.55678939819336,51.72654599042817,51.176865319439585,51.176865319439585,624600
2013-08-21,51.20111083984375,51.621455030096165,51.05560696307853,51.41936665499157,893300
2013-08-22,51.734619140625,51.839702865545405,51.25769049707742,51.25769049707742,548500
2013-08-23,51.9124755859375,51.96097483440388,51.62146776064065,51.81547092175545,360500
2013-08-26,51.74271774291992,52.12264493695301,51.68613015171074,51.99330539547418,644900
2013-08-27,50.7726936340332,51.29003947428352,50.74035874811145,51.20112007981091,1032400
2013-08-28,50.91010284423828,51.08794160024435,50.64334779385305,50.796933848097645,571000
2013-08-29,51.055599212646484,51.26576973405607,50.70800701354248,50.70800701354248,580900
2013-08-30,50.78886032104492,51.144534810016985,50.683773485175564,51.144534810016985,305600
2013-09-03,51.08793640136719,51.54869760083626,50.837345732825376,51.35469142460654,623100
2013-09-04,51.56486129760742,51.64569539972407,51.007095508683236,51.112182308333544,863400
2013-09-05,51.702293395996094,51.81546240197598,51.57295694864421,51.58912439001622,569500
2013-09-06,51.750789642333984,52.04988266497516,51.281946204168406,51.90437878466971,970200
2013-09-09,52.357051849365234,52.381307634097276,51.89629061541775,51.91246113857244,804500
2013-09-10,52.80973815917969,52.80973815917969,52.5753148929057,52.6965691571506,1507800
2013-09-11,52.963340759277344,52.97142602448852,52.63191889262305,52.769337564961404,1047700
2013-09-12,52.73698806762695,53.02799586214119,52.70465318298664,53.003746240473106,597500
2013-09-13,52.9067497253418,52.9067497253418,52.65616203989154,52.801665959531924,393300
2013-09-16,53.278594970703125,53.61810204229108,53.19775466744472,53.56959662688619,3880500
2013-09-17,53.52918243408203,53.53726769782624,53.367507995443994,53.39176378667662,611600
2013-09-18,54.183937072753906,54.27285645598228,53.32708428955117,53.545337032862925,1502400
2013-09-19,54.054603576660156,54.37794005967909,53.98184855090723,54.34561134517567,1077900
2013-09-20,53.5980110168457,54.17381597645455,53.54935388286659,54.165704391682596,492900
2013-09-23,53.3222770690918,53.51691178525771,53.11953076844886,53.50880638810677,519900
2013-09-24,53.3222770690918,53.60612065252669,53.11953076844886,53.3222770690918,693000
2013-09-25,53.184425354003906,53.46015742701852,53.14387360805342,53.37906012244527,611800
2013-09-26,53.36282730102539,53.516910277792086,53.16008100609342,53.27361843626925,471600
2013-09-27,53.03843688964844,53.16819131297796,52.96544499932283,53.135751160313966,483800
2013-09-30,52.87623596191406,52.989773402221786,52.4545263532463,52.641055683652674,1101600
2013-10-01,53.30607223510742,53.34661779208008,52.90868494041398,52.96545367003769,1044800
2013-10-02,53.28983688354492,53.28983688354492,52.82757556587538,53.030321866385286,551200
2013-10-03,52.81135940551758,53.20874042824529,52.49507566678974,53.16818869258228,1106100
2013-10-04,53.22495651245117,53.31416537954434,52.74647821379334,52.86001564694354,1055600
2013-10-07,52.75458526611328,53.07086897233494,52.68970497065101,52.75458526611328,482700
2013-10-08,52.05714416503906,52.83568924741877,52.04092099545176,52.74648037666759,3717700
2013-10-09,52.06526184082031,52.284231370603194,51.732761033784364,52.21123946489964,939300
2013-10-10,53.24117660522461,53.265505169876,52.52750570971349,52.66537788828086,900700
2013-10-11,53.589908599853516,53.614237168196134,53.0870955005752,53.1519758077066,1015100
2013-10-14,53.760215759277344,53.79265591344266,53.17630535895517,53.281731219497374,697100
2013-10-15,53.2817497253418,53.74401125492864,53.18443541637335,53.61425678052773,1024600
2013-10-16,54.03593826293945,54.03593826293945,53.52501984638844,53.67099742073525,1105600
2013-10-17,54.49821472167969,54.530654879156955,53.8169899766392,53.881870291593735,1514400
2013-10-18,54.74962615966797,54.838835048773475,54.506328064411576,54.75773155880295,1525600
2013-10-21,54.773956298828125,54.86316519048593,54.61175550157406,54.85505360379128,986400
2013-10-22,55.155120849609375,55.292986887807835,54.87938258588464,54.96859147820784,1695400
2013-10-23,54.84694290161133,54.99292052783029,54.62797955594682,54.95237496835872,1254500
2013-10-24,55.00102233886719,55.02535090769159,54.74150729252901,54.928036632394,562000
2013-10-25,55.27676010131836,55.27676010131836,54.95236474923212,55.0659021943633,482900
2013-10-28,55.28487014770508,55.357862047041884,55.13078713768689,55.32542189037299,724700
2013-10-29,55.64981460571289,55.64981460571289,55.365964795280135,55.43084510551201,515400
2013-10-30,55.24430465698242,55.7308944567712,55.04966378720692,55.70656589488051,668200
2013-10-31,55.138877868652344,55.463273161720366,54.99290029613802,55.13077247213669,541600
2013-11-01,55.3091926574707,55.43084168481666,54.96046874565312,55.317304242580846,476400
2013-11-04,55.601158142089844,55.617381315313665,55.36597162896597,55.3821948021898,499600
2013-11-05,55.39030075073242,55.51194360089083,55.12267410572979,55.438957890795784,575300
2013-11-06,55.4957275390625,55.698473875799195,55.32542135868293,55.64170514900601,1053100
2013-11-07,54.70906448364258,55.674138915693256,54.63607878071091,55.55248989014735,664100
2013-11-08,55.41462707519531,55.41462707519531,54.65229891268345,54.70906763623262,645600
2013-11-11,55.50383758544922,55.544383139275624,55.33353140979351,55.406517119077236,383500
2013-11-12,55.341636657714844,55.463285693517356,55.163218896848086,55.41462855412715,602200
2013-11-13,55.87688446044922,55.87688446044922,55.04967604797832,55.13888491966296,899900
2013-11-14,56.16885757446289,56.20129773700698,55.812021973806225,55.9417826239826,859900
2013-11-15,56.404029846191406,56.404029846191406,56.15262019689559,56.3067093831743,696200
2013-11-18,56.09585952758789,56.550015566212956,55.957993492347995,56.550015566212956,745000
2013-11-19,55.84443664550781,56.16883193554638,55.739010805858626,56.08773465986812,483700
2013-11-20,55.690364837646484,56.144520860096264,55.52005864947561,55.99854324347445,447100
2013-11-21,56.17694854736328,56.21750028696108,55.79579065684711,55.86066477794612,636500
2013-11-22,56.404029846191406,56.412135244281075,56.07963449012785,56.22561209099011,960400
2013-11-25,56.28237533569336,56.55810733974506,56.20127805140322,56.55810733974506,521200
2013-11-26,56.331024169921875,56.477001735068676,56.24181531414742,56.339135753353716,421300
2013-11-27,56.45269012451172,56.493241866523114,56.314824101396404,56.42024996836803,439200
2013-11-29,56.36347579956055,56.59866226839761,56.31481866370685,56.58243909822869,288100
2013-12-02,56.24184036254883,56.56623578372036,56.168854641132455,56.38781799270962,527700
2013-12-03,56.04719543457031,56.209390022118455,55.820120537072164,56.103964158944855,518800
2013-12-04,55.9579963684082,56.23372845305974,55.495734906771,55.803907152086474,388700
2013-12-05,55.76335144042969,55.97420316536927,55.6984711309128,55.85256031918369,427600
2013-12-06,56.395912170410156,56.42835232124588,56.15261413280528,56.35536043503397,326800
2013-12-09,56.45269012451172,56.63110788963843,56.38780981222435,56.614884717903024,439700
2013-12-10,56.32289505004883,56.58240995313895,56.29046110107049,56.33911821186135,407000
2013-12-11,55.593040466308594,56.36347396645916,55.52004857757543,56.36347396645916,734900
2013-12-12,55.47951126098633,55.682257600304666,55.33353364918404,55.560608559248216,600700
2013-12-13,55.536277770996094,55.73902410221898,55.43084571887091,55.584934910544945,563200
2013-12-16,55.9417610168457,56.071515429576934,55.820112001123576,55.820112001123576,359600
2013-12-17,55.87688446044922,55.99853348432157,55.65791498001371,55.957981747255324,518000
2013-12-18,56.70409393310547,56.712205519020756,55.4308471868005,55.95798889940525,832500
2013-12-19,56.614891052246094,56.70409994479056,56.387816121161194,56.55812231947487,659400
2013-12-20,57.069854736328125,57.1593829537807,56.66291055135296,56.73615752410026,1123300
2013-12-23,57.3465576171875,57.37911388793452,57.20005750356276,57.305866935859015,666600
2013-12-24,57.52560806274414,57.558164330130126,57.35469231607252,57.395382993200194,283800
2013-12-26,57.72095489501953,57.76165179250465,57.61515165482288,57.70467986171034,3008100
2013-12-27,57.737239837646484,57.84304308462308,57.68026790320137,57.84304308462308,469500
2013-12-30,57.84303665161133,57.8511772726196,57.7209521743851,57.78606472350235,562400
2013-12-31,57.989532470703125,58.070920046311066,57.83489173041624,57.97325743937113,608100
2014-01-02,57.46050262451172,57.85117167191923,57.28144623651134,57.818615400512456,1288800
2014-01-03,57.41168212890625,57.66398551795828,57.36285081734134,57.574457307105945,538200
2014-01-06,57.23261642456055,57.696532437608994,57.18378512091566,57.52561666537788,593200
2014-01-07,57.574466705322266,57.68027617695149,57.370994594621195,57.427966537238454,662800
2014-01-08,57.663978576660156,57.729091123892125,57.41167521797912,57.62328789174588,747700
2014-01-09,57.729095458984375,57.883736217904286,57.44423580529619,57.851179941843526,739000
2014-01-10,57.98140335083008,57.997684594865426,57.680268640403646,57.7860718887325,520300
2014-01-13,57.15122985839844,57.989533702974704,57.06170166048504,57.90000550506131,916400
2014-01-14,57.81049346923828,57.83490912831798,57.24890847250165,57.36285856400003,579100
2014-01-15,58.0220947265625,58.103482310563805,57.85931334908525,57.94070714256119,828900
2014-01-16,57.96513366699219,57.96513366699219,57.737245905262974,57.948852421453935,856400
2014-01-17,57.76980209350586,57.997689854866806,57.67213324886155,57.93257729177059,1078800
2014-01-21,57.948814392089844,58.14415195350233,57.6313986166342,58.11159569326691,1065000
2014-01-22,58.087215423583984,58.15232177423063,57.90815898798582,58.03024348584598,988400
2014-01-23,57.517478942871094,57.89186677845084,57.248894340343995,57.89186677845084,992200
2014-01-24,56.190860748291016,57.134968145140576,56.174579501574364,57.134968145140576,1371400
2014-01-27,55.92226791381836,56.426880927406636,55.60485195333592,56.17457131587483,5040000
2014-01-28,56.42686080932617,56.500107754333875,56.11757937180975,56.12571999107942,962200
2014-01-29,55.914119720458984,56.32106384130505,55.80017586338005,56.0362041986077,1038000
2014-01-30,56.54082489013672,56.69546566427633,56.23968396404256,56.37804349381203,721900
2014-01-31,56.272216796875,56.614048272516,55.840857142927156,55.922244702440814,1048500
2014-02-03,54.88862991333008,56.27223756409977,54.81537673610283,56.15015307503772,2004800
2014-02-04,55.34440231323242,55.47462741687024,54.90490190266684,55.18162714315986,1671200
2014-02-05,55.24675369262695,55.36069759524895,54.71773109165778,55.19792236563951,1172300
2014-02-06,56.044349670410156,56.05249029218452,55.31998956936754,55.42579281453415,674000
2014-02-07,56.736141204833984,56.77683809541587,56.12572510294791,56.32105651689882,873100
2014-02-10,56.833824157714844,56.85823981434951,56.54896448118509,56.744295943737605,676900
2014-02-11,57.41168212890625,57.52562599554104,56.85009720800976,56.89079410729719,945100
2014-02-12,57.484928131103516,57.72909710377858,57.38726550961342,57.56632192831181,1573100
2014-02-13,57.84303665161133,57.88373354717823,57.037289037077315,57.13495165127874,837300
2014-02-14,58.136024475097656,58.19299639101763,57.69652417679795,57.8104680086379,696300
2014-02-18,58.34764862060547,58.39647992689233,58.06278277533383,58.26625483082823,944500
2014-02-19,58.087215423583984,58.624378520902965,58.01396224107769,58.241849992029714,680600
2014-02-20,58.50228500366211,58.591813207658504,57.95698136802923,58.12789715489291,468400
2014-02-21,58.53485107421875,58.754604415157075,58.47787913573022,58.624379293197244,635700
2014-02-24,58.84410858154297,59.26732763597001,58.64877097844767,58.64877097844767,1212700
2014-02-25,58.7952766418457,59.031304944157846,58.59180460979802,58.8929454526391,757800
2014-02-26,58.86853790283203,59.12898189131215,58.738312803854726,58.779009699653756,995300
2014-02-27,59.112701416015625,59.13712327949654,58.746454186971334,58.81156673730463,550000
2014-02-28,59.27549743652344,59.52780086955613,58.90924390751755,59.13713788998784,848300
2014-03-03,58.86040496826172,59.01504574112293,58.49415769614077,58.81157365450567,1003300
2014-03-04,59.73938751220703,59.82891569956074,59.4626623305301,59.52777486850978,852400
2014-03-05,59.70683288574219,59.82891734544426,59.64172034597128,59.78007983587929,1105600
2014-03-06,59.861473083496094,59.99983257217487,59.79636054430367,59.90216376338623,699500
2014-03-07,59.861473083496094,60.12191703079229,59.62544478602868,60.097495171489996,757400
2014-03-10,59.72311782836914,59.84520230833393,59.43011756024349,59.78823037894698,506100
2014-03-11,59.41384506225586,59.934733070153264,59.275485543480734,59.837064240119425,717400
2014-03-12,59.43825912475586,59.44639974607593,58.95806802794125,59.12084319749458,508900
2014-03-13,58.762725830078125,59.64172658044857,58.59181005241846,59.64172658044857,890300
2014-03-14,58.73018264770508,59.0394579659737,58.59995753929202,58.656929471854,613600
2014-03-17,59.218505859375,59.34872473956498,58.94178064857596,59.07200573823999,703000
2014-03-18,59.674285888671875,59.7231171963512,59.29989804102317,59.34872934870249,804200
2014-03-19,59.34872817993164,59.81264422217275,58.99062158154469,59.81264422217275,667000
2014-03-20,59.60105514526367,59.66616150339409,59.09644206052657,59.2022453257802,1068400
2014-03-21,59.51279067993164,60.08471857666901,59.463770604074774,59.91314207769138,699800
2014-03-24,59.08794403076172,59.79876640097154,58.875513282168065,59.66803786845867,704700
2014-03-25,59.28403091430664,59.537315889040165,59.006242131444814,59.38207731421764,415000
2014-03-26,58.82647705078125,59.6353393648557,58.81830496137263,59.52912713645492,565500
2014-03-27,58.71209716796875,58.9408658208683,58.49149437161684,58.74477929459415,894300
2014-03-28,59.096107482910156,59.35755827623381,58.84282254656512,58.89184885582985,361200
2014-03-31,59.6353645324707,59.71706676060383,59.406595800305766,59.48013216906189,662200
2014-04-01,60.133731842041016,60.1419039315845,59.790578882949774,59.88045316749432,1161500
2014-04-02,60.370670318603516,60.45237251055635,60.06019949579167,60.23994805817451,2711600
2014-04-03,60.29714584350586,60.50140445919053,60.092887227821194,60.485060279187934,528300
2014-04-04,59.61083221435547,60.70566160940416,59.49644789101162,60.61578732199426,794200
2014-04-07,58.81833267211914,59.55366522838251,58.66310030108853,59.488300949274496,699500
2014-04-08,59.1369743347168,59.235020751047415,58.59773462859994,58.818331273493065,607600
2014-04-09,59.7088737487793,59.7088737487793,59.112435911023105,59.30035656040529,727000
2014-04-10,58.45882034301758,59.74973010176414,58.377111907108834,59.70888211728825,881200
2014-04-11,57.79703140258789,58.45883373083471,57.70715708928869,58.13201861279035,1317500
2014-04-14,58.31175994873047,58.434310148379865,57.83787839848904,58.14834929339939,682100
2014-04-15,58.679412841796875,58.71209496719722,57.805186246141346,58.42613416179177,1692800
2014-04-16,59.28403091430664,59.28403091430664,58.826493515014434,59.10428229787626,805300
2014-04-17,59.390254974365234,59.52097728635692,59.12880411690174,59.28403647279935,637400
2014-04-21,59.545494079589844,59.553666172978154,59.2677052391958,59.41477175278113,1466900
2014-04-22,59.81509780883789,59.97850845660681,59.56999118740277,59.61083917423587,868600
2014-04-23,59.7661018371582,59.92950631735544,59.6925654576325,59.806949840466835,585400
2014-04-24,59.84777069091797,60.05202929395865,59.57814783886959,60.03569134844566,703200
2014-04-25,59.30037307739258,59.65986406452628,59.1696445486317,59.651698206588236,709800
2014-04-28,59.28403091430664,59.635356055471604,58.703937073495574,59.496461664040694,639800
2014-04-29,59.545494079589844,59.61085835973463,59.31672533256396,59.512811939517455,435200
2014-04-30,59.864112854003906,59.864112854003906,59.39023759900705,59.431085582406304,575800
2014-05-01,59.88862991333008,60.052034316036774,59.619007038733464,59.86411364279351,1007800
2014-05-02,59.84777069091797,60.22360577249547,59.7905785314057,59.88862490491726,822800
2014-05-05,59.92948532104492,59.96216745233045,59.36573569843733,59.60267024166884,686000
2014-05-06,59.422950744628906,59.872316197459575,59.422950744628906,59.831468192737645,359200
2014-05-07,59.78241729736328,59.806927336822305,59.16964137697175,59.61901287865048,475100
2014-05-08,59.700714111328125,60.23178781367512,59.496455474539204,59.67620407227008,958400
2014-05-09,59.79059982299805,59.79059982299805,59.40659251517909,59.725235550713954,375800
2014-05-12,60.452388763427734,60.47689880425544,60.011189328090936,60.04387146035433,2469700
2014-05-13,60.42788314819336,60.65665185731224,60.38703515498202,60.52592955216423,1860400
2014-05-14,60.07657241821289,60.419725564289976,60.011208133203546,60.40338760977829,850800
2014-05-15,59.56182098388672,60.00302039662414,59.15330370173863,60.00302039662414,861000
2014-05-16,59.80695724487305,59.80695724487305,59.3412475618242,59.57002258929774,641300
2014-05-19,60.02752685546875,60.06020898410855,59.61083750715969,59.72522184065964,791900
2014-05-20,59.504634857177734,59.95400017309197,59.36574046317586,59.95400017309197,613500
2014-05-21,59.937644958496094,59.953982904004604,59.63533998202677,59.717042176525055,562900
2014-05-22,60.117401123046875,60.272633442165755,59.872288275101134,59.98667260854817,438300
2014-05-23,60.42788314819336,60.43605524022755,60.125578077726374,60.190942347040284,608200
2014-05-27,60.779205322265625,60.811887455319294,60.623966748630565,60.68115892310461,822200
2014-05-28,60.71384811401367,60.89359674996451,60.60763584435192,60.87725879827818,1270700
2014-05-29,61.07334899902344,61.073348999023445,60.69751375320097,60.89360035243865,608100
2014-05-30,61.1550178527832,61.17136202999656,60.94258718334994,61.032461457591815,1143200
2014-06-02,61.26125717163086,61.29393307023356,60.934442084290026,61.244912988850196,392500
2014-06-03,61.24490737915039,61.2775895082389,61.048820838098074,61.13052304407998,411700
2014-06-04,61.432823181152344,61.4655053076437,61.081498113218075,61.11418023970943,469500
2014-06-05,61.849525451660156,61.898551773342184,61.236749415216444,61.57173664054283,468700
2014-06-06,62.17632293701172,62.225349244778656,61.94755427902742,62.004746443523494,598200
2014-06-09,62.26620864868164,62.45412935705024,62.11914216536522,62.19267852376321,434800
2014-06-10,62.15182113647461,62.18450326815759,61.98841671153894,62.18450326815759,772700
2014-06-11,61.93124008178711,61.988432268215526,61.78417356904536,61.93124008178711,675500
2014-06-12,61.57172393798828,61.92304904240842,61.400147431198754,61.857684782637484,619900
2014-06-13,61.784149169921875,61.82499715353619,61.44098995338728,61.62073853502961,480400
2014-06-16,61.89036178588867,61.98023607725932,61.66976521928332,61.73512324016148,399700
2014-06-17,62.17632293701172,62.2171771545711,61.75963360512409,61.82499785982772,389900
2014-06-18,62.64204025268555,62.65838443516436,62.05377435303229,62.200840827945605,486200
2014-06-19,62.73191452026367,62.756424560488774,62.486807884533455,62.7237424290289,420100
2014-06-20,62.92053985595703,62.92053985595703,62.77293506147772,62.92053985595703,388800
2014-06-23,62.86311340332031,62.98611213635016,62.78110590624222,62.93691264313822,600600
2014-06-24,62.412113189697266,63.05993379361868,62.412113189697266,62.7811219959446,700100
2014-06-25,62.7072868347168,62.756486312368985,62.28087050742559,62.32187424299686,476400
2014-06-26,62.715518951416016,62.77292045500713,62.28090041703223,62.77292045500713,1057100
2014-06-27,62.8795051574707,62.8795051574707,62.56789796966391,62.56789796966391,314700
2014-06-30,62.90411376953125,62.96151526633229,62.772913029540554,62.83851027138894,770800
2014-07-01,63.23210906982422,63.437115257638126,63.03530488128473,63.03530488128473,623100
2014-07-02,63.191131591796875,63.305934604181076,63.117332336533444,63.289536855109745,452200
2014-07-03,63.55194854736328,63.55194854736328,63.32234250845748,63.41254577464123,482400
2014-07-07,63.141937255859375,63.45354456407647,63.10093349538284,63.45354456407647,505600
2014-07-08,62.81391906738281,63.1173305953395,62.62531680493808,63.05992909073092,670800
2014-07-09,63.06814956665039,63.10094507349456,62.83853722466489,62.95334026750933,417000
2014-07-10,62.772911071777344,62.92871155463882,62.35469660453081,62.403896098456144,1011200
2014-07-11,62.789310455322266,62.83850995053082,62.55150246799111,62.69910720991066,358500
2014-07-14,63.01071548461914,63.14192248240891,62.96971799003034,63.109120732961465,561600
2014-07-15,62.85493469238281,63.18294603335433,62.60072261857451,63.04353699044166,436000
2014-07-16,63.06814956665039,63.158346594916786,62.83853722466489,63.11734908321326,574600
2014-07-17,62.305484771728516,63.04350205962771,62.22347728970195,62.84669786660743,938000
2014-07-18,62.91233444213867,62.96153395219998,62.453122331444334,62.49411983773016,768200
2014-07-21,62.78111267089844,62.83851417126192,62.50230717093133,62.723711170534955,449500
2014-07-22,63.05992126464844,63.18292626105689,62.98611576428576,63.027119515186584,1181600
2014-07-23,63.08453369140625,63.14193520042756,62.91232916434234,63.10913344437321,299700
2014-07-24,63.215721130371094,63.28132462864738,63.068122643690344,63.16652163481084,438600
2014-07-25,62.92872619628906,63.11733472737601,62.8385229322425,63.05173121601575,385000
2014-07-28,62.93695068359375,63.02715397986556,62.60893926590511,62.986150206542945,391100
2014-07-29,62.64169692993164,63.166512326214146,62.64169692993164,63.076309093450625,633600
2014-07-30,62.633487701416016,62.98609859162689,62.39567977487451,62.86309988504706,366500
2014-07-31,61.43627166748047,62.289098420581624,61.42807592198979,62.22349491889055,963100
2014-08-01,61.30509567260742,61.67410457009378,60.952484529017354,61.33789743669682,1060200
2014-08-04,61.73147201538086,61.813473252188594,61.10825135431406,61.3378635761864,614600
2014-08-05,61.165645599365234,61.73146470200424,61.00164314517927,61.469057021531135,638000
2014-08-06,61.173866271972656,61.43627403254439,60.86225901138576,60.919660513501626,519200
2014-08-07,60.8294563293457,61.49367459457422,60.698249322918414,61.46907484494271,701300
2014-08-08,61.641273498535156,61.665873245832,60.83765255746684,60.919653800554286,790700
2014-08-11,61.82170104980469,62.10870862654136,61.805303298118,61.88730456914334,761300
2014-08-12,61.69048309326172,61.93648683785217,61.52647434057388,61.78068008687227,475500
2014-08-13,62.10049819946289,62.12509794932598,61.77248693660123,61.870885936053604,429100
2014-08-14,62.39569854736328,62.39569854736328,62.09229330479355,62.16609255094483,655600
2014-08-15,62.371097564697266,62.68271105906665,61.95288933219214,62.63350530631177,878800
2014-08-18,62.92053985595703,62.9287356038809,62.68273178394613,62.731931296673864,802900
2014-08-19,63.25672912597656,63.273133129793464,63.03532512480325,63.05172287232579,2802800
2014-08-20,63.478153228759766,63.52735273835273,63.141939896419224,63.16653965121571,597100
2014-08-21,63.584739685058594,63.658538932541425,63.4125351846377,63.52733818491829,947800
2014-08-22,63.478153228759766,63.617556010136994,63.32234643998774,63.551952493149216,380000
2014-08-25,63.789764404296875,63.879967681531376,63.666759366586554,63.84716592105555,595600
2014-08-26,63.847137451171875,64.00294417988272,63.80613370478692,63.85533945170753,742900
2014-08-27,63.81434631347656,63.929149314886686,63.69954331206644,63.896347563584605,389100
2014-08-28,63.789764404296875,63.83076191266958,63.47815706422068,63.56835408515907,330200
2014-08-29,64.01932525634766,64.03572299685628,63.72411587685911,63.929122042821064,312800
2014-09-02,63.97014617919922,64.1505526637857,63.77333569258105,64.13414866175401,749900
2014-09-03,64.01932525634766,64.26533515801869,63.953721781729826,64.21612942390946,563100
2014-09-04,63.93733596801758,64.35555037635487,63.773327250879014,64.11774242872359,537100
2014-09-05,64.224365234375,64.23256723709325,63.69134767099896,63.879956195748626,650600
2014-09-08,64.03573608398438,64.24894429192032,63.822534132341396,64.13414131602242,2283100
2014-09-09,63.5765266418457,64.068540308499,63.453521661109086,64.0029430742269,909200
2014-09-10,63.70772171020508,63.73232145049383,63.32230909556918,63.64211823190704,472500
2014-09-11,63.822540283203125,63.83073602777643,63.43712757427638,63.469929321450316,461600
2014-09-12,63.36332702636719,63.756941766893604,63.166522784251015,63.756941766893604,455800
2014-09-15,63.22391891479492,63.363321647113644,63.07631418166523,63.363321647113644,421000
2014-09-16,63.658538818359375,63.78974582204146,63.10092156529909,63.16652506714013,665100
2014-09-17,63.7159423828125,64.01935389643724,63.42073287125722,63.78974788884857,813500
2014-09-18,63.95375442504883,63.97835417651382,63.79795391367229,63.92915467358384,673700
2014-09-19,63.812232971191406,64.23188335163721,63.664119225778705,64.14959933260087,648600
2014-09-22,63.21977996826172,63.79577439741242,63.12103537560655,63.697036082625694,696800
2014-09-23,62.77541732788086,63.24444299690628,62.75895676244626,63.02226930860323,3144900
2014-09-24,63.269126892089844,63.29381146211206,62.610842394788385,62.816555515461815,507300
2014-09-25,62.33106231689453,63.112769498171666,62.28991719035788,63.112769498171666,1218500
2014-09-26,62.76718521118164,62.89061433686952,62.34752869498929,62.41335839907164,1244800
2014-09-29,62.65198516845703,62.76718400946253,62.15827495302403,62.289928080802035,730300
2014-09-30,62.3640022277832,62.83302798063249,62.273487935315146,62.76719826286165,856400
2014-10-01,61.53291320800781,62.37222633175331,61.40126006337854,62.31462690387798,1395700
2014-10-02,61.5987548828125,61.80446806201562,60.86641646707882,61.48355600468819,1386900
2014-10-03,62.2076416015625,62.3475250060614,61.812675956169635,62.0348433469699,2087100
2014-10-06,62.108924865722656,62.58617466290561,61.90321168970431,62.47920607140852,752800
2014-10-07,61.10502243041992,61.91964456792981,61.09679214842244,61.829130299554734,929900
2014-10-08,62.12538528442383,62.191215013930204,60.77590721888569,61.18733361149777,1814200
2014-10-09,60.74296951293945,62.05953221865701,60.72651522568444,61.969017944088975,1127100
2014-10-10,60.002403259277344,61.02274488726487,60.002403259277344,60.759426058468286,1737700
2014-10-13,58.98207473754883,60.24103821361805,58.94092959631936,60.00241020579483,2663300
2014-10-14,59.30298614501953,59.961270730773094,59.09727299670493,59.25361699834149,1894200
2014-10-15,59.07258605957031,59.26183863284123,57.607909506638244,58.628244923647074,3965000
2014-10-16,59.2618522644043,59.640370053747404,57.813635945161856,58.0358034252936,1943400
2014-10-17,59.920127868652344,60.282185032372105,59.582761557077646,60.02709644981168,1400200
2014-10-20,60.55371856689453,60.57017913415932,59.82961055391893,59.88720998361168,1203700
2014-10-21,61.81268310546875,61.87850653540359,60.85817117594925,60.92400088375056,2040600
2014-10-22,61.294288635253906,62.11714123819466,61.26960406162443,61.96080351258558,2232800
2014-10-23,62.02662658691406,62.43805288597844,61.804459147680824,61.88674315192028,1120200
2014-10-24,62.470977783203125,62.52035321597581,61.84561422818496,62.0595514180168,1127000
2014-10-27,62.3640022277832,62.45451652025126,61.96080619270476,62.31463307838878,1009200
2014-10-28,63.153968811035156,63.153968811035156,62.4709993028719,62.62734338441706,883600
2014-10-29,63.022300720214844,63.40081857947623,62.569735391056156,63.2444745192539,827000
2014-10-30,63.474853515625,63.655882104786016,62.816568878288145,62.865944306702325,1260500
2014-10-31,64.2483139038086,64.3388281658186,63.8944871371873,64.2976830365903,1369200
2014-11-03,64.2647705078125,64.55276758920719,64.13311738968873,64.39642990380182,1193000
2014-11-04,63.943878173828125,64.16605190318164,63.66411128841106,64.12490675985914,998200
2014-11-05,64.43757629394531,64.4704911467927,64.14957917886345,64.40466144109791,1153900
2014-11-06,64.72560119628906,64.75028577466114,64.20719993900208,64.48697314224509,1113700
2014-11-07,64.80789184570312,64.89017587464926,64.5445791863541,64.73383182514331,826700
2014-11-10,64.9724349975586,65.02180414042769,64.77495214821563,64.84900586251928,797900
2014-11-11,64.98892211914062,65.07943015876127,64.85726264720303,65.03006099571925,835600
2014-11-12,64.99713134765625,65.06296106865564,64.75027931071013,64.78319417120981,594700
2014-11-13,64.87370300292969,65.14524589705303,64.6103903935013,65.07119216840184,666000
2014-11-14,64.90660858154297,64.99712286663963,64.72558628921655,64.89838457589192,987900
2014-11-17,64.99713134765625,65.04650677733966,64.7338187415264,64.75027931071013,1217700
2014-11-18,65.40855407714844,65.50729865319774,65.02181233495627,65.05472719363937,1043500
2014-11-19,65.26868438720703,65.40856785768085,65.0053717401339,65.33451411844248,1293100
2014-11-20,65.49906921386719,65.55666864783868,64.9642137396362,64.99712859874383,849900
2014-11-21,65.89404296875,66.21495500610855,65.68832980234745,66.16558585508957,1177300
2014-11-24,66.12444305419922,66.14912763058356,65.97632931802534,66.09152819306415,754700
2014-11-25,66.07508087158203,66.30547864596393,65.91050654854602,66.21496433776126,1117600
2014-11-26,66.11619567871094,66.19025566658763,65.96808198082378,66.12442596133418,568100
2014-11-28,65.95985412597656,66.15733695234358,65.86110957386012,66.09150725093262,300200
2014-12-01,65.44148254394531,65.75417062752243,65.28513850215676,65.68011061061833,1250900
2014-12-02,65.79529571533203,65.84466486434495,65.37563911512015,65.42501454200044,1224900
2014-12-03,66.19025421142578,66.25607763736592,65.76236741455145,65.86111197026078,726700
2014-12-04,66.05038452148438,66.25609769976937,65.79530218932874,66.10798396028946,1254500
2014-12-05,66.17381286621094,66.28078773543258,66.00101455193125,66.14912828958069,850600
2014-12-08,65.68010711669922,66.2231929522103,65.47439392649684,66.05861863332738,1190600
2014-12-09,65.74590301513672,65.78704186528846,64.98065009022494,65.05470378721715,1508000
2014-12-10,64.6679916381836,65.59781922080168,64.57748361548047,65.58958893587668,1757700
2014-12-11,64.99713134765625,65.56490170500749,64.8325633230255,64.8325633230255,1587400
2014-12-12,63.98501968383789,64.84078713783879,63.94387454285178,64.5692442742115,1211900
2014-12-15,63.66412353515625,64.4787460511332,63.34321144468446,64.32240200987357,1518900
2014-12-16,63.269126892089844,64.5363204687821,63.21975775204542,63.31027202737102,1379000
2014-12-17,64.56924438476562,64.69267353006819,63.39256491823309,63.48307920626383,1772300
2014-12-18,65.99278259277344,65.99278259277344,65.12879104329562,65.47438766308674,1909600
2014-12-19,66.3026351928711,66.57531704232161,66.04648295476888,66.28611188572239,2656100
2014-12-22,66.57533264160156,66.57533264160156,66.21175675714467,66.4513857442457,1052300
2014-12-23,66.79843139648438,66.94716641109737,66.74885515968039,66.8314843224207,1439800
2014-12-24,66.80668640136719,66.95542139415606,66.76537497815923,66.84800412877524,491500
2014-12-26,66.97196197509766,67.12069699224553,66.94716755207207,66.98848528624693,1068300
2014-12-29,67.15373229980469,67.24462625631372,66.8975800428429,66.90584484912556,825500
2014-12-30,66.75711822509766,67.06285305387942,66.75711822509766,67.00500570684967,1109600
2014-12-31,66.14563751220703,66.95541189929104,66.1043197906582,66.95541189929104,1279600
2015-01-02,66.12911987304688,66.55880155982157,65.65812676144405,66.41832506364504,2049100
2015-01-05,64.81529235839844,65.77380178796096,64.64176926263798,65.74901367488084,3922400
2015-01-06,64.11293029785156,65.05492274534019,63.77414890452128,64.87313483975818,2766800
2015-01-07,64.88139343261719,64.98055219149202,64.41040036031134,64.67481741311111,1216800
2015-01-08,66.02169036865234,66.07953139605317,65.40196237327238,65.43501528952987,1951500
2015-01-09,65.4845962524414,66.17043012998593,65.23670251466399,66.16216532427345,1569300
2015-01-12,64.8318099975586,65.49285570816572,64.61696919598141,65.49285570816572,1517300
2015-01-13,64.66657257080078,65.74076431661273,64.145996856997,65.30282407142622,1828000
2015-01-14,64.32779693603516,64.36084986887694,63.50149252759745,63.90637992255527,2031000
2015-01-15,63.73284912109375,64.74920619560945,63.68327287986913,64.5756830471217,1685600
2015-01-16,64.60873413085938,64.68309849057255,63.57585377350046,63.699794373022414,994700
2015-01-20,64.64177703857422,64.90619411690233,64.04683703628585,64.80703534845414,1499800
2015-01-21,65.08798217773438,65.22019388208341,64.33604859790266,64.47651880562272,1388000
2015-01-22,65.99688720703125,66.05472822124153,64.86484872411826,65.38541785201083,1203000
2015-01-23,65.64160919189453,65.98865545095721,65.60029145925336,65.93081440778009,1144600
2015-01-26,65.96388244628906,65.97214095134872,65.27804827419716,65.61683610771328,711200
2015-01-27,65.43501281738281,65.79032377347825,64.99707272586497,65.29453635254588,1114700
2015-01-28,64.43521118164062,65.74076716608631,64.38562863748092,65.74076716608631,1307500
2015-01-29,65.0301284790039,65.14581054569837,63.988989878753806,64.53434729257054,862300
2015-01-30,64.21208190917969,65.0962269208424,64.17077049245472,64.61696909659929,910900
2015-02-02,64.90619659423828,65.12103114444187,63.757634275393485,64.48477969249933,4156900
2015-02-03,66.23652648925781,66.23652648925781,65.31106381207621,65.37716963991748,1386700
2015-02-04,65.86470031738281,66.27785237530458,65.69944201589415,65.89775323852056,1110900
2015-02-05,66.64140319824219,66.6496680014755,66.1043044636356,66.16214547787338,1080700
2015-02-06,66.3604736328125,66.86451958785939,66.17868574027764,66.74057272438569,935300
2015-02-09,66.12911987304688,66.41832506364504,65.97212006777916,66.17043760207532,972300
2015-02-10,66.77364349365234,66.84801415329945,66.05476284086957,66.43486203406299,1217800
2015-02-11,66.70753479003906,66.87279309337124,66.38527038140104,66.6496937534528,936700
2015-02-12,67.41815185546875,67.42641666205695,66.95542355373414,67.04631751360348,1408400
2015-02-13,67.6825942993164,67.71564092657808,67.3685946025119,67.44296527435584,1482300
2015-02-17,67.85608673095703,67.90566295359973,67.4511932320443,67.62471631549296,891200
2015-02-18,67.92218780517578,67.93871741589892,67.6081945476291,67.71561180053206,939900
2015-02-19,67.88914489746094,68.03787357689052,67.58341012438972,67.69082738315542,861300
2015-02-20,68.26099395751953,68.26925876511844,67.4346897152585,67.77347117640097,1126900
2015-02-23,68.17835235595703,68.21140527612155,67.95524672089643,68.20314047003045,1098100
2015-02-24,68.30227661132812,68.36837612556755,68.02959483842284,68.19485308031814,817300
2015-02-25,68.29403686523438,68.46755997414986,68.1535666776647,68.29403686523438,866200
2015-02-26,68.01309204101562,68.31056203704172,67.82304561834358,68.2609858057708,901700
2015-02-27,67.88914489746094,68.12876752823061,67.85609197841002,68.01308546365225,960000
2015-03-02,68.21965789794922,68.26924042602231,67.84782361049766,67.98002897556067,1068200
2015-03-03,67.96349334716797,68.1122282960227,67.67428825333882,68.08744018857996,1283200
2015-03-04,67.6412124633789,67.74862966069797,67.26111356802366,67.74862966069797,641700
2015-03-05,67.76520538330078,67.81478161515905,67.55862934495752,67.78172869252008,1991100
2015-03-06,66.74886322021484,67.51732650448078,66.60839299617312,67.40990921036683,974600
2015-03-09,66.91411590576172,67.02153318066969,66.72406316870844,66.72406316870844,915900
2015-03-10,65.8977279663086,66.41829709013629,65.8977279663086,66.35219757741048,1138800
2015-03-11,65.8977279663086,66.07951581074934,65.76551633246162,65.97209228219926,872300
2015-03-12,66.74056243896484,66.76535685119799,66.03820539312024,66.0712583052327,686800
2015-03-13,66.27786254882812,66.6001206991371,65.8481871164832,66.54227965431757,1013200
2015-03-16,67.18675994873047,67.20328955507824,66.53397919034262,66.53397919034262,971300
2015-03-17,66.93891143798828,67.09590496421411,66.64144139307432,66.91412331827901,943300
2015-03-18,67.88914489746094,68.15356194566859,66.63315919032482,66.79015897976676,1358000
2015-03-19,67.49250030517578,67.76518209508704,67.3189772491045,67.76518209508704,1179400
2015-03-20,68.15288543701172,68.33540178165062,67.81274018937356,67.9205942090936,1439600
2015-03-23,68.11143493652344,68.45987194613672,68.11143493652344,68.15291824553353,772900
2015-03-24,67.70491027832031,68.14460540798024,67.68831442656169,68.03675768940082,865500
2015-03-25,66.80065155029297,67.91233984918132,66.80065155029297,67.82937954734554,1101600
2015-03-26,66.62640380859375,66.95825119992031,66.31115226803792,66.56003939389846,902200
2015-03-27,66.91675567626953,66.94164311606193,66.56002093717001,66.56831253079362,717200
2015-03-30,67.70491027832031,67.81275799689973,67.21543392284744,67.2652151486604,697700
2015-03-31,67.24034118652344,67.72151338316024,67.18226835264672,67.37307637989989,1010200
2015-04-01,67.06610870361328,67.1905522847121,66.64300938912614,67.1905522847121,1286800
2015-04-02,67.3647689819336,67.55558331182546,66.94166967865459,67.01633202765795,952400
2015-04-06,67.88739776611328,68.05331823627724,67.01629947410196,67.03289531879447,826900
2015-04-07,67.6385498046875,68.08654292827808,67.6302518775477,67.89572858084614,745900
2015-04-08,67.86251831054688,67.99525343639834,67.50578356122091,67.68000197422275,825500
2015-04-09,68.12800598144531,68.19437039044323,67.59705273269003,67.79615861860776,899600
2015-04-10,68.3105239868164,68.32711983809838,68.09482855585263,68.19437834569354,4363000
2015-04-13,67.97036743164062,68.41836035859167,67.96206950814307,68.26902938294133,791900
2015-04-14,68.15288543701172,68.17777287865134,67.6965945754145,67.93718372703292,809300
2015-04-15,68.57599639892578,68.75850642864988,68.32710930377023,68.38518211537829,994300
2015-04-16,68.4432601928711,68.66725353217528,68.23585637410481,68.4432601928711,984300
2015-04-17,67.67173767089844,68.10313495606442,67.4145588852878,68.10313495606442,1636000
2015-04-20,68.20267486572266,68.35200587686913,68.0201584821589,68.03675433309884,768300
2015-04-21,68.11972045898438,68.50964070659965,67.986978957897,68.4266804331516,1272200
2015-04-22,68.35202026367188,68.40179516804318,67.82936477938148,68.24417252771276,1023200
2015-04-23,68.56770324707031,68.78340498925446,68.16119353751964,68.16119353751964,965500
2015-04-24,68.4847412109375,68.61747635921343,68.34370180847542,68.61747635921343,833600
2015-04-27,68.11143493652344,68.733646594889,68.04506417389301,68.66727583225857,1128300
2015-04-28,68.30223846435547,68.30223846435547,67.63854360223823,68.06164923507455,929900
2015-04-29,68.0201416015625,68.26902866819437,67.7795524583413,68.0201416015625,1103800
2015-04-30,67.51412200927734,67.99530062452712,67.23205571517838,67.88745286433611,1257800
2015-05-01,68.20267486572266,68.27734353602719,67.67172156597134,67.67172156597134,3225000
2015-05-04,68.4432601928711,68.57600167502338,68.26904174464289,68.40177689733294,734500
2015-05-05,67.60536193847656,68.55112305477536,67.56388496323125,68.36031504382689,2376800
2015-05-06,67.3730697631836,67.93720852092375,66.99974534342088,67.84595031529935,860500
2015-05-07,67.53067016601562,67.68829273042232,67.13245213446734,67.22371030150006,990400
2015-05-08,68.36030578613281,68.45156398056297,68.02845838179249,68.02845838179249,821400
2015-05-11,68.08650970458984,68.45154236705176,68.06992018786922,68.28561555254144,756800
2015-05-12,67.88739776611328,68.0782056738558,67.505775621168,67.83761656149592,796200
2015-05-13,67.88739776611328,68.26901991105855,67.8044375310313,68.09480151854834,536900
2015-05-14,68.4432601928711,68.47644556340916,68.1114128169526,68.3105187107188,571600
2015-05-15,68.59259796142578,68.59259796142578,68.3105254487601,68.55111466179578,647800
2015-05-18,68.84978485107422,68.89956608241879,68.48475835484122,68.52623532992081,973100
2015-05-19,68.7004165649414,68.84974751907701,68.55938353310782,68.84145592623517,1444500
2015-05-20,68.7004165649414,68.98248895806876,68.55938353310782,68.75848936213524,566700
2015-05-21,68.88294982910156,68.97420800849956,68.63406906393934,68.6755460267355,693400
2015-05-22,68.7668228149414,68.93274336994888,68.70874998774245,68.74193536463663,608700
2015-05-26,67.97864532470703,68.55937320919739,67.86249974780895,68.50959834180085,834700
2015-05-27,68.5345230102539,68.63407912859498,67.99527177913279,68.1363048663523,628000
2015-05-28,68.41006469726562,68.49302494660111,68.14458810171529,68.45154798666402,637900
2015-05-29,68.00357055664062,68.44326567492917,67.92890188458371,68.35200748100557,771000
2015-06-01,68.11143493652344,68.33543467803504,67.80448123592025,68.23587853408941,1100300
2015-06-02,68.11972045898438,68.385197131696,67.7795751095453,67.9372040597208,1045400
2015-06-03,68.24417877197266,68.45987426362677,68.08654978775544,68.26906622643547,567500
2015-06-04,67.63025665283203,68.11973311721898,67.53070683798096,67.97869999320375,739300
2015-06-05,67.62191009521484,67.78783053809187,67.25687752553438,67.5887247407476,951400
2015-06-08,67.19053649902344,67.68001278182471,67.17394697919073,67.57215874979526,671500
2015-06-09,67.14907836914062,67.3813696887249,67.01633685539889,67.24862817498317,985800
2015-06-10,67.91227722167969,68.05331023768888,67.38132418420787,67.43939697488574,741400
2015-06-11,68.0533218383789,68.22754024011061,67.96206367612032,68.0533218383789,746000
2015-06-12,67.63025665283203,67.87084592116267,67.55559429169374,67.82936894146282,616500
2015-06-15,67.31497955322266,67.44772102875079,66.93335730527218,67.19883392686651,899900
2015-06-16,67.67173767089844,67.68832719632385,67.21544660339816,67.21544660339816,585100
2015-06-17,67.829345703125,68.02015366919494,67.41453807145379,67.829345703125,1072500
2015-06-18,68.4432601928711,68.65896193663744,68.02015463033845,68.02015463033845,943400
2015-06-19,68.10846710205078,68.44992860057512,68.10846710205078,68.35831728896879,1934900
2015-06-22,68.51657104492188,68.70812376145209,68.41663602234625,68.61651242145366,778100
2015-06-23,68.46659088134766,68.64981352748589,68.34999580725152,68.62482977645885,1587500
2015-06-24,67.94189453125,68.48323228713622,67.93356449852624,68.39994466780506,785800
2015-06-25,67.6753921508789,68.14177233036538,67.65040840611404,68.14177233036538,831500
2015-06-26,67.7503662109375,67.8752913308037,67.52550607834276,67.84197754190902,814900
2015-06-29,66.29290008544922,67.42554312950024,66.24293259507898,67.15070922455695,4279600
2015-06-30,66.45948028564453,66.86756301900078,66.25127390173456,66.84257926956433,1691100
2015-07-01,66.87589263916016,67.05910891854403,66.62604243843421,67.05910891854403,1991300
2015-07-02,66.85091400146484,67.1757218596979,66.67602137254282,67.01748294850175,1302100
2015-07-06,66.55109405517578,66.90920294890023,66.25127634298128,66.37619509476664,1007900
2015-07-07,67.1007308959961,67.15902840999625,65.80152552459116,66.64267446174308,1584000
2015-07-08,65.9097900390625,66.72596158305063,65.80152504355438,66.60103652426284,1006800
2015-07-09,66.0680160522461,66.81755990559739,66.05135599219874,66.55937980647288,856700
2015-07-10,66.78426361083984,66.90085864586894,66.46778592665845,66.72596609332531,555800
2015-07-13,67.45884704589844,67.49216081925961,67.20067324479007,67.30893824274945,512800
2015-07-14,67.65875244140625,67.76702383990056,67.38392481235259,67.51717360917326,630900
2015-07-15,67.4255599975586,67.73370775782348,67.25066738355585,67.73370775782348,914000
2015-07-16,67.84196472167969,67.85862478995652,67.65874209436059,67.70871594523675,520600
2015-07-17,67.50049591064453,67.75866973110453,67.37557083966442,67.75866973110453,690800
2015-07-20,67.36726379394531,67.54215641141228,67.3006362194945,67.54215641141228,543800
2015-07-21,67.11741638183594,67.48386170272997,66.98416758130068,67.3256227952611,493500
2015-07-22,67.13406372070312,67.25898881585644,66.95917112907019,66.95917112907019,1236000
2015-07-23,66.81761169433594,67.29232211040329,66.68435652647894,67.23402456295489,736100
2015-07-24,66.07635498046875,66.79258523300118,65.95975994902884,66.79258523300118,994400
2015-07-27,65.67662048339844,65.94312439348101,65.51005792232972,65.82652932994203,989000
2015-07-28,66.50111389160156,66.57607148951644,65.61832090830917,65.95145237402745,899800
2015-07-29,67.05909729003906,67.10907113389118,66.45946834939473,66.53441958424273,795000
2015-07-30,67.0924301147461,67.13407393745283,66.64270351612541,66.8009424176647,491700
2015-07-31,67.1007308959961,67.40887852939835,67.02577967254696,67.30060717914628,528500
2015-08-03,66.84258270263672,67.1174103145077,66.54276498609119,67.1174103145077,1686600
2015-08-04,66.7676010131836,67.09240236329163,66.61769220898353,66.87587236585469,825300
2015-08-05,67.00080871582031,67.46719531499457,66.87588997438947,67.1174037771253,539500
2015-08-06,66.55109405517578,67.0008142695127,66.21796255785358,66.9924905886969,535200
2015-08-07,66.43447875976562,66.51776638217314,66.17630492137215,66.45113882582852,870100
2015-08-10,67.37557983398438,67.400563580725,66.8592257701805,66.8592257701805,702100
2015-08-11,66.81761169433594,67.01748809216532,66.54277767609797,66.85091913234406,728900
2015-08-12,66.93418884277344,67.02580015762318,65.86816684760865,66.334553456104,915000
2015-08-13,66.8259048461914,67.05077125072663,66.65101228374914,66.92584617642409,374600
2015-08-14,67.0924301147461,67.10909018541089,66.71766112620648,66.71766112620648,436400
2015-08-17,67.43389129638672,67.46720508357654,66.6760169342173,66.8342558348802,730800
2015-08-18,67.29229736328125,67.50050372102166,67.20068605755917,67.37557863558666,256400
2015-08-19,66.77594757080078,67.25898787653867,66.43448607241407,66.96750022788794,854700
2015-08-20,65.39344787597656,66.40949588470662,65.36846413050839,66.31788458202088,5048100
2015-08-21,63.611202239990234,65.06032302166714,63.586218494436075,64.86877038249597,3150300
2015-08-24,61.07107925415039,62.93660610061861,59.45539617909294,59.45539617909294,6327800
2015-08-25,60.18830108642578,62.93662800618881,60.18830108642578,62.88666050530561,4330600
2015-08-26,62.162105560302734,62.245386853912265,60.4464867669158,61.87061785569166,2139700
2015-08-27,63.7611083984375,63.90269354057408,62.586827928868615,62.969926837222104,1520300
2015-08-28,63.90272903442383,64.07762169707767,63.486316117450784,63.486316117450784,834800
2015-08-31,63.43631362915039,63.91935391987824,63.19479348378647,63.63619631397474,2712000
2015-09-01,61.62905502319336,62.561821386642436,61.29592372525076,61.97884002675513,3138200
2015-09-02,62.61182403564453,62.628477750620526,61.704040897565534,62.32866004941595,1539700
2015-09-03,62.878326416015625,63.56957311878314,62.66179000289297,62.8616727014467,1290100
2015-09-04,61.92055892944336,62.34530160568689,61.64572505928856,62.25369031563529,1090300
2015-09-08,63.48630142211914,63.536268927323604,62.720097003236766,62.928303413529235,980000
2015-09-09,62.6784553527832,64.11924005768905,62.570183960121575,64.04428880488175,1243200
2015-09-10,62.903316497802734,63.353043083894384,62.470249981911735,62.620158843942285,1056600
2015-09-11,63.14485168457031,63.14485168457031,62.428620990718215,62.72843878600312,687200
2015-09-14,62.878326416015625,63.16981407563011,62.736747603339225,63.16981407563011,792100
2015-09-15,63.627864837646484,63.75278992434076,62.911634451483366,63.111510777821906,595400
2015-09-16,64.27745819091797,64.3440857411963,63.636185492859575,63.66949291404582,809700
2015-09-17,64.16087341308594,65.16026141123352,64.04427835843386,64.2025108732023,1668900
2015-09-18,63.03351593017578,63.794564720599624,62.91643150087981,63.30949701030324,866900
2015-09-21,63.301124572753906,63.80291578597527,63.050225775832494,63.42656759059315,639400
2015-09-22,62.34772491455078,62.64043594998648,61.97137668560029,62.45644433324917,672900
2015-09-23,62.08844757080078,62.5233379120765,61.91282098780811,62.34771132908383,631700
2015-09-24,61.85429763793945,62.03828927063997,61.10997249155832,61.670306005238935,919100
2015-09-25,61.8961067199707,62.456440147483505,61.54484712036689,62.33099074624083,902400
2015-09-28,60.181678771972656,61.56997516475181,60.08131792096602,61.56997516475181,1080500
2015-09-29,60.231807708740234,60.70015159059259,59.888919575515025,60.18999550648443,1706300
2015-09-30,61.51976013183594,61.51976013183594,60.61653845653635,60.90924948004185,1129700
2015-10-01,61.385948181152344,61.678659185910355,60.70852399228796,61.553209789407966,826000
2015-10-02,62.40626525878906,62.40626525878906,60.49108971178983,60.76707712865747,899900
2015-10-05,63.68583297729492,63.76109878988355,62.782604942501685,62.782604942501685,943000
2015-10-06,63.50185775756836,63.844746071093766,63.25932388672197,63.61057719734505,563700
2015-10-07,64.1541976928711,64.29637076376285,63.460049574106414,63.88657516740601,770400
2015-10-08,64.92361450195312,65.07415257791514,63.95348519735035,64.02875104501906,1014100
2015-10-09,64.90689086914062,65.12433617450509,64.68944556377616,65.00725171329913,1683900
2015-10-12,64.80653381347656,64.90689466350202,64.63090711140075,64.90689466350202,536900
2015-10-13,64.27963256835938,64.98213914563756,64.21272535701206,64.49707781492671,933300
2015-10-14,64.05381774902344,64.54725042167898,63.95346331979495,64.31308157931598,692500
2015-10-15,64.89015197753906,64.89851697522857,63.96184141396286,64.17928030890027,583300
2015-10-16,64.98216247558594,65.00725747431795,64.5723668250485,64.98216247558594,545400
2015-10-19,64.89015197753906,64.94033558305239,64.58908224757774,64.79816252544937,522800
2015-10-20,64.98216247558594,65.23306141790486,64.7396349134695,64.7396349134695,460800
2015-10-21,64.47200012207031,65.23305549892423,64.4301878892278,65.11597103796586,548800
2015-10-22,65.46720123291016,65.60937425934245,64.78141832707061,64.81487192987038,805800
2015-10-23,65.7264633178711,65.81010052108489,65.31666782073916,65.81010052108489,1290600
2015-10-26,65.48394775390625,65.71811665199064,65.38358692017412,65.65120942950254,652700
2015-10-27,65.16612243652344,65.25811824518247,64.83159280327443,65.24975324968018,903500
2015-10-28,65.93551635742188,65.95224634341038,65.08247210999212,65.23301008078798,832200
2015-10-29,65.85193634033203,65.98575080892874,65.63449739979995,65.76830548777161,639400
2015-10-30,65.81845092773438,66.22825275437675,65.72645512017155,65.9522653316883,754100
2015-11-02,66.67988586425781,66.75515170253809,65.86865335502137,65.99410279944561,2163900
2015-11-03,66.78857421875,67.04783160406845,66.48749824455142,66.51258684563116,1200500
2015-11-04,66.56275177001953,66.98091205920609,66.34531301368867,66.93073486630199,879100
2015-11-05,66.46243286132812,66.69660172737093,66.10281456544152,66.55442868450538,657000
2015-11-06,66.34532928466797,66.52095588352383,65.84353809070535,66.52095588352383,541400
2015-11-09,65.7097396850586,66.21989599751393,65.34175640902582,66.20317238525006,579400
2015-11-10,65.92716979980469,65.92716979980469,65.45046720188962,65.51736801621603,917800
2015-11-11,65.53410339355469,66.02752964046611,65.49228479811867,66.02752964046611,409000
2015-11-12,64.53888702392578,65.29157716489087,64.51379841599737,65.1326741405142,754200
2015-11-13,63.84475326538086,64.48035912333809,63.80294103642745,64.3549096752299,666100
2015-11-16,64.83997344970703,64.86506206164768,63.769483469415306,63.77784846693672,702800
2015-11-17,64.69778442382812,65.29157148879591,64.5723350144694,64.96540685283645,1070200
2015-11-18,65.7264633178711,65.80173552463896,64.91523732005315,64.95704954103728,553400
2015-11-19,65.65956115722656,65.85191140722462,65.53411173557156,65.6930147617094,594200
2015-11-20,65.89373779296875,66.12790667139178,65.72646975079272,65.9188264041393,808000
2015-11-23,65.89373779296875,66.1948138882622,65.73483474805737,65.9355500180452,586500
2015-11-24,66.11116790771484,66.22825232009578,65.41702004815512,65.60101166207427,579400
2015-11-25,66.15299224853516,66.25335306923785,65.94391199087188,66.10281502849536,337900
2015-11-27,66.13626861572266,66.23662305577238,65.9439119712555,66.0944500119532,219100
2015-11-30,66.01917266845703,66.2533414952325,65.93553547550408,66.14461569664248,557600
2015-12-01,66.62970733642578,66.64643733329015,66.16136951421207,66.2031881257487,2974300
2015-12-02,65.75154113769531,66.59622052010549,65.66790395632147,66.54604331577806,844200
2015-12-03,64.81488800048828,65.93555525934565,64.54726549235639,65.88537803301588,895200
2015-12-04,65.8435287475586,65.96897174278307,64.89011731951038,64.94030089822049,921900
2015-12-07,65.3166732788086,65.6930215828512,65.05741579292521,65.64283798060488,575200
2015-12-08,64.85669708251953,65.23303898595857,64.52216740133875,64.7145176610972,949800
2015-12-09,64.40509033203125,65.49230394436725,64.08728422730141,64.63089422378125,1287900
2015-12-10,64.4970703125,64.97377297180859,64.32144368860969,64.43852810453657,676800
2015-12-11,63.24261474609375,63.9702101445184,63.13388890081212,63.69422898337011,1077500
2015-12-14,63.3345947265625,63.56876359523556,62.55681590954236,63.1924153014769,1528900
2015-12-15,63.99526596069336,64.29634196456362,63.78618575692909,63.82800434993053,1073900
2015-12-16,64.91522216796875,65.00721796553265,64.13744357623297,64.34652377421978,1718300
2015-12-17,63.819637298583984,65.0323062697107,63.819637298583984,64.98212268360189,1176600
2015-12-18,62.84268569946289,63.5903124036689,62.81748580746658,63.56511251167258,1695500
2015-12-21,63.338314056396484,63.45591783795892,62.909896618461666,63.153506282819684,820200
2015-12-22,64.03556823730469,64.19516977493474,63.31314103878506,63.615552722301565,1079100
2015-12-23,65.14439392089844,65.14439392089844,64.37156068069132,64.37156068069132,894600
2015-12-24,65.02678680419922,65.2451901960926,64.91757869932619,65.00158049689489,576100
2015-12-28,64.72437286376953,64.77477265870178,64.32115527753321,64.74957276123565,796700
2015-12-29,65.40479278564453,65.48879457639075,65.12758110814879,65.14438531165352,937700
2015-12-30,64.87559509277344,65.37961239655965,64.8251888761454,65.27880637223132,740700
2015-12-31,64.37995147705078,64.95957470318015,64.37995147705078,64.72436713574376,1114300
2016-01-04,63.665924072265625,63.68272186542814,62.86789110515251,63.33831262973165,3957900
2016-01-05,63.81713104248047,63.90953492891934,63.371915812688876,63.78352904660039,1367300
2016-01-06,62.64950942993164,63.09472480545052,62.22109185338833,62.842712958324455,2094600
2016-01-07,61.229835510253906,62.195872070217256,61.05342983722284,61.49864507043345,2613100
2016-01-08,60.48221969604492,61.717066040267426,60.41501569157359,61.52385612964402,2007800
2016-01-11,60.28901290893555,60.91064036911129,59.650594060161936,60.709028345251994,3731800
2016-01-12,60.57463455200195,61.028252050808625,59.75140137070219,60.742638184629115,2219200
2016-01-13,59.054176330566406,60.96944580568924,58.87776419723855,60.76783377015092,2761200
2016-01-14,59.8605842590332,60.246997578282226,58.53333433057454,59.213757087412496,2812000
2016-01-15,58.718135833740234,58.89454147748634,57.8697031966452,58.29812056512825,2788600
2016-01-19,58.541748046875,59.4069787387075,57.96212474853324,59.22217093871875,2835900
2016-01-20,57.92010498046875,58.48293033064965,56.23164815669987,57.72690153922535,3984000
2016-01-21,58.44935989379883,59.121380864258676,57.668130789054814,58.13854610926951,1671100
2016-01-22,59.60020065307617,59.84381042754331,59.079385501875265,59.29778896124995,1068100
2016-01-25,58.46613693237305,59.45737344006207,58.415737139941236,59.37337164970045,1235700
2016-01-26,59.541358947753906,59.616965024651556,58.676128566683225,58.776934532905415,775400
2016-01-27,59.087764739990234,60.19661157378636,58.72655764034193,59.373378551129804,1400100
2016-01-28,59.12977600097656,59.70099728346393,58.69296274209908,59.56659566878136,1169800
2016-01-29,60.80143737792969,60.80143737792969,59.41539144841946,59.4489870463003,1000400
2016-02-01,60.77620315551758,61.08701673628652,60.104182625614925,60.33939013152705,3406400
2016-02-02,59.516178131103516,60.21340520082937,59.33137033826764,60.21340520082937,1211800
2016-02-03,60.095794677734375,60.263798247540414,58.62574101069271,59.902584804424585,2214400
2016-02-04,60.44020080566406,60.935822206239045,59.961383606559444,59.961383606559444,1521100
2016-02-05,59.415367126464844,60.25539772602002,59.230559369134724,60.238593525031,1297900
2016-02-08,58.163719177246094,58.68454047640717,57.374094741071374,58.68454047640717,2050200
2016-02-09,57.987300872802734,58.449320183352185,57.46648609610014,57.48328388515479,2052100
2016-02-10,58.02091598510742,58.91974851256925,57.970516197618494,58.272927740402395,1236800
2016-02-11,57.19768524169922,57.5588986861416,56.57606434042351,57.046485873673724,2591000
2016-02-12,58.44094467163086,58.44934677444252,57.432910237737296,57.718517644067376,1333900
2016-02-16,59.60857009887695,59.60857009887695,58.751741714106764,59.02055124745867,1481000
2016-02-17,60.70903015136719,60.868638072772455,60.01180937712379,60.01180937712379,880600
2016-02-18,60.58301544189453,60.78462101223625,60.32260157090572,60.78462101223625,1129400
2016-02-19,60.398223876953125,60.423423778894104,59.86060460578821,60.23021384913456,819400
2016-02-22,61.456668853759766,61.47346665323494,60.98624715239498,60.98624715239498,693700
2016-02-23,60.7258186340332,61.38104153908888,60.683814536457646,61.22143365901233,590500
2016-02-24,61.0870246887207,61.17942856506177,59.801778929153635,60.1965943264428,1093400
2016-02-25,61.76744079589844,61.77584289528242,60.927410307372305,61.19621980734371,943200
2016-02-26,61.87665939331055,62.237866412291744,61.75065351679903,62.086667051188044,976400
2016-02-29,61.40625762939453,62.221088629430874,61.40625762939453,61.826273080223395,1034700
2016-03-01,62.82590866088867,62.82590866088867,61.67506407781207,61.91867379578858,2011700
2016-03-02,63.27949905395508,63.296296844015416,62.498270433205356,62.64947617944479,2157300
2016-03-03,63.85913848876953,63.89274048978424,63.11991369322516,63.18711769525457,1749800
2016-03-04,64.18672943115234,64.5479363702306,63.67431034656998,63.91791353596608,1689000
2016-03-07,64.49755859375,64.66556858554777,63.85073774987474,63.875937646412936,1198900
2016-03-08,63.43913650512695,64.12796164928024,63.38033459314781,64.12796164928024,1358800
2016-03-09,63.775146484375,63.943156515249115,63.422335032930405,63.674346874777896,871500
2016-03-10,63.86752700805664,64.27914021732467,63.13670447042718,63.90112900192495,1391200
2016-03-11,65.06880187988281,65.1108059943506,64.37997670153631,64.41357871132493,1308300
2016-03-14,64.97638702392578,65.11919073480685,64.70757739976796,64.85038111064902,803700
2016-03-15,64.60678100585938,64.60678100585938,64.30436936254257,64.53957699424957,534900
2016-03-16,65.22000122070312,65.33760503878078,64.43877219551453,64.43877219551453,844500
2016-03-17,65.82479858398438,66.0180020337357,65.06036765873596,65.24517541688063,989600
2016-03-18,66.13047790527344,66.30779327644248,65.94471710443673,65.99538324046742,1183000
2016-03-21,66.14734649658203,66.26556315771953,65.85182094867278,66.05447256035951,811900
2016-03-22,66.09667205810547,66.2824327730257,65.6829363834019,65.82647641148668,1498000
2016-03-23,65.42118835449219,65.96157966583566,65.37052224019759,65.96157966583566,669200
2016-03-24,65.34521484375,65.34521484375,64.75416365711601,65.00746854768424,982300
2016-03-28,65.43810272216797,65.61541809844259,65.15946151288976,65.49720784759283,634300
2016-03-29,66.10513305664062,66.11357848439172,65.08345532586908,65.26921608455007,749100
2016-03-30,66.30778503417969,66.62020147329575,66.11358526979028,66.44288612416757,797300
2016-03-31,66.30778503417969,66.46821596804666,66.19802023004543,66.2571253464215,1901200
2016-04-01,66.56951904296875,66.62863058684496,65.606946559417,65.92780834858289,3030700
2016-04-04,66.13892364501953,66.62865549643497,66.06292766160489,66.5611049427276,641400
2016-04-05,65.39588165283203,65.77584869301191,65.32833753984548,65.716743567914,929700
2016-04-06,66.08824157714844,66.11357786016252,65.28609988166205,65.42120095650859,533600
2016-04-07,65.26078796386719,65.89405993169126,64.98214675195045,65.75051983172528,647200
2016-04-08,65.5478744506836,65.97850123385977,65.37900448652394,65.7251898456441,536100
2016-04-11,65.47187042236328,66.16424742948243,65.44654057753785,65.79272586011004,696900
2016-04-12,66.18115234375,66.29936261753195,65.39589470106887,65.54788025907092,585600
2016-04-13,67.01705932617188,67.02549831362786,66.42600166351995,66.50199764444992,1003400
2016-04-14,66.8819351196289,67.05925042458054,66.72994965224566,67.05925042458054,622500
2016-04-15,66.8650894165039,66.92419455237017,66.64555329386778,66.83975956427217,656700
2016-04-18,67.34635925292969,67.35479824026547,66.50199669714763,66.64553678555657,543100
2016-04-19,67.64187622070312,67.8107461335036,67.34635065231517,67.49833615062529,691200
2016-04-20,67.76854705810547,68.05562726257413,67.45613056326397,67.71788091933547,681100
2016-04-21,67.31258392333984,67.86985985987924,67.24503337285778,67.7685404761312,633600
2016-04-22,67.73474884033203,67.83606819960752,67.38011819892077,67.44766229111326,748000
2016-04-25,67.44767761230469,67.59966312771597,67.16904286902981,67.49834374542509,726200
2016-04-26,67.9205093383789,67.9205093383789,67.50676714961469,67.57431768353213,1199600
2016-04-27,68.3595962524414,68.4862519325586,67.83608911421219,67.86142540381601,895300
2016-04-28,67.54901123046875,68.3680440223543,67.41391011585948,67.84453686620691,933500
2016-04-29,67.13526153564453,67.40545726732798,66.56953378701645,67.36323656720035,831700
2016-05-02,67.5321273803711,67.60811692649644,66.98329037111027,67.31259128827162,734400
2016-05-03,66.77217864990234,67.02548349907254,66.47665310488358,67.02548349907254,1243200
2016-05-04,66.341552734375,66.73840408844916,66.13046213684396,66.43443311264656,1157100
2016-05-05,66.32467651367188,66.75529674760561,66.18957542241648,66.50199186446363,599900
2016-05-06,66.53575897216797,66.59486408184532,65.9615922887421,66.05447266708848,585100
2016-05-09,66.51043701171875,66.68775882090955,66.29934636856086,66.45977731879292,481400
2016-05-10,67.32945251464844,67.3463433692864,66.68774176182367,66.74684686910948,474600
2016-05-11,66.6539535522461,67.32100045750653,66.6539535522461,67.12679431872041,519800
2016-05-12,66.63709259033203,67.10149458140269,66.22335673408966,66.97483890729477,578200
2016-05-13,65.99536895751953,66.71307571653475,65.86871330781709,66.45976441712988,785100
2016-05-16,66.67084503173828,66.8397213533678,66.07979401096742,66.08823299556916,1463200
2016-05-17,66.21488952636719,66.84816124664684,66.02068980631968,66.51041504076974,918100
2016-05-18,66.0544662475586,66.55263691757078,65.64916950489298,66.03757539387873,793300
2016-05-19,65.86031341552734,66.00385357817868,65.34525147473995,65.71677325287601,758000
2016-05-20,66.35000610351562,66.46821633692379,66.00381438998133,66.09669477936983,462200
2016-05-23,66.30778503417969,66.51887565580485,66.24867991780363,66.34156030667666,431500
2016-05-24,67.16059875488281,67.30413884392212,66.54421125198597,66.54421125198597,553400
2016-05-25,67.6841049194336,67.84452942296225,67.36324302842627,67.37168845765673,752600
2016-05-26,67.6334228515625,67.89517956023664,67.5658723175838,67.79385375926857,876700
2016-05-27,68.02185821533203,68.02185821533203,67.68411828312972,67.68411828312972,487100
2016-05-31,68.04718780517578,68.27516934471222,67.79388285699514,68.14851364963378,705800
2016-06-01,68.19070434570312,68.24136402464455,67.62497668230573,67.76007774878074,563400
2016-06-02,68.48624420166016,68.48624420166016,67.93740727775668,68.03028766989303,825200
2016-06-03,68.24983215332031,68.376487834776,67.75165485745472,68.27516200121634,764100
2016-06-06,68.71421813964844,68.8239893878457,68.3427030190625,68.42713798092409,495700
2016-06-07,68.96751403808594,69.15327477780862,68.71420276719623,68.75642345966892,716600
2016-06-08,69.1617431640625,69.24617813506423,68.94220708587774,69.06041733367522,701400
2016-06-09,68.98440551757812,69.05195605566593,68.68887996591135,68.84086545562197,880200
2016-06-10,68.0640640258789,68.49469071972449,67.83608253538277,68.49469071972449,497000
2016-06-13,67.45610046386719,68.22447321293109,67.43921605312826,67.8360609042348,609100
2016-06-14,67.2450180053711,67.56587338387332,66.83972767904972,67.32945295319026,1017000
2016-06-15,67.25349426269531,67.74322620330948,67.19438912792992,67.38014996347161,836700
2016-06-16,67.32945251464844,67.38855762193423,66.40910063805913,66.90727133632889,1107800
2016-06-17,67.44542694091797,67.58930445042265,67.11535196870453,67.29308414934881,602400
2016-06-20,68.00399780273438,68.54565950670343,67.92782965238725,68.20711932744356,579300
2016-06-21,68.04632568359375,68.25791251317139,67.80088418642957,68.11403501876681,670500
2016-06-22,67.9786148071289,68.45256722835919,67.93629485932587,68.17327752705846,794700
2016-06-23,68.96884155273438,68.97730683395847,68.42717978250951,68.56259845362455,697300
2016-06-24,66.11664581298828,67.44541066321398,66.02354710410293,66.62445284328864,2750900
2016-06-27,64.4408950805664,65.58346286001387,64.14467476102354,65.566538751948,2316800
2016-06-28,65.70195007324219,65.7273459206655,64.98255603376118,64.98255603376118,2993300
2016-06-29,66.9630126953125,67.0815008219673,66.21822280534683,66.2351533703653,1657100
2016-06-30,68.00399780273438,68.012463082923,66.85296506752091,67.12379591950544,1035900
2016-07-01,68.21561431884766,68.4441317836532,67.7839752408636,67.9955621379178,1242100
2016-07-05,67.39464569091797,67.93630754694559,67.07303598175116,67.91091815636908,1360600
2016-07-06,67.80087280273438,67.82626218488203,66.8614269205722,67.1491818610676,941700
2016-07-07,67.79240417480469,68.27482178313365,67.49618396918449,67.90243343483233,762500
2016-07-08,69.06192016601562,69.15501886102017,68.31713706309512,68.31713706309512,609100
2016-07-11,69.3327865600586,69.50205993655115,69.138130248491,69.21429842507334,651200
2016-07-12,70.15373229980469,70.28068569549244,69.70516923121019,69.70516923121019,1601300
2016-07-13,70.1114273071289,70.38226471950877,69.80674813244018,70.2976247995804,638500
2016-07-14,70.40763092041016,70.68692060997026,70.31453220485106,70.61075245566764,705700
2016-07-15,70.36532592773438,70.6192327436019,70.20451784721037,70.6192327436019,481000
2016-07-18,70.49225616455078,70.55150020783029,70.20449477068146,70.37376807799178,421800
2016-07-19,70.30604553222656,70.3399001873214,70.09445878072027,70.32296963121637,370200
2016-07-20,70.6530990600586,70.7292672431005,70.17068119610107,70.42458159669367,540200
2016-07-21,70.39070129394531,70.81387493133651,70.24682380694044,70.61075339338157,372900
2016-07-22,70.83924865722656,70.85617921496534,70.3483722537715,70.46686032947953,489400
2016-07-25,70.67847442626953,70.76310787633584,70.45842229040247,70.72925320488565,559100
2016-07-26,70.99163055419922,71.00856112127782,70.55153266694649,70.66155552447982,565000
2016-07-27,70.61922454833984,71.03393293948649,70.30607370605976,71.02546765804168,603300
2016-07-28,70.75462341308594,70.86465267975044,70.34838038005012,70.51764723429561,513400
2016-07-29,70.82232666015625,70.93234946026278,70.3229785058844,70.53456528409266,421500
2016-08-01,70.55996704101562,70.87311136648054,70.39915900980938,70.7884779395202,650800
2016-08-02,69.840576171875,70.55997654068402,69.52743180425067,70.49226720715325,655300
2016-08-03,70.23834228515625,70.26373166439024,69.60358197584354,69.75592470836322,544400
2016-08-04,70.28067779541016,70.44994466588831,70.09448036361385,70.20450318371294,688800
2016-08-05,70.86465454101562,70.9323574102221,70.5345731894691,70.5345731894691,796700
2016-08-08,70.91543579101562,71.17780136831153,70.8392611819548,70.9577492786121,467000
2016-08-09,70.8053970336914,71.06776255191869,70.72075716332019,70.90695454675202,547400
2016-08-10,70.61922454833984,70.92391010917513,70.51766054235549,70.85620077185222,712300
2016-08-11,71.1439437866211,71.21165311253934,70.81386889416557,70.8646541171626,552000
2016-08-12,71.07625579833984,71.20320273961825,70.87312777805825,71.06779051654858,858000
2016-08-15,71.4147720336914,71.56711478290384,71.1016277126722,71.18626113843101,861500
2016-08-16,71.008544921875,71.27091053766449,71.00007964026692,71.24552114995814,581500
2016-08-17,71.0593032836914,71.11854732369284,70.61074034409262,71.00852452286621,606200
2016-08-18,71.440185546875,71.45710965336714,71.06779063286731,71.06779063286731,591400
2016-08-19,71.46556091308594,71.51633967971723,71.1185554554606,71.22858472598415,680400
2016-08-22,71.38092803955078,71.45710265409923,71.14395182916444,71.3047598821198,499300
2016-08-23,71.6940689086914,71.85487693931617,71.64329014412213,71.64329014412213,570400
2016-08-24,71.1947250366211,71.69406675888992,71.0593063923416,71.60943333477341,774600
2016-08-25,71.18626403808594,71.42324022271,71.03392128266808,71.09316532882409,611300
2016-08-26,70.96622467041016,71.71101447793775,70.6446149989619,71.29629962343064,701100
2016-08-29,71.36399841308594,71.50787589295724,71.01699940533061,71.01699940533061,589700
2016-08-30,71.25399017333984,71.4571117427751,71.00854865075969,71.39786768264322,488500
2016-08-31,70.93235778808594,71.15240987125027,70.60228289189784,71.15240987125027,784300
2016-09-01,70.91543579101562,71.10163321636767,70.4245528436542,70.9662145589782,980800
2016-09-02,71.27090454101562,71.44863669712382,71.07624828023317,71.11009648958172,596900
2016-09-06,71.38938903808594,71.44863308712864,71.0170006400105,71.40631959902217,634000
2016-09-07,71.592529296875,71.592529296875,71.27938486592907,71.38940771232646,592800
2016-09-08,71.47403717041016,71.6009905750723,71.28784616163985,71.44864778090141,1255700
2016-09-09,69.54435729980469,71.15241848917239,69.51050263236228,70.95775576565795,1333900
2016-09-12,70.526123046875,70.72077931261661,69.10425930466806,69.21428213064735,1076100
2016-09-13,69.34123229980469,70.11987024085937,69.09579081590581,69.9759927542309,1470200
2016-09-14,69.23965454101562,69.78978145026964,69.00267838493474,69.37507317712812,1055200
2016-09-15,69.93366241455078,70.07754633691316,69.07885644541838,69.18041397047854,869900
2016-09-16,69.62787628173828,69.73830000435824,69.33906630471157,69.72131423189583,797100
2016-09-19,69.7892837524414,70.24797098455646,69.63638584818739,69.9082036245671,1235100
2016-09-20,69.61940002441406,70.13755372111471,69.61940002441406,70.10357568584692,788500
2016-09-21,70.56226348876953,70.63871568183491,69.72132824893255,69.87422615441628,1297700
2016-09-22,71.11439514160156,71.22481888637095,70.79160707425758,70.91053342793228,843800
2016-09-23,70.75764465332031,71.08892241102471,70.72366661654962,70.95301026394195,509100
2016-09-26,70.2139663696289,70.5707258180095,70.17149222930763,70.46879176962479,676900
2016-09-27,70.52827453613281,70.57923833652073,70.0101209633688,70.15452271823195,630100
2016-09-28,71.02094268798828,71.08889873890075,70.23946754443196,70.66418314166636,988000
2016-09-29,70.42634582519531,71.17384296856788,70.21398801939841,70.9360032629787,1090900
2016-09-30,71.00395202636719,71.25028785596182,70.55375452011165,70.68117049826692,798900
2016-10-03,70.70665740966797,70.8850371994711,70.52827761986484,70.79159924091046,830600
2016-10-04,70.2734603881836,70.85107398144737,70.04411028815323,70.80859982050929,1684600
2016-10-05,70.68968963623047,70.8510836931413,70.37539765189041,70.51130980100437,592700
2016-10-06,70.72364807128906,70.78310799988414,70.33291047185772,70.56225405911123,736100
2016-10-07,70.34136199951172,70.91897519883953,70.07804052709434,70.79155928357083,660100
2016-10-10,70.65568542480469,70.96148116638219,70.62170740011324,70.62170740011324,464000
2016-10-11,69.60240173339844,70.4433368929814,69.32208785332197,70.4433368929814,869800
2016-10-12,69.6958236694336,69.89118919137238,69.43249562415599,69.61937150124173,772000
2016-10-13,69.44100952148438,69.6533673487672,68.7614618819207,69.21166591950342,632900
2016-10-14,69.39006042480469,70.03562369051387,69.39006042480469,69.80628003992076,941600
2016-10-17,69.15219116210938,69.52593645116323,69.10122088764892,69.40701661183084,560600
2016-10-18,69.62787628173828,69.82324182796171,69.44949650797726,69.77227802992877,525100
2016-10-19,69.96768188476562,70.07810565761683,69.55145574267152,69.75532398883345,578100
2016-10-20,69.83175659179688,70.05261057662587,69.5599387953333,69.81477081480116,610300
2016-10-21,69.7892837524414,69.86572946424492,69.32209391148554,69.47499181573954,470000
2016-10-24,70.0101318359375,70.29894187116199,69.88271583453395,70.12056206145584,404600
2016-10-25,69.61089324951172,69.89970326479514,69.54294367001556,69.88271100943615,766200
2016-10-26,69.576904296875,69.74678792409244,69.28809435383137,69.35605039697634,535100
2016-10-27,69.16919708251953,69.82325638937861,69.12672292153707,69.78078870904325,447700
2016-10-28,69.16069793701172,69.65336966806791,68.90587242417516,69.15220828970325,729400
2016-10-31,69.2711181640625,69.46648371431853,69.18616985805984,69.3560599894193,605400
2016-11-01,68.7020034790039,69.44101106743327,68.23482013696885,69.44101106743327,1802400
2016-11-02,68.20934295654297,68.75297852567702,68.05644504768357,68.58308835991814,848400
2016-11-03,67.98849487304688,68.46417441709825,67.86957498703403,68.33675840189942,731800
2016-11-04,67.99699401855469,68.51514775087337,67.90355603530719,68.039461705073,891800
2016-11-07,69.46649169921875,69.48348395463083,68.90587040290602,69.11822823103063,1131500
2016-11-08,69.72979736328125,69.94215514277325,69.13519817296172,69.38153397484984,931800
2016-11-09,70.55374908447266,70.81707714721165,68.70198892246513,69.15219287468169,2302300
2016-11-10,71.0719223022461,71.49663799399703,70.5367828636729,70.96149855542383,3215400
2016-11-11,71.0719223022461,71.13138223986535,70.5622647682744,70.89354248938837,1771600
2016-11-14,71.66654205322266,71.74298778184789,71.2503159285462,71.34375391729819,2660400
2016-11-15,72.19315338134766,72.19315338134766,71.64102182427781,71.8363938450178,1617300
2016-11-16,71.87886810302734,72.03176597320329,71.70048833459634,72.02326984690309,1455800
2016-11-17,72.2611083984375,72.29508642245686,71.87886696934915,71.98079456076181,1636100
2016-11-18,72.09121704101562,72.3205605777864,72.02326100025216,72.3205605777864,1209900
2016-11-21,72.66034698486328,72.67733275769689,72.3035874295447,72.3545512286914,2311700
2016-11-22,72.88121795654297,72.93218176760593,72.54144409461263,72.8472399222852,1528700
2016-11-23,73.05961608886719,73.0850980007859,72.65188605622063,72.76231631540044,1265400
2016-11-25,73.32290649414062,73.32290649414062,73.09356290420457,73.21248276278567,670000
2016-11-28,72.83023071289062,73.25494632128502,72.78776304043872,73.20398252208437,1302800
2016-11-29,72.88121795654297,73.06808742398964,72.66036397419114,72.87272182781668,1262100
2016-11-30,72.898193359375,73.2804348492461,72.88969723185778,73.2124852710477,2193000
2016-12-01,72.67733764648438,73.18700159481833,72.51595011144852,73.09356363633353,2467800
2016-12-02,72.69432830810547,72.932168022438,72.57540845093921,72.6858321809804,1186200
2016-12-05,73.23798370361328,73.39088163020185,73.03412196171116,73.03412196171116,1661300
2016-12-06,73.61170959472656,73.62019924051077,73.11054182569588,73.37386341921035,1447600
2016-12-07,74.66500854492188,74.69898657276951,73.59472334998283,73.63719750495392,1608200
2016-12-08,74.97081756591797,75.20016119361807,74.54610186372368,74.70748942371733,1743600
2016-12-09,75.18317413330078,75.18317413330078,74.88587444297048,75.08124003348159,1869700
2016-12-12,74.79243469238281,75.24263228140848,74.64802643424584,75.16618008820102,1359700
2016-12-13,75.10671997070312,75.28509978022828,74.81791641641867,75.07274193832018,1563300
2016-12-14,74.3252182006836,75.20862728611766,74.14683845467933,75.00476564506202,2074700
2016-12-15,74.58857727050781,74.9368472930873,74.18934343219395,74.32525558168291,1707200
2016-12-16,74.38179779052734,74.79021135014798,74.22013963467846,74.71363096768204,1448400
2016-12-19,74.49241638183594,74.70513029898395,74.30522709610352,74.4753956332165,1233300
2016-12-20,74.7391357421875,74.8582614712103,74.59449188113982,74.6625618715781,1205800
2016-12-21,74.56898498535156,74.79020926111325,74.55197072945288,74.73915351039093,1193100
2016-12-22,74.27120208740234,74.49242640863721,74.10102703586995,74.49242640863721,1172300
2016-12-23,74.42434692382812,74.42434692382812,74.25417189393609,74.25417189393609,410100
2016-12-27,74.67110443115234,74.79022372001138,74.44988011262224,74.44988011262224,1009000
2016-12-28,73.90532684326172,74.77319680360189,73.87129183617786,74.77319680360189,839900
2016-12-29,73.93082427978516,74.11801350413079,73.76915967848457,73.93082427978516,847200
2016-12-30,73.71812438964844,74.15206253810733,73.47988587410636,74.15206253810733,1303200
2017-01-03,74.30523681640625,74.59452466564444,73.85428429170292,74.25418105538259,2197200
2017-01-04,75.0284423828125,75.12203701228941,74.45837072437146,74.45837072437146,1862200
2017-01-05,74.8242416381836,74.96037515513434,74.50942273724608,74.95186478172714,1281700
2017-01-06,75.0284423828125,75.21563164176631,74.637049610233,74.93484775333559,993000
2017-01-09,74.62004852294922,75.00293751482248,74.59452388846054,75.00293751482248,1332700
2017-01-10,74.6880874633789,75.01141667639668,74.57747859611642,74.69659783517191,1223500
2017-01-11,74.8838119506836,74.91784695765438,74.44987372619846,74.67960190885893,1489400
2017-01-12,74.76468658447266,74.82424621894353,74.16057986583567,74.78170084081577,1093000
2017-01-13,74.9178466796875,75.02845558329676,74.76469239464416,74.76469239464416,1001700
2017-01-17,74.72215270996094,74.98591591872263,74.56899841324125,74.75618771940023,1137500
2017-01-18,74.94337463378906,74.95187851724177,74.55198177499963,74.84126960872979,929200
2017-01-19,74.56898498535156,75.05397242237821,74.3732918307076,74.93485315654802,751000
2017-01-20,74.84976196289062,75.04545509941327,74.56046770729678,74.84976196289062,827400
2017-01-23,74.62853240966797,74.84975664923924,74.33924466612345,74.79019702606759,1180200
2017-01-24,75.36878967285156,75.49641930957405,74.79020761235424,74.80722186787784,1876500
2017-01-25,75.93888854980469,75.9644131879857,75.64960066173278,75.70916031466025,1293400
2017-01-26,75.73466491699219,75.99842809710368,75.66659490550742,75.9388684599329,943800
2017-01-27,75.50492858886719,75.81974751641832,75.42835469626779,75.81974751641832,910100
2017-01-30,75.07949829101562,75.25817719270964,74.58600696365214,75.24967331037651,1420000
2017-01-31,75.19861602783203,75.19861602783203,74.67108970733635,74.94336324125727,903500
2017-02-01,75.01144409179688,75.4538862140635,74.73916402700013,75.35178118976472,1089800
2017-02-02,75.173095703125,75.27520071850982,74.75617825045224,74.85828326583706,826300
2017-02-03,75.69210815429688,75.76868852857942,75.3943100132261,75.46238001447446,794700
2017-02-06,75.48790740966797,75.70913167607951,75.3602777755262,75.59851629711731,766700
2017-02-07,75.41134643554688,75.67511614504328,75.28372326008113,75.58152148869206,830700
2017-02-08,75.5729751586914,75.60701015312802,75.13903709401394,75.41131055799538,657200
2017-02-09,76.04096221923828,76.19411647664762,75.6410590753632,75.67509407606669,1169100
2017-02-10,76.4664077758789,76.5514920516708,76.22816271554179,76.2707080991948,947200
2017-02-13,76.80672454833984,76.92585029273293,76.63655604179957,76.69611566823991,856300
2017-02-14,77.01094055175781,77.0449755540226,76.5855127607174,76.71314239633212,772800
2017-02-15,77.38530731201172,77.49592268470087,76.9003199229871,76.92585104157786,794600
2017-02-16,77.18962860107422,77.51295142367209,76.95139004847434,77.4193567792202,791400
2017-02-17,77.3427734375,77.3512838109145,76.89182101922485,77.00242990756179,668200
2017-02-21,77.88733673095703,77.95540674944216,77.4619088526963,77.4619088526963,961000
2017-02-22,77.70016479492188,77.83630486232481,77.58955585879377,77.71717905758939,671100
2017-02-23,77.56401062011719,77.94689309785215,77.3598005732455,77.92987234818919,1023100
2017-02-24,77.7767333984375,77.7767333984375,77.17262005544198,77.25771083040905,809800
2017-02-27,77.95539855957031,78.00644782231389,77.6320692514915,77.77671964845425,713400
2017-02-28,77.55548858642578,77.80223748733334,77.47040432544355,77.77671285818998,720000
2017-03-01,78.50849151611328,78.7297159254452,78.15113350285812,78.15113350285812,1166800
2017-03-02,77.99796295166016,78.44891556404961,77.97243831194237,78.44891556404961,786700
2017-03-03,77.98943328857422,78.057496808153,77.73417399273474,77.94688790876312,645800
2017-03-06,77.64056396484375,77.87029209236474,77.43636046354595,77.67459896364542,512400
2017-03-07,77.29173278808594,77.55550248336185,77.23217314557476,77.52146747456773,942300
2017-03-08,77.11302947998047,77.52995333725542,77.05346985630007,77.34276409382782,848700
2017-03-09,77.04499053955078,77.31726411911431,76.69613656711809,77.12156444090574,1001900
2017-03-10,77.35128784179688,77.55549137379597,76.97690929020416,77.42786173197906,488000
2017-03-13,77.50444793701172,77.52997906264238,77.2577054795437,77.35130013231334,545300
2017-03-14,77.13859558105469,77.2492045061925,76.85781158857208,77.2492045061925,1294300
2017-03-15,77.98092651367188,78.18513006486076,77.30023935435717,77.32576398681655,881300
2017-03-16,77.80223083496094,78.06599396890705,77.68311158146834,78.05748359608259,676300
2017-03-17,77.776611328125,77.99014255317823,77.71682284576832,77.96451984880478,539000
2017-03-20,77.5545425415039,77.81077609837578,77.39225672729935,77.77661032083505,579300
2017-03-21,76.53812408447266,77.81931128840898,76.45271290750125,77.81931128840898,1444000
2017-03-22,76.67477416992188,76.78581455538908,76.23917524932678,76.51249490235793,873900
2017-03-23,76.70896911621094,77.1872835782761,76.56376942078805,76.65772369816922,787800
2017-03-24,76.70896911621094,77.05916351671476,76.41002665020586,76.83708917777227,682500
2017-03-27,76.57231140136719,76.6918883860599,75.91463146910034,76.10254002117658,780600
2017-03-28,77.20435333251953,77.34955300936164,76.44418265204474,76.54667999146892,764800
2017-03-29,77.46910858154297,77.51181742361983,77.04204622659189,77.14454353770374,459000
2017-03-30,77.62288665771484,77.73392709112689,77.35810996226895,77.44352116888466,512000
2017-03-31,77.57162475585938,77.802235616371,77.48621356739048,77.57162475585938,591800
2017-04-03,77.26414489746094,77.66558468063492,76.802916626354,77.63996197387172,2521200
2017-04-04,77.1701889038086,77.22997739040544,76.94811458939623,77.144566197618,934000
2017-04-05,76.95667266845703,77.8705862940337,76.86271838313496,77.4435237303725,980600
2017-04-06,77.36663055419922,77.55453906401972,76.92248198254069,77.05060201345971,682000
2017-04-07,77.29832458496094,77.55456473160463,77.13603872432276,77.35811308365011,400700
2017-04-10,77.4776611328125,77.75098081276428,77.23850722741159,77.37516380915989,489500
2017-04-11,77.50333404541016,77.50333404541016,76.87128309788066,77.34105465672924,617200
2017-04-12,77.02497100830078,77.42641068756463,76.93101676351755,77.40932454317418,544500
2017-04-13,76.48689270019531,77.11894334537284,76.47834962599585,76.90541210558051,605400
2017-04-17,77.11039733886719,77.12748348661636,76.5637579071026,76.71750065456489,802300
2017-04-18,76.88832092285156,77.08477251783843,76.58937851000708,76.83707551392276,607100
2017-04-19,76.91398620605469,77.34104885791183,76.81148882368376,77.15314024846126,656700
2017-04-20,77.54602813720703,77.71685057160897,77.02501124088552,77.13604517160095,582100
2017-04-21,77.29832458496094,77.53747857971764,77.13603872432276,77.50331279240132,824200
2017-04-24,78.0584487915039,78.23781418039817,77.86200377738558,78.12678032530755,698500
2017-04-25,78.46846771240234,78.5795016187653,78.18660489264629,78.26347301633062,649900
2017-04-26,78.48554229736328,78.86989592397703,78.29763376294542,78.48554229736328,710200
2017-04-27,78.45137786865234,78.61366369961975,78.20368084323866,78.55387521186172,662000
2017-04-28,78.0840835571289,78.50260937902803,78.01575201276316,78.47698016254982,632900
2017-05-01,78.0499496459961,78.26348092196436,77.93037265277046,78.26348092196436,862000
2017-05-02,78.11825561523438,78.21220986718379,77.94743325702923,78.14387831731962,512600
2017-05-03,77.87055969238281,78.04992512587192,77.64849192698983,77.96451394560883,621900
2017-05-04,77.93888092041016,78.0157490175294,77.58015010094475,77.95596054761849,560800
2017-05-05,78.45137786865234,78.45137786865234,78.02431537996458,78.11826964879239,453500
2017-05-08,78.27201843261719,78.51971547710447,78.13536181427136,78.47700661836437,541000
2017-05-09,78.22075653076172,78.40866504328649,78.10971612802132,78.34887656352457,590800
2017-05-10,78.51969909667969,78.53677872673849,78.07555703413954,78.25492247380703,744200
2017-05-11,78.19513702392578,78.33179361905826,77.72536572341075,78.31471398833764,590400
2017-05-12,77.8449478149414,78.14389024566037,77.76807969695207,78.08410175951657,355700
2017-05-15,78.314697265625,78.46843997510491,78.03283454550275,78.03283454550275,337700
2017-05-16,78.10973358154297,78.45138490643362,77.98162003660887,78.43430527259474,542500
2017-05-17,76.9054183959961,77.68266878385747,76.85417297952037,77.52892601797346,1293300
2017-05-18,77.07622528076172,77.39225382381544,76.65770592538665,76.80290558714559,949800
2017-05-19,77.69974517822266,77.95597874488722,77.10185382309334,77.28122579115134,721500
2017-05-22,78.10118103027344,78.17804914149382,77.73390707160172,77.85348403335944,418700
2017-05-23,78.11825561523438,78.29762104628635,78.02430136328496,78.26345527135427,399500
2017-05-24,78.28909301757812,78.32325227977576,78.10118449321126,78.18659568161729,318800
2017-05-25,78.60511779785156,78.75886054890736,78.42575234102915,78.48554082663662,557100
2017-05-26,78.58802795410156,78.61365065653864,78.49407370086203,78.56240525166447,592300
2017-05-30,78.44283294677734,78.57095299365746,78.30617634217315,78.47699872704246,495300
2017-05-31,78.51969909667969,78.55386487325286,78.11825936751433,78.54532179999568,527700
2017-06-01,79.33112335205078,79.34820950033992,78.53678688446836,78.69052963678935,739700
2017-06-02,79.44215393066406,79.54464474188428,79.19445694278943,79.3823654519671,517800
2017-06-05,79.27134704589844,79.43363289729903,79.21155855061252,79.37384440201312,369100
2017-06-06,78.95530700683594,79.16883822957925,78.86135274751241,79.02363204560741,457300
2017-06-07,79.03215789794922,79.17735753382617,78.80154709487726,79.0748667397739,555400
2017-06-08,79.09198760986328,79.25427347367727,78.8699132461901,79.04928526222542,312900
2017-06-09,79.33112335205078,79.60444307657073,78.98947858374302,79.15175789375233,532100
2017-06-12,79.43360900878906,79.51047711541516,79.1517462515828,79.26278664976088,310200
2017-06-13,79.93754577636719,79.93754577636719,79.51902640252317,79.62152373582316,530800
2017-06-14,79.75817108154297,79.9802453530463,79.50193755268992,79.97170228048135,563500
2017-06-15,79.58734893798828,79.63859434060247,79.21153194160412,79.28840656198045,442300
2017-06-16,79.60535430908203,79.63963819309802,79.25395594113708,79.63963819309802,425300
2017-06-19,80.10246276855469,80.12817404744693,79.7510643920566,79.86248211358382,672100
2017-06-20,79.45110321044922,80.01677765277745,79.41682585544523,80.01677765277745,355100
2017-06-21,79.22826385498047,79.58823491587373,79.04827832453384,79.56252363137904,312300
2017-06-22,79.25395202636719,79.50250526896907,79.1082504307329,79.21966814404466,386300
2017-06-23,79.43394470214844,79.51965114622999,79.18539143702415,79.30538176653484,285800
2017-06-26,79.66535186767578,79.88819385099163,79.56250675151652,79.64821319464339,248700
2017-06-27,79.13398742675781,79.79393439375298,79.13398742675781,79.66537142800523,539600
2017-06-28,79.7510757446289,79.92248865429947,79.48537723396116,79.48537723396116,334500
2017-06-29,79.18540954589844,79.93106951179594,78.73973201136305,79.83679044005082,432000
2017-06-30,79.43394470214844,79.73392052592516,79.27967048720862,79.5025124730067,359600
2017-07-03,79.7681884765625,80.05102557061532,79.7681884765625,79.82818362933298,390600
2017-07-05,79.64824676513672,79.87965491301244,79.41683861726098,79.87965491301244,601100
2017-07-06,78.77398681640625,79.37393837962317,78.68827384539102,79.33108189411556,508200
2017-07-07,79.2796630859375,79.34823085039451,78.85969697185666,78.87683564347995,377000
2017-07-10,79.29679870605469,79.43393422969145,79.1253858404904,79.22823748321798,271400
2017-07-11,79.22826385498047,79.3311089929592,78.79115240161931,79.24540253164898,417500
2017-07-12,79.77677154541016,79.92247314425309,79.63963601310003,79.63963601310003,1126600
2017-07-13,80.00816345214844,80.04244732831405,79.75961025418329,79.86246188268014,594100
2017-07-14,80.35958862304688,80.50529022940208,79.97389982277538,80.08532408326784,391200
2017-07-17,80.45388793945312,80.59958958251327,80.29104108015997,80.3338975817584,358600
2017-07-18,80.2824478149414,80.35101558426241,80.07675104596076,80.35101558426241,411200
2017-07-19,80.85667419433594,80.85667419433594,80.36814036558528,80.45385333191238,538700
2017-07-20,80.81382751464844,80.95952910092014,80.66812592837674,80.95952910092014,311300
2017-07-21,80.83097839355469,80.84812360569472,80.59957034152421,80.66813811211937,272900
2017-07-24,80.77096557617188,80.91667369158702,80.63383660393424,80.78811078456475,383900
2017-07-25,81.08810424804688,81.2509510684331,80.8995461484381,81.02810908353341,261900
2017-07-26,80.9252700805664,81.13953949289939,80.84813623083862,81.13953949289939,367000
2017-07-27,80.83956146240234,80.95955180698252,80.37673875945738,80.93384052442724,552900
2017-07-28,80.7366943359375,80.78812343018515,80.57385406460254,80.68527178067194,371300
2017-07-31,80.70242309570312,80.9595424304603,80.57386015883323,80.92525854469616,494000
2017-08-01,80.78814697265625,80.93384861435564,80.53959365147165,80.91670993726677,398200
2017-08-02,80.5310287475586,80.67673040319674,80.23105282742573,80.67673040319674,449200
2017-08-03,80.3253173828125,80.53101418528145,80.23961092669906,80.45388033647438,616400
2017-08-04,80.4452896118164,80.52242344325191,80.29101540996344,80.488146099713,487300
2017-08-07,80.5310287475586,80.58245132272862,80.4024657706489,80.46246095467546,388300
2017-08-08,80.3338851928711,80.89098039383249,80.1881770332976,80.47101420666706,477300
2017-08-09,80.22245025634766,80.2395954676572,79.94818572623466,80.09388732745482,579900
2017-08-10,79.07396697998047,79.96532830828532,79.04825570284373,79.90533314863893,670100
2017-08-11,79.09111022949219,79.34823609370584,78.96254729738536,78.96254729738536,928800
2017-08-14,79.83677673339844,79.99105095713283,79.49394439854613,79.49394439854613,423500
2017-08-15,79.69107055664062,79.90533993629079,79.5710736881726,79.90533993629079,311900
2017-08-16,79.89678955078125,80.05963641708014,79.7767991879245,79.87964433381066,322700
2017-08-17,78.67112731933594,79.83675298775493,78.67112731933594,79.6910514139478,662400
2017-08-18,78.49117279052734,78.93685029156862,78.33689855190084,78.57687924776795,1150600
2017-08-21,78.55973052978516,78.65400304341068,78.25974815931386,78.50830143082804,648700
2017-08-22,79.30535888671875,79.37392663779502,78.64541226480641,78.74825735244018,658600
2017-08-23,79.07396697998047,79.23680724817382,78.97968793782444,79.01397182033409,355600
2017-08-24,78.97113037109375,79.38253050057133,78.94541908906076,79.23682233741233,390900
2017-08-25,79.24539184570312,79.45966123957719,79.16825800262029,79.23681923903294,379600
2017-08-28,79.1511001586914,79.40822600590243,78.97968728653866,79.39965340060022,625700
2017-08-29,79.07396697998047,79.1682460221365,78.6539943234738,78.6539943234738,473900
2017-08-30,79.45110321044922,79.54538228417059,78.94543048683836,79.02256434407357,301800
2017-08-31,79.89678955078125,80.00820730515271,79.63966360809715,79.63966360809715,285000
2017-09-01,80.22245025634766,80.33387451291313,80.04246477149057,80.08532126078225,355800
2017-09-05,79.67391967773438,80.17959877801391,79.29680350389758,80.02532457407904,626400
2017-09-06,79.95677185058594,80.0510509117821,79.79392501052288,79.9224879611525,361200
2017-09-07,79.92247772216797,80.09389060839197,79.7339196239321,80.0510406563272,488100
2017-09-08,79.99104309082031,80.10246080962277,79.69963334620904,79.75106244171825,500400
2017-09-11,80.79670715332031,80.84813625880683,80.3681683285061,80.3681683285061,436700
2017-09-12,81.11381530761719,81.12238791366234,80.8224120919073,80.8995459293661,719700
2017-09-13,81.12235260009766,81.13949126574477,81.00236232362889,81.05378485954989,398100
2017-09-14,81.11381530761719,81.21666696321141,80.89097332332095,80.9595410937171,385000
2017-09-15,81.23432922363281,81.2601523733921,80.95887134714405,81.05356060788398,339100
2017-09-18,81.3634262084961,81.53559144624317,81.23431048947616,81.37203611224152,526700
2017-09-19,81.25153350830078,81.4495219136801,81.16545416278359,81.4495219136801,248300
2017-09-20,81.38928985595703,81.39789319585742,81.02774598965433,81.32042373214365,314600
2017-09-21,81.21711730957031,81.39788594289675,81.16547100502974,81.3031966729494,452000
2017-09-22,81.38928985595703,81.4323262577641,81.17408814461652,81.17408814461652,304700
2017-09-25,81.48397827148438,81.59588079591987,81.1396542234987,81.3032030565298,311500
2017-09-26,81.57865142822266,81.70777375202589,81.50979188063725,81.62169439196848,265700
2017-09-27,81.9057846069336,82.0349069660752,81.46677121282653,81.82830856447423,477300
2017-09-28,81.95741271972656,81.96602262640656,81.69917462623765,81.81107714333939,423000
2017-09-29,82.24149322509766,82.25010313310636,81.92299230313097,81.94021211914838,518700
2017-10-02,82.59441375732422,82.59441375732422,82.15540699701873,82.28452276920564,1314000
2017-10-03,82.73213958740234,82.77518255308284,82.48250483481138,82.66327346928736,420600
2017-10-04,82.904296875,82.9989861439045,82.64605878770678,82.74074805661127,362600
2017-10-05,83.23137664794922,83.30884607505416,82.95591885030066,83.01617503830404,441700
2017-10-06,83.05921936035156,83.13669536229524,82.91288382798662,83.0850425051886,442400
2017-10-09,82.76655578613281,83.11948307656715,82.6804764397415,83.11948307656715,509400
2017-10-10,82.9731674194336,83.17975921377895,82.86986823854355,82.9903872332993,525600
2017-10-11,82.99038696289062,83.00760020926552,82.84404481524787,82.93012418199174,283800
2017-10-12,83.01618194580078,83.08504147536854,82.76654726974927,82.8354133667495,2808600
2017-10-13,83.10224151611328,83.30022328860517,83.05059523936424,83.1711075967326,310000
2017-10-16,83.12810516357422,83.24000767353854,83.00759274747907,83.23140433484183,294200
2017-10-17,83.1194839477539,83.1797401476027,82.95593515812618,83.11088061022781,305400
2017-10-18,83.1883773803711,83.28306666372985,83.10229800480005,83.17976747258336,302500
2017-10-19,83.2916488647461,83.2916488647461,82.71490344865882,82.84402575278084,266400
2017-10-20,83.85116577148438,83.85976910808223,83.45518899527697,83.6015310940634,273800
2017-10-23,83.56710052490234,84.0233269405616,83.52405757090581,83.98028398656508,346400
2017-10-24,83.65320587158203,83.76510839235547,83.55851659729882,83.61877281116679,382100
2017-10-25,83.09366607666016,83.71344792442213,82.62882969083869,83.42077681155322,392100
2017-10-26,83.25723266601562,83.42078805550713,83.11089708985719,83.27444591191417,355700
2017-10-27,83.38633728027344,83.38633728027344,82.86124473156137,83.16252572653556,323200
2017-10-30,82.9817886352539,83.24863667962624,82.88709934839231,83.16255730087087,463500
2017-10-31,83.13672637939453,83.24001899727966,82.99039079243391,83.06786025584776,509700
2017-11-01,83.16254425048828,83.58433773740408,83.08506822456152,83.41217900690955,376200
2017-11-02,83.14530944824219,83.25721851358074,82.80959538709334,83.11088296229707,282300
2017-11-03,83.26583862304688,83.30026511321097,82.97316091717836,83.05924027745702,412000
2017-11-06,83.61016082763672,83.65320379394542,83.24862355340814,83.2572334601568,559800
2017-11-07,83.48104858398438,83.80815281244693,83.31749318603566,83.6618172287217,415600
2017-11-08,83.5843276977539,83.64458390293284,83.2658334278512,83.36051612104626,264100
2017-11-09,83.36051177978516,83.49824399441205,82.86124892034636,83.13670678216667,577900
2017-11-10,83.41216278076172,83.42937602348886,83.11948511493402,83.17113797798204,236500
2017-11-13,83.54130554199219,83.61877500438233,83.16254843492503,83.18837158905508,237000
2017-11-14,83.49826049804688,83.50687040502119,83.11950340039414,83.25723564224414,394400
2017-11-15,83.04203033447266,83.27444527321026,82.72352946459904,83.1367196047747,422100
2017-11-16,83.75650787353516,83.90284345965205,83.23141517752985,83.23141517752985,313900
2017-11-17,83.90283203125,84.01473454054981,83.70484359602133,83.70484359602133,518900
2017-11-20,84.03195190429688,84.08359820440212,83.85978662488957,83.94586598087628,341900
2017-11-21,84.34185028076172,84.37627677224654,84.19550813849617,84.24716101059232,390900
2017-11-22,84.3073959350586,84.43651166411237,84.27296288483332,84.35043232226558,278300
2017-11-24,84.3504409790039,84.51399634250117,84.34183764113925,84.42791699182021,204200
2017-11-27,84.2643814086914,84.41071699594346,84.17830203780403,84.3504607795788,320900
2017-11-28,85.23706817626953,85.23706817626953,84.34183507549996,84.36765822317537,416500
2017-11-29,85.63306427001953,85.75357669791434,85.24569726541355,85.24569726541355,321300
2017-11-30,86.29588317871094,86.69185352540387,85.84826652471213,85.84826652471213,477800
2017-12-01,86.12371826171875,86.49386542819363,84.84111147123929,86.31309023072752,681200
2017-12-04,86.30448150634766,86.99312292529258,86.30448150634766,86.68323198816549,714100
2017-12-05,85.75355529785156,86.42498339068993,85.73633548820112,86.42498339068993,482300
2017-12-06,85.5986099243164,85.77937852120809,85.52113391568675,85.65025621844742,397400
2017-12-07,85.98600006103516,86.02904303268167,85.49534039446773,85.49534039446773,372700
2017-12-08,86.51969146728516,86.52829480654925,86.14093438175925,86.28726995846353,327100
2017-12-11,86.5971450805664,86.68322442949926,86.41637647757739,86.50245582651024,669700
2017-12-12,86.60575866699219,86.80374052120995,86.56271570697947,86.6832281140947,382600
2017-12-13,86.5282974243164,86.83818840049746,86.50247427087378,86.65741975896431,472400
2017-12-14,86.0031967163086,86.66601495609665,86.0031967163086,86.55411245436022,411300
2017-12-15,86.7711181640625,87.00461002658575,86.26090644570569,86.39927297130154,401100
2017-12-18,87.42833709716797,87.51481286805435,86.9873020886655,87.28132762689327,501900
2017-12-19,87.13432312011719,87.58400111294876,87.12567356323231,87.5667085968578,501200
2017-12-20,87.14295196533203,87.47156909694529,87.02188457926748,87.47156909694529,640900
2017-12-21,87.31591033935547,87.51480393231819,87.17754384192251,87.29861122833749,427200
2017-12-22,87.40241241455078,87.48888820264169,87.18621964548366,87.36782077977847,302000
2017-12-26,87.50617218017578,87.63588254103222,87.3505131494695,87.3505131494695,259600
2017-12-27,87.50617218017578,87.65318165426545,87.41968980936673,87.60129750992289,645000
2017-12-28,87.72235870361328,87.81748402662824,87.41968362255946,87.62723338059833,418300
2017-12-29,87.36781311035156,88.04233343500069,87.32457851894124,88.04233343500069,567100
2018-01-02,88.0163803100586,88.0336794225941,87.54076027818486,87.63587900641696,1132600
2018-01-03,88.46607208251953,88.53524874526772,87.94720422699552,88.1633969675709,553300
2018-01-04,88.76876068115234,88.86388603633918,88.61310160881754,88.70822696400438,577300
2018-01-05,89.19248962402344,89.24437377812473,88.81198823346777,89.0022389287456,727800
2018-01-08,89.48648071289062,89.53836484698174,89.10597946908305,89.19245522512733,558300
2018-01-09,89.52973175048828,89.81510773580514,89.39137183491792,89.60756456361037,835100
2018-01-10,89.26164245605469,89.40865190766412,88.96761695515825,89.22705083255643,593900
2018-01-11,90.11779022216797,90.126439780008,89.44326985959466,89.48651105111531,361900
2018-01-12,90.69718933105469,90.74043052452508,90.1350934020185,90.30804498054043,475600
2018-01-16,90.08319854736328,91.1728119159271,89.86700578521773,91.04309493910387,794000
2018-01-17,90.83555603027344,91.04309924439731,90.21291979022199,90.43776212083608,403900
2018-01-18,90.58474731445312,90.87876623908952,90.4290882962109,90.76634840278938,522900
2018-01-19,91.18142700195312,91.18142700195312,90.67985839995409,90.80957532773687,500000
2018-01-22,91.83003234863281,91.83003234863281,91.10362129565878,91.14686248366972,422500
2018-01-23,92.080810546875,92.18457883485348,91.7003092304778,91.83002618812944,587900
2018-01-24,92.1240463256836,92.55643179166178,91.72625248870509,92.28835491401246,613000
2018-01-25,92.04623413085938,92.42672891246264,91.76950765438444,92.42672891246264,482500
2018-01-26,92.90234375,92.91099330688054,92.16728975944379,92.27970760817585,400400
2018-01-29,92.23650360107422,92.88508203090397,92.20191195976159,92.75536502540183,610900
2018-01-30,91.21602630615234,91.83865573613849,91.12090099094385,91.57922845639699,1048500
2018-01-31,91.19874572753906,91.69166491665655,90.78365935653429,91.48412173115416,548400
2018-02-01,90.98253631591797,91.38897965308419,90.72310903098983,90.90471010974284,798900
2018-02-02,89.11466217041016,90.57612080488033,89.09736305416048,90.47235249810123,1473400
2018-02-05,85.81123352050781,89.2270765021076,85.7420502536081,88.63903192881898,1753800
2018-02-06,86.9872817993164,87.23806609476762,83.69250753398262,84.35838466961988,1568400
2018-02-07,86.75381469726562,88.12880383168934,86.56356404742401,86.83164750750913,2255100
2018-02-08,83.7011489868164,86.7710807250036,83.7011489868164,86.76243776914234,1403400
2018-02-09,84.85133361816406,85.43072860965796,82.12730362541737,84.5746071597133,3589600
2018-02-12,85.89768981933594,86.42520056384096,84.81672626054336,85.33558744922821,1640700
2018-02-13,86.10523986816406,86.28684096885738,85.37018590887823,85.5085458246871,720800
2018-02-14,87.41105651855469,87.51482481871716,85.61233120870651,85.61233120870651,1157000
2018-02-15,88.31904602050781,88.31904602050781,87.09107297630095,87.92990177053517,946800
2018-02-16,88.36228942871094,88.9762759662811,88.07691345278053,88.0855630089937,814400
2018-02-20,87.80017852783203,88.50929032202045,87.52345213492137,88.01637122847092,636700
2018-02-21,87.27268981933594,88.76009703046185,87.27268981933594,87.83479230228644,700500
2018-02-22,87.31591033935547,88.23256529297679,87.11701014871502,87.54075259884517,584800
2018-02-23,88.6476821899414,88.65632515011283,87.58401089537733,87.77426158202127,584700
2018-02-26,89.31353759765625,89.365421740458,88.51794995219683,88.91574377492654,889500
2018-02-27,88.15474700927734,89.69403814433427,88.14609745299099,89.3654209822356,671600
2018-02-28,87.19485473632812,88.6649626829941,87.19485473632812,88.46606906315318,547200
2018-03-01,86.26087951660156,87.7223441479891,85.72471929381585,87.1861839252034,984800
2018-03-02,86.83164978027344,86.98730220947806,85.45666060986024,85.76797866362631,923500
2018-03-05,87.87800598144531,88.07689955922633,86.38194968111576,86.44248336970266,614900
2018-03-06,88.26717376708984,88.3277074718529,87.62724508849759,88.1288138409224,556600
2018-03-07,88.1893310546875,88.31039844157459,87.49751176018036,87.56669500916662,507800
2018-03-08,88.49201202392578,88.55254572592143,87.97315077858035,88.44877083778087,515200
2018-03-09,89.86698913574219,89.8929312067647,88.8033246377496,88.95898366156294,492600
2018-03-12,89.74594116210938,90.11779298849129,89.59028210460811,89.94484141245864,316800
2018-03-13,89.36542510986328,90.29073634257149,89.17518104652447,90.12642775393304,596000
2018-03-14,88.82926177978516,89.74591675933435,88.66495320885542,89.676733508661,904100
2018-03-15,88.59579467773438,89.07142141172325,88.40555058181859,89.00223814174673,420600
2018-03-16,88.95965576171875,89.22885993432942,88.70781682184122,88.70781682184122,305500
2018-03-19,87.96099853515625,88.95966850868722,87.40521825214178,88.71651546304635,947300
2018-03-20,88.05653381347656,88.32573805499167,87.85679714609725,88.2128474497747,515500
2018-03-21,88.08255004882812,88.76859259019847,87.96965948838302,88.00438994896481,494900
2018-03-22,86.12862396240234,87.76122706778402,86.07652165198812,87.43992065300168,847000
2018-03-23,84.4873275756836,86.48465993094278,84.40916749144498,86.30229523494654,888000
2018-03-26,86.43258666992188,86.51074678042545,84.92155966288627,85.53812811618572,638400
2018-03-27,85.40784454345703,86.9796660393082,84.97364095490319,86.74519239125338,1451700
2018-03-28,85.30364227294922,85.9809988296899,85.07785454556195,85.52942337491534,865000
2018-03-29,86.38916015625,86.84941496005227,85.63364342851946,85.71179690444582,1132300
2018-04-02,84.49604797363281,86.34575346657894,83.68842877592503,86.21549102331838,1341100
2018-04-03,85.5120620727539,85.65968971360793,84.4091811665586,84.83470548490934,905700
2018-04-04,86.51074981689453,86.64100562993471,84.40919881906748,84.4613077697064,1166600
2018-04-05,87.06652069091797,87.33572484286644,86.59757993804433,86.93625826643827,454400
2018-04-06,85.2254867553711,86.84072476605341,84.60023247698807,86.34573289990377,737000
2018-04-09,85.39916229248047,86.58019663421692,85.3383740524832,85.72916127425525,279600
2018-04-10,86.61495971679688,86.91890100801632,86.10260248665884,86.37180668382132,606100
2018-04-11,86.31099700927734,86.81467480999127,85.95495347802894,85.95495347802894,509100
2018-04-12,86.71916198730469,87.03178917590667,86.51074607004422,86.69311082582495,489300
2018-04-13,86.53679656982422,87.29230674864988,86.21548345471172,87.15336501334617,539900
2018-04-16,87.37044525146484,87.63964935202038,86.84071635168588,87.01439513422092,720100
2018-04-17,88.08255004882812,88.29965186728374,87.7004487282113,87.88281346066341,677600
2018-04-18,88.31702423095703,88.72517674268761,88.21281958995161,88.35176131976625,342600
2018-04-19,87.70044708251953,88.19543895429298,87.32703169676613,88.19543895429298,386000
2018-04-20,87.08389282226562,87.80467255279723,86.77995155801213,87.70914720897146,338500
2018-04-23,87.19678497314453,87.57019377229462,86.84073478034243,87.15336195558545,274000
2018-04-24,86.36311340332031,87.6917822925752,85.81601912569019,87.57888509014326,482400
2018-04-25,86.60626220703125,86.76257578471765,85.76390607313351,86.29363505165844,370300
2018-04-26,87.27491760253906,87.49201938762,86.59756109315383,86.81466287823477,278900
2018-04-27,87.50940704345703,87.64835540172251,87.11862638032451,87.27493997066199,196300
2018-04-30,86.71046447753906,87.83939657731625,86.71046447753906,87.58755767427606,606200
2018-05-01,86.74520111083984,86.7538870386019,85.9028450043048,86.54547115026405,602800
2018-05-02,86.02442932128906,86.7973113269192,85.91153875179353,86.51074193890405,260400
2018-05-03,85.73785400390625,85.94626989680084,84.69576128858972,85.80732155125659,606300
2018-05-04,86.69310760498047,86.99704885332291,85.29497123718293,85.35575948685143,482500
2018-05-07,86.84071350097656,87.17070582712884,86.632297643692,86.9101876618783,353300
2018-05-08,86.77994537353516,86.93625895907175,86.31100461692542,86.69310596499754,322000
2018-05-09,87.48333740234375,87.639650959661,86.9015061822155,87.02308265730436,311800
2018-05-10,88.2475357055664,88.36042624829977,87.64833266050475,87.79596028379162,432100
2018-05-11,88.33438873291016,88.56017647865878,88.09123575691396,88.20412631707742,218500
2018-05-14,88.36913299560547,88.72517656068072,88.16071046317768,88.56018367095317,429200
2018-05-15,87.92625427246094,88.03046555156578,87.6396782239899,87.96099136549589,485500
2018-05-16,88.41255950927734,88.57755904331691,88.03914404437194,88.03914404437194,361200
2018-05-17,88.52543640136719,88.78595459880775,88.17807217935831,88.41253921959697,489500
2018-05-18,88.34308624267578,88.48202797913696,88.16940079032112,88.36045147519997,336600
2018-05-21,88.91622924804688,89.07254283819371,88.73386449711263,88.80333867616065,260300
2018-05-22,88.57754516601562,89.2288506451775,88.49939168871873,89.07253706516177,383800
2018-05-23,88.7425537109375,88.7425537109375,88.16940165070793,88.2909781558313,375700
2018-05-24,88.72515869140625,88.76858169993885,88.13464155263561,88.59489629122932,554400
2018-05-25,88.53414916992188,88.69914872846674,88.34310506975157,88.51678393369693,301100
2018-05-29,87.59623718261719,88.16938249288869,87.21413589215541,88.04780601418197,812200
2018-05-30,88.75991821289062,88.95965482704756,88.004401401196,88.01308733018263,510400
2018-05-31,87.96967315673828,88.64702987549714,87.7525713045503,88.64702987549714,714300
2018-06-01,88.71649169921875,88.82938226147755,88.3691274590247,88.41254384816033,566400
2018-06-04,89.02042388916016,89.15936559588192,88.74253385029549,89.01173796204594,399600
2018-06-05,89.18541717529297,89.27226319600524,88.86411075017381,89.05516139506692,451100
2018-06-06,89.86277770996094,89.86277770996094,89.11594700671981,89.32436287435749,544000
2018-06-07,89.90621948242188,90.23621854357674,89.61964344260512,89.94964250375999,400700
2018-06-08,90.33171081542969,90.33171081542969,89.73251437403138,89.7672514558462,324800
2018-06-11,90.52276611328125,90.73118861490089,90.3838244042894,90.3838244042894,385500
2018-06-12,90.78328704833984,90.87881236781165,90.49671108992443,90.68776172886804,422200
2018-06-13,90.33171081542969,90.87012564542817,90.29698035903576,90.85276041723121,432900
2018-06-14,90.56620788574219,90.7919956632268,90.37515719905694,90.5314707949428,473600
2018-06-15,90.56791687011719,90.58535594313608,89.9402432625888,90.3063839832945,482600
2018-06-18,90.40229797363281,90.44588901430427,89.94898174552105,90.07102867813033,395700
2018-06-19,90.0361557006836,90.09717916598845,89.3125870041697,89.6264238688972,446200
2018-06-20,90.28897094726562,90.41973741875383,90.04487708105246,90.28897094726562,443100
2018-06-21,89.76589965820312,90.28895882285816,89.60026170649009,90.28023928564744,292000
2018-06-22,90.00128936767578,90.31512625042683,89.93155301122164,90.22795081656471,589800
2018-06-25,89.01619720458984,89.72232688806875,88.52800943833871,89.67002295627312,865800
2018-06-26,89.10334777832031,89.3648806664406,88.86797349985817,89.14693881002624,497200
2018-06-27,88.3100814819336,89.69618910212148,88.3100814819336,89.21671414799707,597500
2018-06-28,88.66748809814453,88.89414955254648,87.91776737678839,88.22288472825672,535900
2018-06-29,88.82440185546875,89.46950802896365,88.7720979268516,88.95516832807073,740900
2018-07-02,88.78953552246094,88.82440702725579,88.03981479702028,88.31878018431964,889800
2018-07-03,88.74595642089844,89.28644814979472,88.58903796549568,89.10337772700147,310700
2018-07-05,89.40847778320312,89.41719732099791,88.71106773396664,89.07720850864519,476500
2018-07-06,90.0884780883789,90.2453965528978,89.32132484576445,89.41721983247379,584300
2018-07-09,90.77716827392578,90.82075931938199,90.43717940275847,90.43717940275847,421000
2018-07-10,91.01254272460938,91.06484665454305,90.73357734653098,90.94279971732496,557900
2018-07-11,90.29768371582031,90.67254402541752,90.17563679186388,90.56792952585835,317900
2018-07-12,90.80333709716797,90.88179300653509,90.36745319785605,90.69872256695135,665200
2018-07-13,90.89051055908203,91.05614191447715,90.75102452184369,90.78589603115327,384300
2018-07-16,90.62024688720703,90.95152285940316,90.46332844012979,90.8817798493556,572200
2018-07-17,90.90792846679688,91.03869494305442,90.43717314290527,90.43717314290527,322500
2018-07-18,91.11714935302734,91.15202085619826,90.78588004949238,90.90792698506101,280700
2018-07-19,91.09973907470703,91.30896149353853,90.64642272539533,90.88179711519817,483500
2018-07-20,90.80333709716797,91.00383996625759,90.73359407702355,90.88179300653509,208300
2018-07-23,90.81202697753906,90.90792194317582,90.55050069485056,90.7510035131392,206300
2018-07-24,90.7684555053711,91.18690027763967,90.52435496197806,91.06485333147302,1505300
2018-07-25,91.57047271728516,91.60534422063662,90.68998554807361,90.70742462527893,447600
2018-07-26,91.89301300048828,92.067363835574,91.50071364495838,91.58788906250125,377000
2018-07-27,91.35253143310547,92.058661090379,91.08228559411126,92.01507669918661,301300
2018-07-30,90.96024322509766,91.59663660474457,90.89050686037668,91.30023876426523,303800
2018-07-31,91.5792236328125,91.7274225845378,91.23051513088241,91.27409953671024,1085700
2018-08-01,90.98637390136719,91.48328109684621,90.81201641546174,91.48328109684621,405400
2018-08-02,91.35253143310547,91.42227444028437,90.39358836310282,90.5330677264014,383300
2018-08-03,91.8145751953125,91.83200762309254,91.36997179973345,91.43971481297326,309500
2018-08-06,92.03250885009766,92.16327532540205,91.6750875787288,91.77969543812495,398200
2018-08-07,92.21558380126953,92.34635028302063,92.06738489244607,92.18071229606527,451700
2018-08-08,92.04993438720703,92.17198796579996,91.90173549678103,92.17198796579996,277200
2018-08-09,91.9453353881836,92.28532424062871,91.90174434512781,92.11097337052432,291600
2018-08-10,91.32637023925781,91.64020708878911,91.14329985220766,91.50072108852694,319400
2018-08-13,90.8556137084961,91.4832873988784,90.71612771016292,91.42226393737226,1100300
2018-08-14,91.62278747558594,91.74483442621106,91.13459967308549,91.13459967308549,286800
2018-08-15,91.01254272460938,91.18689359176115,90.49819635971092,91.18689359176115,396700
2018-08-16,91.7361068725586,91.98891362196797,91.37867896639548,91.37867896639548,366600
2018-08-17,92.22427368164062,92.37247254280435,91.61403251340471,91.61403251340471,275600
2018-08-20,92.6601791381836,92.72992214254015,92.37249423350703,92.38121377181633,399900
2018-08-21,92.89556884765625,93.11351078406764,92.74736992715091,92.76480900665746,345100
2018-08-22,92.6950454711914,92.87811585912416,92.5991505083135,92.80837285865685,331600
2018-08-23,92.4684066772461,92.76481117624918,92.37251169089748,92.60789271232053,273600
2018-08-24,92.96530151367188,93.00889255652517,92.57300873222961,92.63403220158861,206500
2018-08-27,93.48836517333984,93.62785119618884,93.30529475664525,93.30529475664525,1752900
2018-08-28,93.5755386352539,93.74989616013177,93.33144475148441,93.65400118421383,1666600
2018-08-29,93.94165802001953,94.05498538900653,93.4796223566127,93.63654075654875,767900
2018-08-30,93.34015655517578,93.77604035465845,93.1658056958063,93.74116885257276,399400
2018-08-31,93.37500762939453,93.49705453446448,93.05245129396253,93.19193727178961,376300
2018-09-04,93.28785705566406,93.44477549696862,92.93914866931402,93.27913751696401,718200
2018-09-05,93.33143615722656,93.43605066252003,92.83452889643563,93.15708529946299,430400
2018-09-06,93.1570816040039,93.58424584432063,92.92170063919568,93.3663039552323,579300
2018-09-07,92.82582092285156,93.17452265683657,92.64274386613242,92.83453381045972,474600
2018-09-10,93.17452239990234,93.43605535072915,93.11349893151731,93.1658095123182,443900
2018-09-11,93.2442626953125,93.45348505925405,92.80837889064982,92.95657778798096,1394500
2018-09-12,93.40989685058594,93.51450470275056,93.04375606589224,93.21810692020578,2770000
2018-09-13,93.80220794677734,93.90682247046416,93.57554647098596,93.68016099467276,1526600
2018-09-14,93.92424011230469,94.01141554278956,93.66271382085006,93.83706468181981,423300
2018-09-17,93.61041259765625,94.01142493881329,93.53195669769626,93.97656008398197,372400
2018-09-18,94.04627990722656,94.17704636855841,93.57552463706702,93.6714195986398,478300
2018-09-19,94.0027084350586,94.34269729059449,93.95911739160654,94.07245144415812,514800
2018-09-20,94.59549713134766,94.68267255467853,94.29037982416033,94.30781224840311,439600
2018-09-21,94.65653991699219,94.92678577980637,94.6216684103291,94.81345837144619,397900
2018-09-24,93.98753356933594,94.55673173565877,93.85617911849761,94.51294469172436,380000
2018-09-25,93.73355865478516,94.22394134869421,93.66350207538011,94.16264351195558,432200
2018-09-26,93.37452697753906,94.12761853020154,93.26944878570184,93.75983149684453,920100
2018-09-27,93.38328552246094,93.81237039380076,93.27820064988322,93.43582461826811,598000
2018-09-28,93.53213500976562,93.68975895162804,93.22564586752266,93.25191541100602,444400
2018-10-01,93.53213500976562,94.02252431831658,93.3570002659017,93.8999286614194,1042700
2018-10-02,93.40080261230469,93.72480260969286,93.25193070654338,93.47961125568128,522600
2018-10-03,93.40953826904297,93.81235352002591,93.27818387218802,93.70727534731166,637000
2018-10-04,92.76154327392578,93.26068469944485,92.28867139486093,93.23441515299064,964300
2018-10-05,92.30618286132812,93.06802638267921,91.86833929973783,92.7527784838572,1082000
2018-10-08,92.4200439453125,92.54263964013329,91.82457627862684,92.11355470826052,486200
2018-10-09,91.982177734375,92.49882993869218,91.94714944715581,92.27990815429419,607900
2018-10-10,89.34636688232422,92.10478298913854,89.28506904354894,91.78953505230471,1317400
2018-10-11,87.36729431152344,89.49521411690252,86.99074861160987,89.08364681412621,2233600
2018-10-12,88.12918090820312,88.61081165882308,87.13089778961339,88.54951380701371,1857900
2018-10-15,88.09412384033203,88.82970450278528,87.9802869187097,88.00655646362543,1018500
2018-10-16,89.86302185058594,89.97685878014892,88.38310836145195,88.59327141640016,906000
2018-10-17,89.67913055419922,89.92432190451328,88.84722369453281,89.80172622935625,801500
2018-10-18,88.53197479248047,89.67037082754896,88.08537244875814,89.34636415763855,895600
2018-10-19,88.26925659179688,89.27629134630634,88.0853564335516,88.61077400403192,713800
2018-10-22,87.68255615234375,88.57576082975258,87.62125831612651,88.43564767213431,603000
2018-10-23,87.12212371826172,87.57748483527973,85.65096885267756,86.48287575912973,1527900
2018-10-24,84.81031036376953,87.35856351432737,84.69647342435273,87.06958511315746,1818100
2018-10-25,85.92243194580078,86.48287122895537,84.95041860261881,85.24814904887326,3390500
2018-10-26,84.58260345458984,85.59840357342243,83.62810783899583,84.88034050633654,2564400
2018-10-29,84.61764526367188,86.29021089470285,83.54055383133148,85.6947433769749,2543200
2018-10-30,86.25518035888672,86.34274773371848,84.70521711338097,84.73148665773425,2558500
2018-10-31,86.75433349609375,87.63002072495549,86.72806394818204,87.00828359417926,3480300
2018-11-01,88.01531982421875,88.12039800939566,86.86816508198825,86.9732499481281,4104000
2018-11-02,87.70004272460938,88.71583603543804,86.99073180587342,88.61950994376971,2029000
2018-11-05,88.3568344116211,88.5407279106572,87.63877121878178,87.88396255082993,834100
2018-11-06,88.96981811523438,88.99608766226002,88.34808100542915,88.34808100542915,624900
2018-11-07,90.33587646484375,90.40592634912589,89.18872192210036,89.60029589170615,941200
2018-11-08,90.26583862304688,90.51102997129777,89.90680366242007,90.12572546349597,634700
2018-11-09,89.46896362304688,89.88929643747464,88.90852432445216,89.82799859797095,519700
2018-11-12,88.10289764404297,89.32010242695277,87.97154321604589,89.31134368349598,746400
2018-11-13,88.06786346435547,89.01360726556057,87.78764382114247,88.35684185043979,830900
2018-11-14,87.5074234008789,88.86474125246106,86.9820124096405,88.56700412614926,935200
2018-11-15,88.25173950195312,88.4093634376056,86.5003654084642,87.03453504145529,1253800
2018-11-16,88.53197479248047,88.83846397701025,87.87520939093245,87.96277677494622,856300
2018-11-19,87.37608337402344,88.60204700947637,87.05208332789331,88.40063597783076,947600
2018-11-20,85.84361267089844,86.71929984563937,85.6071800733421,86.41281067067263,1285000
2018-11-21,86.37779998779297,86.99077846266586,86.20266518953338,86.22893474117588,683300
2018-11-23,86.12383270263672,86.54416548810322,85.79983272228255,85.81734352623562,151200
2018-11-26,87.28850555419922,87.30601635961679,86.6667684069407,86.89444896315031,610000
2018-11-27,87.33231353759766,87.35858309250706,86.81565446084058,86.96451972597062,596000
2018-11-28,88.92604064941406,88.92604064941406,87.13087916016109,87.62126186978739,818200
2018-11-29,88.66332244873047,89.16246384861074,88.21672013905992,88.67208119075298,528700
2018-11-30,89.02236938476562,89.21501496849831,88.47068213932394,88.61079530672613,689600
2018-12-03,90.0994644165039,90.49352102323142,89.41642940166216,90.23081884573435,1289600
2018-12-04,87.3935775756836,90.09068883785305,87.21843614245014,89.95934111413116,1194500
2018-12-06,87.13089752197266,87.13089752197266,84.82784203282058,86.1764014494493,2091100
2018-12-07,85.23938751220703,87.55120783065053,84.91538752907479,87.00827936996836,1373100
2018-12-10,85.08177185058594,85.40577183988044,83.52304301723242,85.23938913340176,1665000
2018-12-11,85.02046203613281,86.38653853076923,84.60013594621603,86.09756016834973,711900
2018-12-12,85.44955444335938,86.44783726856177,85.43203695886793,86.07129152354945,670500
2018-12-13,85.04674530029297,85.87864548777574,84.7665256568391,85.67723448734172,655600
2018-12-14,83.83829498291016,84.83657790793883,83.61937317161504,84.28489734862198,982700
2018-12-17,82.02561950683594,83.82953970578023,81.57902383921513,83.55807212713025,1721100
2018-12-18,81.91178131103516,82.98887282334626,81.4126398753625,82.5685467096025,2954100
2018-12-19,80.62451934814453,83.20779388728728,80.19543449554345,81.91178058691087,2041300
2018-12-20,79.35478210449219,80.79090868000104,78.5228751968368,80.28300846450158,2758600
2018-12-21,77.94490814208984,80.6770475306582,77.77852546051753,79.59119743214929,2648200
2018-12-24,75.9292984008789,77.66477590754856,75.90287090116462,77.48858137422964,1472700
2018-12-26,79.36500549316406,79.36500549316406,75.55048637262557,76.29929463447505,2744400
2018-12-27,80.07858276367188,80.07858276367188,77.22429857519337,78.3254891887721,2794700
2018-12-28,79.87596893310547,80.93311606334248,79.47073155224514,80.32525663148456,2436600
2018-12-31,80.5190658569336,80.54549335852558,79.60287438198151,80.33406662465501,3096200
2019-01-02,80.5630874633789,80.8626147489817,79.19761539179028,79.33856426885471,1783300
2019-01-03,79.00381469726562,80.26357694907976,78.81881549231674,80.15786023719453,1738900
2019-01-04,81.62905883789062,81.85810164014899,79.92000890073895,79.95524780596345,1308100
2019-01-07,82.48355865478516,83.1090339602093,81.43523002341936,81.73475056920032,1055100
2019-01-08,83.37335968017578,83.41741000188115,82.42192918887741,83.21478793162605,1195800
2019-01-09,83.96358489990234,84.27192366751117,83.35573221431999,83.6640642607943,1142400
2019-01-10,84.47454833984375,84.50097584373341,83.23240860908247,83.44383536133508,1420600
2019-01-11,84.53622436523438,84.60670219770824,83.86669839900463,84.08693658463346,1933000
2019-01-14,84.07810974121094,84.39525318263765,83.75215489276285,83.93715411340605,754700
2019-01-15,84.72123718261719,84.84457004860093,84.14861646418578,84.14861646418578,891700
2019-01-16,84.9326400756836,85.25858822342956,84.72120662072251,84.80049584661658,764600
2019-01-17,85.7254867553711,86.01620269727925,84.60668002290767,84.65953502284214,947700
2019-01-18,87.029296875,87.14381827854085,86.17477188842906,86.2804886063288,1057900
2019-01-22,85.86643981933594,86.5535816825026,85.35548576477926,86.54477027573188,3144100
2019-01-23,85.7959976196289,86.38623441671525,84.98552260979659,86.1836190248256,1446300
2019-01-24,86.19239807128906,86.38620871622742,85.70787818007803,85.76073318464854,1133200
2019-01-25,87.10858154296875,87.32881966989679,86.80906091649106,86.83548841634095,926000
2019-01-28,86.76502227783203,86.79144978123803,86.08669171291596,86.43907410764457,1084700
2019-01-29,86.9147720336914,87.05572093084866,86.54476689624424,86.88833781441147,809500
2019-01-30,87.83977508544922,88.15691853078327,86.7562072481698,87.23191569503655,1086100
2019-01-31,88.42119598388672,88.50928988083196,87.64595356004817,87.73404745699341,1924000
2019-02-01,88.64144134521484,88.80881774677636,88.28905900744557,88.53572462754384,1213900
2019-02-04,89.1259536743164,89.1259536743164,88.23619657975509,88.6854774694761,803800
2019-02-05,89.46953582763672,89.53120223522387,89.02905956740435,89.2404930115326,1752700
2019-02-06,89.3902587890625,89.54001911362026,89.17002064548883,89.33740378536794,661500
2019-02-07,88.74717712402344,89.19646490323188,88.13932430394428,88.91456029534612,1118200
2019-02-08,88.9145278930664,88.9145278930664,88.01595938324236,88.4652402775876,787200
2019-02-11,89.16120147705078,89.24049069682587,88.88810835355315,89.11715788485054,457900
2019-02-12,90.26237487792969,90.43856937651702,89.72499341922087,89.74261622964605,1003600
2019-02-13,90.65882873535156,90.85263264758157,90.35930137802436,90.51787310340124,804000
2019-02-14,90.44740295410156,90.87026316466137,89.97168773764743,90.25359230430895,703800
2019-02-15,91.46048736572266,91.46048736572266,91.03762721265605,91.0552500263148,742100
2019-02-19,91.62788391113281,91.87454956941315,90.98478554107183,91.2138351042472,1337600
2019-02-20,91.95382690429688,92.13882613759611,91.61025593943617,91.66311766404648,700300
2019-02-21,91.60143280029297,91.90976479367977,91.2666665893587,91.80404808688999,547500
2019-02-22,92.08595275878906,92.15643056344946,91.68952686955777,91.80404826128087,729800
2019-02-25,92.10360717773438,92.72908278618985,92.05955685442152,92.54408352632012,696600
2019-02-26,91.85691833496094,92.27096710390111,91.8481136487829,91.99787396742333,701100
2019-02-27,91.88337707519531,91.98908710661546,91.40766177039588,91.63670465256368,636300
2019-02-28,91.6631088256836,91.90977444629853,91.51334179505245,91.76881882244194,1383000
2019-03-01,92.27979278564453,92.53526986815059,91.72479501952581,92.29740888186005,911100
2019-03-04,91.83929443359375,92.62334158938887,90.98476946755922,92.59691409083257,1636500
2019-03-05,91.55738067626953,91.89214015943095,91.47809146746646,91.88333547488979,314200
2019-03-06,90.75572204589844,91.56620344014692,90.6764395483941,91.5309645342114,512200
2019-03-07,90.05098724365234,90.61479644131359,89.7514598267559,90.61479644131359,1083100
2019-03-08,89.76908111572266,89.7955086212354,89.1612216043868,89.46074901618117,1117500
2019-03-11,90.93193054199219,90.95835804521936,89.97168869088291,89.97168869088291,641800
2019-03-12,91.23143768310547,91.42524830622207,91.02001096749377,91.08167737292777,636600
2019-03-13,91.77764892578125,92.10360383150122,91.46050542863085,91.5045557503433,725300
2019-03-14,91.6454849243164,91.9362008542193,91.47810180325705,91.81286804537577,326400
2019-03-15,91.9802474975586,92.29738419255355,91.71595907707346,91.77762547903549,491300
2019-03-18,92.41300964355469,92.46611498844516,91.80235557024896,92.12095387904196,608800
2019-03-19,92.25371551513672,92.97058034351205,91.95281445916258,92.69622183423557,734100
2019-03-20,91.60768127441406,92.34223680253807,91.25367478677273,92.1563849157516,1057300
2019-03-21,92.78472137451172,92.97057996964314,91.3775545264492,91.3775545264492,722200
2019-03-22,90.8819351196289,92.43955224669475,90.8465338096352,92.36875637881683,920100
2019-03-25,90.90849304199219,91.3155980173928,90.37748684590922,90.81999313466338,661700
2019-03-26,91.66960906982422,91.96166485579005,91.12975082986698,91.42180661583279,523800
2019-03-27,91.36870574951172,91.92626805045644,90.82884748306948,91.68731084944848,771200
2019-03-28,91.88202667236328,92.0147799399631,91.23596437117035,91.53687222787073,736700
2019-03-29,92.43070983886719,92.5723083311071,92.09440075959174,92.38645651198051,782900
2019-04-01,93.6077880859375,93.67859072076338,93.03253524628214,93.09448586372706,1259600
2019-04-02,93.53697967529297,93.66972615767341,93.27147320631211,93.64317686119732,722400
2019-04-03,93.79365539550781,94.1919084371718,93.54584615061768,93.98835253118278,912000
2019-04-04,94.1033935546875,94.12994285296382,93.68743654273068,93.82018978622271,1785900
2019-04-05,94.71406555175781,94.73176958869121,94.27155915798708,94.33350978303052,851900
2019-04-08,94.77600860595703,94.78486062371661,94.35120628305351,94.60786078119202,836000
2019-04-09,94.03260040283203,94.4397054390286,93.8467485440539,94.4397054390286,535500
2019-04-10,94.49279022216797,94.52819153563111,94.01488937069088,94.16533988882664,471800
2019-04-11,94.61671447753906,94.77601028737055,94.3335039210974,94.67866509873285,462900
2019-04-12,95.37781524658203,95.4928712183764,95.02381556998371,95.20081540828286,456700
2019-04-15,95.11231231689453,95.45746671654382,94.99725634893757,95.45746671654382,423300
2019-04-16,95.14771270751953,95.45746578725202,94.94415682534633,95.45746578725202,544700
2019-04-17,94.59014892578125,95.58136551746291,94.46624769583487,95.49286560351702,463200
2019-04-18,94.81140899658203,94.89991566908894,94.36005737693014,94.82911303192786,529800
2019-04-22,94.57246398925781,94.67866795112305,94.38661212007727,94.59016127351293,474500
2019-04-23,95.4486083984375,95.55481234213059,94.70520104891693,94.70520104891693,530800
2019-04-24,95.42205047607422,95.68755693525468,95.33355057371732,95.46630380330754,573700
2019-04-25,94.86449432373047,95.14769806047674,94.42198806305758,94.83794502842765,564500
2019-04-26,95.43974304199219,95.43974304199219,94.71403307513235,94.92644093282992,520600
2019-04-29,95.43090057373047,95.70525229115518,95.39549926307734,95.47514714796468,365900
2019-04-30,95.74952697753906,95.84687891552527,94.97071147364946,95.53711906623585,671800
2019-05-01,94.78485107421875,96.01501808652658,94.78485107421875,95.83801826183456,866600
2019-05-02,94.793701171875,95.14770756620223,94.15649101250804,94.66979994667702,600400
2019-05-03,95.643310546875,95.69640914171946,95.03264969772279,95.13885363952194,440900
2019-05-06,95.19197082519531,95.36012541119005,94.01490897956684,94.16535952908237,522600
2019-05-07,93.660888671875,94.5547465706491,93.00597446122933,94.43084534206436,1552600
2019-05-08,93.51044464111328,94.07685222602545,93.33343805075884,93.5369939416387,904200
2019-05-09,93.3954086303711,93.57241525855643,92.22719189279772,92.87325426947739,637300
2019-05-10,93.8024673461914,94.05026975095913,91.9527945733829,93.07675740989629,977700
2019-05-13,91.466064453125,92.2979785814381,91.06781142478137,92.22717594240906,1200800
2019-05-14,92.36878204345703,92.89093631869817,91.68731845292547,91.7935224124153,827600
2019-05-15,92.66082000732422,92.8997771995014,91.60765956511354,91.82006070651839,871000
2019-05-16,93.28919219970703,93.78479715236864,92.86438313163204,92.86438313163204,701000
2019-05-17,92.66967010498047,93.52813342185502,92.55462089579197,92.55462089579197,684800
2019-05-20,92.0855712890625,92.51037359074775,91.82006478642609,92.14752190606288,410900
2019-05-21,93.07678985595703,93.20954311967655,92.60773417597798,92.6342834782996,423000
2019-05-22,92.60774230957031,92.97944607894196,92.43958771061607,92.74934760387117,651500
2019-05-23,91.44834899902344,91.83774993208831,90.95273737640731,91.83774993208831,972900
2019-05-24,91.61652374267578,92.0855862069364,91.34217193038776,91.89088230707576,715500
2019-05-28,90.6164321899414,92.00590158863594,90.6164321899414,91.70500057016783,552600
2019-05-29,89.99691772460938,90.3597693160912,89.49246090086503,90.22701609887234,735200
2019-05-30,90.13853454589844,90.66069550597801,89.79338016216384,90.22703445801568,705300
2019-05-31,89.1119384765625,89.56329013029789,88.94378388863464,89.26238902780763,1224500
2019-06-03,89.62523651123047,90.01464427447496,89.1561808430194,89.16503286094168,1346300
2019-06-04,91.63423156738281,91.66963289173987,90.37751493721248,90.37751493721248,659500
2019-06-05,92.35993194580078,92.40418528453615,91.40411654685322,92.12982673817751,580900
2019-06-06,92.82011413574219,93.04136727401092,92.18291076930056,92.43955846783555,518400
2019-06-07,93.42194366455078,93.79365415089774,93.11219055268784,93.14759187291665,663400
2019-06-10,93.71399688720703,94.25385518949416,93.67859556796232,93.84675014634688,391800
2019-06-11,93.61663818359375,94.4751015449488,93.36883571889554,94.27154566202627,436600
2019-06-12,93.5015869140625,93.7316920914168,93.3157350696223,93.52813621296673,1951000
2019-06-13,94.05030059814453,94.10340595380481,93.6431955493429,93.76709679236464,960200
2019-06-14,93.79365539550781,94.00605656758783,93.54584615061768,94.00605656758783,308700
2019-06-17,93.6431884765625,93.97949761260155,93.60778715949992,93.89984296118305,287900
2019-06-18,94.5635986328125,94.98840766824233,94.15649363125212,94.15649363125212,564800
2019-06-19,94.90876007080078,95.0680626269077,94.40430310181405,94.60785899377163,610900
2019-06-20,95.74067687988281,95.87343013908182,94.99726267963511,95.7760781991433,853800
2019-06-21,95.51941680908203,95.84687392453966,95.35126224275099,95.65217005870598,620400
2019-06-24,95.1104507446289,95.59053116369384,95.08377358098791,95.53719040222097,428700
2019-06-25,94.5325698852539,95.22602693260214,94.48811472769376,95.19046416313495,358000
2019-06-26,94.37255096435547,94.90597899792667,94.34588058011273,94.7726202938075,383000
2019-06-27,94.96820068359375,95.05710421463209,94.62147216451095,94.62147216451095,404400
2019-06-28,95.83949279785156,95.91061156869425,95.26160954372814,95.27050193367329,447000
2019-07-01,96.5240478515625,97.11970904251321,96.0261825914133,96.90633918572146,1172000
2019-07-02,96.41732788085938,96.52401616568547,96.03503667219489,96.45289064246808,813100
2019-07-03,97.29752349853516,97.30640910473063,96.70185552106935,96.71074791017031,228800
2019-07-05,97.17304992675781,97.19972030916371,96.27510861596407,96.87076976604591,388400
2019-07-08,96.63960266113281,97.03078630695826,96.42623284654807,96.81741649237352,349600
2019-07-09,96.60406494140625,96.6485133204416,96.15064806465122,96.21288122162501,370900
2019-07-10,96.71073913574219,97.13748559609901,96.50626168531038,96.91522336907887,741100
2019-07-11,96.90632629394531,96.95078145036123,96.41734670498835,96.85298553256985,345300
2019-07-12,97.56423950195312,97.59980227741127,97.01303343961645,97.04859621507461,379500
2019-07-15,97.4842300415039,97.66203713898432,97.27974577478604,97.66203713898432,330400
2019-07-16,97.28860473632812,97.66200358248136,97.20858682192177,97.46641177271434,478500
2019-07-17,96.47957611083984,97.2886138024682,96.47957611083984,97.2886138024682,319200
2019-07-18,96.85299682617188,97.00413352296212,96.18621009960926,96.29289163479986,271700
2019-07-19,96.44404602050781,97.27086192625903,96.40848324378769,97.14638881628552,410100
2019-07-22,96.47068786621094,96.74629082562144,96.31065880976843,96.62182453537773,413800
2019-07-23,97.30638885498047,97.33306601673176,96.65738702668456,96.75518293772708,410700
2019-07-24,97.95542907714844,98.00876985205635,97.06637998651645,97.18195392645235,359100
2019-07-25,97.3241958618164,97.79539075016594,97.11082599939326,97.79539075016594,417000
2019-07-26,97.81317901611328,97.85763418428427,97.3330984709796,97.46645040967988,1105900
2019-07-29,97.5286636352539,97.81315901782553,97.39531172381795,97.81315901782553,493700
2019-07-30,97.6175765991211,97.6175765991211,96.79076081128447,97.00413065826984,260900
2019-07-31,96.64851379394531,97.71537663960129,95.901715906601,97.57312554701832,564000
2019-08-01,95.4127197265625,97.28861329188888,95.04821323504495,96.61293428497547,921900
2019-08-02,94.64813995361328,95.15489752784951,94.17694514739944,95.14600514011781,651000
2019-08-05,91.96321868896484,93.34124038878483,91.20752171159053,93.34124038878483,1455800
2019-08-06,92.98562622070312,93.03897376996161,91.75874111424066,92.46998298584235,1056900
2019-08-07,93.11009979248047,93.34124763647019,91.25198395439176,91.88320789680408,1022800
2019-08-08,94.79039001464844,94.83483838702399,93.47459474347244,93.54572027875858,456700
2019-08-09,93.91911315917969,94.53255899171434,93.4656963793539,94.41697830853886,440400
2019-08-12,92.71893310546875,93.46573110698381,92.38998249075962,93.40349794019089,439900
2019-08-13,93.91911315917969,94.62146251368506,92.37217017159657,92.54997721553801,412000
2019-08-14,91.03860473632812,92.53220709434329,90.949701206796,92.5055367137741,701300
2019-08-15,91.0652847290039,91.4386836621945,90.44295317368625,91.31421735113096,768800
2019-08-16,92.54110717773438,92.66558027803916,91.54537663854077,91.54537663854077,564200
2019-08-19,93.60795593261719,93.90134368634922,93.35013094748035,93.52793800755182,455700
2019-08-20,92.8522720336914,93.48349595741846,92.80781687421421,93.40347802694052,442400
2019-08-21,93.60795593261719,93.70575185052786,93.3945861039505,93.56350077614704,324800
2019-08-22,93.67018127441406,94.07025051768092,93.14563895998668,93.8124255540341,337500
2019-08-23,91.13638305664062,93.65238569283036,90.754091848853,93.16341298336455,856800
2019-08-26,91.93655395507812,92.05212787519831,91.33200040578578,91.89209879500608,636000
2019-08-27,91.4208984375,92.51442476720534,91.27864736016012,92.37218047277017,440400
2019-08-28,92.21217346191406,92.2921846248801,91.03862892473458,91.19865803357298,420000
2019-08-29,93.45685577392578,93.64355529482981,92.87008003716407,93.11012712326011,570700
2019-08-30,93.49240112304688,94.11473274334851,93.28791685757294,93.88357809170536,1026700
2019-09-03,92.96784973144531,93.18121958321836,92.4255293217221,92.89672418655253,422400
2019-09-04,94.07025909423828,94.09692947516713,93.57239389582088,93.7146449713142,540000
2019-09-05,95.44828796386719,95.74167572113285,94.94153037536496,94.9859787494659,525600
2019-09-06,95.67945861816406,95.89282848518643,95.37717842221875,95.59944067871457,388400
2019-09-09,96.2039794921875,96.21287188029336,95.75056265945483,95.97282488176823,380100
2019-09-10,96.64851379394531,96.64851379394531,95.72390204087229,95.98172705899985,510600
2019-09-11,97.38641357421875,97.41308395492817,96.25731771621996,96.70184214912241,643500
2019-09-12,97.50198364257812,97.80426377214994,97.13747714907292,97.63534232377438,522800
2019-09-13,97.51978302001953,98.01764826927025,97.47532785866274,97.75093086694005,282500
2019-09-16,97.59090423583984,97.6709221717129,97.1463797427164,97.29752322538654,331500
2019-09-17,97.60867309570312,97.63534347567618,97.190819055047,97.51976956815817,283000
2019-09-18,97.50198364257812,97.51087603009901,96.64849757898806,97.43085810821955,394200
2019-09-19,97.23529052734375,97.77761095415059,97.12860220664379,97.59979708631732,250200
2019-09-20,96.79962921142578,97.61755924814668,96.68405531128988,97.41307504324047,1150800
2019-09-23,96.90685272216797,97.12124649906919,96.4601950446082,96.5584534634525,289500
2019-09-24,96.1207275390625,97.26417006378259,95.77233510779482,97.21950838683715,870400
2019-09-25,96.6656265258789,96.79962515448626,95.75444811916496,96.12070376754147,325500
2019-09-26,96.4333724975586,96.69243472175754,95.96885159532692,96.69243472175754,401700
2019-09-27,96.09392547607422,96.83537880250954,95.56687272637392,96.68351683891333,371800
2019-09-30,96.54953002929688,96.74606050769158,96.25473431170481,96.25473431170481,1065400
2019-10-01,95.04875183105469,96.97830938674365,94.92368823093851,96.71031887883257,903600
2019-10-02,93.25318908691406,94.56636374534611,92.86906321278397,94.48596181959758,721200
2019-10-03,93.93209075927734,93.93209075927734,92.13652537319149,93.11024244496731,720400
2019-10-04,94.97730255126953,95.01303598869686,94.00359193933606,94.07505199873441,303600
2019-10-07,94.46809387207031,95.20954721382033,94.4234253804642,94.69142269919105,446100
2019-10-08,92.83332061767578,93.8249011061498,92.83332061767578,93.8249011061498,574700
2019-10-09,93.65516662597656,93.9856957188194,93.27104761505583,93.56583646493792,380900
2019-10-10,94.36088562011719,94.61101961037036,93.61943915637906,93.61943915637906,325700
2019-10-11,95.64726257324219,96.43337753169277,95.30780523525421,95.30780523525421,695500
2019-10-14,95.43287658691406,95.5847385545158,95.20954775851567,95.49540838624742,229300
2019-10-15,96.24580383300781,96.53166450188974,95.62048574965858,95.73661430357889,429900
2019-10-16,96.0849838256836,96.433376219668,95.97779036012182,96.12071725268896,358400
2019-10-17,96.45124816894531,96.77284220263448,96.22791935751975,96.46911147505939,356300
2019-10-18,96.33512115478516,96.55844998552098,95.97780047797188,96.19219424715085,272300
2019-10-21,97.06765747070312,97.10338409014572,96.70139487458613,96.84432861417983,276700
2019-10-22,97.07658386230469,97.59470843524464,97.00511699387386,97.22844584612842,384200
2019-10-23,97.353515625,97.37137893426085,96.78178749681817,96.91578617036929,353500
2019-10-24,97.3981704711914,97.71082947723347,96.9872462324711,97.63043436801773,213000
2019-10-25,97.75550079345703,97.9609663264783,97.26417461587708,97.29097980184493,335100
2019-10-28,98.0592041015625,98.37186986626168,98.03240573669204,98.09493752654109,363500
2019-10-29,98.23787689208984,98.52373749295096,97.80015433790189,97.86268613135732,305800
2019-10-30,98.24681854248047,98.33614870834359,97.6482921187426,98.26468184947117,318500
2019-10-31,97.73762512207031,98.07708246471587,97.19270227239288,98.07708246471587,392200
2019-11-01,98.94358825683594,98.96145156109668,98.25573177235634,98.26466683221359,359900
2019-11-04,99.51534271240234,99.59573783166063,99.31881222249626,99.45281090338278,385300
2019-11-05,99.51534271240234,99.99773387432015,99.36348072127711,99.61360795735538,369500
2019-11-06,99.40811920166016,99.55105291203175,99.11332353560958,99.55105291203175,655900
2019-11-07,99.64932250976562,100.19424537744025,99.49745373196347,99.89944969844485,595900
2019-11-08,99.88158416748047,99.88158416748047,99.15800093618903,99.47959499797523,324500
2019-11-11,99.61357879638672,99.69397389211008,99.2562513571124,99.3634516335309,401000
2019-11-12,99.66718292236328,100.1049054898408,99.49745084263637,99.69398128959288,255800
2019-11-13,99.59571075439453,99.75650776465096,99.1401249048798,99.29198685471803,338800
2019-11-14,99.81905364990234,99.83692377326176,99.44386284481638,99.55106313860742,298700
2019-11-15,100.55156707763672,100.55156707763672,100.06917600214503,100.31037494761827,275000
2019-11-18,100.42649841308594,100.49796526854152,100.23890302910586,100.40863510694926,386600
2019-11-19,100.34609985351562,100.66769387652647,100.05130419651331,100.61409032905517,428300
2019-11-20,99.96198272705078,100.33717351469161,99.48852671186762,100.06024795459311,496900
2019-11-21,99.75652313232422,100.07811720237923,99.52426604930521,100.07811720237923,289700
2019-11-22,100.05131530761719,100.11384710706625,99.6850527569477,99.96198513918353,377800
2019-11-25,100.95355987548828,100.97142318196516,100.33717016248953,100.40863701930625,358400
2019-11-26,101.0697021484375,101.1322339527908,100.76597818885165,100.89104179755823,479400
2019-11-27,101.49848937988281,101.51635268752976,101.08756514945273,101.29302385694025,272500
2019-11-29,101.06073760986328,101.35553323674097,100.94460909720853,101.33766993304543,151000
2019-12-02,100.2121353149414,101.08758752341849,100.15853856468284,101.08758752341849,834800
2019-12-03,99.3991928100586,99.44386130230912,98.72920631903096,99.30986264101259,808500
2019-12-04,100.12278747558594,100.45330979785543,99.57786455916532,99.69399310273901,319500
2019-12-05,100.2925033569336,100.34610690817338,99.9083775144128,100.33717184705763,369100
2019-12-06,101.22154998779297,101.40914537464617,100.98035786625444,100.98035786625444,371400
2019-12-09,100.90890502929688,101.27516760841145,100.90890502929688,101.08757219549503,207600
2019-12-10,100.80168151855469,101.15008070855333,100.65875463396263,100.90888179358919,378100
2019-12-11,101.09650421142578,101.16797108056956,100.81064355030642,100.95357728859398,400500
2019-12-12,102.1595458984375,102.36500461615846,100.99823319534767,101.11436855492988,618100
2019-12-13,101.87369537353516,102.57048033842374,101.56103632716926,102.07915411166587,551500
2019-12-16,102.5168685913086,102.79379416107511,102.40966829875943,102.53473189900593,381700
2019-12-17,102.53473663330078,102.68659860983267,102.49007495426778,102.63300186881091,529600
2019-12-18,102.68660736083984,102.8027427302246,102.49008368852711,102.64194567800075,302500
2019-12-19,103.03500366210938,103.10647053585149,102.69554623501867,102.77594817184259,1710700
2019-12-20,103.56206512451172,103.6603303737395,103.3119378775524,103.36553462605616,434400
2019-12-23,103.6149673461914,103.91096050705139,103.52527431527191,103.81229612009805,330000
2019-12-24,103.68672180175781,103.74950760607659,103.57909290471959,103.70466451335714,213700
2019-12-26,103.91094207763672,103.9288847865221,103.63289167815881,103.8122777081823,335100
2019-12-27,103.7674331665039,104.16208379564672,103.64186157862143,104.16208379564672,372600
2019-12-30,103.4086685180664,103.86611184732445,103.26515420177397,103.81229055714516,582400
2019-12-31,103.79434204101562,103.82124926125678,103.15751273713398,103.27411297255848,328700
2020-01-02,104.0903549194336,104.3773767284163,103.48043271995289,104.28767685305817,700900
2020-01-03,103.49836730957031,103.66878885887611,103.07680253590205,103.13958834199266,542900
2020-01-06,103.63291931152344,103.65982653888784,102.94226854118274,102.94226854118274,570000
2020-01-07,103.543212890625,103.76744888053496,103.25619109726583,103.51630566673809,477700
2020-01-08,103.84817504882812,104.26973982301492,103.4624888557572,103.59703182415676,498300
2020-01-09,104.32353973388672,104.3594183100023,103.97373217068319,104.21591084867867,518700
2020-01-10,104.00064086914062,104.51189861055649,103.86610476071971,104.51189861055649,353000
2020-01-13,104.64643859863281,104.67334581955501,104.01858063331954,104.15312358106912,293500
2020-01-14,104.85276794433594,105.11288255770232,104.50296028849782,104.56574610254208,350900
2020-01-15,105.0141830444336,105.39089780273702,104.74509716385217,104.74509716385217,346600
2020-01-16,105.99187469482422,106.01878192090106,105.41783106138523,105.41783106138523,281600
2020-01-17,106.19816589355469,106.26095169682864,106.02774435189421,106.15331595844215,342300
2020-01-21,105.75865173339844,106.06360935508292,105.65101600878945,105.78555895376608,415000
2020-01-22,105.62410736083984,106.20712221909977,105.53441434644716,106.0456720559376,315100
2020-01-23,105.85733795166016,105.92012376391476,104.7541005587378,105.31020835523593,449900
2020-01-24,104.77201080322266,106.00082636323785,104.20693863114253,106.00082636323785,473800
2020-01-27,103.04988861083984,103.55217502690738,102.8974097835535,103.05885996630938,536500
2020-01-28,104.00960540771484,104.36838430731488,103.34586889149469,103.53422627407858,859500
2020-01-29,103.68672180175781,104.43118694092287,103.66878593329793,104.33252255654487,701500
2020-01-30,103.91094207763672,103.95579200671179,102.60140489767784,102.83461221121908,482500
2020-01-31,101.83903503417969,103.4355944545066,101.56098454998401,103.39971586894256,747600
2020-02-03,102.52069854736328,103.24722097353582,102.37718422740161,102.37718422740161,519600
2020-02-04,104.02754974365234,104.40426451471282,103.77639971980692,103.78537107430029,431200
2020-02-05,105.54340362548828,105.61516079109697,104.86173108162562,104.9693599868987,384800
2020-02-06,105.51648712158203,105.96495910249428,105.42679409402746,105.88423743063697,449200
2020-02-07,104.6644058227539,105.1039065014141,104.51192012991491,105.1039065014141,416900
2020-02-10,105.121826171875,105.121826171875,104.34148933005962,104.41324648702675,364100
2020-02-11,105.74970245361328,106.09951007769004,105.54340231583322,105.58825225456711,330300
2020-02-12,106.47621154785156,106.57487592615597,106.22506834603635,106.24300421339215,450500
2020-02-13,106.37754821777344,106.53899839812254,105.8124760081211,106.02774063420688,306400
2020-02-14,106.3955078125,106.47622949391486,106.01878610314353,106.42241503963828,547300
2020-02-18,106.0726089477539,106.29684496803058,105.58825832277948,106.18023785787695,438100
2020-02-19,106.4493179321289,106.6645825836097,106.31477495877594,106.3865321236495,348400
2020-02-20,106.42240142822266,106.71839457516661,105.43576444821541,106.25197988729019,349600
2020-02-21,105.4537124633789,105.97394165857355,105.22947644922328,105.89321313504469,371600
2020-02-24,102.26057434082031,103.05885385176776,101.81210239789976,102.6193532637845,1197800
2020-02-25,98.82527160644531,102.67316146390225,98.58309978297498,102.67316146390225,1797500
2020-02-26,97.88348388671875,100.23347933327493,97.82069808837872,99.34550680156907,1428800
2020-02-27,93.80240631103516,97.65029693933225,93.80240631103516,96.08960943315991,2006200
2020-02-28,92.80680847167969,92.94135145726455,90.09803341812477,91.21024904536188,5815800
2020-03-02,96.34971618652344,96.38559476522346,92.00851081090848,93.16556931221226,2376700
2020-03-03,93.9458999633789,98.07184043784363,93.11174188224552,96.37661705411108,1795400
2020-03-04,97.65029907226562,97.66823494189559,94.85183123334026,95.59629642107136,1295600
2020-03-05,94.15220642089844,95.9460942998352,93.38083408550449,95.12987203021217,932400
2020-03-06,92.22379302978516,92.84268665490836,90.10700438472367,91.28199897791423,2283300
2020-03-09,84.23200988769531,87.22779940518186,83.80147377939282,85.72093329083205,2468700
2020-03-10,88.28620147705078,88.34001592924743,83.64003111053616,87.03047846172306,2283500
2020-03-11,83.52342987060547,86.18734787020965,82.51885010149175,85.79269715349412,2959400
2020-03-12,75.0921401977539,80.44689607579062,74.20416770255912,77.75606452647678,3807400
2020-03-13,81.1913833618164,81.2003547196074,74.87690241886108,79.39749501950978,2484000
2020-03-16,71.41468048095703,76.53622966580275,70.76887973555803,72.37441024338628,3294000
2020-03-17,75.45989227294922,76.12363572497081,70.20380016296664,72.71524596764353,3632900
2020-03-18,70.54464721679688,72.35647109218924,66.48149197740544,70.48186141030158,2692000
2020-03-19,70.7330093383789,72.13223988651278,67.28874057886613,69.5311007358192,2218600
2020-03-20,67.29772186279297,72.24885765185563,67.10936440300074,71.3249993826731,2544900
2020-03-23,64.9065170288086,67.29771374362072,63.910179305658545,67.14372987980498,2958200
2020-03-24,71.8355484008789,71.98047276309798,68.31215604132132,68.33932763164391,2508800
2020-03-25,73.63800048828125,76.46395612590433,70.69429209217512,72.16161308544152,1991500
2020-03-26,77.87693786621094,78.42039032102154,74.37165813056725,74.38977021789937,2197200
2020-03-27,75.55818939208984,77.61426007662874,74.57091833547547,75.38610039299371,3237500
2020-03-30,77.54179382324219,77.78634497241121,75.00567353594015,75.92954878918279,2380700
2020-03-31,76.1016616821289,77.75919781386943,75.66690241141356,77.21574527028824,1201700
2020-04-01,72.35183715820312,73.72859110640336,71.62723600001193,73.1307884132803,2655800
2020-04-02,73.49308013916016,74.6252757376934,71.75402935830274,71.85366312380354,1391900
2020-04-03,72.30653381347656,73.98218174227168,71.55475435605636,73.14888752724758,1199400
2020-04-06,77.77732849121094,78.266437926976,75.02382735859378,75.02382735859378,2226700
2020-04-07,78.40225982666016,81.33691509098017,78.31168558253539,80.53079257063753,1564200
2020-04-08,81.64485931396484,82.04339423375252,78.63774915375048,79.22649203697198,1586000
2020-04-09,83.52885437011719,84.7516240995913,82.54157632369517,82.89482075864608,2168100
2020-04-13,81.72639465332031,83.2571181136993,80.71194510134728,83.20277494657704,2221400
2020-04-14,83.89116668701172,84.2625232460868,82.86765745390863,83.33865468782513,1499800
2020-04-15,81.18293762207031,81.70827795358979,80.50362037246245,81.63581578847555,1203300
2020-04-16,81.18293762207031,81.57241312159373,80.19566653628564,81.40032411741296,1633800
2020-04-17,84.21722412109375,84.4164847031064,82.83141117233713,83.41109465361725,985400
2020-04-20,82.48722076416016,83.96360095234746,82.2245506244756,82.78612198280518,1086500
2020-04-21,80.07793426513672,81.55431484996751,79.80620455511638,80.6304393641972,1148800
2020-04-22,81.58149719238281,82.15212136619282,80.92029182971054,81.57243769142168,1177100
2020-04-23,81.6539306640625,83.1574825072536,81.60864008555872,81.94377239951935,904900
2020-04-24,82.82237243652344,83.15749790215358,81.4999688417875,82.19739827140485,1099200
2020-04-27,85.20449829101562,85.52151162668963,83.31147086486769,83.38392611989858,1562900
2020-04-28,86.3819808959961,87.63192210338009,85.60302992446961,86.6989942192052,2456500
2020-04-29,89.38006591796875,89.80577264636413,88.14823632913843,88.4109065851776,1928100
2020-04-30,87.07942962646484,88.24785634432307,86.6808945539128,88.24785634432307,2126900
2020-05-01,83.93644714355469,85.38565605697234,83.49262842546466,85.2135670334364,1327800
2020-05-04,83.99983978271484,84.10853302962632,82.26984879253448,82.93104704105528,2316300
2020-05-05,84.38027954101562,85.84760066027144,84.22629568288333,85.11394010064353,1218400
2020-05-06,83.16656494140625,85.18640505924962,83.13033385068552,84.8784442433104,1284700
2020-05-07,84.66106414794922,85.77514081245046,84.3621628339127,84.3621628339127,1749500
2020-05-08,86.97979736328125,87.12472172321633,85.64833417546645,85.95629498514158,1453400
2020-05-11,85.94721984863281,86.63559661234008,85.23167149997452,86.0377941019271,1370000
2020-05-12,83.70096588134766,86.53598138762308,83.70096588134766,86.26425165919134,2404800
2020-05-13,81.24635314941406,83.33865530844945,80.52175211469223,83.32959580878304,2939300
2020-05-14,82.50535583496094,82.53253433453217,78.80081508638496,80.123218740199,3231100
2020-05-15,82.65933227539062,82.96728613916727,81.20106389604113,81.717344775599,1013400
2020-05-18,87.17906188964844,87.65911172218621,85.43095159300469,85.45812318195988,1905200
2020-05-19,85.97441101074219,87.45079862607915,85.92006782846569,86.88922707118344,1549300
2020-05-20,87.54133605957031,88.02138572865559,87.13374163290398,87.19714428900258,924800
2020-05-21,87.15188598632812,87.94894916784119,86.6265455912891,87.38738459623755,662800
2020-05-22,87.22434997558594,87.2968052405964,86.35481769172652,87.16094729971842,947900
2020-05-26,90.05030059814453,90.72961790545166,89.70611565017653,89.70611565017653,1638300
2020-05-27,92.2784652709961,92.32375585795596,90.06842421689623,91.93428030537049,2545100
2020-05-28,91.35459899902344,93.09364977972368,91.11910037964522,93.09364977972368,1381300
2020-05-29,91.2187271118164,91.51762838524536,89.77857773863272,90.80207999296377,1500200
2020-06-01,92.28752899169922,92.58643029441006,90.95606583450878,91.06475910196009,1369900
2020-06-02,93.45596313476562,93.45596313476562,92.4596322902056,92.86721998240654,1442500
2020-06-03,95.9830093383789,96.3090822037857,94.28924233809212,94.28924233809212,4706600
2020-06-04,96.47212219238281,96.73479239421863,95.15877118320374,95.55730623569578,2275000
2020-06-05,100.03173828125,101.29979170349411,99.56980058579086,100.12231253849988,5838300
2020-06-08,102.43199157714844,102.49540116134622,100.94655158150921,101.36320562135454,1944000
2020-06-09,99.86872100830078,100.98279771585634,99.32526845019751,100.98279771585634,4173000
2020-06-10,97.4050521850586,99.63321228509871,97.30541841994362,99.63321228509871,2135600
2020-06-11,90.66621398925781,94.22583690712463,90.33108854488954,93.38348318120583,2533700
2020-06-12,92.47775268554688,94.12622951396118,90.34922593775983,93.60088899788825,3291700
2020-06-15,93.5012435913086,93.97223391591318,89.31664620534264,90.05030673592086,1740400
2020-06-16,95.4486083984375,97.1695469667308,93.77296041498337,96.91593627652668,1438300
2020-06-17,94.37981414794922,95.63881499154756,94.18960613312927,95.63881499154756,1013800
2020-06-18,94.31639862060547,94.88702949765873,93.31100860047276,93.4831045043932,733300
2020-06-19,93.33820343017578,95.83808621635903,92.83097512730858,95.78374304155558,1534200
2020-06-22,93.44278717041016,93.70654514580721,92.20585656668155,92.94256227002873,2112100
2020-06-23,93.55193328857422,94.57967416977922,93.49736506413582,94.42505957454316,799100
2020-06-24,90.45960998535156,92.63333223191228,89.80476351226378,92.63333223191228,1681200
2020-06-25,91.38732147216797,91.487360918571,89.46825999085321,90.04124724803087,1116900
2020-06-26,89.53191375732422,91.18721700472457,89.18629649247721,91.03259546777096,1577600
2020-06-29,91.31453704833984,91.40548639327142,89.52280650332783,90.19583998260978,798600
2020-06-30,92.55148315429688,93.04261802642301,91.00531627412389,91.22360306550755,972800
2020-07-01,92.42414855957031,93.47917358179464,91.98758193517298,92.80614001904856,1211400
2020-07-02,92.97895812988281,94.37050354480691,92.78795544168494,93.82480041293358,819200
2020-07-06,93.99761962890625,94.83436504952148,93.64291218018907,94.3887082183884,752100
2020-07-07,92.49691009521484,93.57012922417626,92.37867661809737,93.27908710135578,614500
2020-07-08,92.76976013183594,93.06080223900362,91.86025267956303,92.61514553030743,1398200
2020-07-09,91.2963638305664,92.81524668707294,90.40505033244057,92.76067151647925,5261000
2020-07-10,92.83341979980469,92.8516068946016,91.20540072534583,91.2235947591335,4634900
2020-07-13,92.39686584472656,94.35230840515214,92.32411051658809,93.37913563400896,3302900
2020-07-14,93.89755249023438,93.99759887049557,91.83297351546297,92.09673152351598,1397000
2020-07-15,96.07125854492188,96.37139763472506,95.06170483484966,95.49827141447159,1351300
2020-07-16,95.93484497070312,96.3532175479794,95.2527144109936,95.50737537637995,977100
2020-07-17,96.26225280761719,96.53510778315187,95.69836270203122,96.28954385636287,650000
2020-07-20,95.75293731689453,96.26225923698735,95.41642402211495,96.05307642223097,1220700
2020-07-21,96.70793914794922,97.25364228840773,96.31685062513878,96.37141885748706,1767200
2020-07-22,97.48101043701172,97.53557866446852,96.36231320120837,96.48964369126841,1107500
2020-07-23,97.31729125976562,98.15403639776284,96.75339417685929,97.39914359459566,1294300
2020-07-24,96.60787963867188,97.17176980031255,96.27135939392528,97.01715520366855,2315900
2020-07-27,96.99898529052734,97.06265054389303,96.01671543374918,96.67156200493463,1007100
2020-07-28,96.40779113769531,97.11720584903598,96.28955766546896,96.68973623092269,787200
2020-07-29,97.99032592773438,98.19951568415978,96.77158933505409,96.77158933505409,826500
2020-07-30,97.2172622680664,97.38097390597947,96.09857185815378,96.91712310872713,1173800
2020-07-31,97.17179870605469,97.17179870605469,95.6893036627225,97.08994634430307,1888700
2020-08-03,97.40824127197266,97.72656747456591,96.79887297858119,97.3354790145254,1053600
2020-08-04,97.89027404785156,97.97213331801574,97.22633756502971,97.28090578581221,710400
2020-08-05,98.68155670166016,98.77250605736577,98.37232750446282,98.51784508579361,1429600
2020-08-06,98.60877990722656,98.74520739017203,98.1176451320169,98.34502195726267,1786000
2020-08-07,99.60923767089844,99.60923767089844,98.19950550191226,98.25407372010821,1620000
2020-08-10,100.65519714355469,100.75524352743503,99.77297372515078,99.80026477992962,3978700
2020-08-11,100.5460433959961,102.13768130721907,100.25500131264637,101.69201769600339,4910300
2020-08-12,101.13725280761719,101.592006654664,100.77345528117414,101.42829499216744,1522100
2020-08-13,100.64610290527344,101.1554248828962,100.36415086281096,100.68247709882519,1583500
2020-08-14,100.93714141845703,101.22818352940789,100.29138501263702,100.38234131023957,649800
2020-08-17,100.98259735107422,101.12812185402954,100.70065230033603,101.08264371210845,821400
2020-08-18,100.40052032470703,100.98260449975436,100.23680871678805,100.95532038826632,696900
2020-08-19,100.00943756103516,100.82799564721773,99.80025473506085,100.5369535431296,981900
2020-08-20,99.54556274414062,99.8093206713897,99.02714390478609,99.32728295362014,613500
2020-08-21,99.36368560791016,99.50921012578614,99.04535939879513,99.41825383261818,574500
2020-08-24,100.99170684814453,100.99170684814453,99.64563278541632,99.94577190561121,967200
2020-08-25,100.99170684814453,101.50102879345143,100.41871965967427,101.41007943735964,1465200
2020-08-26,100.81890106201172,101.0553749457227,100.44600660980525,100.86437921083774,935800
2020-08-27,101.33734130859375,101.75571399743696,100.98263387807468,101.18272667251985,1743600
2020-08-28,102.174072265625,102.23774445395529,101.23728062293301,101.71022842286932,720400
2020-08-31,101.3191146850586,102.1376726434808,101.3191146850586,101.98305112873047,1603200
2020-09-01,101.8375473022461,101.85573439755699,100.69156600591316,101.06446738020051,2348400
2020-09-02,103.64747619628906,103.96580244064357,101.9466946350354,102.05583803552481,1904800
2020-09-03,101.26456451416016,104.09313347234726,100.49148450562166,103.54743034508431,1864800
2020-09-04,101.02808380126953,102.22863329342005,99.54558229620365,101.9830624092354,3138700
2020-09-08,98.92713165283203,100.01854485959558,98.71794880535516,100.01854485959558,1584400
2020-09-09,100.0730972290039,100.82799002970269,99.48191603642063,99.70020280656846,1899000
2020-09-10,98.63610076904297,100.9007797884109,98.47238911630544,100.31869545400916,2408900
2020-09-11,99.15451049804688,99.59107717718551,98.28138407876153,99.14542041857979,1330100
2020-09-14,100.7552490234375,101.08267230872589,99.84574143963468,99.9548848477282,984900
2020-09-15,100.85528564453125,101.61017853133127,100.72795515025071,101.26456124200564,1354700
2020-09-16,101.52832794189453,102.719787581813,101.22819571624359,101.4100944553649,1321900
2020-09-17,101.09175872802734,101.46465319001264,99.78206572419488,100.26410358283003,1613000
2020-09-18,99.87301635742188,101.24637462537937,99.34550728104014,101.16452228109294,1173500
2020-09-21,97.35774230957031,98.32620809695196,96.30705901380595,98.22570686457708,1780800
2020-09-22,97.81458282470703,98.2074494548622,96.96489485579191,97.45826273811751,1372500
2020-09-23,95.71319580078125,98.52720956631569,95.66751088491701,98.04298012852846,1508300
2020-09-24,95.8685073852539,96.97401396896251,94.5437285542536,95.47564083314762,2346200
2020-09-25,97.20244598388672,97.45826482378048,95.29293609286493,95.47566184406318,1121600
2020-09-28,99.07539367675781,99.4134369363348,98.33533852115674,98.44497812916332,1276600
2020-09-29,98.28053283691406,99.09367418196685,97.78716500330792,99.05712764201012,1128000
2020-09-30,98.77391052246094,99.79719283169452,98.13436343577773,98.58204639645597,1771400
2020-10-01,99.1302261352539,99.7789115711949,98.40844761540798,99.26727392494062,1076600
2020-10-02,99.56878662109375,99.95251489028824,97.49481374468115,97.54963007726872,1907300
2020-10-05,101.31383514404297,101.42347477386498,100.24487489280482,100.24487489280482,1204000
2020-10-06,100.27227783203125,102.6842937980925,100.10782188113889,101.82546750226128,2366500
2020-10-07,102.09957122802734,102.38279823307573,101.2681530292148,101.2681530292148,2988700
2020-10-08,103.60707092285156,103.62534070758281,102.58378871440793,102.70256671205017,4542400
2020-10-09,103.76239013671875,104.43848371114086,103.45175499757936,104.17352651982439,1831000
2020-10-12,104.5663833618164,104.77652420792319,103.91769801071865,104.21006333755903,1469700
2020-10-13,103.50659942626953,104.292332835773,103.20509561250947,104.1096000832479,992400
2020-10-14,103.22335052490234,104.27403400473267,103.12284927492095,103.65275671872972,764800
2020-10-15,103.69845581054688,103.77154890607451,101.93512496155469,102.09044256164499,1052000
2020-10-16,103.60707092285156,104.22834816181025,103.48829292520932,103.93598281233203,896000
2020-10-19,102.22747039794922,104.15525684991987,102.01733650254381,103.8080751698145,1286200
2020-10-20,102.7848129272461,103.84464189973349,102.63862673633422,102.77567454767879,1585100
2020-10-21,102.4375991821289,103.24160206938136,102.37364448621723,102.72082612537507,1077800
2020-10-22,103.7441177368164,103.84461897824951,102.20005954619847,102.54724121716939,1227500
2020-10-23,104.29231262207031,104.38367549535423,103.43348627801262,104.27403586508927,1280900
2020-10-26,101.86199951171875,103.1685085544901,100.85699416432672,103.1685085544901,1813300
2020-10-27,100.63774108886719,101.97165854522439,100.61946433203826,101.88029567270081,1244700
2020-10-28,97.55876922607422,99.40433143721474,97.41259001450692,98.7099610132828,2317500
2020-10-29,98.54549407958984,99.294680753188,96.8004333201675,97.40344079846214,1970700
2020-10-30,98.2257308959961,98.62772895330738,96.84612843540076,97.98818183676161,1844600
2020-11-02,100.41845703125,100.55549783870345,98.92921519855354,99.57790057914482,1862200
2020-11-03,102.51069641113281,103.0771573296501,101.67014689633153,101.76150976175953,2303200
2020-11-04,102.59293365478516,104.31971769974791,101.68842938612376,102.9492537294257,3016900
2020-11-05,104.58466339111328,105.12370914757581,103.70756738312275,103.79893024364561,2319800
2020-11-06,104.15525817871094,104.90444484468358,103.87203119844689,104.50243986324558,1548100
2020-11-09,108.62297821044922,111.88468231552943,108.48593041365616,110.66953587212649,4505900
2020-11-10,109.21684265136719,109.45439169088718,108.18442897161293,108.65952008011271,3757600
2020-11-11,109.01585388183594,109.96604318902735,108.47680799911045,109.93863502150451,2885600
2020-11-12,107.31646728515625,108.59556841849701,106.43937115757585,108.3214728290167,2249900
2020-11-13,109.68277740478516,109.95686595369872,107.99253331906101,108.11131129707499,3897800
2020-11-16,111.9760513305664,112.02173625551625,110.66954194116686,111.76591740509522,3030400
2020-11-17,111.71109008789062,111.97604730789136,110.23099337204322,111.23599894996765,1795000
2020-11-18,110.38628387451172,112.38716313120402,110.34059896241213,111.95775005140806,2234300
2020-11-19,110.94361877441406,110.99843509864442,109.47265366288879,110.0391145719147,1785400
2020-11-20,110.31322479248047,111.00759524121405,110.15790719634855,110.9070939800602,1435500
2020-11-23,111.9486312866211,112.27754319384961,111.05326540514137,111.14462827480703,1635000
2020-11-24,114.3880615234375,114.59820240830025,113.11809874726926,113.49269559446878,2984800
2020-11-25,113.53837585449219,114.08656705378556,113.08155450210813,114.08656705378556,3255500
2020-11-27,113.48355102539062,113.91296417976466,113.19118566057811,113.81246293212222,861400
2020-11-30,112.26840209960938,113.25513779742279,111.81158079179278,113.18204471524254,1823300
2020-12-01,113.3099594116211,114.18706249763586,113.21859653990215,113.6754178690372,4167500
2020-12-02,113.62973022460938,113.74850125065754,112.65213294248153,113.02672277573478,2231800
2020-12-03,114.26927185058594,114.89054905471332,113.65713302358172,113.83985874280886,1534900
2020-12-04,116.105712890625,116.12398267709959,114.80834196417536,114.80834196417536,1117400
2020-12-07,115.53011322021484,115.93211822693415,115.10070701913061,115.91384844051073,3665800
2020-12-08,115.84989166259766,116.0965721128792,114.78092445660356,114.85401754207227,2336600
2020-12-09,115.47528076171875,116.4437396293226,114.8174570137088,116.3341069850139,2372100
2020-12-10,115.57579040527344,115.73110797636674,114.67128617124422,114.79005720139676,2550300
2020-12-11,114.8631591796875,115.29257235582563,114.05001774976061,114.81747425733815,1805500
2020-12-14,114.04086303710938,116.24274493281125,113.98604671457389,116.04174245612849,2101300
2020-12-15,115.9321060180664,115.95951418008538,114.39718621014724,114.79919117453122,2874200
2020-12-16,115.6854248046875,116.12396933509575,115.2925582204878,116.12396933509575,2062400
2020-12-17,116.34324645996094,116.3889313786174,115.75851574796597,116.22447543021006,2290200
2020-12-18,116.06915283203125,116.58992881767341,115.2560115030556,116.52597411664857,4389300
2020-12-21,115.14498901367188,115.44754541401647,113.24714603995623,114.21899323546828,2145400
2020-12-22,114.70491790771484,115.22751216783209,114.52155420043327,115.20917859505475,1177400
2020-12-23,115.37418365478516,115.9242886801789,115.09913813696426,115.15414584155324,3870400
2020-12-24,115.59423828125,115.66758655684936,115.01662935450075,115.51171972248159,886000
2020-12-28,115.94263458251953,116.65776279774607,115.81427859490844,116.45605853296388,1272600
2020-12-29,115.36504364013672,116.53858820728351,115.00747949842409,116.38272834958876,1986700
2020-12-30,116.19019317626953,116.44690517338039,115.54840618861509,115.54840618861509,832600
2020-12-31,116.93282318115234,117.07951275045478,115.60341179906403,116.17185049294426,1614900
2021-01-04,115.24584197998047,117.55626378764758,114.25566820014282,117.3178853800585,3623900
2021-01-05,116.22686004638672,116.80446903338824,115.09915991963787,115.11749349301188,3296600
2021-01-06,119.0048599243164,119.7658325693032,116.74944584485829,116.76778641177762,4797800
2021-01-07,120.18759155273438,120.56349630560135,119.58247863198604,119.83002737042969,2602400
2021-01-08,120.3984375,120.72848373388426,119.1332043111015,120.67347602823689,1470800
2021-01-11,120.26091766357422,120.52680692353793,119.12404032426288,119.27991416065748,1723700
2021-01-12,121.20526123046875,121.33361722885117,120.19675381167959,120.40762138264616,1513300
2021-01-13,120.81104278564453,121.24195525238669,120.39847088912181,121.08609537991171,2199800
2021-01-14,121.21443176269531,121.92038271962817,121.07689849295556,121.29694333068687,1925000
2021-01-15,120.3067626953125,120.6734901022341,119.1973892062808,120.38927426340678,2199200
2021-01-19,120.8843765258789,121.21443680131885,120.48096796814626,121.15941509728353,1689700
2021-01-20,121.63615417480469,121.79201400575859,120.87518159561631,121.26942680664871,1676100
2021-01-21,121.02189636230469,121.76452848798539,120.80185151442525,121.49865320449956,2770800
2021-01-22,120.50847625732422,120.74684769122646,119.77500739717625,120.29760868157396,1547200
2021-01-25,120.3984375,120.79266871697433,119.02318889980674,120.10504441687772,2302800
2021-01-26,119.80252075195312,121.02190985578594,119.62832031001187,120.82936884370454,2425700
2021-01-27,117.0428237915039,118.50974719065256,116.44688135162261,118.16136040284633,3483000
2021-01-28,118.078857421875,119.11488267538363,117.76713771383407,117.78547828188191,2472600
2021-01-29,115.97930145263672,118.14302652944598,115.3650254082982,117.7762991563268,2603600
2021-02-01,117.51959228515625,117.84048928104322,116.19935813887726,116.9328269939369,1905300
2021-02-02,119.06903839111328,119.68331451877572,118.4455989742933,118.59229553934075,2524400
2021-02-03,119.38079071044922,119.61916217351698,118.5281290341468,118.85818936210957,2945000
2021-02-04,120.90271759033203,120.9210581605413,119.53664588949586,119.64666133123943,1358100
2021-02-05,121.52613830566406,121.92036952546275,121.3060934917459,121.71866527680918,1398200
2021-02-08,122.94725799560547,122.94725799560547,121.91123267465062,122.15878139527145,908200
2021-02-09,122.9013900756836,123.16726532497081,122.36962558735651,122.74553024130796,1483700
2021-02-10,123.27731323242188,123.69904837938327,122.44299223811139,123.46984023741366,2615000
2021-02-11,123.3139877319336,123.81824847228295,122.28713967140806,123.50652873815993,2329100
2021-02-12,124.05661010742188,124.1116178220635,122.93807327719388,122.99308099183551,1676600
2021-02-16,124.14827728271484,124.71670888777255,123.864061480186,124.63419733021618,949600
2021-02-17,124.0841064453125,124.1299508679872,123.14894737356606,123.75404618770975,1569000
2021-02-18,123.3873291015625,123.69904881820584,122.67220081526081,123.35982524360895,1767400
2021-02-19,124.32250213623047,124.67088899993263,123.98326457216533,124.01076843009564,1586500
2021-02-22,124.53336334228516,125.24849159141479,123.76322738010772,123.76322738010772,3109800
2021-02-23,124.86341094970703,125.28514603348079,122.71802641985101,124.40499473445134,3126800
2021-02-24,126.8345947265625,127.01795841420413,124.68004691470608,124.8084028950305,3127000
2021-02-25,123.88240051269531,126.91711379028331,123.37815383931024,126.7887578023711,2648200
2021-02-26,123.03892517089844,124.46001841856406,122.05792161899349,124.21246971341799,3919800
2021-03-01,125.82611083984375,126.47705415044025,124.65256623308042,124.65256623308042,1647800
2021-03-02,125.2026596069336,126.05532121315392,124.9734514532918,125.8627802086024,7091100
2021-03-03,124.56084442138672,126.04610836109572,124.56084442138672,125.24846868825222,3769200
2021-03-04,122.86473083496094,125.05596017412711,121.02190235809275,124.5333728704353,4664600
2021-03-05,125.67023468017578,126.02779878759073,121.57199237762956,124.47834965887482,4718900
2021-03-08,126.49537658691406,128.1273372589389,125.74356724891781,126.19282019404386,5378700
2021-03-09,126.6787338256836,127.90728591126356,126.57788169986718,127.51305468564189,4569400
2021-03-10,127.98064422607422,128.51240875030993,127.12799672342716,127.19216772320799,4141500
2021-03-11,128.84246826171875,129.61260419315502,128.19152503029767,128.47574086286915,2886800
2021-03-12,129.823486328125,129.84181290532334,128.8149649920721,128.99832869233074,2890300
2021-03-15,130.92372131347656,130.99706961326459,129.3651084148147,130.08940014186518,3732300
2021-03-16,129.71347045898438,130.76783632762206,129.40175073702403,130.7403324691994,2960800
2021-03-17,130.38275146484375,130.4194186080822,128.86996949838488,129.4475784301013,2329200
2021-03-18,129.1083526611328,131.0428557055202,128.83330012746416,129.97016341499017,3131300
2021-03-19,128.86996459960938,129.71344875956225,127.81561289710648,129.09000941993511,4131100
2021-03-22,129.04127502441406,129.46495726051447,128.44257404996836,129.09653670265817,3249100
2021-03-23,127.18075561523438,128.82025146360607,126.76627885434894,128.57155978533584,3110600
2021-03-24,127.01493835449219,128.7833966427974,127.01493835449219,127.80705531854824,3069000
2021-03-25,128.54391479492188,128.82944288646385,125.78071795391548,126.61889103539711,4005600
2021-03-26,130.94789123535156,131.04000341467702,128.9307553754943,129.29919003845075,3298800
2021-03-29,130.2663116455078,130.87421836394066,129.56630679219978,130.46894721831876,2355900
2021-03-30,130.5150146484375,130.76370633745887,129.82421533231556,129.9163275295377,3239900
2021-03-31,130.47817993164062,131.13212875580254,130.3031751872077,130.68081552473683,5188800
2021-04-01,131.7860107421875,131.795216334642,130.57941757668752,130.9202072039186,4569200
2021-04-05,132.9834747314453,133.17689066450936,132.42162407339404,132.79925034177785,2611300
2021-04-06,133.158447265625,133.52686784716468,132.84527431153754,132.90053599333405,2715600
2021-04-07,132.6610870361328,133.33346103854782,132.3202972363678,133.23214325289516,2521700
2021-04-08,132.9097900390625,132.9374208871114,132.1084532826012,132.90057038681425,2442900
2021-04-09,133.67425537109375,133.70188621481756,132.7900262088949,133.1031851406618,2340100
2021-04-12,133.90451049804688,133.9781974265551,133.41634689423137,133.69265530820653,1682800
2021-04-13,133.67425537109375,133.9137273681486,132.9926617657666,133.6005684363817,2648000
2021-04-14,133.8860626220703,134.5584364063353,133.63737103718353,133.71105795323675,2033500
2021-04-15,134.93614196777344,135.01903451812285,134.0703378525267,134.5400904132047,2824300
2021-04-16,135.5347900390625,135.76505642652563,135.15716384492512,135.59927137363775,1578600
2021-04-19,134.89927673339844,135.4150712313077,134.5032112089957,135.37822073611648,1987600
2021-04-20,133.89527893066406,134.65976493475617,133.37948453135934,134.57687241794147,3054400
2021-04-21,135.66375732421875,135.71903307046682,133.65584089529185,133.80321477659294,3009300
2021-04-22,134.80712890625,136.1242456469929,134.4571195662071,135.74661952437754,2459100
2021-04-23,136.26243591308594,136.64007615109008,134.88083762664152,135.01899183354814,1597400
2021-04-26,136.4927520751953,136.92565415384826,136.2256351052947,136.50195767423165,1721400
2021-04-27,136.64010620117188,136.76905484075814,136.1795733377427,136.4927323118311,1416700
2021-04-28,136.67691040039062,137.01770014153504,136.45584961853396,136.74139173214462,1678200
2021-04-29,137.57037353515625,137.71774742022208,136.56641529504645,137.41379405265405,2276800
2021-04-30,136.57557678222656,137.18348332102508,136.23478708063163,136.9255861326274,1766000
2021-05-03,137.38612365722656,137.98481056823746,137.02690869975137,137.36769841331053,2499100
2021-05-04,137.2295684814453,137.23877407785926,135.98612430262577,136.90718990046375,3329900
2021-05-05,137.5150909423828,137.9111423871649,136.71375434809113,137.63481990824863,2963500
2021-05-06,138.215087890625,138.27034957241347,136.65848493331035,137.52428875958083,2270800
2021-05-07,139.67034912109375,139.74403603561967,137.855849257126,138.04927916454926,3671100
2021-05-10,139.20065307617188,140.7848870831736,139.12696613929432,140.03881211766833,4154400
2021-05-11,137.52430725097656,138.31642425658833,136.32691911863137,137.73614841109767,4273700
2021-05-12,134.4755859375,137.31246984790857,134.2729503685889,136.93482955545187,4357100
2021-05-13,136.2900848388672,136.9532532287042,134.54006573223117,134.72427605066446,2993700
2021-05-14,138.4269561767578,138.7493347895555,137.07300254430993,137.1098389879468,2992200
2021-05-17,138.2795867919922,138.51905879495072,137.4414137001182,138.07695123012493,3319500
2021-05-18,137.0545654296875,138.49142553102817,137.0453457788162,138.45458909058044,2383100
2021-05-19,136.34532165527344,136.39137774006628,134.4110785287247,135.45188701679885,3919400
2021-05-20,137.37693786621094,137.83747069721312,136.34534882215698,136.59404048611523,2460200
2021-05-21,137.5611572265625,138.59274623300436,137.24798423159595,137.85589091939755,2968500
2021-05-24,138.35325622558594,138.81378897986886,137.9571907486436,138.27034964851333,3187600
2021-05-25,137.7730255126953,138.8875072720879,137.57038991019687,138.7493530223612,1637300
2021-05-26,138.2427520751953,138.33486426995606,137.7545883625282,137.96642954526072,3546000
2021-05-27,138.92433166503906,139.09933638470125,138.71249050382255,138.89670082028675,1843300
2021-05-28,139.19140625,139.53221002331492,138.86904177523715,139.40326142254108,1552200
2021-06-01,139.65196228027344,140.30592504255347,139.29274725714657,140.1769764202604,2395400
2021-06-02,139.75328063964844,139.98354704143924,139.28354223955972,139.9098601063447,1741100
2021-06-03,139.5506591796875,139.80855645139934,138.53749534206167,139.1454020772455,2884300
2021-06-04,140.241455078125,140.39803455686942,139.65197360635614,140.12172609693627,2075800
2021-06-07,139.99278259277344,140.49015189322094,139.77172176238153,140.49015189322094,2400100
2021-06-08,140.1677703857422,140.3519947677819,139.338816883952,140.14013953930566,1646000
2021-06-09,139.5322265625,140.3519743476601,139.5322265625,140.3519743476601,1600900
2021-06-10,139.79937744140625,140.43491514411707,139.2835827998873,140.15859257063195,1756400
2021-06-11,140.1677703857422,140.26908817412516,139.63356465173783,140.0204105561964,1315500
2021-06-14,139.73487854003906,140.24145341346807,139.06249048392456,140.1401356279129,1441900
2021-06-15,139.75328063964844,140.06645362738672,139.2374861483324,139.86381806946318,2714500
2021-06-16,138.80458068847656,139.7440715193093,138.19667403003507,139.65195933917738,2776700
2021-06-17,137.44140625,138.99800932071878,136.4927098319309,138.62957465804686,3518800
2021-06-18,135.0742645263672,136.32691430368882,135.00979724267083,136.20718533272535,2341900
2021-06-21,137.6791229248047,137.7437753634679,135.85941118596617,135.95177382615802,4364700
2021-06-22,137.9654998779297,138.33497870526682,137.09720912950223,137.7253400496319,2095500
2021-06-23,137.7345428466797,138.3349493373171,137.69760060967417,138.0855575244306,2445700
2021-06-24,138.63980102539062,138.79683022715167,138.06710463135462,138.4181193733578,1848400
2021-06-25,139.6096649169922,139.77594020830654,138.85222930794407,139.0092584696405,2162900
2021-06-28,139.02772521972656,139.86830553799203,138.53815956067308,139.8498273731098,2222200
2021-06-29,138.9261474609375,139.7297857235072,138.8337848053327,139.29564036749633,1883000
2021-06-30,139.23095703125,139.43417458166982,138.85224622793262,138.85224622793262,2614000
2021-07-01,140.20089721679688,140.38563665420423,139.60972256026398,139.69285319288994,2159200
2021-07-02,140.61656188964844,140.73664886437766,140.0530974543492,140.46877879926868,1228400
2021-07-06,139.3880157470703,140.50571251120854,138.43659432974022,140.50571251120854,2424500
2021-07-07,139.7205810546875,139.87761030105705,138.6306083699868,139.3326239587067,2481700
2021-07-08,138.43655395507812,138.9723079912083,137.28191528101573,137.9469882848525,3747100
2021-07-09,140.4040985107422,140.50570730371615,139.2494595427262,139.30487995803674,3006800
2021-07-12,140.856689453125,140.9028637253855,139.68357258666785,140.06229746323672,1809600
2021-07-13,139.5265655517578,140.6350160613778,139.48960921443316,140.5611174814414,2234300
2021-07-14,139.32330322265625,140.53336212911526,139.00924492985328,139.96989797098834,2338600
2021-07-15,138.95387268066406,139.28640928514005,138.24262518627728,138.6675244563376,5040600
2021-07-16,137.91929626464844,139.56350082567403,137.7437889079021,139.41570367318107,2092400
2021-07-19,135.42529296875,136.17349674898233,134.50158181395182,135.9610471298986,6121100
2021-07-20,137.99319458007812,138.4273399055105,135.5823081516033,135.74858347152167,2391600
2021-07-21,139.37875366210938,139.56349304507032,138.6767383689732,138.69520244097126,1733600
2021-07-22,138.9907989501953,139.36952385287876,138.47352303175535,139.36952385287876,1664700
2021-07-23,140.14541625976562,140.28396725429567,139.18474904865897,139.67432878365398,2106100
2021-07-26,140.54263305664062,140.7643287865812,139.94222650161433,140.0253571148249,2110500
2021-07-27,140.29324340820312,140.41331626425637,139.48037314710405,140.09002584292836,4277300
2021-07-28,140.3671112060547,140.92132927596387,139.5450090885197,140.5333723986146,2638000
2021-07-29,141.42018127441406,141.8727907127256,140.90289119607974,141.01374611736526,2714100
2021-07-30,141.03219604492188,141.90973281630235,140.847456654262,140.8844129892212,2070000
2021-08-02,140.81973266601562,142.52860357544577,140.7550802282337,141.67879118582607,2172000
2021-08-03,142.00210571289062,142.02058388170383,139.9699440795422,141.06916256116278,2180700
2021-08-04,140.6627197265625,141.68803957159668,140.6627197265625,141.30008261600432,2270300
2021-08-05,141.7249755859375,141.7249755859375,141.10609089148892,141.17998946474256,1476400
2021-08-06,142.30691528320312,142.59326343981672,141.9189583521739,142.17759630619338,1910600
2021-08-09,141.9835968017578,142.32536529595325,141.56791565565044,142.08520555607384,1861900
2021-08-10,142.64871215820312,143.0274371284415,141.98365306923034,142.1683924880958,1845700
2021-08-11,143.5631866455078,143.5724186830012,142.5009244505056,142.9443018603215,2127200
2021-08-12,143.48927307128906,143.60012798319747,142.83344610992884,143.49851920253025,1601800
2021-08-13,143.47076416015625,143.74786611654557,143.2952568579711,143.6185471719946,1672800
2021-08-16,143.5170135498047,143.56320193161704,142.32543222945102,142.94431708053403,2458800
2021-08-17,142.43624877929688,142.74107513361585,141.2723778675713,142.69488675968032,3097700
2021-08-18,140.9675750732422,142.6025479397659,140.8751983099322,142.10373596943623,1788100
2021-08-19,140.65345764160156,141.1522553080279,139.68355841246836,139.89600796532503,2900600
2021-08-20,141.6695556640625,141.8265848472465,140.37636586448147,140.61652565734317,2207100
2021-08-23,142.73184204101562,143.05513246674735,142.39930548373746,142.48243609937882,1745500
2021-08-24,143.31378173828125,143.5816658694073,142.99049128707438,143.0643898717052,1144400
2021-08-25,144.07122802734375,144.4222427718119,143.07361830205014,143.452343253217,1225400
2021-08-26,143.0828399658203,143.99731900471775,142.9442889423718,143.96037676336897,1735300
2021-08-27,144.61622619628906,144.8379219629537,143.4061667545132,143.4061667545132,1623800
2021-08-30,144.4037628173828,144.91180675843455,144.25596565367445,144.73629938837,1514900
2021-08-31,144.3760223388672,144.56999374268918,144.06196400287232,144.4037325394132,1477800
2021-09-01,144.4037628173828,144.73629938837,143.8864868391168,144.73629938837,1300100
2021-09-02,145.38287353515625,145.44754007053268,144.87482966688162,144.94872823814987,1321600
2021-09-03,144.91180419921875,145.22586259551764,144.7547750010693,145.09654360323498,1118900
2021-09-07,143.70172119140625,144.8933021312741,143.57238812574312,144.66237439066546,1626100
2021-09-08,143.60939025878906,144.00657933385074,143.00898357960247,143.4708392081199,1438600
2021-09-09,143.2029266357422,144.32062323665204,143.14750622647122,143.49852094480386,1464200
2021-09-10,142.26072692871094,144.00654016587896,142.22378469015206,143.9049313914528,1987200
2021-09-13,142.6579132080078,143.4800153426657,141.9466518706985,143.3137400519331,2194700
2021-09-14,141.64186096191406,143.18445685405936,141.33703459835772,143.09209419810222,2146300
2021-09-15,142.89810180664062,143.1105514093382,141.3739841566639,141.66956437415018,2816800
2021-09-16,142.63021850585938,143.17520461165043,141.88201485304262,142.83343605288508,2159100
2021-09-17,141.36474609375,142.64870400938278,141.2723834369506,142.28845723002433,3120900
2021-09-20,139.22964477539062,139.73954445082168,137.57943429577526,139.20183335183958,4130100
2021-09-21,138.7290496826172,140.27728050254808,138.54363544389605,140.03624340683058,2452700
2021-09-22,140.2865753173828,141.19511508600414,139.58198133068774,139.67469553300063,3319000
2021-09-23,142.34466552734375,143.1419594220079,140.99112896075954,141.0374860533025,3218400
2021-09-24,142.58570861816406,142.9194598607611,141.89966046777084,141.92747189247078,2444000
2021-09-27,143.0585479736328,143.82803056481134,142.79896518940402,142.8638679585616,3239300
2021-09-28,140.91693115234375,142.75255563668293,140.72223706260985,142.65057571276435,4857900
2021-09-29,141.22288513183594,141.9274647658515,140.92621108833654,141.38048791262113,2633500
2021-09-30,138.89590454101562,141.6215230105496,138.84954745408342,141.6215230105496,4426400
2021-10-01,140.7686004638672,141.50100562657332,138.5157904246337,139.60047831161978,3351600
2021-10-04,139.87863159179688,141.38977097898282,139.26675191182775,140.51832269847378,4596900
2021-10-05,140.87985229492188,141.7605802748896,139.88786448806252,140.39776410157924,2497600
2021-10-06,141.07455444335938,141.0838202028108,138.72902999815773,139.67466087151814,2846900
2021-10-07,142.27052307128906,143.2254198436226,142.04801749616485,142.04801749616485,2243800
2021-10-08,141.936767578125,142.69697018143586,141.8255077207581,142.46519885237046,1861000
2021-10-11,141.15798950195312,142.88236856475314,141.13017807724648,142.03873177165565,1408300
2021-10-12,141.19508361816406,141.9923774832797,140.85205246301794,141.3155950788713,1524000
2021-10-13,141.42684936523438,141.83476911453772,140.0362215723534,141.2228894905827,2283400
2021-10-14,143.8558349609375,143.8651007219923,142.46520690791357,142.6135439619908,1646800
2021-10-15,144.34719848632812,145.15377242908806,144.28230986231355,144.70876123784086,2032700
2021-10-18,144.40281677246094,144.70875665192258,143.4108427507525,143.7538598218759,1658200
2021-10-19,145.24642944335938,145.31133219434233,144.52330415461788,144.99611249073445,1576200
2021-10-20,146.3589324951172,146.48872385416362,145.20935592819086,145.22788744648523,1919700
2021-10-21,146.53512573242188,146.55367140258213,145.68220880567054,146.14575153626592,1870600
2021-10-22,146.95228576660156,147.4436398437593,146.29406312566906,146.71124868130502,1547500
2021-10-25,147.28604125976562,147.73105240164497,146.72979855171562,147.26750973850358,2595000
2021-10-26,146.99862670898438,147.76810912075027,146.95226961985196,147.67539494248547,2502700
2021-10-27,145.04249572753906,146.99864632186134,145.01468429958845,146.95228922654388,2476600
2021-10-28,146.51654052734375,146.53508619249976,145.32060682943802,145.36696391922922,1758500
2021-10-29,146.25698852539062,146.7019997054361,145.76563439201598,146.1920999030094,1324400
2021-11-01,147.4251251220703,147.49929365204358,146.58147400810006,146.73907682946802,2186400
2021-11-02,147.83302307128906,147.98134596306988,147.2396890655701,147.7403088860023,1759200
2021-11-03,148.70448303222656,148.8528200818688,147.37875778482316,147.39730345257834,2342600
2021-11-04,148.39852905273438,149.2421658012119,147.87934947787522,148.8249803064796,2505200
2021-11-05,149.52957153320312,150.31759964250944,149.0104060642852,149.53885143913254,2047600
2021-11-08,149.75209045410156,150.42885877607065,149.44615060127185,150.18782168574998,1344700
2021-11-09,149.73355102539062,150.0673023200015,149.12168544043735,149.76136245442487,1152300
2021-11-10,148.7786407470703,149.96530876558785,148.3892666297004,149.35344323612,2132400
2021-11-11,149.1401824951172,149.2792537543481,148.75080843242458,149.04748246849323,1083100
2021-11-12,149.86334228515625,150.0487706734971,149.12168531659245,149.53887089795955,1188500
2021-11-15,150.12290954589844,150.40103795347952,149.82624961835748,150.345415101203,1194200
2021-11-16,150.31761169433594,150.9294913944177,150.0487631785905,150.1970860771746,1732100
2021-11-17,149.52032470703125,150.2434501511922,149.16802774585545,150.16001586445051,1608600
2021-11-18,148.97332763671875,149.84479001493355,148.25946804981118,149.84479001493355,1280400
2021-11-19,148.00914001464844,148.75081097128214,147.8978943223223,148.67664246099906,1595000
2021-11-22,148.24093627929688,149.52958430190114,148.20385909100722,148.56542179817822,2230300
2021-11-23,148.85287475585938,149.0475689733014,147.7403747673182,148.39861182550277,2112100
2021-11-24,148.92697143554688,149.05676280246908,148.0369633865102,148.16676889963045,1595200
2021-11-26,145.0517578125,146.08082295883412,144.42133251527846,145.77488314276746,3644300
2021-11-29,146.26625061035156,147.10062171541685,145.25571689005827,146.73905901706203,2657000
2021-11-30,142.3910369873047,145.32063011875806,142.34467989008422,145.15376154420437,4223100
2021-12-01,140.6202850341797,145.4689511150212,140.51831923622925,144.5511316176818,6193400
2021-12-02,144.022705078125,144.58822766937357,141.0096778936136,141.14873502826535,5321200
2021-12-03,143.2346649169922,144.94977821363588,142.00163989038958,144.69946124604948,5924200
2021-12-06,145.35768127441406,146.31259203828557,143.97633338957155,144.54185592349288,4885400
2021-12-07,147.81446838378906,148.51904805189236,146.73904614337008,146.8317603229984,2510800
2021-12-08,148.19461059570312,148.5098162445852,147.6568993525626,148.07408496387134,3000100
2021-12-09,147.13772583007812,148.00917419822713,147.1191801616749,147.60126851675744,1829500
2021-12-10,148.0926513671875,148.20389710679137,146.93379442563753,148.02774858828332,2200800
2021-12-13,147.0172119140625,147.907206021499,146.47023489530451,147.907206021499,3743000
2021-12-14,146.13645935058594,147.2396931133137,145.69144822441407,146.0622908295573,3265000
2021-12-15,147.73104858398438,147.85156005387125,145.3113553790679,146.24770644178457,4800700
2021-12-16,147.47146606445312,149.14020829432042,146.98937774554526,148.50979707791706,4805000
2021-12-17,145.51531982421875,147.66615043679687,144.44916320551107,146.93375924940247,6970300
2021-12-20,144.02207946777344,144.21733837561794,142.64601703599544,144.11506260241072,6794600
2021-12-21,146.9415740966797,147.00666512968408,145.0448401220819,145.193607465605,3589700
2021-12-22,147.97361755371094,148.01081648146584,146.70912356749145,146.8207061635221,1855000
2021-12-23,148.97779846191406,149.44268581894565,148.4478342522609,148.4478342522609,1614100
2021-12-27,150.8838348388672,150.89312747831795,148.98710072269384,149.2381296729872,2518200
2021-12-28,151.11627197265625,151.64625033037478,150.75366042846179,150.8466435678902,2754600
2021-12-29,151.56256103515625,151.8508030947822,150.9582131857717,151.12556581339132,2915200
2021-12-30,151.32081604003906,152.3528664127785,151.16275606062206,151.7299191336993,2090100
2021-12-31,151.32081604003906,151.97165542211923,151.05118764861817,151.16275606062206,3194700
2022-01-03,151.45098876953125,151.99025975688784,150.4375378287291,151.67413978792413,3841500
2022-01-04,152.66900634765625,153.05951002799998,152.1018432003683,152.11115002740937,3532000
2022-01-05,150.31663513183594,153.31980266293536,150.25155829704607,152.78054596130843,5266400
2022-01-06,150.6513671875,151.57184908709843,149.84246787972876,150.94890184939453,3597700
2022-01-07,150.4096221923828,151.15344461674886,150.08419544821245,150.6606510881606,4051800
2022-01-10,149.6565399169922,149.95406043957908,147.64822318739633,149.7774009790263,5845200
2022-01-11,151.06976318359375,151.1162547480087,148.72674155920222,149.82386870578077,4053700
2022-01-12,151.1906280517578,151.9809420309472,150.48400455767305,151.5346400678312,3526500
2022-01-13,150.4933319091797,152.17622182832648,150.14931981375335,151.58116659414358,3157800
2022-01-14,150.2329864501953,150.37244696983134,148.53149717446098,149.4984565474857,3948500
2022-01-18,147.8434600830078,149.27532097039915,147.406464868163,149.22882940105148,4653200
2022-01-19,146.309326171875,148.7639304569249,146.25354196791108,148.49430207535468,4899600
2022-01-20,144.44979858398438,148.38274160956144,144.31033805327587,146.69985166524364,7227200
2022-01-21,142.33920288085938,145.08203535952103,142.08817393114393,144.2545364587607,8646900
2022-01-24,143.40846252441406,143.63159938454675,137.75543034285192,140.43317197510163,10105000
2022-01-25,142.0509490966797,143.46421033021323,139.1314576905638,141.37221767396747,6199200
2022-01-26,140.90733337402344,144.4497720763152,139.6056405149251,143.2596618085435,8083200
2022-01-27,140.1170196533203,143.64087308748765,139.33601244848697,142.37637915180028,5311300
2022-01-28,142.51583862304688,142.51583862304688,138.50851267433845,139.87528236649547,5525700
2022-01-31,144.7101287841797,144.82169720444293,141.5953779709657,141.82782163800448,5070600
2022-02-01,145.83514404296875,146.00249665232673,143.78962868036845,144.7658947966579,5615600
2022-02-02,146.7834930419922,147.06242822424505,145.29586238203152,145.95599431988944,4974300
2022-02-03,144.92396545410156,146.5510710388166,144.72872072878724,145.85374007393872,5293900
2022-02-04,144.79379272460938,145.90951939359314,143.33405399772448,144.33821225598018,5358900
2022-02-07,144.88674926757812,145.98387627100877,144.58921464393012,144.97042556026724,2881100
2022-02-08,146.21633911132812,146.49527431088612,144.5148499999813,145.0076435586328,3488800
2022-02-09,148.6895294189453,148.82900409979527,147.44363505185322,147.6109876441944,3969700
2022-02-10,146.3465118408203,149.1823271205983,145.66778037622888,146.90438225846762,4940500
2022-02-11,144.41258239746094,147.38785796511533,143.8733114840684,146.42088453860703,4224800
2022-02-14,143.2596893310547,144.81241139766564,142.32062197931594,144.46839929413252,4231900
2022-02-15,145.44461059570312,145.56548581427705,144.32888409167614,144.486944045917,2927000
2022-02-16,145.92813110351562,146.33723422682803,144.54277592994057,144.85889591168726,4015700
2022-02-17,143.30615234375,145.04482616880756,143.06440188697263,144.82167517499,3052100
2022-02-18,142.76690673828125,144.2266456267884,142.11606729158265,143.1945951515821,3681700
2022-02-22,141.3443145751953,143.17597136000586,140.36804857413287,142.53442472538677,4534400
2022-02-23,139.1593780517578,142.6553258265329,138.9920254151438,142.2648221538641,4773700
2022-02-24,140.4889373779297,140.64699734580924,135.85864999646958,136.24915359721317,8030900
2022-02-25,144.2638397216797,144.28242500007934,140.82367631543028,140.84226159382993,6433300
2022-02-28,143.41773986816406,144.07788611253395,141.69765108950267,142.16253841484516,6172900
2022-03-01,140.9538116455078,143.63155240185336,140.04262247389855,142.7947610756014,7314500
2022-03-02,143.95697021484375,144.54273261927236,141.7534094549171,141.78130155158212,5611900
2022-03-03,143.65948486328125,144.9239790322213,142.63674119797903,144.6264585033604,4578400
2022-03-04,142.79478454589844,142.88775349341154,141.1118947925026,142.29269831783674,4066500
2022-03-07,138.84327697753906,142.58097576417438,138.74100117881497,142.38571680761459,4467100
2022-03-08,137.84835815429688,141.11187563186326,137.82977287965852,139.13145146597137,5654700
2022-03-09,140.76788330078125,141.57679693362903,139.93109174926803,140.31230277956814,4120100
2022-03-10,140.49822998046875,140.7492730763241,138.90830928969615,139.1593523855515,2684000
2022-03-11,139.0198974609375,141.7069453965367,138.91762169090845,141.27924285262407,2091100
2022-03-14,138.50852966308594,140.4517552614639,137.9413665635287,139.6242563969199,2753400
2022-03-15,140.73997497558594,140.9538333458321,138.89902526207186,139.11286944508367,3326000
2022-03-16,143.3991241455078,143.4084309707901,140.28438793117306,141.76272605322598,4260500
2022-03-17,145.20289611816406,145.20289611816406,142.66461545813578,142.80407597183842,3085000
2022-03-18,146.13265991210938,146.29071987837256,144.40327873379664,144.70081339069202,2489600
2022-03-21,145.7255859375,146.81796591389127,144.7732491966021,145.9963409416253,2529300
2022-03-22,146.9486846923828,147.24746260437362,146.3231344664814,146.36982029604434,2010300
2022-03-23,144.84799194335938,146.50990537546673,144.8199832869265,146.30449906394614,1802700
2022-03-24,146.5378875732422,146.55656475633148,144.88530590949375,145.3801586590028,953200
2022-03-25,147.5369110107422,147.60225978209743,146.20177022044336,146.9020150012704,988100
2022-03-28,147.97572326660156,147.97572326660156,146.33247316250666,147.30348717792924,1943100
2022-03-29,150.43124389648438,150.54329274632147,148.98408278186875,149.25483782206632,1903100
2022-03-30,149.2828369140625,150.3285311354765,148.56391501358272,150.02976746357905,2053100
2022-03-31,147.24749755859375,149.5723014096408,147.17280306286474,149.0774628411398,2252000
2022-04-01,147.7236328125,148.03174221044,146.51920387086952,147.9103618955351,2171600
2022-04-04,148.0410614013672,148.1530959925941,147.04205305439294,147.80764650530134,1814300
2022-04-05,146.46319580078125,148.52659005162167,146.07106042774032,147.71431065364524,1669600
2022-04-06,145.7255859375,146.18308425096888,144.6612146082074,145.4548166868604,2000700
2022-04-07,146.17376708984375,146.77130875552436,144.52118535565012,145.56689395547897,1312300
2022-04-08,146.48187255859375,147.34083778940422,145.6415845111643,146.1177458385054,2334800
2022-04-11,145.06265258789062,146.6125305701199,144.8946007386547,145.76289711939657,1553500
2022-04-12,144.57716369628906,146.83661773326494,144.11033399658714,145.5855033107148,2301400
2022-04-13,146.2111053466797,146.38848871123588,144.70791275617157,144.70791275617157,1957000
2022-04-14,145.2120819091797,147.08873264700836,145.165396078121,146.3978336347957,1735500
2022-04-18,144.90394592285156,145.6882164532285,144.25038714753745,144.90394592285156,1922500
2022-04-19,147.47154235839844,147.71430299091386,144.99734992594813,144.99734992594813,2264000
2022-04-20,148.41455078125,149.1708128516775,147.8823579189395,148.09709565889042,2557200
2022-04-21,146.26712036132812,149.83369272282656,145.96834244281763,149.6189549979692,2620800
2022-04-22,142.28036499023438,145.80026515460776,142.16833041356355,145.71623922210466,3873000
2022-04-25,142.70989990234375,142.87795182068322,139.49810805102754,141.44945352872836,3456600
2022-04-26,139.2926788330078,142.1123348308246,139.23666153611657,141.86024274829907,2998400
2022-04-27,139.55410766601562,141.0106144263873,138.713819687806,139.61012496502752,3588900
2022-04-28,141.98162841796875,142.57917001823353,138.863194390275,140.73985938609505,4006200
2022-04-29,137.66812133789062,142.16836797670874,137.42537494212883,141.37475152490364,4108000
2022-05-02,138.04159545898438,138.95657799660947,135.13791315659225,137.80818052871658,5308800
2022-05-03,139.18064880371094,140.07695407639528,138.10693167419444,138.29366075212738,2430400
2022-05-04,143.05532836914062,143.27941180708243,138.34034443049828,139.39538436184915,2935800
2022-05-05,138.7511444091797,142.05629290278333,137.4160038626422,141.83222373159836,5450600
2022-05-06,137.48138427734375,138.37770381512308,135.57672484852185,137.96689128724572,3421500
2022-05-09,133.40130615234375,136.09958218946164,132.87845898545152,135.63275232666257,4993600
2022-05-10,133.05584716796875,135.68877452750075,131.32858516118878,135.12857297331857,5322100
2022-05-11,131.33790588378906,135.2592737026607,131.19786262996072,133.0371733449926,3826000
2022-05-12,131.89808654785156,132.8130689034702,129.66664082822675,130.71233494893377,4555100
2022-05-13,134.9138641357422,135.46472009263326,133.02786702869435,133.130570194091,2373400
2022-05-16,134.43765258789062,135.50202397513416,133.48531579514164,134.46566123651425,2105600
2022-05-17,137.2852783203125,137.31330121041236,135.33393350232544,136.34228741100839,5057700
2022-05-18,132.1221466064453,135.9314789575333,131.65531687096657,135.9034703131256,2108300
2022-05-19,131.8234100341797,133.30792547846252,130.6003181556882,130.89908183951437,2515000
2022-05-20,131.8234100341797,133.11186492737696,128.95706803183876,132.9157901297755,4302400
2022-05-23,133.68136596679688,134.06416979698201,131.804715421996,133.12117879125873,2905500
2022-05-24,132.85043334960938,133.23323724838127,130.53496126685926,132.77575311003505,4026400
2022-05-25,134.38162231445312,134.8858064874749,132.36492836191164,132.43027712714618,1937100
2022-05-26,137.219970703125,137.817512356307,135.16592216071925,135.16592216071925,3162500
2022-05-27,140.36636352539062,140.36636352539062,137.94818887892657,137.97619752374948,3196700
2022-05-31,139.04991149902344,140.16096865539748,138.3123267147367,139.5447641728534,2746200
2022-06-01,137.5747528076172,139.9462420101846,136.43568691409214,139.6568098030048,2113400
2022-06-02,139.992919921875,140.03026003666653,136.95852628216642,137.66810243532223,1872400
2022-06-03,138.34036254882812,139.27402229276015,138.0789389602485,138.76050658429412,1591900
2022-06-06,138.8445281982422,139.96491689164463,138.50841016556996,139.46073271937865,2004800
2022-06-07,140.1702880859375,140.3103312951398,137.50935313900072,137.6400648830934,1581100
2022-06-08,138.19097900390625,139.78754349726987,137.91089246692812,139.51677418283413,1370300
2022-06-09,135.0538787841797,137.9108896210595,135.0538787841797,137.63078884334374,1182100
2022-06-10,131.37525939941406,133.04650395252608,131.37525939941406,132.94380081821086,2594700
2022-06-13,126.09074401855469,128.7423341197216,125.47452520382096,128.30351292557935,3705400
2022-06-14,125.43716430664062,127.0897314271649,124.32610717983285,126.78162207083481,3562600
2022-06-15,126.64159393310547,128.30350696483276,124.59687702699314,126.55756798404991,2899900
2022-06-16,122.16002655029297,124.03669158550889,121.30106137228773,124.03669158550889,2967400
2022-06-17,122.44012451171875,123.48581874871125,120.96494057223835,122.44945597936494,3359100
2022-06-21,124.55499267578125,125.0900394481724,123.94483453210329,124.26400056688288,1833300
2022-06-22,124.48928833007812,125.61572982563634,122.86535570404305,123.03432765769622,3062800
2022-06-23,125.52184295654297,125.75651585852225,123.89791048536955,125.05249715258441,2607900
2022-06-24,129.60513305664062,129.6520561696648,126.53560805956516,126.5825454958839,2259500
2022-06-27,129.5394744873047,130.27165297984712,128.85423345162798,129.99943864730733,2063000
2022-06-28,127.56816864013672,131.3604903068967,127.45553024401562,130.24344513437728,1664200
2022-06-29,126.7890853881836,127.63390212619039,126.06628882228149,127.60574252314333,2203500
2022-06-30,126.00057220458984,127.14577712742182,124.37663971170744,125.35287269474091,1868600
2022-07-01,127.5400390625,127.8310312031726,125.0337338957825,125.76591228950676,2679100
2022-07-05,127.23966217041016,127.25844001484091,124.3391082693462,125.8128467829427,1646500
2022-07-06,127.267822265625,128.14079867048702,126.16015861272096,127.21150305541437,1318500
2022-07-07,129.11705017089844,129.39866055421962,128.06570569471927,128.08448353982044,1481400
2022-07-08,128.6383056640625,129.48313679722511,127.92490512069526,128.94807564722558,1120400
2022-07-11,127.45556640625,128.1595852283452,127.23967131133136,127.69962110818848,1346600
2022-07-12,126.84540557861328,128.30976224161404,126.26340702343009,126.9580439916756,1622200
2022-07-13,126.1413803100586,126.92987780720722,124.65824588068078,125.13697343467166,1679700
2022-07-14,125.14637756347656,125.30595342506642,123.41917404300825,124.1325888634075,1818900
2022-07-15,127.5212631225586,127.55880448534803,125.6532616304148,126.63889070238311,1669400
2022-07-18,126.96744537353516,128.87298854658098,126.53565517453457,128.56323286278922,1122600
2022-07-19,130.6095733642578,130.8724059161257,128.30038528907585,128.30038528907585,1441400
2022-07-20,131.4825439453125,131.80169566302803,130.2059227511528,130.44997741941214,2179800
2022-07-21,132.5057373046875,132.5057373046875,130.39368076458433,131.03198431040923,1331500
2022-07-22,131.73599243164062,133.266064517354,130.90995345860858,132.740399446343,1215400
2022-07-25,132.0645294189453,132.32736193286982,131.14461562020952,131.98005060874766,1571600
2022-07-26,131.03195190429688,131.66087353301234,130.7128002103153,131.6514917737646,903500
2022-07-27,133.5758514404297,134.06397520681756,131.50133617575676,131.72662737331288,2192800
2022-07-28,135.6878662109375,135.80988637241052,132.86239548282205,133.89496191557126,2438200
2022-07-29,136.8987579345703,137.2366874302529,135.36870060751133,135.66907442406537,1981900
2022-08-01,136.6359405517578,137.08650848795693,135.5095135496118,136.2135322163651,2047000
2022-08-02,135.6691131591797,137.2930458244169,135.39689886260425,136.1290772584129,1446900
2022-08-03,137.07711791992188,137.43382527160898,135.89437179216876,136.37309929841027,1772500
2022-08-04,136.78614807128906,137.21793820825556,136.57963476289714,136.90818256896551,1662700
2022-08-05,136.93630981445312,137.1146634771282,135.46255740038595,135.56581403018234,1454500
2022-08-08,137.3212127685547,138.64477160220812,137.07715806467593,137.6873019860227,1441500
2022-08-09,136.52333068847656,137.2461273479656,136.11968578704264,137.1428706823243,1237700
2022-08-10,139.44265747070312,139.63977471029034,138.57906280957602,138.7761800491632,3283100
2022-08-11,140.0622100830078,141.64858719686475,139.81814104756813,140.41890322793472,3091600
2022-08-12,142.32443237304688,142.34321021775554,140.50336816537384,140.70049972656784,2342600
2022-08-15,142.63421630859375,142.80318828090324,141.40453234091433,141.4796294037963,2753200
2022-08-16,143.04721069335938,143.7136880238866,142.10851910423744,142.22115751147703,1361700
2022-08-17,141.7049102783203,142.50278965717905,140.9257944213412,141.77061125149731,1394100
2022-08-18,142.15545654296875,142.34319199612665,141.42327824934515,141.78936739615696,1148500
2022-08-19,140.2780303955078,141.3293600697913,139.8837817676515,141.18856210387568,997400
2022-08-22,137.34938049316406,138.69170278879594,136.99267305312804,138.69170278879594,2248300
2022-08-23,136.99264526367188,138.14723184418287,136.8236733388212,137.4150535908543,1557400
2022-08-24,137.67791748046875,138.14726335624178,136.78616318115985,137.02083611904638,878800
2022-08-25,139.79934692382812,139.79934692382812,138.05339412570777,138.24112959959504,1779700
2022-08-26,135.29364013671875,139.9870986655907,135.23732092610007,139.95893906028138,1560500
2022-08-29,134.505126953125,135.61279060363643,133.94192052893663,134.29862795723162,2167300
2022-08-30,133.08770751953125,134.96509091162315,132.52448677258425,134.91815346216114,2164600
2022-08-31,132.13021850585938,133.97006026120732,131.98942050152255,133.55703368409064,2165500
2022-09-01,132.2428741455078,132.3461307920614,130.1401998535517,131.2384672814597,1838600
2022-09-02,131.28543090820312,134.1859850262811,130.67528698989017,133.61338247633984,1296200
2022-09-06,130.9193115234375,131.87678091422237,130.0369391753903,131.69842722813243,1868500
2022-09-07,133.791748046875,134.00764316154775,130.78793699575067,130.80671484324859,2094900
2022-09-08,134.94631958007812,135.00265311613052,132.46817395584628,133.00323512359938,2110200
2022-09-09,136.804931640625,137.15224298141246,135.6409487921801,135.85684386969945,1548200
2022-09-12,138.08157348632812,138.4101070318104,137.29306146590937,137.60283148762736,1844600
2022-09-13,132.6183624267578,135.50015282521375,132.23349539159554,135.13406363460294,2008000
2022-09-14,132.60894775390625,133.10645308630407,131.4825208564639,132.87178021919962,1575900
2022-09-15,131.55763244628906,133.5382724523322,131.21970287055143,132.2241098374071,1678700
2022-09-16,130.2434539794922,130.51566822970335,129.14518657283907,130.1120377339943,2430900
2022-09-19,131.2147216796875,131.28073671357774,129.05531927316062,129.05531927316062,1283100
2022-09-20,129.1024627685547,130.2246031657261,128.16891413147104,130.13972464335197,1497600
2022-09-21,126.96190643310547,130.8846782550334,126.96190643310547,129.79082592973316,2226800
2022-09-22,125.14198303222656,127.02792948239957,125.03825540192187,126.88647486545887,3304900
2022-09-23,123.03913879394531,123.8878233049622,121.35122310123931,123.8878233049622,4099600
2022-09-26,121.25694274902344,123.51064853807483,120.78545606186933,122.57711410623405,2987200
2022-09-27,120.87029266357422,123.12401232759049,120.00276627788865,122.45449505342977,2756000
2022-09-28,123.68038177490234,124.29330866590523,121.12491779483788,121.59640444595725,4854500
2022-09-29,121.34178924560547,122.58652082514148,120.45539929485008,122.55823277911836,3154600
2022-09-30,120.02165222167969,122.44510074645076,119.8330604209448,121.23809595538903,2548300
2022-10-03,123.36920166015625,124.09529514818574,120.64400933034436,121.33237582779435,4943300
2022-10-04,127.62198638916016,127.64084988152615,125.23626540118329,125.27399238591529,4074600
2022-10-05,127.12224578857422,127.95206701128743,125.22687437429447,126.06612015139935,2399300
2022-10-06,125.70775604248047,127.58427790610072,125.4908762334805,126.60357771225614,1698900
2022-10-07,122.72796630859375,124.6610644051542,122.01131179761573,124.4818971802521,3197700
2022-10-10,121.89816284179688,123.30318385378445,121.07776628436103,123.16174361386312,3571800
2022-10-11,121.35121154785156,123.00141448654085,120.44595822765967,121.44550022545717,2521900
2022-10-12,120.71943664550781,121.77556205622754,120.61570901491001,121.39837852057894,2419900
2022-10-13,123.62380981445312,124.18958518154444,117.79622712958364,118.30543359314454,4820200
2022-10-14,120.8891830444336,125.13256320550785,120.6251516521684,124.45362122864543,2663400
2022-10-17,123.52007293701172,124.17071240222592,122.87884363589336,122.87884363589336,2500700
2022-10-18,125.34944915771484,126.55646836653669,124.16130783464378,125.89637546508699,4707000
2022-10-19,123.86897277832031,125.20799313243937,122.93542403507021,124.48189966546707,2030400
2022-10-20,122.49222564697266,125.19856879632971,122.22819427463988,124.0292767269769,2821500
2022-10-21,125.29285430908203,125.47202153331868,121.90758370877263,122.48279798144436,2535100
2022-10-24,126.6884765625,127.03737210103783,125.10427383697399,125.9058069477373,2637600
2022-10-25,129.12130737304688,129.23447393605923,126.61300971289072,126.69787384367862,3735900
2022-10-26,129.37594604492188,130.95070987732993,129.00818699889402,129.2439303460563,2762100
2022-10-27,129.49853515625,131.21473921455248,129.34765596316376,130.1303255900878,2734800
2022-10-28,132.18601989746094,132.32747455732553,129.39482636185969,129.56455468733654,3407200
2022-10-31,131.6013641357422,132.4406098781229,131.17702898755095,131.48821193319307,3715700
2022-11-01,131.92196655273438,133.17612284098482,131.30903962769864,132.9875310477916,3684400
2022-11-02,128.7064208984375,135.36380957708195,128.7064208984375,131.67678080723488,4326800
2022-11-03,128.05577087402344,128.94216803567787,126.44328027738804,127.37682897950643,4013800
2022-11-04,130.04544067382812,130.92239886492294,127.99919050597734,129.84740996594536,5355300
2022-11-07,131.0827178955078,131.2618851310341,129.6965459443248,130.57351862647155,3693600
2022-11-08,131.86537170410156,133.08181521620352,130.4509118733231,131.4127485870687,6172400
2022-11-09,129.49853515625,131.7333774478915,129.30050441674535,130.9978593673859,2566800
2022-11-10,136.43881225585938,136.61797948921182,133.66646838713052,133.96822675669904,6723100
2022-11-11,137.74951171875,138.2209982671896,136.48593122220248,136.90082729838218,7571900
2022-11-14,136.2501983642578,138.2587214298946,136.17475878410482,137.25917217296788,3673600
2022-11-15,137.53268432617188,138.57938543797704,136.22195179775218,138.27762702548438,3981800
2022-11-16,136.071044921875,137.03288168031744,135.79757461758373,136.8631390106487,4210900
2022-11-17,135.27894592285156,135.30723396866455,133.66645536836316,134.25109416667107,5512600
2022-11-18,136.2879180908203,136.88199582271514,135.16577765885427,136.64625251813837,3439700
2022-11-21,136.23135375976562,136.4199455419809,135.37324460376087,135.7032910141106,1938100
2022-11-22,138.04185485839844,138.10786989309426,136.66510756877318,136.97629047098908,3184200
2022-11-23,138.61708068847656,138.84339946950786,137.74954694413682,137.81554759570975,2213200
2022-11-25,139.0885467529297,139.0885467529297,138.61706015376723,138.61706015376723,825500
2022-11-28,136.6085205078125,138.37189014546433,136.33506461555714,137.9381161499988,1915600
2022-11-29,137.0423126220703,137.4760722862557,136.38223418398553,136.86314539131212,2202100
2022-11-30,140.33331298828125,140.39931364640003,136.08993254635263,137.20263428902578,4546500
2022-12-01,140.53128051757812,141.63455732246223,139.89006571349273,141.0876311955865,3723600
2022-12-02,140.44644165039062,140.8424886986056,138.7773749275609,138.7773749275609,2260600
2022-12-05,137.7306671142578,139.5317494295404,137.3157565925561,139.44688529245494,2811400
2022-12-06,136.22190856933594,137.92868768105123,135.28835996414963,137.7683839710224,2693600
2022-12-07,135.99562072753906,136.98574564489425,135.7033012846869,135.84474153489543,2269900
2022-12-08,136.87255859375,137.55150047051328,136.26905630203035,136.79713339733595,2570600
2022-12-09,135.8164520263672,137.11775986883868,135.7598759268913,136.41052984812706,1650200
2022-12-12,137.8155517578125,137.8155517578125,135.66557363329412,136.04277161307118,1914200
2022-12-13,138.77737426757812,141.52142993355008,137.7872494574343,141.52142993355008,4117400
2022-12-14,137.95697021484375,139.89949253818935,136.94798207077181,138.71135158791927,2919500
2022-12-15,134.93003845214844,136.46708944903102,134.42083922979504,136.22192158473197,3411200
2022-12-16,133.2987060546875,134.12852716174913,132.42173340497362,133.74190465608353,2988000
2022-12-19,132.2079620361328,133.64715592560898,131.57357766753995,133.3725772532387,4400500
2022-12-20,132.3405303955078,132.8991654810133,131.6209189451675,132.04701075558825,2076800
2022-12-21,134.38568115234375,134.7076193780708,133.2968153658632,133.44831400765176,3052200
2022-12-22,132.9275360107422,133.4009583933501,130.67404084626304,133.34415001906987,3763300
2022-12-23,133.77969360351562,133.82703873240845,132.1511338616999,132.82338556978166,2284500
2022-12-27,133.86492919921875,134.30994743348123,133.0885094891588,133.90279663613848,2010700
2022-12-28,131.9428253173828,134.35726793806847,131.9144211299186,133.9595948658649,2306100
2022-12-29,134.29100036621094,134.66026926208593,132.69083033485097,132.82338802958287,2587400
2022-12-30,133.7418212890625,133.82703384933745,132.52039791534168,133.44830172742363,2805100
2023-01-03,133.6187286376953,135.24730278960615,132.55826712396902,134.52770596924967,3859700
2023-01-04,135.70181274414062,136.26991099350155,134.30994963926202,134.52771991246507,2506200
2023-01-05,134.29100036621094,134.9537888398705,133.8838495874382,134.8212311451386,2243500
2023-01-06,137.51026916503906,137.8984790086934,134.74548402432757,135.70180653907153,2841600
2023-01-09,137.56707763671875,139.3282095810548,137.50080601207935,138.21093962757445,2701400
2023-01-10,138.59915161132812,138.62755580057,136.96109964394833,137.38719137798813,2115300
2023-01-11,140.28451538085938,140.3034418726695,138.99680600029035,139.1577678668985,3979800
2023-01-12,140.8147735595703,141.3071369489972,139.39450622090953,140.7106200434936,2916800
2023-01-13,141.1461639404297,141.33553001447018,139.47970781438036,139.68801483013652,2069900
2023-01-17,140.8336944580078,141.70478990134586,140.6632548888197,141.05146470691622,3228600
2023-01-18,138.66543579101562,141.72374084049005,138.58968646361075,141.39235378676395,2689300
2023-01-19,137.2357177734375,138.06894600375801,136.69600918396856,137.81329380623544,2753100
2023-01-20,139.62173461914062,139.69746948593496,136.8758761474511,137.70910415923336,2564800
2023-01-23,141.39234924316406,141.979388452054,139.65962135968857,139.93420002096425,2475700
2023-01-24,141.06092834472656,141.43019722333693,140.1614287119787,140.9851790301777,2383300
2023-01-25,141.38287353515625,141.41127772355364,139.13884151782486,139.8773793115678,2948800
2023-01-26,142.5190887451172,142.60430131289888,141.07988054919068,142.16874633139415,4367800
2023-01-27,142.7841796875,143.4848354995276,142.00776012014674,142.2255447974501,2888300
2023-01-30,141.2692413330078,142.84100716915293,141.17456552158893,141.7710679214136,2587000
2023-01-31,143.66476440429688,143.66476440429688,141.30712998484532,141.6290537649599,3279900
2023-02-01,145.13235473632812,146.0886626839744,142.24447550629262,142.9167416015613,3688100
2023-02-02,146.72308349609375,147.44268037691322,145.53004974520437,146.14550756290123,4528000
2023-02-03,144.92408752441406,146.0792395334907,144.5169511257876,145.22708484705402,4671900
2023-02-06,143.9014434814453,144.35593930827375,143.41855791910547,143.98667047878973,1874000
2023-02-07,145.24600219726562,145.67209396135894,142.75580992928244,143.57956037081047,4267400
2023-02-08,143.81626892089844,144.99982502645844,143.54169026139934,144.47905745047078,2797000
2023-02-09,142.50015258789062,145.20812948740263,142.08353853447244,144.93355083276217,2179500
2023-02-10,142.93568420410156,143.06824188598804,141.8468041157378,142.11191947951073,2329900
2023-02-13,144.53585815429688,144.5547990963375,142.83154901098686,143.10612765590062,2036100
2023-02-14,144.26129150390625,145.3028266871541,142.9925227881002,144.1666012335358,3398000
2023-02-15,144.94297790527344,144.96191884325773,143.25759561723441,143.5416518961887,1892400
2023-02-16,143.30496215820312,144.62107581463243,142.90727463960306,143.24813933575692,2223700
2023-02-17,143.00196838378906,143.11558513604325,141.84681657685488,142.69898556187627,1673900
2023-02-21,139.89634704589844,141.83738216179597,139.67857674390942,141.75216958028392,2587800
2023-02-22,139.7258758544922,140.6158977143856,139.17670420836444,139.99099120811204,3720800
2023-02-23,140.2466583251953,140.89998360087392,138.76958263115992,140.57805981067776,2632600
2023-02-24,139.04415893554688,139.3376784998318,137.9268746047315,138.58966304790783,3517500
2023-02-27,139.21456909179688,140.7673937550374,138.88316768198277,140.22769981207784,2366500
2023-02-28,138.8074493408203,139.90577829597825,138.8074493408203,139.26193078597893,2763300
2023-03-01,138.55181884765625,139.0820496911096,137.99318381242554,138.57075979141013,2872500
2023-03-02,139.64065551757812,139.9341750696864,137.57654095907213,138.02155913410854,3517300
2023-03-03,141.6006317138672,141.7615935836207,139.76375063313262,140.30344461434106,3095000
2023-03-06,140.91893005371094,142.2255806561586,140.70115976920528,141.77108469583354,2626400
2023-03-07,138.64646911621094,141.09880798673709,138.44763981041686,140.9567726063228,2875200
2023-03-08,138.9399871826172,139.34712344147775,138.12570021719347,138.7032760234557,3049300
2023-03-09,135.8722381591797,139.46077384137573,135.57871856259422,139.04417423675167,3693800
2023-03-10,133.0032958984375,135.88169785651476,132.22687619434285,135.52190664157115,7123300
2023-03-13,131.3747100830078,133.2210544703092,129.7366726981409,130.67403976139153,8104700
2023-03-14,133.22105407714844,134.4046100203493,131.71557438484598,133.7134173948772,3819100
2023-03-15,131.35580444335938,131.35580444335938,129.4053060306594,130.76876515930243,6605200
2023-03-16,132.93699645996094,133.2115895268101,129.85028779148146,130.21009341795792,8420400
2023-03-17,130.69297790527344,132.52039576067108,130.26690066312193,132.52039576067108,4967300
2023-03-20,132.3878173828125,132.91120514971666,131.21734257348035,131.21734257348035,3404300
2023-03-21,134.1577606201172,134.42420983522024,133.358412974808,133.89131140501414,2214900
2023-03-22,131.1411895751953,134.64311706039476,131.01747580054433,134.16731272145543,5039600
2023-03-23,130.70346069335938,133.12054040127907,129.77087371310063,131.8168411294024,7020600
2023-03-24,131.81686401367188,131.91201618790953,129.21896135816215,129.99928759706515,6862600
2023-03-27,132.69232177734375,133.36795583476555,132.14038697922084,132.94926019655884,3065600
2023-03-28,132.95877075195312,133.34893380979443,132.36877799548836,132.492477254504,1693400
2023-03-29,134.95716857910156,135.06183160875517,134.01507062863584,134.17684238409797,2480600
2023-03-30,135.62326049804688,136.25131113280605,135.0618003936788,136.02293436394626,2695900
2023-03-31,137.6216583251953,137.6787525292329,136.15618718010552,136.15618718010552,2737800
2023-04-03,137.73583984375,138.25921297967224,137.08873841764924,137.71680360523058,3390800
2023-04-04,136.35601806640625,138.07844218526733,135.74698901744028,138.01182259971895,2904000
2023-04-05,136.07052612304688,136.47020001369398,135.48051888603817,135.93730149283115,3234000
2023-04-06,136.1656951904297,136.34650317969587,135.49006109626362,135.91828213797976,2182700
2023-04-10,136.9936065673828,137.03166452966607,135.47102670889413,135.59474049701066,2635300
2023-04-11,137.88812255859375,138.40199949138417,137.3362021795216,137.40280725131333,2225200
2023-04-12,137.22195434570312,138.81113893201538,137.01259929645053,138.75404474047278,3066100
2023-04-13,138.27825927734375,138.51616145475862,136.89842955241696,137.4598752062208,3190500
2023-04-14,137.65020751953125,138.92537435081044,136.9460262985003,138.24972571183423,2504300
2023-04-17,138.58279418945312,138.5923050501098,137.45037739419823,137.70731583590765,2399800
2023-04-18,138.59230041503906,139.13472438268508,138.0974597898809,138.97293811414693,1569400
2023-04-19,138.63035583496094,138.79214210053271,137.85955507014205,137.98326885426263,1784900
2023-04-20,137.86907958984375,138.36390568244195,137.40278607755997,137.71681870578408,3451700
2023-04-21,137.90713500976562,138.10697923146148,137.15537050421742,138.10697923146148,2160900
2023-04-24,138.16409301757812,138.25924519155294,137.59312189213372,137.85006035062358,1523600
2023-04-25,135.81361389160156,137.44085686561738,135.73748344246656,137.41230976224156,2563200
2023-04-26,134.3957061767578,135.5852171716108,134.119746014927,135.50908672549247,5378700
2023-04-27,136.60342407226562,136.63197117002127,134.5860038683614,134.95714517997595,5993000
2023-04-28,138.11648559570312,138.16406893459586,136.29890950093375,136.3274566001901,2965600
2023-05-01,137.99281311035156,138.77313944458024,137.85007757135887,138.01184935568418,3000900
2023-05-02,135.9277801513672,137.53600114128756,134.60504466907463,137.53600114128756,4489800
2023-05-03,135.13795471191406,137.2695635605791,135.02376630729896,136.17521929529147,5835800
2023-05-04,133.85328674316406,135.04279764941202,133.3774823806649,134.83344256828065,5483300
2023-05-05,136.1085968017578,136.48923448926672,135.03327427996942,135.03327427996942,4860300
2023-05-08,135.8611602783203,136.4987362809346,135.41390308657088,136.47970004372976,2332900
2023-05-09,135.35682678222656,135.68037025549128,134.90004415131543,135.24262386430055,2242700
2023-05-10,135.3378448486328,136.48928370681008,134.10075013754138,136.3275119052646,3871400
2023-05-11,134.66213989257812,134.8905312044998,133.96746961769446,134.75730656931123,3839400
2023-05-12,134.67166137695312,135.29971205587728,133.79618315383857,135.16648742454237,3477400
2023-05-15,135.43296813964844,135.6423087118647,134.42425063869172,134.87150792560342,2322700
2023-05-16,133.5202178955078,134.99521432349206,133.50118165529472,134.99521432349206,4668100
2023-05-17,135.21405029296875,135.50904660909725,133.62486581675856,134.23389468500915,6902700
2023-05-18,136.30845642089844,136.45119193973585,134.75732935433808,135.0047424271225,3800000
2023-05-19,135.9468231201172,136.90794270563094,135.44247165718062,136.72713472450334,5758200
2023-05-22,136.1561737060547,136.72713021032627,135.33778964824202,136.022949069685,4411500
2023-05-23,134.70022583007812,136.17522234443882,134.5955482833713,135.69941795402553,6919600
2023-05-24,133.23472595214844,134.186334631382,132.96827668359472,134.11020419459578,2940500
2023-05-25,133.14906311035156,133.60583113676068,132.22600167922883,133.39647609957447,4696000
2023-05-26,134.26246643066406,134.4337635452704,133.25376354370354,133.4250606583099,4572500
2023-05-30,134.02456665039062,134.86198695808656,133.56779853728216,134.5289181028721,8268500
2023-05-31,132.85409545898438,133.43457736546233,132.09280557043016,133.34893606460417,7611200
2023-06-01,133.85328674316406,134.28150776533397,132.32119611510083,133.10150771899316,4478300
2023-06-02,136.77471923828125,137.06020476249003,134.9666684522872,135.03327351304432,10284600
2023-06-05,136.30845642089844,136.99361595211536,136.08006507035992,136.94603260570335,5415100
2023-06-06,137.23150634765625,137.43133605682257,136.108600454693,136.24182510093635,5333300
2023-06-07,138.2401885986328,138.4305074189744,137.18390244728252,137.48840965575002,13306200
2023-06-08,138.2972869873047,138.49711667258592,137.3551891955061,138.0308377266659,5882400
2023-06-09,138.135498046875,138.7825848791123,137.82146548873848,138.45904146299364,4396800
2023-06-12,139.04905700683594,139.13471282435736,137.98325992155486,138.411480927577,3733100
2023-06-13,140.39085388183594,140.60020899255997,139.3155312240623,139.496339230633,6802500
2023-06-14,140.12440490722656,141.27585801903905,139.33456780944425,140.76198110221736,8456400
2023-06-15,141.74212646484375,142.07519534973414,139.83890888352218,139.83890888352218,5177400
2023-06-16,141.6279296875,142.62712176272973,141.4090637442925,142.37018333872277,11152900
2023-06-20,140.33956909179688,140.96080313587086,139.81391400321155,140.94168442811292,4514200
2023-06-21,140.13888549804688,140.64542192151183,139.37429753968203,139.9190567985792,5481700
2023-06-22,139.56546020507812,140.0624446343138,139.03025293511863,139.9381948811788,3852200
2023-06-23,138.36123657226562,139.0397976883893,138.12230372621855,138.5906027711565,3869600
2023-06-26,139.20223999023438,139.57497456564718,138.36120647176207,138.36120647176207,4300000
2023-06-27,140.90347290039062,141.10418291047222,139.14493062939601,139.40298218998555,8880500
2023-06-28,140.66452026367188,140.79833664043807,139.9955112963496,140.65496820103218,4335600
2023-06-29,141.76365661621094,141.78277532973485,140.33961141644235,140.6167817209698,7610700
2023-06-30,143.01565551757812,143.3692714921752,142.29885692044044,142.6429208303987,4742300
2023-07-03,143.3692626953125,143.58909141825924,142.54733310436112,142.7384910518459,2797300
2023-07-05,142.75759887695312,143.19724175092816,142.2797331624736,142.7767175888575,4333900
2023-07-06,141.5915985107422,141.72540032098527,140.43517170434922,141.4482446366616,7769500
2023-07-07,141.9452362060547,143.1590046233653,141.2762271210598,141.36223944985107,3213100
2023-07-10,143.21636962890625,143.38839429714267,141.7923244586266,141.84966601470543,4145800
2023-07-11,144.83151245117188,145.0035516657164,143.5412839669472,143.56995473882094,10166300
2023-07-12,145.50051879882812,146.24598794593246,145.33804624966953,146.1981984706975,6668900
2023-07-13,146.1886749267578,146.41804111934874,145.59611156819045,145.9306233767898,5458400
2023-07-14,145.32852172851562,146.32249060162624,144.96533911142083,146.32249060162624,6345100
2023-07-17,145.60569763183594,146.0071031057013,144.62129536855306,145.0609236851796,5352900
2023-07-18,146.5040740966797,146.80036310938772,145.48144898282789,145.60569874353433,5442200
2023-07-19,147.23043823242188,147.4884898167876,146.63787479486706,146.7907953325138,8551800
2023-07-20,147.07748413085938,147.34508771901994,146.56139566320738,147.07748413085938,7542400
2023-07-21,147.28775024414062,147.7464971817568,146.82900330652444,147.5649059026394,5511700
2023-07-24,147.69871520996094,147.97588546585428,147.23996824902036,147.56491340538233,3358000
2023-07-25,147.80386352539062,148.2148356339224,147.287774956893,147.50758910798416,5010400
2023-07-26,148.13836669921875,148.45375981057484,147.43112021466538,147.5171471238016,5149100
2023-07-27,146.8385772705078,148.87428989621677,146.5805256994155,148.87428989621677,6057500
2023-07-28,147.56491088867188,148.23393448345777,146.98191419652878,148.18614500050126,6004400
2023-07-31,148.023681640625,148.31995603677686,147.51714517301627,147.89943189386315,3809500
2023-08-01,147.42153930664062,147.8038259577459,146.97234447077642,147.35463112188168,3038100
2023-08-02,146.01663208007812,146.73343058076574,145.70123898977923,146.29380233366027,6038100
2023-08-03,145.29029846191406,145.78726831371,144.73597247339902,145.46232312215778,4871400
2023-08-04,144.640380859375,146.35114816441038,144.45878956722345,145.60567886853792,4016200
2023-08-07,145.86370849609375,145.9497353976755,145.1469100104951,145.19469949286218,3359000
2023-08-08,145.1374053955078,145.28075930617163,143.74203080404834,144.56396058623793,3521700
2023-08-09,144.7168426513672,145.69169273449,144.50658058278572,145.2520498865551,5116400
2023-08-10,144.54483032226562,146.33204347420875,144.22943719251603,145.4241015097624,3943500
2023-08-11,144.573486328125,144.96532510083605,143.96181884352117,144.09562065005002,4139400
2023-08-14,144.54483032226562,144.56393445136223,143.7897943071153,144.30589745881636,2929100
2023-08-15,142.64292907714844,143.73246242445575,142.4900085342583,143.68467293188937,3439800
2023-08-16,141.6011505126953,143.04429950129446,141.56291309469285,142.45175077197464,5386200
2023-08-17,140.51162719726562,142.2414986078919,140.42560029243268,142.15548628636205,5092200
2023-08-18,140.76011657714844,140.98949735849644,139.46032131611676,139.66103132270922,4654100
2023-08-21,140.73143005371094,141.14238750142107,139.76614671725312,140.8843505574969,3909100
2023-08-22,140.17710876464844,141.1997482610587,140.03375490220887,140.9990382703409,3955500
2023-08-23,141.34310913085938,141.4673588733352,140.16756365066774,140.4733901001349,3683200
2023-08-24,139.98597717285156,142.2223851144814,139.96685846182038,141.24753501814135,3281000
2023-08-25,140.6932373046875,141.266667441552,139.49857295708856,140.55943548108863,5393300
2023-08-28,141.7445068359375,142.10768939676404,141.22841835034924,141.3335493767305,4273700
2023-08-29,143.34059143066406,143.37882885335208,141.5916012169351,141.84010071449572,5362000
2023-08-30,143.78977966308594,144.00004172817188,143.2736911472497,143.41704501739778,6138000
2023-08-31,143.2832794189453,144.0956571105498,143.23548992238503,144.03831554800018,5314200
2023-09-01,143.87579345703125,144.47790888441915,143.45528390586068,144.18163449421345,4846200
2023-09-05,142.09814453125,143.65599145642182,142.05036962554658,143.65599145642182,3754600
2023-09-06,141.61073303222656,142.2032818889878,140.91305312830073,141.8401138396689,5019700
2023-09-07,141.04684448242188,141.5342622558335,140.54986006151125,141.21886913775393,4834200
2023-09-08,141.11373901367188,141.4769216216896,140.86525409325694,141.23798876553147,2480800
2023-09-11,141.34310913085938,142.00256609738005,141.08505758237234,141.76363325926695,2917500
2023-09-12,141.16152954101562,141.8018678502381,140.9799382356696,141.01817565958683,3062400
2023-09-13,140.59765625,141.4769274468686,140.19625078512334,141.29533613538288,3821800
2023-09-14,142.2415008544922,142.33706524104485,141.41001923329793,141.55337310477856,3080600
2023-09-15,141.04684448242188,142.12682565190912,140.91304266717333,141.78276175794088,3637700
2023-09-18,140.7089385986328,141.15049026022984,140.3441938137869,141.00649933625198,2843700
2023-09-19,140.47860717773438,140.86255376546444,139.81628686427007,140.699375733348,3814000
2023-09-20,139.83544921875,141.49605380132274,139.7874668887344,141.0161133281997,4128100
2023-09-21,137.5125274658203,139.34590343340838,137.43573523901551,139.20192716228667,4778100
2023-09-22,136.96542358398438,137.9253045934491,136.84063436583497,137.7525183955021,3362700
2023-09-25,137.3109893798828,137.33978464012446,136.35110831416762,136.37990357440927,6184600
2023-09-26,135.38160705566406,136.8790336885217,135.25683248789198,136.5430694866722,4013000
2023-09-27,135.42962646484375,136.12074205705437,134.51774231158979,135.9671575595356,5306400
2023-09-28,136.3702850341797,136.87902073400647,135.42959121667883,135.42959121667883,6516300
2023-09-29,136.00555419921875,137.46457755936527,135.61199943651096,137.2534025475037,5839300
2023-10-02,134.4697265625,135.80396057445074,133.817014509055,135.58319204421161,7668900
2023-10-03,132.85714721679688,134.30656241211037,132.3772066644466,133.71144081411546,6579100
2023-10-04,133.6154327392578,133.7402219566144,131.99323150010937,133.20269093818877,7483500
2023-10-05,133.2314910888672,133.79781738645974,132.42519453162126,133.51945832977566,4976800
2023-10-06,134.38333129882812,135.0936484656197,131.81085741577138,132.5787504487538,8193300
2023-10-09,135.34320068359375,135.54478210784785,133.74020141181504,133.82658717365842,3955400
2023-10-10,136.37989807128906,137.18619461876517,135.6119903203785,135.69837609761765,5192900
2023-10-11,136.66786193847656,136.9654227060438,135.71757447241387,136.51427746275743,4211300
2023-10-12,134.9592742919922,136.88862982682588,134.17216484258574,136.85024103138684,6378300
2023-10-13,134.66171264648438,135.77517823413498,134.0857927762888,135.36243639282597,5019900
2023-10-16,136.3414764404297,136.59105484799008,135.016850759599,135.6119722300212,3995000
2023-10-17,137.01344299316406,137.74294740699477,135.5448259799971,135.5448259799971,4954900
2023-10-18,134.84408569335938,136.40869649050703,134.661705950548,136.33190424897472,3986800
2023-10-19,133.17388916015625,135.40080536270173,132.95310599462303,134.81527739344855,6056300
2023-10-20,131.51329040527344,133.12589809989885,131.4749016098255,132.90512957117443,5247800
2023-10-23,130.67820739746094,132.10843545484298,130.4382371315888,130.8701806808341,7157000
2023-10-24,131.51329040527344,132.12761365879226,130.87017189351326,131.31172359758384,6337700
2023-10-25,130.06385803222656,131.11973284906963,129.88147832326095,130.88935616722577,6627700
2023-10-26,129.7951202392578,130.94697460087417,129.60314695342555,129.95829826454636,13893800
2023-10-27,128.29769897460938,130.1214670301676,127.99053002183817,130.1214670301676,7744900
2023-10-30,129.3055877685547,129.62233563846735,128.18251400691764,129.11359983371628,10830300
2023-10-31,130.38064575195312,130.51502851409094,129.10400218833252,129.61273797689876,6021900
2023-11-01,130.8221893310547,131.06215960725905,129.74712718057862,130.41904102462615,6508700
2023-11-02,133.7210235595703,133.8266110584302,131.86846020740032,131.916442541464,7961700
2023-11-03,135.90956115722656,136.54308619712688,135.12246627307243,135.1704632572994,7473300
2023-11-06,135.19924926757812,136.1495221157835,134.74810401063573,136.02474754127886,5054800
2023-11-07,134.91128540039062,135.26643670432372,134.45054659439327,134.949674198131,3636800
2023-11-08,134.6905059814453,135.28562750140833,134.12416507249645,135.07445251433344,3994900
2023-11-09,133.54824829101562,135.2856305585201,133.4618478695352,135.22804004194762,6288500
2023-11-10,135.1128387451172,135.2376279569175,133.45224878428584,134.10497545375537,6783800
2023-11-13,134.9400634765625,135.30482291844774,134.4409212897649,134.68089152329557,4142700
2023-11-14,138.7891845703125,139.22112807323447,137.0422088383598,137.05180237518167,15157800
2023-11-15,139.44192504882812,140.36340266010052,139.07716556077892,139.07716556077892,8133800
2023-11-16,138.9811553955078,139.691472566638,138.55882008343616,139.32671312110887,5466700
2023-11-17,139.653076171875,139.81625416582946,139.14434047112871,139.61467273410923,5027100
2023-11-20,140.20982360839844,140.545773167809,139.0195659048846,139.4995064011467,6441800
2023-11-21,139.95066833496094,140.21943387320076,139.65310753523997,139.96987005815618,4612600
2023-11-22,140.60337829589844,140.96813779788366,140.15223301079772,140.39220328386733,4388100
2023-11-24,141.01612854003906,141.13130957909485,140.4785974956155,140.55537509057103,1156200
2023-11-27,140.72813415527344,140.9393091172306,140.25778725880159,140.6705436468523,3848000
2023-11-28,140.5937957763672,141.24650793989179,140.22903624579504,140.55539232755734,3960800
2023-11-29,141.15048217773438,142.13915828329732,140.9585089367102,141.2176662211141,5732900
2023-11-30,142.350341796875,142.4175258442921,140.97770448015638,141.63043111480715,7763200
2023-12-01,144.49090576171875,144.52930920914352,142.0720012057894,142.21599216369665,12060800
2023-12-04,144.55809020996094,144.95163030418564,143.53101046871967,143.53101046871967,9572900
2023-12-05,143.27183532714844,144.0013542739193,142.96468101794648,143.9629508311303,6384200
2023-12-06,143.31982421875,144.57726593661602,143.19503500666156,143.953349169416,5237800
2023-12-07,144.07814025878906,144.24131826700412,143.41582004233766,143.78056485326843,6054300
2023-12-08,144.529296875,144.8940417146655,143.8765701440964,143.95336238576874,5181700
2023-12-11,145.81553649902344,145.8347235748077,144.63487224026886,144.7116644832741,7130700
2023-12-12,146.07469177246094,146.2666797005657,145.1628077004535,145.88271849097873,4633800
2023-12-13,149.17510986328125,149.21349865880325,145.8347134346214,146.05549661039342,11782700
2023-12-14,151.2100372314453,151.90115265220868,150.37494553411466,150.37494553411466,21351900
2023-12-15,150.135009765625,150.9988969165363,149.62627394283578,150.979695193047,8883500
2023-12-18,150.20147705078125,150.8182016074512,149.9702145319508,150.7122013850295,8628600
2023-12-19,151.46383666992188,151.5312980416948,150.5194803922156,150.7122040626227,10130900
2023-12-20,148.9583740234375,151.65654905843556,148.89091266322382,151.09764021731038,7411100
2023-12-21,150.789306640625,150.82786019963055,149.43059511510714,150.1629509935928,6988900
2023-12-22,151.3000030517578,151.8589119230321,150.65437074456298,151.21327961583728,5749900
2023-12-26,152.1672821044922,152.5623751414702,151.33855718238135,151.56981967905386,4053100
2023-12-27,152.31182861328125,152.56238260209156,151.85891992998694,152.33110539023727,4380300
2023-12-28,152.64910888671875,152.83220151153068,152.30220041441004,152.31183145113118,4047000
2023-12-29,152.06129455566406,152.76474254807815,151.60838585680037,152.29255707159575,5339200
2024-01-02,152.1094970703125,152.59131364043844,151.06877151437547,151.30967979943844,9816500
2024-01-03,149.8642120361328,151.2711080172533,149.6522115945054,151.2711080172533,9207500
2024-01-04,149.61366271972656,150.6062035893623,149.55584708908737,149.8064010936886,5621600
2024-01-05,150.04730224609375,150.90493503563445,149.1993004932453,149.37274737694275,8379600
2024-01-08,151.65658569335938,151.65658569335938,149.65222703185995,149.99913554450166,7954000
2024-01-09,150.8856658935547,151.36748242225914,150.39421832767061,150.69294222284762,6419100
2024-01-10,151.14585876464844,151.4349369337449,150.394226117249,150.8856737085873,4620700
2024-01-11,150.71218872070312,151.126558538577,149.51729326349073,151.09765072615232,7070600
2024-01-12,150.3749542236328,151.65658806247268,150.04732248542933,151.4253108158071,5568500
2024-01-16,149.42092895507812,149.81602200958574,148.90057361060587,149.71002179261717,6942300
2024-01-17,148.2452850341797,148.9776554646,147.5322060831344,148.27419284549927,5775000
2024-01-18,149.00657653808594,149.1414845708752,147.59003484186223,148.42839085249034,7267100
2024-01-19,150.1533203125,150.47130630374133,148.46696234692678,149.35350305579175,8488600
2024-01-22,150.9434814453125,151.49275934560717,150.56766514127483,150.60620399384663,9964200
2024-01-23,151.02056884765625,151.66620120991303,150.49056774315497,151.29038491833452,4785800
2024-01-24,150.24002075195312,151.9745630487756,150.14365157284598,151.9649173085415,5688000
2024-01-25,151.75294494628906,151.77222172645043,150.6736805192521,151.45422102122527,5832000
2024-01-26,151.77218627929688,152.2347259680164,151.48309345989531,151.92637107682725,5997700
2024-01-29,152.69729614257812,152.75511177165964,151.3674778582111,151.61801715218866,4501700
2024-01-30,152.72618103027344,153.06344371724427,152.10945657286325,152.26362665931262,7258200
2024-01-31,150.77003479003906,152.82256320583883,150.69294238090066,152.71656298125774,8928200
2024-02-01,152.52381896972656,152.62018814426614,150.12436768085874,151.088000610768,8008200
2024-02-02,152.38893127441406,153.13093284650168,151.03985087413983,151.87820692974785,8128900
2024-02-05,151.07838439941406,151.70473998376752,150.45202881506063,151.6372933180689,8633400
2024-02-06,152.0323944091797,152.12874889438666,151.05911559263456,151.24220822956377,6059000
2024-02-07,152.62982177734375,152.99600700217925,151.88782029160356,152.74545302566156,6706000
2024-02-08,152.9671173095703,153.06347179329137,152.22511573593755,152.6683787095763,4900200
2024-02-09,153.15017700195312,153.29473076613095,152.39854448061828,152.91891450546353,5055000
2024-02-12,154.19093322753906,154.69202657674003,153.20803801287056,153.21766905086247,6971900
2024-02-13,151.627685546875,152.45641066322943,150.48095971918832,152.10950213303747,9741100
2024-02-14,153.01528930664062,153.12128953290502,151.85893255894877,152.39856472761338,11291300
2024-02-15,154.91366577148438,155.05821957178762,153.57421623037726,153.62240083047834,5846600
2024-02-16,154.210205078125,155.23165381986055,154.06566599349236,154.36438990431603,5061200
2024-02-20,153.8536376953125,154.14273051614393,153.44891362769718,153.50672925108913,6827700
2024-02-21,154.16201782226562,154.2102024176033,153.1405690981527,153.4585697827325,4602900
2024-02-22,155.6942138671875,156.0892922806057,154.6438425670822,154.97148901042576,9128000
2024-02-23,156.10858154296875,156.5036746918534,155.75204195703068,156.05076590242484,6375200
2024-02-26,155.482177734375,156.5036262783406,155.3761775248764,156.08925647616556,5164000
2024-02-27,156.16636657714844,156.20492013253912,155.6460112103595,155.98327394872558,4362900
2024-02-28,156.2241973876953,156.5807516422786,155.61711851809324,155.7905654225868,4296800
2024-02-29,156.8698272705078,157.28419715319728,156.2145638145562,156.96619646291217,6298500
2024-03-01,157.96836853027344,158.03582990577584,156.33019518543966,157.07219679659428,6389300
2024-03-04,158.2574462890625,158.7103549834317,157.88163000052987,157.88163000052987,5165000
2024-03-05,157.5347137451172,158.68143933150247,156.9468970455362,157.99726815728968,6260600
2024-03-06,158.43093872070312,158.970570962739,157.93947637580376,158.39238515834296,6041100
2024-03-07,159.6739959716797,159.93418101638267,159.29817966438588,159.40417988971868,6407600
2024-03-08,159.49090576171875,160.6569082581086,159.26927427042526,160.1172760859815,9114500
2024-03-11,159.69326782226562,159.78963700736665,158.64291134248114,159.15363567499554,5503800
2024-03-12,160.1076202392578,160.40635882642715,159.23072536683483,159.9823579454105,6357900
2024-03-13,160.18467712402344,160.75323165414852,159.71250645985563,160.22323067040634,4644000
2024-03-14,158.74893188476562,160.3003818586928,157.74674516537627,160.23292047971222,7757600
2024-03-15,158.44056701660156,158.9801992492959,157.70821108707005,157.71784212555545,7973400
2024-03-18,158.87599182128906,159.4081940202868,158.39217432491625,159.01146012967592,4712600
2024-03-19,159.82423400878906,159.86294766815112,158.7308019883021,158.85659923382642,5789400
2024-03-20,161.18862915039062,161.3337684845813,159.4662401482869,159.73717674873438,4925700
2024-03-21,162.29171752929688,162.73682129002958,161.7498443780035,161.92401156308952,6010900
2024-03-22,161.24667358398438,162.5626575931934,161.2176457191805,162.36913357285542,3178700
2024-03-25,160.8983154296875,161.64339836944063,160.87895859925695,161.23699352001225,2903700
2024-03-26,160.74349975585938,161.58535213226793,160.6854440260939,161.40149914471968,3669800
2024-03-27,163.31739807128906,163.32706910377667,161.643394024959,161.73047761215267,5999200
2024-03-28,163.88832092285156,164.3044116143077,163.491601828826,163.68512585894968,3728100
2024-04-01,162.92066955566406,164.17859777184876,162.7948870695005,164.11087101236618,4757200
2024-04-02,161.51760864257812,162.0885096649201,161.0434622470247,162.0885096649201,4598400
2024-04-03,161.6918182373047,161.98209693223222,161.1886438911991,161.31444116896017,4442700
2024-04-04,160.04681396484375,163.11422973302197,159.6694369269671,162.9400477651895,7150800
2024-04-05,161.00479125976562,161.4305530332632,159.85330321733497,160.2306802865826,5697000
2024-04-08,161.4982452392578,162.0014194788653,161.1208682507861,161.2369944691174,22497300
2024-04-09,162.13690185546875,162.34011168150954,160.67577846847692,162.04014722420777,5483600
2024-04-10,159.379150390625,160.42418308630084,158.79856354641683,159.8532820406228,7550600
2024-04-11,159.2630157470703,159.91132932204718,158.24699620586276,159.66942061056614,6831200
2024-04-12,156.7375030517578,158.624388227012,156.30207028284337,158.2566969908967,6567600
2024-04-15,155.38282775878906,158.49861359360304,154.85062556372367,158.35345948680077,9546700
2024-04-16,154.52163696289062,155.34411786164827,154.04749049306199,155.21833535062564,7389600
2024-04-17,154.20228576660156,155.40215826080774,153.72813938862282,155.27636100921558,8056700
2024-04-18,154.05715942382812,155.2860451200481,153.6894534358591,154.7731998025844,6683000
2024-04-19,154.6377410888672,155.15058643810934,154.15392360732267,154.357133446144,8816300
2024-04-22,155.8182373046875,156.61170496167867,154.45386863494568,155.31506305305737,4775500
2024-04-23,157.20196533203125,157.5503144710761,155.9924217610333,156.1182042522605,3998000
2024-04-24,157.42453002929688,157.57935516257209,156.54397869434868,156.95038359549307,4164000
2024-04-25,157.09552001953125,157.33742872620442,155.36344541138735,156.71814302771853,7408300
2024-04-26,157.17294311523438,157.7148311079649,156.57301415088392,156.75686715994308,5649500
2024-04-29,158.26637268066406,158.39216995102743,157.55033225536576,157.61805902521982,3882800
2024-04-30,155.98272705078125,157.6760879534276,155.9536991879307,157.57933333223758,4935800
2024-05-01,155.4505615234375,157.5406567299393,154.99577187855223,155.54733093232582,9285200
2024-05-02,156.40850830078125,156.7955563638521,154.9086712177416,156.41817933463,5677900
2024-05-03,157.5212860107422,158.23734118455948,156.8826581691619,157.69546797840044,9751400
2024-05-06,158.73080444335938,158.74049024081717,157.98573628586746,158.35342746588452,4928700
2024-05-07,159.17593383789062,159.65008023278477,159.04046554862603,159.17593383789062,4511200
2024-05-08,159.13722229003906,159.2630047711842,158.48889399480686,158.63404807065353,3346100
2024-05-09,160.47254943847656,160.51126309829755,159.02109725882696,159.0985098135338,3413000
2024-05-10,160.7338409423828,161.15960267961347,160.48226117262718,161.01444857922803,3425000
2024-05-13,160.6951446533203,161.74017741540752,160.56934738392894,161.26604573527888,2514400
2024-05-14,161.333740234375,161.6917751375809,160.67575568134325,161.20795775508057,5446900
2024-05-15,162.6207275390625,162.7561958416353,161.99177072674678,162.28206416509926,5739400
2024-05-16,162.3594512939453,162.94003813248037,162.34010922694767,162.7271572760133,4779400
2024-05-17,162.60137939453125,162.68847776614746,162.12724769265978,162.41754114652423,3461400
2024-05-20,162.46588134765625,163.01744028553753,162.22397264120357,162.74650371550538,3756300
2024-05-21,162.39817810058594,162.465904870432,161.9143606176306,162.34012236502133,3751200
2024-05-22,161.77886962890625,162.4852389207937,161.35310794121438,161.94336577825342,2841500
2024-05-23,159.5146026611328,162.07882897475938,159.37913437975132,162.0691579421376,5841400
2024-05-24,160.5693359375,160.84994355890294,160.0468048287681,160.19195892116548,3252000
2024-05-28,159.45655822753906,160.64675985659906,158.99209758189534,160.5887041215108,4160000
2024-05-29,157.5890350341797,158.17929296857304,157.51162246320078,158.17929296857304,6843200
2024-05-30,158.31475830078125,158.47925447416767,157.4148500993874,157.65675884229765,5335500
2024-05-31,160.41453552246094,160.4629202273801,158.03416159580325,158.6340905949718,4335200
2024-06-03,159.56297302246094,160.74348866267752,158.3050595911893,160.72414659738143,6125400
2024-06-04,159.07916259765625,159.5146100898157,158.43084902335713,158.81791182028377,5446500
2024-06-05,160.04681396484375,160.0951986650715,158.52763477926672,159.43721398977382,5788700
2024-06-06,159.73719787597656,160.38551159600482,159.36949182747665,159.82428148800886,6251200
2024-06-07,159.2340087890625,160.14358802604156,158.740520268227,159.03081371310466,2865700
2024-06-10,159.65977478027344,159.7662152207245,158.4599020665469,158.68246874699622,5769700
2024-06-11,159.00177001953125,159.23399294036972,158.03413514287374,158.9340284909957,4772800
2024-06-12,159.85330200195312,161.0047900356289,159.45656810103418,160.79190915049867,8818900
2024-06-13,159.3985137939453,159.65977938530412,158.4405645671943,159.56300997667086,7385200
2024-06-14,158.38247680664062,158.8082385343365,157.42452768426202,158.49860303733587,4557100
2024-06-17,159.53396606445312,159.67912016280644,157.73416450540793,158.03414373602985,4265800
2024-06-18,159.9307098388672,160.30808689406967,159.3404519048389,159.3404519048389,6283800
2024-06-20,160.02745056152344,160.32741499203127,159.65974460674067,159.89198227790908,5806800
2024-06-21,160.23065185546875,160.3370922799565,159.29204486633208,160.14356826223408,3996200
2024-06-24,161.00106811523438,161.82687000735618,160.1655563132404,160.58330480209244,7588700
2024-06-25,159.89353942871094,161.0885106777713,159.37863251552676,161.0885106777713,4349100
2024-06-26,159.2912139892578,159.4563714276477,158.75687238017755,159.33977837020794,3995900
2024-06-27,159.4854736328125,159.52432809211277,158.8539737809495,159.29117168773473,3430700
2024-06-28,159.60208129882812,160.50560700545574,158.88314766260245,159.84496248108522,4761000
2024-07-01,158.30995178222656,160.26272597699364,158.10593989053774,160.1072784623701,6813100
2024-07-02,159.0191650390625,159.02888977417462,158.21281253648908,158.26137691488432,3692900
2024-07-03,159.08717346191406,159.75752789296837,158.94145068311568,159.349489288042,2745100
2024-07-05,159.0191650390625,159.17461255794296,158.09621948518307,158.99974521742092,3950800
2024-07-08,159.330078125,159.91299897468673,158.8346057797714,159.25235435675557,4654500
2024-07-09,159.05804443359375,159.8935563702802,158.7082949060438,159.2232018737851,4267800
2024-07-10,160.36959838867188,160.50561126137066,159.08717859669062,159.3883488987886,5327600
2024-07-11,162.30291748046875,162.61381250677573,161.08851157950238,161.15652542561605,10924400
2024-07-12,163.7310791015625,164.53744649276402,162.95385626943997,163.0413047709695,11488500
2024-07-15,163.91566467285156,164.78032114782292,163.5270606843917,163.94480923077145,5139500
2024-07-16,166.8205108642578,166.8205108642578,164.2362516337907,164.3819744074188,9921100
2024-07-17,166.14044189453125,167.28684880632568,165.80041712715084,165.94613990970083,12609800
2024-07-18,164.71231079101562,167.47145253506955,164.34314144143403,165.98502075245113,8887600
2024-07-19,163.6047821044922,165.04264958493468,163.2258879983348,164.82891292768764,5683900
2024-07-22,164.89688110351562,164.9648949473185,162.9927010170992,164.27510589631777,8973100
2024-07-23,164.31399536132812,165.00376967273502,164.20712703958017,164.59573103268613,5344300
2024-07-24,162.39036560058594,164.4111389785619,162.22520816227004,164.0031003384358,8067000
2024-07-25,162.58468627929688,164.84832608850286,162.09892386415024,162.43894866017743,10680400
2024-07-26,164.9066162109375,165.43123305264234,163.55619740297166,163.8184984116785,7472300
2024-07-29,165.1300811767578,165.53811983789763,164.35285832608028,165.2952386235792,5737800
2024-07-30,165.92672729492188,166.43192438199165,165.1009400436756,165.78100449302346,7333100
2024-07-31,166.71363830566406,168.15149065787224,166.2181512393788,167.1119521515239,9957500
2024-08-01,164.85804748535156,167.79205656421433,163.97395634986069,167.0051090152098,10567900
2024-08-02,162.0211944580078,163.61449453124598,160.39874982681891,163.43961235924968,11666300
2024-08-05,158.19337463378906,159.90325283339862,157.19270534107042,158.76657067053253,13747600
2024-08-06,159.81582641601562,161.80745518119514,158.36824915611035,158.68885411263804,8774600
2024-08-07,158.68885803222656,162.22520772814804,158.5917144463377,161.35084133368798,5938500
2024-08-08,161.5645751953125,161.7102979837832,159.21348698747047,159.47578800671772,6628600
2024-08-09,161.90460205078125,162.37094462844573,160.45703958578721,161.70059014430853,3650000
2024-08-12,161.1273956298828,162.12806499800138,160.80679066374404,161.95318282361106,5633600
2024-08-13,162.9635772705078,163.17731391505038,161.3799870834767,161.90460395916796,4208300
2024-08-14,163.30360412597656,163.7602219792493,162.82756644971224,163.23560509692126,4156200
2024-08-15,165.51869201660156,165.78100788968644,164.50831264605367,164.93578597277167,6926700
2024-08-16,165.9169921875,166.05300505671528,165.15920408411614,165.15920408411614,3454700
2024-08-19,167.17999267578125,167.21884714586272,166.0433104161716,166.0627302390662,5580000
2024-08-20,166.5193634033203,167.28687638271415,166.2959168251459,167.01485059425127,5054900
2024-08-21,167.68516540527344,167.84059808734185,166.7719298357797,167.18967833179187,4594900
2024-08-22,167.20913696289062,168.27782019204923,166.90796664129837,168.07379345764903,3817200
2024-08-23,169.33677673339844,169.55051337676622,167.7434766437516,168.0737915201229,6000300
2024-08-26,169.30760192871094,170.39570477380192,169.11329996698606,169.9876662068928,7487600
2024-08-27,169.38534545898438,169.44363457187987,168.75384547927044,168.95787219869584,3560300
2024-08-28,168.91900634765625,169.64764992227276,168.12236374804044,169.14246771736185,3964500
2024-08-29,169.55052185058594,170.58033582503057,168.55956234765364,169.53108720268335,5095000
2024-08-30,170.86204528808594,170.94949377808044,168.9675750763811,170.0945472930893,4635800
2024-09-03,168.6664276123047,170.40545054854462,167.98636319098998,170.01684654330552,6616300
2024-09-04,168.42352294921875,169.43390211671607,167.9377605981682,168.5012467043017,10109400
2024-09-05,167.3937225341797,168.7927205890601,166.72336806419185,168.6664176239054,6015500
2024-09-06,165.59640502929688,168.39440129564701,165.37295846822636,167.60746855180915,9197200
2024-09-09,167.19943237304688,168.0446542475515,166.32505111473506,166.6262214459129,6402300
2024-09-10,167.29656982421875,167.69489855535622,166.05301924959292,167.5491757631314,4356800
2024-09-11,167.37428283691406,167.5783095572154,163.98365612078814,166.71365312220735,7108100
2024-09-12,168.413818359375,168.52068667295387,166.56791247249382,167.40342433566738,5460300
2024-09-13,170.0265350341797,170.34713996904227,168.93843209716056,169.0550103191867,5248100
2024-09-16,171.2603759765625,171.56154626703346,170.3860096607248,170.62889084004536,4845200
2024-09-17,171.51296997070312,172.54279864086553,171.02720760383616,171.64898284045424,5489300
2024-09-18,171.19239807128906,173.3200250121722,170.93979212609108,171.85302784486902,9390000
2024-09-19,173.0188446044922,173.73777827881997,172.32907031192826,173.46575252621847,7678100
2024-09-20,172.38735961914062,172.52337249559307,171.5809922714969,172.52337249559307,5392000
2024-09-23,173.27005004882812,173.33833134906973,172.54830420390277,172.87991796414335,5866400
2024-09-24,173.52365112304688,173.8357538175599,173.1627633142039,173.65043586648096,6316200
2024-09-25,172.45077514648438,173.86502265022938,172.18742778648385,173.70897873558653,4614900
2024-09-26,173.89425659179688,174.40144016793303,173.36757683077445,173.71870163231736,6061500
2024-09-27,174.51846313476562,175.50357104994544,174.2453677419153,174.60625549021108,5693800
2024-09-30,174.7427978515625,174.92811576589216,173.22126217139814,174.36241393152142,5068500
2024-10-01,173.81625366210938,174.75257660685418,172.89942690354917,174.53799949814498,8274200
2024-10-02,173.63092041015625,174.05031161492926,172.85064143659187,173.34806202697968,4117100
2024-10-03,172.81161499023438,173.30905045079297,172.21666884461175,173.07496229978992,5361900
2024-10-04,174.16737365722656,174.2746473260215,172.93842936277449,174.26489923319954,5400400
2024-10-07,172.81161499023438,173.6309160774535,172.07035816926614,173.6309160774535,4207300
2024-10-08,173.22128295898438,173.41634898810491,172.3824856394405,172.99694288704094,3845700
2024-10-09,174.41119384765625,174.63551902256364,172.95792449155377,173.2602790495992,3925200
2024-10-10,173.75770568847656,174.2648892552833,173.3675736417536,174.06982323192182,3171900
2024-10-11,175.4645538330078,175.6986419831149,173.99178828869816,174.07956576401963,4033900
2024-10-14,176.7520294189453,176.86906606137103,175.16221224060294,175.57185537167717,3222600
2024-10-15,175.95223999023438,177.727375114012,175.84495144008753,176.79103732340477,5152200
2024-10-16,177.1421661376953,177.38600240421349,176.25461343833348,176.3911611522803,4840200
2024-10-17,176.85931396484375,177.65908914095405,176.66424793768886,177.62982998101,3595400
2024-10-18,177.385986328125,177.52253402969677,176.4496634837994,177.3762382360782,3275700
2024-10-21,175.87423706054688,177.36651388553935,175.49383818105343,177.11291463254372,3998700
2024-10-22,175.08419799804688,175.3670564184915,174.323429991297,175.17199037004534,3730700
2024-10-23,174.5087127685547,175.06466652127125,173.5431159319019,174.57699405716866,4665700
2024-10-24,174.54774475097656,175.24023135483824,174.12833866923518,175.04516533470468,4361800
2024-10-25,173.71868896484375,175.7083861067766,173.5821412676776,175.50357200231878,4555200
2024-10-28,174.7037811279297,175.17195741522585,174.35265635374893,174.44044870923116,3040100
2024-10-29,174.17709350585938,174.79156555344395,173.66016190101533,174.14783434955365,5505400
2024-10-30,173.79673767089844,174.92814150612313,173.5529014072337,173.5529014072337,5630200
2024-10-31,171.9435577392578,173.61140418169947,171.90455048890186,173.34805687340173,6143700
2024-11-01,172.0508575439453,173.5724082939287,171.90456174230465,172.5775521950199,4247000
2024-11-04,172.2556915283203,173.21152551936638,171.72901174460478,172.2361804600095,3954200
2024-11-05,174.264892578125,174.3234108979909,171.86555216811988,172.32395063459737,4550700
2024-11-06,178.39059448242188,178.85877079771268,176.83005141253668,178.81974866347997,12965500
2024-11-07,178.566162109375,179.0245754441374,178.11749686675824,178.86851667430693,8402000
2024-11-08,179.56103515625,179.92190807337303,178.52715687022143,178.77099314018778,7541600
2024-11-11,180.45835876464844,181.20936379364744,180.1755003448245,180.26329271663033,6861800
2024-11-12,179.08309936523438,180.33153979777188,178.5173974688371,180.18524399809323,5098300
2024-11-13,179.18063354492188,179.990156784905,178.9270343242484,179.40495872410094,9745300
2024-11-14,177.74685668945312,179.45371023329926,177.62980518343377,179.25862935079422,7379500
2024-11-15,176.47894287109375,177.83467195016271,176.196084460898,177.4152658227436,5450400
2024-11-18,177.19091796875,177.57130190971748,176.41063902039582,176.644727169677,3702600
2024-11-19,176.71299743652344,177.09339626837942,175.22072079840922,175.6693860403483,5787700
2024-11-20,177.30796813964844,177.38599752869973,175.893720809231,176.8398066879248,4496700
2024-11-21,179.54151916503906,179.86338481848023,177.25921531254835,177.90293173684626,5642600
2024-11-22,180.95574951171875,181.20933384397216,179.94139730012202,179.9706564583596,6371300
2024-11-25,182.5943603515625,183.3551283290905,182.1652061319139,182.5455901206779,8582500
2024-11-26,182.6138458251953,182.7699046018372,181.71653018338048,182.64310498549264,5590500
2024-11-27,182.4382781982422,183.45263041082836,182.28221943243415,182.88692854671152,4801900
2024-11-29,182.99423217773438,183.52092683512242,182.72113675634216,182.83818828164186,3752500
2024-12-02,182.5358123779297,183.23806197461863,181.87258491582554,183.0722551090926,7664300
2024-12-03,181.72630310058594,182.76991460098233,181.53122217781885,182.53582642321277,8580300
2024-12-04,181.7360382080078,182.00913362126624,181.02404051505437,181.97012636905094,6576700
2024-12-05,180.8289794921875,181.88235400884662,180.77046116613735,181.72631010024136,6060200
2024-12-06,180.6241455078125,181.8140676153934,180.487597801168,181.46294281508128,4527300
2024-12-09,179.8828582763672,181.28735735662508,179.84385102750784,181.13131347860508,5121100
2024-12-10,178.78073120117188,179.912134907965,178.28329575490824,179.912134907965,6296400
2024-12-11,178.946533203125,179.63901976029922,178.76121528758807,179.5805014464628,6041800
2024-12-12,178.2930908203125,179.1123771488683,178.2930908203125,178.91731110148626,3648800
2024-12-13,177.66885375976562,178.49788810349008,177.33724002227584,178.29307398198688,5418500
2024-12-16,177.08363342285156,178.32232572321553,176.91782656100497,177.69810552696453,5199800
2024-12-17,175.6889190673828,176.83981915118787,175.4158236277482,176.44968706101994,7334500
2024-12-18,170.49029541015625,176.11803977946528,170.35374771632505,175.91321079742727,11216700
2024-12-19,169.9246063232422,172.25568026741192,169.8758360969457,171.36811274960002,10243000
2024-12-20,172.30445861816406,173.3870922096264,169.40768265405092,169.67102998240236,10861700
2024-12-23,172.5393524169922,172.69596081519884,171.00267544771103,171.6780211618544,8102400
2024-12-24,173.8411407470703,173.92922737500905,172.3044487630293,172.62744800047105,2266500
2024-12-26,174.12498474121094,174.36967978156397,173.05811794967178,173.19514657486945,3493100
2024-12-27,172.940673828125,174.21309105967816,172.05976269781877,173.24409329684144,5401800
2024-12-30,171.1984405517578,171.88358367348317,169.88687872802643,171.53122222016728,6274500
2024-12-31,171.51162719726562,172.3338138052886,170.84606391957882,171.80526420477392,6324500
2025-01-02,171.01246643066406,172.93086713221018,170.2196569106884,172.57852062110956,9011900
2025-01-03,172.57850646972656,172.84276633138282,170.87542379739432,171.53120464205713,4949100
2025-01-06,172.46104431152344,174.1837067827795,172.20656687145086,173.37131753735733,8748100
2025-01-07,171.88357543945312,173.62580283766528,171.31588118436164,173.0581085825738,8469400
2025-01-08,172.08912658691406,172.21635784576793,170.44476823134787,171.4626929771751,6932900
2025-01-10,169.5736541748047,171.23757737595588,169.39748092368245,170.9537377152592,7406800
2025-01-13,170.96353149414062,171.01247348992476,168.7221314632294,168.898304726052,8191400
2025-01-14,172.34361267089844,172.54914814126326,170.992891268501,171.7073966047692,8081800
2025-01-15,173.9977569580078,175.21143482404648,173.52793171792803,174.93737756816677,9989500
2025-01-16,175.36802673339844,175.62250417990904,173.60621958640493,174.1445516222917,5759000
2025-01-17,176.2195587158203,176.87535451104333,175.88677707361674,176.2685007067323,5945500
2025-01-21,178.26524353027344,178.34354773887983,177.11027512207963,177.2473037533907,7561500
2025-01-22,177.6387939453125,178.529472426647,177.5800545978086,178.41202360163544,8400200
2025-01-23,178.48057556152344,178.49035798692967,177.04176747177598,177.73669305063322,5414500
2025-01-24,178.32394409179688,178.9699425251095,178.07924907326924,178.2456398936682,8858500
2025-01-27,178.44139099121094,178.48055055735102,177.31579989215933,177.41366893751248,11280900
2025-01-28,177.5605010986328,178.48055678002132,177.17877745795025,178.43161478813914,14005300
2025-01-29,176.9732208251953,178.21627568717182,176.64043918813027,177.57027726110542,7849500
2025-01-30,178.86227416992188,179.27336000436753,177.63879909061984,177.9813631518253,8669000
2025-01-31,177.3941192626953,179.34188219730652,177.1983512852471,178.52949288289588,10222400
2025-02-03,176.42510986328125,177.06131094288023,173.92921766601037,175.12333056141057,23419700
2025-02-04,176.6404571533203,177.02218081936476,175.92595181636528,176.04340065668666,7359000
2025-02-05,177.5017852783203,177.58987190697462,175.91615128754393,177.06132226504923,5616100
2025-02-06,177.26686096191406,178.2358586181275,176.288080881496,178.2358586181275,5858800
2025-02-07,176.395751953125,177.9324289538246,176.12169471815946,177.82476254473107,6525000
2025-02-10,176.8949432373047,177.25710207093994,176.25874207456832,177.18858028741406,5193400
2025-02-11,176.91448974609375,177.00257636405743,175.99443413181174,176.30765090901326,4882000
2025-02-12,175.8867950439453,176.28809850142656,174.85907286978613,174.95695686161093,8593000
2025-02-13,177.4136962890625,177.5703047077698,175.9944679651545,176.47407564682032,7191600
2025-02-14,177.23751831054688,178.31416755680408,177.178793888842,177.89329924458545,10416200
2025-02-18,178.59800720214844,178.62736941053927,177.21792366778226,177.70731372096182,5629500
2025-02-19,178.9601593017578,179.13634749521387,177.8247707417073,178.13798755896255,6982400
2025-02-20,178.50991821289062,178.7448158769065,177.32558772848108,178.7448158769065,5153400
2025-02-21,176.00425720214844,178.74482972802986,175.5931563882661,178.74482972802986,7674000
2025-02-24,176.15106201171875,176.95365395585884,175.40719448605233,176.54256809154325,6196800
2025-02-25,176.32723999023438,176.91451406070144,175.35825718946373,176.39576177028889,9329900
2025-02-26,175.95529174804688,177.53112820783574,175.58335055412215,176.87534737407242,5829700
2025-02-27,174.41860961914062,176.7285312364648,174.32074057082121,175.98466374224137,6878000
2025-02-28,176.35659790039062,176.42511967877445,173.7432567270298,174.8884276950194,9252600
2025-03-03,174.47735595703125,177.55072523839036,173.54751773867437,177.041770279185,7704400
2025-03-04,171.65846252441406,174.085833044451,171.12991289509188,173.5083563570429,10009200
2025-03-05,173.2538604736328,173.73346810019925,170.83627242695968,171.50185066250086,6327500
2025-03-06,171.33546447753906,172.80363467026004,170.50349539433068,171.6878259211921,8624700
2025-03-07,172.940673828125,173.36154214021542,170.32733251805067,170.88522945907755,11727400
2025-03-10,170.5034942626953,172.97980677651606,169.25065690135514,171.36482554924146,16835700
2025-03-11,168.2327423095703,170.62096834109556,167.33226633514283,170.53286677419482,17834700
2025-03-12,167.43992614746094,169.41705128212513,166.49050821442924,168.94724099552172,15640500
2025-03-13,165.83470153808594,168.0565364981694,165.25722487614755,167.44969762867476,8687700
2025-03-14,168.9961700439453,169.22128527767737,166.68624848717707,167.24414535946931,7120600
2025-03-17,171.2767333984375,171.91293448320812,168.88850758822343,168.88850758822343,8485500
2025-03-18,170.38604736328125,171.0711904694555,169.661744688183,171.0711904694555,6404500
2025-03-19,171.64866638183594,172.47085304050006,170.15113397980414,170.56221984163645,7666100
2025-03-20,170.93417358398438,172.03040262912654,170.46436326963783,170.85586937575985,7686200
2025-03-21,170.15110778808594,170.48388939620068,168.65357561657243,169.78896397543153,7787700
2025-03-24,172.78785705566406,173.06323065905988,171.4601511054275,171.75519853956183,9323400
2025-03-25,172.37478637695312,173.18123330833743,171.64700475036267,173.0533909329962,4313100
2025-03-26,172.0502471923828,173.40745639497277,171.4994999816901,172.71900737487087,4641600
2025-03-27,171.60765075683594,172.6107908389243,170.74218244438342,171.7649963535911,5538300
2025-03-28,168.9621124267578,171.56833220972908,168.71624206961957,171.52899955555066,6786800
2025-03-31,170.36846923828125,171.11592466499226,167.3590187228494,167.9687723547584,10869400
2025-04-01,170.54551696777344,171.02741326017807,168.43102290671555,170.14228598319096,6370100
2025-04-02,171.9715576171875,172.49280155686924,169.09979373979945,169.09979373979945,7288600
2025-04-03,163.77915954589844,167.81143936748649,163.71032365005394,167.1918412712084,15808200
2025-04-04,154.58358764648438,160.4156397142616,154.34756173250986,160.15993997187783,29019500
2025-04-07,153.2952423095703,159.01911130910946,147.8664357406036,151.10208297094715,34004200
2025-04-08,150.40380859375,158.0454635426612,148.29915892392498,157.6815802140059,17732800
2025-04-09,162.43177795410156,163.14971511378855,148.3188150492636,148.74171981917098,37769600
2025-04-10,156.96363830566406,159.61903509891613,152.9116847108069,159.47150388406388,20112100
2025-04-11,159.34365844726562,160.08126948716213,155.08518224278814,156.75709759853993,11819300
2025-04-14,161.3794708251953,162.24493932102877,159.78623564580766,161.5565052933141,14031000
2025-04-15,160.85821533203125,162.7366684070534,160.70085470646458,161.62532962324974,8519400
2025-04-16,158.79290771484375,161.36962408767394,157.56355600922097,160.20910827406402,10385800
2025-04-17,159.97308349609375,161.20243521051708,159.0191053651625,159.1567921569085,7874400
2025-04-21,156.75709533691406,158.97975783597667,155.1048538346165,158.72405808159294,6286600
2025-04-22,160.6221923828125,160.99590511705333,158.27165738744614,158.52737216042382,8645400
2025-04-23,162.1760711669922,165.70678067422804,161.625324003394,163.75947676570422,12717500
2025-04-24,164.9199981689453,165.19537176007566,161.8613704183505,162.4809685017614,5767900
2025-04-25,164.6839599609375,164.87082383088847,163.29724756399807,164.50694050944844,5190000
2025-04-28,165.1461944580078,165.89363491764067,163.67097236184165,164.94950117986602,7232100
2025-04-29,166.1099853515625,166.52306070295165,164.3593898403749,164.6839404697614,5877300
2025-04-30,166.34603881835938,166.74926978288008,162.6579836698442,164.38890548378947,7497400
2025-05-01,166.11984252929688,167.69340372408544,165.69693773485932,166.34603904349285,9380300
2025-05-02,169.0506134033203,169.44399995168482,167.7720846110334,168.19498940692336,6865200
2025-05-05,168.49005126953125,169.38500799481295,167.7720989974363,168.10647909289258,5732400
2025-05-06,167.2410125732422,168.54904461651213,166.68042098038293,167.11315519099674,5246400
2025-05-07,168.34249877929688,168.89324592735102,167.1524947644087,167.78192222028974,6912400
2025-05-08,169.7587127685547,171.39129537601846,168.95225087568673,169.39482947904477,5238800
2025-05-09,169.71939086914062,170.4373280827738,169.2669828262611,170.17178390528505,3460100
2025-05-12,174.37124633789062,174.57776901759746,173.13205023271172,174.3318986801235,8903700
2025-05-13,174.7646484375,175.57111041946055,174.29258154939927,174.49910424749643,8960000
2025-05-14,173.71231079101562,174.6957921134912,173.30907984718448,174.61711180688508,7785500
2025-05-15,175.29571533203125,175.3350479817455,173.34841151966137,173.34841151966137,6989300
2025-05-16,177.01683044433594,177.01683044433594,174.9515134099842,175.4727573745779,6304500
2025-05-19,176.9971466064453,177.2036692941625,175.3153868299302,175.4137409714284,4145500
2025-05-20,176.53489685058594,177.2036569446149,175.83661851077665,176.52506743981516,5888300
2025-05-21,172.6894989013672,175.4137466361039,172.51247944903594,175.14820245087148,13219500
2025-05-22,172.1387481689453,173.122229568531,171.22411767056352,172.23710231159797,10673200
2025-05-23,171.4503173828125,171.99123516400303,170.14228529620107,170.35865240867727,11014300
2025-05-27,174.64662170410156,174.7449608360577,172.58130484547283,173.54512738309137,8780200
2025-05-28,173.16159057617188,174.75482576415743,172.86654313220586,174.62696837020033,13696600
2025-05-29,173.58447265625,173.84017242600999,172.0994210971398,173.81066918360443,7823900
2025-05-30,173.51560974121094,174.0860307327904,172.05023211405697,173.0927199581821,8433600
2025-06-02,173.6533203125,173.70248237776616,171.39131006104637,173.1615796059551,12499600
2025-06-03,175.09901428222656,175.26621931892407,173.02386801768088,173.60413342371055,9725900
2025-06-04,174.7056427001953,175.5022602668803,174.63680680278017,175.3645734653142,6957400
2025-06-05,174.2335662841797,175.35473446613042,173.751655001678,174.91217084291685,11662900
2025-06-06,175.73831176757812,176.0530180443105,175.06953654357457,175.70880852309497,7257800
2025-06-09,175.76779174804688,176.6135863270028,175.28588047404514,176.17102271159516,11541800
2025-06-10,176.64309692382812,176.88896727670874,175.9153152768767,176.20053328999006,13056400
2025-06-11,176.1415252685547,177.05615577005236,175.5711042540435,177.0266525285031,11864700
2025-06-12,176.55458068847656,176.58408392919554,175.2072009997913,175.66943844670206,8786000
2025-06-13,174.42042541503906,176.07266689865583,173.9483435568046,175.24654615684744,16262000
2025-06-16,176.10215759277344,176.7905914952338,175.37439104162974,175.41372369031308,10888000
2025-06-17,174.4105987548828,175.8169850481217,174.1057219029409,175.37442139185967,9216000
2025-06-18,174.4302520751953,175.6301005174989,174.2237143896333,174.4105782463955,12988300
2025-06-20,174.71546936035156,175.72845402879068,174.28275013848491,175.43342160632153,9401300
2025-06-23,176.2579345703125,176.34680547707092,173.77931322780086,174.7273147704774,12724300
2025-06-24,177.92678833007812,178.24279386762302,176.68255042893523,177.17629778036908,10283300
2025-06-25,176.64306640625,177.78854886915818,176.36656908058518,177.71943207172905,11833600
2025-06-26,177.97616577148438,178.16379217558097,177.10718068068326,177.19605158747427,8981500
2025-06-27,178.62791442871094,179.5364077381887,177.69966700633904,178.331663007192,9276900
2025-06-30,179.46730041503906,179.7536672612352,178.56867658060372,178.89455165467282,9990600
2025-07-01,181.57064819335938,182.45940247650822,179.0327946143975,179.0327946143975,21421100
2025-07-02,181.9853973388672,182.1335305892956,180.76091351597896,181.5015345641996,12842400
2025-07-03,182.8642578125,183.20001745573174,182.34088683695762,182.34088683695762,8503400
2025-07-07,181.4027862548828,182.75566433615066,180.4152914847768,182.43965877708902,14145700
2025-07-08,181.85702514648438,182.46926703057954,181.25465278478737,181.46201823096078,11259100
2025-07-09,182.40016174316406,182.5680340423606,181.25466421785035,182.43965490322097,11300700
2025-07-10,183.45675659179688,184.15788442977913,182.1532714769201,182.40014514173498,13045900
2025-07-11,182.11376953125,182.59764735544007,181.70889309068116,182.33101956921507,10362200
2025-07-14,182.30140686035156,182.44952504603577,181.412667610298,181.82741359818792,9821500
2025-07-15,179.77340698242188,182.7358909808096,179.74378334787582,182.56801869572433,11203400
2025-07-16,180.4745330810547,180.69178312907968,178.3020476687786,180.3856621708555,11395700
2025-07-17,181.94589233398438,182.09401050679577,180.33627120556065,180.54365171546942,9663600
2025-07-18,181.87677001953125,182.647029762492,181.41266136437494,182.4988965139338,9431700
2025-07-21,181.25465393066406,182.66676410915872,181.25465393066406,182.26190273665057,9822000
2025-07-22,183.56539916992188,183.83202697246432,181.52129286502762,181.52129286502762,12111800
2025-07-23,185.08612060546875,185.11575930839842,184.15788826353813,184.59237326556027,13828000
2025-07-24,184.49363708496094,185.44162356134072,184.45412885879398,184.80962755442974,11816300
2025-07-25,185.3823699951172,185.49099501142774,184.01963759809829,184.81950586912464,9579400
2025-07-28,184.2862548828125,185.37250507287297,184.16776034134162,185.34288143750524,8148100
2025-07-29,184.19740295410156,184.67139623679262,183.7431637863486,184.67139623679262,9571500
2025-07-30,183.0025177001953,184.58250011607103,182.0940093528002,184.18750827909528,13965200
2025-07-31,181.33364868164062,183.4271325326714,180.9090181437966,182.28163511426968,21530000
2025-08-01,179.28953552246094,180.05978018388802,177.68979892841594,179.9807787996425,19418200
2025-08-04,181.4817657470703,181.62988391752452,179.99065424859842,179.99065424859842,10694200
2025-08-05,180.97816467285156,181.83728027230808,180.29679089343134,181.70890113474374,12675600
2025-08-06,180.57327270507812,181.2645159480277,180.1980199154887,181.18551456769453,10196200
2025-08-07,180.46466064453125,182.1335291374276,179.83266462447318,181.73852220740775,12164900
2025-08-08,180.79052734375,181.5113942392084,180.4646522920563,180.8892677707047,9185200
2025-08-11,180.29678344726562,181.73851726570786,179.9906625023076,181.01765035648674,9324600
2025-08-12,182.5877685546875,182.67665453156312,180.64240274175205,180.90903053643154,9790500
2025-08-13,185.19476318359375,185.28364916486515,182.98278453456115,183.2197736366864,13402800
2025-08-14,183.99002075195312,184.1578930437227,183.0913969536806,183.92088888994445,12180800
2025-08-15,183.5357666015625,184.38501265117162,183.3283860834601,184.36525853802533,11734800
2025-08-18,183.4962615966797,184.0295020734158,183.35799788155546,183.4962615966797,7559000
2025-08-19,184.35537719726562,185.2243773043134,183.58513258164507,183.58513258164507,10692900
2025-08-20,184.18751525878906,184.88862805618524,183.5160110289167,184.38501118476094,12877700
2025-08-21,183.54562377929688,184.02950157700906,183.05187645966205,183.60487104677748,12848300
2025-08-22,187.120361328125,187.61410863907454,184.4541137946198,184.48375249581113,14820900
2025-08-25,185.68849182128906,186.85374337165527,185.6489986642473,186.6266238157261,12121000
2025-08-26,185.81687927246094,186.02425979314324,185.24413052788088,185.47126516195522,10758100
2025-08-27,186.48838806152344,186.71550763316003,185.50089331948303,185.668765617473,10330900
2025-08-28,186.3994903564453,186.89323769640325,185.5403748066699,186.8142363138532,11258800
2025-08-29,186.26123046875,186.98211239054575,185.69836637049576,186.29085410192275,11791100
2025-09-02,184.7898712158203,184.99723664588382,183.72337522872073,184.40474892058756,13874500
2025-09-03,184.50350952148438,185.12563601566586,183.62463982505622,184.43439272656065,13431600
2025-09-04,185.8662567138672,185.90574987261218,184.13814096028227,184.83925377081437,10706800
2025-09-05,186.08349609375,187.42648943372592,184.97750689658375,186.31061564645964,19713400
2025-09-08,185.9353790283203,186.12300544086943,184.7010105962592,186.12300544086943,16212100
2025-09-09,185.36265563964844,185.89589620203216,184.9874027936905,185.62926838685286,18432700
2025-09-10,185.17501831054688,186.13288941609557,184.60226955180832,185.35276013154817,17279300
2025-09-11,187.9498748779297,188.1572403343878,185.37251301470474,185.37251301470474,19182500
2025-09-12,186.5970001220703,187.93999348066,186.4488668802714,187.7128588568296,14126100
2025-09-15,186.27113342285156,187.3474990488387,186.09337653831798,186.95250718894528,14177200
2025-09-16,185.77737426757812,186.6266202736001,185.28362694007632,186.2809911171598,13418400
2025-09-17,185.95510864257812,188.13747837284234,184.83923490526018,186.01435590863537,21025400
2025-09-18,187.1697540283203,187.68325553310964,186.17238972468726,186.46864117237243,16984500
2025-09-19,186.84388732910156,187.62400154773357,186.21189129502815,187.62400154773357,11333500
2025-09-22,186.93313598632812,187.25051700293892,185.91159043114683,186.27856412329805,9302300
2025-09-23,187.1612548828125,188.32165082218853,186.82403377717304,187.05215705260315,9921600
2025-09-24,186.724853515625,187.68689383928512,186.54632292417907,187.16124481298323,10626000
2025-09-25,185.1875762939453,186.10002396954525,184.5032367538556,186.07027139245955,12979600
2025-09-26,187.02239990234375,187.1711627882834,185.5743755671084,185.69338587586012,11428800
2025-09-29,187.64723205566406,187.94477298155533,186.85379463114072,187.84558762840487,11846900
2025-09-30,188.1431121826172,188.3216427760408,186.80420083295493,187.31000976946393,13098600
2025-10-01,188.56959533691406,188.85720862893595,187.7166528085454,187.7166528085454,10806400
2025-10-02,189.01589965820312,189.38285820197697,188.1431170313257,188.63901349958618,12839600
2025-10-03,189.68038940429688,190.72177496107136,189.32334336007585,189.3431834551877,15326900
2025-10-06,189.6208953857422,190.52343059684125,189.32335447582875,190.52343059684125,10695400
2025-10-07,188.7877960205078,190.33499061699303,188.41090985290668,190.05728979883207,13431800
2025-10-08,189.40269470214844,189.70023560416755,188.28196386241868,189.02580855068697,11800200
2025-10-09,187.83566284179688,189.73990345577403,187.52820945415522,189.54154789602708,12641800
2025-10-10,183.6007080078125,188.45057497938888,183.57095542968182,188.03402375199968,40484500
2025-10-13,185.38592529296875,186.00083204239556,184.57266299213578,184.8999413284988,16088800
2025-10-14,186.9232177734375,187.74640773477734,183.89824626093798,184.02718418667777,17544300
2025-10-15,187.3000946044922,188.93654683070477,185.8917353735769,187.8455685908573,11078500
2025-10-16,185.5247802734375,187.9050923497641,184.89994589419845,187.66705660206375,20569900
2025-10-17,186.4669952392578,186.82404132222078,185.3065992530182,185.50495482498428,21042200
2025-10-20,188.33155822753906,188.59934655511876,187.44886312820364,187.46870322413227,9171600
2025-10-21,189.19442749023438,189.75975676511513,188.07371168952514,188.30181984243973,9444800
2025-10-22,188.28196716308594,189.5514609093006,187.60755523134156,189.2737600981636,15088600
2025-10-23,189.17459106445312,189.52170951375936,188.0241076205346,188.55966915005018,9809400
2025-10-24,189.6903076171875,190.642435475068,189.61096236790087,190.53333764899378,13012000
2025-10-27,190.53334045410156,190.75153610946242,189.95809873847384,190.65235076300416,10311100
2025-10-28,188.8968963623047,190.18621512080708,188.78779852989422,190.18621512080708,12596700
2025-10-29,186.78436279296875,188.56959307905765,186.16945602414438,188.29189227161706,25832400
2025-10-30,185.98101806640625,187.93485138696275,185.88183271806514,185.9710904514365,16213800
2025-10-31,186.38763427734375,186.93312340445354,185.32642373329273,185.5743719607464,14994200
2025-11-03,185.93142700195312,186.42732348083314,183.9478410864331,186.42732348083314,16031300
2025-11-04,184.70159912109375,185.42561887969396,184.21563025507288,184.67184654291123,15934300
2025-11-05,185.7826690673828,186.43724093545958,184.4933351611905,184.65201053715944,15322600
2025-11-06,184.47348022460938,186.39756088057953,184.10652169270782,185.6041235303211,19140600
2025-11-07,186.0206756591797,186.10002090795598,183.82882180427538,184.14618766582169,24166700
2025-11-10,187.09181213378906,187.45877066421335,185.52477753506574,186.73476608428805,15983200
2025-11-11,188.17286682128906,188.65885080106668,187.2009139952928,187.31992430317345,11465600
2025-11-12,188.61917114257812,189.36301583605282,188.381150526144,188.381150526144,17683800
2025-11-13,186.48681640625,188.76794308620296,186.17936303087816,188.0836035688612,23906200
2025-11-14,185.80247497558594,186.91329329480618,184.9991251621299,185.58427933075117,31184400
2025-11-17,183.36268615722656,185.97109133512694,182.83703710235162,185.58429268845367,24821300
2025-11-18,183.47177124023438,184.52306927694212,182.3510404374701,182.82709678486336,39684900
2025-11-19,182.91636657714844,183.83874189046622,182.16260938293001,183.34284541526898,21903500
2025-11-20,180.68482971191406,185.2470832683002,180.615412075885,184.71152174193588,45169400
2025-11-21,184.23545837402344,185.27684402892882,181.3096721120015,181.70639838383016,57508500
2025-11-24,184.9991455078125,185.623979935244,183.75940426834367,184.6619395227314,15833500
2025-11-25,187.62738037109375,187.97451395212246,185.36609368766568,185.44543893857394,22726500
2025-11-26,188.93655395507812,189.59114092366963,187.75631794207328,187.84557567409234,14643700
2025-11-28,189.95809936523438,190.2556402720317,188.99605900893985,189.1448370291181,5185500
2025-12-01,188.6588592529297,190.07711593057485,188.55967390287967,188.77786956614196,13035100
2025-12-02,188.48033142089844,189.18451109606428,187.97452244874935,189.1745986143374,11714200
2025-12-03,189.91842651367188,190.0473492989319,188.6885978783678,188.7084379736226,13576800
2025-12-04,189.9779510498047,190.48376002872268,189.44237435818792,189.90851827610766,11086800
2025-12-05,190.4242401123047,191.22758995390905,190.0176013841774,190.24572465130768,12887200
2025-12-08,189.28367614746094,190.69202021319205,189.10514556060468,190.66226763764237,8686100
2025-12-09,188.92665100097656,190.11679955525818,188.8572182279765,189.14484666817685,7896700
2025-12-10,191.5846405029297,192.01111933680124,189.0456529965851,189.19441588423837,17968600
2025-12-11,193.1318359375,193.28061395938178,191.41603838009064,191.43587847638673,17852700
2025-12-12,191.8226776123047,193.86576866283073,191.4755440272482,193.72691825552002,26817100
2025-12-15,192.06068420410156,192.97314696669827,191.32676716202621,192.91362668200506,26605900
2025-12-16,190.71185302734375,192.36816051345326,190.01760101333434,192.1797174381738,16005500
2025-12-17,190.1961212158203,192.021016448241,189.96799796159917,190.87053309727915,13546100
2025-12-18,190.60275268554688,192.16978728708986,190.2357941544623,191.33668488127472,18124000
2025-12-19,191.29702758789062,191.93177446573415,190.49367772585296,190.6622807100471,13707900
2025-12-22,192.71495056152344,192.90414304045484,191.59972987781268,191.7889223567441,8322300
2025-12-23,192.26686096191406,192.83443836639574,191.9083950205944,192.51579522133767,6422600
2025-12-24,192.96388244628906,193.28252560554304,192.17725683671173,192.34653031741212,4193200
2025-12-26,193.013671875,193.1032845656714,192.34652985487614,192.97384907706007,9570500
2025-12-29,192.69503784179688,193.23272916263406,192.30670100070847,192.78465052964614,7381000
2025-12-30,192.38636779785156,192.9240591354859,192.3365779051327,192.71494766356352,5089000
2025-12-31,190.74339294433594,192.33657835259356,190.70357014631344,192.33657835259356,12684500
2026-01-02,192.03785705566406,192.4660167142005,190.22560824687804,191.39063402037894,13722500
2026-01-05,193.82022094726562,194.40771738505498,192.01793922252426,192.18721270672037,17525900
2026-01-06,196.1602020263672,196.4091362928981,193.58124667160487,193.6011504734332,18100800
2026-01-07,193.95962524414062,196.6381605048024,193.84014165277037,196.3195325299009,19819100
2026-01-08,195.6225128173828,196.130333256866,193.34226640273542,193.53145887834935,21391900
2026-01-09,196.7576446533203,197.22564227636332,195.79177851161376,196.16019635342752,14223300
2026-01-12,196.93687438964844,197.03645417308363,195.7419929571349,196.23986148682735,12469900
2026-01-13,196.93687438964844,197.55422650446974,196.26973238310956,197.28538843792987,18149500
2026-01-14,197.83303833007812,197.83303833007812,196.59833405884157,196.63815685731214,24857600
2026-01-15,198.70928955078125,199.25694798434816,197.90274494577454,198.470322375219,20666000
2026-01-16,198.2014617919922,198.9283455803965,197.85294774884053,198.45039605317436,13913900
2026-01-20,195.24412536621094,197.0663260168958,194.9454012082108,196.03075096166089,21111300
2026-01-21,198.5499725341797,199.037889185069,196.26974125041562,196.33943494697556,19619100
2026-01-22,198.80886840820312,199.92408907226553,198.6097240315837,199.24699515301108,17094600
2026-01-23,197.92266845703125,198.61968139122612,197.18581753017244,198.4404408117232,13501000
2026-01-26,198.39065551757812,198.938298740653,198.10188326428323,198.3707365223098,13080500
2026-01-27,198.08197021484375,198.56988685424275,197.73347135276626,198.32095258401222,10553600
2026-01-28,197.41482543945312,198.62962587672806,197.06632658223805,198.07201555019043,20805900
2026-01-29,197.67372131347656,199.0478280960873,196.2995993371244,198.3308962122289,23925700
2026-01-30,197.235595703125,197.882818704899,195.41339508746805,197.16588681697684,25403000
2026-02-02,198.25125122070312,198.4802664862091,196.30955183301654,196.8472583444115,14618600
2026-02-03,197.72352600097656,199.22708357322475,196.14029244262434,197.8828323919569,28998500
2026-02-04,199.44613647460938,200.09335948714414,198.27115884119107,198.37073862484647,31319200
2026-02-05,197.7135467529297,199.18723333667666,197.27542001874343,198.78894459309367,36587400
2026-02-06,201.3977813720703,201.62681184569726,199.04784119670126,199.2171298750316,26921600
2026-02-09,201.51727294921875,201.95539969071444,200.13319903062572,200.75055115160131,14600900
2026-02-10,202.2342071533203,202.99096186485147,201.60688793052634,201.68654872022574,16784300
2026-02-11,202.59266662597656,203.29963142210096,201.66662326988404,203.02082626394744,18897200
2026-02-12,199.9340362548828,204.36507829723894,199.5357475110435,203.39921213999983,38641100
2026-02-13,202.0051727294922,202.95113509255933,199.57557186933573,200.34229366065372,29358500
2026-02-17,201.65667724609375,203.11044487115586,199.99379814945152,202.21428757865138,29787300
2026-02-18,202.70220947265625,203.34943251249868,201.38782920290913,201.96535854624568,20934100
2026-02-19,202.27403259277344,202.74203024228015,201.06918402423142,202.22424269934336,15448200
2026-02-20,203.219970703125,203.9070316979986,201.47743086721024,201.6367524415633,27280200
2026-02-23,200.98953247070312,203.21002186944946,200.19293978065645,202.51300896331182,16437700
2026-02-24,202.59266662597656,202.8416008881666,200.92977238405462,201.0194002656866,19725000
2026-02-25,202.712158203125,203.26976854141955,201.38782605280434,203.22994574314518,16772400
2026-02-26,203.8572540283203,204.1559781997058,202.3138584709474,203.24985378420874,23866200
2026-02-27,204.0962371826172,204.20576887275155,202.04502116168516,202.5030517249797,16234500
2026-03-02,203.7178497314453,204.36508796297332,201.97530980568453,202.4731783559019,22037000
2026-03-03,201.2185516357422,202.16449882621916,197.70360094685665,200.19294365534455,37315700
2026-03-04,202.0251007080078,202.4831464617411,200.56136594756205,201.83590822698193,16696700
2026-03-05,199.6851043701172,201.8458671720957,198.60972171019316,200.92977570161815,23144500
2026-03-06,197.3052978515625,197.92266517768527,195.68225673034544,197.59407011549303,23634400
2026-03-09,197.8629150390625,198.40060635850173,193.14311597263148,195.443266117232,26828200
2026-03-10,196.3792724609375,198.72921262927554,196.0108545952157,197.59407294080884,19304300
2026-03-11,195.73204040527344,196.53858498969393,194.8458198393764,196.17015194720256,16887500
2026-03-12,192.7050018310547,195.1744256115066,192.68508283459144,194.039285912983,24793800
2026-03-13,192.69503784179688,194.84581831888724,192.4660073811933,194.188643414251,13023200
2026-03-16,194.12890625,195.3536585943604,193.760473201601,194.4176633156449,12128800
2026-03-17,195.21426391601562,196.40914541209352,195.07486132803558,195.4731500954807,10977500
2026-03-18,192.64524841308594,194.80599598984088,192.5655876257815,194.3180793652543,12514600
2026-03-19,192.4958953857422,193.64098692518454,191.08193539259426,191.44040134129878,17371100
2026-03-20,189.66799926757812,192.59546878359458,188.69218116015344,192.20713192088277,15312100
2026-03-23,191.69000244140625,194.0500030517578,191.44000244140625,192.5,15965500
2026-03-24,191.9199981689453,192.97000122070312,190.0800018310547,190.52000427246094,15258500
2026-03-25,192.85000610351562,194.14999389648438,191.33999633789062,193.4600067138672,14017300
2026-03-26,191.0800018310547,193.5,190.83999633789062,191.7100067138672,17145700
2026-03-27,188.4600067138672,190.69000244140625,188.02999877929688,190.42999267578125,13998800
2026-03-30,188.07000732421875,190.36000061035156,187.36000061035156,190.16000366210938,10947400
2026-03-31,191.9199981689453,192.63999938964844,188.72999572753906,190.02000427246094,19696500
2026-04-01,192.5399932861328,193.47000122070312,192.17999267578125,192.5399932861328,17589200
2026-04-02,193.08999633789062,194.3000030517578,190.2100067138672,190.5500030517578,10796600
2026-04-06,193.9199981689453,194.02000427246094,192.5500030517578,192.9499969482422,4600400
2026-04-07,193.49000549316406,194.02000427246094,192.39999389648438,193.33999633789062,8382700
2026-04-08,197.9600067138672,198.3000030517578,196.9199981689453,197.3000030517578,11173900
2026-04-09,198.0800018310547,198.72999572753906,196.8000030517578,197.24000549316406,7321100
2026-04-10,196.64999389648438,198.42999267578125,196.3300018310547,198.25,6701900
2026-04-13,198.8300018310547,198.92999267578125,195.9499969482422,196.22999572753906,5789300
2026-04-14,199.66000366210938,200.02999877929688,198.52999877929688,199.08999633789062,10283900
2026-04-15,199.72999572753906,200.1999969482422,198.92999267578125,199.72999572753906,8666800
2026-04-16,200.63999938964844,201.0800018310547,199.91000366210938,200.10000610351562,9802500
2026-04-17,203.16000366210938,204.0800018310547,201.6300048828125,201.69000244140625,10807200
2026-04-20,203.8000030517578,203.92999267578125,202.6699981689453,202.69000244140625,6061800
2026-04-21,202.5500030517578,205.17999267578125,202.2100067138672,204.27000427246094,8702400
2026-04-22,202.4600067138672,204.19000244140625,201.94000244140625,203.77999877929688,7198100
2026-04-23,202.4499969482422,202.94000244140625,200.3800048828125,202.44000244140625,10703900
2026-04-24,202.02999877929688,202.94000244140625,201.64999389648438,202.5800018310547,8816800
2026-04-27,201.7899932861328,202.94000244140625,201.67999267578125,201.97000122070312,6866800
2026-04-28,200.75999450683594,202.27999877929688,200.16000366210938,201.7899932861328,6560200
2026-04-29,200.41000366210938,201.27000427246094,199.6999969482422,200.7899932861328,8269200
2026-04-30,203.44000244140625,203.5500030517578,200.1999969482422,200.5399932861328,9591200
2026-05-01,202.82000732421875,204.30999755859375,202.7899932861328,204.00999450683594,13811300
2026-05-04,201.63999938964844,203.5800018310547,201.22999572753906,202.3699951171875,9495200
2026-05-05,203.24000549316406,203.77999877929688,201.6199951171875,202.27999877929688,6566000
2026-05-06,204.85000610351562,205.50999450683594,204.05999755859375,204.5800018310547,10908200
2026-05-07,203.5399932861328,205.52999877929688,202.9499969482422,204.9600067138672,10151400
2026-05-08,204.10000610351562,204.5800018310547,203.19000244140625,204.4499969482422,8492500
2026-05-11,203.99000549316406,204.82000732421875,203.63999938964844,204.4600067138672,7428700
2026-05-12,203.80999755859375,204.08999633789062,202.1699981689453,203.72999572753906,9576200
2026-05-13,202.9199981689453,203.67999267578125,202.33999633789062,203.67999267578125,7388900
2026-05-14,203.66000366210938,204.50999450683594,203.0399932861328,203.4600067138672,9841600
2026-05-15,201.55999755859375,202.9199981689453,201.4499969482422,202.60000610351562,8957400
2026-05-18,202.8000030517578,203.27999877929688,201.4600067138672,201.8800048828125,13792400
2026-05-19,201.6199951171875,202.63999938964844,200.91000366210938,201.97999572753906,10548600
2026-05-20,203.8300018310547,203.99000549316406,200.6999969482422,201.97999572753906,18985500
2026-05-21,204.7100067138672,204.89999389648438,201.80999755859375,202.94000244140625,11504200
2026-05-22,206.5800018310547,206.97000122070312,205.52000427246094,205.72999572753906,11148200
2026-05-26,207.63999938964844,208.17999267578125,206.92999267578125,207.8300018310547,10318200
2026-05-27,207.49000549316406,208.72999572753906,207.33999633789062,208.0500030517578,9745500
2026-05-28,208.25,208.88999938964844,206.63999938964844,207.3800048828125,6643900
2026-05-29,208.8300018310547,209.32000732421875,208.2100067138672,208.75,8578100
2026-06-01,209.2100067138672,209.77000427246094,207.7899932861328,208.0500030517578,8484900
2026-06-02,210.0399932861328,210.1199951171875,208.77999877929688,209.11000061035156,8103000
2026-06-03,209.25,209.80999755859375,208.83999633789062,209.42999267578125,9765200
2026-06-04,210.8300018310547,210.9499969482422,209.74000549316406,210.02000427246094,10142800
2026-06-05,207.8300018310547,210.36000061035156,207.2899932861328,209.8699951171875,10969800
2026-06-08,207.61000061035156,209.0800018310547,207.4499969482422,208.63999938964844,7769500
2026-06-09,207.8300018310547,210.36000061035156,205.74000549316406,208.63999938964844,11924630
