,0
2010-06-30,0.8761368817224334
2010-07-01,0.8595657238921849
2010-07-02,0.8600366144188422
2010-07-06,0.8196665803088758
2010-07-07,0.8292540153193586
2010-07-08,0.8659557160191417
2010-07-09,0.8688594029905752
2010-07-12,0.8429005896288871
2010-07-13,0.8489428988371973
2010-07-14,0.8523921794383423
2010-07-15,0.8362576959743788
2010-07-16,0.8410662122309955
2010-07-19,0.8643958841814086
2010-07-20,0.8655994144137464
2010-07-21,0.8615909588907986
2010-07-22,0.8561424610627997
2010-07-23,0.8689792068271405
2010-07-26,0.8585647909646815
2010-07-27,0.8749392942382194
2010-07-28,0.8739487643692802
2010-07-29,0.8406212650957364
2010-07-30,0.8201127600121016
2010-08-02,0.8183224856496117
2010-08-03,0.830543185116612
2010-08-04,0.8246229959159539
2010-08-05,0.7845826382743216
2010-08-06,0.7853665437207087
2010-08-09,0.784287321159658
2010-08-10,0.7920208421736358
2010-08-11,0.7821321657100191
2010-08-12,0.8293859605204635
2010-08-13,0.8244060028304028
2010-08-16,0.7871915428174818
2010-08-17,0.7918204631324067
2010-08-18,0.8101109518805297
2010-08-19,0.7962330227321246
2010-08-20,0.8062391192306563
2010-08-23,0.8110192157833364
2010-08-24,0.7927349710341679
2010-08-25,0.8088430756924825
2010-08-26,0.8082478659832444
2010-08-27,0.8314859695076844
2010-08-30,0.8499860847015839
2010-08-31,0.8277433609694859
2010-09-01,0.8415617649336652
2010-09-02,0.8819065414914528
2010-09-03,0.8824833480786323
2010-09-07,0.8870163434197577
2010-09-08,0.8858692636335971
2010-09-09,0.8901362734184759
2010-09-10,0.853757801189428
2010-09-13,0.8536506864749712
2010-09-14,0.8479907056340744
2010-09-15,0.8461208614799615
2010-09-16,0.8317392419626973
2010-09-17,0.8361596942256939
2010-09-20,0.8061335503801075
2010-09-21,0.8149062188701292
2010-09-22,0.8313366824473559
2010-09-23,0.8232405200483135
2010-09-24,0.8368579407053295
2010-09-27,0.8537911057961471
2010-09-28,0.853246183526082
2010-09-29,0.8226851621584914
2010-09-30,0.8258558569267511
2010-10-01,0.7492346325758199
2010-10-04,0.7355586611380702
2010-10-05,0.7270817520641425
2010-10-06,0.7544202172895303
2010-10-07,0.7418329569529813
2010-10-08,0.7522244721732778
2010-10-11,0.7610701636766273
2010-10-12,0.7730261087167717
2010-10-13,0.7671307696977938
2010-10-14,0.7811117841270264
2010-10-15,0.7859622333545802
2010-10-18,0.7658760374755208
2010-10-19,0.732946393927459
2010-10-20,0.7405009218876
2010-10-21,0.7679834467952573
2010-10-22,0.7516214131179305
2010-10-25,0.6755871661878639
2010-10-26,0.6644739176004869
2010-10-27,0.6629710501929486
2010-10-28,0.6708812138580341
2010-10-29,0.6609353516038807
2010-11-01,0.6653916440900063
2010-11-02,0.6489899802824661
2010-11-03,0.5598977872755324
2010-11-04,0.5816471769735952
2010-11-05,0.6572751187058098
2010-11-08,0.6341856944319119
2010-11-09,0.6375790699746654
2010-11-10,0.6592839370366019
2010-11-11,0.648509827144577
2010-11-12,0.6182224913323279
2010-11-15,0.6883830882797128
2010-11-16,0.6896598204280056
2010-11-17,0.732064810145596
2010-11-18,0.7044357757820432
2010-11-19,0.7399158260101172
2010-11-22,0.7463468313198119
2010-11-23,0.7447579135889515
2010-11-24,0.7809776459806684
2010-11-26,0.8000925642167824
2010-11-29,0.8170123220840383
2010-11-30,0.8171664898448633
2010-12-01,0.8219074145566155
2010-12-02,0.853638469609658
2010-12-03,0.8572963127474453
2010-12-06,0.8442348495686006
2010-12-07,0.8612656423146278
2010-12-08,0.8536049348712658
2010-12-09,0.8361410617911275
2010-12-10,0.8438811004258202
2010-12-13,0.8643632015269826
2010-12-14,0.8439663200350491
2010-12-15,0.8362824667306631
2010-12-16,0.8048153584758231
2010-12-17,0.8027439235881483
2010-12-20,0.7846592903608004
2010-12-21,0.7868892000427128
2010-12-22,0.7886943696638332
2010-12-23,0.7249843326274825
2010-12-27,0.7049911893728447
2010-12-28,0.648545694874921
2010-12-29,0.6528790365210995
2010-12-30,0.633076320317774
2010-12-31,0.40335238073623647
2011-01-03,0.3099550586619845
2011-01-04,0.37627964719779294
2011-01-05,0.36319726640488653
2011-01-06,0.3558107965478914
2011-01-07,0.39613359963017536
2011-01-10,0.38896842869231296
2011-01-11,0.3726305947579864
2011-01-12,0.3739351228346851
2011-01-13,0.4619949506448304
2011-01-14,0.42474903189680274
2011-01-18,0.4068276003855222
2011-01-19,0.41160694067055487
2011-01-20,0.5092695969512672
2011-01-21,0.47981933098289065
2011-01-24,0.46185276099667216
2011-01-25,0.4604619322662484
2011-01-26,0.46161407903324897
2011-01-27,0.424779420331846
2011-01-28,0.3981923149051477
2011-01-31,0.5464106837000361
2011-02-01,0.5396074788194506
2011-02-02,0.5924613474786827
2011-02-03,0.6048178283259469
2011-02-04,0.6107008222811978
2011-02-07,0.6016641237718868
2011-02-08,0.6047413393896635
2011-02-09,0.5981015830477874
2011-02-10,0.5989593706632239
2011-02-11,0.5798413325900156
2011-02-14,0.5757560806204688
2011-02-15,0.5544998175980905
2011-02-16,0.5553776628160219
2011-02-17,0.5333453033954471
2011-02-18,0.5573186328553481
2011-02-22,0.5582786041794984
2011-02-23,0.62762732543634
2011-02-24,0.6107376376594308
2011-02-25,0.6150185394871716
2011-02-28,0.6597994965433995
2011-03-01,0.6027559528097877
2011-03-02,0.6849947785590907
2011-03-03,0.6399638207255891
2011-03-04,0.6920827809857087
2011-03-07,0.7068597057656207
2011-03-08,0.7168630153510092
2011-03-09,0.7097237032501131
2011-03-10,0.6962828716428648
2011-03-11,0.7427183185352777
2011-03-14,0.7483288378864215
2011-03-15,0.7457010080599114
2011-03-16,0.7570124460149398
2011-03-17,0.7801843455406227
2011-03-18,0.7861476679739178
2011-03-21,0.7807161221200555
2011-03-22,0.7986821246746074
2011-03-23,0.7954716443933305
2011-03-24,0.8107856923603558
2011-03-25,0.8161532074241676
2011-03-28,0.8110737433036556
2011-03-29,0.8078769538791932
2011-03-30,0.7946865801934296
2011-03-31,0.8007633030996892
2011-04-01,0.7806406757830532
2011-04-04,0.7761359253520963
2011-04-05,0.7778320777678791
2011-04-06,0.7861087808992996
2011-04-07,0.7881528973146339
2011-04-08,0.7507932953998411
2011-04-11,0.7518279187730689
2011-04-12,0.7249674531654331
2011-04-13,0.7045792740165218
2011-04-14,0.58730621783875
2011-04-15,0.5539766057623284
2011-04-18,0.5613235384596452
2011-04-19,0.5587770782294745
2011-04-20,0.5568456206001705
2011-04-21,0.6085699855850623
2011-04-25,0.5924631800520582
2011-04-26,0.5951099850841816
2011-04-27,0.6047575357016907
2011-04-28,0.5957478898025089
2011-04-29,0.5795339395129929
2011-05-02,0.5738972289884033
2011-05-03,0.5631767700467255
2011-05-04,0.5510523866007601
2011-05-05,0.5846446842692645
2011-05-06,0.6296999873615734
2011-05-09,0.6325637212923882
2011-05-10,0.6218734555205141
2011-05-11,0.6642213248330654
2011-05-12,0.6982300057105458
2011-05-13,0.6861509025093536
2011-05-16,0.7115844474027895
2011-05-17,0.7010654510552533
2011-05-18,0.6471493562431468
2011-05-19,0.636326027048475
2011-05-20,0.605145383704862
2011-05-23,0.6250782413101101
2011-05-24,0.6619379480988402
2011-05-25,0.6340516231502681
2011-05-26,0.595572993602814
2011-05-27,0.5880641670829018
2011-05-31,0.5902487162130902
2011-06-01,0.6346770430911726
2011-06-02,0.7285964848758134
2011-06-03,0.7129338488490692
2011-06-06,0.7133226126654513
2011-06-07,0.7159801776857856
2011-06-08,0.7130228565808565
2011-06-09,0.692046392852887
2011-06-10,0.7076663744148272
2011-06-13,0.7313533693465062
2011-06-14,0.71257119418321
2011-06-15,0.7507701940956487
2011-06-16,0.802302597499502
2011-06-17,0.7924375902186993
2011-06-20,0.7898862811973041
2011-06-21,0.7940237978527453
2011-06-22,0.777546843885033
2011-06-23,0.7862151584035058
2011-06-24,0.784011040956494
2011-06-27,0.7737364352173617
2011-06-28,0.7781199588329343
2011-06-29,0.7720823093400262
2011-06-30,0.743149666846829
2011-07-01,0.7535692233367342
2011-07-05,0.7600806119803569
2011-07-06,0.7411493496557253
2011-07-07,0.7353462007286152
2011-07-08,0.7439701994197468
2011-07-11,0.7557730715686419
2011-07-12,0.7742582228457723
2011-07-13,0.7844080508229624
2011-07-14,0.7752579654925698
2011-07-15,0.7338884718230907
2011-07-18,0.7343883917260525
2011-07-19,0.7572860608488711
2011-07-20,0.7794231097759916
2011-07-21,0.7753236046733775
2011-07-22,0.7748216227376721
2011-07-25,0.7786133103678163
2011-07-26,0.7727259064683287
2011-07-27,0.7681616712172956
2011-07-28,0.7972022233416278
2011-07-29,0.7941648717286635
2011-08-01,0.7912086415539927
2011-08-02,0.7565992094287634
2011-08-03,0.8090579582070443
2011-08-04,0.8102051426952905
2011-08-05,0.8868349339424905
2011-08-08,0.8597851345801362
2011-08-09,0.9178831327476442
2011-08-10,0.9385634229328554
2011-08-11,0.9352489446649934
2011-08-12,0.9456769761540164
2011-08-15,0.9437509150426491
2011-08-16,0.9426107324172018
2011-08-17,0.9412360503529462
2011-08-18,0.9415223834914693
2011-08-19,0.9373724911178312
2011-08-22,0.9382098216713318
2011-08-23,0.9386377157951851
2011-08-24,0.9431603225682603
2011-08-25,0.9430414294960503
2011-08-26,0.9411207290247473
2011-08-29,0.9390391405519944
2011-08-30,0.9440010501384778
2011-08-31,0.9430321726850196
2011-09-01,0.9437205940772961
2011-09-02,0.9385083769031518
2011-09-06,0.9454176939688573
2011-09-07,0.9269823370410424
2011-09-08,0.9185077539123593
2011-09-09,0.9152513280696208
2011-09-12,0.9005901986195651
2011-09-13,0.9072982208262828
2011-09-14,0.912921349079747
2011-09-15,0.9170548476896054
2011-09-16,0.9221682156033505
2011-09-19,0.9148128240662492
2011-09-20,0.917666075910986
2011-09-21,0.9056002418148739
2011-09-22,0.9098783970311088
2011-09-23,0.9147865378520549
2011-09-26,0.9157887002554133
2011-09-27,0.9205332395982375
2011-09-28,0.9071054438617077
2011-09-29,0.9117286863256668
2011-09-30,0.9000351624395838
2011-10-03,0.9036893324411
2011-10-04,0.9028866921359745
2011-10-05,0.8913077102653788
2011-10-06,0.8732111551064206
2011-10-07,0.8809376837424149
2011-10-10,0.8620578982750505
2011-10-11,0.8788506365030179
2011-10-12,0.876158903775355
2011-10-13,0.8712053906172478
2011-10-14,0.8618158781094944
2011-10-17,0.8647181676512564
2011-10-18,0.8659954330135984
2011-10-19,0.8770044964968892
2011-10-20,0.8578376313566227
2011-10-21,0.8359339693388195
2011-10-24,0.8467505790280698
2011-10-25,0.8261433927166578
2011-10-26,0.8399771772547645
2011-10-27,0.8252953906361757
2011-10-28,0.8569310583977745
2011-10-31,0.8411619234086991
2011-11-01,0.8210608799702853
2011-11-02,0.8584706483018016
2011-11-03,0.8684758176513891
2011-11-04,0.866739710251327
2011-11-07,0.878981397604021
2011-11-08,0.8591677310233126
2011-11-09,0.8642480463282022
2011-11-10,0.8968542922124743
2011-11-11,0.9014507134310912
2011-11-14,0.9052236297341286
2011-11-15,0.9055197279987269
2011-11-16,0.9074741569163641
2011-11-17,0.9171389756268375
2011-11-18,0.9186264693738428
2011-11-21,0.9137578716003407
2011-11-22,0.9314856827198107
2011-11-23,0.9232725011417
2011-11-25,0.9314024631448523
2011-11-28,0.9184131719837855
2011-11-29,0.9324397092930078
2011-11-30,0.9328107023891002
2011-12-01,0.9415331957142126
2011-12-02,0.9428922076235813
2011-12-05,0.9305375977712045
2011-12-06,0.9312203424146396
2011-12-07,0.9307817405167069
2011-12-08,0.9258488526342755
2011-12-09,0.9148176174177755
2011-12-12,0.9196723466288989
2011-12-13,0.9147833685465301
2011-12-14,0.9077480667398721
2011-12-15,0.905571539894063
2011-12-16,0.8964146614471638
2011-12-19,0.8909707582811998
2011-12-20,0.8948696637838428
2011-12-21,0.9066575095817081
2011-12-22,0.8948609343193333
2011-12-23,0.8765176613446849
2011-12-27,0.8783775465326363
2011-12-28,0.8684465646166557
2011-12-29,0.8822919878340386
2011-12-30,0.8296139821561511
2012-01-03,0.8300537718092453
2012-01-04,0.7972999444004725
2012-01-05,0.7870412117562363
2012-01-06,0.7849143824243463
2012-01-09,0.7876928445286566
2012-01-10,0.7515541410267625
2012-01-11,0.7309485815169461
2012-01-12,0.7018313299609411
2012-01-13,0.7045091944376224
2012-01-17,0.6942960281815505
2012-01-18,0.7072043002070171
2012-01-19,0.7080491940440292
2012-01-20,0.681451268128367
2012-01-23,0.48340881347279513
2012-01-24,0.5329963894304801
2012-01-25,0.5390847156844452
2012-01-26,0.5494894486502457
2012-01-27,0.5565776003321479
2012-01-30,0.508068761088611
2012-01-31,0.48652911366176543
2012-02-01,0.4639946394955754
2012-02-02,0.5065985702359479
2012-02-03,0.506439160243075
2012-02-06,0.5581206670921784
2012-02-07,0.5423260896182345
2012-02-08,0.5402315172144869
2012-02-09,0.5312187479124284
2012-02-10,0.53216248256139
2012-02-13,0.5758226149331355
2012-02-14,0.5690561656646649
2012-02-15,0.5631568660436584
2012-02-16,0.5454803015430826
2012-02-17,0.5967002364055135
2012-02-21,0.5958582119115436
2012-02-22,0.5868485421651205
2012-02-23,0.5861613870642786
2012-02-24,0.5528352592312803
2012-02-27,0.5515100568609032
2012-02-28,0.5556971225357633
2012-02-29,0.5298755880839553
2012-03-01,0.5520351288525593
2012-03-02,0.5302262644858546
2012-03-05,0.5403223065926109
2012-03-06,0.47412254465863474
2012-03-07,0.6080415822562194
2012-03-08,0.6156526231990361
2012-03-09,0.6504258388178896
2012-03-12,0.6712751004714063
2012-03-13,0.6223907302482999
2012-03-14,0.6618563623372992
2012-03-15,0.6632540737535564
2012-03-16,0.6574829044704834
2012-03-19,0.6185234377681779
2012-03-20,0.6170655885189559
2012-03-21,0.6330232139003387
2012-03-22,0.6406592933986915
2012-03-23,0.635667761123507
2012-03-26,0.6349022649985521
2012-03-27,0.6648364708241874
2012-03-28,0.6642781902384213
2012-03-29,0.6794836391590438
2012-03-30,0.6782117033277403
2012-04-02,0.6707771245614336
2012-04-03,0.6879477812550603
2012-04-04,0.6364688946844231
2012-04-05,0.662553437184051
2012-04-09,0.6430681870310395
2012-04-10,0.6679555511446369
2012-04-11,0.736682827644611
2012-04-12,0.7099028364392752
2012-04-13,0.7326219442392002
2012-04-16,0.7338377586386413
2012-04-17,0.7198437749409436
2012-04-18,0.7557208211841026
2012-04-19,0.7638403109811545
2012-04-20,0.7616207624724559
2012-04-23,0.7589021444058034
2012-04-24,0.7548107866702347
2012-04-25,0.7272078447221677
2012-04-26,0.7367646210515202
2012-04-27,0.7396023679252159
2012-04-30,0.7382004578360362
2012-05-01,0.7335705817073811
2012-05-02,0.7303257364297584
2012-05-03,0.7187201701766355
2012-05-04,0.7123605832048701
2012-05-07,0.7329467713784308
2012-05-08,0.7168091451723417
2012-05-09,0.6638864584509712
2012-05-10,0.6643105363988033
2012-05-11,0.6588919969263103
2012-05-14,0.648790931293124
2012-05-15,0.679471531002395
2012-05-16,0.6285602889136945
2012-05-17,0.6198072914995215
2012-05-18,0.6542729190276805
2012-05-21,0.6616613856477054
2012-05-22,0.6904868307032223
2012-05-23,0.6896129161312358
2012-05-24,0.6440140123467871
2012-05-25,0.6208078351207907
2012-05-29,0.619884093080884
2012-05-30,0.6593664652060067
2012-05-31,0.667386321029016
2012-06-01,0.6686976302859516
2012-06-04,0.71897662569894
2012-06-05,0.7107783471033337
2012-06-06,0.7187631498241063
2012-06-07,0.7884729440728271
2012-06-08,0.7862811917607171
2012-06-11,0.7973729260714989
2012-06-12,0.8034195278480658
2012-06-13,0.8013552315100353
2012-06-14,0.8036527594379951
2012-06-15,0.8102720527849596
2012-06-18,0.799826379768003
2012-06-19,0.7879162596073789
2012-06-20,0.7852638517268171
2012-06-21,0.7849241037199696
2012-06-22,0.8317851121110785
2012-06-25,0.8386557802945718
2012-06-26,0.844627378906206
2012-06-27,0.8416781759948609
2012-06-28,0.8323493664757372
2012-06-29,0.8320896672509633
2012-07-02,0.8220576045489197
2012-07-03,0.82211779874998
2012-07-05,0.8130084423038434
2012-07-06,0.777618006541268
2012-07-09,0.7897309352732357
2012-07-10,0.7886987121353616
2012-07-11,0.7779712930958244
2012-07-12,0.7634893155866885
2012-07-13,0.7617271435438755
2012-07-16,0.7779676611311939
2012-07-17,0.772925112610404
2012-07-18,0.7806931651955552
2012-07-19,0.7789922938855985
2012-07-20,0.7816006088871582
2012-07-23,0.720753318523498
2012-07-24,0.7402219685011153
2012-07-25,0.7262912248798479
2012-07-26,0.7273960224061794
2012-07-27,0.7432696252296577
2012-07-30,0.775619049841096
2012-07-31,0.7325843943719614
2012-08-01,0.7390290451221037
2012-08-02,0.7479725519540137
2012-08-03,0.7549951575559148
2012-08-06,0.7872912167588586
2012-08-07,0.7844305178498527
2012-08-08,0.7618579043594778
2012-08-09,0.7717035460063586
2012-08-10,0.7765926287439557
2012-08-13,0.7595135414990354
2012-08-14,0.7610564967037523
2012-08-15,0.7594146495445113
2012-08-16,0.7750964716927901
2012-08-17,0.7757138071345268
2012-08-20,0.7874846982996888
2012-08-21,0.7659994451149523
2012-08-22,0.747581518699115
2012-08-23,0.7460677763254543
2012-08-24,0.7431028477146193
2012-08-27,0.6631850045275636
2012-08-28,0.6724604516295659
2012-08-29,0.6691307052344051
2012-08-30,0.667416038755136
2012-08-31,0.6704687534563573
2012-09-04,0.4638482839189947
2012-09-05,0.4303436181859796
2012-09-06,0.4910877731847245
2012-09-07,0.726960629510335
2012-09-10,0.6798273901759332
2012-09-11,0.6827705840207104
2012-09-12,0.6721478049540353
2012-09-13,0.6669292619206257
2012-09-14,0.7242364383649907
2012-09-17,0.7111854926157714
2012-09-18,0.70244492904736
2012-09-19,0.6959911894816178
2012-09-20,0.6812943917973824
2012-09-21,0.6673180517939046
2012-09-24,0.6343715324336907
2012-09-25,0.6127520738903809
2012-09-26,0.6372329965426836
2012-09-27,0.6347310437416431
2012-09-28,0.6343836550817515
2012-10-01,0.6137233806974199
2012-10-02,0.6077800530653593
2012-10-03,0.6195302891355804
2012-10-04,0.60030611107798
2012-10-05,0.4967542661034741
2012-10-08,0.529940229699825
2012-10-09,0.5205128105652768
2012-10-10,0.5512400923775835
2012-10-11,0.5799226144247762
2012-10-12,0.43667968204388763
2012-10-15,0.4737044553991475
2012-10-16,0.5281212709036556
2012-10-17,0.5656062082584092
2012-10-18,0.5836983050862602
2012-10-19,0.5908910854450803
2012-10-22,0.6801066262375941
2012-10-23,0.681222201303834
2012-10-24,0.7092593895401147
2012-10-25,0.7072419846946743
2012-10-26,0.7085786788640293
2012-10-31,0.7047113200628055
2012-11-01,0.7023406697324586
2012-11-02,0.6640726966160222
2012-11-05,0.6870685758482744
2012-11-06,0.6449695410435928
2012-11-07,0.6556834963269565
2012-11-08,0.7156130770690866
2012-11-09,0.7275622628674197
2012-11-12,0.7282585330839813
2012-11-13,0.7289828661950977
2012-11-14,0.730662074245476
2012-11-15,0.7276559327617567
2012-11-16,0.7085650308471787
2012-11-19,0.7119482329362721
2012-11-20,0.7539395673546755
2012-11-21,0.7368840073564994
2012-11-23,0.7408688050757799
2012-11-26,0.7382390753926649
2012-11-27,0.7174085667614543
2012-11-28,0.7210843698777487
2012-11-29,0.7286206593832927
2012-11-30,0.7426006032404964
2012-12-03,0.7609549530716625
2012-12-04,0.7560544923582854
2012-12-05,0.7710022962779252
2012-12-06,0.7432168209793981
2012-12-07,0.673351815475955
2012-12-10,0.643895161254824
2012-12-11,0.6380255717271436
2012-12-12,0.6340834217102773
2012-12-13,0.6358947926980429
2012-12-14,0.5849939219819031
2012-12-17,0.5825043023036395
2012-12-18,0.6008780218793219
2012-12-19,0.5482681685195292
2012-12-20,0.59174678926933
2012-12-21,0.5926258812537364
2012-12-24,0.6145300674739143
2012-12-26,0.6401669211303224
2012-12-27,0.6377200752672638
2012-12-28,0.6303047951340046
2012-12-31,0.666351347020665
2013-01-02,0.7424382975477667
2013-01-03,0.8179887685338004
2013-01-04,0.8175593260948348
2013-01-07,0.8583613728475333
2013-01-08,0.8552329571685914
2013-01-09,0.8589983880260349
2013-01-10,0.8524943009752641
2013-01-11,0.8587815084972129
2013-01-14,0.8553393474689472
2013-01-15,0.8500225459889182
2013-01-16,0.8481394846518604
2013-01-17,0.8485173464679525
2013-01-18,0.8455756209391592
2013-01-22,0.8345803185251538
2013-01-23,0.8344545722244702
2013-01-24,0.8138621609484602
2013-01-25,0.7965951063157165
2013-01-28,0.8040618867106313
2013-01-29,0.7964522805809011
2013-01-30,0.7431182901887374
2013-01-31,0.7114867191826098
2013-02-01,0.44073298663217275
2013-02-04,0.4801244041458648
2013-02-05,0.5880382866314318
2013-02-06,0.6163959671246307
2013-02-07,0.6098891566430518
2013-02-08,0.6329426592505982
2013-02-11,0.6155226426516234
2013-02-12,0.6115054581877071
2013-02-13,0.6058873027437649
2013-02-14,0.6075393081185039
2013-02-15,0.5907548336528817
2013-02-19,0.5789102161738754
2013-02-20,0.586353411665259
2013-02-21,0.6426394605155878
2013-02-22,0.6629382632857836
2013-02-25,0.7183811398050568
2013-02-26,0.7825078562019843
2013-02-27,0.7852946916579421
2013-02-28,0.8168321482959505
2013-03-01,0.8135716618331355
2013-03-04,0.8124343051766679
2013-03-05,0.7978466162637367
2013-03-06,0.7803152195791689
2013-03-07,0.7698121483129243
2013-03-08,0.7598941091187793
2013-03-11,0.7624572891235847
2013-03-12,0.7723536481939807
2013-03-13,0.7701623980816916
2013-03-14,0.7749420996570923
2013-03-15,0.7722306505807329
2013-03-18,0.7773347705281303
2013-03-19,0.7866943470807944
2013-03-20,0.7718018491729274
2013-03-21,0.7625359247313062
2013-03-22,0.7753855547714799
2013-03-25,0.7664272826813058
2013-03-26,0.6594962190569381
2013-03-27,0.6708372418162684
2013-03-28,0.6079836992312769
2013-04-01,0.6001995469755799
2013-04-02,0.6134531431137923
2013-04-03,0.576433678302482
2013-04-04,0.6141790148377543
2013-04-05,0.6282902965931598
2013-04-08,0.634782016655244
2013-04-09,0.6498742805189098
2013-04-10,0.624236269121297
2013-04-11,0.6526306635863333
2013-04-12,0.6513955040533482
2013-04-15,0.6437913756120612
2013-04-16,0.7818617339072662
2013-04-17,0.8074821488346997
2013-04-18,0.8271195116594127
2013-04-19,0.8012421583802526
2013-04-22,0.7935095166617975
2013-04-23,0.7869964003916237
2013-04-24,0.7828023343653612
2013-04-25,0.7183459639280497
2013-04-26,0.7177368224001451
2013-04-29,0.7197882876172192
2013-04-30,0.7197650549153639
2013-05-01,0.727588768672469
2013-05-02,0.7275397021607773
2013-05-03,0.7250762290604448
2013-05-06,0.7225609604115849
2013-05-07,0.6972328345051301
2013-05-08,0.7026522218862333
2013-05-09,0.6852951685311254
2013-05-10,0.6838626488990525
2013-05-13,0.6942593052700136
2013-05-14,0.5871705921331727
2013-05-15,0.5607194708003047
2013-05-16,0.4867805048973
2013-05-17,0.5106135177708181
2013-05-20,0.5333884352851546
2013-05-21,0.5314232156020074
2013-05-22,0.5072620583537666
2013-05-23,0.5982407678050634
2013-05-24,0.6040721811542685
2013-05-28,0.598597681349402
2013-05-29,0.5913182293647808
2013-05-30,0.6252701446934116
2013-05-31,0.5921063217257215
2013-06-03,0.6421309737045776
2013-06-04,0.6347523678447307
2013-06-05,0.6545039647185094
2013-06-06,0.6811700595824084
2013-06-07,0.7023344339067326
2013-06-10,0.7300238198098903
2013-06-11,0.7317196008208576
2013-06-12,0.7409992365334758
2013-06-13,0.7287802741057341
2013-06-14,0.76787160723832
2013-06-17,0.7688692426528502
2013-06-18,0.7670315410661094
2013-06-19,0.7906413417299495
2013-06-20,0.8087117064465041
2013-06-21,0.8569157508550628
2013-06-24,0.8426730828097173
2013-06-25,0.8423343068622741
2013-06-26,0.8570796682562862
2013-06-27,0.8750018701763875
2013-06-28,0.8791309595675659
2013-07-01,0.8755578117720666
2013-07-02,0.8631637117892752
2013-07-03,0.8600895609218405
2013-07-05,0.8500390711314647
2013-07-08,0.8424921395676317
2013-07-09,0.8350736420799016
2013-07-10,0.8350040165392983
2013-07-11,0.8283160771994376
2013-07-12,0.8312999040048411
2013-07-15,0.8126200555812099
2013-07-16,0.8064601834821539
2013-07-17,0.8112025044815163
2013-07-18,0.8052328707932563
2013-07-19,0.7783310980916328
2013-07-22,0.5507909191014141
2013-07-23,0.5728033071374176
2013-07-24,0.49484728655091614
2013-07-25,0.5124882734365239
2013-07-26,0.4869345813728995
2013-07-29,0.4873918985065806
2013-07-30,0.478703380240693
2013-07-31,0.4948951104908796
2013-08-01,0.4960612305609795
2013-08-02,0.5326888857083185
2013-08-05,0.5294903760145614
2013-08-06,0.5387911547737172
2013-08-07,0.5617420123324985
2013-08-08,0.5684957209675373
2013-08-09,0.46165891669286274
2013-08-12,0.4820339759804241
2013-08-13,0.49070876460587937
2013-08-14,0.47200940118930096
2013-08-15,0.48957544519094587
2013-08-16,0.5846471499017339
2013-08-19,0.6444395977794519
2013-08-20,0.644489962856069
2013-08-21,0.6558309295829715
2013-08-22,0.6838392518898182
2013-08-23,0.712723228599127
2013-08-26,0.7267250919980129
2013-08-27,0.726198500435028
2013-08-28,0.7230796961218265
2013-08-29,0.7106758611818852
2013-08-30,0.6497358356364251
2013-09-03,0.6433781069475388
2013-09-04,0.6326681440303165
2013-09-05,0.6528819449461911
2013-09-06,0.6631522713636344
2013-09-09,0.6544624168786051
2013-09-10,0.6866038619865841
2013-09-11,0.6966196027102243
2013-09-12,0.6825468904005848
2013-09-13,0.6732947512226777
2013-09-16,0.6294122797946534
2013-09-17,0.6157152043831874
2013-09-18,0.59574039538368
2013-09-19,0.641594799498588
2013-09-20,0.6175596564317533
2013-09-23,0.640998242480981
2013-09-24,0.6246964541412564
2013-09-25,0.6209689373398152
2013-09-26,0.571321852413668
2013-09-27,0.6009316002131935
2013-09-30,0.6326906829138228
2013-10-01,0.6488430158536469
2013-10-02,0.6679211330087135
2013-10-03,0.6581926678425395
2013-10-04,0.6915622437767547
2013-10-07,0.6948274358832416
2013-10-08,0.6913059396461917
2013-10-09,0.6769337968574289
2013-10-10,0.692097290330334
2013-10-11,0.770684620903014
2013-10-14,0.7721992427764811
2013-10-15,0.777751022093683
2013-10-16,0.7871669567581063
2013-10-17,0.78466515330687
2013-10-18,0.7861504651335616
2013-10-21,0.7583288208165879
2013-10-22,0.7773910606077359
2013-10-23,0.7747683989136441
2013-10-24,0.7714148993037222
2013-10-25,0.7668635325099409
2013-10-28,0.7644703692330329
2013-10-29,0.7456286292609258
2013-10-30,0.7439706300752701
2013-10-31,0.7536472249986368
2013-11-01,0.732728154493325
2013-11-04,0.7331116523601939
2013-11-05,0.709220832117635
2013-11-06,0.7222212060659539
2013-11-07,0.7077765759744474
2013-11-08,0.685831773748692
2013-11-11,0.6781628294053669
2013-11-12,0.6823382490813313
2013-11-13,0.6585237326306556
2013-11-14,0.6414846427671296
2013-11-15,0.635370642224696
2013-11-18,0.6640324205484371
2013-11-19,0.6754845941836681
2013-11-20,0.6701591144173711
2013-11-21,0.6793325386342679
2013-11-22,0.6937346862054743
2013-11-25,0.6818444338291713
2013-11-26,0.6983813568957684
2013-11-27,0.688289300287606
2013-11-29,0.6661431774463538
2013-12-02,0.6639655342751886
2013-12-03,0.6762070791922103
2013-12-04,0.6405913410296443
2013-12-05,0.6306215922197274
2013-12-06,0.6483775425526905
2013-12-09,0.6106622755641675
2013-12-10,0.5691261998209137
2013-12-11,0.5716154349526312
2013-12-12,0.6224444979505092
2013-12-13,0.574906395989331
2013-12-16,0.557775173164732
2013-12-17,0.5612773890280154
2013-12-18,0.555581219926954
2013-12-19,0.6596997733095878
2013-12-20,0.6550425427408064
2013-12-23,0.6523029735613931
2013-12-24,0.6489026488228669
2013-12-26,0.6531314698559534
2013-12-27,0.6576097978515116
2013-12-30,0.6613962450723805
2013-12-31,0.6528843292137186
2014-01-02,0.6484214210406258
2014-01-03,0.7201380893406768
2014-01-06,0.719571805342346
2014-01-07,0.7115802516234785
2014-01-08,0.6811267129445456
2014-01-09,0.6695156241206879
2014-01-10,0.6520927897746205
2014-01-13,0.6026419875648344
2014-01-14,0.679657771679597
2014-01-15,0.6940131463539466
2014-01-16,0.6804361919320643
2014-01-17,0.6756164594659987
2014-01-21,0.6153396439336949
2014-01-22,0.6185444778340681
2014-01-23,0.5962351539764414
2014-01-24,0.6317014166727548
2014-01-27,0.7223726333335201
2014-01-28,0.721406258556668
2014-01-29,0.7200036364216958
2014-01-30,0.7051810130932392
2014-01-31,0.7190937339268461
2014-02-03,0.6976465413777815
2014-02-04,0.7590709535077363
2014-02-05,0.7481609231883879
2014-02-06,0.7360982243708403
2014-02-07,0.7643203749645049
2014-02-10,0.7846292724645647
2014-02-11,0.7837265124979471
2014-02-12,0.7852365998039464
2014-02-13,0.7840510509275804
2014-02-14,0.7998293392995531
2014-02-18,0.8021247865243831
2014-02-19,0.7974143952138311
2014-02-20,0.7973142449046341
2014-02-21,0.8056861400434724
2014-02-24,0.7997945485488756
2014-02-25,0.7418597601108574
2014-02-26,0.7363646751111808
2014-02-27,0.744346962128354
2014-02-28,0.7435219536642597
2014-03-03,0.7437876874297041
2014-03-04,0.7802697282289283
2014-03-05,0.7012869839135318
2014-03-06,0.7021093726028755
2014-03-07,0.687204122227809
2014-03-10,0.6611254066389373
2014-03-11,0.6273581591187628
2014-03-12,0.6647677158586051
2014-03-13,0.6043801985636473
2014-03-14,0.6090763580954113
2014-03-17,0.5955131020962208
2014-03-18,0.607903282102122
2014-03-19,0.6197802341096801
2014-03-20,0.6358002287708826
2014-03-21,0.6203997761584757
2014-03-24,0.6006164174022407
2014-03-25,0.6113237566032017
2014-03-26,0.6117421619041856
2014-03-27,0.6320034798297228
2014-03-28,0.6215760768769882
2014-03-31,0.6126507638561285
2014-04-01,0.6074228424383058
2014-04-02,0.5176181131569336
2014-04-03,0.5376363699277804
2014-04-04,0.541781793201844
2014-04-07,0.5620815269731452
2014-04-08,0.5784108875614193
2014-04-09,0.5764579586940727
2014-04-10,0.578470561560363
2014-04-11,0.6605426378702324
2014-04-14,0.6725742773699601
2014-04-15,0.6714994324657132
2014-04-16,0.6859270355344314
2014-04-17,0.7007464080785866
2014-04-21,0.6923924920165825
2014-04-22,0.6960924805209634
2014-04-23,0.6875516203893657
2014-04-24,0.6870447695743063
2014-04-25,0.6725682590363574
2014-04-28,0.6617417776837342
2014-04-29,0.6435957987249065
2014-04-30,0.6171044076841318
2014-05-01,0.6318033439559086
2014-05-02,0.6311787848439251
2014-05-05,0.6234482756565125
2014-05-06,0.6159064201858191
2014-05-07,0.6223454942556742
2014-05-08,0.6317514427971251
2014-05-09,0.6159198991937322
2014-05-12,0.4971288188152335
2014-05-13,0.4441870704381523
2014-05-14,0.421296983674616
2014-05-15,0.40596851869158723
2014-05-16,0.4081182614757106
2014-05-19,0.42069572144133377
2014-05-20,0.4170184967064447
2014-05-21,0.43330061493949046
2014-05-22,0.4737869418439892
2014-05-23,0.4807402933572324
2014-05-27,0.486096885145684
2014-05-28,0.5216299017817374
2014-05-29,0.528619269032392
2014-05-30,0.539934621504486
2014-06-02,0.5403988242154476
2014-06-03,0.5420660973489908
2014-06-04,0.5451674751226872
2014-06-05,0.5209975604149669
2014-06-06,0.5284407798903666
2014-06-09,0.5298999479701616
2014-06-10,0.5313735547836997
2014-06-11,0.5472676841310835
2014-06-12,0.564783628491925
2014-06-13,0.5752554225425008
2014-06-16,0.48961708595243486
2014-06-17,0.4852145369470198
2014-06-18,0.49787020985327846
2014-06-19,0.49797134056166403
2014-06-20,0.4577539437486691
2014-06-23,0.4348612010961797
2014-06-24,0.45448998811449015
2014-06-25,0.47889246811093744
2014-06-26,0.47408065582154474
2014-06-27,0.46029948756430905
2014-06-30,0.4562011015575504
2014-07-01,0.457704136611235
2014-07-02,0.440537565693452
2014-07-03,0.43116116349702627
2014-07-07,0.4123138096133883
2014-07-08,0.41642993330203026
2014-07-09,0.43556643200948286
2014-07-10,0.4384025203168901
2014-07-11,0.4287961283348102
2014-07-14,0.39895883489168343
2014-07-15,0.39595558219744864
2014-07-16,0.38774067737824486
2014-07-17,0.3822928678962592
2014-07-18,0.39176638308856204
2014-07-21,0.4618980304482312
2014-07-22,0.4806160034842277
2014-07-23,0.48724348256217276
2014-07-24,0.4804257006361838
2014-07-25,0.47719348013898166
2014-07-28,0.4869127032332933
2014-07-29,0.4847694126513209
2014-07-30,0.4977789249527066
2014-07-31,0.48101852825228125
2014-08-01,0.6336897459971413
2014-08-04,0.6209841802568403
2014-08-05,0.6317355278518322
2014-08-06,0.6604691598979051
2014-08-07,0.6378463925059257
2014-08-08,0.6260327050109455
2014-08-11,0.6833435938409324
2014-08-12,0.6886260306159329
2014-08-13,0.7012534928939487
2014-08-14,0.7160572089775264
2014-08-15,0.6976925427512939
2014-08-18,0.6725865215926937
2014-08-19,0.6751925301125108
2014-08-20,0.6857257092485898
2014-08-21,0.6872519245899205
2014-08-22,0.6811577290911734
2014-08-25,0.6834576194455629
2014-08-26,0.6978185966374036
2014-08-27,0.6908468140022535
2014-08-28,0.708755537441848
2014-08-29,0.5590059043580717
2014-09-02,0.576118772071614
2014-09-03,0.5836405829075975
2014-09-04,0.4792337614047123
2014-09-05,0.5102811881557667
2014-09-08,0.5146057298378829
2014-09-09,0.41696613056357545
2014-09-10,0.504193309889076
2014-09-11,0.4946474709370094
2014-09-12,0.47277467112430105
2014-09-15,0.5310195943118088
2014-09-16,0.5190097141532546
2014-09-17,0.5336728904276387
2014-09-18,0.5000494744072956
2014-09-19,0.518873620484073
2014-09-22,0.5271418124834292
2014-09-23,0.5535031571032851
2014-09-24,0.548287597252433
2014-09-25,0.5713355195636878
2014-09-26,0.6551518503593654
2014-09-29,0.6693857990209119
2014-09-30,0.6624530567905509
2014-10-01,0.6600496524131697
2014-10-02,0.6611555319815063
2014-10-03,0.6673124464921663
2014-10-06,0.6650750523032157
2014-10-07,0.6683865603637226
2014-10-08,0.6769174042148192
2014-10-09,0.7467487491285835
2014-10-10,0.7904061690337887
2014-10-13,0.7767609795381414
2014-10-14,0.7832243520010748
2014-10-15,0.7598160187955254
2014-10-16,0.7258093414638194
2014-10-17,0.7152231765683863
2014-10-20,0.7337812352657723
2014-10-21,0.7483111086379703
2014-10-22,0.7561768624489373
2014-10-23,0.7596576142750303
2014-10-24,0.7361751918590649
2014-10-27,0.7378125881443299
2014-10-28,0.728813434338014
2014-10-29,0.7348172682105717
2014-10-30,0.7298228439775324
2014-10-31,0.7230145673886668
2014-11-03,0.7205083685762497
2014-11-04,0.7164257271534861
2014-11-05,0.6990287626926108
2014-11-06,0.6677717673349834
2014-11-07,0.5732757013308566
2014-11-10,0.5788073106664186
2014-11-11,0.49468317689639757
2014-11-12,0.5088702080402777
2014-11-13,0.504900815075783
2014-11-14,0.5297241776912935
2014-11-17,0.4966826251888783
2014-11-18,0.47140128287486366
2014-11-19,0.4021633195948613
2014-11-20,0.370586013427117
2014-11-21,0.3640632120140135
2014-11-24,0.35895928073919253
2014-11-25,0.3484523198716657
2014-11-26,0.30016872290528795
2014-11-28,0.2785768686509055
2014-12-01,0.17567628819163714
2014-12-02,0.1844425038662253
2014-12-03,0.20233859392024478
2014-12-04,0.1732324552640674
2014-12-05,0.1507096243817173
2014-12-08,0.14605143976853566
2014-12-09,0.17611115086278306
2014-12-10,0.16731520564426766
2014-12-11,0.35248722967640994
2014-12-12,0.3754823624094004
2014-12-15,0.4725068344261573
2014-12-16,0.500764168095272
2014-12-17,0.490104151781899
2014-12-18,0.6026480189358046
2014-12-19,0.6799771387163425
2014-12-22,0.6818840315871448
2014-12-23,0.663992993209161
2014-12-24,0.65138637832901
2014-12-26,0.6376217022885067
2014-12-29,0.6401646636840835
2014-12-30,0.7000968235308186
2014-12-31,0.6999745528683721
2015-01-02,0.7069851145961444
2015-01-05,0.7183595066100172
2015-01-06,0.7345288883793966
2015-01-07,0.7410013347429264
2015-01-08,0.7671319931673855
2015-01-09,0.7833755789393987
2015-01-12,0.7672319286184343
2015-01-13,0.7659117855610239
2015-01-14,0.7519403452707025
2015-01-15,0.7362042084704957
2015-01-16,0.7375856321607389
2015-01-20,0.7176499620500559
2015-01-21,0.6556697309562449
2015-01-22,0.6715578139428914
2015-01-23,0.6804810149095145
2015-01-26,0.7086685692473054
2015-01-27,0.7128566230098353
2015-01-28,0.6987227233443916
2015-01-29,0.709275151890356
2015-01-30,0.731727824995119
2015-02-02,0.7179222324333748
2015-02-03,0.7278628386868943
2015-02-04,0.7109907938148178
2015-02-05,0.6997988118068225
2015-02-06,0.7056962498382546
2015-02-09,0.6521690407159152
2015-02-10,0.6467555606212182
2015-02-11,0.653004329013524
2015-02-12,0.6493414103968215
2015-02-13,0.6615776293715918
2015-02-17,0.6634654319720641
2015-02-18,0.646384512214719
2015-02-19,0.6379699043018916
2015-02-20,0.6354106090889391
2015-02-23,0.6310372147904892
2015-02-24,0.6300780961250889
2015-02-25,0.6335485274071615
2015-02-26,0.6499842401271159
2015-02-27,0.602986765751464
2015-03-02,0.5892593938282599
2015-03-03,0.5451646313351574
2015-03-04,0.5185296072517642
2015-03-05,0.4534935786000036
2015-03-06,0.44796936973597823
2015-03-09,0.5292743665024672
2015-03-10,0.5437331235787574
2015-03-11,0.5872034989624663
2015-03-12,0.5411881169980814
2015-03-13,0.5770191572637895
2015-03-16,0.575052514593557
2015-03-17,0.6334439850878808
2015-03-18,0.6303160409739759
2015-03-19,0.6874916835250786
2015-03-20,0.6892676534831512
2015-03-23,0.7040430691039218
2015-03-24,0.7022072340764052
2015-03-25,0.7034635461094332
2015-03-26,0.6826849070330562
2015-03-27,0.6883221798036012
2015-03-30,0.6864286749290047
2015-03-31,0.7400527629092221
2015-04-01,0.7444057542939438
2015-04-02,0.7411284209575801
2015-04-06,0.7430877628058375
2015-04-07,0.726682905245293
2015-04-08,0.7294477340181312
2015-04-09,0.6963031902924789
2015-04-10,0.7010577820738537
2015-04-13,0.7080255460492567
2015-04-14,0.6970971434047828
2015-04-15,0.6807274423923929
2015-04-16,0.6723669590556693
2015-04-17,0.6334014725171891
2015-04-20,0.6726340185399432
2015-04-21,0.6579378851030888
2015-04-22,0.6467845522876225
2015-04-23,0.6338850438899486
2015-04-24,0.628480381380727
2015-04-27,0.596701196753211
2015-04-28,0.5887710576575921
2015-04-29,0.5200801651680389
2015-04-30,0.4837469378058193
2015-05-01,0.5326873120949703
2015-05-04,0.5712413773612522
2015-05-05,0.542898570975179
2015-05-06,0.6069997857730614
2015-05-07,0.6112362194007003
2015-05-08,0.6044655629742351
2015-05-11,0.6586271152534117
2015-05-12,0.6600995869309886
2015-05-13,0.6599286345200481
2015-05-14,0.6648832962869027
2015-05-15,0.6775466097183728
2015-05-18,0.6434489401819014
2015-05-19,0.6280840510052701
2015-05-20,0.627284727146739
2015-05-21,0.6250865138406667
2015-05-22,0.6250663999776392
2015-05-26,0.6549419712775832
2015-05-27,0.7155069971985832
2015-05-28,0.7195432993109679
2015-05-29,0.736140477682736
2015-06-01,0.7301083806398722
2015-06-02,0.7173801155078199
2015-06-03,0.6999357468370787
2015-06-04,0.618212061741283
2015-06-05,0.6467444656150931
2015-06-08,0.6218439651250459
2015-06-09,0.5493199532804689
2015-06-10,0.5415408946558748
2015-06-11,0.6160170514944745
2015-06-12,0.6226336299018397
2015-06-15,0.6110575073113137
2015-06-16,0.6206269802525043
2015-06-17,0.6405715986338476
2015-06-18,0.6554667725925452
2015-06-19,0.6848023803777222
2015-06-22,0.689511460647751
2015-06-23,0.6948793503828906
2015-06-24,0.6550728214736417
2015-06-25,0.6644473069417863
2015-06-26,0.6614330119371431
2015-06-29,0.6503226091662022
2015-06-30,0.7056714396465357
2015-07-01,0.7205461822651634
2015-07-02,0.7286000656266963
2015-07-06,0.7066210352644159
2015-07-07,0.7310329370548663
2015-07-08,0.714172087838951
2015-07-09,0.7477633251321141
2015-07-10,0.7196634951791117
2015-07-13,0.7345193187707426
2015-07-14,0.7310680714861195
2015-07-15,0.7280646731121281
2015-07-16,0.7114913703193602
2015-07-17,0.71427634326181
2015-07-20,0.6860438679965849
2015-07-21,0.6784610014278195
2015-07-22,0.6766685499628167
2015-07-23,0.6713994542090473
2015-07-24,0.6642211364975836
2015-07-27,0.661567644557474
2015-07-28,0.6561422825643866
2015-07-29,0.6090711819713044
2015-07-30,0.6145355577661012
2015-07-31,0.616241646602182
2015-08-03,0.6124723933613053
2015-08-04,0.6091014776694564
2015-08-05,0.6119511261999493
2015-08-06,0.5274110411894805
2015-08-07,0.505182137557462
2015-08-10,0.45443047086119776
2015-08-11,0.4443376115587302
2015-08-12,0.4488378506971629
2015-08-13,0.4462620564842788
2015-08-14,0.41892417110560304
2015-08-17,0.4387316042541509
2015-08-18,0.45125439920903065
2015-08-19,0.4450561989966396
2015-08-20,0.477949986929713
2015-08-21,0.5453947691459313
2015-08-24,0.6638150395018969
2015-08-25,0.7972366726465759
2015-08-26,0.7824171706446599
2015-08-27,0.8210493154616896
2015-08-28,0.8338061815797957
2015-08-31,0.8348590410947402
2015-09-01,0.8347583640269832
2015-09-02,0.8566387525931044
2015-09-03,0.860772584037349
2015-09-04,0.8693078862781562
2015-09-08,0.8806413567443468
2015-09-09,0.8952536286856579
2015-09-10,0.9026963100373604
2015-09-11,0.9119549595779617
2015-09-14,0.911942799015028
2015-09-15,0.910618983710014
2015-09-16,0.9117207568015147
2015-09-17,0.9101285606229789
2015-09-18,0.9073095989224313
2015-09-21,0.9088874860396822
2015-09-22,0.9012560672982102
2015-09-23,0.8711468181580329
2015-09-24,0.8683841500743176
2015-09-25,0.8417864518024407
2015-09-28,0.7985332175907788
2015-09-29,0.8217548260389372
2015-09-30,0.8303881810031924
2015-10-01,0.8114684867011925
2015-10-02,0.7976711614702212
2015-10-05,0.8013305851617462
2015-10-06,0.7935057352812088
2015-10-07,0.7421500335373238
2015-10-08,0.7234868682778044
2015-10-09,0.7321627357185557
2015-10-12,0.7317312031279175
2015-10-13,0.7242366518500017
2015-10-14,0.7259448070922478
2015-10-15,0.7087160809305868
2015-10-16,0.734655869706095
2015-10-19,0.7049622223968288
2015-10-20,0.7041055774640078
2015-10-21,0.679945508835242
2015-10-22,0.6935553866362187
2015-10-23,0.6968097425716883
2015-10-26,0.6653428528517782
2015-10-27,0.5679955875098185
2015-10-28,0.5656507909781108
2015-10-29,0.5026673062514173
2015-10-30,0.5119302738130793
2015-11-02,0.47479454674471355
2015-11-03,0.42609913158190166
2015-11-04,0.43490845758090496
2015-11-05,0.4359503633698245
2015-11-06,0.3679841375753945
2015-11-09,0.37180723141037497
2015-11-10,0.39466112046878976
2015-11-11,0.3693645368249837
2015-11-12,0.3761566692051724
2015-11-13,0.39850148342259967
2015-11-16,0.3808774508967437
2015-11-17,0.43627126766101804
2015-11-18,0.43374535262037583
2015-11-19,0.4783958052070554
2015-11-20,0.4419034573952141
2015-11-23,0.4636686483516308
2015-11-24,0.4589498949114784
2015-11-25,0.46830151859837116
2015-11-27,0.4783287488881379
2015-11-30,0.47708008591393053
2015-12-01,0.478738168441408
2015-12-02,0.49455815988862417
2015-12-03,0.5392133449393534
2015-12-04,0.5682332524154483
2015-12-07,0.6114729306305583
2015-12-08,0.6460806230207304
2015-12-09,0.6307256053944604
2015-12-10,0.5944892511964559
2015-12-11,0.5873611224395047
2015-12-14,0.5947536574510002
2015-12-15,0.6117265527849888
2015-12-16,0.5940231088960395
2015-12-17,0.627698224079746
2015-12-18,0.6108022458554366
2015-12-21,0.647448959372461
2015-12-22,0.6595172415286336
2015-12-23,0.6803114647731753
2015-12-24,0.7092578174961939
2015-12-28,0.7138297505025267
2015-12-29,0.7129894791550219
2015-12-30,0.7313098688031882
2015-12-31,0.7279455369460354
2016-01-04,0.7221691624926567
2016-01-05,0.7136114528881031
2016-01-06,0.68561228479402
2016-01-07,0.7032216778356535
2016-01-08,0.7348447424029846
2016-01-11,0.774717579765116
2016-01-12,0.7815985522012354
2016-01-13,0.7501937356521594
2016-01-14,0.7596774041536664
2016-01-15,0.7622575240847922
2016-01-19,0.7719411104431273
2016-01-20,0.7574038582414373
2016-01-21,0.7352670936813791
2016-01-22,0.7310872209839815
2016-01-25,0.7583489771159413
2016-01-26,0.7440325331315487
2016-01-27,0.754575440935366
2016-01-28,0.750067054198981
2016-01-29,0.7146472359328921
2016-02-01,0.7320966282931582
2016-02-02,0.728142929353726
2016-02-03,0.7236631531845752
2016-02-04,0.7186153296576827
2016-02-05,0.6926123320025891
2016-02-08,0.668645998307787
2016-02-09,0.6591535178274333
2016-02-10,0.6657680910625113
2016-02-11,0.6648339475584668
2016-02-12,0.6475927794658976
2016-02-16,0.6400756927125061
2016-02-17,0.6205307725224263
2016-02-18,0.6416201846246922
2016-02-19,0.6198596940285651
2016-02-22,0.623501560132363
2016-02-23,0.612486209223766
2016-02-24,0.6020443026213222
2016-02-25,0.592068332293557
2016-02-26,0.5962370605738725
2016-02-29,0.6033321348730998
2016-03-01,0.5729165030985983
2016-03-02,0.5933736892490984
2016-03-03,0.5772995184467644
2016-03-04,0.5912014079127091
2016-03-07,0.615986578061299
2016-03-08,0.6011427361074382
2016-03-09,0.5735718862344558
2016-03-10,0.5838091810070839
2016-03-11,0.5994597840964433
2016-03-14,0.5617668339017481
2016-03-15,0.5659086502422614
2016-03-16,0.5657324260631112
2016-03-17,0.5396495493658247
2016-03-18,0.5216803881859858
2016-03-21,0.5084681447904955
2016-03-22,0.47880783135180227
2016-03-23,0.45773781078323517
2016-03-24,0.4678356273576837
2016-03-28,0.4523407143343482
2016-03-29,0.4486445786389576
2016-03-30,0.44780081863983356
2016-03-31,0.3902738695008192
2016-04-01,0.4017732463974951
2016-04-04,0.39934654777759215
2016-04-05,0.40179915721039566
2016-04-06,0.4917990717254798
2016-04-07,0.5092336038388968
2016-04-08,0.5452544686327769
2016-04-11,0.5397483275420899
2016-04-12,0.4935345749274882
2016-04-13,0.5143340628067529
2016-04-14,0.4769122999033349
2016-04-15,0.4914352003472247
2016-04-18,0.5010560993336326
2016-04-19,0.5240357032324778
2016-04-20,0.4983917379624978
2016-04-21,0.4797946799124369
2016-04-22,0.4928244360948036
2016-04-25,0.46895123146675594
2016-04-26,0.4631878948927915
2016-04-27,0.4358662030833599
2016-04-28,0.430871945939538
2016-04-29,0.4449098756317304
2016-05-02,0.4412060089073538
2016-05-03,0.4669441924262206
2016-05-04,0.42622771850732566
2016-05-05,0.38470790921382364
2016-05-06,0.33168513156473434
2016-05-09,0.3229757183065175
2016-05-10,0.30270267581394356
2016-05-11,0.31454670468930834
2016-05-12,0.35465580876519553
2016-05-13,0.3542546073135251
2016-05-16,0.387553453020709
2016-05-17,0.4106683743773222
2016-05-18,0.44932039352440295
2016-05-19,0.43701858016272693
2016-05-20,0.4263563373572187
2016-05-23,0.445264459821634
2016-05-24,0.44434169162671894
2016-05-25,0.4847201999385446
2016-05-26,0.49786742900558534
2016-05-27,0.48559021319910767
2016-05-31,0.49622816953148124
2016-06-01,0.48389437867494983
2016-06-02,0.47388695361983246
2016-06-03,0.496909247666595
2016-06-06,0.4785277646342837
2016-06-07,0.4848565944083714
2016-06-08,0.4991439556837117
2016-06-09,0.4705641349941071
2016-06-10,0.45642471998180956
2016-06-13,0.48828866694388734
2016-06-14,0.46358942261304525
2016-06-15,0.42423632869333855
2016-06-16,0.363910333631391
2016-06-17,0.3768199285085206
2016-06-20,0.390207616090849
2016-06-21,0.3898953433922251
2016-06-22,0.38416530694990403
2016-06-23,0.32221849640600536
2016-06-24,0.371556334017835
2016-06-27,0.6081241719235595
2016-06-28,0.5857797095760419
2016-06-29,0.6147374414179423
2016-06-30,0.643691593235308
2016-07-01,0.6757980305992953
2016-07-05,0.6770197320925109
2016-07-06,0.6703358482237527
2016-07-07,0.6753159575349129
2016-07-08,0.661871516646946
2016-07-11,0.6866652117610178
2016-07-12,0.6790525671852093
2016-07-13,0.651398533709048
2016-07-14,0.6530345653685713
2016-07-15,0.6502286830148538
2016-07-18,0.6507348066387528
2016-07-19,0.6569170238427303
2016-07-20,0.6610758576323537
2016-07-21,0.6595069644285337
2016-07-22,0.6545960006058926
2016-07-25,0.6542482543054647
2016-07-26,0.5821109557782705
2016-07-27,0.5791269921624779
2016-07-28,0.5507178028428168
2016-07-29,0.48147972190576127
2016-08-01,0.393430690307348
2016-08-02,0.38884498343839013
2016-08-03,0.4297996017295219
2016-08-04,0.41217708683377996
2016-08-05,0.4096606474789093
2016-08-08,0.20753352214275328
2016-08-09,0.20021692636549
2016-08-10,0.18648454718930918
2016-08-11,0.1878987802360465
2016-08-12,0.18763847664763528
2016-08-15,0.18412787560180183
2016-08-16,0.17380224256909918
2016-08-17,0.22053153229255165
2016-08-18,0.23397397122547994
2016-08-19,0.2468549838290805
2016-08-22,0.22599637980563714
2016-08-23,0.21978179842852208
2016-08-24,0.2340725270722506
2016-08-25,0.2692779178596249
2016-08-26,0.2595105994132505
2016-08-29,0.27426385027081895
2016-08-30,0.3421214935273135
2016-08-31,0.3282522312635183
2016-09-01,0.33758065819214444
2016-09-02,0.3389737764164128
2016-09-06,0.37769775641119335
2016-09-07,0.37984228442495216
2016-09-08,0.3739011882798886
2016-09-09,0.36074815787874276
2016-09-12,0.7090958412985424
2016-09-13,0.7377986183859518
2016-09-14,0.7742361572747499
2016-09-15,0.7693912645555285
2016-09-16,0.780221668680298
2016-09-19,0.7762611121425583
2016-09-20,0.7740470333802958
2016-09-21,0.7749897624418612
2016-09-22,0.7958176047991539
2016-09-23,0.8025990044770819
2016-09-26,0.8079226859955269
2016-09-27,0.811034490192245
2016-09-28,0.7810592556316068
2016-09-29,0.7707919129272507
2016-09-30,0.7777402119491457
2016-10-03,0.7671422084589665
2016-10-04,0.7602439846000024
2016-10-05,0.7560303222816052
2016-10-06,0.7428297531241933
2016-10-07,0.7537502771264873
2016-10-10,0.6402318611595038
2016-10-11,0.6207600503405252
2016-10-12,0.5801248454480679
2016-10-13,0.5761250870043388
2016-10-14,0.5464126543329821
2016-10-17,0.5498285960838986
2016-10-18,0.5479780742663007
2016-10-19,0.5611479336489199
2016-10-20,0.504030379451786
2016-10-21,0.4808010002768336
2016-10-24,0.47236532129089037
2016-10-25,0.46961213038481053
2016-10-26,0.47660770629663257
2016-10-27,0.47354540870463757
2016-10-28,0.43118608535256914
2016-10-31,0.3837756966287437
2016-11-01,0.3696989957377433
2016-11-02,0.37871115992795384
2016-11-03,0.4203452441289971
2016-11-04,0.4055248386229688
2016-11-07,0.4085358827773607
2016-11-08,0.6089066246017565
2016-11-09,0.576480237481775
2016-11-10,0.40986013420591966
2016-11-11,0.34170210835468484
2016-11-14,0.32609302416721125
2016-11-15,0.3110531367329622
2016-11-16,0.29853631168095307
2016-11-17,0.2923467404421309
2016-11-18,0.28630028898421944
2016-11-21,0.29129650066179813
2016-11-22,0.3032064904927816
2016-11-23,0.30245997135991176
2016-11-25,0.3009731061005012
2016-11-28,0.2929095383614197
2016-11-29,0.28946333574557437
2016-11-30,0.29382446147582547
2016-12-01,0.2291778690227826
2016-12-02,0.20263454171147488
2016-12-05,0.1874818831911667
2016-12-06,0.18625317350976106
2016-12-07,0.039741747149984845
2016-12-08,0.09949489617670798
2016-12-09,0.12729963428735316
2016-12-12,0.18903362352507835
2016-12-13,0.17184074436440544
2016-12-14,0.18607226113803257
2016-12-15,0.2673842188976301
2016-12-16,0.26275059864978423
2016-12-19,0.26094999714396083
2016-12-20,0.24858132526667218
2016-12-21,0.23245054472176968
2016-12-22,0.25529566732066633
2016-12-23,0.26544080945067283
2016-12-27,0.2619841021098471
2016-12-28,0.2627962773355781
2016-12-29,0.32113821446367674
2016-12-30,0.4299900068789823
2017-01-03,0.4756669709369479
2017-01-04,0.4969660556440194
2017-01-05,0.49740207102677475
2017-01-06,0.49401115243740035
2017-01-09,0.46580486434143153
2017-01-10,0.48367973130291675
2017-01-11,0.46955544032036933
2017-01-12,0.4708786712361946
2017-01-13,0.46452878834625194
2017-01-17,0.37709405377374966
2017-01-18,0.3144245216736372
2017-01-19,0.33828528464765056
2017-01-20,0.3517116854492706
2017-01-23,0.3612391013547803
2017-01-24,0.3541563350236712
2017-01-25,0.3623657743294274
2017-01-26,0.36613820490153515
2017-01-27,0.3614492205340523
2017-01-30,0.2814687370383332
2017-01-31,0.3193303065536699
2017-02-01,0.2910363811405565
2017-02-02,0.2550529556077729
2017-02-03,0.21994402929872983
2017-02-06,0.2357037929202865
2017-02-07,0.23663466069921069
2017-02-08,0.20752979386235598
2017-02-09,0.21199438918680324
2017-02-10,0.21880958597657135
2017-02-13,0.22868165716112096
2017-02-14,0.24065873543690858
2017-02-15,0.2729489893369308
2017-02-16,0.27374856123380814
2017-02-17,0.2391649886819988
2017-02-21,0.2362978018347416
2017-02-22,0.2555525551404885
2017-02-23,0.2657960375314797
2017-02-24,0.24337435511028985
2017-02-27,0.24110755561571484
2017-02-28,0.22931201457154415
2017-03-01,0.1624839599991742
2017-03-02,0.2563303163524577
2017-03-03,0.29475487836298175
2017-03-06,0.3175701494137758
2017-03-07,0.3385138482329282
2017-03-08,0.34192885188874617
2017-03-09,0.36728146241978976
2017-03-10,0.3688108646696974
2017-03-13,0.372102588571897
2017-03-14,0.36485665253137756
2017-03-15,0.37162844950449747
2017-03-16,0.4487187228854415
2017-03-17,0.4613138055863243
2017-03-20,0.456119654561357
2017-03-21,0.456368585709715
2017-03-22,0.4264794812009244
2017-03-23,0.4276145699200933
2017-03-24,0.43570400589272484
2017-03-27,0.4298652087293061
2017-03-28,0.44219970652168256
2017-03-29,0.46749065921077365
2017-03-30,0.4375609237461449
2017-03-31,0.42921713167273806
2017-04-03,0.4343146475086035
2017-04-04,0.4274770240049272
2017-04-05,0.4178967705901953
2017-04-06,0.4441599609335505
2017-04-07,0.47173181989536617
2017-04-10,0.46613290536863383
2017-04-11,0.4619063325600984
2017-04-12,0.45491067463151824
2017-04-13,0.27636184307179795
2017-04-17,0.3129635444263387
2017-04-18,0.4088211150100639
2017-04-19,0.38127127216166234
2017-04-20,0.38006927451423406
2017-04-21,0.3749516041247154
2017-04-24,0.38528366325799107
2017-04-25,0.4035163542147292
2017-04-26,0.40299750953363245
2017-04-27,0.3811911274845344
2017-04-28,0.3828024181223788
2017-05-01,0.3943424171194672
2017-05-02,0.385594203632954
2017-05-03,0.3789061224344799
2017-05-04,0.3803997328925266
2017-05-05,0.3671919605601946
2017-05-08,0.3794921790847369
2017-05-09,0.3731688242125283
2017-05-10,0.3789544929373876
2017-05-11,0.374479691820803
2017-05-12,0.40062162604257295
2017-05-15,0.35895181009688165
2017-05-16,0.3222669537365372
2017-05-17,0.34107678704660993
2017-05-18,0.34682318796095973
2017-05-19,0.35624459886252186
2017-05-22,0.39077497364410363
2017-05-23,0.38550549030244957
2017-05-24,0.37426605362434384
2017-05-25,0.39198056103049794
2017-05-26,0.3892547928854786
2017-05-30,0.38175766485304713
2017-05-31,0.39856741170121435
2017-06-01,0.4088568534279976
2017-06-02,0.44279423359122155
2017-06-05,0.45325833685057554
2017-06-06,0.4483684149231641
2017-06-07,0.4513350081259304
2017-06-08,0.45077062343284435
2017-06-09,0.43186315599034636
2017-06-12,0.37650598189816914
2017-06-13,0.36906503345414704
2017-06-14,0.36224500844359064
2017-06-15,0.34081214200679005
2017-06-16,0.2500770229874207
2017-06-19,0.23384057166659558
2017-06-20,0.2037466635611766
2017-06-21,0.23432695724915248
2017-06-22,0.22324383854301955
2017-06-23,0.21320466498875648
2017-06-26,0.20627469123876005
2017-06-27,0.21211647981112786
2017-06-28,0.2701210851078376
2017-06-29,0.27883177157492
2017-06-30,0.27939065767539006
2017-07-03,0.2766530017766199
2017-07-05,0.28033486185035583
2017-07-06,0.26641946575298403
2017-07-07,0.30722399078071966
2017-07-10,0.3268061929897701
2017-07-11,0.3411005437388101
2017-07-12,0.3434842457758399
2017-07-13,0.3692145209385066
2017-07-14,0.39159986863308305
2017-07-17,0.41624284554102586
2017-07-18,0.4295012568839971
2017-07-19,0.4195338593310041
2017-07-20,0.4321150725474838
2017-07-21,0.43569053156760573
2017-07-24,0.44112090767414475
2017-07-25,0.44667261298348354
2017-07-26,0.4300069151974852
2017-07-27,0.3880413067692795
2017-07-28,0.35548124896328404
2017-07-31,0.30017306300545155
2017-08-01,0.302612311124398
2017-08-02,0.32165607919288275
2017-08-03,0.343633721645452
2017-08-04,0.22498416979315528
2017-08-07,0.20237848032715972
2017-08-08,0.215273853135689
2017-08-09,0.22444816517494448
2017-08-10,0.13722526537921126
2017-08-11,0.31554048772651055
2017-08-14,0.272106411071606
2017-08-15,0.3413387302476628
2017-08-16,0.33612968925163766
2017-08-17,0.3030899160679585
2017-08-18,0.4510948404323651
2017-08-21,0.4443187884876146
2017-08-22,0.4466704167443991
2017-08-23,0.49139908660094467
2017-08-24,0.480950965950459
2017-08-25,0.4963341582622114
2017-08-28,0.5136010751811589
2017-08-29,0.5167872715027488
2017-08-30,0.5100098004676425
2017-08-31,0.5109565892178161
2017-09-01,0.5225459789684034
2017-09-05,0.522252783792952
2017-09-06,0.5006979625127428
2017-09-07,0.49592947785200253
2017-09-08,0.47635344407803537
2017-09-11,0.4193037743058448
2017-09-12,0.47195336548761496
2017-09-13,0.4120097505043047
2017-09-14,0.40982522306969965
2017-09-15,0.41231738710112725
2017-09-18,0.24899465972170276
2017-09-19,0.23738976772439999
2017-09-20,0.2402337409946436
2017-09-21,0.19871154462349053
2017-09-22,0.216711618205599
2017-09-25,0.21492710512748164
2017-09-26,0.19008937368320875
2017-09-27,0.1870624624537873
2017-09-28,0.1825419474461977
2017-09-29,0.17401506722334686
2017-10-02,0.1622456511580853
2017-10-03,0.158900838883938
2017-10-04,0.13126052480333006
2017-10-05,0.12038719158986277
2017-10-06,0.160997600071721
2017-10-09,0.18645879476702154
2017-10-10,0.059166836626122384
2017-10-11,0.06578621246575224
2017-10-12,0.07080328832694147
2017-10-13,0.06794186792614126
2017-10-16,0.06538751237173654
2017-10-17,0.07267303008386537
2017-10-18,0.06339561572851811
2017-10-19,0.08048604645308283
2017-10-20,0.061821815533119
2017-10-23,0.06445466964435195
2017-10-24,0.1445038338552968
2017-10-25,0.1360381219854103
2017-10-26,0.23587082081930436
2017-10-27,0.21642318699399332
2017-10-30,0.1634702511999661
2017-10-31,0.15922664620916394
2017-11-01,0.1560953463522479
2017-11-02,0.142684219765748
2017-11-03,0.10194096913001963
2017-11-06,0.0917208736848492
2017-11-07,0.06794312053367825
2017-11-08,0.05103044626785851
2017-11-09,0.04863945715828054
2017-11-10,0.0597044855258937
2017-11-13,0.06198282532192711
2017-11-14,0.06446075048253991
2017-11-15,0.0670886644183953
2017-11-16,0.11544930082631297
2017-11-17,0.14999882231510148
2017-11-20,0.14486372842488587
2017-11-21,0.1320969865374269
2017-11-22,0.166487570413499
2017-11-24,0.13614094125123077
2017-11-27,0.1548606604171569
2017-11-28,0.18673916100232207
2017-11-29,0.2512101331256927
2017-11-30,0.2190148547376955
2017-12-01,0.251413899823975
2017-12-04,0.26957027797571265
2017-12-05,0.22324060335658497
2017-12-06,0.2836905091724309
2017-12-07,0.2975636080487408
2017-12-08,0.29357738772988223
2017-12-11,0.304073034905756
2017-12-12,0.30587601837349426
2017-12-13,0.30074891218266897
2017-12-14,0.31082325248993153
2017-12-15,0.2670775574873016
2017-12-18,0.2771393539647969
2017-12-19,0.25722884511530203
2017-12-20,0.2872263075141888
2017-12-21,0.2698938067448552
2017-12-22,0.253440572743897
2017-12-26,0.24967386810366807
2017-12-27,0.2484355438151321
2017-12-28,0.2030042231275465
2017-12-29,0.22447159793129512
2018-01-02,0.1866875048404295
2018-01-03,0.19284516921799788
2018-01-04,0.2609094503300289
2018-01-05,0.21365307474727685
2018-01-08,0.23899736273361114
2018-01-09,0.2504343371065338
2018-01-10,0.2277124234236454
2018-01-11,0.2562939502549822
2018-01-12,0.2632465263785512
2018-01-16,0.27626410040735366
2018-01-17,0.24200779857617044
2018-01-18,0.25528936144343156
2018-01-19,0.2777401570075791
2018-01-22,0.2481397291215351
2018-01-23,0.25436619655849935
2018-01-24,0.25468236388661725
2018-01-25,0.2524061368784665
2018-01-26,0.24040525526380657
2018-01-29,0.2629959766317993
2018-01-30,0.3438498032938595
2018-01-31,0.389163884924296
2018-02-01,0.38839931488682944
2018-02-02,0.38419255751624204
2018-02-05,0.518437122931712
2018-02-06,0.6915163069670246
2018-02-07,0.6594183684346748
2018-02-08,0.6650454870780516
2018-02-09,0.7199955530068042
2018-02-12,0.7401614006203375
2018-02-13,0.7557288015362417
2018-02-14,0.7623934915369945
2018-02-15,0.7420371094643822
2018-02-16,0.7464651893711064
2018-02-20,0.7460810035524272
2018-02-21,0.7433804841869955
2018-02-22,0.74299588204065
2018-02-23,0.7417724053565744
2018-02-26,0.7621765481595262
2018-02-27,0.7630045378181595
2018-02-28,0.7675991775677377
2018-03-01,0.7706143826069181
2018-03-02,0.775211960733283
2018-03-05,0.7874897020819156
2018-03-06,0.7951026156825454
2018-03-07,0.7380065225549504
2018-03-08,0.7616396337539251
2018-03-09,0.7647879790031376
2018-03-12,0.6925482461392557
2018-03-13,0.6857708938193358
2018-03-14,0.6715435630194931
2018-03-15,0.6659304744310937
2018-03-16,0.6920136805234721
2018-03-19,0.6825041792145806
2018-03-20,0.7020883883277489
2018-03-21,0.7052006262765733
2018-03-22,0.6743505817664338
2018-03-23,0.6812568538159934
2018-03-26,0.6610628976898167
2018-03-27,0.7102007790662925
2018-03-28,0.6734993059728099
2018-03-29,0.6222998943756597
2018-04-02,0.6255930487831569
2018-04-03,0.6732322239709158
2018-04-04,0.6581327381697831
2018-04-05,0.6722789491050212
2018-04-06,0.6797865113923983
2018-04-09,0.7048259150330725
2018-04-10,0.6929214639934187
2018-04-11,0.6672077194811099
2018-04-12,0.667504969181542
2018-04-13,0.6498371031974834
2018-04-16,0.6474180739012233
2018-04-17,0.6562975592664292
2018-04-18,0.647348668056334
2018-04-19,0.6422092663504234
2018-04-20,0.636399541551381
2018-04-23,0.643801958064308
2018-04-24,0.6054386196519634
2018-04-25,0.5445039192668373
2018-04-26,0.5725964249416349
2018-04-27,0.6157542978056795
2018-04-30,0.591108561579802
2018-05-01,0.5290102618543243
2018-05-02,0.5019717616552557
2018-05-03,0.5002033986427347
2018-05-04,0.48644016153081365
2018-05-07,0.4272385276809732
2018-05-08,0.4277711064177793
2018-05-09,0.41230502785913503
2018-05-10,0.42917113745282226
2018-05-11,0.4744805392779019
2018-05-14,0.47778774158933296
2018-05-15,0.4530688098863119
2018-05-16,0.44832900660835107
2018-05-17,0.45493135092975856
2018-05-18,0.47724139708283136
2018-05-21,0.45317120194344235
2018-05-22,0.46960649872920235
2018-05-23,0.45793416898248407
2018-05-24,0.4495213603527723
2018-05-25,0.43136580927739726
2018-05-29,0.43726874580210207
2018-05-30,0.4187108016710156
2018-05-31,0.49919290299394553
2018-06-01,0.5071814630203736
2018-06-04,0.4947460615811901
2018-06-05,0.4516714678456829
2018-06-06,0.4520275759645147
2018-06-07,0.43649378561227975
2018-06-08,0.4180744264766327
2018-06-11,0.382904609847756
2018-06-12,0.39303456649735097
2018-06-13,0.39842212556460527
2018-06-14,0.3845716327177719
2018-06-15,0.3849820717202691
2018-06-18,0.38144980636794523
2018-06-19,0.37381281098253144
2018-06-20,0.3423698963009865
2018-06-21,0.34462069062609635
2018-06-22,0.3414591644604857
2018-06-25,0.3386994514026708
2018-06-26,0.33924124256991145
2018-06-27,0.32366438020900073
2018-06-28,0.24299076157254026
2018-06-29,0.2183893568262517
2018-07-02,0.2150432203207591
2018-07-03,0.2021822035954431
2018-07-05,0.20095486323212522
2018-07-06,0.24240010443192803
2018-07-09,0.2657435237516382
2018-07-10,0.22901527789831985
2018-07-11,0.23806520539729195
2018-07-12,0.2533694285624393
2018-07-13,0.242059405858355
2018-07-16,0.24117265779844843
2018-07-17,0.24064534326140577
2018-07-18,0.23481906474749892
2018-07-19,0.2766748938492842
2018-07-20,0.27282172269123167
2018-07-23,0.2725057614756659
2018-07-24,0.2682559925023861
2018-07-25,0.2430993472542121
2018-07-26,0.27678611549628274
2018-07-27,0.22676972207856044
2018-07-30,0.2465812227178004
2018-07-31,0.2523365312251506
2018-08-01,0.2661134540126248
2018-08-02,0.2708722131913538
2018-08-03,0.23934905424211825
2018-08-06,0.2343697894196287
2018-08-07,0.26361406667078113
2018-08-08,0.2521617723595097
2018-08-09,0.24388523961474207
2018-08-10,0.23210512222588217
2018-08-13,0.26592865255464254
2018-08-14,0.2818659152361297
2018-08-15,0.3087364967022439
2018-08-16,0.3184478264657073
2018-08-17,0.37130058607682975
2018-08-20,0.37623084160431625
2018-08-21,0.3877361624074831
2018-08-22,0.3735589627021776
2018-08-23,0.34261745561783147
2018-08-24,0.3948346273537366
2018-08-27,0.4088468426756889
2018-08-28,0.4067138084976714
2018-08-29,0.40984043645397106
2018-08-30,0.41593317095378035
2018-08-31,0.4506404042868397
2018-09-04,0.4345750008481554
2018-09-05,0.41812497274684535
2018-09-06,0.37525309269173424
2018-09-07,0.36771451894554835
2018-09-10,0.38157592818766595
2018-09-11,0.3495461427863978
2018-09-12,0.3334643698692386
2018-09-13,0.29878250681533713
2018-09-14,0.3003715613212291
2018-09-17,0.24229036036254473
2018-09-18,0.22425722575693685
2018-09-19,0.22215836164247516
2018-09-20,0.20744370285799613
2018-09-21,0.252293764465719
2018-09-24,0.2358448899477864
2018-09-25,0.22806850537260853
2018-09-26,0.21019986505441685
2018-09-27,0.2225690622912778
2018-09-28,0.20131041819303463
2018-10-01,0.17248578804706133
2018-10-02,0.1710242734038103
2018-10-03,0.16068869156709784
2018-10-04,0.17843878418775927
2018-10-05,0.19512581005159826
2018-10-08,0.18868160124664893
2018-10-09,0.18027713254574332
2018-10-10,0.1580159770036387
2018-10-11,0.4429084205869512
2018-10-12,0.511445388506274
2018-10-15,0.5172087221733934
2018-10-16,0.5166756781034202
2018-10-17,0.5758046086654554
2018-10-18,0.5925016484235588
2018-10-19,0.582006325622061
2018-10-22,0.5618872151589708
2018-10-23,0.5723915451445983
2018-10-24,0.569043505028063
2018-10-25,0.5272100786469437
2018-10-26,0.5197340659033585
2018-10-29,0.5347480386636196
2018-10-30,0.5287796411350475
2018-10-31,0.5603966145464679
2018-11-01,0.5505587875062419
2018-11-02,0.5530384625469332
2018-11-05,0.5530876424797594
2018-11-06,0.5595684351001161
2018-11-07,0.5814909832449543
2018-11-08,0.5564912044310664
2018-11-09,0.5000668507862533
2018-11-12,0.5060638673093247
2018-11-13,0.5222563298119768
2018-11-14,0.48448353552711243
2018-11-15,0.4894826689630436
2018-11-16,0.4722620566259301
2018-11-19,0.4876621715501022
2018-11-20,0.48653339033546633
2018-11-21,0.5203564043209992
2018-11-23,0.5545884396890848
2018-11-26,0.5593059255131612
2018-11-27,0.5250238410372214
2018-11-28,0.5489672764972102
2018-11-29,0.5378870052751494
2018-11-30,0.5730513402401216
2018-12-03,0.582922418516089
2018-12-04,0.5761175127274585
2018-12-06,0.636959259813396
2018-12-07,0.5946766357499856
2018-12-10,0.5748690453645611
2018-12-11,0.5712940168221471
2018-12-12,0.576846287316535
2018-12-13,0.5510644670557319
2018-12-14,0.5529960387629757
2018-12-17,0.5561391849795636
2018-12-18,0.6158278522540608
2018-12-19,0.597935990424881
2018-12-20,0.6275127843260924
2018-12-21,0.6202054524226349
2018-12-24,0.6410394853866286
2018-12-26,0.6929153433361243
2018-12-27,0.7691756881686321
2018-12-28,0.7749469015494512
2018-12-31,0.7708886030043928
2019-01-02,0.7746269121460289
2019-01-03,0.7517503900810543
2019-01-04,0.7329062806105364
2019-01-07,0.7675541669268835
2019-01-08,0.7825551439425715
2019-01-09,0.7918010107087514
2019-01-10,0.7940432914129862
2019-01-11,0.7954061535968246
2019-01-14,0.8009392538169919
2019-01-15,0.8042150145143383
2019-01-16,0.8052194167260657
2019-01-17,0.787887065239077
2019-01-18,0.799456483761187
2019-01-22,0.7967322379248416
2019-01-23,0.7918236606361577
2019-01-24,0.7779842223733113
2019-01-25,0.7131934138312316
2019-01-28,0.5771275909565758
2019-01-29,0.5733232110798795
2019-01-30,0.561337488679495
2019-01-31,0.5706513067326445
2019-02-01,0.5785572280860226
2019-02-04,0.5405684788479986
2019-02-05,0.3916962038473646
2019-02-06,0.3998321881461596
2019-02-07,0.3914670151757579
2019-02-08,0.40751683220482393
2019-02-11,0.4062543158572479
2019-02-12,0.4032556496702747
2019-02-13,0.3764673856159493
2019-02-14,0.372993088231043
2019-02-15,0.39130780086470696
2019-02-19,0.395754715180639
2019-02-20,0.37437661755513535
2019-02-21,0.30232094341571736
2019-02-22,0.3148274063433412
2019-02-25,0.32139184794730985
2019-02-26,0.3371103715702639
2019-02-27,0.343070442942941
2019-02-28,0.36665732047235433
2019-03-01,0.3161831467554955
2019-03-04,0.3045125068704276
2019-03-05,0.3151812219496282
2019-03-06,0.312483086807711
2019-03-07,0.32422316075613294
2019-03-08,0.3455985984772445
2019-03-11,0.3660319053802634
2019-03-12,0.47765638982422004
2019-03-13,0.4820116676614399
2019-03-14,0.48378518108186885
2019-03-15,0.49268869063889686
2019-03-18,0.4903486802969822
2019-03-19,0.42014131272272454
2019-03-20,0.4100787270587263
2019-03-21,0.40145851379976405
2019-03-22,0.45900971352636716
2019-03-25,0.5131538496379924
2019-03-26,0.5281582950139497
2019-03-27,0.5435645339109378
2019-03-28,0.556586087459862
2019-03-29,0.5483300536151368
2019-04-01,0.560157263177826
2019-04-02,0.5306743515069262
2019-04-03,0.5200086902360632
2019-04-04,0.5036177469260403
2019-04-05,0.48154145605663207
2019-04-08,0.4874967075094834
2019-04-09,0.4356563970622698
2019-04-10,0.44359557472933947
2019-04-11,0.43729896241659155
2019-04-12,0.4277198326334745
2019-04-15,0.4326579724355722
2019-04-16,0.4453661192762068
2019-04-17,0.4182602433246802
2019-04-18,0.4231747025299718
2019-04-22,0.3763037615021729
2019-04-23,0.2652401397936927
2019-04-24,0.2770601827144407
2019-04-25,0.24245585883897905
2019-04-26,0.19085437101509564
2019-04-29,0.19467616571283716
2019-04-30,0.17974863804029892
2019-05-01,0.13499860297047836
2019-05-02,0.21413033702687218
2019-05-03,0.2308639003403634
2019-05-06,0.28632785634439695
2019-05-07,0.28400514340648775
2019-05-08,0.3881751670496717
2019-05-09,0.38327207042691996
2019-05-10,0.3802885775829402
2019-05-13,0.3982731718635674
2019-05-14,0.42978469196977065
2019-05-15,0.4408040339027934
2019-05-16,0.47697388965242865
2019-05-17,0.5251764160364747
2019-05-20,0.532106821243874
2019-05-21,0.5444545368267686
2019-05-22,0.5513177210249728
2019-05-23,0.5489471649165396
2019-05-24,0.5602764595622025
2019-05-28,0.5598182589212496
2019-05-29,0.5765580720613738
2019-05-30,0.589172758359214
2019-05-31,0.5830656656087798
2019-06-03,0.5797661893484868
2019-06-04,0.5074666298601169
2019-06-05,0.5291736296308437
2019-06-06,0.5149762261689828
2019-06-07,0.5198546482807718
2019-06-10,0.5128327869105228
2019-06-11,0.4982647804224921
2019-06-12,0.4776210825514321
2019-06-13,0.4699034319074438
2019-06-14,0.4741748630666783
2019-06-17,0.4547194728410985
2019-06-18,0.43835104525045226
2019-06-19,0.41482225864891326
2019-06-20,0.40261333257364534
2019-06-21,0.42390983186685444
2019-06-24,0.41448597078299404
2019-06-25,0.4180098284782652
2019-06-26,0.4095875143989177
2019-06-27,0.3725952312330722
2019-06-28,0.37390156967790006
2019-07-01,0.3350714509045881
2019-07-02,0.4044889813044725
2019-07-03,0.322866559692857
2019-07-05,0.33063166073958933
2019-07-08,0.32950416879600564
2019-07-09,0.3323226019859469
2019-07-10,0.3347136478732827
2019-07-11,0.33422655907318194
2019-07-12,0.34262724414990137
2019-07-15,0.3147367915591161
2019-07-16,0.3181477414336779
2019-07-17,0.34118577190646393
2019-07-18,0.36201967261321566
2019-07-19,0.3613950593475633
2019-07-22,0.3214582933290306
2019-07-23,0.3236372053441055
2019-07-24,0.34055955828814005
2019-07-25,0.30282007882057854
2019-07-26,0.3414201764932084
2019-07-29,0.3312952443634862
2019-07-30,0.31745542188812054
2019-07-31,0.296641583277672
2019-08-01,0.3664050976148635
2019-08-02,0.30661996857958995
2019-08-05,0.30250625197778175
2019-08-06,0.5428124372115323
2019-08-07,0.5810030591184897
2019-08-08,0.5698946831766504
2019-08-09,0.6435805410789984
2019-08-12,0.6674502327006789
2019-08-13,0.6757036495673338
2019-08-14,0.684664815382054
2019-08-15,0.7446216504040254
2019-08-16,0.7400214061776741
2019-08-19,0.7747410194565532
2019-08-20,0.7881269360182845
2019-08-21,0.7999735842411551
2019-08-22,0.805869358101568
2019-08-23,0.8033200721266016
2019-08-26,0.8393178960254248
2019-08-27,0.8449791967539052
2019-08-28,0.8591037298417582
2019-08-29,0.8562546691332981
2019-08-30,0.8745716044104891
2019-09-03,0.878323375218303
2019-09-04,0.8120305567318223
2019-09-05,0.8071012439724922
2019-09-06,0.7703771201881167
2019-09-09,0.7481000549417769
2019-09-10,0.7293570183267568
2019-09-11,0.7043921276160237
2019-09-12,0.7034357993717826
2019-09-13,0.6062547320156245
2019-09-16,0.6164633576205439
2019-09-17,0.558459494974737
2019-09-18,0.5279994927513421
2019-09-19,0.5118210953935322
2019-09-20,0.5065733870801323
2019-09-23,0.5083689309345711
2019-09-24,0.27402292970735087
2019-09-25,0.25285241277952275
2019-09-26,0.23363984175114916
2019-09-27,0.2181751847435919
2019-09-30,0.18274714061560354
2019-10-01,0.18238826355507326
2019-10-02,0.28578756935116667
2019-10-03,0.3888980655012159
2019-10-04,0.4560455168832999
2019-10-07,0.505230044267306
2019-10-08,0.5358770353944121
2019-10-09,0.6013884623649485
2019-10-10,0.6148642633043568
2019-10-11,0.6164637528382907
2019-10-14,0.6233765802789254
2019-10-15,0.6721366290201299
2019-10-16,0.6675208993031222
2019-10-17,0.6632846175639001
2019-10-18,0.667361726708785
2019-10-21,0.6622570920022566
2019-10-22,0.6614875561410138
2019-10-23,0.6678399703322947
2019-10-24,0.6736935336171187
2019-10-25,0.6799227523534775
2019-10-28,0.6474306023668999
2019-10-29,0.6266260591952225
2019-10-30,0.5962472509541288
2019-10-31,0.4748449756640091
2019-11-01,0.45815784286282046
2019-11-04,0.4055795936528501
2019-11-05,0.3579874923491227
2019-11-06,0.21862643145524452
2019-11-07,0.18140815320401896
2019-11-08,0.16446992042200706
2019-11-11,0.13391541563578901
2019-11-12,0.13345250162204705
2019-11-13,0.10927541210989926
2019-11-14,0.10058294819552595
2019-11-15,0.09528311269082117
2019-11-18,0.10794361234410572
2019-11-19,0.09015660686673742
2019-11-20,0.09321316161711413
2019-11-21,0.09414172045033867
2019-11-22,0.11537886767015107
2019-11-25,0.12013715227666358
2019-11-26,0.14436635393937974
2019-11-27,0.16900920483072232
2019-11-29,0.17406180506630703
2019-12-02,0.18971278480974507
2019-12-03,0.22808736112001884
2019-12-04,0.2687422767299045
2019-12-05,0.32114969330995097
2019-12-06,0.3262015042482287
2019-12-09,0.3795081748173571
2019-12-10,0.38807410912335116
2019-12-11,0.3843419579485129
2019-12-12,0.37787244764109085
2019-12-13,0.3776992621510818
2019-12-16,0.36731392448437933
2019-12-17,0.3998536377420414
2019-12-18,0.40744890421366536
2019-12-19,0.4066658335650728
2019-12-20,0.4238870661916131
2019-12-23,0.44227604968363093
2019-12-24,0.43704894310356923
2019-12-26,0.4486883497123
2019-12-27,0.45393450234888266
2019-12-30,0.44760820567943416
2019-12-31,0.4499504328151813
2020-01-02,0.3944199351270118
2020-01-03,0.2874558322400151
2020-01-06,0.2912422201787252
2020-01-07,0.28610950466024215
2020-01-08,0.28358927110571486
2020-01-09,0.2614249326310459
2020-01-10,0.26676008543292645
2020-01-13,0.27604076225980195
2020-01-14,0.3049918616484584
2020-01-15,0.3079976850360638
2020-01-16,0.26445787367106227
2020-01-17,0.29561613192085817
2020-01-21,0.3004055625405233
2020-01-22,0.29010713478692385
2020-01-23,0.2770821453192735
2020-01-24,0.27698603007260003
2020-01-27,0.3330678166855025
2020-01-28,0.43235277083895524
2020-01-29,0.44671956095624193
2020-01-30,0.43639779710670923
2020-01-31,0.4068859100950076
2020-02-03,0.5759472029633704
2020-02-04,0.5683067970055009
2020-02-05,0.5563462394069697
2020-02-06,0.5446508294790585
2020-02-07,0.5429055039968522
2020-02-10,0.5454655423737764
2020-02-11,0.552238226203185
2020-02-12,0.538266446537615
2020-02-13,0.5372379679611697
2020-02-14,0.5354259155954364
2020-02-18,0.522269574832652
2020-02-19,0.515782101568938
2020-02-20,0.507381318640073
2020-02-21,0.5006065932568966
2020-02-24,0.5015152369705687
2020-02-25,0.6469010420694532
2020-02-26,0.732872938695528
2020-02-27,0.7236770362830116
2020-02-28,0.8140844059766206
2020-03-02,0.7980587948492724
2020-03-03,0.8586290311059258
2020-03-04,0.857271885149907
2020-03-05,0.8824839156001625
2020-03-06,0.8929858075735071
2020-03-09,0.8865212432559182
2020-03-10,0.8992761754513142
2020-03-11,0.8987599563243025
2020-03-12,0.9033440619993447
2020-03-13,0.9248233697970959
2020-03-16,0.9366448470383661
2020-03-17,0.942664630876817
2020-03-18,0.9342890583637858
2020-03-19,0.9321806283017509
2020-03-20,0.9108336037186316
2020-03-23,0.9029765331467756
2020-03-24,0.8969167118553248
2020-03-25,0.909177010386686
2020-03-26,0.904395192975041
2020-03-27,0.9076232655806902
2020-03-30,0.9060977368656359
2020-03-31,0.9031266603574791
2020-04-01,0.9021102537103355
2020-04-02,0.9010147633826472
2020-04-03,0.900694145195383
2020-04-06,0.9003448053659103
2020-04-07,0.9036091540034025
2020-04-08,0.901491281541716
2020-04-09,0.8980710306225713
2020-04-13,0.8773658751996638
2020-04-14,0.8700835467017658
2020-04-15,0.8277515208082509
2020-04-16,0.8364956707225222
2020-04-17,0.821246423440587
2020-04-20,0.8410147408211386
2020-04-21,0.8462693402578353
2020-04-22,0.854376437204588
2020-04-23,0.8137055208723799
2020-04-24,0.8256015360796942
2020-04-27,0.8039439224958695
2020-04-28,0.8066721776175318
2020-04-29,0.8000876365237126
2020-04-30,0.7847334693106057
2020-05-01,0.7528603967174796
2020-05-04,0.7734531249974774
2020-05-05,0.7716615246494234
2020-05-06,0.7069892591183954
2020-05-07,0.7191301979176217
2020-05-08,0.6908079214264404
2020-05-11,0.7227194709443965
2020-05-12,0.7220785983954053
2020-05-13,0.7361481641630351
2020-05-14,0.7310117147034044
2020-05-15,0.7501493081157818
2020-05-18,0.7233593989254231
2020-05-19,0.7333091969364467
2020-05-20,0.7176544634245636
2020-05-21,0.7120360727170632
2020-05-22,0.720927735628887
2020-05-26,0.7119041708648143
2020-05-27,0.6927366191497072
2020-05-28,0.7184292808305144
2020-05-29,0.7204231412558929
2020-06-01,0.7102317276821464
2020-06-02,0.6612456307324254
2020-06-03,0.6693780267826619
2020-06-04,0.6715653328362301
2020-06-05,0.6630484951520645
2020-06-08,0.6903802539309415
2020-06-09,0.6830164547234557
2020-06-10,0.7113083853049594
2020-06-11,0.6708142905112405
2020-06-12,0.800351469390255
2020-06-15,0.7999378873004978
2020-06-16,0.8089296593589892
2020-06-17,0.7911926060483194
2020-06-18,0.789304367604438
2020-06-19,0.7910287796154841
2020-06-22,0.7845783669361103
2020-06-23,0.7826987789280175
2020-06-24,0.7938190183059304
2020-06-25,0.8102367047602761
2020-06-26,0.8334693485728647
2020-06-29,0.8305155986965992
2020-06-30,0.8371705934960175
2020-07-01,0.8381188673158074
2020-07-02,0.8274287110751573
2020-07-06,0.8371235577625856
2020-07-07,0.8208035366968488
2020-07-08,0.8153793399262327
2020-07-09,0.810080143159122
2020-07-10,0.8179568545299873
2020-07-13,0.6695809937102742
2020-07-14,0.6604525195965144
2020-07-15,0.6648495092758362
2020-07-16,0.6447848239276319
2020-07-17,0.6367771621704758
2020-07-20,0.6302265396833443
2020-07-21,0.6045700057294497
2020-07-22,0.5892441649989948
2020-07-23,0.5917044302245807
2020-07-24,0.5084960117162362
2020-07-27,0.5213645740126315
2020-07-28,0.4139868621165731
2020-07-29,0.36085553360361083
2020-07-30,0.35384863760403096
2020-07-31,0.38082434057599457
2020-08-03,0.37448323637819675
2020-08-04,0.36182215805227186
2020-08-05,0.34508521855648583
2020-08-06,0.3403377774876317
2020-08-07,0.2972524245750447
2020-08-10,0.2704173003437586
2020-08-11,0.24470052792175467
2020-08-12,0.23229519375784743
2020-08-13,0.2402466984581136
2020-08-14,0.24840285021921635
2020-08-17,0.2626089755919773
2020-08-18,0.2747309904891671
2020-08-19,0.2861445226415464
2020-08-20,0.2933077582073007
2020-08-21,0.28464672454038015
2020-08-24,0.26837451604016355
2020-08-25,0.29706137350319906
2020-08-26,0.3172490446506339
2020-08-27,0.26800738752234204
2020-08-28,0.22527099301160652
2020-08-31,0.23715737709269435
2020-09-01,0.2726249365877692
2020-09-02,0.25769653557771216
2020-09-03,0.344808169388311
2020-09-04,0.49553024020305053
2020-09-08,0.5028998456171925
2020-09-09,0.5737231818687898
2020-09-10,0.618646798625506
2020-09-11,0.6423184957005743
2020-09-14,0.6392710217398072
2020-09-15,0.6568866526518004
2020-09-16,0.6594172409857118
2020-09-17,0.6367519627145201
2020-09-18,0.6324691351157989
2020-09-21,0.6485779712089841
2020-09-22,0.6513813707106295
2020-09-23,0.6371601289966833
2020-09-24,0.6735255906690419
2020-09-25,0.6982638445475265
2020-09-28,0.7181662580462315
2020-09-29,0.7268122878419803
2020-09-30,0.7299812118223564
2020-10-01,0.745861153416004
2020-10-02,0.7205448156494912
2020-10-05,0.6797734475735111
2020-10-06,0.7033692249876164
2020-10-07,0.6761954563065152
2020-10-08,0.6689155489253489
2020-10-09,0.6492081322024973
2020-10-12,0.6485475234078739
2020-10-13,0.6360539392910862
2020-10-14,0.6498298352102257
2020-10-15,0.6711692861214484
2020-10-16,0.6724283711340514
2020-10-19,0.6551108707099798
2020-10-20,0.6676238206594955
2020-10-21,0.6814412567057996
2020-10-22,0.5973438552644476
2020-10-23,0.5825583182710798
2020-10-26,0.5691011199859706
2020-10-27,0.6042050661246908
2020-10-28,0.5918307943702638
2020-10-29,0.6997830117088409
2020-10-30,0.7181462897109533
2020-11-02,0.7404951130544241
2020-11-03,0.727000312616687
2020-11-04,0.7349975686954826
2020-11-05,0.6455341483836606
2020-11-06,0.6411581865756694
2020-11-09,0.6426369136398699
2020-11-10,0.5817201343390022
2020-11-11,0.5657820392664409
2020-11-12,0.5513928558852681
2020-11-13,0.5631848488935782
2020-11-16,0.5806885597049479
2020-11-17,0.5621343674963494
2020-11-18,0.5628084500406901
2020-11-19,0.579443367203362
2020-11-20,0.5841497259410022
2020-11-23,0.5872741686463651
2020-11-24,0.5586594803136998
2020-11-25,0.5679270921160701
2020-11-27,0.4382081650158279
2020-11-30,0.4428973119206073
2020-12-01,0.44232324993371824
2020-12-02,0.4390338952122052
2020-12-03,0.4095986260715659
2020-12-04,0.491792281503257
2020-12-07,0.4763465483119366
2020-12-08,0.4744222003906868
2020-12-09,0.5374554198027123
2020-12-10,0.5761736797872343
2020-12-11,0.6084886982774067
2020-12-14,0.5780416064168772
2020-12-15,0.5332299873059855
2020-12-16,0.5464922569068149
2020-12-17,0.5371044043436506
2020-12-18,0.4815270876230056
2020-12-21,0.48317669214954934
2020-12-22,0.4830192792727609
2020-12-23,0.4966296792941631
2020-12-24,0.4258231645084914
2020-12-28,0.4323089845993567
2020-12-29,0.44106155700533267
2020-12-30,0.4309228305313408
2020-12-31,0.39640494176219404
2021-01-04,0.4358333075146894
2021-01-05,0.5085265950447607
2021-01-06,0.5064532827426437
2021-01-07,0.4678663736446032
2021-01-08,0.46270507143744216
2021-01-11,0.4441587604030871
2021-01-12,0.4451523267754793
2021-01-13,0.42024913119711765
2021-01-14,0.3878883859170171
2021-01-15,0.3415429251213193
2021-01-19,0.3361112890293698
2021-01-20,0.32658820669432015
2021-01-21,0.3315865219776575
2021-01-22,0.31874362375826487
2021-01-25,0.3186431135159833
2021-01-26,0.31087311464594874
2021-01-27,0.29805657072788
2021-01-28,0.42982403114048107
2021-01-29,0.43542304211687594
2021-02-01,0.4861223109179596
2021-02-02,0.4991512873112998
2021-02-03,0.48499151555369807
2021-02-04,0.4767795689744521
2021-02-05,0.5212222791967486
2021-02-08,0.5300748115909731
2021-02-09,0.5306327144418805
2021-02-10,0.543812943559864
2021-02-11,0.5707506309693358
2021-02-12,0.5816401785955138
2021-02-16,0.5852265675275946
2021-02-17,0.5924630334903218
2021-02-18,0.5975062044975238
2021-02-19,0.6059100965307265
2021-02-22,0.5760435055334193
2021-02-23,0.5462377864644476
2021-02-24,0.5681492937838895
2021-02-25,0.5903898346169367
2021-02-26,0.5477505232663102
2021-03-01,0.5477856210757491
2021-03-02,0.5474860415743033
2021-03-03,0.5497454856977969
2021-03-04,0.5388988417086279
2021-03-05,0.5453443430922496
2021-03-08,0.5951080708964234
2021-03-09,0.5747341207750061
2021-03-10,0.534239216908648
2021-03-11,0.54601623191266
2021-03-12,0.5357535504050271
2021-03-15,0.5301041244791214
2021-03-16,0.5224974765272542
2021-03-17,0.5243265374511822
2021-03-18,0.5178779971473096
2021-03-19,0.5265225903168768
2021-03-22,0.5435812426242577
2021-03-23,0.5481466482923233
2021-03-24,0.5348121004628767
2021-03-25,0.5270841363685874
2021-03-26,0.4716347947388111
2021-03-29,0.46633244404899526
2021-03-30,0.4076683532829866
2021-03-31,0.39254611233499476
2021-04-01,0.3746302210108919
2021-04-05,0.3483495815564142
2021-04-06,0.2851813451873584
2021-04-07,0.300449398380429
2021-04-08,0.31507202483361535
2021-04-09,0.30239186501431914
2021-04-12,0.3023011252188587
2021-04-13,0.3022821251647394
2021-04-14,0.2912664522923002
2021-04-15,0.2792317449217062
2021-04-16,0.30506781326596244
2021-04-19,0.25439172257616444
2021-04-20,0.2781511383837839
2021-04-21,0.2859850131780138
2021-04-22,0.28198585045887614
2021-04-23,0.3449611549617649
2021-04-26,0.34719642894020175
2021-04-27,0.3069208867540177
2021-04-28,0.31451858656694703
2021-04-29,0.30194455495099654
2021-04-30,0.3066941899670253
2021-05-03,0.31327184471581293
2021-05-04,0.2749615958689276
2021-05-05,0.2756376560808786
2021-05-06,0.2729297429897073
2021-05-07,0.29180696995371447
2021-05-10,0.3103974146627715
2021-05-11,0.2948744910709224
2021-05-12,0.3620836911749153
2021-05-13,0.47243292866516456
2021-05-14,0.48827693542414297
2021-05-17,0.516138114423424
2021-05-18,0.5093678208108678
2021-05-19,0.5422689746500303
2021-05-20,0.540918810865469
2021-05-21,0.5236819930173371
2021-05-24,0.5194193249105328
2021-05-25,0.5321928693482836
2021-05-26,0.5361230372967322
2021-05-27,0.5364128141525688
2021-05-28,0.5300047036665427
2021-06-01,0.539719544616835
2021-06-02,0.513236416259886
2021-06-03,0.5162215951383511
2021-06-04,0.5330630350126592
2021-06-07,0.5253776315107334
2021-06-08,0.5059177959689062
2021-06-09,0.5316298156884085
2021-06-10,0.4926313014780793
2021-06-11,0.3516441358709415
2021-06-14,0.2980128060486946
2021-06-15,0.2108806820883569
2021-06-16,0.21129080938344447
2021-06-17,0.21939296162179248
2021-06-18,0.17687151759146655
2021-06-21,0.29019016992066654
2021-06-22,0.4058033521604722
2021-06-23,0.38869498746249975
2021-06-24,0.38530557420065614
2021-06-25,0.39037587936516294
2021-06-28,0.4102912453799618
2021-06-29,0.39469334779795767
2021-06-30,0.43175049339374416
2021-07-01,0.43392209169834833
2021-07-02,0.4656038366317069
2021-07-06,0.4696373191363644
2021-07-07,0.46950484127426845
2021-07-08,0.4733550642246433
2021-07-09,0.5042913023202609
2021-07-12,0.5448522894583696
2021-07-13,0.5544271169166874
2021-07-14,0.5607486480607387
2021-07-15,0.559257346455825
2021-07-16,0.5280792362458073
2021-07-19,0.5669010087913239
2021-07-20,0.5679587583038139
2021-07-21,0.5266557968688381
2021-07-22,0.5126733170589222
2021-07-23,0.5062778539836761
2021-07-26,0.5221268264718185
2021-07-27,0.505945900159841
2021-07-28,0.49328929639590974
2021-07-29,0.48723497245641945
2021-07-30,0.48614033388451927
2021-08-02,0.4786087168553305
2021-08-03,0.47500217504588366
2021-08-04,0.4905939568048578
2021-08-05,0.49997678292580666
2021-08-06,0.4866413550825264
2021-08-09,0.4554568346406118
2021-08-10,0.4550271488056981
2021-08-11,0.4286851804156453
2021-08-12,0.4339777763674166
2021-08-13,0.43898594816272557
2021-08-16,0.43604221786156083
2021-08-17,0.28403536025855514
2021-08-18,0.22820332555055242
2021-08-19,0.326101935880914
2021-08-20,0.3147598316849089
2021-08-23,0.29154814762307324
2021-08-24,0.2758306065937799
2021-08-25,0.2832194854932338
2021-08-26,0.2872978926594842
2021-08-27,0.31997221997779013
2021-08-30,0.3409370454378644
2021-08-31,0.3283876946051838
2021-09-01,0.31277507274154603
2021-09-02,0.27349064319389177
2021-09-03,0.260193748524795
2021-09-07,0.2813251844197204
2021-09-08,0.3043255353270622
2021-09-09,0.310328496034463
2021-09-10,0.3249663039358887
2021-09-13,0.345313876918443
2021-09-14,0.34770651590664253
2021-09-15,0.36762717297154657
2021-09-16,0.4187425382507285
2021-09-17,0.3762739636542255
2021-09-20,0.43448391286782406
2021-09-21,0.4790883620698563
2021-09-22,0.4923387695871413
2021-09-23,0.5289302036274717
2021-09-24,0.5400326699891316
2021-09-27,0.5284497119986408
2021-09-28,0.47365906276538705
2021-09-29,0.521601012797739
2021-09-30,0.5209370178965983
2021-10-01,0.5525067489698051
2021-10-04,0.5770547196195882
2021-10-05,0.5496234693212352
2021-10-06,0.5563014609144477
2021-10-07,0.5685380235894776
2021-10-08,0.5704758510745768
2021-10-11,0.5560877585179803
2021-10-12,0.5558331937359295
2021-10-13,0.5476704455054332
2021-10-14,0.5351982897438815
2021-10-15,0.5794632243383276
2021-10-18,0.5634216842429385
2021-10-19,0.5143844546492191
2021-10-20,0.5118472809279349
2021-10-21,0.5022923193735434
2021-10-22,0.4906680187249398
2021-10-25,0.47770764693998485
2021-10-26,0.4991708968744623
2021-10-27,0.42746990779522603
2021-10-28,0.4642478922864224
2021-10-29,0.40079620768900126
2021-11-01,0.3850316988649335
2021-11-02,0.38804462951740964
2021-11-03,0.3930461024814072
2021-11-04,0.40013820293869007
2021-11-05,0.37607654927983847
2021-11-08,0.3754064828355821
2021-11-09,0.3198579467503268
2021-11-10,0.3305648358611175
2021-11-11,0.34553841872887464
2021-11-12,0.24616740592961117
2021-11-15,0.2528317630196811
2021-11-16,0.2507430373631931
2021-11-17,0.22903538023821035
2021-11-18,0.2129718837014975
2021-11-19,0.21857596516398545
2021-11-22,0.25094475797805926
2021-11-23,0.2201479246559107
2021-11-24,0.21725999716553374
2021-11-26,0.15096290737853613
2021-11-29,0.3570907020016084
2021-11-30,0.39016695637095894
2021-12-01,0.5273512016950327
2021-12-02,0.5343525576228226
2021-12-03,0.58197488775951
2021-12-06,0.573792904253112
2021-12-07,0.6163258227700237
2021-12-08,0.6622462836621915
2021-12-09,0.6658534039623657
2021-12-10,0.670889077577987
2021-12-13,0.6760886213964394
2021-12-14,0.6439252539729623
2021-12-15,0.6474218320709726
2021-12-16,0.6591791989348631
2021-12-17,0.6403707050080891
2021-12-20,0.6522099318048731
2021-12-21,0.6683957026327101
2021-12-22,0.6745592314762813
2021-12-23,0.6882609427588637
2021-12-27,0.689854919899744
2021-12-28,0.6595473034322691
2021-12-29,0.6584374526853135
2021-12-30,0.5861076306617726
2021-12-31,0.568598022257653
2022-01-03,0.5381656921506427
2022-01-04,0.49253632984330875
2022-01-05,0.414251068808987
2022-01-06,0.40447928734179
2022-01-07,0.39114725725908334
2022-01-10,0.37862770167604237
2022-01-11,0.3755178254481266
2022-01-12,0.4058743507919726
2022-01-13,0.3978700931954451
2022-01-14,0.3834775876391663
2022-01-18,0.3948629817861918
2022-01-19,0.40999040465682046
2022-01-20,0.3908933384479086
2022-01-21,0.3872791989549502
2022-01-24,0.39000947971038963
2022-01-25,0.3777073186632706
2022-01-26,0.29814667747150586
2022-01-27,0.2860077080138554
2022-01-28,0.2619735541647458
2022-01-31,0.3653810975978251
2022-02-01,0.4136334629448589
2022-02-02,0.4304234179671347
2022-02-03,0.46779461846624387
2022-02-04,0.46768500078765335
2022-02-07,0.4511272411841539
2022-02-08,0.4550723395127696
2022-02-09,0.44881549212175603
2022-02-10,0.4605355359403312
2022-02-11,0.4871633212734068
2022-02-14,0.49068697402157396
2022-02-15,0.4964924289273024
2022-02-16,0.4824794612444657
2022-02-17,0.4933940484885665
2022-02-18,0.47590633152383194
2022-02-22,0.4661018008637719
2022-02-23,0.47837632084978987
2022-02-24,0.502231311013767
2022-02-25,0.4644894334407656
2022-02-28,0.5513030968406462
2022-03-01,0.5302737868527468
2022-03-02,0.5136907126981511
2022-03-03,0.555445960235983
2022-03-04,0.5396444734846098
2022-03-07,0.5215580426715907
2022-03-08,0.5485740625986775
2022-03-09,0.5361915457352437
2022-03-10,0.5256247137892679
2022-03-11,0.5184992268491221
2022-03-14,0.5157059654328014
2022-03-15,0.5136768588073874
2022-03-16,0.51030442219257
2022-03-17,0.5133433352569251
2022-03-18,0.5286427990089437
2022-03-21,0.5210980930099123
2022-03-22,0.5167343794667015
2022-03-23,0.5009357310733656
2022-03-24,0.48490309842452695
2022-03-25,0.5115440079031849
2022-03-28,0.4635808447606678
2022-03-29,0.4712008859824023
2022-03-30,0.4526252880250263
2022-03-31,0.4285083738333019
2022-04-01,0.46022463097289573
2022-04-04,0.4685370011835128
2022-04-05,0.44215149303136136
2022-04-06,0.4384314560800256
2022-04-07,0.4143961873583073
2022-04-08,0.4094496108373724
2022-04-11,0.36580057865732085
2022-04-12,0.4224022156666411
2022-04-13,0.4190990349528611
2022-04-14,0.42511059883966085
2022-04-18,0.40848141845062125
2022-04-19,0.40656049124017246
2022-04-20,0.4355395541433793
2022-04-21,0.4105434694497703
2022-04-22,0.453534559837586
2022-04-25,0.5332263176886318
2022-04-26,0.5057009958993899
2022-04-27,0.5492259751235729
2022-04-28,0.5216398287004006
2022-04-29,0.5827424938721014
2022-05-02,0.6455278624501865
2022-05-03,0.6195106198707966
2022-05-04,0.6324784783005721
2022-05-05,0.6920795547437885
2022-05-06,0.7470179125706243
2022-05-09,0.7420456657980481
2022-05-10,0.7476492457334264
2022-05-11,0.7401162012006899
2022-05-12,0.7296857057328728
2022-05-13,0.7202431267942103
2022-05-16,0.7440433059371505
2022-05-17,0.7439647544001425
2022-05-18,0.7376482894106068
2022-05-19,0.7607889017092869
2022-05-20,0.7617000730233863
2022-05-23,0.7559448955914656
2022-05-24,0.7761804026426028
2022-05-25,0.7473581156378277
2022-05-26,0.7531702086466698
2022-05-27,0.7386336209580524
2022-05-31,0.7182229910350155
2022-06-01,0.7355419675947094
2022-06-02,0.7341334743184978
2022-06-03,0.706804485732121
2022-06-06,0.6806732406300501
2022-06-07,0.6918989096221666
2022-06-08,0.6734751388850195
2022-06-09,0.6891347575705777
2022-06-10,0.7302600100518172
2022-06-13,0.7508087210139506
2022-06-14,0.7733886169763869
2022-06-15,0.7759731300683939
2022-06-16,0.7608505697036209
2022-06-17,0.7667315959294592
2022-06-21,0.7565806778744407
2022-06-22,0.7788604835843068
2022-06-23,0.7564207892796001
2022-06-24,0.7612066455070764
2022-06-27,0.7757157031670898
2022-06-28,0.7718159763481327
2022-06-29,0.7412213148946852
2022-06-30,0.739802078406152
2022-07-01,0.7416693738977389
2022-07-05,0.7458521356875776
2022-07-06,0.7243318809335153
2022-07-07,0.7236273843159042
2022-07-08,0.7205959091870608
2022-07-11,0.7249553092525606
2022-07-12,0.705882253512733
2022-07-13,0.7002244150232302
2022-07-14,0.6192264722030278
2022-07-15,0.6232763862540641
2022-07-18,0.6311783608233604
2022-07-19,0.5479602757173997
2022-07-20,0.5860017666681159
2022-07-21,0.5374167538937982
2022-07-22,0.5470827032332196
2022-07-25,0.5670863991246715
2022-07-26,0.49537621285113576
2022-07-27,0.497199236622096
2022-07-28,0.5041966599180273
2022-07-29,0.512611618391895
2022-08-01,0.4936694226521917
2022-08-02,0.474634865724464
2022-08-03,0.5032086244711721
2022-08-04,0.49754654833039874
2022-08-05,0.49633634479157057
2022-08-08,0.48982969755829814
2022-08-09,0.4841256389266902
2022-08-10,0.46132765049485713
2022-08-11,0.4708672367166978
2022-08-12,0.46011115018277776
2022-08-15,0.47534922538972835
2022-08-16,0.4620607687559601
2022-08-17,0.4020681169585779
2022-08-18,0.43504770356956224
2022-08-19,0.44347715498341966
2022-08-22,0.4682058096756583
2022-08-23,0.5377069262268519
2022-08-24,0.529988981500599
2022-08-25,0.5270770079453565
2022-08-26,0.5569910945196255
2022-08-29,0.6596119865686344
2022-08-30,0.6700517962911297
2022-08-31,0.6837815354066686
2022-09-01,0.7047935041758663
2022-09-02,0.688519821740167
2022-09-06,0.6897105098000004
2022-09-07,0.6838703636563855
2022-09-08,0.6984650229557715
2022-09-09,0.6848816549321551
2022-09-12,0.7027527343163623
2022-09-13,0.6959893102873121
2022-09-14,0.7720332600811141
2022-09-15,0.770144634426349
2022-09-16,0.757631631393883
2022-09-19,0.7504479593409927
2022-09-20,0.7533212800198678
2022-09-21,0.7497304548817748
2022-09-22,0.7692040235037677
2022-09-23,0.757961258935663
2022-09-26,0.7504982474807934
2022-09-27,0.7302053559828862
2022-09-28,0.720801213407421
2022-09-29,0.750957143071173
2022-09-30,0.7496077548759569
2022-10-03,0.7504531511013872
2022-10-04,0.7830601417219705
2022-10-05,0.8116053560373478
2022-10-06,0.8070397396680619
2022-10-07,0.801873389466554
2022-10-10,0.798181871094085
2022-10-11,0.7848520307725916
2022-10-12,0.7425610574343565
2022-10-13,0.7389456052724236
2022-10-14,0.7757455654774319
2022-10-17,0.7894126170750098
2022-10-18,0.804400777931994
2022-10-19,0.8048661334205228
2022-10-20,0.7938581175886538
2022-10-21,0.7940752385280518
2022-10-24,0.8046024651976768
2022-10-25,0.7965167058305109
2022-10-26,0.793123037162051
2022-10-27,0.768106442876423
2022-10-28,0.7364528632886322
2022-10-31,0.7334148720007614
2022-11-01,0.7211441574693411
2022-11-02,0.6891100568912876
2022-11-03,0.7206781388627066
2022-11-04,0.7218720418365123
2022-11-07,0.6969900317396658
2022-11-08,0.6880550375573511
2022-11-09,0.691982295489062
2022-11-10,0.7211156267679637
2022-11-11,0.7573261556072144
2022-11-14,0.7119177981328738
2022-11-15,0.704782626907988
2022-11-16,0.7015422488344961
2022-11-17,0.7145842888797376
2022-11-18,0.7215330390901827
2022-11-21,0.7077030081677814
2022-11-22,0.7165820979232075
2022-11-23,0.7162114645650497
2022-11-25,0.7256349735474693
2022-11-28,0.7440621494291267
2022-11-29,0.7548462773813416
2022-11-30,0.7493434291711
2022-12-01,0.7604773902177744
2022-12-02,0.735073658717096
2022-12-05,0.7542200507225606
2022-12-06,0.7735890010907931
2022-12-07,0.7910580969752447
2022-12-08,0.789414648876662
2022-12-09,0.7750269949886215
2022-12-12,0.65412399991443
2022-12-13,0.7123504538394942
2022-12-14,0.7094440127096251
2022-12-15,0.7127336344248546
2022-12-16,0.7349327100527415
2022-12-19,0.7360810899948141
2022-12-20,0.7401735259559006
2022-12-21,0.7472653423649713
2022-12-22,0.7529074657483212
2022-12-23,0.7551083517016021
2022-12-27,0.7576585459494428
2022-12-28,0.7459713751495725
2022-12-29,0.7647911616427785
2022-12-30,0.7378303064501328
2023-01-03,0.7355651653859725
2023-01-04,0.7281725004404372
2023-01-05,0.714943382738855
2023-01-06,0.6980094826859777
2023-01-09,0.7337369172088691
2023-01-10,0.7186202309805179
2023-01-11,0.717446066760437
2023-01-12,0.7072723558854513
2023-01-13,0.6999588292447018
2023-01-17,0.7009220453238878
2023-01-18,0.6692689203726964
2023-01-19,0.6899972668081557
2023-01-20,0.6803637117422067
2023-01-23,0.6920347948788725
2023-01-24,0.67832287889966
2023-01-25,0.6680355724020952
2023-01-26,0.6628351480556747
2023-01-27,0.6825536389932465
2023-01-30,0.6465809798583549
2023-01-31,0.6405454860722056
2023-02-01,0.6520943952528092
2023-02-02,0.6486469219400967
2023-02-03,0.5849378559274987
2023-02-06,0.5932507506695447
2023-02-07,0.5325264083038206
2023-02-08,0.542985199540371
2023-02-09,0.5571513468616333
2023-02-10,0.5671740060278164
2023-02-13,0.5509334335188548
2023-02-14,0.5642403305982342
2023-02-15,0.5627332504256077
2023-02-16,0.5036900437358799
2023-02-17,0.546173816130434
2023-02-21,0.4874878573707354
2023-02-22,0.5199141680007574
2023-02-23,0.52005547372199
2023-02-24,0.5255651640127493
2023-02-27,0.5063629853485616
2023-02-28,0.5135404421193209
2023-03-01,0.4976317270714656
2023-03-02,0.4381122905870687
2023-03-03,0.4471431364698903
2023-03-06,0.5514848076231349
2023-03-07,0.5361850377583912
2023-03-08,0.5747349092861881
2023-03-09,0.5680198755579656
2023-03-10,0.5945107003260849
2023-03-13,0.6052530006355226
2023-03-14,0.5693192908805588
2023-03-15,0.5901844040656273
2023-03-16,0.5490560235609765
2023-03-17,0.568244903554519
2023-03-20,0.5751468606816282
2023-03-21,0.6193969760951392
2023-03-22,0.5816574733304727
2023-03-23,0.6162482111544026
2023-03-24,0.6123708455564735
2023-03-27,0.6184093128662529
2023-03-28,0.612518843684608
2023-03-29,0.6121303449799246
2023-03-30,0.6402761971689357
2023-03-31,0.6409624391256906
2023-04-03,0.6395774156849906
2023-04-04,0.6237887585937211
2023-04-05,0.5905233396952528
2023-04-06,0.5650003903247347
2023-04-10,0.5208512868204611
2023-04-11,0.4722289850556818
2023-04-12,0.49208797173593793
2023-04-13,0.47137792075287727
2023-04-14,0.5155015481328943
2023-04-17,0.5108860979283885
2023-04-18,0.45631938562580304
2023-04-19,0.4462808821790085
2023-04-20,0.46810608163972556
2023-04-21,0.3437096860850011
2023-04-24,0.346878492166661
2023-04-25,0.3454008204328301
2023-04-26,0.43614947327317904
2023-04-27,0.46430924212356023
2023-04-28,0.4704545270931268
2023-05-01,0.47834749017925593
2023-05-02,0.440094551381834
2023-05-03,0.492669563398489
2023-05-04,0.5104175321662209
2023-05-05,0.5569635286614314
2023-05-08,0.6081297530412897
2023-05-09,0.6075177571817162
2023-05-10,0.6111777540943566
2023-05-11,0.6102281979344157
2023-05-12,0.6010609737188599
2023-05-15,0.6119482638573029
2023-05-16,0.6070207791135358
2023-05-17,0.6230181155527024
2023-05-18,0.6264590043222709
2023-05-19,0.6192028074805597
2023-05-22,0.62469758705161
2023-05-23,0.613954415290528
2023-05-24,0.6064510981068422
2023-05-25,0.614490629173195
2023-05-26,0.5166315352959845
2023-05-30,0.5121791421631061
2023-05-31,0.5205841216817023
2023-06-01,0.4699604813623901
2023-06-02,0.4647107925146598
2023-06-05,0.523168219416929
2023-06-06,0.4623118903243211
2023-06-07,0.45411788326763214
2023-06-08,0.4134199882308963
2023-06-09,0.4137289473301005
2023-06-12,0.41710343861874577
2023-06-13,0.4226777840213422
2023-06-14,0.42858548443336514
2023-06-15,0.3694551298902442
2023-06-16,0.389922475831468
2023-06-20,0.39767541095788966
2023-06-21,0.42398145981595653
2023-06-22,0.42287310328321626
2023-06-23,0.3770412998813964
2023-06-26,0.3830476911574738
2023-06-27,0.37113667384865046
2023-06-28,0.3779802747210326
2023-06-29,0.3769078942917019
2023-06-30,0.38362325230794125
2023-07-03,0.4035067640117114
2023-07-05,0.3221084210200159
2023-07-06,0.3057106268978389
2023-07-07,0.366806036873195
2023-07-10,0.3894564901988787
2023-07-11,0.3884289920182839
2023-07-12,0.4059944609621149
2023-07-13,0.41933700466714263
2023-07-14,0.41461724134809635
2023-07-17,0.40602171467323583
2023-07-18,0.3527642241792058
2023-07-19,0.3485330201130388
2023-07-20,0.31274644713601035
2023-07-21,0.26766708624327484
2023-07-24,0.27542400468272193
2023-07-25,0.22266845259466406
2023-07-26,0.23414251041920164
2023-07-27,0.20909087907928428
2023-07-28,0.2596026711413827
2023-07-31,0.2681311168029977
2023-08-01,0.22801408140569657
2023-08-02,0.2420247903892149
2023-08-03,0.29089232839496315
2023-08-04,0.257070406261145
2023-08-07,0.277438200852634
2023-08-08,0.3076792890149595
2023-08-09,0.28138069057548293
2023-08-10,0.2674249867778074
2023-08-11,0.25930225065434787
2023-08-14,0.2764641596700424
2023-08-15,0.2798648297104296
2023-08-16,0.3478402141513215
2023-08-17,0.35453531792988424
2023-08-18,0.41285576026675563
2023-08-21,0.42244484192533444
2023-08-22,0.39963709747893944
2023-08-23,0.410177687108382
2023-08-24,0.44874770020100385
2023-08-25,0.45746040586833686
2023-08-28,0.4754507702314388
2023-08-29,0.5028492382519456
2023-08-30,0.5427429245277317
2023-08-31,0.5485907831722644
2023-09-01,0.556173031788326
2023-09-05,0.5383303971989566
2023-09-06,0.5210494596955564
2023-09-07,0.5361445973163399
2023-09-08,0.5301813655973486
2023-09-11,0.5252304471216871
2023-09-12,0.5191751686234443
2023-09-13,0.5065021026181183
2023-09-14,0.43197447953095364
2023-09-15,0.45837763749804067
2023-09-18,0.4934311924247169
2023-09-19,0.49061725096722225
2023-09-20,0.5114469523714605
2023-09-21,0.5175104054806045
2023-09-22,0.577549589682688
2023-09-25,0.559196620357867
2023-09-26,0.5457797412473284
2023-09-27,0.5755144506475051
2023-09-28,0.5164360640202422
2023-09-29,0.5058383634187142
2023-10-02,0.5045936455486416
2023-10-03,0.5015984924535226
2023-10-04,0.5130363533170409
2023-10-05,0.506039968480896
2023-10-06,0.48279901876990505
2023-10-09,0.49917717127363276
2023-10-10,0.5173042933191263
2023-10-11,0.5502803769833673
2023-10-12,0.5462878012530151
2023-10-13,0.5178684223622195
2023-10-16,0.4812547690765076
2023-10-17,0.5169914355905494
2023-10-18,0.5128980924107215
2023-10-19,0.51127177867404
2023-10-20,0.4787421230290022
2023-10-23,0.4921842149737684
2023-10-24,0.48796807222077726
2023-10-25,0.4688873727506599
2023-10-26,0.46156655232114285
2023-10-27,0.4400483268388948
2023-10-30,0.4351893182482618
2023-10-31,0.47912244819823385
2023-11-01,0.4896372187263905
2023-11-02,0.5042030458543237
2023-11-03,0.5834125205916899
2023-11-06,0.5841380230048298
2023-11-07,0.5784749904295337
2023-11-08,0.5581777615714923
2023-11-09,0.5680199068251873
2023-11-10,0.5606241797859066
2023-11-13,0.6060416979574107
2023-11-14,0.5803702917352849
2023-11-15,0.6268437244703389
2023-11-16,0.6408474495767039
2023-11-17,0.620671974899485
2023-11-20,0.5931506899908343
2023-11-21,0.5841380494100578
2023-11-22,0.5855244726082898
2023-11-24,0.5937787056241784
2023-11-27,0.6154307004563063
2023-11-28,0.6112978061000341
2023-11-29,0.6126905989967815
2023-11-30,0.6052458893029691
2023-12-01,0.5993167304665501
2023-12-04,0.5205991065774733
2023-12-05,0.5242334255856347
2023-12-06,0.5387277517214291
2023-12-07,0.5580736607129847
2023-12-08,0.5395637608193493
2023-12-11,0.5083620768673552
2023-12-12,0.47447578820500336
2023-12-13,0.4787304097965952
2023-12-14,0.43178015630107197
2023-12-15,0.3742306988385885
2023-12-18,0.3966256379740539
2023-12-19,0.399274061569779
2023-12-20,0.4120422070851986
2023-12-21,0.5276517525404609
2023-12-22,0.5406843847630786
2023-12-26,0.5343622134432816
2023-12-27,0.5340034652387012
2023-12-28,0.5387666110308411
2023-12-29,0.5365619569561763
2024-01-02,0.5539416460056044
2024-01-03,0.4880254070860646
2024-01-04,0.4818936106972341
2024-01-05,0.48045331177147177
2024-01-08,0.48500798437126585
2024-01-09,0.5000045484413868
2024-01-10,0.5106490935801006
2024-01-11,0.513621742077275
2024-01-12,0.5158439337124353
2024-01-16,0.43848477146494874
2024-01-17,0.5142824069111986
2024-01-18,0.5317818638538895
2024-01-19,0.5127133297249887
2024-01-22,0.4903478985676364
2024-01-23,0.39239711845474545
2024-01-24,0.3459032459344459
2024-01-25,0.3325891326588692
2024-01-26,0.33388452936225865
2024-01-29,0.3315179452247446
2024-01-30,0.3527369530619393
2024-01-31,0.3335140118043039
2024-02-01,0.4329312269999051
2024-02-02,0.48303733429325335
2024-02-05,0.43835969134031
2024-02-06,0.4505554531011741
2024-02-07,0.4262145676042019
2024-02-08,0.42359225205719153
2024-02-09,0.42293836343060387
2024-02-12,0.4110217747048705
2024-02-13,0.4138454150451779
2024-02-14,0.4676822670862632
2024-02-15,0.4550956290183151
2024-02-16,0.4874654706564522
2024-02-20,0.49505322454579054
2024-02-21,0.49639592567895846
2024-02-22,0.49855098572742385
2024-02-23,0.5123301891242348
2024-02-26,0.5218792570618751
2024-02-27,0.5304851470920908
2024-02-28,0.51842375339002
2024-02-29,0.5230599055408893
2024-03-01,0.47114744249069035
2024-03-04,0.44244870918052487
2024-03-05,0.4742554548663166
2024-03-06,0.4647566431385555
2024-03-07,0.4776102846490636
2024-03-08,0.4821597614550757
2024-03-11,0.48154368628213134
2024-03-12,0.4857859244057155
2024-03-13,0.47644173372220255
2024-03-14,0.3465415026257407
2024-03-15,0.3744211387114582
2024-03-18,0.30997909391799355
2024-03-19,0.3049441067440113
2024-03-20,0.30900756814383606
2024-03-21,0.29793804953561204
2024-03-22,0.2808756234340278
2024-03-25,0.30627913066522583
2024-03-26,0.2778586184241957
2024-03-27,0.28808367143206154
2024-03-28,0.38442264820062877
2024-04-01,0.39701030919520724
2024-04-02,0.40603753026446743
2024-04-03,0.4294116511329232
2024-04-04,0.4021133992925219
2024-04-05,0.4533294386222345
2024-04-08,0.4616564634944792
2024-04-09,0.46246382798209085
2024-04-10,0.4634996080170834
2024-04-11,0.5269771411468573
2024-04-12,0.5153076628775835
2024-04-15,0.5855061953470708
2024-04-16,0.6081271687018391
2024-04-17,0.606574440563937
2024-04-18,0.5754744471897184
2024-04-19,0.5663810149218215
2024-04-22,0.528991978255432
2024-04-23,0.5495908391209273
2024-04-24,0.5499005777022418
2024-04-25,0.5488053673578206
2024-04-26,0.4620040813290651
2024-04-29,0.4374253145131418
2024-04-30,0.4480150875563265
2024-05-01,0.49842946117397635
2024-05-02,0.5000146984398262
2024-05-03,0.4941741526750451
2024-05-06,0.4911377476438099
2024-05-07,0.5061697040977
2024-05-08,0.5051352947948294
2024-05-09,0.4835219088902948
2024-05-10,0.5166310388437537
2024-05-13,0.442923528437641
2024-05-14,0.4003789197696519
2024-05-15,0.38009547898677903
2024-05-16,0.3979401847564082
2024-05-17,0.39037538532336874
2024-05-20,0.4139101557744704
2024-05-21,0.40735056111331064
2024-05-22,0.40833425684154423
2024-05-23,0.43056336722989136
2024-05-24,0.5227648126384583
2024-05-28,0.5513784092786312
2024-05-29,0.561769124954726
2024-05-30,0.5430367013254976
2024-05-31,0.5312582830446542
2024-06-03,0.572004860214047
2024-06-04,0.5452285637421795
2024-06-05,0.5274333796416041
2024-06-06,0.5311502670185799
2024-06-07,0.5293791291232622
2024-06-10,0.5050854449118813
2024-06-11,0.5056717333194618
2024-06-12,0.49652967304278867
2024-06-13,0.46950263823077637
2024-06-14,0.4416718954741146
2024-06-17,0.4509453008934928
2024-06-18,0.44756274134073604
2024-06-20,0.45085440039688424
2024-06-21,0.44555634104940656
2024-06-24,0.4405515671156873
2024-06-25,0.34546860268794777
2024-06-26,0.3298533703961495
2024-06-27,0.3271764245194342
2024-06-28,0.2547595374044807
2024-07-01,0.2619472978350593
2024-07-02,0.14344371787659244
2024-07-03,0.16524057706087225
2024-07-05,0.1682051356822175
2024-07-08,0.15052850856129044
2024-07-09,0.15280897301497587
2024-07-10,0.1368853530441542
2024-07-11,0.1841293661196019
2024-07-12,0.15175802708735697
2024-07-15,0.17589962611611357
2024-07-16,0.148752160484575
2024-07-17,0.17800207316248692
2024-07-18,0.17600862731306613
2024-07-19,0.20248045160505224
2024-07-22,0.22327708486145037
2024-07-23,0.23594483346560394
2024-07-24,0.23927746267407835
2024-07-25,0.27404736131950164
2024-07-26,0.2674491410343938
2024-07-29,0.3152336872834316
2024-07-30,0.3107969053387482
2024-07-31,0.29821650148221374
2024-08-01,0.29078657227996824
2024-08-02,0.2656537738399631
2024-08-05,0.29862165783890515
2024-08-06,0.45504902709832956
2024-08-07,0.4775273410473326
2024-08-08,0.4626231257587641
2024-08-09,0.5175837167724421
2024-08-12,0.5159231301212543
2024-08-13,0.5378678109920964
2024-08-14,0.5330027882517859
2024-08-15,0.5560000112697079
2024-08-16,0.5602889891758511
2024-08-19,0.5583349777286164
2024-08-20,0.5638336634413638
2024-08-21,0.5591438137425278
2024-08-22,0.5809339896993737
2024-08-23,0.5906579192057116
2024-08-26,0.5822836787158484
2024-08-27,0.5822605237575479
2024-08-28,0.5962424050039384
2024-08-29,0.6166091666465703
2024-08-30,0.674905745457879
2024-09-03,0.7139796022414762
2024-09-04,0.525162125584244
2024-09-05,0.5021057366514596
2024-09-06,0.506885923524159
2024-09-09,0.5101998969262477
2024-09-10,0.5406436508730853
2024-09-11,0.5147157221880572
2024-09-12,0.4829882987814425
2024-09-13,0.489202890624596
2024-09-16,0.4935664155489052
2024-09-17,0.49487302420398344
2024-09-18,0.46193732300560814
2024-09-19,0.4738500247124299
2024-09-20,0.4476535424451717
2024-09-23,0.4257537759601343
2024-09-24,0.40736684425016206
2024-09-25,0.4016146091979276
2024-09-26,0.41408751149643097
2024-09-27,0.38541097688618825
2024-09-30,0.38902460490746615
2024-10-01,0.35839377275737105
2024-10-02,0.3391769191124167
2024-10-03,0.3437544137352858
2024-10-04,0.3510964593196724
2024-10-07,0.2834262599344221
2024-10-08,0.30243383814797026
2024-10-09,0.3153342846514405
2024-10-10,0.32702098946684083
2024-10-11,0.32563154144804934
2024-10-14,0.3158678407879195
2024-10-15,0.32252342843574894
2024-10-16,0.3091605201266433
2024-10-17,0.3064184923867747
2024-10-18,0.3128125992875185
2024-10-21,0.3318642223275985
2024-10-22,0.35121115022486643
2024-10-23,0.3538911598416326
2024-10-24,0.3351091152218576
2024-10-25,0.31980385103718345
2024-10-28,0.3182921481108444
2024-10-29,0.3212961569974114
2024-10-30,0.3231905131298547
2024-10-31,0.31953217946747137
2024-11-01,0.34123300735961687
2024-11-04,0.3140311920887318
2024-11-05,0.27899472105837436
2024-11-06,0.33921872296057587
2024-11-07,0.27713504664452615
2024-11-08,0.2687882879082878
2024-11-11,0.2580952691445317
2024-11-12,0.24269913348255284
2024-11-13,0.2684545492765586
2024-11-14,0.2621655177291371
2024-11-15,0.268895234697487
2024-11-18,0.26265584755626525
2024-11-19,0.2623446607657225
2024-11-20,0.26312636228084374
2024-11-21,0.2576155921185768
2024-11-22,0.2873774023127519
2024-11-25,0.276864203135645
2024-11-26,0.26941024206360525
2024-11-27,0.2568530953475414
2024-11-29,0.2565556350816496
2024-12-02,0.2284653007812314
2024-12-03,0.239358519971759
2024-12-04,0.2535017604278814
2024-12-05,0.21927959832050345
2024-12-06,0.2497383728331394
2024-12-09,0.2539983234677907
2024-12-10,0.26101127092763726
2024-12-11,0.26910393872294075
2024-12-12,0.23629796184208188
2024-12-13,0.24146601630193165
2024-12-16,0.22742709035380243
2024-12-17,0.21496118097692457
2024-12-18,0.20649131646982025
2024-12-19,0.5066233525286935
2024-12-20,0.5095752803627406
2024-12-23,0.5239277055187425
2024-12-24,0.5268441044950964
2024-12-26,0.5638950364758097
2024-12-27,0.5643109577613334
2024-12-30,0.5730857686926472
2024-12-31,0.5662314318999854
2025-01-02,0.5798970270309536
2025-01-03,0.5720439301927412
2025-01-06,0.6150439457470861
2025-01-07,0.6087321236493363
2025-01-08,0.6090740140650741
2025-01-10,0.626074851504366
2025-01-13,0.6475804250349273
2025-01-14,0.65363587849061
2025-01-15,0.6464394918274784
2025-01-16,0.6588930844726663
2025-01-17,0.6681584472946679
2025-01-21,0.6616151576342137
2025-01-22,0.4987485083700672
2025-01-23,0.473659859083264
2025-01-24,0.4553798230209178
2025-01-27,0.4468490405629662
2025-01-28,0.35122878402493246
2025-01-29,0.34676673392652746
2025-01-30,0.3280740856010888
2025-01-31,0.3032995645426141
2025-02-03,0.3256733198219394
2025-02-04,0.3286713634633106
2025-02-05,0.3098774013181899
2025-02-06,0.30522134748726104
2025-02-07,0.29323961937873494
2025-02-10,0.3051211387270179
2025-02-11,0.23292372851613807
2025-02-12,0.2420914380876545
2025-02-13,0.2698436664097094
2025-02-14,0.25373180488149916
2025-02-18,0.2668321144523141
2025-02-19,0.25454419343059825
2025-02-20,0.2083989481900499
2025-02-21,0.20967563795964317
2025-02-24,0.26442408685446805
2025-02-25,0.2656048114845841
2025-02-26,0.3073708904455687
2025-02-27,0.3221365324128673
2025-02-28,0.3211893754994098
2025-03-03,0.36259950435110516
2025-03-04,0.34696190448898817
2025-03-05,0.4101392463548536
2025-03-06,0.42183628081330216
2025-03-07,0.4420087786710467
2025-03-10,0.45608623851804725
2025-03-11,0.4552751627418407
2025-03-12,0.4626798370250534
2025-03-13,0.4392781609440495
2025-03-14,0.44277887948831635
2025-03-17,0.49034624380633096
2025-03-18,0.5249117088214239
2025-03-19,0.5239741675483952
2025-03-20,0.5299752839929399
2025-03-21,0.5353243836305084
2025-03-24,0.5331364973399132
2025-03-25,0.5543655117113462
2025-03-26,0.5566302687068234
2025-03-27,0.5500106019463612
2025-03-28,0.5547995271039486
2025-03-31,0.5164745128410407
2025-04-01,0.5609386672837385
2025-04-02,0.5273208054515125
2025-04-03,0.5585321290508223
2025-04-04,0.5869430808099433
2025-04-07,0.7598993760482773
2025-04-08,0.7661174486242796
2025-04-09,0.7637437851701981
2025-04-10,0.8581272738025029
2025-04-11,0.8582636475425063
2025-04-14,0.8592982532987615
2025-04-15,0.8576087693000646
2025-04-16,0.8587414358537371
2025-04-17,0.8549167938878084
2025-04-21,0.8516379435007257
2025-04-22,0.8557547045196371
2025-04-23,0.861802030897745
2025-04-24,0.8660121929727841
2025-04-25,0.8635284855284756
2025-04-28,0.8627430113020285
2025-04-29,0.868624489129036
2025-04-30,0.870122831354038
2025-05-01,0.8700585303604093
2025-05-02,0.8614676420455477
2025-05-05,0.8824197747765509
2025-05-06,0.8473005368638995
2025-05-07,0.843712731977836
2025-05-08,0.8409646705536253
2025-05-09,0.6910143196712666
2025-05-12,0.6405676637687673
2025-05-13,0.611728317880806
2025-05-14,0.5904014248195476
2025-05-15,0.5929280889350573
2025-05-16,0.5769119261005818
2025-05-19,0.589623042940766
2025-05-20,0.4799086049904046
2025-05-21,0.390340273389171
2025-05-22,0.5058172731548758
2025-05-23,0.517737352675148
2025-05-27,0.5170920999489608
2025-05-28,0.5514451724491225
2025-05-29,0.5604296379484353
2025-05-30,0.568619171005183
2025-06-02,0.5732288145148557
2025-06-03,0.5492328518669651
2025-06-04,0.5432896395941531
2025-06-05,0.5403126558564583
2025-06-06,0.5430285339784409
2025-06-09,0.5613060562730979
2025-06-10,0.5650184276700821
2025-06-11,0.5466897387210926
2025-06-12,0.6023409370160231
2025-06-13,0.6094311334569567
2025-06-16,0.6061217800321473
2025-06-17,0.5851370464854785
2025-06-18,0.5965192102480037
2025-06-20,0.6006625657071892
2025-06-23,0.5036231771032754
2025-06-24,0.49265453175755525
2025-06-25,0.49920700905916987
2025-06-26,0.4277037878608477
2025-06-27,0.40811012180329576
2025-06-30,0.40544212905676014
2025-07-01,0.4138556883047561
2025-07-02,0.38104176749844393
2025-07-03,0.36942550995517043
2025-07-07,0.36734769519811544
2025-07-08,0.3919509928252852
2025-07-09,0.36001431034729114
2025-07-10,0.35907892237098293
2025-07-11,0.3554695728870864
2025-07-14,0.36286116171385585
2025-07-15,0.37090164801912334
2025-07-16,0.39985981578627944
2025-07-17,0.39974694977430414
2025-07-18,0.3679108931804883
2025-07-21,0.3514934935386755
2025-07-22,0.34601722668012885
2025-07-23,0.33410164564233713
2025-07-24,0.31889364551951277
2025-07-25,0.2989936418668475
2025-07-28,0.28782564536385974
2025-07-29,0.29192585990216735
2025-07-30,0.2652403434442714
2025-07-31,0.2809858774067403
2025-08-01,0.2939364659558711
2025-08-04,0.3056224724859328
2025-08-05,0.34969055953495526
2025-08-06,0.3676153650151533
2025-08-07,0.33943931177711717
2025-08-08,0.3252933326879028
2025-08-11,0.31987522687148023
2025-08-12,0.32464554280935837
2025-08-13,0.3034557406660052
2025-08-14,0.3138266421452572
2025-08-15,0.3162909331403866
2025-08-18,0.31381094593800973
2025-08-19,0.32168946278863053
2025-08-20,0.29407531594378655
2025-08-21,0.28618679895755
2025-08-22,0.29229478670633713
2025-08-25,0.36170487825433545
2025-08-26,0.3808939106228672
2025-08-27,0.39827233614066665
2025-08-28,0.40331503650197253
2025-08-29,0.3993054111251403
2025-09-02,0.36957964690751466
2025-09-03,0.34992813446790916
2025-09-04,0.32555742724479264
2025-09-05,0.37211444058787996
2025-09-08,0.37728924295014077
2025-09-09,0.3768087124583349
2025-09-10,0.35226730344635837
2025-09-11,0.2752876258370439
2025-09-12,0.31536157592936837
2025-09-15,0.3067957845756445
2025-09-16,0.30798677569036426
2025-09-17,0.29755313072203166
2025-09-18,0.31627827007753906
2025-09-19,0.3150164212797911
2025-09-22,0.3038180784564127
2025-09-23,0.20461792607304738
2025-09-24,0.16076782887517985
2025-09-25,0.16286366738460606
2025-09-26,0.18926689156889612
2025-09-29,0.23588772635731384
2025-09-30,0.2496992703910464
2025-10-01,0.21045709581961944
2025-10-02,0.18718770595294215
2025-10-03,0.1718964715752309
2025-10-06,0.18521295530295998
2025-10-07,0.17889133748903477
2025-10-08,0.18628769165954417
2025-10-09,0.19207159158127218
2025-10-10,0.13243853891108107
2025-10-13,0.3128852009384229
2025-10-14,0.3569859324089187
2025-10-15,0.3948262055212364
2025-10-16,0.39100835125707467
2025-10-17,0.4102768891388781
2025-10-20,0.4160169335877461
2025-10-21,0.43035879913874164
2025-10-22,0.4270342865783493
2025-10-23,0.42834655793965454
2025-10-24,0.4074874057128251
2025-10-27,0.3754298660652691
2025-10-28,0.3802701958330335
2025-10-29,0.39668821342815436
2025-10-30,0.44446176378664665
2025-10-31,0.4390416272067557
2025-11-03,0.43261013217633276
2025-11-04,0.4371624225524243
2025-11-05,0.43184284681932167
2025-11-06,0.4427418769918036
2025-11-07,0.4380074658130363
2025-11-10,0.3552973016749386
2025-11-11,0.3468680468016671
2025-11-12,0.34469871666964025
2025-11-13,0.3362279340937107
2025-11-14,0.35523528117734854
2025-11-17,0.33894160124587286
2025-11-18,0.3154906465987763
2025-11-19,0.31613827565104885
2025-11-20,0.32209572313120216
2025-11-21,0.3383846324250053
2025-11-24,0.4010699215163314
2025-11-25,0.3906044916803952
2025-11-26,0.40219062583448834
2025-11-28,0.43418912748962213
2025-12-01,0.4415316866603011
2025-12-02,0.4525145803057562
2025-12-03,0.44804826856922136
2025-12-04,0.4502813740417861
2025-12-05,0.4450495146718379
2025-12-08,0.43503800010360294
2025-12-09,0.4519924414960032
2025-12-10,0.444727652759692
2025-12-11,0.45369669084658876
2025-12-12,0.46252504187605925
2025-12-15,0.43456472332334967
2025-12-16,0.44271865257041704
2025-12-17,0.4476401245419916
2025-12-18,0.4415757449206216
2025-12-19,0.42503262501206157
2025-12-22,0.38721256236896184
2025-12-23,0.3531195798636346
2025-12-24,0.3600759311591058
2025-12-26,0.3379845577494443
2025-12-29,0.3196428144033949
2025-12-30,0.2946131474416286
2025-12-31,0.2791606696909052
2026-01-02,0.3244066590706024
2026-01-05,0.3029660847918315
2026-01-06,0.293160985531768
2026-01-07,0.29393312882562905
2026-01-08,0.28594369400095637
2026-01-09,0.28456640208949296
2026-01-12,0.26435979452238717
2026-01-13,0.25710678713124135
2026-01-14,0.23868769205446153
2026-01-15,0.2260683979152032
2026-01-16,0.19583300008565946
2026-01-20,0.1927785638992378
2026-01-21,0.2976635277638945
2026-01-22,0.3498784644237992
2026-01-23,0.3222599007625789
2026-01-26,0.31752779632303996
2026-01-27,0.3100271312465692
2026-01-28,0.2977601617155612
2026-01-29,0.30058198726194374
2026-01-30,0.27787782021111723
2026-02-02,0.23669713502121695
2026-02-03,0.2279362776526829
2026-02-04,0.2122218882804531
2026-02-05,0.2038657594635873
2026-02-06,0.21556525012214106
2026-02-09,0.26654461277352137
2026-02-10,0.25732111317418765
2026-02-11,0.25092234577892536
2026-02-12,0.251360560357228
2026-02-13,0.2626856705351734
2026-02-17,0.27713430030062153
2026-02-18,0.27217608528531084
2026-02-19,0.20316874538749102
2026-02-20,0.17777635742980455
2026-02-23,0.1877085792225282
2026-02-24,0.18414531220041508
2026-02-25,0.18986114788997002
2026-02-26,0.18497927238077666
2026-02-27,0.17613914183561
2026-03-02,0.1808679436604014
2026-03-03,0.18664952064279167
2026-03-04,0.23471403695851759
2026-03-05,0.25142459439329967
2026-03-06,0.29024772389452547
2026-03-09,0.2881034676566214
2026-03-10,0.23094056552104167
2026-03-11,0.2420959854976934
2026-03-12,0.24129190847059587
2026-03-13,0.25356856089439506
2026-03-16,0.2520192913791811
2026-03-17,0.2590694839925199
2026-03-18,0.2698349502301693
2026-03-19,0.34729628329944134
2026-03-20,0.3484846021141996
2026-03-23,0.3542719000338367
2026-03-24,0.4285602860682728
2026-03-25,0.3966202890284268
2026-03-26,0.40884872104153136
2026-03-27,0.3938110708709557
2026-03-30,0.39021123756710874
2026-03-31,0.38476304811625434
2026-04-01,0.4057392289061278
2026-04-02,0.4039106548109289
2026-04-06,0.39822390183565537
2026-04-07,0.3959611584119504
2026-04-08,0.3922779468609453
2026-04-09,0.4203944727477112
2026-04-10,0.4200282098578675
2026-04-13,0.41997274153609415
2026-04-14,0.41590028124499734
2026-04-15,0.40299763710489783
2026-04-16,0.39352819029100716
2026-04-17,0.3527879926187813
2026-04-20,0.34689474359885464
2026-04-21,0.299211120980032
2026-04-22,0.30879882881413756
2026-04-23,0.3165379273774414
2026-04-24,0.29866404534137686
2026-04-27,0.2841975550217496
2026-04-28,0.28539237205911777
2026-04-29,0.2899784396726233
2026-04-30,0.25271595626408927
2026-05-01,0.28066730137439216
2026-05-04,0.2968851461875592
2026-05-05,0.3094450054127959
2026-05-06,0.3089701854832801
2026-05-07,0.224916964212849
2026-05-08,0.2526354725553268
2026-05-11,0.24410797405837595
2026-05-12,0.24134523166587263
2026-05-13,0.22521477697821285
2026-05-14,0.2322048056413674
2026-05-15,0.23343554173475994
2026-05-18,0.26289889135769695
2026-05-19,0.269036976869889
2026-05-20,0.2354354066654122
2026-05-21,0.2302345486123916
2026-05-22,0.2482555562857868
2026-05-26,0.26184278161984076
2026-05-27,0.253506158846688
2026-05-28,0.25076016465719503
2026-05-29,0.24432873612462633
2026-06-01,0.18267355869037877
2026-06-02,0.18334185424908397
2026-06-03,0.15715035952553313
2026-06-04,0.14838286746442858
2026-06-05,0.1582578115746585
2026-06-08,0.14297322142104713
2026-06-09,0.14490652959211003
2026-06-10,0.16078610929266432
