Date,Close,High,Low,Open,Volume
2010-06-01,34.02000045776367,34.060001373291016,31.510000228881836,33.43000030517578,0
2010-06-02,30.59000015258789,33.7400016784668,30.59000015258789,33.52000045776367,0
2010-06-03,30.239999771118164,31.209999084472656,29.8700008392334,30.329999923706055,0
2010-06-04,34.369998931884766,34.7400016784668,32.0,32.58000183105469,0
2010-06-07,35.29999923706055,35.310001373291016,33.779998779296875,34.43000030517578,0
2010-06-08,33.650001525878906,35.779998779296875,33.41999816894531,35.09000015258789,0
2010-06-09,33.79999923706055,34.08000183105469,31.6200008392334,32.810001373291016,0
2010-06-10,31.469999313354492,32.36000061035156,31.100000381469727,31.920000076293945,0
2010-06-11,30.950000762939453,34.79999923706055,30.899999618530273,32.2599983215332,0
2010-06-14,30.68000030517578,30.739999771118164,29.5,30.09000015258789,0
2010-06-15,28.450000762939453,30.059999465942383,28.360000610351562,30.030000686645508,0
2010-06-16,28.780000686645508,29.290000915527344,28.399999618530273,29.260000228881836,0
2010-06-17,28.209999084472656,29.309999465942383,27.3799991607666,28.469999313354492,0
2010-06-18,27.959999084472656,28.239999771118164,27.440000534057617,27.920000076293945,0
2010-06-21,27.540000915527344,28.100000381469727,26.1299991607666,26.309999465942383,0
2010-06-22,29.09000015258789,29.260000228881836,27.200000762939453,27.6200008392334,0
2010-06-23,29.260000228881836,30.530000686645508,28.93000030517578,29.229999542236328,0
2010-06-24,31.360000610351562,31.610000610351562,29.700000762939453,29.860000610351562,0
2010-06-25,30.700000762939453,32.060001373291016,30.329999923706055,31.31999969482422,0
2010-06-28,30.959999084472656,31.309999465942383,30.5,30.809999465942383,0
2010-06-29,34.380001068115234,35.220001220703125,30.959999084472656,32.68000030517578,0
2010-06-30,35.22999954223633,35.33000183105469,32.90999984741211,34.40999984741211,0
2010-07-01,34.4900016784668,37.2599983215332,34.08000183105469,35.150001525878906,0
2010-07-02,33.290000915527344,34.31999969482422,32.619998931884766,33.84000015258789,0
2010-07-06,32.0099983215332,33.02000045776367,30.56999969482422,31.709999084472656,0
2010-07-07,29.719999313354492,31.93000030517578,29.649999618530273,31.93000030517578,0
2010-07-08,28.829999923706055,30.09000015258789,28.190000534057617,29.290000915527344,0
2010-07-09,28.170000076293945,29.020000457763672,28.010000228881836,28.760000228881836,0
2010-07-12,28.389999389648438,28.950000762939453,28.059999465942383,28.579999923706055,0
2010-07-13,28.31999969482422,28.31999969482422,27.459999084472656,27.6299991607666,0
2010-07-14,28.829999923706055,29.520000457763672,28.510000228881836,28.530000686645508,0
2010-07-15,29.229999542236328,30.809999465942383,28.790000915527344,29.020000457763672,0
2010-07-16,30.600000381469727,31.34000015258789,29.6200008392334,29.690000534057617,0
2010-07-19,30.079999923706055,30.969999313354492,29.600000381469727,30.479999542236328,0
2010-07-20,28.219999313354492,31.059999465942383,28.209999084472656,31.059999465942383,0
2010-07-21,29.079999923706055,29.860000610351562,27.829999923706055,27.84000015258789,0
2010-07-22,27.899999618530273,28.049999237060547,27.040000915527344,27.969999313354492,0
2010-07-23,26.989999771118164,28.200000762939453,26.860000610351562,27.959999084472656,0
2010-07-26,26.440000534057617,27.31999969482422,26.440000534057617,27.200000762939453,0
2010-07-27,26.3700008392334,26.729999542236328,25.84000015258789,25.84000015258789,0
2010-07-28,26.709999084472656,26.920000076293945,25.3700008392334,26.020000457763672,0
2010-07-29,27.1200008392334,27.920000076293945,25.829999923706055,26.100000381469727,0
2010-07-30,27.139999389648438,28.43000030517578,26.760000228881836,27.829999923706055,0
2010-08-02,25.399999618530273,26.3700008392334,25.239999771118164,26.200000762939453,0
2010-08-03,26.010000228881836,26.190000534057617,25.40999984741211,25.68000030517578,0
2010-08-04,25.959999084472656,26.479999542236328,25.610000610351562,25.899999618530273,0
2010-08-05,26.15999984741211,26.649999618530273,25.360000610351562,26.610000610351562,0
2010-08-06,26.1200008392334,27.56999969482422,26.1200008392334,27.18000030517578,0
2010-08-09,26.030000686645508,26.579999923706055,25.709999084472656,25.940000534057617,0
2010-08-10,26.309999465942383,27.489999771118164,26.0,27.040000915527344,0
2010-08-11,28.690000534057617,28.969999313354492,28.239999771118164,28.25,0
2010-08-12,29.25,30.18000030517578,28.860000610351562,30.18000030517578,0
2010-08-13,29.969999313354492,29.969999313354492,29.139999389648438,29.440000534057617,0
2010-08-16,29.799999237060547,31.149999618530273,29.709999084472656,30.969999313354492,0
2010-08-17,28.56999969482422,29.15999984741211,28.1200008392334,29.139999389648438,0
2010-08-18,28.579999923706055,29.040000915527344,27.770000457763672,28.540000915527344,0
2010-08-19,29.6299991607666,30.030000686645508,28.479999542236328,28.639999389648438,0
2010-08-20,29.540000915527344,30.1200008392334,29.440000534057617,29.989999771118164,0
2010-08-23,29.290000915527344,29.479999542236328,28.579999923706055,29.479999542236328,0
2010-08-24,30.309999465942383,32.65999984741211,29.850000381469727,30.81999969482422,3000
2010-08-25,29.850000381469727,31.360000610351562,29.59000015258789,30.93000030517578,3800
2010-08-26,30.3700008392334,30.440000534057617,29.229999542236328,29.649999618530273,0
2010-08-27,28.399999618530273,30.729999542236328,28.3799991607666,29.8700008392334,0
2010-08-30,30.010000228881836,30.010000228881836,28.829999923706055,29.1200008392334,0
2010-08-31,29.040000915527344,30.31999969482422,28.899999618530273,30.1200008392334,0
2010-09-01,27.290000915527344,28.299999237060547,27.229999542236328,28.299999237060547,0
2010-09-02,26.6200008392334,27.549999237060547,26.610000610351562,27.459999084472656,0
2010-09-03,25.309999465942383,26.399999618530273,25.260000228881836,25.799999237060547,0
2010-09-07,26.770000457763672,26.829999923706055,26.190000534057617,26.190000534057617,0
2010-09-08,26.299999237060547,26.709999084472656,26.09000015258789,26.709999084472656,0
2010-09-09,26.100000381469727,26.3799991607666,25.540000915527344,25.540000915527344,0
2010-09-10,25.59000015258789,26.020000457763672,25.579999923706055,25.93000030517578,0
2010-09-13,24.75,25.229999542236328,24.690000534057617,25.229999542236328,0
2010-09-14,24.739999771118164,25.09000015258789,24.40999984741211,24.8799991607666,0
2010-09-15,24.93000030517578,25.389999389648438,24.90999984741211,25.25,0
2010-09-16,24.959999084472656,25.56999969482422,24.959999084472656,25.280000686645508,0
2010-09-17,25.1200008392334,25.329999923706055,24.670000076293945,24.670000076293945,0
2010-09-20,24.59000015258789,25.34000015258789,24.450000762939453,25.020000457763672,0
2010-09-21,24.940000534057617,25.149999618530273,24.260000228881836,24.59000015258789,0
2010-09-22,25.15999984741211,25.520000457763672,24.610000610351562,24.920000076293945,0
2010-09-23,26.15999984741211,26.25,25.280000686645508,26.040000915527344,0
2010-09-24,24.75,25.170000076293945,24.75,25.15999984741211,0
2010-09-27,25.200000762939453,25.229999542236328,24.860000610351562,25.020000457763672,0
2010-09-28,25.34000015258789,26.170000076293945,25.209999084472656,25.290000915527344,0
2010-09-29,25.90999984741211,26.030000686645508,25.43000030517578,25.649999618530273,0
2010-09-30,26.399999618530273,26.829999923706055,25.1299991607666,25.510000228881836,0
2010-10-01,25.700000762939453,26.420000076293945,25.299999237060547,25.75,0
2010-10-04,26.31999969482422,26.8799991607666,26.06999969482422,26.229999542236328,0
2010-10-05,25.079999923706055,25.809999465942383,24.93000030517578,25.690000534057617,0
2010-10-06,24.90999984741211,25.329999923706055,24.829999923706055,25.079999923706055,0
2010-10-07,24.889999389648438,25.360000610351562,24.6200008392334,24.639999389648438,0
2010-10-08,24.059999465942383,24.920000076293945,23.920000076293945,24.649999618530273,0
2010-10-11,23.979999542236328,24.149999618530273,23.889999389648438,24.100000381469727,0
2010-10-12,23.3700008392334,24.600000381469727,23.299999237060547,24.170000076293945,0
2010-10-13,22.979999542236328,23.229999542236328,22.670000076293945,22.950000762939453,0
2010-10-14,23.559999465942383,24.040000915527344,22.989999771118164,22.989999771118164,0
2010-10-15,23.200000762939453,24.15999984741211,22.270000457763672,22.270000457763672,0
2010-10-18,22.799999237060547,23.559999465942383,22.770000457763672,23.530000686645508,0
2010-10-19,23.59000015258789,24.030000686645508,23.18000030517578,23.639999389648438,0
2010-10-20,22.65999984741211,23.579999923706055,22.520000457763672,23.399999618530273,0
2010-10-21,22.219999313354492,23.020000457763672,22.010000228881836,22.530000686645508,0
2010-10-22,21.649999618530273,22.15999984741211,21.639999389648438,22.100000381469727,0
2010-10-25,21.90999984741211,21.969999313354492,21.34000015258789,21.649999618530273,0
2010-10-26,22.200000762939453,22.510000228881836,22.139999389648438,22.290000915527344,0
2010-10-27,22.600000381469727,23.530000686645508,22.56999969482422,22.760000228881836,0
2010-10-28,22.809999465942383,23.049999237060547,22.209999084472656,22.270000457763672,0
2010-10-29,22.950000762939453,23.010000228881836,22.719999313354492,22.93000030517578,0
2010-11-01,23.290000915527344,23.610000610351562,22.56999969482422,22.940000534057617,0
2010-11-02,23.020000457763672,23.15999984741211,22.799999237060547,22.90999984741211,0
2010-11-03,21.649999618530273,23.549999237060547,21.649999618530273,23.040000915527344,0
2010-11-04,20.56999969482422,21.010000228881836,20.56999969482422,20.8799991607666,0
2010-11-05,20.65999984741211,20.690000534057617,20.040000915527344,20.459999084472656,0
2010-11-08,20.729999542236328,21.360000610351562,20.719999313354492,21.200000762939453,0
2010-11-09,21.530000686645508,21.6299991607666,20.600000381469727,20.809999465942383,0
2010-11-10,21.280000686645508,21.959999084472656,21.239999771118164,21.31999969482422,0
2010-11-11,21.469999313354492,22.020000457763672,21.389999389648438,21.81999969482422,0
2010-11-12,22.93000030517578,23.170000076293945,21.93000030517578,21.979999542236328,0
2010-11-15,22.809999465942383,22.860000610351562,22.209999084472656,22.860000610351562,0
2010-11-16,24.079999923706055,24.450000762939453,23.299999237060547,23.43000030517578,0
2010-11-17,23.829999923706055,24.059999465942383,23.3799991607666,24.059999465942383,0
2010-11-18,22.43000030517578,22.8700008392334,22.06999969482422,22.8700008392334,0
2010-11-19,21.399999618530273,22.950000762939453,21.3799991607666,22.68000030517578,0
2010-11-22,21.329999923706055,22.90999984741211,21.31999969482422,22.5,0
2010-11-23,22.59000015258789,23.190000534057617,22.049999237060547,22.610000610351562,0
2010-11-24,21.809999465942383,21.81999969482422,21.18000030517578,21.68000030517578,0
2010-11-26,21.809999465942383,23.420000076293945,21.809999465942383,22.739999771118164,0
2010-11-29,23.350000381469727,24.530000686645508,23.219999313354492,24.09000015258789,0
2010-11-30,25.190000534057617,25.31999969482422,24.079999923706055,24.5,0
2010-12-01,23.989999771118164,24.040000915527344,23.209999084472656,23.610000610351562,0
2010-12-02,21.989999771118164,23.709999084472656,21.940000534057617,23.6299991607666,0
2010-12-03,21.0,22.09000015258789,20.84000015258789,22.079999923706055,0
2010-12-06,21.040000915527344,21.649999618530273,20.920000076293945,21.59000015258789,0
2010-12-07,20.969999313354492,21.030000686645508,20.239999771118164,20.270000457763672,0
2010-12-08,20.3799991607666,21.049999237060547,20.3700008392334,20.850000381469727,0
2010-12-09,19.979999542236328,20.469999313354492,19.959999084472656,20.030000686645508,0
2010-12-10,19.84000015258789,20.030000686645508,19.670000076293945,19.75,0
2010-12-13,20.459999084472656,20.510000228881836,19.850000381469727,19.940000534057617,0
2010-12-14,20.389999389648438,20.65999984741211,20.139999389648438,20.459999084472656,0
2010-12-15,20.739999771118164,20.81999969482422,20.31999969482422,20.549999237060547,0
2010-12-16,20.81999969482422,21.1200008392334,20.510000228881836,20.829999923706055,0
2010-12-17,20.290000915527344,20.850000381469727,20.110000610351562,20.850000381469727,0
2010-12-20,20.100000381469727,20.520000457763672,19.809999465942383,20.059999465942383,0
2010-12-21,19.90999984741211,20.110000610351562,19.799999237060547,19.81999969482422,0
2010-12-22,19.56999969482422,19.8700008392334,19.520000457763672,19.860000610351562,0
2010-12-23,20.440000534057617,20.440000534057617,19.559999465942383,19.860000610351562,0
2010-12-27,21.040000915527344,21.290000915527344,21.040000915527344,21.25,0
2010-12-28,21.18000030517578,21.59000015258789,20.940000534057617,20.940000534057617,0
2010-12-29,20.84000015258789,21.030000686645508,20.81999969482422,21.010000228881836,0
2010-12-30,21.010000228881836,21.209999084472656,20.899999618530273,20.979999542236328,0
2010-12-31,20.899999618530273,21.309999465942383,20.899999618530273,21.239999771118164,0
2011-01-03,20.6200008392334,20.860000610351562,20.0,20.850000381469727,0
2011-01-04,20.610000610351562,21.280000686645508,20.56999969482422,20.649999618530273,0
2011-01-05,20.049999237060547,21.059999465942383,19.950000762939453,21.0,0
2011-01-06,20.350000381469727,20.540000915527344,20.100000381469727,20.100000381469727,0
2011-01-07,20.290000915527344,20.770000457763672,20.09000015258789,20.459999084472656,0
2011-01-10,20.479999542236328,21.149999618530273,20.469999313354492,21.100000381469727,0
2011-01-11,20.139999389648438,20.440000534057617,19.969999313354492,20.110000610351562,0
2011-01-12,19.229999542236328,19.5,19.209999084472656,19.280000686645508,0
2011-01-13,19.200000762939453,19.649999618530273,19.190000534057617,19.43000030517578,0
2011-01-14,18.3700008392334,19.3700008392334,18.350000381469727,19.309999465942383,0
2011-01-18,18.3799991607666,19.780000686645508,18.290000915527344,18.90999984741211,0
2011-01-19,19.639999389648438,19.799999237060547,18.520000457763672,18.56999969482422,0
2011-01-20,19.899999618530273,20.389999389648438,19.709999084472656,19.799999237060547,0
2011-01-21,19.969999313354492,19.979999542236328,19.06999969482422,19.18000030517578,0
2011-01-24,19.579999923706055,20.06999969482422,19.350000381469727,20.010000228881836,0
2011-01-25,19.34000015258789,20.079999923706055,19.34000015258789,19.90999984741211,0
2011-01-26,18.81999969482422,19.239999771118164,18.649999618530273,19.079999923706055,0
2011-01-27,18.479999542236328,18.920000076293945,18.389999389648438,18.920000076293945,0
2011-01-28,20.59000015258789,20.670000076293945,18.15999984741211,18.350000381469727,0
2011-01-31,20.149999618530273,20.270000457763672,18.200000762939453,20.18000030517578,0
2011-02-01,18.969999313354492,19.6200008392334,18.799999237060547,19.6200008392334,0
2011-02-02,19.09000015258789,19.170000076293945,18.8700008392334,19.170000076293945,0
2011-02-03,18.920000076293945,19.520000457763672,18.81999969482422,19.280000686645508,0
2011-02-04,18.329999923706055,18.829999923706055,18.299999237060547,18.65999984741211,0
2011-02-07,18.260000228881836,18.350000381469727,17.90999984741211,18.350000381469727,0
2011-02-08,17.850000381469727,18.350000381469727,17.84000015258789,18.229999542236328,3400
2011-02-09,17.860000610351562,18.360000610351562,17.850000381469727,18.170000076293945,3100
2011-02-10,18.100000381469727,18.700000762939453,18.010000228881836,18.389999389648438,0
2011-02-11,17.860000610351562,18.360000610351562,17.760000228881836,18.360000610351562,0
2011-02-14,17.940000534057617,18.170000076293945,17.25,17.65999984741211,0
2011-02-15,18.270000457763672,18.3700008392334,18.0,18.260000228881836,0
2011-02-16,18.31999969482422,18.31999969482422,17.739999771118164,17.940000534057617,0
2011-02-17,18.6299991607666,18.709999084472656,17.989999771118164,18.649999618530273,0
2011-02-18,18.899999618530273,18.93000030517578,18.040000915527344,18.6299991607666,0
2011-02-22,21.31999969482422,21.709999084472656,19.709999084472656,20.389999389648438,0
2011-02-23,22.469999313354492,22.940000534057617,21.1200008392334,21.459999084472656,0
2011-02-24,22.260000228881836,22.950000762939453,21.860000610351562,22.579999923706055,0
2011-02-25,20.56999969482422,21.65999984741211,20.40999984741211,21.639999389648438,0
2011-02-28,20.0,20.420000076293945,19.719999313354492,20.40999984741211,0
2011-03-01,21.899999618530273,21.899999618530273,19.56999969482422,19.56999969482422,0
2011-03-02,21.68000030517578,21.8700008392334,20.950000762939453,21.639999389648438,0
2011-03-03,20.440000534057617,20.799999237060547,20.190000534057617,20.799999237060547,0
2011-03-04,20.799999237060547,21.59000015258789,20.270000457763672,20.34000015258789,0
2011-03-07,21.850000381469727,22.479999542236328,20.610000610351562,20.84000015258789,0
2011-03-08,21.450000762939453,22.049999237060547,20.989999771118164,21.709999084472656,0
2011-03-09,21.81999969482422,22.059999465942383,21.389999389648438,21.450000762939453,0
2011-03-10,22.760000228881836,23.049999237060547,21.81999969482422,22.440000534057617,0
2011-03-11,21.8700008392334,22.780000686645508,21.65999984741211,22.709999084472656,0
2011-03-14,22.489999771118164,23.3799991607666,22.329999923706055,22.709999084472656,0
2011-03-15,24.030000686645508,25.360000610351562,23.5,25.360000610351562,0
2011-03-16,26.90999984741211,27.940000534057617,23.989999771118164,24.309999465942383,0
2011-03-17,25.440000534057617,25.84000015258789,24.8700008392334,25.540000915527344,0
2011-03-18,24.34000015258789,24.600000381469727,23.809999465942383,24.079999923706055,0
2011-03-21,21.950000762939453,22.889999389648438,21.770000457763672,22.889999389648438,0
2011-03-22,21.700000762939453,21.899999618530273,21.43000030517578,21.899999618530273,0
2011-03-23,20.93000030517578,22.239999771118164,20.649999618530273,21.920000076293945,0
2011-03-24,20.079999923706055,20.700000762939453,19.989999771118164,20.450000762939453,0
2011-03-25,20.030000686645508,20.110000610351562,19.40999984741211,19.8799991607666,0
2011-03-28,20.860000610351562,20.860000610351562,19.889999389648438,20.09000015258789,0
2011-03-29,19.969999313354492,21.100000381469727,19.790000915527344,20.700000762939453,0
2011-03-30,19.75,19.829999923706055,19.260000228881836,19.649999618530273,0
2011-03-31,19.84000015258789,19.899999618530273,19.489999771118164,19.809999465942383,0
2011-04-01,19.59000015258789,19.770000457763672,18.950000762939453,19.15999984741211,0
2011-04-04,19.389999389648438,19.709999084472656,19.260000228881836,19.420000076293945,0
2011-04-05,19.399999618530273,19.6200008392334,18.610000610351562,19.610000610351562,0
2011-04-06,19.3799991607666,19.3799991607666,18.959999084472656,19.09000015258789,0
2011-04-07,19.5,20.059999465942383,19.049999237060547,19.360000610351562,0
2011-04-08,20.049999237060547,20.43000030517578,19.09000015258789,19.1200008392334,0
2011-04-11,20.010000228881836,20.170000076293945,19.709999084472656,19.969999313354492,0
2011-04-12,20.329999923706055,20.950000762939453,20.149999618530273,20.540000915527344,0
2011-04-13,19.989999771118164,20.329999923706055,19.709999084472656,19.770000457763672,0
2011-04-14,19.959999084472656,20.690000534057617,19.709999084472656,20.510000228881836,0
2011-04-15,19.170000076293945,19.610000610351562,18.969999313354492,19.610000610351562,0
2011-04-18,19.920000076293945,21.1200008392334,19.170000076293945,20.65999984741211,0
2011-04-19,19.18000030517578,19.860000610351562,19.15999984741211,19.860000610351562,0
2011-04-20,18.479999542236328,18.729999542236328,18.049999237060547,18.219999313354492,0
2011-04-21,18.350000381469727,18.59000015258789,18.190000534057617,18.280000686645508,0
2011-04-25,18.549999237060547,18.829999923706055,18.479999542236328,18.709999084472656,0
2011-04-26,18.270000457763672,18.360000610351562,17.790000915527344,18.299999237060547,0
2011-04-27,17.899999618530273,18.700000762939453,17.670000076293945,18.049999237060547,0
2011-04-28,17.520000457763672,18.0,17.260000228881836,18.0,0
2011-04-29,17.5,17.719999313354492,17.299999237060547,17.450000762939453,0
2011-05-02,18.389999389648438,18.489999771118164,17.59000015258789,17.59000015258789,0
2011-05-03,19.110000610351562,19.520000457763672,18.549999237060547,18.649999618530273,0
2011-05-04,19.440000534057617,19.81999969482422,19.149999618530273,19.149999618530273,0
2011-05-05,19.84000015258789,20.549999237060547,19.040000915527344,19.850000381469727,0
2011-05-06,19.90999984741211,20.239999771118164,18.6200008392334,19.229999542236328,0
2011-05-09,19.200000762939453,19.93000030517578,19.09000015258789,19.93000030517578,0
2011-05-10,18.3700008392334,19.040000915527344,18.18000030517578,19.030000686645508,0
2011-05-11,19.049999237060547,19.520000457763672,18.559999465942383,18.56999969482422,0
2011-05-12,18.440000534057617,19.690000534057617,18.440000534057617,19.219999313354492,0
2011-05-13,19.06999969482422,19.479999542236328,18.389999389648438,18.450000762939453,0
2011-05-16,19.8700008392334,19.8700008392334,18.780000686645508,19.579999923706055,0
2011-05-17,19.450000762939453,20.389999389648438,19.399999618530273,20.100000381469727,0
2011-05-18,18.530000686645508,19.469999313354492,18.290000915527344,19.399999618530273,0
2011-05-19,18.170000076293945,18.700000762939453,18.09000015258789,18.34000015258789,0
2011-05-20,19.049999237060547,19.139999389648438,18.280000686645508,18.40999984741211,0
2011-05-23,19.790000915527344,20.59000015258789,19.329999923706055,19.510000228881836,0
2011-05-24,19.170000076293945,19.709999084472656,18.850000381469727,19.709999084472656,0
2011-05-25,18.8700008392334,19.56999969482422,18.540000915527344,19.56999969482422,0
2011-05-26,18.190000534057617,19.389999389648438,18.09000015258789,18.93000030517578,0
2011-05-27,18.1299991607666,18.260000228881836,17.610000610351562,18.18000030517578,0
2011-05-31,17.559999465942383,18.360000610351562,17.229999542236328,17.8799991607666,0
2011-06-01,19.360000610351562,19.3799991607666,17.979999542236328,17.979999542236328,0
2011-06-02,19.31999969482422,19.760000228881836,18.979999542236328,19.260000228881836,0
2011-06-03,19.469999313354492,21.270000457763672,18.860000610351562,21.270000457763672,0
2011-06-06,19.959999084472656,20.030000686645508,19.200000762939453,19.790000915527344,0
2011-06-07,19.5,19.84000015258789,19.020000457763672,19.829999923706055,0
2011-06-08,19.950000762939453,20.049999237060547,19.209999084472656,19.649999618530273,0
2011-06-09,19.260000228881836,19.790000915527344,18.790000915527344,19.729999542236328,0
2011-06-10,20.110000610351562,20.239999771118164,19.510000228881836,19.510000228881836,0
2011-06-13,20.440000534057617,20.959999084472656,19.829999923706055,20.860000610351562,0
2011-06-14,19.43000030517578,20.040000915527344,19.149999618530273,20.020000457763672,0
2011-06-15,21.3799991607666,21.670000076293945,20.15999984741211,20.399999618530273,0
2011-06-16,22.610000610351562,23.889999389648438,21.25,21.6200008392334,0
2011-06-17,22.440000534057617,23.09000015258789,21.75,21.90999984741211,0
2011-06-20,21.219999313354492,22.90999984741211,21.219999313354492,22.90999984741211,0
2011-06-21,20.5,20.950000762939453,19.850000381469727,20.950000762939453,0
2011-06-22,20.719999313354492,20.739999771118164,19.809999465942383,20.540000915527344,0
2011-06-23,20.93000030517578,22.610000610351562,20.780000686645508,21.690000534057617,0
2011-06-24,21.920000076293945,22.010000228881836,20.780000686645508,20.93000030517578,0
2011-06-27,21.5,22.399999618530273,21.329999923706055,22.280000686645508,0
2011-06-28,20.520000457763672,21.399999618530273,20.520000457763672,21.399999618530273,0
2011-06-29,19.420000076293945,20.489999771118164,19.1200008392334,20.489999771118164,0
2011-06-30,18.90999984741211,19.350000381469727,17.68000030517578,19.350000381469727,0
2011-07-01,17.93000030517578,18.690000534057617,17.709999084472656,18.59000015258789,0
2011-07-05,18.110000610351562,18.579999923706055,18.030000686645508,18.31999969482422,0
2011-07-06,18.40999984741211,18.829999923706055,18.360000610351562,18.510000228881836,0
2011-07-07,17.770000457763672,18.06999969482422,17.610000610351562,17.610000610351562,0
2011-07-08,17.959999084472656,18.950000762939453,17.959999084472656,18.950000762939453,0
2011-07-11,19.979999542236328,20.34000015258789,19.219999313354492,19.6200008392334,0
2011-07-12,20.93000030517578,21.0,19.979999542236328,20.399999618530273,0
2011-07-13,20.850000381469727,20.8700008392334,19.760000228881836,20.280000686645508,0
2011-07-14,21.59000015258789,21.969999313354492,20.219999313354492,20.6299991607666,0
2011-07-15,20.940000534057617,21.829999923706055,20.920000076293945,21.110000610351562,0
2011-07-18,21.84000015258789,22.309999465942383,21.559999465942383,21.559999465942383,0
2011-07-19,20.5,21.1299991607666,19.34000015258789,21.1299991607666,0
2011-07-20,20.3700008392334,20.670000076293945,20.15999984741211,20.15999984741211,0
2011-07-21,19.200000762939453,20.06999969482422,19.020000457763672,20.049999237060547,0
2011-07-22,19.200000762939453,19.610000610351562,19.0,19.139999389648438,0
2011-07-25,20.260000228881836,20.40999984741211,19.84000015258789,20.25,0
2011-07-26,20.889999389648438,21.030000686645508,20.31999969482422,20.510000228881836,0
2011-07-27,22.690000534057617,22.8799991607666,21.309999465942383,21.309999465942383,0
2011-07-28,22.950000762939453,23.18000030517578,21.3700008392334,22.510000228881836,0
2011-07-29,22.90999984741211,24.489999771118164,22.479999542236328,24.100000381469727,0
2011-08-01,22.3799991607666,23.8700008392334,21.579999923706055,21.670000076293945,0
2011-08-02,23.600000381469727,23.610000610351562,21.969999313354492,22.8700008392334,0
2011-08-03,23.1200008392334,24.420000076293945,22.729999542236328,23.059999465942383,0
2011-08-04,28.559999465942383,28.84000015258789,23.889999389648438,24.1200008392334,0
2011-08-05,29.59000015258789,33.38999938964844,26.219999313354492,26.579999923706055,0
2011-08-08,38.099998474121094,38.189998626708984,31.510000228881836,32.61000061035156,0
2011-08-09,31.06999969482422,38.119998931884766,30.770000457763672,35.209999084472656,0
2011-08-10,36.58000183105469,37.41999816894531,32.77000045776367,33.810001373291016,0
2011-08-11,33.81999969482422,36.15999984741211,32.869998931884766,35.849998474121094,0
2011-08-12,32.75,33.310001373291016,31.079999923706055,32.84000015258789,0
2011-08-15,30.079999923706055,31.549999237060547,29.850000381469727,31.31999969482422,0
2011-08-16,30.440000534057617,31.690000534057617,29.489999771118164,31.110000610351562,0
2011-08-17,30.030000686645508,30.959999084472656,29.260000228881836,30.149999618530273,0
2011-08-18,36.599998474121094,38.2599983215332,30.030000686645508,33.290000915527344,0
2011-08-19,37.900001525878906,38.83000183105469,35.5,38.529998779296875,0
2011-08-22,38.2599983215332,38.4900016784668,35.119998931884766,35.119998931884766,0
2011-08-23,34.790000915527344,38.25,34.66999816894531,38.0099983215332,0
2011-08-24,34.79999923706055,35.7400016784668,33.869998931884766,35.310001373291016,0
2011-08-25,36.61000061035156,37.09000015258789,33.540000915527344,33.77000045776367,0
2011-08-26,34.40999984741211,39.41999816894531,33.349998474121094,37.5099983215332,0
2011-08-29,31.979999542236328,32.959999084472656,31.950000762939453,32.900001525878906,0
2011-08-30,32.470001220703125,32.91999816894531,31.649999618530273,32.41999816894531,0
2011-08-31,31.670000076293945,32.529998779296875,30.670000076293945,31.219999313354492,0
2011-09-01,31.989999771118164,32.279998779296875,30.8799991607666,31.81999969482422,0
2011-09-02,33.790000915527344,34.150001525878906,33.08000183105469,33.91999816894531,0
2011-09-06,35.380001068115234,37.380001068115234,35.380001068115234,37.380001068115234,0
2011-09-07,32.959999084472656,33.83000183105469,32.959999084472656,33.29999923706055,0
2011-09-08,33.709999084472656,34.2400016784668,32.52000045776367,33.560001373291016,0
2011-09-09,36.63999938964844,38.11000061035156,34.689998626708984,34.70000076293945,0
2011-09-12,37.060001373291016,39.52000045776367,37.0099983215332,38.540000915527344,0
2011-09-13,36.060001373291016,37.470001220703125,36.040000915527344,37.130001068115234,0
2011-09-14,34.959999084472656,36.84000015258789,34.130001068115234,35.79999923706055,0
2011-09-15,33.52000045776367,34.75,33.31999969482422,34.18000030517578,0
2011-09-16,32.95000076293945,33.709999084472656,32.869998931884766,33.27000045776367,0
2011-09-19,33.810001373291016,35.349998474121094,33.779998779296875,34.91999816894531,0
2011-09-20,33.619998931884766,34.119998931884766,32.79999923706055,33.599998474121094,0
2011-09-21,36.189998626708984,36.189998626708984,33.560001373291016,33.630001068115234,0
2011-09-22,39.150001525878906,40.599998474121094,38.119998931884766,38.84000015258789,0
2011-09-23,39.54999923706055,40.38999938964844,39.18000030517578,39.79999923706055,0
2011-09-26,38.029998779296875,40.540000915527344,38.029998779296875,39.060001373291016,0
2011-09-27,37.209999084472656,37.630001068115234,35.560001373291016,36.380001068115234,0
2011-09-28,39.52000045776367,39.630001068115234,36.41999816894531,37.060001373291016,0
2011-09-29,38.18000030517578,40.15999984741211,37.599998474121094,38.18000030517578,0
2011-09-30,41.2400016784668,41.2400016784668,38.18000030517578,39.54999923706055,0
2011-10-03,43.380001068115234,43.38999938964844,40.15999984741211,41.70000076293945,0
2011-10-04,40.45000076293945,44.65999984741211,39.95000076293945,43.63999938964844,0
2011-10-05,38.310001373291016,40.400001525878906,38.0099983215332,39.95000076293945,0
2011-10-06,37.040000915527344,38.79999923706055,36.97999954223633,38.36000061035156,0
2011-10-07,37.310001373291016,38.29999923706055,36.36000061035156,36.5099983215332,0
2011-10-10,34.790000915527344,36.08000183105469,34.779998779296875,36.08000183105469,0
2011-10-11,34.060001373291016,35.369998931884766,33.880001068115234,35.369998931884766,0
2011-10-12,32.970001220703125,33.66999816894531,31.389999389648438,33.540000915527344,0
2011-10-13,32.709999084472656,33.95000076293945,32.189998626708984,33.209999084472656,0
2011-10-14,30.389999389648438,32.0,30.309999465942383,31.440000534057617,0
2011-10-17,33.599998474121094,33.599998474121094,31.40999984741211,31.440000534057617,0
2011-10-18,31.979999542236328,34.560001373291016,30.229999542236328,33.59000015258789,0
2011-10-19,34.38999938964844,35.529998779296875,31.770000457763672,31.780000686645508,0
2011-10-20,34.20000076293945,36.4900016784668,33.880001068115234,34.66999816894531,0
2011-10-21,31.969999313354492,33.63999938964844,31.969999313354492,33.63999938964844,0
2011-10-24,30.469999313354492,32.16999816894531,30.420000076293945,32.040000915527344,0
2011-10-25,32.36000061035156,32.88999938964844,30.469999313354492,31.59000015258789,0
2011-10-26,30.940000534057617,32.959999084472656,30.829999923706055,31.360000610351562,0
2011-10-27,27.030000686645508,28.079999923706055,26.639999389648438,27.790000915527344,0
2011-10-28,26.520000457763672,27.5,26.479999542236328,27.489999771118164,0
2011-10-31,30.3700008392334,30.3700008392334,27.979999542236328,28.049999237060547,0
2011-11-01,34.02000045776367,35.56999969482422,30.3700008392334,34.380001068115234,0
2011-11-02,32.880001068115234,33.7599983215332,32.599998474121094,33.34000015258789,0
2011-11-03,31.6200008392334,34.02000045776367,31.459999084472656,31.829999923706055,0
2011-11-04,31.229999542236328,33.04999923706055,31.219999313354492,32.290000915527344,0
2011-11-07,31.3799991607666,32.61000061035156,31.09000015258789,31.690000534057617,0
2011-11-08,29.520000457763672,31.559999465942383,29.510000228881836,30.520000457763672,0
2011-11-09,35.4900016784668,35.560001373291016,32.040000915527344,32.310001373291016,0
2011-11-10,33.75,35.38999938964844,33.130001068115234,33.529998779296875,0
2011-11-11,31.600000381469727,31.889999389648438,31.270000457763672,31.530000686645508,0
2011-11-14,32.720001220703125,33.720001220703125,32.400001525878906,32.5,0
2011-11-15,32.52000045776367,33.27000045776367,32.040000915527344,33.08000183105469,0
2011-11-16,34.38999938964844,34.40999984741211,32.18000030517578,33.560001373291016,0
2011-11-17,35.31999969482422,36.68000030517578,33.880001068115234,34.15999984741211,0
2011-11-18,34.20000076293945,35.369998931884766,34.099998474121094,34.68000030517578,0
2011-11-21,34.779998779296875,36.369998931884766,34.470001220703125,35.41999816894531,0
2011-11-22,34.2400016784668,35.0,33.65999984741211,34.81999969482422,0
2011-11-23,35.869998931884766,35.869998931884766,34.45000076293945,34.70000076293945,0
2011-11-25,36.45000076293945,36.529998779296875,35.0,36.060001373291016,0
2011-11-28,33.939998626708984,34.7400016784668,32.189998626708984,34.7400016784668,0
2011-11-29,33.209999084472656,34.11000061035156,33.0,33.7400016784668,0
2011-11-30,30.579999923706055,31.139999389648438,29.899999618530273,31.09000015258789,0
2011-12-01,30.030000686645508,30.479999542236328,29.690000534057617,30.399999618530273,0
2011-12-02,29.850000381469727,29.93000030517578,28.170000076293945,28.829999923706055,0
2011-12-05,29.899999618530273,30.34000015258789,28.3700008392334,29.149999618530273,0
2011-12-06,30.15999984741211,30.170000076293945,29.530000686645508,30.020000457763672,0
2011-12-07,30.6200008392334,31.229999542236328,30.3700008392334,30.43000030517578,0
2011-12-08,32.09000015258789,32.47999954223633,31.280000686645508,31.440000534057617,0
2011-12-09,29.530000686645508,31.59000015258789,29.530000686645508,31.59000015258789,0
2011-12-12,30.170000076293945,31.479999542236328,30.139999389648438,30.690000534057617,0
2011-12-13,30.170000076293945,30.8700008392334,28.90999984741211,29.43000030517578,0
2011-12-14,30.420000076293945,31.34000015258789,30.1200008392334,30.399999618530273,0
2011-12-15,29.459999084472656,29.770000457763672,29.09000015258789,29.270000457763672,0
2011-12-16,29.030000686645508,29.579999923706055,28.549999237060547,28.760000228881836,0
2011-12-19,28.739999771118164,29.209999084472656,28.299999237060547,28.809999465942383,0
2011-12-20,26.8700008392334,27.399999618530273,26.780000686645508,27.399999618530273,0
2011-12-21,25.559999465942383,26.889999389648438,25.329999923706055,26.610000610351562,0
2011-12-22,25.280000686645508,25.520000457763672,24.559999465942383,25.350000381469727,0
2011-12-23,25.219999313354492,25.309999465942383,24.8799991607666,25.149999618530273,0
2011-12-27,25.540000915527344,25.989999771118164,25.31999969482422,25.829999923706055,0
2011-12-28,26.75,26.799999237060547,25.6200008392334,25.6200008392334,0
2011-12-29,26.25,26.790000915527344,26.190000534057617,26.790000915527344,0
2011-12-30,26.860000610351562,26.860000610351562,26.25,26.309999465942383,0
2012-01-03,26.049999237060547,26.059999465942383,25.6200008392334,25.850000381469727,0
2012-01-04,25.309999465942383,26.489999771118164,25.309999465942383,26.440000534057617,0
2012-01-05,24.700000762939453,26.010000228881836,24.6200008392334,25.719999313354492,0
2012-01-06,24.09000015258789,24.899999618530273,24.079999923706055,24.559999465942383,0
2012-01-09,24.1200008392334,24.600000381469727,24.049999237060547,24.440000534057617,0
2012-01-10,23.68000030517578,23.700000762939453,23.100000381469727,23.31999969482422,0
2012-01-11,24.110000610351562,24.170000076293945,23.8799991607666,24.09000015258789,0
2012-01-12,24.040000915527344,24.760000228881836,24.040000915527344,24.059999465942383,0
2012-01-13,24.670000076293945,25.5,24.6299991607666,24.739999771118164,0
2012-01-17,25.0,25.020000457763672,24.229999542236328,24.25,0
2012-01-18,24.18000030517578,25.670000076293945,24.020000457763672,25.350000381469727,0
2012-01-19,23.649999618530273,24.020000457763672,23.479999542236328,23.899999618530273,0
2012-01-20,22.81999969482422,23.649999618530273,22.719999313354492,23.6200008392334,0
2012-01-23,22.31999969482422,22.979999542236328,22.290000915527344,22.959999084472656,0
2012-01-24,22.030000686645508,23.040000915527344,22.030000686645508,23.010000228881836,0
2012-01-25,21.360000610351562,22.549999237060547,20.899999618530273,22.31999969482422,0
2012-01-26,21.68000030517578,21.889999389648438,20.610000610351562,20.93000030517578,0
2012-01-27,21.399999618530273,22.020000457763672,21.25,22.0,0
2012-01-30,21.920000076293945,22.729999542236328,21.770000457763672,22.649999618530273,0
2012-01-31,22.09000015258789,22.3799991607666,21.399999618530273,21.579999923706055,0
2012-02-01,21.540000915527344,22.40999984741211,21.139999389648438,21.469999313354492,0
2012-02-02,21.010000228881836,21.450000762939453,21.0,21.399999618530273,0
2012-02-03,20.049999237060547,20.350000381469727,19.329999923706055,19.950000762939453,0
2012-02-06,20.389999389648438,20.739999771118164,19.139999389648438,20.700000762939453,0
2012-02-07,20.139999389648438,20.579999923706055,19.940000534057617,20.459999084472656,0
2012-02-08,20.68000030517578,20.799999237060547,20.09000015258789,20.229999542236328,0
2012-02-09,21.34000015258789,21.34000015258789,20.6200008392334,20.670000076293945,0
2012-02-10,23.280000686645508,23.93000030517578,22.010000228881836,22.40999984741211,0
2012-02-13,22.1200008392334,22.610000610351562,21.18000030517578,22.56999969482422,0
2012-02-14,22.81999969482422,23.670000076293945,22.309999465942383,22.31999969482422,0
2012-02-15,24.1200008392334,24.450000762939453,22.739999771118164,22.809999465942383,0
2012-02-16,23.170000076293945,24.510000228881836,23.1200008392334,24.209999084472656,0
2012-02-17,22.389999389648438,22.579999923706055,21.969999313354492,22.559999465942383,0
2012-02-21,22.350000381469727,22.690000534057617,21.950000762939453,22.290000915527344,0
2012-02-22,22.09000015258789,22.649999618530273,21.920000076293945,22.510000228881836,0
2012-02-23,20.780000686645508,22.600000381469727,20.610000610351562,22.309999465942383,0
2012-02-24,21.18000030517578,21.3799991607666,20.40999984741211,20.75,0
2012-02-27,21.8700008392334,22.540000915527344,21.350000381469727,22.290000915527344,0
2012-02-28,21.600000381469727,22.239999771118164,21.540000915527344,21.969999313354492,0
2012-02-29,21.799999237060547,22.18000030517578,21.010000228881836,21.469999313354492,0
2012-03-01,21.030000686645508,21.559999465942383,21.030000686645508,21.399999618530273,0
2012-03-02,21.260000228881836,21.59000015258789,20.969999313354492,21.059999465942383,0
2012-03-05,21.989999771118164,22.3700008392334,21.6200008392334,21.6299991607666,0
2012-03-06,23.899999618530273,24.170000076293945,23.270000457763672,23.469999313354492,0
2012-03-07,22.719999313354492,23.649999618530273,22.709999084472656,23.610000610351562,0
2012-03-08,21.84000015258789,22.299999237060547,21.670000076293945,21.700000762939453,0
2012-03-09,21.219999313354492,21.559999465942383,20.889999389648438,21.010000228881836,0
2012-03-12,20.809999465942383,21.3799991607666,20.690000534057617,21.25,0
2012-03-13,19.600000381469727,20.549999237060547,19.59000015258789,19.989999771118164,0
2012-03-14,20.75,21.09000015258789,19.420000076293945,19.420000076293945,0
2012-03-15,20.540000915527344,20.920000076293945,20.110000610351562,20.440000534057617,0
2012-03-16,20.3700008392334,20.639999389648438,20.020000457763672,20.030000686645508,0
2012-03-19,19.940000534057617,20.520000457763672,19.729999542236328,20.5,0
2012-03-20,19.959999084472656,20.530000686645508,19.959999084472656,20.43000030517578,0
2012-03-21,19.25,19.90999984741211,19.09000015258789,19.530000686645508,0
2012-03-22,19.549999237060547,20.219999313354492,19.549999237060547,19.719999313354492,0
2012-03-23,18.639999389648438,19.90999984741211,18.639999389648438,19.420000076293945,0
2012-03-26,17.43000030517578,18.489999771118164,17.290000915527344,18.31999969482422,0
2012-03-27,18.56999969482422,18.56999969482422,16.84000015258789,17.510000228881836,0
2012-03-28,18.790000915527344,19.860000610351562,18.3799991607666,18.489999771118164,0
2012-03-29,18.84000015258789,19.920000076293945,18.780000686645508,19.729999542236328,0
2012-03-30,18.610000610351562,18.899999618530273,18.34000015258789,18.43000030517578,0
2012-04-02,18.459999084472656,19.209999084472656,18.059999465942383,19.059999465942383,0
2012-04-03,18.809999465942383,19.40999984741211,18.40999984741211,18.440000534057617,0
2012-04-04,19.450000762939453,20.360000610351562,19.34000015258789,19.790000915527344,0
2012-04-05,19.81999969482422,20.09000015258789,19.329999923706055,19.809999465942383,0
2012-04-09,21.209999084472656,21.209999084472656,20.5,21.1299991607666,0
2012-04-10,22.6200008392334,22.979999542236328,21.059999465942383,21.40999984741211,0
2012-04-11,22.469999313354492,22.479999542236328,21.420000076293945,21.760000228881836,0
2012-04-12,20.25,22.25,20.25,22.200000762939453,0
2012-04-13,21.989999771118164,22.030000686645508,20.75,20.75,0
2012-04-16,22.040000915527344,22.540000915527344,21.43000030517578,21.600000381469727,0
2012-04-17,20.850000381469727,21.350000381469727,20.530000686645508,21.350000381469727,0
2012-04-18,21.1200008392334,21.260000228881836,20.65999984741211,21.1200008392334,0
2012-04-19,21.229999542236328,21.989999771118164,20.510000228881836,21.0,0
2012-04-20,20.479999542236328,20.860000610351562,20.170000076293945,20.790000915527344,0
2012-04-23,21.389999389648438,22.219999313354492,21.34000015258789,22.079999923706055,0
2012-04-24,20.510000228881836,21.3700008392334,20.5,21.31999969482422,0
2012-04-25,19.459999084472656,19.899999618530273,19.459999084472656,19.760000228881836,0
2012-04-26,18.549999237060547,19.639999389648438,18.520000457763672,19.579999923706055,0
2012-04-27,18.739999771118164,18.93000030517578,18.459999084472656,18.56999969482422,0
2012-04-30,19.31999969482422,19.420000076293945,19.079999923706055,19.209999084472656,0
2012-05-01,19.1299991607666,19.520000457763672,18.3700008392334,19.3700008392334,0
2012-05-02,19.010000228881836,19.610000610351562,18.93000030517578,19.43000030517578,0
2012-05-03,19.5,19.649999618530273,18.950000762939453,18.979999542236328,0
2012-05-04,20.719999313354492,20.760000228881836,19.760000228881836,19.93000030517578,0
2012-05-07,20.450000762939453,21.100000381469727,20.18000030517578,21.100000381469727,0
2012-05-08,20.809999465942383,21.969999313354492,19.68000030517578,20.950000762939453,0
2012-05-09,21.530000686645508,22.479999542236328,20.90999984741211,21.90999984741211,0
2012-05-10,20.8700008392334,21.31999969482422,20.719999313354492,20.950000762939453,0
2012-05-11,21.549999237060547,21.6200008392334,20.700000762939453,21.6200008392334,0
2012-05-14,22.969999313354492,22.969999313354492,22.299999237060547,22.75,0
2012-05-15,23.920000076293945,24.139999389648438,22.540000915527344,23.040000915527344,0
2012-05-16,24.920000076293945,24.950000762939453,23.15999984741211,23.520000457763672,0
2012-05-17,26.40999984741211,26.40999984741211,24.479999542236328,24.520000457763672,0
2012-05-18,27.65999984741211,27.700000762939453,25.540000915527344,25.579999923706055,0
2012-05-21,24.709999084472656,26.889999389648438,24.709999084472656,26.860000610351562,0
2012-05-22,25.229999542236328,25.700000762939453,23.110000610351562,24.68000030517578,0
2012-05-23,25.110000610351562,27.100000381469727,24.899999618530273,26.170000076293945,0
2012-05-24,24.780000686645508,26.139999389648438,24.739999771118164,24.969999313354492,0
2012-05-25,24.93000030517578,25.43000030517578,24.719999313354492,25.3799991607666,0
2012-05-29,23.889999389648438,24.989999771118164,23.889999389648438,24.780000686645508,0
2012-05-30,26.190000534057617,26.190000534057617,24.90999984741211,24.90999984741211,0
2012-05-31,26.219999313354492,27.389999389648438,25.43000030517578,26.0,0
2012-06-01,28.469999313354492,28.579999923706055,27.290000915527344,27.670000076293945,0
2012-06-04,28.1200008392334,29.479999542236328,27.75,28.010000228881836,0
2012-06-05,26.8700008392334,28.049999237060547,26.8700008392334,28.049999237060547,0
2012-06-06,24.709999084472656,26.389999389648438,24.639999389648438,26.260000228881836,0
2012-06-07,24.469999313354492,24.8799991607666,23.739999771118164,23.780000686645508,0
2012-06-08,23.639999389648438,25.229999542236328,23.639999389648438,24.889999389648438,0
2012-06-11,25.5,25.510000228881836,22.989999771118164,23.010000228881836,0
2012-06-12,24.940000534057617,26.190000534057617,24.93000030517578,25.170000076293945,0
2012-06-13,26.5,27.079999923706055,25.049999237060547,25.600000381469727,0
2012-06-14,25.0,26.940000534057617,25.0,26.290000915527344,0
2012-06-15,23.670000076293945,25.31999969482422,23.450000762939453,24.799999237060547,0
2012-06-18,22.1299991607666,24.270000457763672,22.010000228881836,24.139999389648438,0
2012-06-19,21.920000076293945,21.93000030517578,21.15999984741211,21.75,0
2012-06-20,20.84000015258789,22.850000381469727,20.81999969482422,21.489999771118164,0
2012-06-21,23.15999984741211,23.290000915527344,16.719999313354492,20.65999984741211,0
2012-06-22,21.510000228881836,22.6299991607666,21.399999618530273,22.219999313354492,0
2012-06-25,23.030000686645508,23.780000686645508,22.549999237060547,22.940000534057617,0
2012-06-26,22.469999313354492,23.040000915527344,21.780000686645508,22.649999618530273,0
2012-06-27,22.360000610351562,22.719999313354492,21.989999771118164,22.31999969482422,0
2012-06-28,22.25,23.6200008392334,22.139999389648438,22.989999771118164,0
2012-06-29,20.31999969482422,22.25,19.149999618530273,20.610000610351562,0
2012-07-02,19.790000915527344,20.920000076293945,19.600000381469727,20.469999313354492,0
2012-07-03,19.31999969482422,19.8700008392334,19.31999969482422,19.690000534057617,0
2012-07-05,20.110000610351562,20.739999771118164,19.8700008392334,20.309999465942383,0
2012-07-06,20.040000915527344,20.950000762939453,19.93000030517578,20.860000610351562,0
2012-07-09,20.3700008392334,20.81999969482422,20.299999237060547,20.700000762939453,0
2012-07-10,20.8700008392334,21.190000534057617,19.8799991607666,20.15999984741211,0
2012-07-11,20.25,21.190000534057617,20.149999618530273,20.31999969482422,0
2012-07-12,20.690000534057617,21.610000610351562,20.309999465942383,21.049999237060547,0
2012-07-13,19.389999389648438,20.350000381469727,19.229999542236328,20.329999923706055,0
2012-07-16,19.610000610351562,19.860000610351562,19.299999237060547,19.780000686645508,0
2012-07-17,18.920000076293945,19.860000610351562,18.84000015258789,19.219999313354492,0
2012-07-18,18.940000534057617,19.270000457763672,18.690000534057617,19.1200008392334,0
2012-07-19,18.610000610351562,19.229999542236328,18.389999389648438,18.81999969482422,0
2012-07-20,19.639999389648438,19.8700008392334,19.15999984741211,19.360000610351562,0
2012-07-23,21.18000030517578,22.309999465942383,21.020000457763672,22.010000228881836,0
2012-07-24,22.260000228881836,22.760000228881836,21.15999984741211,21.15999984741211,0
2012-07-25,21.8799991607666,22.639999389648438,21.479999542236328,21.93000030517578,0
2012-07-26,20.239999771118164,20.969999313354492,19.59000015258789,20.559999465942383,0
2012-07-27,19.65999984741211,19.799999237060547,19.350000381469727,19.75,0
2012-07-30,20.1299991607666,20.18000030517578,19.670000076293945,19.940000534057617,0
2012-07-31,20.780000686645508,20.790000915527344,20.1299991607666,20.549999237060547,0
2012-08-01,20.670000076293945,20.8799991607666,20.280000686645508,20.6200008392334,0
2012-08-02,20.229999542236328,21.260000228881836,20.15999984741211,21.059999465942383,0
2012-08-03,18.68000030517578,19.200000762939453,18.68000030517578,19.139999389648438,0
2012-08-06,18.739999771118164,18.90999984741211,18.68000030517578,18.75,0
2012-08-07,18.809999465942383,18.84000015258789,18.329999923706055,18.489999771118164,0
2012-08-08,18.579999923706055,19.200000762939453,18.43000030517578,19.190000534057617,0
2012-08-09,18.229999542236328,18.56999969482422,18.200000762939453,18.559999465942383,0
2012-08-10,18.139999389648438,18.610000610351562,18.09000015258789,18.420000076293945,0
2012-08-13,18.06999969482422,18.520000457763672,17.829999923706055,18.479999542236328,0
2012-08-14,18.510000228881836,18.75,17.969999313354492,18.0,0
2012-08-15,18.860000610351562,18.8799991607666,18.239999771118164,18.75,0
2012-08-16,18.549999237060547,19.079999923706055,18.540000915527344,18.899999618530273,0
2012-08-17,18.350000381469727,19.1200008392334,18.190000534057617,18.510000228881836,0
2012-08-20,18.59000015258789,18.979999542236328,18.389999389648438,18.639999389648438,0
2012-08-21,18.799999237060547,18.989999771118164,18.239999771118164,18.459999084472656,0
2012-08-22,19.420000076293945,19.610000610351562,19.09000015258789,19.31999969482422,0
2012-08-23,20.09000015258789,20.43000030517578,19.360000610351562,19.530000686645508,0
2012-08-24,19.239999771118164,19.81999969482422,19.079999923706055,19.780000686645508,0
2012-08-27,19.920000076293945,19.959999084472656,19.450000762939453,19.809999465942383,0
2012-08-28,19.81999969482422,20.0,19.5,19.739999771118164,0
2012-08-29,20.459999084472656,20.459999084472656,19.899999618530273,19.989999771118164,0
2012-08-30,20.920000076293945,21.06999969482422,20.68000030517578,20.860000610351562,0
2012-08-31,20.6200008392334,21.030000686645508,19.649999618530273,20.459999084472656,0
2012-09-04,20.68000030517578,21.34000015258789,20.6299991607666,21.079999923706055,0
2012-09-05,19.989999771118164,20.190000534057617,19.420000076293945,20.170000076293945,0
2012-09-06,18.6200008392334,19.84000015258789,18.459999084472656,19.84000015258789,0
2012-09-07,17.59000015258789,18.6200008392334,17.59000015258789,18.6200008392334,0
2012-09-10,18.299999237060547,18.299999237060547,17.079999923706055,17.100000381469727,0
2012-09-11,18.290000915527344,18.440000534057617,17.850000381469727,18.43000030517578,0
2012-09-12,17.600000381469727,18.059999465942383,17.59000015258789,17.8799991607666,0
2012-09-13,16.450000762939453,18.360000610351562,16.06999969482422,17.68000030517578,0
2012-09-14,16.899999618530273,16.920000076293945,15.970000267028809,16.219999313354492,0
2012-09-17,17.1299991607666,17.229999542236328,16.979999542236328,17.110000610351562,0
2012-09-18,16.6299991607666,17.31999969482422,16.600000381469727,17.219999313354492,0
2012-09-19,16.489999771118164,16.690000534057617,16.15999984741211,16.56999969482422,0
2012-09-20,16.75,17.09000015258789,16.719999313354492,17.020000457763672,0
2012-09-21,16.790000915527344,16.809999465942383,16.5,16.56999969482422,0
2012-09-24,16.59000015258789,17.31999969482422,16.479999542236328,17.31999969482422,0
2012-09-25,17.600000381469727,17.700000762939453,16.450000762939453,16.559999465942383,0
2012-09-26,18.5,18.700000762939453,17.899999618530273,17.899999618530273,0
2012-09-27,17.06999969482422,18.25,17.06999969482422,18.209999084472656,0
2012-09-28,17.610000610351562,17.790000915527344,17.06999969482422,17.389999389648438,0
2012-10-01,17.920000076293945,18.030000686645508,17.1200008392334,17.739999771118164,0
2012-10-02,17.739999771118164,18.270000457763672,17.56999969482422,17.59000015258789,0
2012-10-03,17.579999923706055,17.959999084472656,17.3799991607666,17.65999984741211,0
2012-10-04,17.059999465942383,17.579999923706055,17.040000915527344,17.34000015258789,0
2012-10-05,16.93000030517578,17.1299991607666,16.489999771118164,16.579999923706055,0
2012-10-08,17.360000610351562,17.6299991607666,17.309999465942383,17.450000762939453,0
2012-10-09,18.010000228881836,18.010000228881836,17.31999969482422,17.389999389648438,0
2012-10-10,18.1299991607666,18.479999542236328,17.93000030517578,18.170000076293945,0
2012-10-11,17.56999969482422,17.700000762939453,17.260000228881836,17.3799991607666,0
2012-10-12,17.739999771118164,17.770000457763672,17.020000457763672,17.450000762939453,0
2012-10-15,17.110000610351562,17.799999237060547,17.09000015258789,17.75,0
2012-10-16,16.969999313354492,17.030000686645508,16.520000457763672,16.850000381469727,0
2012-10-17,16.610000610351562,17.110000610351562,16.5,16.979999542236328,0
2012-10-18,16.579999923706055,16.889999389648438,16.3700008392334,16.84000015258789,0
2012-10-19,18.1200008392334,18.309999465942383,16.639999389648438,16.639999389648438,0
2012-10-22,17.8700008392334,18.84000015258789,17.8700008392334,18.299999237060547,0
2012-10-23,19.450000762939453,19.809999465942383,18.93000030517578,18.979999542236328,0
2012-10-24,19.270000457763672,19.40999984741211,18.829999923706055,19.030000686645508,0
2012-10-25,19.110000610351562,19.459999084472656,18.479999542236328,18.670000076293945,0
2012-10-26,19.020000457763672,19.40999984741211,18.649999618530273,18.8700008392334,0
2012-10-31,19.309999465942383,19.450000762939453,18.610000610351562,18.739999771118164,0
2012-11-01,17.729999542236328,18.770000457763672,17.719999313354492,18.75,0
2012-11-02,18.549999237060547,18.549999237060547,17.3700008392334,17.3799991607666,0
2012-11-05,18.969999313354492,19.270000457763672,18.780000686645508,18.8799991607666,0
2012-11-06,18.239999771118164,18.81999969482422,17.989999771118164,18.799999237060547,0
2012-11-07,19.809999465942383,19.959999084472656,18.559999465942383,18.65999984741211,0
2012-11-08,19.829999923706055,19.93000030517578,19.290000915527344,19.6299991607666,0
2012-11-09,20.06999969482422,20.190000534057617,19.299999237060547,20.190000534057617,0
2012-11-12,19.149999618530273,20.110000610351562,19.149999618530273,20.110000610351562,0
2012-11-13,18.969999313354492,19.6200008392334,18.489999771118164,19.600000381469727,0
2012-11-14,19.8700008392334,19.940000534057617,18.450000762939453,18.690000534057617,0
2012-11-15,19.790000915527344,20.350000381469727,19.549999237060547,19.709999084472656,0
2012-11-16,18.93000030517578,20.25,18.93000030517578,19.540000915527344,0
2012-11-19,17.59000015258789,18.1299991607666,17.479999542236328,18.1299991607666,0
2012-11-20,17.280000686645508,17.770000457763672,17.270000457763672,17.56999969482422,0
2012-11-21,17.579999923706055,17.579999923706055,17.100000381469727,17.239999771118164,0
2012-11-23,17.579999923706055,17.579999923706055,16.8799991607666,17.270000457763672,0
2012-11-26,17.309999465942383,17.75,17.149999618530273,17.610000610351562,0
2012-11-27,17.6200008392334,17.6200008392334,16.950000762939453,17.200000762939453,0
2012-11-28,17.200000762939453,18.40999984741211,17.1200008392334,17.969999313354492,0
2012-11-29,16.81999969482422,17.149999618530273,16.65999984741211,16.93000030517578,0
2012-11-30,17.270000457763672,17.5,16.700000762939453,16.940000534057617,0
2012-12-03,17.81999969482422,17.84000015258789,17.010000228881836,17.079999923706055,0
2012-12-04,18.190000534057617,18.389999389648438,17.649999618530273,17.8799991607666,0
2012-12-05,17.829999923706055,18.610000610351562,17.68000030517578,18.079999923706055,0
2012-12-06,17.84000015258789,18.110000610351562,17.639999389648438,17.889999389648438,0
2012-12-07,17.290000915527344,17.989999771118164,17.270000457763672,17.549999237060547,0
2012-12-10,17.350000381469727,17.59000015258789,17.350000381469727,17.579999923706055,0
2012-12-11,17.0,17.360000610351562,16.899999618530273,17.219999313354492,0
2012-12-12,17.43000030517578,17.43000030517578,16.90999984741211,16.940000534057617,0
2012-12-13,17.8799991607666,18.040000915527344,17.329999923706055,17.420000076293945,0
2012-12-14,18.030000686645508,18.200000762939453,17.979999542236328,18.139999389648438,0
2012-12-17,17.5,18.200000762939453,17.40999984741211,18.190000534057617,0
2012-12-18,16.809999465942383,17.559999465942383,16.739999771118164,17.530000686645508,0
2012-12-19,17.860000610351562,17.8799991607666,16.860000610351562,17.049999237060547,0
2012-12-20,18.139999389648438,18.209999084472656,17.780000686645508,17.8700008392334,0
2012-12-21,18.8700008392334,19.799999237060547,18.850000381469727,19.600000381469727,0
2012-12-24,18.8700008392334,19.209999084472656,18.8700008392334,19.079999923706055,0
2012-12-26,19.93000030517578,19.93000030517578,19.15999984741211,19.18000030517578,0
2012-12-27,19.920000076293945,20.93000030517578,19.709999084472656,19.8700008392334,0
2012-12-28,21.8799991607666,21.920000076293945,20.200000762939453,20.510000228881836,0
2012-12-31,18.729999542236328,21.579999923706055,18.700000762939453,21.549999237060547,0
2013-01-02,16.690000534057617,17.6299991607666,16.59000015258789,17.0,0
2013-01-03,16.739999771118164,16.989999771118164,16.479999542236328,16.799999237060547,0
2013-01-04,16.34000015258789,16.489999771118164,16.18000030517578,16.43000030517578,0
2013-01-07,16.450000762939453,16.81999969482422,16.43000030517578,16.81999969482422,0
2013-01-08,16.450000762939453,16.84000015258789,16.3799991607666,16.5,0
2013-01-09,16.5,16.59000015258789,16.1299991607666,16.18000030517578,0
2013-01-10,16.1200008392334,16.5,16.06999969482422,16.06999969482422,0
2013-01-11,16.010000228881836,16.34000015258789,15.970000267028809,16.190000534057617,0
2013-01-14,16.290000915527344,16.510000228881836,16.15999984741211,16.309999465942383,0
2013-01-15,16.329999923706055,16.6200008392334,16.200000762939453,16.600000381469727,0
2013-01-16,16.239999771118164,16.469999313354492,16.030000686645508,16.329999923706055,0
2013-01-17,16.079999923706055,16.18000030517578,15.850000381469727,16.100000381469727,0
2013-01-18,15.289999961853027,16.040000915527344,15.220000267028809,15.989999771118164,0
2013-01-22,14.720000267028809,15.619999885559082,14.720000267028809,15.600000381469727,0
2013-01-23,14.5,14.899999618530273,14.390000343322754,14.899999618530273,0
2013-01-24,14.670000076293945,15.1899995803833,14.369999885559082,14.609999656677246,0
2013-01-25,14.65999984741211,14.789999961853027,14.430000305175781,14.579999923706055,0
2013-01-28,15.069999694824219,15.239999771118164,14.84000015258789,14.850000381469727,0
2013-01-29,14.739999771118164,15.300000190734863,14.670000076293945,15.289999961853027,0
2013-01-30,15.420000076293945,15.430000305175781,14.930000305175781,14.960000038146973,0
2013-01-31,15.550000190734863,15.619999885559082,15.390000343322754,15.579999923706055,0
2013-02-01,14.789999961853027,15.020000457763672,14.600000381469727,15.020000457763672,0
2013-02-04,15.789999961853027,15.850000381469727,15.270000457763672,15.40999984741211,0
2013-02-05,15.300000190734863,15.489999771118164,15.0,15.479999542236328,0
2013-02-06,15.140000343322754,15.539999961853027,15.109999656677246,15.489999771118164,0
2013-02-07,15.1899995803833,15.819999694824219,15.170000076293945,15.180000305175781,0
2013-02-08,14.800000190734863,15.020000457763672,14.729999542236328,15.020000457763672,0
2013-02-11,14.680000305175781,15.020000457763672,14.670000076293945,14.949999809265137,0
2013-02-12,14.529999732971191,14.829999923706055,14.449999809265137,14.739999771118164,0
2013-02-13,14.630000114440918,14.720000267028809,14.430000305175781,14.460000038146973,0
2013-02-14,14.430000305175781,14.899999618530273,14.430000305175781,14.880000114440918,0
2013-02-15,14.260000228881836,14.59000015258789,14.229999542236328,14.34000015258789,0
2013-02-19,13.989999771118164,14.4399995803833,13.9399995803833,14.4399995803833,0
2013-02-20,15.40999984741211,15.40999984741211,14.010000228881836,14.020000457763672,0
2013-02-21,15.710000038146973,16.3700008392334,15.40999984741211,15.40999984741211,0
2013-02-22,14.979999542236328,15.5600004196167,14.979999542236328,15.270000457763672,0
2013-02-25,17.940000534057617,18.030000686645508,14.569999694824219,14.670000076293945,0
2013-02-26,17.25,17.959999084472656,16.860000610351562,17.149999618530273,0
2013-02-27,15.65999984741211,17.100000381469727,15.460000038146973,17.100000381469727,0
2013-02-28,16.18000030517578,16.200000762939453,15.350000381469727,15.869999885559082,0
2013-03-01,16.290000915527344,17.1200008392334,16.09000015258789,16.670000076293945,0
2013-03-04,15.420000076293945,16.68000030517578,15.420000076293945,16.68000030517578,0
2013-03-05,14.949999809265137,15.079999923706055,14.75,15.039999961853027,0
2013-03-06,15.029999732971191,15.1899995803833,14.729999542236328,14.789999961853027,0
2013-03-07,14.739999771118164,15.029999732971191,14.710000038146973,14.960000038146973,0
2013-03-08,14.520000457763672,14.970000267028809,14.430000305175781,14.449999809265137,0
2013-03-11,14.300000190734863,14.970000267028809,14.300000190734863,14.890000343322754,0
2013-03-12,14.579999923706055,14.979999542236328,14.300000190734863,14.359999656677246,0
2013-03-13,14.510000228881836,14.779999732971191,14.510000228881836,14.550000190734863,0
2013-03-14,14.100000381469727,14.460000038146973,13.979999542236328,14.420000076293945,0
2013-03-15,14.260000228881836,14.670000076293945,14.210000038146973,14.210000038146973,0
2013-03-18,15.390000343322754,15.5,14.819999694824219,15.390000343322754,0
2013-03-19,15.710000038146973,16.719999313354492,15.09000015258789,15.140000343322754,0
2013-03-20,14.930000305175781,15.0,14.600000381469727,14.979999542236328,0
2013-03-21,15.529999732971191,15.630000114440918,14.920000076293945,15.239999771118164,0
2013-03-22,15.260000228881836,15.460000038146973,15.170000076293945,15.25,0
2013-03-25,15.300000190734863,15.859999656677246,14.710000038146973,14.880000114440918,0
2013-03-26,14.75,15.0,14.710000038146973,14.789999961853027,0
2013-03-27,14.930000305175781,15.529999732971191,14.800000190734863,15.40999984741211,0
2013-03-28,14.640000343322754,14.9399995803833,12.390000343322754,14.800000190734863,0
2013-04-01,15.279999732971191,15.460000038146973,14.949999809265137,15.029999732971191,0
2013-04-02,14.710000038146973,15.0,14.600000381469727,15.0,0
2013-04-03,15.489999771118164,15.729999542236328,14.699999809265137,14.699999809265137,0
2013-04-04,15.300000190734863,15.920000076293945,15.300000190734863,15.489999771118164,0
2013-04-05,15.380000114440918,16.3799991607666,15.329999923706055,16.3799991607666,0
2013-04-08,14.710000038146973,15.630000114440918,14.699999809265137,15.40999984741211,0
2013-04-09,14.460000038146973,15.0,14.350000381469727,14.680000305175781,0
2013-04-10,14.119999885559082,14.369999885559082,13.979999542236328,14.300000190734863,0
2013-04-11,14.170000076293945,14.239999771118164,13.9399995803833,14.1899995803833,0
2013-04-12,14.020000457763672,14.680000305175781,13.979999542236328,14.390000343322754,0
2013-04-15,17.030000686645508,17.030000686645508,14.539999961853027,14.670000076293945,0
2013-04-16,15.100000381469727,15.75,15.069999694824219,15.6899995803833,0
2013-04-17,16.93000030517578,17.459999084472656,15.729999542236328,15.90999984741211,0
2013-04-18,17.520000457763672,17.959999084472656,16.700000762939453,16.719999313354492,0
2013-04-19,16.170000076293945,17.209999084472656,16.170000076293945,17.1200008392334,0
2013-04-22,15.65999984741211,16.770000457763672,15.550000190734863,16.170000076293945,0
2013-04-23,14.829999923706055,15.800000190734863,14.819999694824219,15.180000305175781,0
2013-04-24,14.970000267028809,15.079999923706055,14.729999542236328,14.90999984741211,0
2013-04-25,14.960000038146973,15.09000015258789,14.529999732971191,14.970000267028809,0
2013-04-26,14.890000343322754,15.300000190734863,14.869999885559082,15.170000076293945,0
2013-04-29,14.920000076293945,15.0,14.600000381469727,14.920000076293945,0
2013-04-30,14.779999732971191,15.319999694824219,14.739999771118164,14.989999771118164,0
2013-05-01,15.609999656677246,15.640000343322754,15.029999732971191,15.029999732971191,0
2013-05-02,14.869999885559082,15.5,14.869999885559082,15.40999984741211,0
2013-05-03,14.449999809265137,14.520000457763672,14.3100004196167,14.390000343322754,0
2013-05-06,14.3100004196167,14.59000015258789,14.220000267028809,14.460000038146973,0
2013-05-07,14.350000381469727,14.40999984741211,14.149999618530273,14.220000267028809,0
2013-05-08,14.399999618530273,14.65999984741211,14.359999656677246,14.369999885559082,0
2013-05-09,14.8100004196167,15.079999923706055,14.449999809265137,14.539999961853027,0
2013-05-10,14.710000038146973,15.130000114440918,14.680000305175781,14.710000038146973,0
2013-05-13,15.050000190734863,15.239999771118164,14.930000305175781,15.100000381469727,0
2013-05-14,14.979999542236328,15.3100004196167,14.970000267028809,15.130000114440918,0
2013-05-15,15.050000190734863,15.5,15.020000457763672,15.210000038146973,0
2013-05-16,15.449999809265137,15.529999732971191,15.079999923706055,15.270000457763672,0
2013-05-17,15.170000076293945,15.399999618530273,15.039999961853027,15.229999542236328,0
2013-05-20,15.3100004196167,15.489999771118164,15.1899995803833,15.470000267028809,0
2013-05-21,15.779999732971191,15.779999732971191,15.279999732971191,15.359999656677246,0
2013-05-22,15.819999694824219,16.3700008392334,15.329999923706055,15.649999618530273,0
2013-05-23,16.0,16.6200008392334,15.899999618530273,16.59000015258789,0
2013-05-24,15.920000076293945,16.360000610351562,15.920000076293945,16.309999465942383,0
2013-05-28,15.869999885559082,16.010000228881836,15.420000076293945,15.479999542236328,0
2013-05-29,16.149999618530273,16.649999618530273,15.960000038146973,16.40999984741211,0
2013-05-30,16.010000228881836,16.25,15.859999656677246,16.170000076293945,0
2013-05-31,17.1299991607666,17.280000686645508,16.020000457763672,16.389999389648438,0
2013-06-03,17.219999313354492,17.950000762939453,17.09000015258789,17.18000030517578,0
2013-06-04,17.260000228881836,17.799999237060547,16.93000030517578,17.15999984741211,0
2013-06-05,18.0,18.18000030517578,17.450000762939453,17.56999969482422,0
2013-06-06,17.549999237060547,18.790000915527344,17.530000686645508,18.100000381469727,0
2013-06-07,16.719999313354492,17.25,16.600000381469727,17.09000015258789,0
2013-06-10,16.729999542236328,16.84000015258789,16.520000457763672,16.59000015258789,0
2013-06-11,17.90999984741211,17.969999313354492,17.139999389648438,17.770000457763672,0
2013-06-12,19.06999969482422,19.06999969482422,17.540000915527344,17.56999969482422,0
2013-06-13,17.829999923706055,19.079999923706055,17.790000915527344,18.969999313354492,0
2013-06-14,18.299999237060547,18.360000610351562,17.610000610351562,18.030000686645508,0
2013-06-17,17.989999771118164,18.479999542236328,17.65999984741211,17.850000381469727,0
2013-06-18,17.75,18.040000915527344,17.690000534057617,17.969999313354492,0
2013-06-19,17.780000686645508,18.139999389648438,16.979999542236328,17.920000076293945,0
2013-06-20,20.34000015258789,20.81999969482422,18.780000686645508,18.959999084472656,0
2013-06-21,19.489999771118164,20.700000762939453,19.100000381469727,19.399999618530273,0
2013-06-24,20.729999542236328,21.350000381469727,19.709999084472656,20.6299991607666,0
2013-06-25,19.670000076293945,20.200000762939453,19.34000015258789,19.75,0
2013-06-26,18.81999969482422,19.43000030517578,18.6200008392334,18.729999542236328,0
2013-06-27,18.559999465942383,18.690000534057617,18.190000534057617,18.329999923706055,0
2013-06-28,18.389999389648438,19.110000610351562,18.040000915527344,18.829999923706055,0
2013-07-01,17.920000076293945,18.31999969482422,17.649999618530273,18.31999969482422,0
2013-07-02,18.020000457763672,18.329999923706055,17.56999969482422,17.950000762939453,0
2013-07-03,17.809999465942383,18.540000915527344,17.809999465942383,18.440000534057617,0
2013-07-05,16.8799991607666,17.809999465942383,16.8799991607666,17.3700008392334,0
2013-07-08,16.40999984741211,16.940000534057617,16.399999618530273,16.690000534057617,0
2013-07-09,15.90999984741211,16.149999618530273,15.8100004196167,16.0,0
2013-07-10,15.770000457763672,16.049999237060547,15.640000343322754,16.010000228881836,0
2013-07-11,15.5,15.65999984741211,15.1899995803833,15.199999809265137,0
2013-07-12,15.649999618530273,15.819999694824219,15.510000228881836,15.569999694824219,0
2013-07-15,15.619999885559082,15.829999923706055,15.449999809265137,15.680000305175781,0
2013-07-16,16.010000228881836,16.110000610351562,15.569999694824219,15.600000381469727,0
2013-07-17,15.5600004196167,16.049999237060547,15.520000457763672,15.930000305175781,0
2013-07-18,15.5600004196167,15.579999923706055,15.119999885559082,15.380000114440918,0
2013-07-19,15.039999961853027,15.710000038146973,15.039999961853027,15.670000076293945,0
2013-07-22,14.6899995803833,15.369999885559082,14.6899995803833,15.300000190734863,0
2013-07-23,14.880000114440918,15.039999961853027,14.510000228881836,14.550000190734863,0
2013-07-24,15.1899995803833,15.40999984741211,14.789999961853027,14.789999961853027,0
2013-07-25,15.0,15.460000038146973,14.979999542236328,15.40999984741211,0
2013-07-26,14.800000190734863,15.5,14.800000190734863,15.260000228881836,0
2013-07-29,15.109999656677246,15.430000305175781,15.100000381469727,15.210000038146973,0
2013-07-30,14.979999542236328,15.449999809265137,14.979999542236328,15.079999923706055,0
2013-07-31,14.920000076293945,15.119999885559082,14.539999961853027,14.989999771118164,0
2013-08-01,14.550000190734863,14.630000114440918,14.399999618530273,14.479999542236328,0
2013-08-02,14.029999732971191,14.449999809265137,14.020000457763672,14.369999885559082,0
2013-08-05,13.859999656677246,14.199999809265137,13.850000381469727,14.109999656677246,0
2013-08-06,14.5600004196167,14.670000076293945,14.069999694824219,14.109999656677246,0
2013-08-07,14.8100004196167,15.4399995803833,14.800000190734863,14.880000114440918,0
2013-08-08,14.670000076293945,14.949999809265137,14.449999809265137,14.569999694824219,0
2013-08-09,15.100000381469727,15.279999732971191,14.649999618530273,14.770000457763672,0
2013-08-12,15.170000076293945,15.59000015258789,15.170000076293945,15.59000015258789,0
2013-08-13,14.859999656677246,15.420000076293945,14.789999961853027,15.15999984741211,0
2013-08-14,15.239999771118164,15.270000457763672,14.859999656677246,14.9399995803833,0
2013-08-15,16.239999771118164,16.469999313354492,15.829999923706055,16.049999237060547,0
2013-08-16,15.9399995803833,16.239999771118164,15.6899995803833,16.209999084472656,0
2013-08-19,16.399999618530273,16.450000762939453,15.960000038146973,16.290000915527344,0
2013-08-20,16.309999465942383,16.530000686645508,15.920000076293945,16.530000686645508,0
2013-08-21,16.790000915527344,17.059999465942383,15.880000114440918,16.889999389648438,0
2013-08-22,15.989999771118164,16.459999084472656,15.930000305175781,16.459999084472656,0
2013-08-23,15.550000190734863,16.06999969482422,15.550000190734863,15.770000457763672,0
2013-08-26,16.209999084472656,16.270000457763672,15.430000305175781,15.789999961853027,0
2013-08-27,17.68000030517578,17.790000915527344,16.860000610351562,17.309999465942383,0
2013-08-28,17.6200008392334,17.860000610351562,17.31999969482422,17.760000228881836,0
2013-08-29,17.899999618530273,17.979999542236328,17.260000228881836,17.780000686645508,0
2013-08-30,18.049999237060547,18.399999618530273,17.829999923706055,17.84000015258789,0
2013-09-03,17.639999389648438,18.09000015258789,17.3700008392334,17.459999084472656,0
2013-09-04,17.299999237060547,17.860000610351562,17.1299991607666,17.780000686645508,0
2013-09-05,17.139999389648438,17.34000015258789,17.030000686645508,17.34000015258789,0
2013-09-06,17.170000076293945,17.829999923706055,16.68000030517578,16.84000015258789,0
2013-09-09,16.829999923706055,17.110000610351562,16.59000015258789,17.059999465942383,0
2013-09-10,16.110000610351562,16.399999618530273,16.09000015258789,16.299999237060547,0
2013-09-11,15.609999656677246,16.309999465942383,15.399999618530273,16.309999465942383,0
2013-09-12,15.850000381469727,15.90999984741211,15.420000076293945,15.619999885559082,0
2013-09-13,15.699999809265137,15.920000076293945,15.670000076293945,15.819999694824219,0
2013-09-16,15.579999923706055,15.729999542236328,15.270000457763672,15.529999732971191,0
2013-09-17,15.65999984741211,15.720000267028809,15.520000457763672,15.609999656677246,0
2013-09-18,15.180000305175781,15.789999961853027,14.880000114440918,15.789999961853027,0
2013-09-19,15.020000457763672,15.140000343322754,14.829999923706055,14.84000015258789,0
2013-09-20,15.319999694824219,15.40999984741211,14.9399995803833,15.140000343322754,0
2013-09-23,15.920000076293945,16.06999969482422,15.640000343322754,15.649999618530273,0
2013-09-24,15.640000343322754,15.920000076293945,15.430000305175781,15.8100004196167,0
2013-09-25,15.5600004196167,15.949999809265137,15.420000076293945,15.739999771118164,0
2013-09-26,15.40999984741211,15.609999656677246,15.239999771118164,15.470000267028809,0
2013-09-27,16.040000915527344,16.190000534057617,15.8100004196167,15.869999885559082,0
2013-09-30,16.799999237060547,17.280000686645508,16.6200008392334,17.270000457763672,0
2013-10-01,16.1299991607666,16.770000457763672,16.100000381469727,16.760000228881836,0
2013-10-02,16.809999465942383,16.989999771118164,16.510000228881836,16.729999542236328,0
2013-10-03,17.700000762939453,18.399999618530273,16.90999984741211,16.93000030517578,0
2013-10-04,17.209999084472656,17.8799991607666,17.139999389648438,17.81999969482422,0
2013-10-07,19.06999969482422,19.06999969482422,18.040000915527344,18.520000457763672,0
2013-10-08,19.84000015258789,20.239999771118164,18.81999969482422,18.84000015258789,0
2013-10-09,19.290000915527344,20.3700008392334,18.940000534057617,19.690000534057617,0
2013-10-10,17.209999084472656,18.200000762939453,17.139999389648438,18.200000762939453,0
2013-10-11,16.56999969482422,17.200000762939453,16.40999984741211,17.18000030517578,0
2013-10-14,16.920000076293945,17.799999237060547,16.639999389648438,17.520000457763672,0
2013-10-15,18.40999984741211,18.40999984741211,16.93000030517578,17.049999237060547,0
2013-10-16,16.260000228881836,17.700000762939453,16.170000076293945,17.700000762939453,0
2013-10-17,15.4399995803833,16.25,15.3100004196167,16.190000534057617,0
2013-10-18,14.920000076293945,15.270000457763672,14.739999771118164,15.100000381469727,0
2013-10-21,15.140000343322754,15.270000457763672,14.869999885559082,14.930000305175781,0
2013-10-22,15.020000457763672,15.229999542236328,14.819999694824219,14.880000114440918,0
2013-10-23,15.109999656677246,15.670000076293945,15.109999656677246,15.350000381469727,0
2013-10-24,14.899999618530273,15.229999542236328,14.850000381469727,15.15999984741211,0
2013-10-25,14.869999885559082,14.979999542236328,14.65999984741211,14.850000381469727,0
2013-10-28,14.869999885559082,15.149999618530273,14.789999961853027,15.119999885559082,0
2013-10-29,15.029999732971191,15.09000015258789,14.720000267028809,14.829999923706055,0
2013-10-30,15.130000114440918,15.449999809265137,14.680000305175781,14.680000305175781,0
2013-10-31,15.25,15.420000076293945,14.8100004196167,15.239999771118164,0
2013-11-01,15.0600004196167,15.40999984741211,15.010000228881836,15.149999618530273,0
2013-11-04,14.680000305175781,15.319999694824219,14.630000114440918,15.0600004196167,0
2013-11-05,14.920000076293945,15.130000114440918,14.680000305175781,14.890000343322754,0
2013-11-06,14.65999984741211,14.880000114440918,14.619999885559082,14.729999542236328,0
2013-11-07,15.359999656677246,15.470000267028809,14.609999656677246,14.619999885559082,0
2013-11-08,14.630000114440918,15.319999694824219,14.569999694824219,15.289999961853027,0
2013-11-11,14.729999542236328,14.890000343322754,14.6899995803833,14.8100004196167,0
2013-11-12,14.880000114440918,15.0600004196167,14.800000190734863,14.960000038146973,0
2013-11-13,14.829999923706055,15.25,14.8100004196167,15.25,0
2013-11-14,14.880000114440918,14.960000038146973,14.65999984741211,14.890000343322754,0
2013-11-15,14.800000190734863,14.859999656677246,14.649999618530273,14.710000038146973,0
2013-11-18,14.930000305175781,15.039999961853027,14.630000114440918,14.800000190734863,0
2013-11-19,15.25,15.3100004196167,14.890000343322754,14.989999771118164,0
2013-11-20,14.989999771118164,15.359999656677246,14.760000228881836,15.359999656677246,0
2013-11-21,14.520000457763672,14.920000076293945,14.40999984741211,14.90999984741211,0
2013-11-22,14.149999618530273,14.520000457763672,14.149999618530273,14.489999771118164,0
2013-11-25,14.430000305175781,14.510000228881836,14.140000343322754,14.15999984741211,0
2013-11-26,14.550000190734863,14.59000015258789,14.270000457763672,14.539999961853027,0
2013-11-27,14.600000381469727,14.619999885559082,14.399999618530273,14.579999923706055,0
2013-11-29,15.029999732971191,15.0600004196167,14.619999885559082,14.699999809265137,0
2013-12-02,15.1899995803833,15.229999542236328,14.979999542236328,15.09000015258789,0
2013-12-03,15.489999771118164,15.880000114440918,15.40999984741211,15.579999923706055,0
2013-12-04,15.569999694824219,16.209999084472656,15.289999961853027,15.869999885559082,0
2013-12-05,15.779999732971191,15.989999771118164,15.579999923706055,15.699999809265137,0
2013-12-06,14.949999809265137,15.25,14.819999694824219,15.100000381469727,0
2013-12-09,14.930000305175781,15.140000343322754,14.930000305175781,15.069999694824219,0
2013-12-10,15.220000267028809,15.239999771118164,15.010000228881836,15.100000381469727,0
2013-12-11,15.989999771118164,16.030000686645508,15.260000228881836,15.260000228881836,0
2013-12-12,16.1200008392334,16.420000076293945,15.880000114440918,16.139999389648438,0
2013-12-13,16.270000457763672,16.290000915527344,15.90999984741211,15.949999809265137,0
2013-12-16,16.389999389648438,16.40999984741211,15.890000343322754,16.110000610351562,0
2013-12-17,16.5,16.8700008392334,16.34000015258789,16.479999542236328,0
2013-12-18,14.989999771118164,16.84000015258789,14.949999809265137,16.3700008392334,0
2013-12-19,15.279999732971191,15.289999961853027,14.819999694824219,15.039999961853027,0
2013-12-20,15.010000228881836,15.130000114440918,14.720000267028809,14.960000038146973,0
2013-12-23,14.520000457763672,14.8100004196167,14.520000457763672,14.670000076293945,0
2013-12-24,14.239999771118164,14.539999961853027,14.239999771118164,14.380000114440918,0
2013-12-26,14.029999732971191,14.170000076293945,13.779999732971191,14.149999618530273,0
2013-12-27,13.979999542236328,14.050000190734863,13.890000343322754,13.890000343322754,0
2013-12-30,14.770000457763672,14.779999732971191,14.199999809265137,14.199999809265137,0
2013-12-31,14.770000457763672,15.130000114440918,14.649999618530273,14.670000076293945,0
2014-01-02,15.260000228881836,15.40999984741211,15.079999923706055,15.130000114440918,0
2014-01-03,15.09000015258789,15.359999656677246,14.970000267028809,15.210000038146973,0
2014-01-06,14.819999694824219,15.180000305175781,14.75,14.779999732971191,0
2014-01-07,14.40999984741211,14.670000076293945,13.569999694824219,13.579999923706055,0
2014-01-08,14.289999961853027,14.59000015258789,14.270000457763672,14.479999542236328,0
2014-01-09,14.289999961853027,14.630000114440918,14.229999542236328,14.289999961853027,0
2014-01-10,13.9399995803833,14.369999885559082,13.9399995803833,14.109999656677246,0
2014-01-13,14.979999542236328,15.170000076293945,14.1899995803833,14.260000228881836,0
2014-01-14,14.489999771118164,14.8100004196167,14.319999694824219,14.8100004196167,0
2014-01-15,14.460000038146973,14.550000190734863,14.289999961853027,14.359999656677246,0
2014-01-16,14.6899995803833,14.789999961853027,14.550000190734863,14.569999694824219,0
2014-01-17,14.630000114440918,14.970000267028809,14.369999885559082,14.680000305175781,0
2014-01-21,14.619999885559082,15.119999885559082,14.5600004196167,14.5600004196167,0
2014-01-22,14.470000267028809,14.800000190734863,14.4399995803833,14.579999923706055,0
2014-01-23,14.979999542236328,15.539999961853027,14.9399995803833,14.989999771118164,0
2014-01-24,17.399999618530273,17.399999618530273,15.670000076293945,15.6899995803833,0
2014-01-27,17.1299991607666,18.06999969482422,16.709999084472656,16.90999984741211,0
2014-01-28,16.200000762939453,17.1200008392334,16.170000076293945,17.1200008392334,0
2014-01-29,17.239999771118164,17.540000915527344,16.59000015258789,17.399999618530273,0
2014-01-30,17.3700008392334,17.3700008392334,16.469999313354492,16.700000762939453,0
2014-01-31,18.09000015258789,18.510000228881836,17.489999771118164,18.43000030517578,0
2014-02-03,20.139999389648438,20.200000762939453,18.170000076293945,18.280000686645508,0
2014-02-04,19.079999923706055,19.979999542236328,18.600000381469727,19.3799991607666,0
2014-02-05,19.670000076293945,19.989999771118164,19.059999465942383,19.3799991607666,0
2014-02-06,17.790000915527344,19.100000381469727,17.780000686645508,19.100000381469727,0
2014-02-07,16.34000015258789,17.229999542236328,16.25,17.030000686645508,0
2014-02-10,16.31999969482422,16.700000762939453,16.309999465942383,16.559999465942383,0
2014-02-11,15.75,16.290000915527344,15.470000267028809,16.290000915527344,0
2014-02-12,15.649999618530273,15.970000267028809,15.239999771118164,15.609999656677246,0
2014-02-13,15.5,16.329999923706055,15.430000305175781,16.239999771118164,0
2014-02-14,15.170000076293945,15.5600004196167,15.0,15.5600004196167,0
2014-02-18,15.220000267028809,15.510000228881836,15.09000015258789,15.25,0
2014-02-19,16.290000915527344,16.329999923706055,15.25,15.569999694824219,0
2014-02-20,15.720000267028809,16.5,15.649999618530273,16.100000381469727,0
2014-02-21,15.640000343322754,15.65999984741211,15.300000190734863,15.609999656677246,0
2014-02-24,15.5,15.760000228881836,15.109999656677246,15.649999618530273,0
2014-02-25,15.5,16.040000915527344,15.359999656677246,15.460000038146973,0
2014-02-26,15.90999984741211,16.0,15.3100004196167,15.369999885559082,0
2014-02-27,15.630000114440918,16.040000915527344,15.59000015258789,15.920000076293945,0
2014-02-28,15.800000190734863,16.239999771118164,15.350000381469727,15.710000038146973,0
2014-03-03,16.920000076293945,17.440000534057617,16.579999923706055,17.110000610351562,0
2014-03-04,15.6899995803833,15.960000038146973,15.670000076293945,15.890000343322754,0
2014-03-05,15.770000457763672,16.06999969482422,15.579999923706055,15.739999771118164,0
2014-03-06,15.829999923706055,16.010000228881836,15.520000457763672,15.579999923706055,0
2014-03-07,15.869999885559082,16.09000015258789,15.5,15.5,0
2014-03-10,15.970000267028809,16.690000534057617,15.84000015258789,16.209999084472656,0
2014-03-11,16.350000381469727,16.3799991607666,15.75,15.960000038146973,0
2014-03-12,16.079999923706055,16.8700008392334,16.079999923706055,16.780000686645508,0
2014-03-13,17.1299991607666,17.40999984741211,15.930000305175781,15.949999809265137,0
2014-03-14,17.93000030517578,18.260000228881836,17.030000686645508,17.3700008392334,0
2014-03-17,16.690000534057617,17.18000030517578,16.440000534057617,17.18000030517578,0
2014-03-18,16.15999984741211,16.540000915527344,15.920000076293945,16.440000534057617,0
2014-03-19,16.31999969482422,17.030000686645508,15.770000457763672,16.1200008392334,0
2014-03-20,15.859999656677246,16.65999984741211,15.859999656677246,16.520000457763672,0
2014-03-21,16.18000030517578,16.280000686645508,15.489999771118164,15.539999961853027,0
2014-03-24,16.100000381469727,16.700000762939453,15.779999732971191,15.859999656677246,0
2014-03-25,15.529999732971191,16.1200008392334,15.470000267028809,15.5600004196167,0
2014-03-26,16.079999923706055,16.190000534057617,15.1899995803833,15.319999694824219,0
2014-03-27,15.869999885559082,16.489999771118164,15.739999771118164,16.139999389648438,0
2014-03-28,15.460000038146973,15.859999656677246,15.229999542236328,15.579999923706055,0
2014-03-31,15.079999923706055,15.289999961853027,14.859999656677246,15.130000114440918,0
2014-04-01,14.399999618530273,14.789999961853027,14.399999618530273,14.760000228881836,0
2014-04-02,14.449999809265137,14.630000114440918,14.260000228881836,14.420000076293945,0
2014-04-03,14.5,14.779999732971191,14.34000015258789,14.350000381469727,0
2014-04-04,14.960000038146973,15.329999923706055,14.149999618530273,14.210000038146973,0
2014-04-07,15.899999618530273,16.190000534057617,15.149999618530273,15.550000190734863,0
2014-04-08,15.529999732971191,16.479999542236328,15.430000305175781,15.949999809265137,0
2014-04-09,14.829999923706055,15.5600004196167,14.75,15.319999694824219,0
2014-04-10,16.06999969482422,16.3799991607666,14.739999771118164,14.979999542236328,0
2014-04-11,16.790000915527344,17.600000381469727,15.8100004196167,16.639999389648438,0
2014-04-14,16.3700008392334,17.229999542236328,16.190000534057617,16.209999084472656,0
2014-04-15,15.989999771118164,17.3700008392334,15.979999542236328,16.479999542236328,0
2014-04-16,15.229999542236328,15.850000381469727,15.149999618530273,15.510000228881836,0
2014-04-17,14.84000015258789,15.279999732971191,14.630000114440918,15.210000038146973,0
2014-04-21,14.75,15.210000038146973,14.670000076293945,15.199999809265137,0
2014-04-22,14.609999656677246,14.710000038146973,14.460000038146973,14.699999809265137,0
2014-04-23,14.829999923706055,14.920000076293945,14.65999984741211,14.699999809265137,0
2014-04-24,14.770000457763672,15.149999618530273,14.529999732971191,14.670000076293945,0
2014-04-25,15.180000305175781,15.600000381469727,15.079999923706055,15.09000015258789,0
2014-04-28,14.930000305175781,15.800000190734863,14.850000381469727,15.199999809265137,0
2014-04-29,14.829999923706055,15.100000381469727,14.75,14.84000015258789,0
2014-04-30,14.699999809265137,15.109999656677246,14.630000114440918,15.029999732971191,0
2014-05-01,14.670000076293945,14.970000267028809,14.550000190734863,14.880000114440918,0
2014-05-02,14.680000305175781,14.970000267028809,14.460000038146973,14.65999984741211,0
2014-05-05,14.75,15.449999809265137,14.630000114440918,15.279999732971191,0
2014-05-06,15.119999885559082,15.119999885559082,14.710000038146973,14.9399995803833,0
2014-05-07,14.619999885559082,15.399999618530273,14.600000381469727,14.869999885559082,0
2014-05-08,14.579999923706055,14.890000343322754,14.25,14.8100004196167,0
2014-05-09,14.380000114440918,14.949999809265137,14.289999961853027,14.630000114440918,0
2014-05-12,13.880000114440918,14.170000076293945,13.819999694824219,14.149999618530273,0
2014-05-13,14.039999961853027,14.109999656677246,13.770000457763672,13.880000114440918,0
2014-05-14,14.180000305175781,14.369999885559082,14.0,14.170000076293945,0
2014-05-15,14.859999656677246,15.1899995803833,14.529999732971191,14.529999732971191,0
2014-05-16,14.329999923706055,14.930000305175781,14.109999656677246,14.789999961853027,0
2014-05-19,14.109999656677246,14.609999656677246,14.0600004196167,14.59000015258789,0
2014-05-20,14.40999984741211,14.699999809265137,14.100000381469727,14.300000190734863,0
2014-05-21,13.869999885559082,14.069999694824219,13.729999542236328,14.0,0
2014-05-22,13.829999923706055,13.90999984741211,13.5600004196167,13.819999694824219,0
2014-05-23,13.619999885559082,13.880000114440918,13.600000381469727,13.829999923706055,0
2014-05-27,13.640000343322754,13.670000076293945,13.569999694824219,13.600000381469727,0
2014-05-28,13.770000457763672,13.8100004196167,13.569999694824219,13.640000343322754,0
2014-05-29,13.710000038146973,13.920000076293945,13.4399995803833,13.680000305175781,0
2014-05-30,13.75,13.84000015258789,13.640000343322754,13.720000267028809,0
2014-06-02,13.880000114440918,14.140000343322754,13.829999923706055,13.869999885559082,0
2014-06-03,13.819999694824219,14.149999618530273,13.8100004196167,14.109999656677246,0
2014-06-04,13.770000457763672,14.039999961853027,13.739999771118164,14.0,0
2014-06-05,13.579999923706055,13.789999961853027,13.279999732971191,13.75,0
2014-06-06,12.829999923706055,13.149999618530273,12.729999542236328,13.130000114440918,0
2014-06-09,13.020000457763672,13.100000381469727,12.819999694824219,12.970000267028809,0
2014-06-10,13.010000228881836,13.260000228881836,12.960000038146973,13.09000015258789,0
2014-06-11,13.289999961853027,13.4399995803833,13.119999885559082,13.260000228881836,0
2014-06-12,14.109999656677246,14.4399995803833,13.40999984741211,13.430000305175781,0
2014-06-13,13.789999961853027,14.319999694824219,13.720000267028809,14.079999923706055,0
2014-06-16,13.970000267028809,14.170000076293945,13.800000190734863,14.079999923706055,0
2014-06-17,13.65999984741211,14.119999885559082,13.529999732971191,14.069999694824219,0
2014-06-18,12.619999885559082,13.489999771118164,12.609999656677246,13.430000305175781,0
2014-06-19,12.699999809265137,12.850000381469727,12.5600004196167,12.829999923706055,0
2014-06-20,12.869999885559082,12.890000343322754,12.5600004196167,12.569999694824219,0
2014-06-23,12.920000076293945,13.170000076293945,12.880000114440918,13.0600004196167,0
2014-06-24,13.380000114440918,13.430000305175781,12.729999542236328,13.119999885559082,0
2014-06-25,13.109999656677246,13.630000114440918,13.039999961853027,13.630000114440918,0
2014-06-26,13.069999694824219,13.59000015258789,12.989999771118164,13.010000228881836,0
2014-06-27,12.819999694824219,13.220000267028809,12.760000228881836,13.130000114440918,0
2014-06-30,13.010000228881836,13.079999923706055,12.850000381469727,13.039999961853027,0
2014-07-01,12.739999771118164,12.869999885559082,12.479999542236328,12.859999656677246,0
2014-07-02,12.489999771118164,12.699999809265137,12.289999961853027,12.699999809265137,0
2014-07-03,12.239999771118164,12.40999984741211,12.1899995803833,12.34000015258789,0
2014-07-07,12.869999885559082,12.890000343322754,12.640000343322754,12.699999809265137,0
2014-07-08,13.210000038146973,13.550000190734863,13.109999656677246,13.109999656677246,0
2014-07-09,12.989999771118164,13.25,12.850000381469727,13.130000114440918,0
2014-07-10,13.649999618530273,14.010000228881836,13.239999771118164,13.989999771118164,0
2014-07-11,13.279999732971191,13.710000038146973,13.239999771118164,13.630000114440918,0
2014-07-14,12.930000305175781,13.0600004196167,12.819999694824219,13.039999961853027,0
2014-07-15,13.15999984741211,13.399999618530273,12.819999694824219,12.859999656677246,0
2014-07-16,12.630000114440918,12.90999984741211,12.5600004196167,12.680000305175781,0
2014-07-17,14.970000267028809,14.970000267028809,12.630000114440918,12.630000114440918,0
2014-07-18,13.359999656677246,13.930000305175781,13.149999618530273,13.8100004196167,0
2014-07-21,13.800000190734863,14.020000457763672,13.529999732971191,13.600000381469727,0
2014-07-22,13.5,13.5,13.0,13.180000305175781,0
2014-07-23,13.380000114440918,13.539999961853027,13.050000190734863,13.079999923706055,0
2014-07-24,13.449999809265137,13.5600004196167,13.210000038146973,13.210000038146973,0
2014-07-25,14.0,14.010000228881836,13.510000228881836,13.510000228881836,0
2014-07-28,13.920000076293945,14.399999618530273,13.869999885559082,14.029999732971191,0
2014-07-29,14.220000267028809,14.229999542236328,13.59000015258789,13.720000267028809,0
2014-07-30,14.260000228881836,14.550000190734863,13.739999771118164,13.8100004196167,0
2014-07-31,16.3799991607666,16.489999771118164,14.779999732971191,14.819999694824219,0
2014-08-01,16.780000686645508,17.010000228881836,15.640000343322754,16.31999969482422,0
2014-08-04,15.8100004196167,16.729999542236328,15.550000190734863,16.579999923706055,0
2014-08-05,17.139999389648438,17.34000015258789,15.970000267028809,16.079999923706055,0
2014-08-06,16.93000030517578,17.3700008392334,16.34000015258789,17.3700008392334,0
2014-08-07,17.219999313354492,17.690000534057617,16.309999465942383,16.420000076293945,0
2014-08-08,16.690000534057617,17.600000381469727,16.479999542236328,16.860000610351562,0
2014-08-11,15.760000228881836,16.110000610351562,15.479999542236328,16.110000610351562,0
2014-08-12,15.699999809265137,15.989999771118164,15.40999984741211,15.699999809265137,0
2014-08-13,14.850000381469727,15.65999984741211,14.720000267028809,15.229999542236328,0
2014-08-14,14.430000305175781,14.609999656677246,14.119999885559082,14.369999885559082,0
2014-08-15,14.420000076293945,15.300000190734863,13.770000457763672,13.770000457763672,0
2014-08-18,13.90999984741211,14.09000015258789,13.720000267028809,13.930000305175781,0
2014-08-19,13.789999961853027,13.789999961853027,13.369999885559082,13.40999984741211,0
2014-08-20,13.760000228881836,14.029999732971191,13.630000114440918,13.729999542236328,0
2014-08-21,13.529999732971191,13.670000076293945,13.380000114440918,13.550000190734863,0
2014-08-22,13.510000228881836,14.020000457763672,13.489999771118164,13.550000190734863,0
2014-08-25,13.569999694824219,13.569999694824219,13.239999771118164,13.359999656677246,0
2014-08-26,13.710000038146973,13.829999923706055,13.210000038146973,13.5,0
2014-08-27,13.920000076293945,13.970000267028809,13.579999923706055,13.609999656677246,0
2014-08-28,14.130000114440918,14.329999923706055,14.119999885559082,14.180000305175781,0
2014-08-29,14.260000228881836,14.390000343322754,13.90999984741211,13.90999984741211,0
2014-09-02,14.460000038146973,14.699999809265137,14.229999542236328,14.25,0
2014-09-03,14.390000343322754,14.569999694824219,14.09000015258789,14.09000015258789,0
2014-09-04,14.539999961853027,14.800000190734863,13.890000343322754,14.329999923706055,0
2014-09-05,14.079999923706055,14.890000343322754,14.039999961853027,14.399999618530273,0
2014-09-08,14.390000343322754,14.609999656677246,14.289999961853027,14.359999656677246,0
2014-09-09,14.84000015258789,15.020000457763672,14.420000076293945,14.4399995803833,0
2014-09-10,14.630000114440918,15.170000076293945,14.630000114440918,14.890000343322754,0
2014-09-11,14.680000305175781,15.079999923706055,14.59000015258789,14.979999542236328,0
2014-09-12,15.039999961853027,15.369999885559082,14.670000076293945,14.670000076293945,0
2014-09-15,15.579999923706055,15.59000015258789,15.069999694824219,15.069999694824219,0
2014-09-16,14.850000381469727,15.8100004196167,14.850000381469727,15.8100004196167,0
2014-09-17,14.619999885559082,14.869999885559082,14.100000381469727,14.869999885559082,0
2014-09-18,14.229999542236328,14.470000267028809,14.229999542236328,14.369999885559082,0
2014-09-19,14.380000114440918,14.600000381469727,13.890000343322754,13.960000038146973,0
2014-09-22,15.260000228881836,15.40999984741211,14.739999771118164,14.739999771118164,0
2014-09-23,16.06999969482422,16.06999969482422,15.25,15.729999542236328,0
2014-09-24,15.220000267028809,15.989999771118164,15.180000305175781,15.739999771118164,0
2014-09-25,16.59000015258789,16.90999984741211,15.399999618530273,15.40999984741211,0
2014-09-26,16.020000457763672,16.56999969482422,15.699999809265137,16.489999771118164,0
2014-09-29,16.81999969482422,17.270000457763672,16.399999618530273,17.25,0
2014-09-30,17.079999923706055,17.149999618530273,16.43000030517578,16.65999984741211,0
2014-10-01,17.6200008392334,18.139999389648438,17.139999389648438,17.18000030517578,0
2014-10-02,17.239999771118164,18.360000610351562,17.010000228881836,17.56999969482422,0
2014-10-03,16.040000915527344,16.8700008392334,16.040000915527344,16.760000228881836,0
2014-10-06,16.549999237060547,16.709999084472656,15.729999542236328,15.729999542236328,0
2014-10-07,17.68000030517578,17.920000076293945,16.889999389648438,17.020000457763672,0
2014-10-08,16.280000686645508,18.09000015258789,16.280000686645508,17.719999313354492,0
2014-10-09,18.09000015258789,18.459999084472656,16.459999084472656,16.68000030517578,0
2014-10-10,19.93000030517578,20.059999465942383,17.8799991607666,18.299999237060547,0
2014-10-13,22.1200008392334,22.18000030517578,19.43000030517578,19.84000015258789,0
2014-10-14,21.3700008392334,22.719999313354492,20.31999969482422,21.59000015258789,0
2014-10-15,22.770000457763672,26.56999969482422,22.360000610351562,23.899999618530273,0
2014-10-16,22.850000381469727,25.309999465942383,21.360000610351562,25.309999465942383,0
2014-10-17,21.25,21.690000534057617,20.200000762939453,20.899999618530273,0
2014-10-20,19.670000076293945,21.510000228881836,19.40999984741211,21.459999084472656,0
2014-10-21,17.8700008392334,19.059999465942383,17.8700008392334,19.030000686645508,0
2014-10-22,19.059999465942383,19.510000228881836,17.649999618530273,17.799999237060547,0
2014-10-23,18.219999313354492,18.479999542236328,17.670000076293945,17.940000534057617,0
2014-10-24,17.920000076293945,18.860000610351562,17.829999923706055,18.18000030517578,0
2014-10-27,17.860000610351562,18.829999923706055,17.850000381469727,18.510000228881836,0
2014-10-28,16.459999084472656,17.610000610351562,16.440000534057617,17.600000381469727,0
2014-10-29,16.889999389648438,17.649999618530273,16.100000381469727,16.549999237060547,0
2014-10-30,16.739999771118164,17.229999542236328,16.350000381469727,17.049999237060547,0
2014-10-31,16.510000228881836,16.700000762939453,16.049999237060547,16.1299991607666,0
2014-11-03,16.809999465942383,16.84000015258789,16.25,16.559999465942383,0
2014-11-04,16.93000030517578,17.3799991607666,16.739999771118164,16.979999542236328,0
2014-11-05,16.56999969482422,17.030000686645508,16.479999542236328,16.649999618530273,0
2014-11-06,16.260000228881836,17.0,16.049999237060547,16.559999465942383,0
2014-11-07,15.829999923706055,16.31999969482422,15.569999694824219,16.030000686645508,0
2014-11-10,15.039999961853027,15.779999732971191,15.039999961853027,15.779999732971191,0
2014-11-11,15.359999656677246,15.5,14.789999961853027,15.229999542236328,0
2014-11-12,15.739999771118164,15.979999542236328,15.319999694824219,15.729999542236328,0
2014-11-13,15.890000343322754,16.219999313354492,15.420000076293945,15.739999771118164,0
2014-11-14,15.960000038146973,16.209999084472656,15.6899995803833,15.819999694824219,0
2014-11-17,15.930000305175781,16.1200008392334,15.739999771118164,16.110000610351562,0
2014-11-18,15.699999809265137,15.789999961853027,15.289999961853027,15.779999732971191,0
2014-11-19,15.970000267028809,16.299999237060547,15.869999885559082,15.899999618530273,0
2014-11-20,16.010000228881836,16.31999969482422,15.84000015258789,16.309999465942383,0
2014-11-21,15.789999961853027,16.170000076293945,15.34000015258789,15.34000015258789,0
2014-11-24,15.550000190734863,15.779999732971191,15.369999885559082,15.729999542236328,0
2014-11-25,15.40999984741211,15.920000076293945,15.300000190734863,15.5600004196167,0
2014-11-26,15.319999694824219,15.5,15.170000076293945,15.460000038146973,0
2014-11-28,15.930000305175781,15.979999542236328,15.489999771118164,15.649999618530273,0
2014-12-01,16.65999984741211,16.81999969482422,16.399999618530273,16.440000534057617,0
2014-12-02,15.960000038146973,16.649999618530273,15.75,16.649999618530273,0
2014-12-03,15.529999732971191,15.890000343322754,15.460000038146973,15.859999656677246,0
2014-12-04,15.640000343322754,16.149999618530273,15.329999923706055,15.770000457763672,0
2014-12-05,15.300000190734863,16.18000030517578,15.119999885559082,15.40999984741211,0
2014-12-08,16.780000686645508,17.459999084472656,15.640000343322754,15.869999885559082,0
2014-12-09,17.229999542236328,18.34000015258789,17.1299991607666,17.790000915527344,0
2014-12-10,19.139999389648438,19.950000762939453,17.219999313354492,17.299999237060547,0
2014-12-11,20.719999313354492,20.719999313354492,17.809999465942383,18.700000762939453,0
2014-12-12,21.0,22.010000228881836,18.989999771118164,20.979999542236328,0
2014-12-15,21.059999465942383,22.260000228881836,19.399999618530273,20.670000076293945,0
2014-12-16,23.09000015258789,23.18000030517578,20.479999542236328,22.110000610351562,0
2014-12-17,20.43000030517578,23.719999313354492,20.299999237060547,23.030000686645508,0
2014-12-18,18.479999542236328,19.639999389648438,18.309999465942383,19.06999969482422,0
2014-12-19,18.469999313354492,18.93000030517578,18.229999542236328,18.229999542236328,0
2014-12-22,17.59000015258789,18.280000686645508,17.479999542236328,17.979999542236328,0
2014-12-23,17.940000534057617,17.940000534057617,17.15999984741211,17.18000030517578,0
2014-12-24,17.260000228881836,17.299999237060547,17.0,17.270000457763672,0
2014-12-26,17.15999984741211,17.3799991607666,16.979999542236328,17.219999313354492,0
2014-12-29,17.270000457763672,17.729999542236328,17.25,17.670000076293945,0
2014-12-30,18.020000457763672,18.15999984741211,17.43000030517578,17.610000610351562,0
2014-12-31,19.739999771118164,20.420000076293945,17.65999984741211,17.68000030517578,0
2015-01-02,19.459999084472656,20.59000015258789,18.530000686645508,18.8799991607666,0
2015-01-05,20.790000915527344,21.31999969482422,20.020000457763672,20.020000457763672,0
2015-01-06,21.420000076293945,22.360000610351562,20.459999084472656,20.889999389648438,0
2015-01-07,20.079999923706055,20.860000610351562,19.829999923706055,20.649999618530273,0
2015-01-08,18.65999984741211,19.270000457763672,18.34000015258789,19.010000228881836,0
2015-01-09,19.31999969482422,19.440000534057617,18.020000457763672,18.020000457763672,0
2015-01-12,20.479999542236328,20.75,19.079999923706055,19.09000015258789,0
2015-01-13,21.270000457763672,21.959999084472656,19.079999923706055,19.459999084472656,0
2015-01-14,20.93000030517578,23.040000915527344,20.93000030517578,22.190000534057617,0
2015-01-15,22.110000610351562,22.3799991607666,20.93000030517578,21.190000534057617,0
2015-01-16,21.149999618530273,22.3700008392334,20.959999084472656,21.93000030517578,0
2015-01-20,20.8700008392334,21.889999389648438,20.510000228881836,20.739999771118164,0
2015-01-21,20.040000915527344,21.399999618530273,20.040000915527344,21.1299991607666,0
2015-01-22,18.600000381469727,20.09000015258789,18.450000762939453,19.260000228881836,0
2015-01-23,19.0,19.0,18.030000686645508,18.559999465942383,0
2015-01-26,18.030000686645508,19.020000457763672,18.030000686645508,18.889999389648438,0
2015-01-27,19.110000610351562,19.889999389648438,18.770000457763672,19.450000762939453,0
2015-01-28,21.440000534057617,21.440000534057617,18.040000915527344,18.65999984741211,0
2015-01-29,20.0,21.84000015258789,19.969999313354492,21.149999618530273,0
2015-01-30,21.81999969482422,22.549999237060547,20.170000076293945,20.920000076293945,0
2015-02-02,20.90999984741211,22.989999771118164,20.889999389648438,21.479999542236328,0
2015-02-03,19.489999771118164,20.420000076293945,19.200000762939453,20.420000076293945,0
2015-02-04,20.43000030517578,20.469999313354492,19.079999923706055,19.90999984741211,0
2015-02-05,19.270000457763672,19.790000915527344,19.1200008392334,19.709999084472656,0
2015-02-06,19.8799991607666,20.700000762939453,18.670000076293945,19.0,0
2015-02-09,20.670000076293945,20.979999542236328,20.420000076293945,20.829999923706055,0
2015-02-10,19.729999542236328,20.479999542236328,19.649999618530273,20.1299991607666,0
2015-02-11,19.709999084472656,20.229999542236328,19.510000228881836,19.860000610351562,0
2015-02-12,18.34000015258789,19.360000610351562,18.280000686645508,19.360000610351562,0
2015-02-13,18.1299991607666,18.600000381469727,17.959999084472656,18.43000030517578,0
2015-02-17,18.3799991607666,18.65999984741211,18.1200008392334,18.479999542236328,0
2015-02-18,18.65999984741211,18.8799991607666,18.280000686645508,18.8799991607666,0
2015-02-19,18.010000228881836,18.65999984741211,17.8799991607666,18.610000610351562,0
2015-02-20,17.290000915527344,18.530000686645508,17.290000915527344,18.329999923706055,0
2015-02-23,17.540000915527344,17.799999237060547,17.34000015258789,17.670000076293945,0
2015-02-24,16.709999084472656,17.469999313354492,16.540000915527344,17.270000457763672,0
2015-02-25,16.8700008392334,17.030000686645508,16.209999084472656,16.75,0
2015-02-26,16.850000381469727,17.209999084472656,16.600000381469727,16.850000381469727,0
2015-02-27,16.889999389648438,17.079999923706055,16.719999313354492,16.969999313354492,0
2015-03-02,16.459999084472656,17.020000457763672,16.139999389648438,16.989999771118164,0
2015-03-03,16.780000686645508,17.399999618530273,16.469999313354492,16.579999923706055,0
2015-03-04,16.90999984741211,17.299999237060547,16.850000381469727,17.170000076293945,0
2015-03-05,16.639999389648438,17.059999465942383,16.389999389648438,16.809999465942383,0
2015-03-06,17.510000228881836,17.770000457763672,16.829999923706055,17.059999465942383,0
2015-03-09,17.309999465942383,17.56999969482422,17.139999389648438,17.559999465942383,0
2015-03-10,18.260000228881836,18.510000228881836,17.979999542236328,18.190000534057617,0
2015-03-11,18.530000686645508,18.739999771118164,18.030000686645508,18.139999389648438,0
2015-03-12,17.389999389648438,18.34000015258789,17.299999237060547,18.34000015258789,0
2015-03-13,17.889999389648438,18.489999771118164,17.450000762939453,17.690000534057617,0
2015-03-16,17.399999618530273,17.809999465942383,16.649999618530273,17.770000457763672,0
2015-03-17,17.479999542236328,18.06999969482422,17.389999389648438,17.979999542236328,0
2015-03-18,16.43000030517578,18.1200008392334,16.079999923706055,17.809999465942383,0
2015-03-19,16.969999313354492,17.350000381469727,16.729999542236328,17.09000015258789,0
2015-03-20,16.709999084472656,16.709999084472656,15.850000381469727,16.610000610351562,0
2015-03-23,16.530000686645508,16.799999237060547,16.1200008392334,16.799999237060547,0
2015-03-24,16.59000015258789,16.59000015258789,15.989999771118164,16.579999923706055,0
2015-03-25,17.56999969482422,17.56999969482422,16.350000381469727,16.479999542236328,0
2015-03-26,17.56999969482422,18.56999969482422,17.290000915527344,18.40999984741211,0
2015-03-27,17.389999389648438,17.649999618530273,17.190000534057617,17.649999618530273,0
2015-03-30,16.920000076293945,17.059999465942383,16.520000457763672,17.059999465942383,0
2015-03-31,17.540000915527344,17.6200008392334,16.790000915527344,17.270000457763672,0
2015-04-01,17.34000015258789,18.270000457763672,17.309999465942383,17.56999969482422,0
2015-04-02,17.219999313354492,17.65999984741211,16.84000015258789,17.540000915527344,0
2015-04-06,16.81999969482422,17.799999237060547,16.549999237060547,17.770000457763672,0
2015-04-07,16.799999237060547,16.81999969482422,16.420000076293945,16.81999969482422,0
2015-04-08,16.399999618530273,16.860000610351562,16.34000015258789,16.75,0
2015-04-09,16.020000457763672,16.739999771118164,15.770000457763672,16.530000686645508,0
2015-04-10,15.460000038146973,15.920000076293945,15.229999542236328,15.829999923706055,0
2015-04-13,16.31999969482422,16.34000015258789,15.300000190734863,15.5600004196167,0
2015-04-14,15.850000381469727,16.65999984741211,15.84000015258789,16.399999618530273,0
2015-04-15,15.6899995803833,15.899999618530273,15.399999618530273,15.899999618530273,0
2015-04-16,15.329999923706055,15.789999961853027,15.140000343322754,15.680000305175781,0
2015-04-17,16.139999389648438,16.809999465942383,16.010000228881836,16.1200008392334,0
2015-04-20,15.579999923706055,15.90999984741211,15.40999984741211,15.90999984741211,0
2015-04-21,15.520000457763672,15.6899995803833,15.1899995803833,15.260000228881836,0
2015-04-22,15.460000038146973,15.890000343322754,15.140000343322754,15.430000305175781,0
2015-04-23,15.170000076293945,15.489999771118164,14.949999809265137,15.489999771118164,0
2015-04-24,15.260000228881836,15.3100004196167,15.010000228881836,15.0600004196167,0
2015-04-27,15.930000305175781,15.970000267028809,15.170000076293945,15.180000305175781,0
2015-04-28,15.3100004196167,16.520000457763672,15.3100004196167,15.869999885559082,0
2015-04-29,15.970000267028809,16.239999771118164,15.380000114440918,15.869999885559082,0
2015-04-30,16.479999542236328,17.010000228881836,15.529999732971191,16.18000030517578,0
2015-05-01,15.380000114440918,16.18000030517578,15.34000015258789,16.18000030517578,0
2015-05-04,15.430000305175781,15.579999923706055,15.149999618530273,15.579999923706055,0
2015-05-05,16.31999969482422,16.479999542236328,15.479999542236328,15.739999771118164,0
2015-05-06,16.719999313354492,17.540000915527344,16.0,16.100000381469727,0
2015-05-07,16.739999771118164,17.260000228881836,16.6200008392334,17.049999237060547,0
2015-05-08,15.5600004196167,15.770000457763672,15.479999542236328,15.729999542236328,0
2015-05-11,16.100000381469727,16.100000381469727,15.59000015258789,15.800000190734863,0
2015-05-12,16.399999618530273,17.09000015258789,16.100000381469727,16.639999389648438,0
2015-05-13,16.290000915527344,16.549999237060547,15.649999618530273,16.09000015258789,0
2015-05-14,15.90999984741211,16.059999465942383,15.609999656677246,15.609999656677246,0
2015-05-15,15.569999694824219,16.0,15.100000381469727,15.1899995803833,0
2015-05-18,15.229999542236328,15.729999542236328,15.15999984741211,15.489999771118164,0
2015-05-19,15.279999732971191,15.420000076293945,15.010000228881836,15.100000381469727,0
2015-05-20,15.149999618530273,15.479999542236328,14.9399995803833,15.029999732971191,0
2015-05-21,14.609999656677246,15.34000015258789,14.319999694824219,15.079999923706055,0
2015-05-22,14.479999542236328,14.579999923706055,14.260000228881836,14.579999923706055,0
2015-05-26,15.479999542236328,15.779999732971191,15.039999961853027,15.170000076293945,0
2015-05-27,14.989999771118164,15.619999885559082,14.84000015258789,15.569999694824219,0
2015-05-28,15.010000228881836,15.380000114440918,14.989999771118164,15.229999542236328,0
2015-05-29,15.380000114440918,15.699999809265137,15.130000114440918,15.289999961853027,0
2015-06-01,15.40999984741211,15.859999656677246,15.1899995803833,15.479999542236328,0
2015-06-02,15.710000038146973,16.0,15.3100004196167,15.920000076293945,0
2015-06-03,15.359999656677246,15.720000267028809,15.239999771118164,15.5600004196167,0
2015-06-04,16.280000686645508,16.510000228881836,15.649999618530273,16.010000228881836,0
2015-06-05,15.960000038146973,16.65999984741211,15.930000305175781,16.450000762939453,0
2015-06-08,16.600000381469727,16.649999618530273,16.219999313354492,16.450000762939453,0
2015-06-09,16.25,16.899999618530273,16.239999771118164,16.81999969482422,0
2015-06-10,15.329999923706055,16.190000534057617,15.260000228881836,16.190000534057617,0
2015-06-11,15.100000381469727,15.380000114440918,14.989999771118164,15.369999885559082,0
2015-06-12,15.609999656677246,15.850000381469727,15.460000038146973,15.510000228881836,0
2015-06-15,16.6200008392334,16.68000030517578,16.170000076293945,16.65999984741211,0
2015-06-16,16.200000762939453,16.850000381469727,16.200000762939453,16.850000381469727,0
2015-06-17,16.219999313354492,16.649999618530273,15.630000114440918,16.1200008392334,0
2015-06-18,15.4399995803833,15.880000114440918,14.920000076293945,15.880000114440918,0
2015-06-19,15.90999984741211,15.920000076293945,15.399999618530273,15.550000190734863,0
2015-06-22,14.989999771118164,15.460000038146973,14.90999984741211,15.449999809265137,0
2015-06-23,14.539999961853027,14.890000343322754,14.539999961853027,14.890000343322754,0
2015-06-24,15.180000305175781,15.199999809265137,14.489999771118164,14.850000381469727,0
2015-06-25,15.520000457763672,15.539999961853027,14.899999618530273,14.960000038146973,0
2015-06-26,15.460000038146973,15.949999809265137,15.229999542236328,15.460000038146973,0
2015-06-29,18.719999313354492,18.940000534057617,16.43000030517578,16.920000076293945,0
2015-06-30,18.469999313354492,19.270000457763672,17.700000762939453,17.829999923706055,0
2015-07-01,16.790000915527344,17.649999618530273,16.780000686645508,17.299999237060547,0
2015-07-02,17.68000030517578,18.06999969482422,16.459999084472656,16.579999923706055,0
2015-07-06,18.040000915527344,18.84000015258789,17.530000686645508,18.780000686645508,0
2015-07-07,17.020000457763672,19.200000762939453,16.90999984741211,18.100000381469727,0
2015-07-08,19.25,19.440000534057617,17.790000915527344,18.079999923706055,0
2015-07-09,19.780000686645508,19.780000686645508,17.850000381469727,18.049999237060547,0
2015-07-10,17.729999542236328,18.709999084472656,17.639999389648438,18.34000015258789,0
2015-07-13,15.9399995803833,16.729999542236328,15.699999809265137,16.729999542236328,0
2015-07-14,15.460000038146973,15.770000457763672,15.130000114440918,15.770000457763672,0
2015-07-15,15.600000381469727,16.100000381469727,15.220000267028809,15.600000381469727,0
2015-07-16,14.729999542236328,14.970000267028809,14.5600004196167,14.960000038146973,0
2015-07-17,14.609999656677246,14.770000457763672,14.479999542236328,14.539999961853027,0
2015-07-20,14.850000381469727,14.920000076293945,14.329999923706055,14.710000038146973,0
2015-07-21,14.75,15.100000381469727,14.579999923706055,14.699999809265137,0
2015-07-22,14.8100004196167,15.020000457763672,14.510000228881836,14.960000038146973,0
2015-07-23,14.920000076293945,15.329999923706055,14.479999542236328,14.600000381469727,0
2015-07-24,15.649999618530273,16.149999618530273,14.949999809265137,15.069999694824219,0
2015-07-27,16.780000686645508,17.1200008392334,16.309999465942383,16.649999618530273,0
2015-07-28,15.430000305175781,16.729999542236328,15.270000457763672,16.18000030517578,0
2015-07-29,14.920000076293945,15.40999984741211,14.579999923706055,15.399999618530273,0
2015-07-30,14.710000038146973,15.40999984741211,14.710000038146973,15.109999656677246,0
2015-07-31,14.899999618530273,15.260000228881836,14.59000015258789,14.729999542236328,0
2015-08-03,14.84000015258789,15.510000228881836,14.670000076293945,15.130000114440918,0
2015-08-04,15.130000114440918,15.15999984741211,14.6899995803833,14.859999656677246,0
2015-08-05,14.880000114440918,14.930000305175781,14.359999656677246,14.65999984741211,0
2015-08-06,15.550000190734863,15.899999618530273,14.760000228881836,14.850000381469727,0
2015-08-07,15.420000076293945,15.989999771118164,15.359999656677246,15.550000190734863,0
2015-08-10,14.989999771118164,15.079999923706055,14.699999809265137,15.079999923706055,0
2015-08-11,15.9399995803833,16.25,15.170000076293945,15.640000343322754,0
2015-08-12,15.869999885559082,17.459999084472656,15.770000457763672,16.8799991607666,0
2015-08-13,15.75,16.139999389648438,15.380000114440918,15.869999885559082,0
2015-08-14,15.510000228881836,16.1200008392334,15.510000228881836,15.779999732971191,0
2015-08-17,15.210000038146973,16.290000915527344,15.140000343322754,16.040000915527344,0
2015-08-18,15.609999656677246,15.670000076293945,15.25,15.390000343322754,0
2015-08-19,16.5,16.780000686645508,15.390000343322754,16.15999984741211,0
2015-08-20,18.829999923706055,20.049999237060547,16.670000076293945,17.270000457763672,0
2015-08-21,23.469999313354492,24.959999084472656,19.270000457763672,20.209999084472656,0
2015-08-24,31.139999389648438,39.97999954223633,23.469999313354492,23.469999313354492,0
2015-08-25,29.579999923706055,30.450000762939453,24.790000915527344,25.6299991607666,0
2015-08-26,25.649999618530273,29.639999389648438,24.770000457763672,26.75,0
2015-08-27,24.860000610351562,26.989999771118164,22.579999923706055,24.209999084472656,0
2015-08-28,25.34000015258789,27.030000686645508,24.200000762939453,25.06999969482422,0
2015-08-31,26.530000686645508,26.899999618530273,25.389999389648438,25.639999389648438,0
2015-09-01,29.530000686645508,31.739999771118164,27.5,29.209999084472656,0
2015-09-02,26.190000534057617,29.899999618530273,26.079999923706055,27.8799991607666,0
2015-09-03,26.200000762939453,26.729999542236328,24.299999237060547,25.190000534057617,0
2015-09-04,28.06999969482422,29.520000457763672,26.139999389648438,27.34000015258789,0
2015-09-08,25.690000534057617,26.899999618530273,25.469999313354492,26.010000228881836,0
2015-09-09,26.309999465942383,27.389999389648438,23.8799991607666,23.889999389648438,0
2015-09-10,25.649999618530273,27.75,25.010000228881836,26.90999984741211,0
2015-09-11,24.68000030517578,26.5,23.610000610351562,25.510000228881836,0
2015-09-14,23.700000762939453,25.469999313354492,23.700000762939453,24.860000610351562,0
2015-09-15,23.1200008392334,24.719999313354492,23.040000915527344,24.0,0
2015-09-16,22.329999923706055,23.010000228881836,20.729999542236328,22.600000381469727,0
2015-09-17,21.139999389648438,22.459999084472656,18.719999313354492,21.959999084472656,0
2015-09-18,23.200000762939453,24.040000915527344,21.540000915527344,22.850000381469727,0
2015-09-21,21.59000015258789,23.229999542236328,20.729999542236328,22.59000015258789,0
2015-09-22,23.280000686645508,24.200000762939453,22.040000915527344,23.110000610351562,0
2015-09-23,22.8799991607666,23.770000457763672,21.479999542236328,23.549999237060547,0
2015-09-24,23.459999084472656,25.010000228881836,22.15999984741211,24.469999313354492,0
2015-09-25,24.399999618530273,25.100000381469727,21.530000686645508,22.06999969482422,0
2015-09-28,26.3799991607666,26.860000610351562,23.770000457763672,24.65999984741211,0
2015-09-29,26.0,27.190000534057617,24.25,25.559999465942383,0
2015-09-30,24.75,25.270000457763672,22.780000686645508,24.309999465942383,0
2015-10-01,23.829999923706055,25.280000686645508,23.280000686645508,23.3700008392334,0
2015-10-02,22.600000381469727,25.860000610351562,22.3799991607666,24.079999923706055,0
2015-10-05,21.329999923706055,21.950000762939453,20.610000610351562,21.420000076293945,0
2015-10-06,21.59000015258789,22.049999237060547,20.040000915527344,20.700000762939453,0
2015-10-07,20.709999084472656,21.8799991607666,20.139999389648438,20.40999984741211,0
2015-10-08,20.09000015258789,21.479999542236328,18.84000015258789,20.1200008392334,0
2015-10-09,19.850000381469727,20.399999618530273,18.229999542236328,18.959999084472656,0
2015-10-12,19.260000228881836,20.850000381469727,18.280000686645508,19.350000381469727,0
2015-10-13,20.5,20.610000610351562,18.3700008392334,18.8700008392334,0
2015-10-14,20.809999465942383,21.8700008392334,19.06999969482422,19.540000915527344,0
2015-10-15,19.43000030517578,21.219999313354492,19.15999984741211,19.420000076293945,0
2015-10-16,18.670000076293945,20.260000228881836,17.299999237060547,18.040000915527344,0
2015-10-19,17.860000610351562,18.889999389648438,17.780000686645508,18.170000076293945,0
2015-10-20,18.600000381469727,18.649999618530273,17.280000686645508,17.469999313354492,0
2015-10-21,19.459999084472656,19.559999465942383,17.100000381469727,17.329999923706055,0
2015-10-22,17.15999984741211,18.360000610351562,17.15999984741211,17.729999542236328,0
2015-10-23,17.479999542236328,17.8700008392334,16.239999771118164,16.469999313354492,0
2015-10-26,17.989999771118164,18.010000228881836,17.209999084472656,17.350000381469727,0
2015-10-27,18.139999389648438,18.75,17.81999969482422,18.030000686645508,0
2015-10-28,17.489999771118164,19.139999389648438,17.110000610351562,17.600000381469727,0
2015-10-29,17.809999465942383,18.309999465942383,16.540000915527344,17.420000076293945,0
2015-10-30,18.399999618530273,18.489999771118164,17.020000457763672,17.299999237060547,0
2015-11-02,17.420000076293945,18.329999923706055,16.15999984741211,17.700000762939453,0
2015-11-03,17.469999313354492,17.56999969482422,16.579999923706055,16.899999618530273,0
2015-11-04,18.309999465942383,18.420000076293945,16.0,16.700000762939453,0
2015-11-05,17.809999465942383,18.690000534057617,17.520000457763672,17.670000076293945,0
2015-11-06,17.450000762939453,18.610000610351562,17.0,17.399999618530273,0
2015-11-09,18.850000381469727,19.219999313354492,17.260000228881836,17.510000228881836,0
2015-11-10,18.020000457763672,18.850000381469727,17.040000915527344,18.290000915527344,0
2015-11-11,18.450000762939453,18.510000228881836,17.389999389648438,17.510000228881836,0
2015-11-12,20.170000076293945,20.280000686645508,17.950000762939453,18.690000534057617,0
2015-11-13,21.579999923706055,22.149999618530273,19.59000015258789,19.809999465942383,0
2015-11-16,19.979999542236328,21.649999618530273,18.5,21.110000610351562,0
2015-11-17,20.43000030517578,20.950000762939453,19.049999237060547,19.09000015258789,0
2015-11-18,19.219999313354492,20.40999984741211,18.68000030517578,19.510000228881836,0
2015-11-19,19.639999389648438,19.790000915527344,18.280000686645508,18.389999389648438,0
2015-11-20,18.940000534057617,19.799999237060547,18.219999313354492,18.3799991607666,0
2015-11-23,18.6299991607666,19.31999969482422,18.43000030517578,18.549999237060547,0
2015-11-24,18.709999084472656,19.639999389648438,17.559999465942383,18.729999542236328,0
2015-11-25,18.190000534057617,18.719999313354492,17.290000915527344,18.1299991607666,0
2015-11-27,17.350000381469727,18.6299991607666,17.350000381469727,18.059999465942383,0
2015-11-30,18.489999771118164,18.84000015258789,18.079999923706055,18.31999969482422,0
2015-12-01,17.579999923706055,18.479999542236328,17.559999465942383,18.200000762939453,0
2015-12-02,18.329999923706055,18.68000030517578,17.579999923706055,17.799999237060547,0
2015-12-03,20.110000610351562,20.84000015258789,18.440000534057617,18.450000762939453,0
2015-12-04,18.170000076293945,19.559999465942383,17.8700008392334,19.469999313354492,0
2015-12-07,18.649999618530273,19.440000534057617,18.020000457763672,18.219999313354492,0
2015-12-08,20.059999465942383,20.6299991607666,18.860000610351562,19.739999771118164,0
2015-12-09,21.049999237060547,21.530000686645508,18.559999465942383,19.829999923706055,0
2015-12-10,20.760000228881836,20.950000762939453,19.399999618530273,20.270000457763672,0
2015-12-11,24.3799991607666,24.809999465942383,20.719999313354492,21.979999542236328,0
2015-12-14,23.299999237060547,25.729999542236328,21.469999313354492,24.239999771118164,0
2015-12-15,21.860000610351562,22.34000015258789,20.850000381469727,21.600000381469727,0
2015-12-16,19.56999969482422,21.100000381469727,19.049999237060547,20.790000915527344,0
2015-12-17,20.3700008392334,20.3700008392334,18.670000076293945,18.729999542236328,0
2015-12-18,21.260000228881836,22.770000457763672,19.709999084472656,20.079999923706055,0
2015-12-21,21.110000610351562,22.549999237060547,20.209999084472656,21.829999923706055,0
2015-12-22,19.84000015258789,21.0,19.229999542236328,20.59000015258789,0
2015-12-23,19.329999923706055,19.670000076293945,18.0,18.920000076293945,0
2015-12-24,19.690000534057617,19.739999771118164,18.200000762939453,19.190000534057617,0
2015-12-28,19.68000030517578,20.610000610351562,19.670000076293945,20.170000076293945,0
2015-12-29,19.100000381469727,19.290000915527344,18.229999542236328,18.989999771118164,0
2015-12-30,19.59000015258789,19.6299991607666,19.06999969482422,19.06999969482422,0
2015-12-31,19.799999237060547,20.389999389648438,19.149999618530273,19.950000762939453,0
2016-01-04,22.010000228881836,23.25,20.899999618530273,22.43000030517578,0
2016-01-05,20.520000457763672,21.610000610351562,20.3700008392334,21.139999389648438,0
2016-01-06,21.270000457763672,22.209999084472656,21.040000915527344,22.100000381469727,0
2016-01-07,24.6200008392334,25.559999465942383,22.350000381469727,23.049999237060547,0
2016-01-08,26.229999542236328,26.350000381469727,22.3700008392334,22.799999237060547,0
2016-01-11,24.729999542236328,26.809999465942383,24.049999237060547,24.399999618530273,0
2016-01-12,22.530000686645508,26.420000076293945,22.270000457763672,23.0,0
2016-01-13,24.889999389648438,25.239999771118164,21.899999618530273,22.040000915527344,0
2016-01-14,23.530000686645508,25.690000534057617,22.8799991607666,24.450000762939453,0
2016-01-15,26.8799991607666,29.649999618530273,26.440000534057617,27.559999465942383,0
2016-01-19,26.440000534057617,27.719999313354492,25.649999618530273,25.700000762939453,0
2016-01-20,27.809999465942383,32.279998779296875,27.1299991607666,28.520000457763672,0
2016-01-21,26.709999084472656,29.06999969482422,25.670000076293945,27.31999969482422,0
2016-01-22,24.280000686645508,27.68000030517578,24.260000228881836,25.15999984741211,0
2016-01-25,25.25,27.06999969482422,23.959999084472656,24.399999618530273,0
2016-01-26,23.290000915527344,24.700000762939453,23.200000762939453,24.329999923706055,0
2016-01-27,24.469999313354492,25.31999969482422,22.280000686645508,24.0,0
2016-01-28,24.020000457763672,25.290000915527344,23.18000030517578,23.18000030517578,0
2016-01-29,22.65999984741211,23.989999771118164,22.09000015258789,23.43000030517578,0
2016-02-01,22.010000228881836,23.139999389648438,21.5,22.610000610351562,0
2016-02-02,23.40999984741211,23.729999542236328,22.479999542236328,22.860000610351562,0
2016-02-03,23.200000762939453,24.979999542236328,22.469999313354492,22.950000762939453,0
2016-02-04,23.65999984741211,24.270000457763672,22.579999923706055,23.56999969482422,0
2016-02-05,24.479999542236328,25.09000015258789,23.229999542236328,23.34000015258789,0
2016-02-08,25.979999542236328,27.709999084472656,25.440000534057617,26.100000381469727,0
2016-02-09,26.799999237060547,28.200000762939453,25.389999389648438,27.479999542236328,0
2016-02-10,26.719999313354492,26.829999923706055,24.979999542236328,26.350000381469727,0
2016-02-11,27.719999313354492,29.3700008392334,26.739999771118164,28.25,0
2016-02-12,26.229999542236328,27.6200008392334,25.709999084472656,27.6200008392334,0
2016-02-16,25.010000228881836,25.790000915527344,24.290000915527344,25.450000762939453,0
2016-02-17,23.549999237060547,25.200000762939453,23.079999923706055,25.15999984741211,0
2016-02-18,23.200000762939453,24.079999923706055,22.780000686645508,24.020000457763672,0
2016-02-19,22.799999237060547,23.979999542236328,22.239999771118164,23.6200008392334,0
2016-02-22,21.6200008392334,22.209999084472656,21.40999984741211,22.06999969482422,0
2016-02-23,22.440000534057617,22.75,21.469999313354492,21.81999969482422,0
2016-02-24,22.34000015258789,24.06999969482422,22.06999969482422,23.6200008392334,0
2016-02-25,21.239999771118164,22.690000534057617,20.6299991607666,22.190000534057617,0
2016-02-26,21.860000610351562,22.0,20.65999984741211,20.989999771118164,0
2016-02-29,22.389999389648438,22.510000228881836,21.3799991607666,22.079999923706055,0
2016-03-01,20.280000686645508,22.079999923706055,20.280000686645508,21.799999237060547,0
2016-03-02,19.920000076293945,20.84000015258789,19.809999465942383,20.579999923706055,0
2016-03-03,19.489999771118164,20.360000610351562,19.34000015258789,20.09000015258789,0
2016-03-04,19.6299991607666,19.8700008392334,18.84000015258789,19.25,0
2016-03-07,19.899999618530273,20.399999618530273,19.34000015258789,20.270000457763672,0
2016-03-08,21.040000915527344,21.1200008392334,19.690000534057617,20.600000381469727,0
2016-03-09,20.75,21.420000076293945,20.469999313354492,20.8700008392334,0
2016-03-10,20.709999084472656,21.75,19.530000686645508,20.6299991607666,0
2016-03-11,19.469999313354492,20.049999237060547,18.639999389648438,19.8799991607666,0
2016-03-14,19.420000076293945,20.030000686645508,18.770000457763672,19.790000915527344,0
2016-03-15,19.329999923706055,20.020000457763672,19.219999313354492,19.8799991607666,0
2016-03-16,18.479999542236328,19.389999389648438,17.780000686645508,19.350000381469727,0
2016-03-17,18.139999389648438,18.75,17.290000915527344,18.600000381469727,0
2016-03-18,17.93000030517578,18.059999465942383,17.18000030517578,17.68000030517578,0
2016-03-21,17.59000015258789,18.239999771118164,17.139999389648438,18.040000915527344,0
2016-03-22,17.75,18.190000534057617,17.540000915527344,18.0,0
2016-03-23,18.299999237060547,18.34000015258789,17.809999465942383,17.979999542236328,0
2016-03-24,18.270000457763672,19.200000762939453,18.25,19.139999389648438,0
2016-03-28,18.299999237060547,18.920000076293945,18.030000686645508,18.510000228881836,0
2016-03-29,17.239999771118164,18.68000030517578,17.239999771118164,18.530000686645508,0
2016-03-30,16.920000076293945,17.34000015258789,16.520000457763672,17.030000686645508,0
2016-03-31,17.079999923706055,17.3799991607666,16.799999237060547,17.030000686645508,0
2016-04-01,16.5,18.440000534057617,16.399999618530273,17.790000915527344,0
2016-04-04,17.229999542236328,17.350000381469727,16.670000076293945,16.850000381469727,0
2016-04-05,18.3799991607666,18.520000457763672,17.809999465942383,18.049999237060547,0
2016-04-06,17.280000686645508,18.610000610351562,17.260000228881836,18.399999618530273,0
2016-04-07,18.860000610351562,19.31999969482422,17.739999771118164,18.0,0
2016-04-08,18.31999969482422,18.780000686645508,17.950000762939453,18.309999465942383,0
2016-04-11,18.889999389648438,18.899999618530273,18.0,18.280000686645508,0
2016-04-12,17.969999313354492,19.1299991607666,17.950000762939453,18.84000015258789,0
2016-04-13,17.260000228881836,17.719999313354492,17.1299991607666,17.68000030517578,0
2016-04-14,17.239999771118164,17.719999313354492,17.010000228881836,17.329999923706055,0
2016-04-15,17.15999984741211,17.709999084472656,17.15999984741211,17.309999465942383,0
2016-04-18,16.510000228881836,17.739999771118164,16.450000762939453,17.739999771118164,0
2016-04-19,16.469999313354492,16.81999969482422,16.209999084472656,16.440000534057617,0
2016-04-20,16.600000381469727,16.65999984741211,15.520000457763672,16.100000381469727,0
2016-04-21,17.139999389648438,17.200000762939453,16.610000610351562,16.799999237060547,0
2016-04-22,16.639999389648438,17.43000030517578,16.610000610351562,17.229999542236328,0
2016-04-25,17.219999313354492,17.6299991607666,17.15999984741211,17.40999984741211,0
2016-04-26,16.920000076293945,17.280000686645508,16.760000228881836,17.149999618530273,0
2016-04-27,16.770000457763672,17.709999084472656,16.65999984741211,17.34000015258789,0
2016-04-28,17.780000686645508,17.979999542236328,16.540000915527344,17.360000610351562,0
2016-04-29,18.450000762939453,19.290000915527344,17.84000015258789,18.139999389648438,0
2016-05-02,17.780000686645508,18.559999465942383,17.6299991607666,18.479999542236328,0
2016-05-03,18.56999969482422,18.959999084472656,17.959999084472656,18.510000228881836,0
2016-05-04,18.90999984741211,19.389999389648438,18.440000534057617,19.170000076293945,0
2016-05-05,18.920000076293945,19.299999237060547,18.399999618530273,18.65999984741211,0
2016-05-06,18.270000457763672,19.15999984741211,17.8799991607666,19.15999984741211,0
2016-05-09,18.049999237060547,18.510000228881836,17.719999313354492,18.510000228881836,0
2016-05-10,17.18000030517578,17.690000534057617,17.18000030517578,17.670000076293945,0
2016-05-11,18.020000457763672,18.030000686645508,17.1200008392334,17.350000381469727,0
2016-05-12,17.75,18.450000762939453,17.479999542236328,17.6299991607666,0
2016-05-13,18.25,18.489999771118164,17.440000534057617,17.8799991607666,0
2016-05-16,17.700000762939453,18.489999771118164,17.469999313354492,18.479999542236328,0
2016-05-17,18.43000030517578,18.829999923706055,17.770000457763672,17.920000076293945,0
2016-05-18,18.540000915527344,18.93000030517578,17.829999923706055,18.520000457763672,0
2016-05-19,18.770000457763672,19.799999237060547,18.770000457763672,18.979999542236328,0
2016-05-20,18.049999237060547,18.459999084472656,18.0,18.459999084472656,0
2016-05-23,18.149999618530273,18.3799991607666,17.850000381469727,18.329999923706055,0
2016-05-24,17.079999923706055,17.760000228881836,16.989999771118164,17.75,0
2016-05-25,16.770000457763672,16.8799991607666,16.489999771118164,16.850000381469727,0
2016-05-26,16.559999465942383,16.889999389648438,16.540000915527344,16.729999542236328,0
2016-05-27,16.309999465942383,16.709999084472656,16.239999771118164,16.579999923706055,0
2016-05-31,16.6299991607666,17.280000686645508,16.389999389648438,16.520000457763672,0
2016-06-01,16.700000762939453,17.3700008392334,16.68000030517578,17.170000076293945,0
2016-06-02,16.3700008392334,17.059999465942383,16.3700008392334,16.860000610351562,0
2016-06-03,16.489999771118164,17.309999465942383,16.34000015258789,16.559999465942383,0
2016-06-06,16.440000534057617,16.850000381469727,16.309999465942383,16.59000015258789,0
2016-06-07,16.6299991607666,16.6299991607666,16.200000762939453,16.34000015258789,0
2016-06-08,16.790000915527344,16.899999618530273,16.389999389648438,16.510000228881836,0
2016-06-09,17.31999969482422,17.399999618530273,17.1200008392334,17.149999618530273,0
2016-06-10,18.940000534057617,19.100000381469727,18.149999618530273,18.190000534057617,0
2016-06-13,21.8700008392334,21.8799991607666,19.600000381469727,19.979999542236328,0
2016-06-14,21.940000534057617,22.809999465942383,21.350000381469727,22.43000030517578,0
2016-06-15,21.809999465942383,21.850000381469727,20.079999923706055,21.360000610351562,0
2016-06-16,21.15999984741211,23.530000686645508,21.100000381469727,22.229999542236328,0
2016-06-17,21.309999465942383,21.520000457763672,20.690000534057617,21.40999984741211,0
2016-06-20,19.809999465942383,19.920000076293945,18.739999771118164,19.239999771118164,0
2016-06-21,19.690000534057617,19.93000030517578,19.1299991607666,19.190000534057617,0
2016-06-22,21.079999923706055,21.110000610351562,19.06999969482422,19.690000534057617,0
2016-06-23,18.420000076293945,19.329999923706055,17.860000610351562,19.110000610351562,0
2016-06-24,23.93000030517578,23.93000030517578,20.09000015258789,22.790000915527344,0
2016-06-27,23.68000030517578,24.889999389648438,23.100000381469727,23.799999237060547,0
2016-06-28,20.260000228881836,21.920000076293945,20.020000457763672,21.889999389648438,0
2016-06-29,18.729999542236328,19.549999237060547,18.719999313354492,19.209999084472656,0
2016-06-30,18.09000015258789,18.920000076293945,18.0,18.59000015258789,0
2016-07-01,17.649999618530273,17.959999084472656,17.270000457763672,17.81999969482422,0
2016-07-05,18.239999771118164,18.979999542236328,18.229999542236328,18.34000015258789,0
2016-07-06,17.739999771118164,19.1200008392334,17.739999771118164,18.84000015258789,0
2016-07-07,17.760000228881836,18.479999542236328,17.290000915527344,17.610000610351562,0
2016-07-08,16.489999771118164,17.190000534057617,16.459999084472656,17.06999969482422,0
2016-07-11,16.489999771118164,16.520000457763672,16.100000381469727,16.360000610351562,0
2016-07-12,16.170000076293945,16.420000076293945,16.059999465942383,16.09000015258789,0
2016-07-13,15.970000267028809,16.350000381469727,15.819999694824219,16.100000381469727,0
2016-07-14,15.859999656677246,15.979999542236328,15.710000038146973,15.800000190734863,0
2016-07-15,15.989999771118164,16.459999084472656,15.710000038146973,15.789999961853027,0
2016-07-18,15.770000457763672,16.190000534057617,15.640000343322754,16.170000076293945,0
2016-07-19,15.739999771118164,16.030000686645508,15.720000267028809,15.920000076293945,0
2016-07-20,15.4399995803833,15.649999618530273,15.270000457763672,15.420000076293945,0
2016-07-21,16.100000381469727,16.34000015258789,15.5600004196167,15.609999656677246,0
2016-07-22,15.800000190734863,16.239999771118164,15.630000114440918,16.110000610351562,0
2016-07-25,16.270000457763672,16.790000915527344,16.15999984741211,16.15999984741211,0
2016-07-26,16.31999969482422,16.65999984741211,16.100000381469727,16.329999923706055,0
2016-07-27,16.100000381469727,16.969999313354492,15.899999618530273,16.149999618530273,0
2016-07-28,16.0,16.530000686645508,15.899999618530273,16.329999923706055,0
2016-07-29,15.420000076293945,16.100000381469727,15.399999618530273,15.979999542236328,0
2016-08-01,15.699999809265137,15.989999771118164,15.470000267028809,15.670000076293945,0
2016-08-02,16.389999389648438,16.93000030517578,15.899999618530273,16.020000457763672,0
2016-08-03,16.079999923706055,16.610000610351562,16.010000228881836,16.450000762939453,0
2016-08-04,15.710000038146973,16.110000610351562,15.6899995803833,16.010000228881836,0
2016-08-05,15.140000343322754,15.34000015258789,15.0600004196167,15.3100004196167,0
2016-08-08,15.15999984741211,15.279999732971191,15.069999694824219,15.279999732971191,0
2016-08-09,15.109999656677246,15.229999542236328,14.739999771118164,15.029999732971191,0
2016-08-10,15.40999984741211,15.65999984741211,15.069999694824219,15.09000015258789,0
2016-08-11,15.300000190734863,15.380000114440918,15.069999694824219,15.3100004196167,0
2016-08-12,15.260000228881836,15.489999771118164,15.050000190734863,15.470000267028809,0
2016-08-15,15.380000114440918,15.380000114440918,15.199999809265137,15.350000381469727,0
2016-08-16,16.020000457763672,16.1299991607666,15.649999618530273,15.649999618530273,0
2016-08-17,15.520000457763672,16.469999313354492,15.510000228881836,15.970000267028809,0
2016-08-18,15.15999984741211,15.630000114440918,15.15999984741211,15.550000190734863,0
2016-08-19,15.130000114440918,15.619999885559082,15.119999885559082,15.4399995803833,0
2016-08-22,15.5,15.899999618530273,15.479999542236328,15.770000457763672,0
2016-08-23,15.420000076293945,15.430000305175781,15.15999984741211,15.220000267028809,0
2016-08-24,16.0,16.25,15.5,15.5600004196167,0
2016-08-25,16.1299991607666,16.350000381469727,15.869999885559082,16.270000457763672,0
2016-08-26,16.239999771118164,16.889999389648438,15.489999771118164,16.030000686645508,0
2016-08-29,15.930000305175781,16.40999984741211,15.90999984741211,16.360000610351562,0
2016-08-30,16.030000686645508,16.260000228881836,15.819999694824219,15.819999694824219,0
2016-08-31,16.139999389648438,16.709999084472656,16.09000015258789,16.100000381469727,0
2016-09-01,16.309999465942383,16.84000015258789,16.09000015258789,16.18000030517578,0
2016-09-02,15.649999618530273,15.9399995803833,15.569999694824219,15.649999618530273,0
2016-09-06,15.5600004196167,16.1200008392334,15.529999732971191,15.770000457763672,0
2016-09-07,15.489999771118164,15.800000190734863,15.479999542236328,15.6899995803833,0
2016-09-08,15.8100004196167,15.880000114440918,15.619999885559082,15.75,0
2016-09-09,18.829999923706055,18.8799991607666,16.530000686645508,16.600000381469727,0
2016-09-12,17.270000457763672,19.18000030517578,16.940000534057617,19.1200008392334,0
2016-09-13,19.049999237060547,19.6200008392334,17.780000686645508,18.110000610351562,0
2016-09-14,19.350000381469727,19.350000381469727,18.06999969482422,19.040000915527344,0
2016-09-15,18.190000534057617,19.299999237060547,17.84000015258789,19.049999237060547,0
2016-09-16,17.8799991607666,18.93000030517578,17.860000610351562,18.56999969482422,0
2016-09-19,17.780000686645508,18.100000381469727,17.209999084472656,17.469999313354492,0
2016-09-20,17.989999771118164,18.139999389648438,17.3700008392334,17.3799991607666,0
2016-09-21,16.65999984741211,17.959999084472656,16.469999313354492,17.389999389648438,0
2016-09-22,15.9399995803833,16.15999984741211,15.720000267028809,15.979999542236328,0
2016-09-23,16.049999237060547,16.18000030517578,15.770000457763672,16.030000686645508,0
2016-09-26,17.280000686645508,17.3799991607666,16.81999969482422,16.969999313354492,0
2016-09-27,16.450000762939453,17.489999771118164,16.360000610351562,17.459999084472656,0
2016-09-28,16.010000228881836,16.729999542236328,15.930000305175781,16.350000381469727,0
2016-09-29,16.8700008392334,17.81999969482422,15.84000015258789,16.110000610351562,0
2016-09-30,16.3700008392334,16.799999237060547,15.970000267028809,16.360000610351562,0
2016-10-03,16.399999618530273,16.969999313354492,16.34000015258789,16.760000228881836,0
2016-10-04,16.469999313354492,16.979999542236328,16.010000228881836,16.190000534057617,0
2016-10-05,16.219999313354492,16.25,15.720000267028809,16.170000076293945,0
2016-10-06,16.06999969482422,16.510000228881836,16.049999237060547,16.290000915527344,0
2016-10-07,16.440000534057617,16.770000457763672,15.989999771118164,16.0,0
2016-10-10,15.949999809265137,16.149999618530273,15.930000305175781,16.139999389648438,0
2016-10-11,16.940000534057617,17.510000228881836,16.200000762939453,16.200000762939453,0
2016-10-12,17.020000457763672,17.299999237060547,16.280000686645508,17.020000457763672,0
2016-10-13,17.59000015258789,18.469999313354492,17.329999923706055,17.889999389648438,0
2016-10-14,17.420000076293945,17.540000915527344,16.790000915527344,16.979999542236328,0
2016-10-17,17.469999313354492,17.719999313354492,17.40999984741211,17.469999313354492,0
2016-10-18,16.920000076293945,17.200000762939453,16.809999465942383,16.90999984741211,0
2016-10-19,16.459999084472656,16.68000030517578,15.90999984741211,16.40999984741211,0
2016-10-20,16.229999542236328,16.799999237060547,16.229999542236328,16.56999969482422,0
2016-10-21,16.040000915527344,16.600000381469727,16.030000686645508,16.540000915527344,0
2016-10-24,15.609999656677246,15.819999694824219,15.600000381469727,15.649999618530273,0
2016-10-25,15.8100004196167,16.020000457763672,15.609999656677246,15.729999542236328,0
2016-10-26,16.25,16.450000762939453,15.899999618530273,16.350000381469727,0
2016-10-27,16.93000030517578,16.93000030517578,15.930000305175781,15.930000305175781,0
2016-10-28,17.3700008392334,17.920000076293945,16.520000457763672,16.829999923706055,0
2016-10-31,17.850000381469727,18.1200008392334,17.479999542236328,17.479999542236328,0
2016-11-01,18.739999771118164,19.739999771118164,17.90999984741211,17.90999984741211,0
2016-11-02,19.18000030517578,19.440000534057617,18.799999237060547,18.90999984741211,0
2016-11-03,20.700000762939453,20.959999084472656,19.049999237060547,19.15999984741211,0
2016-11-04,21.1299991607666,21.299999237060547,20.15999984741211,20.65999984741211,0
2016-11-07,18.149999618530273,19.25,18.1200008392334,19.25,0
2016-11-08,18.100000381469727,18.68000030517578,17.6299991607666,18.510000228881836,0
2016-11-09,16.280000686645508,17.709999084472656,16.280000686645508,17.690000534057617,0
2016-11-10,16.75,17.530000686645508,15.619999885559082,15.90999984741211,0
2016-11-11,16.489999771118164,17.530000686645508,16.329999923706055,17.190000534057617,0
2016-11-14,16.700000762939453,17.399999618530273,16.610000610351562,16.780000686645508,0
2016-11-15,15.75,16.559999465942383,15.729999542236328,16.520000457763672,0
2016-11-16,16.06999969482422,16.56999969482422,15.90999984741211,16.399999618530273,0
2016-11-17,15.640000343322754,15.960000038146973,15.609999656677246,15.920000076293945,0
2016-11-18,15.520000457763672,15.800000190734863,15.399999618530273,15.680000305175781,0
2016-11-21,15.319999694824219,15.680000305175781,15.149999618530273,15.630000114440918,0
2016-11-22,15.350000381469727,15.59000015258789,15.170000076293945,15.170000076293945,0
2016-11-23,15.430000305175781,15.84000015258789,15.399999618530273,15.489999771118164,0
2016-11-25,15.510000228881836,15.649999618530273,15.489999771118164,15.529999732971191,0
2016-11-28,16.020000457763672,16.200000762939453,15.84000015258789,16.059999465942383,0
2016-11-29,15.899999618530273,16.229999542236328,15.800000190734863,16.030000686645508,0
2016-11-30,16.100000381469727,16.110000610351562,15.399999618530273,15.65999984741211,0
2016-12-01,16.670000076293945,16.989999771118164,15.989999771118164,16.0,0
2016-12-02,16.780000686645508,16.8700008392334,16.270000457763672,16.770000457763672,0
2016-12-05,15.770000457763672,16.3799991607666,15.770000457763672,16.280000686645508,0
2016-12-06,15.479999542236328,15.779999732971191,15.380000114440918,15.569999694824219,0
2016-12-07,15.479999542236328,15.539999961853027,15.029999732971191,15.5,0
2016-12-08,15.720000267028809,16.06999969482422,15.369999885559082,15.4399995803833,0
2016-12-09,15.220000267028809,15.789999961853027,15.149999618530273,15.779999732971191,0
2016-12-12,15.729999542236328,15.859999656677246,15.489999771118164,15.489999771118164,0
2016-12-13,15.699999809265137,16.09000015258789,15.609999656677246,15.609999656677246,0
2016-12-14,15.869999885559082,16.059999465942383,15.149999618530273,15.90999984741211,0
2016-12-15,15.75,15.970000267028809,15.460000038146973,15.75,0
2016-12-16,15.569999694824219,15.829999923706055,15.5,15.6899995803833,0
2016-12-19,15.3100004196167,15.649999618530273,15.279999732971191,15.630000114440918,0
2016-12-20,15.140000343322754,15.3100004196167,15.109999656677246,15.25,0
2016-12-21,15.09000015258789,15.1899995803833,14.930000305175781,14.970000267028809,0
2016-12-22,15.289999961853027,15.390000343322754,15.0600004196167,15.149999618530273,0
2016-12-23,15.25,15.510000228881836,15.229999542236328,15.460000038146973,0
2016-12-27,15.359999656677246,15.510000228881836,15.260000228881836,15.510000228881836,0
2016-12-28,15.930000305175781,15.979999542236328,15.34000015258789,15.350000381469727,0
2016-12-29,16.15999984741211,16.350000381469727,15.890000343322754,15.989999771118164,0
2016-12-30,16.540000915527344,16.8799991607666,16.09000015258789,16.1299991607666,0
2017-01-03,15.5600004196167,16.290000915527344,15.5600004196167,16.260000228881836,0
2017-01-04,14.84000015258789,15.390000343322754,14.710000038146973,15.350000381469727,0
2017-01-05,14.699999809265137,15.0600004196167,14.510000228881836,15.0,0
2017-01-06,14.5600004196167,14.779999732971191,14.279999732971191,14.609999656677246,0
2017-01-09,14.630000114440918,15.0,14.569999694824219,14.930000305175781,0
2017-01-10,14.65999984741211,14.859999656677246,14.5600004196167,14.65999984741211,0
2017-01-11,14.470000267028809,15.119999885559082,14.430000305175781,14.8100004196167,0
2017-01-12,14.579999923706055,15.390000343322754,14.5,14.760000228881836,0
2017-01-13,14.539999961853027,14.739999771118164,14.319999694824219,14.510000228881836,0
2017-01-17,14.890000343322754,15.220000267028809,14.890000343322754,15.140000343322754,0
2017-01-18,14.9399995803833,15.25,14.800000190734863,15.010000228881836,0
2017-01-19,15.020000457763672,15.399999618530273,14.8100004196167,14.84000015258789,0
2017-01-20,14.489999771118164,14.960000038146973,14.479999542236328,14.859999656677246,0
2017-01-23,14.539999961853027,15.09000015258789,14.479999542236328,14.710000038146973,0
2017-01-24,13.869999885559082,14.489999771118164,13.859999656677246,14.470000267028809,0
2017-01-25,13.609999656677246,13.869999885559082,13.479999542236328,13.869999885559082,0
2017-01-26,13.630000114440918,13.800000190734863,13.529999732971191,13.65999984741211,0
2017-01-27,13.680000305175781,13.819999694824219,13.5,13.6899995803833,0
2017-01-30,14.40999984741211,15.130000114440918,14.300000190734863,14.300000190734863,0
2017-01-31,14.479999542236328,15.0,14.4399995803833,14.710000038146973,0
2017-02-01,14.289999961853027,14.520000457763672,14.020000457763672,14.210000038146973,0
2017-02-02,14.59000015258789,14.649999618530273,14.329999923706055,14.550000190734863,0
2017-02-03,14.050000190734863,14.300000190734863,13.90999984741211,14.149999618530273,0
2017-02-06,14.239999771118164,14.4399995803833,14.079999923706055,14.4399995803833,0
2017-02-07,14.350000381469727,14.399999618530273,14.149999618530273,14.220000267028809,0
2017-02-08,14.5600004196167,14.720000267028809,14.449999809265137,14.5600004196167,0
2017-02-09,14.170000076293945,14.449999809265137,14.130000114440918,14.40999984741211,0
2017-02-10,13.90999984741211,14.09000015258789,13.869999885559082,14.09000015258789,0
2017-02-13,13.680000305175781,14.109999656677246,13.670000076293945,13.979999542236328,0
2017-02-14,13.1899995803833,13.84000015258789,13.170000076293945,13.819999694824219,0
2017-02-15,13.40999984741211,13.609999656677246,13.109999656677246,13.609999656677246,0
2017-02-16,13.630000114440918,14.369999885559082,13.539999961853027,13.59000015258789,0
2017-02-17,13.720000267028809,14.020000457763672,13.59000015258789,13.90999984741211,0
2017-02-21,14.039999961853027,14.069999694824219,13.770000457763672,13.880000114440918,0
2017-02-22,14.390000343322754,14.600000381469727,14.069999694824219,14.220000267028809,0
2017-02-23,14.739999771118164,15.0600004196167,14.359999656677246,14.369999885559082,0
2017-02-24,14.760000228881836,15.369999885559082,14.6899995803833,15.210000038146973,0
2017-02-27,14.90999984741211,15.010000228881836,14.5600004196167,14.930000305175781,0
2017-02-28,15.279999732971191,15.350000381469727,14.859999656677246,15.039999961853027,0
2017-03-01,14.859999656677246,14.859999656677246,14.380000114440918,14.609999656677246,0
2017-03-02,14.770000457763672,14.970000267028809,14.510000228881836,14.960000038146973,0
2017-03-03,14.260000228881836,14.739999771118164,14.199999809265137,14.739999771118164,0
2017-03-06,14.34000015258789,14.640000343322754,14.140000343322754,14.550000190734863,0
2017-03-07,14.40999984741211,14.569999694824219,13.9399995803833,14.390000343322754,0
2017-03-08,14.539999961853027,14.539999961853027,14.180000305175781,14.329999923706055,0
2017-03-09,14.779999732971191,15.0,14.390000343322754,14.59000015258789,0
2017-03-10,14.380000114440918,14.6899995803833,14.329999923706055,14.539999961853027,0
2017-03-13,14.359999656677246,14.59000015258789,14.34000015258789,14.59000015258789,0
2017-03-14,14.630000114440918,14.829999923706055,14.489999771118164,14.600000381469727,0
2017-03-15,14.199999809265137,14.569999694824219,13.319999694824219,14.539999961853027,0
2017-03-16,13.779999732971191,14.119999885559082,13.739999771118164,14.050000190734863,0
2017-03-17,13.920000076293945,13.930000305175781,13.4399995803833,13.770000457763672,0
2017-03-20,13.899999618530273,14.029999732971191,13.770000457763672,14.020000457763672,0
2017-03-21,14.619999885559082,14.760000228881836,13.619999885559082,13.619999885559082,0
2017-03-22,14.680000305175781,14.930000305175781,14.40999984741211,14.8100004196167,0
2017-03-23,14.90999984741211,14.960000038146973,14.220000267028809,14.739999771118164,0
2017-03-24,14.550000190734863,15.369999885559082,14.34000015258789,14.680000305175781,0
2017-03-27,14.229999542236328,15.619999885559082,14.199999809265137,15.579999923706055,0
2017-03-28,13.680000305175781,14.3100004196167,13.5600004196167,14.210000038146973,0
2017-03-29,13.430000305175781,13.619999885559082,12.640000343322754,13.609999656677246,0
2017-03-30,13.369999885559082,13.539999961853027,13.3100004196167,13.479999542236328,0
2017-03-31,13.600000381469727,13.680000305175781,13.369999885559082,13.479999542236328,0
2017-04-03,13.670000076293945,14.270000457763672,13.569999694824219,13.760000228881836,0
2017-04-04,13.369999885559082,13.880000114440918,13.329999923706055,13.880000114440918,0
2017-04-05,14.119999885559082,14.149999618530273,12.979999542236328,13.199999809265137,0
2017-04-06,13.65999984741211,13.90999984741211,13.380000114440918,13.859999656677246,0
2017-04-07,14.0600004196167,14.1899995803833,13.609999656677246,13.869999885559082,0
2017-04-10,14.579999923706055,14.59000015258789,14.039999961853027,14.279999732971191,0
2017-04-11,15.15999984741211,15.5600004196167,14.800000190734863,14.90999984741211,0
2017-04-12,15.279999732971191,15.600000381469727,15.100000381469727,15.460000038146973,0
2017-04-13,15.75,15.800000190734863,14.960000038146973,15.59000015258789,0
2017-04-17,14.859999656677246,15.600000381469727,14.850000381469727,15.600000381469727,0
2017-04-18,14.760000228881836,15.470000267028809,14.710000038146973,15.1899995803833,0
2017-04-19,15.079999923706055,15.210000038146973,14.180000305175781,14.59000015258789,0
2017-04-20,14.529999732971191,15.020000457763672,14.40999984741211,14.890000343322754,0
2017-04-21,14.75,15.199999809265137,14.520000457763672,14.579999923706055,0
2017-04-24,12.899999618530273,13.489999771118164,12.890000343322754,13.260000228881836,0
2017-04-25,12.850000381469727,12.899999618530273,12.619999885559082,12.640000343322754,0
2017-04-26,12.979999542236328,13.020000457763672,12.760000228881836,12.829999923706055,0
2017-04-27,12.800000190734863,13.119999885559082,12.779999732971191,12.869999885559082,0
2017-04-28,12.930000305175781,13.130000114440918,12.779999732971191,12.789999961853027,0
2017-05-01,12.630000114440918,12.979999542236328,12.5,12.90999984741211,0
2017-05-02,12.829999923706055,12.890000343322754,12.619999885559082,12.630000114440918,0
2017-05-03,13.09000015258789,13.270000457763672,12.970000267028809,13.039999961853027,0
2017-05-04,12.829999923706055,13.329999923706055,12.729999542236328,13.0,0
2017-05-05,12.850000381469727,13.0,12.6899995803833,12.729999542236328,0
2017-05-08,12.59000015258789,12.760000228881836,12.579999923706055,12.760000228881836,0
2017-05-09,12.710000038146973,12.8100004196167,12.479999542236328,12.550000190734863,0
2017-05-10,12.90999984741211,12.90999984741211,12.6899995803833,12.800000190734863,0
2017-05-11,13.010000228881836,13.460000038146973,12.930000305175781,13.0600004196167,0
2017-05-12,12.970000267028809,13.149999618530273,12.9399995803833,13.020000457763672,0
2017-05-15,12.779999732971191,12.979999542236328,12.710000038146973,12.979999542236328,0
2017-05-16,12.649999618530273,12.789999961853027,12.539999961853027,12.680000305175781,0
2017-05-17,15.600000381469727,15.619999885559082,13.420000076293945,13.630000114440918,0
2017-05-18,14.970000267028809,15.619999885559082,14.729999542236328,15.609999656677246,0
2017-05-19,13.489999771118164,14.3100004196167,13.420000076293945,14.3100004196167,0
2017-05-22,12.960000038146973,13.390000343322754,12.920000076293945,13.380000114440918,0
2017-05-23,12.899999618530273,13.069999694824219,12.819999694824219,12.84000015258789,0
2017-05-24,12.59000015258789,13.069999694824219,12.510000228881836,12.850000381469727,0
2017-05-25,12.510000228881836,12.619999885559082,12.359999656677246,12.569999694824219,0
2017-05-26,12.4399995803833,12.619999885559082,12.350000381469727,12.600000381469727,0
2017-05-30,12.739999771118164,12.979999542236328,12.670000076293945,12.899999618530273,0
2017-05-31,12.630000114440918,13.140000343322754,12.609999656677246,12.710000038146973,0
2017-06-01,12.420000076293945,12.710000038146973,12.359999656677246,12.579999923706055,0
2017-06-02,12.460000038146973,12.619999885559082,12.34000015258789,12.449999809265137,0
2017-06-05,12.850000381469727,12.850000381469727,12.470000267028809,12.630000114440918,0
2017-06-06,13.079999923706055,13.229999542236328,12.890000343322754,13.050000190734863,0
2017-06-07,13.09000015258789,13.359999656677246,12.949999809265137,13.0600004196167,0
2017-06-08,12.760000228881836,13.100000381469727,12.670000076293945,13.0,0
2017-06-09,12.960000038146973,13.619999885559082,12.40999984741211,12.550000190734863,0
2017-06-12,13.300000190734863,13.739999771118164,13.270000457763672,13.359999656677246,0
2017-06-13,12.729999542236328,13.029999732971191,12.630000114440918,12.960000038146973,0
2017-06-14,12.770000457763672,13.119999885559082,12.680000305175781,12.819999694824219,0
2017-06-15,12.90999984741211,13.420000076293945,12.850000381469727,13.380000114440918,0
2017-06-16,12.710000038146973,13.220000267028809,12.609999656677246,12.819999694824219,0
2017-06-19,12.399999618530273,12.619999885559082,12.199999809265137,12.579999923706055,0
2017-06-20,12.6899995803833,12.859999656677246,12.510000228881836,12.510000228881836,0
2017-06-21,12.760000228881836,12.930000305175781,12.510000228881836,12.619999885559082,0
2017-06-22,12.619999885559082,12.819999694824219,12.489999771118164,12.720000267028809,0
2017-06-23,12.359999656677246,12.760000228881836,12.319999694824219,12.630000114440918,0
2017-06-26,12.270000457763672,12.609999656677246,12.180000305175781,12.359999656677246,0
2017-06-27,12.960000038146973,13.09000015258789,12.199999809265137,12.479999542236328,0
2017-06-28,12.399999618530273,12.859999656677246,12.25,12.619999885559082,0
2017-06-29,13.149999618530273,14.880000114440918,12.479999542236328,12.5,0
2017-06-30,13.140000343322754,13.359999656677246,12.739999771118164,12.90999984741211,0
2017-07-03,13.3100004196167,13.430000305175781,12.680000305175781,12.800000190734863,0
2017-07-05,13.3100004196167,13.779999732971191,13.079999923706055,13.25,0
2017-07-06,14.109999656677246,14.289999961853027,13.59000015258789,13.720000267028809,0
2017-07-07,13.520000457763672,13.899999618530273,13.470000267028809,13.869999885559082,0
2017-07-10,13.350000381469727,13.760000228881836,13.170000076293945,13.760000228881836,0
2017-07-11,13.15999984741211,13.84000015258789,13.109999656677246,13.3100004196167,0
2017-07-12,12.779999732971191,12.899999618530273,12.65999984741211,12.859999656677246,0
2017-07-13,12.550000190734863,12.779999732971191,12.5,12.770000457763672,0
2017-07-14,12.229999542236328,12.649999618530273,12.130000114440918,12.609999656677246,0
2017-07-17,12.279999732971191,12.399999618530273,12.229999542236328,12.289999961853027,0
2017-07-18,12.25,12.609999656677246,12.25,12.5,0
2017-07-19,12.0,12.170000076293945,11.9399995803833,12.170000076293945,0
2017-07-20,12.039999961853027,12.270000457763672,11.960000038146973,12.0600004196167,0
2017-07-21,12.0600004196167,12.289999961853027,12.010000228881836,12.210000038146973,0
2017-07-24,12.039999961853027,12.279999732971191,11.9399995803833,12.210000038146973,0
2017-07-25,12.050000190734863,12.09000015258789,11.789999961853027,11.869999885559082,0
2017-07-26,12.109999656677246,12.1899995803833,11.9399995803833,11.960000038146973,0
2017-07-27,12.420000076293945,13.050000190734863,11.890000343322754,11.960000038146973,0
2017-07-28,12.579999923706055,12.930000305175781,12.529999732971191,12.680000305175781,0
2017-07-31,12.470000267028809,12.819999694824219,12.470000267028809,12.579999923706055,0
2017-08-01,12.399999618530273,12.65999984741211,12.34000015258789,12.510000228881836,0
2017-08-02,12.5600004196167,12.819999694824219,12.279999732971191,12.319999694824219,0
2017-08-03,12.739999771118164,12.8100004196167,12.460000038146973,12.640000343322754,0
2017-08-04,12.75,12.779999732971191,12.449999809265137,12.569999694824219,0
2017-08-07,12.65999984741211,12.84000015258789,12.609999656677246,12.819999694824219,0
2017-08-08,13.199999809265137,13.449999809265137,12.4399995803833,12.760000228881836,0
2017-08-09,13.489999771118164,14.15999984741211,13.430000305175781,13.9399995803833,0
2017-08-10,16.209999084472656,16.209999084472656,14.380000114440918,14.510000228881836,0
2017-08-11,16.389999389648438,16.850000381469727,15.670000076293945,15.979999542236328,0
2017-08-14,13.920000076293945,14.90999984741211,13.829999923706055,14.90999984741211,0
2017-08-15,13.899999618530273,13.930000305175781,13.569999694824219,13.670000076293945,0
2017-08-16,13.579999923706055,13.920000076293945,13.109999656677246,13.109999656677246,0
2017-08-17,16.139999389648438,16.209999084472656,13.729999542236328,14.020000457763672,0
2017-08-18,15.649999618530273,16.450000762939453,15.020000457763672,16.030000686645508,0
2017-08-21,14.989999771118164,15.890000343322754,14.979999542236328,15.720000267028809,0
2017-08-22,13.630000114440918,14.609999656677246,13.630000114440918,14.609999656677246,0
2017-08-23,14.329999923706055,14.40999984741211,13.930000305175781,14.369999885559082,0
2017-08-24,14.390000343322754,14.770000457763672,13.899999618530273,13.979999542236328,0
2017-08-25,13.989999771118164,14.40999984741211,13.829999923706055,14.180000305175781,0
2017-08-28,13.989999771118164,14.329999923706055,13.90999984741211,13.920000076293945,0
2017-08-29,14.119999885559082,15.34000015258789,14.09000015258789,15.34000015258789,0
2017-08-30,14.140000343322754,14.369999885559082,13.920000076293945,14.25,0
2017-08-31,13.800000190734863,14.0600004196167,13.710000038146973,13.979999542236328,0
2017-09-01,13.59000015258789,13.789999961853027,13.510000228881836,13.600000381469727,0
2017-09-05,14.579999923706055,15.510000228881836,14.130000114440918,14.199999809265137,0
2017-09-06,14.399999618530273,14.880000114440918,14.319999694824219,14.430000305175781,0
2017-09-07,14.319999694824219,14.760000228881836,14.319999694824219,14.380000114440918,0
2017-09-08,14.6899995803833,14.920000076293945,13.9399995803833,14.729999542236328,0
2017-09-11,13.859999656677246,14.149999618530273,13.789999961853027,14.140000343322754,0
2017-09-12,13.5600004196167,13.90999984741211,13.550000190734863,13.8100004196167,0
2017-09-13,13.229999542236328,13.65999984741211,13.149999618530273,13.649999618530273,0
2017-09-14,13.15999984741211,13.4399995803833,13.100000381469727,13.40999984741211,0
2017-09-15,12.960000038146973,13.170000076293945,12.869999885559082,13.15999984741211,0
2017-09-18,12.6899995803833,13.0600004196167,12.65999984741211,13.020000457763672,0
2017-09-19,12.729999542236328,12.760000228881836,12.59000015258789,12.65999984741211,0
2017-09-20,12.65999984741211,13.0600004196167,12.600000381469727,12.670000076293945,0
2017-09-21,12.65999984741211,12.890000343322754,12.529999732971191,12.6899995803833,0
2017-09-22,12.850000381469727,13.039999961853027,12.760000228881836,12.979999542236328,0
2017-09-25,13.0600004196167,13.5600004196167,12.899999618530273,13.170000076293945,0
2017-09-26,13.020000457763672,13.289999961853027,12.930000305175781,13.079999923706055,0
2017-09-27,12.90999984741211,13.149999618530273,12.800000190734863,12.930000305175781,0
2017-09-28,12.760000228881836,13.050000190734863,12.75,13.050000190734863,0
2017-09-29,12.489999771118164,12.899999618530273,12.479999542236328,12.829999923706055,0
2017-10-02,12.359999656677246,12.760000228881836,12.350000381469727,12.649999618530273,0
2017-10-03,12.3100004196167,12.420000076293945,12.229999542236328,12.34000015258789,0
2017-10-04,12.380000114440918,12.569999694824219,12.319999694824219,12.479999542236328,0
2017-10-05,12.180000305175781,12.399999618530273,12.079999923706055,12.369999885559082,0
2017-10-06,12.4399995803833,12.699999809265137,12.239999771118164,12.289999961853027,0
2017-10-09,12.729999542236328,12.880000114440918,12.460000038146973,12.520000457763672,0
2017-10-10,12.470000267028809,12.800000190734863,12.449999809265137,12.59000015258789,0
2017-10-11,12.239999771118164,12.600000381469727,12.180000305175781,12.470000267028809,0
2017-10-12,12.260000228881836,12.470000267028809,12.069999694824219,12.369999885559082,0
2017-10-13,11.979999542236328,12.229999542236328,11.890000343322754,12.170000076293945,0
2017-10-16,11.9399995803833,12.109999656677246,11.920000076293945,12.09000015258789,0
2017-10-17,12.050000190734863,12.109999656677246,11.890000343322754,12.0,0
2017-10-18,11.920000076293945,12.039999961853027,11.829999923706055,12.010000228881836,0
2017-10-19,11.960000038146973,12.579999923706055,11.949999809265137,12.510000228881836,0
2017-10-20,11.850000381469727,11.90999984741211,11.739999771118164,11.880000114440918,0
2017-10-23,12.550000190734863,12.550000190734863,11.890000343322754,12.039999961853027,0
2017-10-24,12.670000076293945,12.710000038146973,12.199999809265137,12.289999961853027,0
2017-10-25,12.949999809265137,13.989999771118164,12.670000076293945,12.720000267028809,0
2017-10-26,12.930000305175781,13.220000267028809,12.710000038146973,12.829999923706055,0
2017-10-27,12.229999542236328,12.84000015258789,12.1899995803833,12.729999542236328,0
2017-10-30,12.569999694824219,12.829999923706055,12.359999656677246,12.619999885559082,0
2017-10-31,12.380000114440918,12.510000228881836,12.270000457763672,12.319999694824219,0
2017-11-01,12.569999694824219,12.65999984741211,12.149999618530273,12.25,0
2017-11-02,12.680000305175781,13.100000381469727,12.489999771118164,12.619999885559082,0
2017-11-03,12.420000076293945,12.760000228881836,12.300000190734863,12.579999923706055,0
2017-11-06,12.569999694824219,12.630000114440918,12.5,12.579999923706055,0
2017-11-07,12.760000228881836,13.079999923706055,12.479999542236328,12.59000015258789,0
2017-11-08,12.880000114440918,13.039999961853027,12.680000305175781,12.9399995803833,0
2017-11-09,13.140000343322754,14.210000038146973,13.119999885559082,13.539999961853027,0
2017-11-10,13.609999656677246,13.800000190734863,13.319999694824219,13.380000114440918,0
2017-11-13,13.75,13.90999984741211,13.449999809265137,13.90999984741211,0
2017-11-14,13.930000305175781,14.430000305175781,13.819999694824219,14.029999732971191,0
2017-11-15,14.65999984741211,15.359999656677246,14.229999542236328,14.890000343322754,0
2017-11-16,13.960000038146973,14.1899995803833,13.710000038146973,14.1899995803833,0
2017-11-17,13.800000190734863,14.029999732971191,13.6899995803833,13.970000267028809,0
2017-11-20,13.279999732971191,13.739999771118164,13.210000038146973,13.720000267028809,0
2017-11-21,12.550000190734863,12.970000267028809,12.510000228881836,12.949999809265137,0
2017-11-22,12.4399995803833,12.579999923706055,12.350000381469727,12.449999809265137,0
2017-11-24,12.420000076293945,12.529999732971191,12.359999656677246,12.420000076293945,0
2017-11-27,12.569999694824219,12.800000190734863,12.529999732971191,12.670000076293945,0
2017-11-28,12.270000457763672,12.600000381469727,12.199999809265137,12.479999542236328,0
2017-11-29,12.819999694824219,12.970000267028809,12.300000190734863,12.319999694824219,0
2017-11-30,13.039999961853027,13.130000114440918,12.579999923706055,12.619999885559082,0
2017-12-01,13.279999732971191,15.220000267028809,12.930000305175781,13.0600004196167,0
2017-12-04,13.550000190734863,13.640000343322754,12.710000038146973,12.9399995803833,0
2017-12-05,13.539999961853027,13.670000076293945,13.0,13.569999694824219,0
2017-12-06,13.449999809265137,13.6899995803833,13.34000015258789,13.6899995803833,0
2017-12-07,12.930000305175781,13.640000343322754,12.770000457763672,13.520000457763672,0
2017-12-08,12.460000038146973,12.8100004196167,12.4399995803833,12.770000457763672,0
2017-12-11,12.279999732971191,12.710000038146973,12.229999542236328,12.619999885559082,0
2017-12-12,12.479999542236328,12.520000457763672,12.149999618530273,12.229999542236328,0
2017-12-13,12.5,12.609999656677246,12.220000267028809,12.430000305175781,0
2017-12-14,12.800000190734863,13.069999694824219,12.359999656677246,12.430000305175781,0
2017-12-15,12.079999923706055,12.350000381469727,12.020000457763672,12.279999732971191,0
2017-12-18,12.069999694824219,12.279999732971191,11.970000267028809,11.989999771118164,0
2017-12-19,12.510000228881836,12.640000343322754,12.069999694824219,12.119999885559082,0
2017-12-20,12.369999885559082,12.4399995803833,11.029999732971191,11.90999984741211,0
2017-12-21,12.350000381469727,12.40999984741211,12.149999618530273,12.199999809265137,0
2017-12-22,12.489999771118164,12.619999885559082,12.239999771118164,12.329999923706055,0
2017-12-26,12.619999885559082,12.729999542236328,12.550000190734863,12.720000267028809,0
2017-12-27,12.649999618530273,12.829999923706055,12.430000305175781,12.59000015258789,0
2017-12-28,12.760000228881836,12.800000190734863,12.539999961853027,12.630000114440918,0
2017-12-29,13.09000015258789,13.130000114440918,12.630000114440918,12.6899995803833,0
2018-01-02,12.609999656677246,13.069999694824219,12.460000038146973,13.010000228881836,0
2018-01-03,12.319999694824219,12.40999984741211,12.199999809265137,12.390000343322754,0
2018-01-04,12.239999771118164,12.300000190734863,12.010000228881836,12.130000114440918,0
2018-01-05,12.0600004196167,12.300000190734863,12.010000228881836,12.119999885559082,0
2018-01-08,12.149999618530273,12.4399995803833,12.079999923706055,12.279999732971191,0
2018-01-09,12.40999984741211,12.479999542236328,12.0600004196167,12.140000343322754,0
2018-01-10,12.359999656677246,12.899999618530273,12.34000015258789,12.65999984741211,0
2018-01-11,12.15999984741211,12.460000038146973,12.09000015258789,12.329999923706055,0
2018-01-12,12.199999809265137,12.350000381469727,12.039999961853027,12.15999984741211,0
2018-01-16,13.229999542236328,13.670000076293945,12.350000381469727,12.390000343322754,0
2018-01-17,13.25,13.770000457763672,12.510000228881836,13.34000015258789,0
2018-01-18,13.579999923706055,13.729999542236328,13.149999618530273,13.34000015258789,0
2018-01-19,13.039999961853027,13.510000228881836,12.9399995803833,13.390000343322754,0
2018-01-22,12.989999771118164,13.239999771118164,12.930000305175781,13.239999771118164,0
2018-01-23,13.220000267028809,13.289999961853027,12.920000076293945,13.020000457763672,0
2018-01-24,13.529999732971191,13.979999542236328,13.149999618530273,13.149999618530273,0
2018-01-25,13.680000305175781,13.949999809265137,13.520000457763672,13.529999732971191,0
2018-01-26,13.460000038146973,13.710000038146973,13.460000038146973,13.579999923706055,0
2018-01-29,14.989999771118164,14.989999771118164,13.970000267028809,13.989999771118164,0
2018-01-30,15.829999923706055,16.200000762939453,15.449999809265137,15.649999618530273,0
2018-01-31,14.899999618530273,15.550000190734863,14.899999618530273,15.399999618530273,0
2018-02-01,14.720000267028809,15.380000114440918,14.210000038146973,15.380000114440918,0
2018-02-02,17.030000686645508,17.200000762939453,15.1899995803833,15.1899995803833,0
2018-02-05,28.1299991607666,31.09000015258789,16.540000915527344,18.15999984741211,0
2018-02-06,23.75,33.9900016784668,21.170000076293945,32.150001525878906,0
2018-02-07,23.030000686645508,23.219999313354492,19.559999465942383,23.219999313354492,0
2018-02-08,27.329999923706055,29.010000228881836,22.280000686645508,22.280000686645508,0
2018-02-09,24.920000076293945,31.040000915527344,24.31999969482422,25.8799991607666,0
2018-02-12,22.860000610351562,25.25,22.149999618530273,23.969999313354492,0
2018-02-13,22.649999618530273,24.280000686645508,22.40999984741211,24.280000686645508,0
2018-02-14,19.34000015258789,21.979999542236328,19.149999618530273,21.860000610351562,0
2018-02-15,19.079999923706055,20.06999969482422,18.649999618530273,18.8700008392334,0
2018-02-16,19.170000076293945,20.030000686645508,18.139999389648438,19.239999771118164,0
2018-02-20,20.010000228881836,20.34000015258789,19.3799991607666,20.079999923706055,0
2018-02-21,20.030000686645508,20.209999084472656,18.06999969482422,19.770000457763672,0
2018-02-22,19.059999465942383,19.940000534057617,18.75,19.549999237060547,0
2018-02-23,17.5,19.030000686645508,17.489999771118164,18.889999389648438,0
2018-02-26,16.920000076293945,17.600000381469727,16.920000076293945,17.31999969482422,0
2018-02-27,19.020000457763672,19.299999237060547,17.079999923706055,17.3799991607666,0
2018-02-28,19.889999389648438,20.219999313354492,18.360000610351562,18.3700008392334,0
2018-03-01,21.420000076293945,22.899999618530273,19.56999969482422,20.030000686645508,0
2018-03-02,19.860000610351562,23.649999618530273,19.739999771118164,22.979999542236328,0
2018-03-05,19.209999084472656,20.6200008392334,18.850000381469727,20.549999237060547,0
2018-03-06,19.239999771118164,19.950000762939453,18.84000015258789,18.84000015258789,0
2018-03-07,18.84000015258789,20.1200008392334,18.65999984741211,20.030000686645508,0
2018-03-08,18.18000030517578,18.889999389648438,18.139999389648438,18.43000030517578,0
2018-03-09,17.010000228881836,17.719999313354492,16.709999084472656,17.600000381469727,0
2018-03-12,17.799999237060547,18.049999237060547,17.100000381469727,17.350000381469727,0
2018-03-13,18.049999237060547,18.530000686645508,17.350000381469727,17.479999542236328,0
2018-03-14,18.780000686645508,19.020000457763672,17.790000915527344,17.790000915527344,0
2018-03-15,18.209999084472656,18.940000534057617,17.889999389648438,18.549999237060547,0
2018-03-16,17.739999771118164,17.959999084472656,17.3799991607666,17.860000610351562,0
2018-03-19,19.3799991607666,20.709999084472656,18.270000457763672,18.270000457763672,0
2018-03-20,18.8799991607666,19.489999771118164,18.780000686645508,19.110000610351562,0
2018-03-21,18.709999084472656,19.020000457763672,16.969999313354492,18.719999313354492,0
2018-03-22,21.65999984741211,21.8700008392334,19.510000228881836,20.209999084472656,0
2018-03-23,22.790000915527344,23.43000030517578,20.579999923706055,21.270000457763672,0
2018-03-26,20.700000762939453,22.639999389648438,20.520000457763672,21.290000915527344,0
2018-03-27,21.940000534057617,22.799999237060547,20.34000015258789,20.520000457763672,0
2018-03-28,22.309999465942383,23.25,21.56999969482422,21.799999237060547,0
2018-03-29,20.549999237060547,21.860000610351562,20.1200008392334,21.520000457763672,0
2018-04-02,22.56999969482422,23.700000762939453,20.729999542236328,21.18000030517578,0
2018-04-03,21.020000457763672,22.3799991607666,20.8700008392334,21.84000015258789,0
2018-04-04,20.420000076293945,22.8700008392334,20.280000686645508,22.8700008392334,0
2018-04-05,19.610000610351562,20.43000030517578,19.3799991607666,20.25,0
2018-04-06,21.200000762939453,22.229999542236328,19.799999237060547,20.3799991607666,0
2018-04-09,21.229999542236328,21.43000030517578,20.260000228881836,20.799999237060547,0
2018-04-10,20.399999618530273,21.049999237060547,20.229999542236328,20.3700008392334,0
2018-04-11,20.3700008392334,20.68000030517578,19.989999771118164,20.65999984741211,0
2018-04-12,19.280000686645508,19.790000915527344,19.040000915527344,19.780000686645508,0
2018-04-13,18.549999237060547,19.260000228881836,18.420000076293945,18.809999465942383,0
2018-04-16,17.81999969482422,18.229999542236328,17.709999084472656,18.18000030517578,0
2018-04-17,16.799999237060547,17.389999389648438,16.510000228881836,17.3799991607666,0
2018-04-18,16.799999237060547,17.600000381469727,16.6299991607666,17.010000228881836,0
2018-04-19,17.1200008392334,17.719999313354492,16.770000457763672,17.1200008392334,0
2018-04-20,17.719999313354492,18.030000686645508,16.889999389648438,16.93000030517578,0
2018-04-23,17.350000381469727,17.979999542236328,17.030000686645508,17.65999984741211,0
2018-04-24,18.229999542236328,19.3799991607666,16.790000915527344,16.969999313354492,0
2018-04-25,18.229999542236328,19.299999237060547,18.18000030517578,18.469999313354492,0
2018-04-26,17.290000915527344,18.209999084472656,17.270000457763672,18.100000381469727,0
2018-04-27,17.079999923706055,17.780000686645508,16.989999771118164,17.18000030517578,0
2018-04-30,17.34000015258789,17.579999923706055,16.850000381469727,16.959999084472656,0
2018-05-01,16.90999984741211,17.809999465942383,16.860000610351562,17.43000030517578,0
2018-05-02,17.260000228881836,17.260000228881836,16.350000381469727,17.0,0
2018-05-03,17.030000686645508,18.739999771118164,17.030000686645508,17.329999923706055,0
2018-05-04,16.649999618530273,17.75,16.559999465942383,17.639999389648438,0
2018-05-07,16.649999618530273,16.899999618530273,16.3700008392334,16.559999465942383,0
2018-05-08,16.479999542236328,17.190000534057617,16.469999313354492,16.81999969482422,0
2018-05-09,15.779999732971191,16.450000762939453,15.600000381469727,16.350000381469727,0
2018-05-10,15.239999771118164,15.739999771118164,15.079999923706055,15.729999542236328,0
2018-05-11,14.819999694824219,15.369999885559082,14.819999694824219,15.199999809265137,0
2018-05-14,14.529999732971191,14.789999961853027,14.470000267028809,14.760000228881836,0
2018-05-15,15.789999961853027,16.1200008392334,15.170000076293945,15.170000076293945,0
2018-05-16,15.140000343322754,15.539999961853027,14.970000267028809,15.529999732971191,0
2018-05-17,15.020000457763672,15.350000381469727,14.609999656677246,15.199999809265137,0
2018-05-18,15.1899995803833,15.40999984741211,14.960000038146973,15.180000305175781,0
2018-05-21,14.6899995803833,15.0,14.449999809265137,14.550000190734863,0
2018-05-22,14.880000114440918,15.029999732971191,14.430000305175781,14.550000190734863,0
2018-05-23,14.479999542236328,15.619999885559082,14.460000038146973,15.5600004196167,0
2018-05-24,14.430000305175781,15.380000114440918,14.40999984741211,14.729999542236328,0
2018-05-25,14.829999923706055,14.949999809265137,14.520000457763672,14.739999771118164,0
2018-05-29,17.1299991607666,17.959999084472656,15.520000457763672,16.100000381469727,0
2018-05-30,16.0,16.600000381469727,15.859999656677246,16.559999465942383,0
2018-05-31,16.329999923706055,16.739999771118164,15.979999542236328,16.209999084472656,0
2018-06-01,15.270000457763672,15.539999961853027,15.079999923706055,15.520000457763672,0
2018-06-04,14.899999618530273,15.279999732971191,14.829999923706055,15.220000267028809,0
2018-06-05,14.720000267028809,15.199999809265137,14.710000038146973,14.920000076293945,0
2018-06-06,14.1899995803833,14.800000190734863,14.15999984741211,14.600000381469727,0
2018-06-07,14.430000305175781,14.949999809265137,14.170000076293945,14.300000190734863,0
2018-06-08,14.600000381469727,15.010000228881836,14.4399995803833,14.899999618530273,0
2018-06-11,14.550000190734863,14.720000267028809,14.430000305175781,14.6899995803833,0
2018-06-12,14.59000015258789,14.710000038146973,14.420000076293945,14.520000457763672,0
2018-06-13,14.920000076293945,15.5,14.369999885559082,14.449999809265137,0
2018-06-14,14.399999618530273,14.65999984741211,14.270000457763672,14.4399995803833,0
2018-06-15,14.420000076293945,15.539999961853027,14.399999618530273,14.8100004196167,0
2018-06-18,14.479999542236328,15.4399995803833,14.460000038146973,15.289999961853027,0
2018-06-19,15.170000076293945,15.850000381469727,15.109999656677246,15.779999732971191,0
2018-06-20,14.789999961853027,14.979999542236328,14.640000343322754,14.670000076293945,0
2018-06-21,15.869999885559082,16.15999984741211,14.979999542236328,14.979999542236328,0
2018-06-22,15.5,15.699999809265137,15.029999732971191,15.029999732971191,0
2018-06-25,17.520000457763672,18.969999313354492,16.200000762939453,16.229999542236328,0
2018-06-26,16.8700008392334,17.469999313354492,16.510000228881836,17.100000381469727,0
2018-06-27,18.049999237060547,18.34000015258789,16.200000762939453,16.739999771118164,0
2018-06-28,17.520000457763672,18.860000610351562,17.190000534057617,18.18000030517578,0
2018-06-29,17.139999389648438,17.309999465942383,16.260000228881836,16.8799991607666,0
2018-07-02,16.950000762939453,18.329999923706055,16.93000030517578,18.209999084472656,0
2018-07-03,17.350000381469727,17.540000915527344,16.559999465942383,16.639999389648438,0
2018-07-05,16.530000686645508,17.329999923706055,16.510000228881836,16.670000076293945,0
2018-07-06,15.710000038146973,16.649999618530273,15.65999984741211,16.56999969482422,0
2018-07-09,14.869999885559082,15.460000038146973,14.829999923706055,15.300000190734863,0
2018-07-10,14.710000038146973,15.079999923706055,14.609999656677246,14.720000267028809,0
2018-07-11,15.380000114440918,15.5600004196167,15.020000457763672,15.539999961853027,0
2018-07-12,14.760000228881836,15.1899995803833,14.680000305175781,14.869999885559082,0
2018-07-13,14.539999961853027,15.100000381469727,14.5,14.850000381469727,0
2018-07-16,14.850000381469727,14.949999809265137,14.59000015258789,14.850000381469727,0
2018-07-17,14.399999618530273,15.09000015258789,14.210000038146973,15.09000015258789,0
2018-07-18,14.390000343322754,14.600000381469727,14.260000228881836,14.4399995803833,0
2018-07-19,14.970000267028809,15.100000381469727,14.619999885559082,14.829999923706055,0
2018-07-20,15.079999923706055,15.279999732971191,14.8100004196167,15.239999771118164,0
2018-07-23,14.859999656677246,15.4399995803833,14.859999656677246,15.239999771118164,0
2018-07-24,14.699999809265137,15.25,14.460000038146973,14.539999961853027,0
2018-07-25,14.550000190734863,14.880000114440918,14.170000076293945,14.859999656677246,0
2018-07-26,14.399999618530273,14.779999732971191,14.390000343322754,14.539999961853027,0
2018-07-27,15.0,15.609999656677246,14.390000343322754,14.420000076293945,0
2018-07-30,15.65999984741211,15.789999961853027,15.010000228881836,15.069999694824219,0
2018-07-31,14.869999885559082,15.40999984741211,14.869999885559082,15.1899995803833,0
2018-08-01,15.220000267028809,15.460000038146973,14.710000038146973,15.010000228881836,0
2018-08-02,14.760000228881836,16.0,14.720000267028809,15.979999542236328,0
2018-08-03,14.489999771118164,14.850000381469727,14.40999984741211,14.829999923706055,0
2018-08-06,14.229999542236328,14.829999923706055,14.170000076293945,14.770000457763672,0
2018-08-07,13.930000305175781,14.149999618530273,13.890000343322754,14.010000228881836,0
2018-08-08,13.960000038146973,14.170000076293945,13.720000267028809,14.039999961853027,0
2018-08-09,14.130000114440918,14.199999809265137,13.8100004196167,13.970000267028809,0
2018-08-10,15.220000267028809,15.449999809265137,14.739999771118164,14.760000228881836,0
2018-08-13,16.209999084472656,16.290000915527344,15.039999961853027,15.510000228881836,0
2018-08-14,15.350000381469727,16.0,15.289999961853027,15.720000267028809,0
2018-08-15,16.190000534057617,17.59000015258789,16.15999984741211,16.329999923706055,0
2018-08-16,15.510000228881836,15.699999809265137,15.1899995803833,15.539999961853027,0
2018-08-17,15.170000076293945,15.869999885559082,14.970000267028809,15.729999542236328,0
2018-08-20,15.0,15.0600004196167,14.869999885559082,14.989999771118164,0
2018-08-21,15.1899995803833,15.1899995803833,14.680000305175781,14.920000076293945,0
2018-08-22,15.079999923706055,15.3100004196167,14.90999984741211,15.210000038146973,0
2018-08-23,15.0600004196167,15.260000228881836,14.680000305175781,15.100000381469727,0
2018-08-24,14.819999694824219,14.949999809265137,14.619999885559082,14.829999923706055,0
2018-08-27,14.789999961853027,14.949999809265137,14.760000228881836,14.829999923706055,0
2018-08-28,15.109999656677246,15.130000114440918,14.710000038146973,14.760000228881836,0
2018-08-29,14.949999809265137,15.1899995803833,14.760000228881836,15.0600004196167,0
2018-08-30,15.539999961853027,15.829999923706055,15.039999961853027,15.199999809265137,0
2018-08-31,15.149999618530273,15.90999984741211,15.149999618530273,15.600000381469727,0
2018-09-04,15.449999809265137,16.1200008392334,15.4399995803833,15.819999694824219,0
2018-09-05,15.920000076293945,16.229999542236328,15.630000114440918,15.800000190734863,0
2018-09-06,16.34000015258789,16.700000762939453,15.829999923706055,15.890000343322754,0
2018-09-07,16.59000015258789,16.90999984741211,16.18000030517578,16.770000457763672,0
2018-09-10,16.170000076293945,16.40999984741211,15.979999542236328,16.329999923706055,0
2018-09-11,15.539999961853027,16.559999465942383,15.539999961853027,16.450000762939453,0
2018-09-12,15.319999694824219,15.779999732971191,15.210000038146973,15.619999885559082,0
2018-09-13,14.770000457763672,15.010000228881836,14.729999542236328,14.979999542236328,0
2018-09-14,14.369999885559082,14.899999618530273,14.369999885559082,14.75,0
2018-09-17,15.279999732971191,15.329999923706055,14.609999656677246,14.699999809265137,0
2018-09-18,15.039999961853027,15.1899995803833,14.75,15.020000457763672,0
2018-09-19,14.649999618530273,14.75,14.479999542236328,14.720000267028809,0
2018-09-20,14.510000228881836,14.600000381469727,14.319999694824219,14.399999618530273,0
2018-09-21,14.579999923706055,14.619999885559082,14.180000305175781,14.479999542236328,0
2018-09-24,14.770000457763672,15.300000190734863,14.75,15.029999732971191,0
2018-09-25,14.920000076293945,15.029999732971191,14.640000343322754,14.640000343322754,0
2018-09-26,15.149999618530273,15.34000015258789,14.399999618530273,14.850000381469727,0
2018-09-27,14.890000343322754,14.979999542236328,14.529999732971191,14.8100004196167,0
2018-09-28,14.770000457763672,15.199999809265137,14.710000038146973,15.130000114440918,0
2018-10-01,14.739999771118164,14.960000038146973,14.329999923706055,14.470000267028809,0
2018-10-02,14.84000015258789,14.979999542236328,14.5,14.84000015258789,0
2018-10-03,14.680000305175781,14.960000038146973,14.5,14.550000190734863,0
2018-10-04,15.84000015258789,16.760000228881836,15.149999618530273,15.149999618530273,0
2018-10-05,16.25,17.68000030517578,15.359999656677246,15.670000076293945,0
2018-10-08,16.510000228881836,18.0,16.5,17.079999923706055,0
2018-10-09,16.6299991607666,17.34000015258789,16.219999313354492,16.969999313354492,0
2018-10-10,20.700000762939453,20.75,17.170000076293945,17.170000076293945,0
2018-10-11,21.559999465942383,23.709999084472656,19.399999618530273,20.010000228881836,0
2018-10-12,19.84000015258789,22.799999237060547,19.559999465942383,19.850000381469727,0
2018-10-15,20.290000915527344,20.84000015258789,19.110000610351562,20.229999542236328,0
2018-10-16,17.959999084472656,19.350000381469727,17.8799991607666,19.15999984741211,0
2018-10-17,18.100000381469727,19.3700008392334,18.049999237060547,18.1200008392334,0
2018-10-18,19.860000610351562,20.770000457763672,18.489999771118164,18.770000457763672,0
2018-10-19,19.84000015258789,20.549999237060547,18.959999084472656,19.559999465942383,0
2018-10-22,19.81999969482422,20.600000381469727,19.25,19.350000381469727,0
2018-10-23,20.280000686645508,22.290000915527344,20.010000228881836,22.290000915527344,0
2018-10-24,22.6200008392334,23.459999084472656,20.219999313354492,20.469999313354492,0
2018-10-25,22.440000534057617,22.75,21.170000076293945,22.260000228881836,0
2018-10-26,22.479999542236328,24.3799991607666,22.1200008392334,23.559999465942383,0
2018-10-29,23.059999465942383,24.81999969482422,21.34000015258789,21.799999237060547,0
2018-10-30,22.229999542236328,23.5,22.059999465942383,23.5,0
2018-10-31,21.149999618530273,21.780000686645508,20.670000076293945,21.469999313354492,0
2018-11-01,20.06999969482422,21.229999542236328,20.020000457763672,20.829999923706055,0
2018-11-02,20.299999237060547,21.489999771118164,19.440000534057617,19.65999984741211,0
2018-11-05,20.200000762939453,20.809999465942383,20.020000457763672,20.3700008392334,0
2018-11-06,19.579999923706055,20.25,19.520000457763672,20.25,0
2018-11-07,17.6200008392334,18.520000457763672,17.6200008392334,18.309999465942383,0
2018-11-08,17.68000030517578,18.020000457763672,17.360000610351562,17.65999984741211,0
2018-11-09,18.459999084472656,18.989999771118164,17.989999771118164,18.06999969482422,0
2018-11-12,20.229999542236328,20.440000534057617,18.610000610351562,18.65999984741211,0
2018-11-13,20.270000457763672,20.889999389648438,19.450000762939453,20.139999389648438,0
2018-11-14,21.219999313354492,21.8799991607666,19.770000457763672,19.84000015258789,0
2018-11-15,20.309999465942383,22.31999969482422,20.309999465942383,21.670000076293945,0
2018-11-16,19.350000381469727,21.100000381469727,19.309999465942383,20.989999771118164,0
2018-11-19,20.639999389648438,21.190000534057617,19.56999969482422,19.770000457763672,0
2018-11-20,22.270000457763672,23.020000457763672,21.829999923706055,22.43000030517578,0
2018-11-21,21.31999969482422,21.93000030517578,20.850000381469727,21.6299991607666,0
2018-11-23,21.75,22.1299991607666,21.309999465942383,22.1200008392334,0
2018-11-26,20.110000610351562,21.059999465942383,19.93000030517578,21.020000457763672,0
2018-11-27,19.940000534057617,20.600000381469727,19.729999542236328,20.459999084472656,0
2018-11-28,19.280000686645508,20.110000610351562,19.09000015258789,19.690000534057617,0
2018-11-29,19.59000015258789,20.549999237060547,19.40999984741211,19.729999542236328,0
2018-11-30,18.889999389648438,19.969999313354492,18.8799991607666,19.920000076293945,0
2018-12-03,17.950000762939453,18.440000534057617,17.690000534057617,17.690000534057617,0
2018-12-04,20.75,21.270000457763672,17.899999618530273,18.079999923706055,0
2018-12-06,21.059999465942383,24.010000228881836,20.860000610351562,23.09000015258789,0
2018-12-07,22.440000534057617,23.25,20.40999984741211,21.110000610351562,0
2018-12-10,22.010000228881836,24.020000457763672,21.940000534057617,22.579999923706055,0
2018-12-11,21.719999313354492,22.8700008392334,21.25,21.25,0
2018-12-12,21.59000015258789,21.760000228881836,20.790000915527344,21.06999969482422,0
2018-12-13,21.350000381469727,21.81999969482422,20.940000534057617,21.15999984741211,0
2018-12-14,21.959999084472656,22.479999542236328,21.530000686645508,21.84000015258789,0
2018-12-17,23.40999984741211,24.1200008392334,22.18000030517578,22.600000381469727,0
2018-12-18,23.899999618530273,24.5,23.079999923706055,23.209999084472656,0
2018-12-19,24.020000457763672,24.450000762939453,22.299999237060547,23.90999984741211,0
2018-12-20,25.239999771118164,26.510000228881836,23.969999313354492,24.329999923706055,0
2018-12-21,26.229999542236328,26.729999542236328,24.229999542236328,25.559999465942383,0
2018-12-24,28.84000015258789,28.920000076293945,26.649999618530273,26.850000381469727,0
2018-12-26,25.690000534057617,28.6200008392334,25.260000228881836,27.90999984741211,0
2018-12-27,25.889999389648438,28.020000457763672,25.790000915527344,27.049999237060547,0
2018-12-28,25.31999969482422,26.719999313354492,24.719999313354492,25.65999984741211,0
2018-12-31,23.729999542236328,24.670000076293945,23.649999618530273,24.56999969482422,0
2019-01-02,22.75,24.989999771118164,22.700000762939453,24.989999771118164,0
2019-01-03,24.110000610351562,24.6299991607666,23.25,23.540000915527344,0
2019-01-04,21.860000610351562,23.059999465942383,21.780000686645508,22.989999771118164,0
2019-01-07,21.6200008392334,22.219999313354492,21.329999923706055,22.06999969482422,0
2019-01-08,21.139999389648438,21.899999618530273,20.8799991607666,21.219999313354492,0
2019-01-09,20.690000534057617,21.18000030517578,20.469999313354492,20.899999618530273,0
2019-01-10,20.520000457763672,21.43000030517578,20.3700008392334,21.1299991607666,0
2019-01-11,19.739999771118164,20.920000076293945,19.690000534057617,20.850000381469727,0
2019-01-14,19.93000030517578,20.700000762939453,19.700000762939453,20.649999618530273,0
2019-01-15,19.239999771118164,19.899999618530273,18.940000534057617,19.899999618530273,0
2019-01-16,19.530000686645508,19.530000686645508,18.8700008392334,19.139999389648438,0
2019-01-17,19.170000076293945,19.75,18.829999923706055,19.739999771118164,0
2019-01-18,18.84000015258789,19.020000457763672,18.420000076293945,18.670000076293945,0
2019-01-22,20.690000534057617,20.8700008392334,19.239999771118164,19.350000381469727,0
2019-01-23,20.079999923706055,21.540000915527344,20.049999237060547,20.149999618530273,0
2019-01-24,19.670000076293945,20.479999542236328,19.420000076293945,20.290000915527344,0
2019-01-25,18.81999969482422,19.200000762939453,18.709999084472656,19.049999237060547,0
2019-01-28,19.579999923706055,20.360000610351562,19.520000457763672,19.920000076293945,0
2019-01-29,19.600000381469727,19.979999542236328,19.309999465942383,19.440000534057617,0
2019-01-30,18.68000030517578,19.6299991607666,18.520000457763672,19.3700008392334,0
2019-01-31,17.8799991607666,18.739999771118164,17.8799991607666,18.649999618530273,0
2019-02-01,17.59000015258789,18.09000015258789,17.559999465942383,17.889999389648438,0
2019-02-04,17.190000534057617,17.860000610351562,17.09000015258789,17.739999771118164,0
2019-02-05,17.06999969482422,17.170000076293945,16.530000686645508,17.170000076293945,0
2019-02-06,16.899999618530273,17.110000610351562,16.649999618530273,16.920000076293945,0
2019-02-07,17.520000457763672,18.399999618530273,17.260000228881836,17.549999237060547,0
2019-02-08,17.260000228881836,18.299999237060547,17.219999313354492,17.989999771118164,0
2019-02-11,17.219999313354492,17.540000915527344,17.100000381469727,17.149999618530273,0
2019-02-12,16.81999969482422,16.940000534057617,16.579999923706055,16.739999771118164,0
2019-02-13,16.959999084472656,17.06999969482422,16.670000076293945,16.809999465942383,0
2019-02-14,17.31999969482422,17.829999923706055,16.950000762939453,17.530000686645508,0
2019-02-15,16.479999542236328,16.979999542236328,16.459999084472656,16.809999465942383,0
2019-02-19,16.450000762939453,17.06999969482422,16.270000457763672,17.059999465942383,0
2019-02-20,15.819999694824219,16.459999084472656,15.800000190734863,16.450000762939453,0
2019-02-21,16.15999984741211,16.479999542236328,15.779999732971191,16.100000381469727,0
2019-02-22,15.460000038146973,15.979999542236328,15.460000038146973,15.960000038146973,0
2019-02-25,16.0,16.030000686645508,15.25,15.359999656677246,0
2019-02-26,16.299999237060547,16.329999923706055,15.84000015258789,16.219999313354492,0
2019-02-27,15.989999771118164,16.950000762939453,15.979999542236328,16.479999542236328,0
2019-02-28,16.100000381469727,16.3700008392334,15.880000114440918,15.989999771118164,0
2019-03-01,15.380000114440918,16.149999618530273,15.3100004196167,15.739999771118164,0
2019-03-04,16.030000686645508,17.18000030517578,15.170000076293945,15.380000114440918,0
2019-03-05,16.149999618530273,16.479999542236328,15.880000114440918,16.06999969482422,0
2019-03-06,16.739999771118164,16.950000762939453,16.229999542236328,16.229999542236328,0
2019-03-07,17.299999237060547,17.899999618530273,16.75,17.06999969482422,0
2019-03-08,17.110000610351562,18.299999237060547,17.09000015258789,18.18000030517578,0
2019-03-11,16.010000228881836,17.100000381469727,16.010000228881836,17.100000381469727,0
2019-03-12,15.649999618530273,15.970000267028809,15.529999732971191,15.970000267028809,0
2019-03-13,15.329999923706055,15.579999923706055,15.199999809265137,15.489999771118164,0
2019-03-14,15.300000190734863,15.569999694824219,15.079999923706055,15.399999618530273,0
2019-03-15,14.979999542236328,15.210000038146973,14.640000343322754,15.180000305175781,0
2019-03-18,15.239999771118164,15.630000114440918,15.0600004196167,15.239999771118164,0
2019-03-19,15.5600004196167,15.789999961853027,14.890000343322754,14.90999984741211,0
2019-03-20,15.789999961853027,16.059999465942383,15.199999809265137,15.75,0
2019-03-21,15.510000228881836,15.989999771118164,15.300000190734863,15.989999771118164,0
2019-03-22,17.3700008392334,17.8799991607666,15.800000190734863,15.899999618530273,0
2019-03-25,17.450000762939453,18.200000762939453,17.229999542236328,17.799999237060547,0
2019-03-26,16.450000762939453,17.049999237060547,16.43000030517578,16.790000915527344,0
2019-03-27,16.780000686645508,17.670000076293945,16.299999237060547,16.479999542236328,0
2019-03-28,16.299999237060547,17.030000686645508,16.280000686645508,16.549999237060547,0
2019-03-29,15.800000190734863,16.239999771118164,15.779999732971191,16.0,0
2019-04-01,15.460000038146973,15.890000343322754,15.369999885559082,15.739999771118164,0
2019-04-02,15.539999961853027,15.699999809265137,15.399999618530273,15.520000457763672,0
2019-04-03,15.630000114440918,15.920000076293945,15.239999771118164,15.3100004196167,0
2019-04-04,15.479999542236328,15.8100004196167,15.40999984741211,15.65999984741211,0
2019-04-05,15.0600004196167,15.3100004196167,14.979999542236328,15.239999771118164,0
2019-04-08,15.279999732971191,15.5600004196167,15.210000038146973,15.369999885559082,0
2019-04-09,15.989999771118164,16.079999923706055,15.550000190734863,15.699999809265137,0
2019-04-10,15.380000114440918,15.960000038146973,15.380000114440918,15.779999732971191,0
2019-04-11,15.25,15.420000076293945,15.079999923706055,15.329999923706055,0
2019-04-12,14.460000038146973,14.9399995803833,14.460000038146973,14.890000343322754,0
2019-04-15,14.529999732971191,15.149999618530273,14.489999771118164,14.609999656677246,0
2019-04-16,14.470000267028809,14.6899995803833,14.300000190734863,14.399999618530273,0
2019-04-17,14.819999694824219,15.069999694824219,14.229999542236328,14.239999771118164,0
2019-04-18,14.569999694824219,15.0600004196167,14.5,14.59000015258789,0
2019-04-22,14.720000267028809,15.220000267028809,14.720000267028809,15.220000267028809,0
2019-04-23,14.539999961853027,14.699999809265137,14.420000076293945,14.65999984741211,0
2019-04-24,15.039999961853027,15.039999961853027,14.550000190734863,14.680000305175781,0
2019-04-25,15.210000038146973,15.880000114440918,14.9399995803833,15.279999732971191,0
2019-04-26,14.890000343322754,15.319999694824219,14.739999771118164,15.149999618530273,0
2019-04-29,15.229999542236328,15.239999771118164,14.899999618530273,15.069999694824219,0
2019-04-30,15.229999542236328,15.850000381469727,15.079999923706055,15.390000343322754,0
2019-05-01,16.190000534057617,16.219999313354492,14.979999542236328,15.15999984741211,0
2019-05-02,16.030000686645508,16.90999984741211,15.65999984741211,16.059999465942383,0
2019-05-03,15.069999694824219,15.510000228881836,15.029999732971191,15.5,0
2019-05-06,16.399999618530273,17.729999542236328,16.1299991607666,17.729999542236328,0
2019-05-07,18.780000686645508,20.18000030517578,17.420000076293945,17.479999542236328,0
2019-05-08,18.75,19.510000228881836,17.979999542236328,19.1200008392334,0
2019-05-09,18.440000534057617,20.979999542236328,18.350000381469727,20.420000076293945,0
2019-05-10,16.899999618530273,19.350000381469727,16.709999084472656,18.290000915527344,0
2019-05-13,19.790000915527344,20.25,18.940000534057617,19.3799991607666,0
2019-05-14,18.290000915527344,19.790000915527344,18.010000228881836,19.790000915527344,0
2019-05-15,17.489999771118164,19.030000686645508,17.3700008392334,19.010000228881836,0
2019-05-16,16.739999771118164,17.479999542236328,16.510000228881836,17.479999542236328,0
2019-05-17,17.059999465942383,17.549999237060547,16.489999771118164,17.549999237060547,0
2019-05-20,17.290000915527344,18.06999969482422,17.030000686645508,17.799999237060547,0
2019-05-21,16.420000076293945,16.799999237060547,16.389999389648438,16.770000457763672,0
2019-05-22,16.420000076293945,16.780000686645508,16.299999237060547,16.40999984741211,0
2019-05-23,17.690000534057617,18.260000228881836,17.34000015258789,17.40999984741211,0
2019-05-24,17.09000015258789,17.520000457763672,16.829999923706055,16.989999771118164,0
2019-05-28,17.899999618530273,17.969999313354492,16.8700008392334,17.100000381469727,0
2019-05-29,18.239999771118164,18.790000915527344,18.010000228881836,18.389999389648438,0
2019-05-30,17.959999084472656,18.5,17.610000610351562,17.84000015258789,0
2019-05-31,18.829999923706055,19.219999313354492,18.440000534057617,19.040000915527344,0
2019-06-03,18.770000457763672,19.450000762939453,18.350000381469727,18.6200008392334,0
2019-06-04,17.59000015258789,18.459999084472656,17.579999923706055,18.229999542236328,0
2019-06-05,17.1299991607666,17.959999084472656,17.1299991607666,17.389999389648438,0
2019-06-06,16.920000076293945,17.399999618530273,16.809999465942383,17.190000534057617,0
2019-06-07,17.149999618530273,17.15999984741211,16.739999771118164,16.8799991607666,0
2019-06-10,16.8799991607666,17.15999984741211,16.790000915527344,16.8799991607666,0
2019-06-11,16.989999771118164,17.420000076293945,16.549999237060547,16.549999237060547,0
2019-06-12,17.049999237060547,17.3799991607666,16.959999084472656,17.09000015258789,0
2019-06-13,16.860000610351562,17.079999923706055,16.75,16.81999969482422,0
2019-06-14,16.600000381469727,17.5,16.56999969482422,17.030000686645508,0
2019-06-17,16.610000610351562,16.899999618530273,16.549999237060547,16.739999771118164,0
2019-06-18,16.5,16.729999542236328,16.15999984741211,16.360000610351562,0
2019-06-19,16.100000381469727,16.809999465942383,16.030000686645508,16.360000610351562,0
2019-06-20,16.139999389648438,16.940000534057617,15.670000076293945,15.920000076293945,0
2019-06-21,16.670000076293945,16.719999313354492,16.100000381469727,16.139999389648438,0
2019-06-24,16.469999313354492,16.709999084472656,16.450000762939453,16.56999969482422,0
2019-06-25,17.1200008392334,17.3700008392334,16.510000228881836,16.510000228881836,0
2019-06-26,17.049999237060547,17.229999542236328,16.700000762939453,17.1200008392334,0
2019-06-27,16.760000228881836,17.110000610351562,16.729999542236328,16.860000610351562,0
2019-06-28,16.059999465942383,16.8700008392334,16.059999465942383,16.700000762939453,0
2019-07-01,15.430000305175781,15.800000190734863,15.3100004196167,15.3100004196167,0
2019-07-02,14.720000267028809,15.5,14.720000267028809,15.390000343322754,0
2019-07-03,14.529999732971191,14.920000076293945,14.520000457763672,14.789999961853027,0
2019-07-05,14.979999542236328,15.699999809265137,14.829999923706055,15.199999809265137,0
2019-07-08,15.479999542236328,15.760000228881836,15.350000381469727,15.489999771118164,0
2019-07-09,15.569999694824219,15.960000038146973,15.520000457763672,15.960000038146973,0
2019-07-10,15.1899995803833,15.5600004196167,15.0600004196167,15.5600004196167,0
2019-07-11,14.979999542236328,15.329999923706055,14.850000381469727,15.109999656677246,0
2019-07-12,14.800000190734863,14.949999809265137,14.729999542236328,14.880000114440918,0
2019-07-15,15.039999961853027,15.239999771118164,14.8100004196167,14.8100004196167,0
2019-07-16,15.220000267028809,15.300000190734863,14.869999885559082,14.970000267028809,0
2019-07-17,15.819999694824219,15.84000015258789,15.029999732971191,15.09000015258789,0
2019-07-18,15.539999961853027,16.149999618530273,15.329999923706055,15.819999694824219,0
2019-07-19,15.930000305175781,15.930000305175781,15.270000457763672,15.539999961853027,0
2019-07-22,15.470000267028809,15.970000267028809,15.380000114440918,15.930000305175781,0
2019-07-23,14.930000305175781,15.40999984741211,14.890000343322754,15.220000267028809,0
2019-07-24,14.5600004196167,15.1899995803833,14.470000267028809,15.1899995803833,0
2019-07-25,15.050000190734863,15.520000457763672,14.8100004196167,14.84000015258789,0
2019-07-26,14.6899995803833,14.850000381469727,14.600000381469727,14.84000015258789,0
2019-07-29,15.0,15.239999771118164,14.819999694824219,14.9399995803833,0
2019-07-30,15.699999809265137,15.779999732971191,15.319999694824219,15.680000305175781,0
2019-07-31,16.90999984741211,17.260000228881836,15.369999885559082,15.699999809265137,0
2019-08-01,17.989999771118164,18.84000015258789,15.729999542236328,16.8799991607666,0
2019-08-02,17.889999389648438,19.190000534057617,17.8700008392334,18.09000015258789,0
2019-08-05,21.899999618530273,21.90999984741211,19.850000381469727,20.079999923706055,0
2019-08-06,19.690000534057617,21.139999389648438,19.469999313354492,20.040000915527344,0
2019-08-07,19.5,21.610000610351562,19.209999084472656,21.010000228881836,0
2019-08-08,17.860000610351562,19.170000076293945,17.84000015258789,18.989999771118164,0
2019-08-09,18.559999465942383,19.350000381469727,17.860000610351562,17.860000610351562,0
2019-08-12,20.5,20.540000915527344,19.1200008392334,19.3799991607666,0
2019-08-13,18.530000686645508,21.3799991607666,18.510000228881836,20.5,0
2019-08-14,21.299999237060547,21.709999084472656,18.600000381469727,18.600000381469727,0
2019-08-15,21.06999969482422,22.190000534057617,20.8700008392334,21.299999237060547,0
2019-08-16,19.700000762939453,21.040000915527344,19.450000762939453,21.040000915527344,0
2019-08-19,18.360000610351562,19.010000228881836,18.149999618530273,18.780000686645508,0
2019-08-20,18.8700008392334,18.90999984741211,18.209999084472656,18.450000762939453,0
2019-08-21,17.719999313354492,18.049999237060547,17.6200008392334,17.760000228881836,0
2019-08-22,18.229999542236328,18.829999923706055,17.709999084472656,17.760000228881836,0
2019-08-23,20.360000610351562,21.100000381469727,17.950000762939453,18.889999389648438,0
2019-08-26,19.81999969482422,20.889999389648438,19.670000076293945,19.8700008392334,0
2019-08-27,20.639999389648438,21.010000228881836,19.40999984741211,19.850000381469727,0
2019-08-28,20.049999237060547,21.989999771118164,19.969999313354492,21.100000381469727,0
2019-08-29,19.030000686645508,19.6299991607666,18.940000534057617,19.299999237060547,0
2019-08-30,19.540000915527344,19.739999771118164,18.729999542236328,19.030000686645508,0
2019-09-03,20.1200008392334,20.559999465942383,19.75,20.219999313354492,0
2019-09-04,18.809999465942383,19.639999389648438,18.790000915527344,19.209999084472656,0
2019-09-05,18.079999923706055,18.81999969482422,17.729999542236328,18.81999969482422,0
2019-09-06,17.459999084472656,18.0,17.43000030517578,17.799999237060547,0
2019-09-09,17.549999237060547,18.010000228881836,17.31999969482422,17.469999313354492,0
2019-09-10,17.40999984741211,18.200000762939453,17.389999389648438,17.8799991607666,0
2019-09-11,17.100000381469727,17.559999465942383,17.100000381469727,17.489999771118164,0
2019-09-12,16.809999465942383,17.459999084472656,16.6299991607666,16.989999771118164,0
2019-09-13,16.670000076293945,16.93000030517578,16.479999542236328,16.739999771118164,0
2019-09-16,17.200000762939453,17.450000762939453,17.040000915527344,17.40999984741211,0
2019-09-17,17.229999542236328,17.579999923706055,17.209999084472656,17.360000610351562,0
2019-09-18,16.860000610351562,18.059999465942383,16.770000457763672,17.350000381469727,0
2019-09-19,16.790000915527344,16.889999389648438,16.40999984741211,16.829999923706055,0
2019-09-20,17.709999084472656,17.90999984741211,16.459999084472656,16.489999771118164,0
2019-09-23,17.8700008392334,17.8700008392334,17.729999542236328,17.729999542236328,0
2019-09-24,18.549999237060547,18.950000762939453,17.139999389648438,17.8700008392334,0
2019-09-25,18.0,19.450000762939453,17.829999923706055,18.6299991607666,0
2019-09-26,18.1200008392334,18.649999618530273,17.940000534057617,18.09000015258789,0
2019-09-27,18.75,19.549999237060547,17.81999969482422,18.100000381469727,0
2019-09-30,17.959999084472656,18.59000015258789,17.940000534057617,18.540000915527344,0
2019-10-01,19.350000381469727,19.350000381469727,17.549999237060547,17.959999084472656,0
2019-10-02,20.739999771118164,21.059999465942383,19.8799991607666,19.899999618530273,0
2019-10-03,19.780000686645508,21.329999923706055,19.770000457763672,20.719999313354492,0
2019-10-04,18.59000015258789,19.540000915527344,18.520000457763672,19.540000915527344,0
2019-10-07,18.90999984741211,19.170000076293945,18.229999542236328,19.049999237060547,0
2019-10-08,20.389999389648438,20.520000457763672,19.299999237060547,19.739999771118164,0
2019-10-09,19.510000228881836,20.030000686645508,19.18000030517578,19.709999084472656,0
2019-10-10,18.790000915527344,19.770000457763672,18.75,19.760000228881836,0
2019-10-11,17.549999237060547,18.31999969482422,17.18000030517578,18.09000015258789,0
2019-10-14,17.1200008392334,17.829999923706055,17.059999465942383,17.670000076293945,0
2019-10-15,16.479999542236328,16.729999542236328,16.270000457763672,16.729999542236328,0
2019-10-16,16.479999542236328,16.84000015258789,16.40999984741211,16.6299991607666,0
2019-10-17,16.440000534057617,16.709999084472656,16.170000076293945,16.299999237060547,0
2019-10-18,16.649999618530273,17.209999084472656,16.440000534057617,16.440000534057617,0
2019-10-21,16.280000686645508,16.690000534057617,16.280000686645508,16.649999618530273,0
2019-10-22,16.549999237060547,16.65999984741211,16.100000381469727,16.18000030517578,0
2019-10-23,16.290000915527344,16.700000762939453,16.290000915527344,16.610000610351562,0
2019-10-24,16.25,16.520000457763672,16.049999237060547,16.170000076293945,0
2019-10-25,15.710000038146973,16.270000457763672,15.670000076293945,16.270000457763672,0
2019-10-28,15.989999771118164,16.020000457763672,15.779999732971191,15.819999694824219,0
2019-10-29,16.09000015258789,16.399999618530273,15.970000267028809,16.219999313354492,0
2019-10-30,15.6899995803833,16.420000076293945,15.6899995803833,16.200000762939453,0
2019-10-31,16.049999237060547,16.540000915527344,15.9399995803833,16.020000457763672,0
2019-11-01,15.420000076293945,15.600000381469727,15.350000381469727,15.5600004196167,0
2019-11-04,15.619999885559082,15.739999771118164,15.369999885559082,15.369999885559082,0
2019-11-05,15.90999984741211,15.979999542236328,15.630000114440918,15.760000228881836,0
2019-11-06,15.829999923706055,16.18000030517578,15.770000457763672,16.030000686645508,0
2019-11-07,15.800000190734863,15.960000038146973,15.470000267028809,15.739999771118164,0
2019-11-08,15.529999732971191,16.549999237060547,15.460000038146973,15.800000190734863,0
2019-11-11,15.600000381469727,16.239999771118164,15.510000228881836,15.510000228881836,0
2019-11-12,15.489999771118164,15.779999732971191,15.369999885559082,15.579999923706055,0
2019-11-13,15.619999885559082,15.880000114440918,15.569999694824219,15.84000015258789,0
2019-11-14,15.600000381469727,16.079999923706055,15.550000190734863,15.8100004196167,0
2019-11-15,14.989999771118164,15.460000038146973,14.9399995803833,15.319999694824219,0
2019-11-18,15.170000076293945,15.470000267028809,15.130000114440918,15.34000015258789,0
2019-11-19,15.5,15.539999961853027,15.100000381469727,15.100000381469727,0
2019-11-20,15.640000343322754,16.350000381469727,15.40999984741211,15.579999923706055,0
2019-11-21,15.819999694824219,16.25,15.729999542236328,15.739999771118164,0
2019-11-22,15.399999618530273,15.930000305175781,15.390000343322754,15.8100004196167,0
2019-11-25,14.989999771118164,15.369999885559082,14.989999771118164,15.369999885559082,0
2019-11-26,14.850000381469727,15.09000015258789,14.850000381469727,15.020000457763672,0
2019-11-27,14.960000038146973,15.020000457763672,14.899999618530273,14.9399995803833,0
2019-11-29,15.510000228881836,15.630000114440918,15.319999694824219,15.369999885559082,0
2019-12-02,16.84000015258789,17.040000915527344,15.84000015258789,15.84000015258789,0
2019-12-03,17.6299991607666,18.600000381469727,17.479999542236328,18.40999984741211,0
2019-12-04,16.979999542236328,17.149999618530273,16.649999618530273,17.09000015258789,0
2019-12-05,16.780000686645508,17.260000228881836,16.670000076293945,16.809999465942383,0
2019-12-06,16.209999084472656,16.350000381469727,16.09000015258789,16.139999389648438,0
2019-12-09,17.299999237060547,17.389999389648438,16.389999389648438,16.510000228881836,0
2019-12-10,17.1299991607666,17.670000076293945,17.010000228881836,17.299999237060547,0
2019-12-11,16.90999984741211,17.3700008392334,16.899999618530273,17.170000076293945,0
2019-12-12,16.09000015258789,17.15999984741211,15.960000038146973,17.149999618530273,0
2019-12-13,15.279999732971191,16.329999923706055,15.270000457763672,16.260000228881836,0
2019-12-16,14.979999542236328,15.15999984741211,14.720000267028809,14.949999809265137,0
2019-12-17,15.149999618530273,15.239999771118164,14.970000267028809,15.069999694824219,0
2019-12-18,15.199999809265137,15.279999732971191,14.899999618530273,14.989999771118164,0
2019-12-19,15.140000343322754,15.380000114440918,15.109999656677246,15.239999771118164,0
2019-12-20,15.319999694824219,15.329999923706055,14.920000076293945,14.9399995803833,0
2019-12-23,15.5,15.630000114440918,15.4399995803833,15.4399995803833,0
2019-12-24,15.520000457763672,15.670000076293945,15.510000228881836,15.520000457763672,0
2019-12-26,15.520000457763672,15.569999694824219,15.470000267028809,15.539999961853027,0
2019-12-27,15.949999809265137,16.110000610351562,15.609999656677246,15.619999885559082,0
2019-12-30,16.68000030517578,17.0,16.25,16.260000228881836,0
2019-12-31,15.869999885559082,17.030000686645508,15.850000381469727,17.0,0
2020-01-02,15.1899995803833,15.880000114440918,15.180000305175781,15.600000381469727,0
2020-01-03,16.010000228881836,16.8799991607666,15.609999656677246,16.59000015258789,0
2020-01-06,15.920000076293945,16.780000686645508,15.789999961853027,16.780000686645508,0
2020-01-07,15.859999656677246,16.290000915527344,15.640000343322754,15.920000076293945,0
2020-01-08,15.399999618530273,15.960000038146973,15.15999984741211,15.9399995803833,0
2020-01-09,14.949999809265137,15.399999618530273,14.949999809265137,15.180000305175781,0
2020-01-10,14.949999809265137,15.180000305175781,14.779999732971191,15.010000228881836,0
2020-01-13,14.640000343322754,15.15999984741211,14.640000343322754,15.020000457763672,0
2020-01-14,14.640000343322754,15.039999961853027,14.510000228881836,14.739999771118164,0
2020-01-15,14.630000114440918,14.899999618530273,14.579999923706055,14.770000457763672,0
2020-01-16,14.449999809265137,14.520000457763672,14.369999885559082,14.460000038146973,0
2020-01-17,14.40999984741211,14.670000076293945,14.25,14.460000038146973,0
2020-01-21,14.869999885559082,14.960000038146973,14.600000381469727,14.880000114440918,0
2020-01-22,14.979999542236328,14.979999542236328,14.609999656677246,14.75,0
2020-01-23,14.989999771118164,15.649999618530273,14.970000267028809,14.979999542236328,0
2020-01-24,16.06999969482422,16.700000762939453,14.84000015258789,14.880000114440918,0
2020-01-27,18.15999984741211,18.190000534057617,16.040000915527344,16.040000915527344,0
2020-01-28,17.030000686645508,17.65999984741211,16.75,17.459999084472656,0
2020-01-29,17.030000686645508,17.190000534057617,16.459999084472656,16.59000015258789,0
2020-01-30,16.59000015258789,18.200000762939453,16.479999542236328,17.719999313354492,0
2020-01-31,18.6299991607666,19.350000381469727,17.219999313354492,17.270000457763672,0
2020-02-03,18.040000915527344,18.31999969482422,17.420000076293945,18.030000686645508,0
2020-02-04,16.700000762939453,16.950000762939453,16.540000915527344,16.8700008392334,0
2020-02-05,16.110000610351562,16.559999465942383,16.030000686645508,16.1200008392334,0
2020-02-06,15.890000343322754,16.260000228881836,15.800000190734863,16.049999237060547,0
2020-02-07,16.290000915527344,16.700000762939453,16.040000915527344,16.3700008392334,0
2020-02-10,16.1299991607666,16.670000076293945,16.06999969482422,16.649999618530273,0
2020-02-11,16.139999389648438,16.229999542236328,15.720000267028809,15.890000343322754,0
2020-02-12,15.359999656677246,15.930000305175781,15.350000381469727,15.880000114440918,0
2020-02-13,15.680000305175781,16.059999465942383,15.5600004196167,16.020000457763672,0
2020-02-14,15.5,15.970000267028809,15.5,15.609999656677246,0
2020-02-18,16.100000381469727,16.479999542236328,15.880000114440918,16.15999984741211,0
2020-02-19,15.819999694824219,15.989999771118164,15.760000228881836,15.90999984741211,0
2020-02-20,16.600000381469727,17.290000915527344,15.819999694824219,16.030000686645508,0
2020-02-21,17.610000610351562,18.18000030517578,17.100000381469727,17.100000381469727,0
2020-02-24,21.920000076293945,22.600000381469727,20.200000762939453,21.280000686645508,0
2020-02-25,23.860000610351562,25.059999465942383,20.709999084472656,20.709999084472656,0
2020-02-26,23.700000762939453,24.280000686645508,22.059999465942383,22.889999389648438,0
2020-02-27,29.920000076293945,29.969999313354492,24.90999984741211,26.329999923706055,0
2020-02-28,29.850000381469727,35.47999954223633,29.850000381469727,32.22999954223633,0
2020-03-02,27.700000762939453,30.65999984741211,26.719999313354492,28.65999984741211,0
2020-03-03,30.170000076293945,31.780000686645508,25.579999923706055,27.5,0
2020-03-04,27.510000228881836,29.170000076293945,26.469999313354492,27.5,0
2020-03-05,32.56999969482422,34.40999984741211,29.239999771118164,30.34000015258789,0
2020-03-06,35.459999084472656,41.2599983215332,34.84000015258789,38.5,0
2020-03-09,43.04999923706055,46.56999969482422,35.40999984741211,35.40999984741211,0
2020-03-10,39.439998626708984,44.02000045776367,38.189998626708984,38.279998779296875,0
2020-03-11,44.369998931884766,45.689998626708984,41.88999938964844,42.880001068115234,0
2020-03-12,57.2400016784668,57.7400016784668,44.40999984741211,44.40999984741211,0
2020-03-13,48.310001373291016,58.810001373291016,47.18000030517578,50.54999923706055,0
2020-03-16,67.69999694824219,68.70999908447266,48.310001373291016,48.310001373291016,0
2020-03-17,65.2699966430664,70.01000213623047,60.08000183105469,66.01000213623047,0
2020-03-18,72.9800033569336,79.58000183105469,64.4000015258789,65.2699966430664,0
2020-03-19,69.47000122070312,86.61000061035156,65.1500015258789,73.13999938964844,0
2020-03-20,65.58999633789062,67.9000015258789,57.70000076293945,66.27999877929688,0
2020-03-23,56.63999938964844,67.19000244140625,56.02000045776367,66.41999816894531,0
2020-03-24,52.11000061035156,59.40999984741211,46.02000045776367,49.470001220703125,0
2020-03-25,53.849998474121094,68.8499984741211,51.81999969482422,55.65999984741211,0
2020-03-26,49.790000915527344,57.709999084472656,48.90999984741211,52.970001220703125,0
2020-03-27,55.75,56.369998931884766,52.720001220703125,54.91999816894531,0
2020-03-30,51.2599983215332,53.68000030517578,50.9900016784668,52.630001068115234,0
2020-03-31,48.31999969482422,50.2599983215332,46.36000061035156,49.849998474121094,0
2020-04-01,51.16999816894531,52.599998474121094,47.880001068115234,51.529998779296875,0
2020-04-02,47.29999923706055,50.93000030517578,46.97999954223633,50.040000915527344,0
2020-04-03,44.84000015258789,47.79999923706055,44.720001220703125,46.83000183105469,0
2020-04-06,43.09000015258789,44.9900016784668,41.81999969482422,42.689998626708984,0
2020-04-07,43.41999816894531,43.560001373291016,40.619998931884766,41.650001525878906,0
2020-04-08,41.59000015258789,43.119998931884766,40.88999938964844,42.209999084472656,0
2020-04-09,40.61000061035156,41.7400016784668,40.43000030517578,41.540000915527344,0
2020-04-13,39.970001220703125,44.2400016784668,39.95000076293945,43.290000915527344,0
2020-04-14,36.459999084472656,38.56999969482422,36.439998626708984,38.56999969482422,0
2020-04-15,39.279998779296875,40.540000915527344,38.66999816894531,39.41999816894531,0
2020-04-16,39.209999084472656,40.900001525878906,39.099998474121094,39.529998779296875,0
2020-04-17,37.279998779296875,38.68000030517578,37.060001373291016,37.790000915527344,0
2020-04-20,40.970001220703125,40.9900016784668,38.33000183105469,39.47999954223633,0
2020-04-21,43.279998779296875,44.77000045776367,42.7599983215332,43.279998779296875,0
2020-04-22,40.91999816894531,42.040000915527344,40.5099983215332,41.77000045776367,0
2020-04-23,40.86000061035156,41.0099983215332,39.09000015258789,39.939998626708984,0
2020-04-24,37.810001373291016,40.09000015258789,37.720001220703125,39.529998779296875,0
2020-04-27,35.33000183105469,37.209999084472656,34.77000045776367,37.209999084472656,0
2020-04-28,35.369998931884766,36.189998626708984,33.970001220703125,33.9900016784668,0
2020-04-29,33.33000183105469,33.93000030517578,32.939998626708984,33.81999969482422,0
2020-04-30,35.04999923706055,37.119998931884766,34.5,34.5,0
2020-05-01,37.970001220703125,41.84000015258789,36.88999938964844,37.52000045776367,0
2020-05-04,37.0,39.52000045776367,36.81999969482422,39.040000915527344,0
2020-05-05,35.52000045776367,35.90999984741211,34.38999938964844,35.880001068115234,0
2020-05-06,35.68000030517578,35.7400016784668,34.31999969482422,34.70000076293945,0
2020-05-07,34.0099983215332,34.54999923706055,33.5,34.119998931884766,0
2020-05-08,31.639999389648438,33.34000015258789,31.6200008392334,33.15999984741211,0
2020-05-11,30.389999389648438,32.9900016784668,30.1299991607666,32.95000076293945,0
2020-05-12,34.2599983215332,34.2599983215332,29.329999923706055,29.420000076293945,0
2020-05-13,36.5099983215332,37.77000045776367,33.220001220703125,33.86000061035156,0
2020-05-14,34.900001525878906,39.689998626708984,34.689998626708984,38.16999816894531,0
2020-05-15,34.5099983215332,36.83000183105469,33.86000061035156,36.27000045776367,0
2020-05-18,31.770000457763672,32.16999816894531,31.329999923706055,31.799999237060547,0
2020-05-19,32.810001373291016,32.849998474121094,30.889999389648438,32.130001068115234,0
2020-05-20,31.110000610351562,31.850000381469727,30.770000457763672,31.190000534057617,0
2020-05-21,32.380001068115234,32.70000076293945,30.8799991607666,31.110000610351562,0
2020-05-22,31.540000915527344,32.72999954223633,31.469999313354492,32.18000030517578,0
2020-05-26,30.850000381469727,31.280000686645508,29.8700008392334,30.329999923706055,0
2020-05-27,30.190000534057617,32.349998474121094,30.1200008392334,30.290000915527344,0
2020-05-28,31.209999084472656,32.06999969482422,30.299999237060547,30.690000534057617,0
2020-05-29,30.270000457763672,33.56999969482422,30.219999313354492,32.150001525878906,0
2020-06-01,30.920000076293945,31.850000381469727,30.790000915527344,31.6299991607666,0
2020-06-02,29.93000030517578,31.229999542236328,29.8700008392334,30.899999618530273,0
2020-06-03,28.90999984741211,29.799999237060547,28.639999389648438,29.68000030517578,0
2020-06-04,28.850000381469727,29.399999618530273,27.920000076293945,28.959999084472656,0
2020-06-05,27.420000076293945,27.5,26.8799991607666,27.350000381469727,0
2020-06-08,28.079999923706055,28.170000076293945,27.34000015258789,27.670000076293945,0
2020-06-09,29.670000076293945,29.8799991607666,28.65999984741211,28.90999984741211,0
2020-06-10,29.56999969482422,30.530000686645508,28.40999984741211,29.3799991607666,0
2020-06-11,40.43000030517578,42.529998779296875,31.56999969482422,32.790000915527344,0
2020-06-12,38.04999923706055,44.11000061035156,35.810001373291016,36.7400016784668,0
2020-06-15,36.43000030517578,46.849998474121094,36.40999984741211,40.900001525878906,0
2020-06-16,35.79999923706055,40.099998474121094,33.459999084472656,33.459999084472656,0
2020-06-17,35.720001220703125,39.22999954223633,34.880001068115234,35.849998474121094,0
2020-06-18,35.13999938964844,37.36000061035156,34.869998931884766,36.599998474121094,0
2020-06-19,36.68000030517578,36.709999084472656,33.380001068115234,33.65999984741211,0
2020-06-22,33.75,36.33000183105469,33.75,35.880001068115234,0
2020-06-23,33.060001373291016,33.36000061035156,32.2599983215332,32.720001220703125,0
2020-06-24,35.38999938964844,37.90999984741211,33.790000915527344,34.25,0
2020-06-25,34.09000015258789,37.099998474121094,33.7400016784668,36.18000030517578,0
2020-06-26,35.79999923706055,36.900001525878906,33.939998626708984,34.400001525878906,0
2020-06-29,33.90999984741211,37.099998474121094,33.90999984741211,35.7599983215332,0
2020-06-30,32.52000045776367,34.349998474121094,31.809999465942383,34.290000915527344,0
2020-07-01,31.68000030517578,37.40999984741211,31.190000534057617,31.920000076293945,0
2020-07-02,30.8700008392334,31.280000686645508,29.90999984741211,30.43000030517578,0
2020-07-06,30.979999542236328,31.290000915527344,30.139999389648438,30.530000686645508,0
2020-07-07,32.06999969482422,36.15999984741211,30.540000915527344,31.459999084472656,0
2020-07-08,31.190000534057617,33.290000915527344,31.06999969482422,31.670000076293945,0
2020-07-09,32.060001373291016,33.9900016784668,30.979999542236328,30.979999542236328,0
2020-07-10,31.020000457763672,33.130001068115234,30.860000610351562,32.09000015258789,0
2020-07-13,34.540000915527344,39.290000915527344,30.920000076293945,30.940000534057617,0
2020-07-14,32.560001373291016,35.31999969482422,32.220001220703125,34.63999938964844,0
2020-07-15,31.559999465942383,33.029998779296875,31.280000686645508,31.469999313354492,0
2020-07-16,31.549999237060547,32.400001525878906,30.920000076293945,32.099998474121094,0
2020-07-17,30.3700008392334,31.149999618530273,30.18000030517578,30.920000076293945,0
2020-07-20,29.100000381469727,30.520000457763672,28.700000762939453,30.06999969482422,0
2020-07-21,29.469999313354492,30.219999313354492,28.25,28.670000076293945,0
2020-07-22,29.049999237060547,42.70000076293945,28.899999618530273,29.649999618530273,0
2020-07-23,30.25,30.690000534057617,28.899999618530273,29.139999389648438,0
2020-07-24,30.559999465942383,31.700000762939453,30.34000015258789,31.18000030517578,0
2020-07-27,30.0,30.93000030517578,29.860000610351562,30.579999923706055,0
2020-07-28,30.100000381469727,30.450000762939453,29.18000030517578,29.850000381469727,0
2020-07-29,29.290000915527344,29.950000762939453,29.190000534057617,29.729999542236328,0
2020-07-30,29.760000228881836,32.189998626708984,29.56999969482422,30.889999389648438,0
2020-07-31,29.709999084472656,31.030000686645508,29.260000228881836,29.290000915527344,0
2020-08-03,29.65999984741211,30.059999465942383,29.510000228881836,29.799999237060547,0
2020-08-04,29.09000015258789,29.649999618530273,29.049999237060547,29.639999389648438,0
2020-08-05,28.600000381469727,28.959999084472656,28.389999389648438,28.649999618530273,0
2020-08-06,28.200000762939453,28.959999084472656,28.040000915527344,28.639999389648438,0
2020-08-07,28.280000686645508,28.799999237060547,27.989999771118164,28.700000762939453,0
2020-08-10,28.049999237060547,28.889999389648438,27.920000076293945,28.360000610351562,0
2020-08-11,29.170000076293945,29.610000610351562,27.309999465942383,27.329999923706055,0
2020-08-12,28.1200008392334,28.309999465942383,27.829999923706055,28.09000015258789,0
2020-08-13,28.170000076293945,28.520000457763672,27.670000076293945,28.270000457763672,0
2020-08-14,28.3700008392334,28.6200008392334,28.020000457763672,28.479999542236328,0
2020-08-17,27.450000762939453,28.15999984741211,27.450000762939453,28.110000610351562,0
2020-08-18,27.350000381469727,27.950000762939453,27.1299991607666,27.280000686645508,0
2020-08-19,28.110000610351562,28.389999389648438,27.229999542236328,27.40999984741211,0
2020-08-20,28.1299991607666,29.31999969482422,27.940000534057617,29.31999969482422,0
2020-08-21,28.170000076293945,28.719999313354492,27.969999313354492,28.579999923706055,0
2020-08-24,28.100000381469727,28.3799991607666,27.760000228881836,27.770000457763672,0
2020-08-25,27.90999984741211,28.920000076293945,27.860000610351562,28.1200008392334,0
2020-08-26,28.700000762939453,28.780000686645508,27.350000381469727,27.950000762939453,0
2020-08-27,29.93000030517578,32.09000015258789,28.440000534057617,28.489999771118164,0
2020-08-28,29.6200008392334,31.809999465942383,29.149999618530273,30.40999984741211,0
2020-08-31,31.850000381469727,31.950000762939453,30.350000381469727,30.610000610351562,0
2020-09-01,32.099998474121094,32.41999816894531,31.6200008392334,31.850000381469727,0
2020-09-02,32.66999816894531,32.88999938964844,32.119998931884766,32.119998931884766,0
2020-09-03,37.630001068115234,39.52000045776367,32.66999816894531,32.66999816894531,0
2020-09-04,34.75,40.5,34.209999084472656,36.25,0
2020-09-08,34.310001373291016,38.22999954223633,34.150001525878906,37.90999984741211,0
2020-09-09,32.119998931884766,33.38999938964844,31.780000686645508,33.16999816894531,0
2020-09-10,32.91999816894531,33.38999938964844,31.6299991607666,31.899999618530273,0
2020-09-11,31.1299991607666,33.04999923706055,30.950000762939453,31.829999923706055,0
2020-09-14,30.479999542236328,30.790000915527344,30.059999465942383,30.540000915527344,0
2020-09-15,30.270000457763672,30.639999389648438,29.84000015258789,30.059999465942383,0
2020-09-16,30.56999969482422,30.84000015258789,29.780000686645508,30.270000457763672,0
2020-09-17,30.75,32.2400016784668,30.579999923706055,32.2400016784668,0
2020-09-18,30.459999084472656,31.479999542236328,29.670000076293945,30.75,0
2020-09-21,31.639999389648438,33.7400016784668,31.450000762939453,32.810001373291016,0
2020-09-22,31.670000076293945,32.540000915527344,31.440000534057617,31.6200008392334,0
2020-09-23,33.279998779296875,33.7400016784668,31.489999771118164,31.780000686645508,0
2020-09-24,33.060001373291016,34.439998626708984,32.630001068115234,33.83000183105469,0
2020-09-25,32.029998779296875,33.52000045776367,31.860000610351562,33.38999938964844,0
2020-09-28,31.739999771118164,32.18000030517578,31.6200008392334,32.0099983215332,0
2020-09-29,31.09000015258789,32.119998931884766,30.959999084472656,32.119998931884766,0
2020-09-30,31.639999389648438,31.979999542236328,30.420000076293945,30.93000030517578,0
2020-10-01,31.719999313354492,31.969999313354492,30.93000030517578,31.110000610351562,0
2020-10-02,32.38999938964844,33.15999984741211,31.780000686645508,33.060001373291016,0
2020-10-05,31.280000686645508,32.36000061035156,31.219999313354492,32.13999938964844,0
2020-10-06,31.8799991607666,32.150001525878906,30.510000228881836,30.950000762939453,0
2020-10-07,30.700000762939453,31.229999542236328,30.479999542236328,31.229999542236328,0
2020-10-08,29.489999771118164,30.399999618530273,29.479999542236328,30.360000610351562,0
2020-10-09,28.280000686645508,28.860000610351562,28.139999389648438,28.790000915527344,0
2020-10-12,27.979999542236328,28.399999618530273,27.920000076293945,28.010000228881836,0
2020-10-13,28.350000381469727,29.0,28.229999542236328,28.3700008392334,0
2020-10-14,28.239999771118164,28.93000030517578,27.959999084472656,28.290000915527344,0
2020-10-15,28.719999313354492,30.059999465942383,28.65999984741211,29.889999389648438,0
2020-10-16,29.209999084472656,29.209999084472656,28.110000610351562,28.610000610351562,0
2020-10-19,30.399999618530273,30.540000915527344,28.979999542236328,29.010000228881836,0
2020-10-20,30.110000610351562,30.40999984741211,29.59000015258789,30.219999313354492,0
2020-10-21,29.610000610351562,30.639999389648438,29.469999313354492,30.15999984741211,0
2020-10-22,29.299999237060547,30.020000457763672,28.84000015258789,29.729999542236328,0
2020-10-23,28.989999771118164,29.75,28.829999923706055,28.989999771118164,0
2020-10-26,32.06999969482422,32.720001220703125,29.790000915527344,29.959999084472656,0
2020-10-27,32.720001220703125,32.90999984741211,31.90999984741211,32.060001373291016,0
2020-10-28,37.75,38.29999923706055,35.31999969482422,35.65999984741211,0
2020-10-29,35.84000015258789,38.040000915527344,34.38999938964844,37.22999954223633,0
2020-10-30,36.27000045776367,37.380001068115234,35.08000183105469,35.540000915527344,0
2020-11-02,35.060001373291016,35.959999084472656,34.779998779296875,35.099998474121094,0
2020-11-03,33.52000045776367,34.040000915527344,32.70000076293945,33.88999938964844,0
2020-11-04,29.979999542236328,31.030000686645508,29.170000076293945,30.84000015258789,0
2020-11-05,29.049999237060547,29.389999389648438,28.459999084472656,28.59000015258789,0
2020-11-06,27.3700008392334,29.25,27.209999084472656,28.969999313354492,0
2020-11-09,26.8799991607666,26.979999542236328,24.59000015258789,25.959999084472656,0
2020-11-10,26.489999771118164,27.540000915527344,26.219999313354492,26.389999389648438,0
2020-11-11,25.6200008392334,26.079999923706055,25.219999313354492,26.059999465942383,0
2020-11-12,27.219999313354492,28.350000381469727,25.889999389648438,26.079999923706055,0
2020-11-13,25.690000534057617,26.56999969482422,25.489999771118164,26.469999313354492,0
2020-11-16,25.350000381469727,26.280000686645508,25.299999237060547,25.649999618530273,0
2020-11-17,25.3799991607666,26.3700008392334,25.030000686645508,25.920000076293945,0
2020-11-18,26.389999389648438,26.43000030517578,24.829999923706055,25.139999389648438,0
2020-11-19,25.799999237060547,26.559999465942383,25.360000610351562,26.31999969482422,0
2020-11-20,26.059999465942383,26.079999923706055,25.270000457763672,25.700000762939453,0
2020-11-23,25.43000030517578,26.09000015258789,25.25,25.639999389648438,0
2020-11-24,24.84000015258789,25.25,24.829999923706055,24.950000762939453,0
2020-11-25,24.420000076293945,25.360000610351562,24.389999389648438,25.149999618530273,0
2020-11-27,24.43000030517578,24.690000534057617,24.1299991607666,24.389999389648438,0
2020-11-30,24.329999923706055,25.860000610351562,24.270000457763672,25.049999237060547,0
2020-12-01,24.489999771118164,24.639999389648438,23.940000534057617,24.219999313354492,0
2020-12-02,24.540000915527344,24.719999313354492,24.1299991607666,24.700000762939453,0
2020-12-03,24.559999465942383,24.93000030517578,24.25,24.34000015258789,0
2020-12-04,24.290000915527344,24.459999084472656,24.149999618530273,24.450000762939453,0
2020-12-07,24.520000457763672,24.850000381469727,24.469999313354492,24.799999237060547,0
2020-12-08,23.8700008392334,24.850000381469727,23.809999465942383,24.799999237060547,0
2020-12-09,24.729999542236328,25.110000610351562,23.450000762939453,23.649999618530273,0
2020-12-10,25.049999237060547,25.5,24.440000534057617,25.149999618530273,0
2020-12-11,26.049999237060547,26.8700008392334,25.40999984741211,25.75,0
2020-12-14,27.110000610351562,27.170000076293945,25.350000381469727,25.559999465942383,0
2020-12-15,25.8700008392334,26.690000534057617,25.8700008392334,26.270000457763672,0
2020-12-16,25.469999313354492,26.260000228881836,25.350000381469727,26.030000686645508,0
2020-12-17,25.149999618530273,25.420000076293945,24.889999389648438,25.420000076293945,0
2020-12-18,25.170000076293945,26.34000015258789,25.15999984741211,25.329999923706055,0
2020-12-21,27.579999923706055,29.690000534057617,27.1200008392334,28.940000534057617,0
2020-12-22,27.25,27.75,27.049999237060547,27.450000762939453,0
2020-12-23,26.260000228881836,26.56999969482422,25.719999313354492,26.56999969482422,0
2020-12-24,25.3700008392334,26.260000228881836,25.239999771118164,26.260000228881836,0
2020-12-28,25.149999618530273,25.290000915527344,24.920000076293945,25.1200008392334,0
2020-12-29,26.239999771118164,26.670000076293945,24.979999542236328,24.989999771118164,0
2020-12-30,25.440000534057617,26.209999084472656,25.239999771118164,26.030000686645508,0
2020-12-31,25.280000686645508,25.799999237060547,24.65999984741211,25.459999084472656,0
2021-01-04,28.260000228881836,29.229999542236328,25.31999969482422,25.31999969482422,0
2021-01-05,27.25,28.729999542236328,26.68000030517578,28.639999389648438,0
2021-01-06,26.790000915527344,27.670000076293945,25.149999618530273,26.729999542236328,0
2021-01-07,25.020000457763672,25.649999618530273,25.020000457763672,25.459999084472656,0
2021-01-08,24.899999618530273,25.979999542236328,24.65999984741211,24.979999542236328,0
2021-01-11,26.700000762939453,27.06999969482422,25.850000381469727,26.40999984741211,0
2021-01-12,26.200000762939453,27.309999465942383,25.969999313354492,26.420000076293945,0
2021-01-13,25.549999237060547,26.389999389648438,25.40999984741211,26.040000915527344,0
2021-01-14,26.31999969482422,26.469999313354492,25.290000915527344,25.520000457763672,0
2021-01-15,27.260000228881836,27.93000030517578,26.260000228881836,26.850000381469727,0
2021-01-19,26.690000534057617,26.809999465942383,26.280000686645508,26.399999618530273,0
2021-01-20,25.719999313354492,26.700000762939453,25.579999923706055,26.700000762939453,0
2021-01-21,25.700000762939453,26.219999313354492,25.600000381469727,25.770000457763672,0
2021-01-22,25.989999771118164,26.530000686645508,25.65999984741211,26.530000686645508,0
2021-01-25,26.8799991607666,28.940000534057617,25.969999313354492,25.969999313354492,0
2021-01-26,26.889999389648438,27.280000686645508,26.389999389648438,26.65999984741211,0
2021-01-27,35.72999954223633,35.72999954223633,28.610000610351562,29.030000686645508,0
2021-01-28,31.770000457763672,32.2400016784668,30.31999969482422,31.440000534057617,0
2021-01-29,33.880001068115234,35.689998626708984,30.989999771118164,32.93000030517578,0
2021-02-01,32.529998779296875,34.61000061035156,31.739999771118164,32.25,0
2021-02-02,29.360000610351562,31.040000915527344,29.020000457763672,30.469999313354492,0
2021-02-03,27.56999969482422,29.309999465942383,27.56999969482422,29.309999465942383,0
2021-02-04,26.790000915527344,27.280000686645508,26.6200008392334,27.280000686645508,0
2021-02-05,26.520000457763672,27.149999618530273,26.34000015258789,26.700000762939453,0
2021-02-08,26.649999618530273,27.15999984741211,26.510000228881836,26.770000457763672,0
2021-02-09,27.110000610351562,27.399999618530273,26.610000610351562,27.0,0
2021-02-10,27.489999771118164,28.530000686645508,26.959999084472656,27.09000015258789,0
2021-02-11,27.219999313354492,28.360000610351562,27.049999237060547,27.290000915527344,0
2021-02-12,26.5,27.43000030517578,26.469999313354492,27.350000381469727,0
2021-02-16,27.549999237060547,27.93000030517578,27.040000915527344,27.280000686645508,0
2021-02-17,27.520000457763672,28.829999923706055,27.229999542236328,28.350000381469727,0
2021-02-18,27.860000610351562,28.790000915527344,27.479999542236328,28.510000228881836,0
2021-02-19,27.09000015258789,27.75,26.479999542236328,27.530000686645508,0
2021-02-22,27.809999465942383,28.25,26.920000076293945,28.030000686645508,0
2021-02-23,27.1200008392334,29.670000076293945,26.899999618530273,28.610000610351562,0
2021-02-24,25.889999389648438,28.020000457763672,25.8799991607666,27.719999313354492,0
2021-02-25,30.239999771118164,31.479999542236328,26.190000534057617,26.610000610351562,0
2021-02-26,29.600000381469727,31.760000228881836,28.43000030517578,29.270000457763672,0
2021-03-01,26.780000686645508,27.489999771118164,26.610000610351562,27.389999389648438,0
2021-03-02,27.15999984741211,27.479999542236328,26.559999465942383,26.770000457763672,0
2021-03-03,28.790000915527344,28.860000610351562,26.950000762939453,27.139999389648438,0
2021-03-04,30.079999923706055,31.690000534057617,27.780000686645508,28.399999618530273,0
2021-03-05,27.889999389648438,31.09000015258789,27.719999313354492,29.09000015258789,0
2021-03-08,28.1299991607666,28.780000686645508,27.34000015258789,28.40999984741211,0
2021-03-09,27.280000686645508,27.600000381469727,26.719999313354492,27.510000228881836,0
2021-03-10,26.68000030517578,26.84000015258789,26.290000915527344,26.299999237060547,0
2021-03-11,26.09000015258789,26.510000228881836,25.739999771118164,26.459999084472656,0
2021-03-12,25.739999771118164,26.81999969482422,25.700000762939453,26.600000381469727,0
2021-03-15,24.889999389648438,26.200000762939453,24.770000457763672,26.020000457763672,0
2021-03-16,24.709999084472656,24.940000534057617,24.239999771118164,24.93000030517578,0
2021-03-17,23.8799991607666,25.329999923706055,23.84000015258789,25.209999084472656,0
2021-03-18,25.280000686645508,25.84000015258789,24.030000686645508,24.600000381469727,0
2021-03-19,24.989999771118164,26.280000686645508,24.190000534057617,25.459999084472656,0
2021-03-22,22.940000534057617,24.979999542236328,22.940000534057617,24.979999542236328,0
2021-03-23,23.799999237060547,24.75,22.940000534057617,23.280000686645508,0
2021-03-24,24.399999618530273,24.610000610351562,23.170000076293945,23.6299991607666,0
2021-03-25,23.3700008392334,25.920000076293945,23.329999923706055,24.3700008392334,0
2021-03-26,22.31999969482422,24.209999084472656,22.290000915527344,23.079999923706055,0
2021-03-29,23.200000762939453,24.110000610351562,22.31999969482422,22.31999969482422,0
2021-03-30,22.309999465942383,23.790000915527344,22.190000534057617,23.43000030517578,0
2021-03-31,22.149999618530273,22.469999313354492,21.700000762939453,22.100000381469727,0
2021-04-01,20.969999313354492,21.59000015258789,20.8799991607666,21.56999969482422,0
2021-04-05,20.959999084472656,22.020000457763672,20.850000381469727,21.030000686645508,0
2021-04-06,21.15999984741211,21.25,20.8799991607666,21.1200008392334,0
2021-04-07,20.65999984741211,21.100000381469727,20.579999923706055,21.049999237060547,0
2021-04-08,20.59000015258789,20.809999465942383,20.469999313354492,20.489999771118164,0
2021-04-09,20.739999771118164,21.049999237060547,20.3799991607666,20.84000015258789,0
2021-04-12,20.81999969482422,21.510000228881836,20.700000762939453,21.190000534057617,0
2021-04-13,20.780000686645508,21.0,20.530000686645508,21.0,0
2021-04-14,21.059999465942383,21.329999923706055,20.729999542236328,20.860000610351562,0
2021-04-15,20.760000228881836,20.8700008392334,20.520000457763672,20.780000686645508,0
2021-04-16,20.530000686645508,20.969999313354492,20.420000076293945,20.809999465942383,0
2021-04-19,21.3700008392334,22.030000686645508,20.90999984741211,20.989999771118164,0
2021-04-20,22.350000381469727,22.93000030517578,21.75,21.84000015258789,0
2021-04-21,21.489999771118164,22.68000030517578,21.059999465942383,22.489999771118164,0
2021-04-22,22.520000457763672,22.989999771118164,21.110000610351562,21.309999465942383,0
2021-04-23,21.56999969482422,22.360000610351562,21.100000381469727,22.360000610351562,0
2021-04-26,21.540000915527344,21.790000915527344,21.520000457763672,21.670000076293945,0
2021-04-27,21.31999969482422,21.90999984741211,21.260000228881836,21.600000381469727,0
2021-04-28,21.1299991607666,21.530000686645508,21.040000915527344,21.18000030517578,0
2021-04-29,21.309999465942383,22.18000030517578,20.899999618530273,20.899999618530273,0
2021-04-30,22.06999969482422,22.360000610351562,21.56999969482422,21.8700008392334,0
2021-05-03,21.739999771118164,22.09000015258789,21.6200008392334,21.93000030517578,0
2021-05-04,22.670000076293945,23.93000030517578,22.190000534057617,22.280000686645508,0
2021-05-05,22.260000228881836,22.65999984741211,21.540000915527344,22.65999984741211,0
2021-05-06,21.8799991607666,23.110000610351562,21.780000686645508,22.290000915527344,0
2021-05-07,20.790000915527344,22.010000228881836,20.770000457763672,21.950000762939453,0
2021-05-10,22.399999618530273,22.469999313354492,20.770000457763672,20.770000457763672,0
2021-05-11,24.229999542236328,24.760000228881836,22.920000076293945,23.780000686645508,0
2021-05-12,28.18000030517578,28.81999969482422,24.65999984741211,24.940000534057617,0
2021-05-13,25.260000228881836,26.420000076293945,24.5,26.350000381469727,0
2021-05-14,22.260000228881836,23.719999313354492,22.100000381469727,23.719999313354492,0
2021-05-17,23.139999389648438,24.34000015258789,22.920000076293945,23.139999389648438,0
2021-05-18,24.219999313354492,24.3700008392334,22.760000228881836,23.170000076293945,0
2021-05-19,25.270000457763672,27.65999984741211,24.940000534057617,26.510000228881836,0
2021-05-20,23.809999465942383,24.579999923706055,23.59000015258789,24.299999237060547,0
2021-05-21,23.489999771118164,23.93000030517578,23.1299991607666,23.540000915527344,0
2021-05-24,22.229999542236328,23.190000534057617,22.149999618530273,23.190000534057617,0
2021-05-25,22.399999618530273,22.670000076293945,22.059999465942383,22.200000762939453,0
2021-05-26,21.299999237060547,22.3700008392334,21.290000915527344,22.18000030517578,0
2021-05-27,20.309999465942383,21.209999084472656,20.299999237060547,21.1299991607666,0
2021-05-28,20.479999542236328,20.510000228881836,19.969999313354492,20.270000457763672,0
2021-06-01,21.34000015258789,21.690000534057617,20.469999313354492,20.5,0
2021-06-02,21.420000076293945,21.6299991607666,20.8700008392334,21.489999771118164,0
2021-06-03,21.81999969482422,22.459999084472656,21.3799991607666,22.06999969482422,0
2021-06-04,20.6200008392334,21.1200008392334,20.459999084472656,21.1200008392334,0
2021-06-07,20.549999237060547,21.059999465942383,20.459999084472656,20.84000015258789,0
2021-06-08,20.850000381469727,21.229999542236328,20.440000534057617,20.469999313354492,0
2021-06-09,21.280000686645508,21.40999984741211,20.68000030517578,20.68000030517578,0
2021-06-10,20.079999923706055,20.93000030517578,19.959999084472656,20.6200008392334,0
2021-06-11,19.639999389648438,19.8700008392334,19.479999542236328,19.729999542236328,0
2021-06-14,20.139999389648438,20.520000457763672,19.860000610351562,19.860000610351562,0
2021-06-15,20.68000030517578,20.809999465942383,20.350000381469727,20.43000030517578,0
2021-06-16,21.260000228881836,21.979999542236328,20.219999313354492,20.459999084472656,0
2021-06-17,20.979999542236328,21.65999984741211,20.239999771118164,21.1200008392334,0
2021-06-18,22.93000030517578,23.200000762939453,21.649999618530273,22.350000381469727,0
2021-06-21,21.1200008392334,22.780000686645508,20.93000030517578,22.34000015258789,0
2021-06-22,20.06999969482422,21.1299991607666,20.020000457763672,21.1299991607666,0
2021-06-23,19.700000762939453,20.0,19.5,19.959999084472656,0
2021-06-24,19.260000228881836,19.34000015258789,19.040000915527344,19.139999389648438,0
2021-06-25,19.0,19.350000381469727,18.860000610351562,19.229999542236328,0
2021-06-28,19.020000457763672,19.459999084472656,18.950000762939453,19.079999923706055,0
2021-06-29,19.489999771118164,19.610000610351562,18.81999969482422,18.8700008392334,0
2021-06-30,19.510000228881836,19.959999084472656,19.260000228881836,19.729999542236328,0
2021-07-01,19.450000762939453,19.649999618530273,19.280000686645508,19.3700008392334,0
2021-07-02,19.299999237060547,19.360000610351562,18.84000015258789,18.979999542236328,0
2021-07-06,20.260000228881836,21.100000381469727,19.56999969482422,19.579999923706055,0
2021-07-07,20.40999984741211,21.049999237060547,20.020000457763672,20.06999969482422,0
2021-07-08,21.979999542236328,22.729999542236328,21.459999084472656,22.450000762939453,0
2021-07-09,20.440000534057617,21.06999969482422,20.09000015258789,20.969999313354492,0
2021-07-12,20.459999084472656,20.860000610351562,20.290000915527344,20.780000686645508,0
2021-07-13,21.1299991607666,21.200000762939453,20.190000534057617,20.530000686645508,0
2021-07-14,20.6200008392334,21.549999237060547,20.360000610351562,20.440000534057617,0
2021-07-15,21.09000015258789,21.729999542236328,20.8799991607666,21.18000030517578,0
2021-07-16,22.06999969482422,22.110000610351562,20.3700008392334,20.469999313354492,0
2021-07-19,24.899999618530273,26.489999771118164,23.719999313354492,23.959999084472656,0
2021-07-20,23.200000762939453,25.139999389648438,22.84000015258789,24.709999084472656,0
2021-07-21,21.8700008392334,22.68000030517578,21.829999923706055,22.649999618530273,0
2021-07-22,21.860000610351562,22.299999237060547,20.049999237060547,21.809999465942383,0
2021-07-23,21.649999618530273,21.719999313354492,18.860000610351562,21.360000610351562,0
2021-07-26,21.739999771118164,22.3700008392334,20.34000015258789,22.110000610351562,0
2021-07-27,23.0,23.760000228881836,22.459999084472656,22.459999084472656,0
2021-07-28,22.350000381469727,23.040000915527344,21.81999969482422,22.59000015258789,0
2021-07-29,21.8799991607666,21.899999618530273,21.540000915527344,21.790000915527344,0
2021-07-30,22.18000030517578,22.520000457763672,21.790000915527344,22.489999771118164,0
2021-08-02,23.049999237060547,23.280000686645508,22.030000686645508,22.18000030517578,0
2021-08-03,22.18000030517578,23.56999969482422,21.940000534057617,22.790000915527344,0
2021-08-04,22.170000076293945,22.56999969482422,21.860000610351562,22.549999237060547,0
2021-08-05,21.520000457763672,22.0,21.469999313354492,21.940000534057617,0
2021-08-06,20.8700008392334,21.420000076293945,20.81999969482422,21.280000686645508,0
2021-08-09,21.270000457763672,21.6200008392334,21.190000534057617,21.190000534057617,0
2021-08-10,21.209999084472656,21.440000534057617,20.920000076293945,21.209999084472656,0
2021-08-11,20.81999969482422,21.06999969482422,20.479999542236328,20.959999084472656,0
2021-08-12,20.25,20.850000381469727,20.049999237060547,20.68000030517578,0
2021-08-13,20.260000228881836,20.360000610351562,19.920000076293945,20.059999465942383,0
2021-08-16,20.639999389648438,21.600000381469727,20.5,21.1200008392334,0
2021-08-17,21.700000762939453,22.700000762939453,21.1200008392334,21.479999542236328,0
2021-08-18,23.799999237060547,23.84000015258789,21.540000915527344,21.979999542236328,0
2021-08-19,24.200000762939453,25.149999618530273,23.3700008392334,24.65999984741211,0
2021-08-20,22.40999984741211,23.959999084472656,21.959999084472656,23.959999084472656,0
2021-08-23,21.200000762939453,21.81999969482422,21.020000457763672,21.81999969482422,0
2021-08-24,21.219999313354492,21.40999984741211,21.09000015258789,21.25,0
2021-08-25,20.790000915527344,21.270000457763672,20.59000015258789,21.239999771118164,0
2021-08-26,21.860000610351562,22.079999923706055,20.93000030517578,21.040000915527344,0
2021-08-27,20.610000610351562,21.329999923706055,20.229999542236328,21.329999923706055,0
2021-08-30,20.399999618530273,20.639999389648438,20.290000915527344,20.479999542236328,0
2021-08-31,20.420000076293945,20.8700008392334,20.399999618530273,20.68000030517578,0
2021-09-01,20.079999923706055,20.59000015258789,19.90999984741211,20.399999618530273,0
2021-09-02,20.1299991607666,20.450000762939453,19.829999923706055,19.90999984741211,0
2021-09-03,20.31999969482422,20.729999542236328,20.139999389648438,20.420000076293945,0
2021-09-07,21.530000686645508,21.559999465942383,20.979999542236328,21.09000015258789,0
2021-09-08,21.59000015258789,22.469999313354492,21.459999084472656,22.020000457763672,0
2021-09-09,22.059999465942383,22.170000076293945,21.020000457763672,21.760000228881836,0
2021-09-10,23.309999465942383,23.3700008392334,20.979999542236328,21.059999465942383,0
2021-09-13,22.469999313354492,23.559999465942383,22.059999465942383,22.1299991607666,0
2021-09-14,22.549999237060547,23.239999771118164,21.979999542236328,22.079999923706055,0
2021-09-15,21.760000228881836,23.010000228881836,21.59000015258789,22.610000610351562,0
2021-09-16,21.809999465942383,22.700000762939453,21.290000915527344,22.149999618530273,0
2021-09-17,23.219999313354492,23.510000228881836,21.829999923706055,22.1299991607666,0
2021-09-20,26.399999618530273,28.56999969482422,24.729999542236328,26.100000381469727,0
2021-09-21,25.469999313354492,26.290000915527344,24.549999237060547,25.360000610351562,0
2021-09-22,23.049999237060547,24.610000610351562,22.75,24.3700008392334,0
2021-09-23,21.3700008392334,22.31999969482422,21.31999969482422,22.309999465942383,0
2021-09-24,20.81999969482422,22.18000030517578,20.809999465942383,22.18000030517578,0
2021-09-27,21.399999618530273,21.549999237060547,20.860000610351562,21.3799991607666,0
2021-09-28,24.030000686645508,24.780000686645508,22.260000228881836,22.309999465942383,0
2021-09-29,23.719999313354492,24.360000610351562,23.229999542236328,23.65999984741211,0
2021-09-30,23.8700008392334,24.8799991607666,22.6200008392334,22.989999771118164,0
2021-10-01,22.950000762939453,24.540000915527344,22.829999923706055,23.40999984741211,0
2021-10-04,24.110000610351562,25.18000030517578,23.34000015258789,23.610000610351562,0
2021-10-05,23.110000610351562,23.90999984741211,22.6200008392334,23.739999771118164,0
2021-10-06,22.84000015258789,24.790000915527344,22.829999923706055,23.989999771118164,0
2021-10-07,22.1200008392334,22.350000381469727,21.829999923706055,22.350000381469727,0
2021-10-08,21.8799991607666,22.100000381469727,21.559999465942383,21.809999465942383,0
2021-10-11,22.389999389648438,22.510000228881836,21.450000762939453,22.389999389648438,0
2021-10-12,22.329999923706055,22.75,21.790000915527344,22.190000534057617,0
2021-10-13,21.540000915527344,22.43000030517578,21.360000610351562,21.790000915527344,0
2021-10-14,20.3700008392334,20.889999389648438,20.31999969482422,20.790000915527344,0
2021-10-15,20.299999237060547,20.43000030517578,19.790000915527344,20.290000915527344,0
2021-10-18,20.290000915527344,21.100000381469727,20.280000686645508,21.020000457763672,0
2021-10-19,19.979999542236328,20.3799991607666,19.8799991607666,20.290000915527344,0
2021-10-20,19.8700008392334,20.209999084472656,19.84000015258789,19.979999542236328,0
2021-10-21,19.479999542236328,20.15999984741211,19.399999618530273,20.110000610351562,0
2021-10-22,20.010000228881836,20.5,19.389999389648438,19.6299991607666,0
2021-10-25,19.559999465942383,20.43000030517578,19.479999542236328,20.030000686645508,0
2021-10-26,20.110000610351562,20.6200008392334,19.459999084472656,19.479999542236328,0
2021-10-27,20.889999389648438,21.110000610351562,19.860000610351562,20.1299991607666,0
2021-10-28,20.479999542236328,20.739999771118164,20.280000686645508,20.5,0
2021-10-29,20.3700008392334,21.110000610351562,20.290000915527344,21.110000610351562,0
2021-11-01,20.389999389648438,21.200000762939453,20.3700008392334,20.6200008392334,0
2021-11-02,20.100000381469727,20.420000076293945,20.049999237060547,20.399999618530273,0
2021-11-03,19.5,20.299999237060547,19.260000228881836,20.18000030517578,0
2021-11-04,19.700000762939453,20.079999923706055,19.260000228881836,19.329999923706055,0
2021-11-05,20.489999771118164,20.75,19.56999969482422,19.639999389648438,0
2021-11-08,20.979999542236328,21.399999618530273,20.479999542236328,20.530000686645508,0
2021-11-09,21.40999984741211,21.8799991607666,21.040000915527344,21.040000915527344,0
2021-11-10,22.0,22.639999389648438,21.020000457763672,21.809999465942383,0
2021-11-11,21.3799991607666,21.670000076293945,21.170000076293945,21.5,0
2021-11-12,20.690000534057617,21.260000228881836,20.56999969482422,21.049999237060547,0
2021-11-15,20.8700008392334,21.559999465942383,20.81999969482422,20.90999984741211,0
2021-11-16,20.899999618530273,21.139999389648438,20.579999923706055,21.139999389648438,0
2021-11-17,21.579999923706055,21.649999618530273,20.899999618530273,20.969999313354492,0
2021-11-18,21.899999618530273,22.15999984741211,21.309999465942383,21.399999618530273,0
2021-11-19,21.920000076293945,22.59000015258789,21.510000228881836,22.290000915527344,0
2021-11-22,22.6299991607666,22.889999389648438,21.59000015258789,21.670000076293945,0
2021-11-23,22.450000762939453,23.56999969482422,22.229999542236328,22.860000610351562,0
2021-11-24,21.899999618530273,23.420000076293945,21.899999618530273,23.139999389648438,0
2021-11-26,29.170000076293945,29.25,24.829999923706055,25.530000686645508,0
2021-11-29,25.040000915527344,26.25,23.969999313354492,25.59000015258789,0
2021-11-30,28.1299991607666,28.81999969482422,25.670000076293945,26.610000610351562,0
2021-12-01,30.790000915527344,31.84000015258789,25.1299991607666,26.190000534057617,0
2021-12-02,29.149999618530273,30.889999389648438,28.559999465942383,29.950000762939453,0
2021-12-03,31.780000686645508,34.77000045776367,28.170000076293945,28.450000762939453,0
2021-12-06,28.8799991607666,31.239999771118164,28.75,30.06999969482422,0
2021-12-07,24.959999084472656,26.790000915527344,24.700000762939453,26.790000915527344,0
2021-12-08,23.6299991607666,25.329999923706055,23.6200008392334,25.020000457763672,0
2021-12-09,24.65999984741211,25.1299991607666,23.530000686645508,23.979999542236328,0
2021-12-10,23.18000030517578,24.290000915527344,23.06999969482422,23.260000228881836,0
2021-12-13,24.31999969482422,24.68000030517578,23.709999084472656,23.719999313354492,0
2021-12-14,25.350000381469727,26.149999618530273,24.739999771118164,25.440000534057617,0
2021-12-15,23.299999237060547,26.309999465942383,23.1200008392334,25.260000228881836,0
2021-12-16,24.3700008392334,25.420000076293945,22.850000381469727,22.940000534057617,0
2021-12-17,25.3799991607666,26.229999542236328,24.399999618530273,25.579999923706055,0
2021-12-20,26.309999465942383,29.079999923706055,26.299999237060547,28.350000381469727,0
2021-12-21,25.0,26.219999313354492,24.8700008392334,25.690000534057617,0
2021-12-22,23.559999465942383,24.93000030517578,23.479999542236328,24.860000610351562,0
2021-12-23,23.239999771118164,23.3700008392334,22.950000762939453,23.3700008392334,0
2021-12-27,22.739999771118164,23.469999313354492,22.530000686645508,23.260000228881836,0
2021-12-28,22.329999923706055,23.1299991607666,22.31999969482422,22.81999969482422,0
2021-12-29,21.829999923706055,22.700000762939453,21.649999618530273,22.40999984741211,0
2021-12-30,21.8799991607666,22.209999084472656,21.440000534057617,21.790000915527344,0
2021-12-31,21.8799991607666,22.270000457763672,21.709999084472656,22.059999465942383,0
2022-01-03,21.530000686645508,22.59000015258789,21.459999084472656,21.989999771118164,0
2022-01-04,21.6200008392334,22.280000686645508,21.350000381469727,21.510000228881836,0
2022-01-05,23.469999313354492,23.709999084472656,21.329999923706055,21.739999771118164,0
2022-01-06,23.5,24.280000686645508,22.969999313354492,23.729999542236328,0
2022-01-07,22.8700008392334,24.149999618530273,22.68000030517578,23.559999465942383,0
2022-01-10,22.68000030517578,25.56999969482422,22.639999389648438,24.1299991607666,0
2022-01-11,21.979999542236328,23.799999237060547,21.850000381469727,23.100000381469727,0
2022-01-12,21.579999923706055,22.15999984741211,21.25,21.639999389648438,0
2022-01-13,23.40999984741211,23.600000381469727,21.450000762939453,21.6299991607666,0
2022-01-14,22.81999969482422,24.399999618530273,22.649999618530273,24.25,0
2022-01-18,25.1200008392334,25.34000015258789,24.389999389648438,24.479999542236328,0
2022-01-19,25.809999465942383,25.950000762939453,24.56999969482422,24.770000457763672,0
2022-01-20,27.25,27.280000686645508,24.350000381469727,25.219999313354492,0
2022-01-21,29.950000762939453,30.190000534057617,27.3799991607666,27.920000076293945,0
2022-01-24,30.81999969482422,36.939998626708984,30.530000686645508,33.22999954223633,0
2022-01-25,31.760000228881836,35.06999969482422,30.219999313354492,33.0,0
2022-01-26,31.950000762939453,32.56999969482422,28.329999923706055,29.729999542236328,0
2022-01-27,30.8700008392334,32.349998474121094,29.1299991607666,29.90999984741211,0
2022-01-28,28.81999969482422,32.0,28.59000015258789,30.690000534057617,0
2022-01-31,26.850000381469727,29.559999465942383,26.760000228881836,29.309999465942383,0
2022-02-01,24.760000228881836,27.149999618530273,24.75,26.3799991607666,0
2022-02-02,25.139999389648438,25.31999969482422,24.100000381469727,24.649999618530273,0
2022-02-03,26.670000076293945,27.600000381469727,25.329999923706055,26.239999771118164,0
2022-02-04,26.25,27.899999618530273,25.450000762939453,27.06999969482422,0
2022-02-07,25.690000534057617,26.350000381469727,25.149999618530273,26.18000030517578,0
2022-02-08,24.540000915527344,26.15999984741211,24.3700008392334,25.440000534057617,0
2022-02-09,23.489999771118164,24.020000457763672,23.469999313354492,23.770000457763672,0
2022-02-10,26.06999969482422,26.670000076293945,23.600000381469727,24.68000030517578,0
2022-02-11,28.829999923706055,30.649999618530273,25.649999618530273,25.860000610351562,0
2022-02-14,29.440000534057617,31.540000915527344,29.360000610351562,29.510000228881836,0
2022-02-15,27.280000686645508,28.149999618530273,27.030000686645508,27.860000610351562,0
2022-02-16,26.260000228881836,28.170000076293945,25.959999084472656,27.6200008392334,0
2022-02-17,29.31999969482422,29.469999313354492,27.440000534057617,27.440000534057617,0
2022-02-18,29.219999313354492,30.5,28.760000228881836,28.989999771118164,0
2022-02-22,29.110000610351562,31.040000915527344,28.8700008392334,29.989999771118164,0
2022-02-23,30.8799991607666,30.940000534057617,28.579999923706055,28.610000610351562,0
2022-02-24,30.049999237060547,34.84000015258789,29.290000915527344,34.83000183105469,0
2022-02-25,28.040000915527344,29.84000015258789,27.739999771118164,29.420000076293945,0
2022-02-28,29.649999618530273,31.270000457763672,28.780000686645508,30.420000076293945,0
2022-03-01,32.59000015258789,33.66999816894531,30.110000610351562,30.200000762939453,0
2022-03-02,30.969999313354492,32.65999984741211,30.3700008392334,32.38999938964844,0
2022-03-03,30.799999237060547,31.889999389648438,29.950000762939453,30.200000762939453,0
2022-03-04,32.34000015258789,33.75,31.940000534057617,32.59000015258789,0
2022-03-07,35.7400016784668,35.880001068115234,32.88999938964844,32.93000030517578,0
2022-03-08,35.0,36.709999084472656,32.84000015258789,35.220001220703125,0
2022-03-09,33.060001373291016,33.529998779296875,32.25,32.81999969482422,0
2022-03-10,31.520000457763672,33.880001068115234,31.520000457763672,33.849998474121094,0
2022-03-11,32.34000015258789,32.56999969482422,30.739999771118164,30.84000015258789,0
2022-03-14,33.31999969482422,34.33000183105469,31.360000610351562,32.470001220703125,0
2022-03-15,31.959999084472656,33.709999084472656,31.639999389648438,33.349998474121094,0
2022-03-16,28.959999084472656,31.739999771118164,28.829999923706055,31.059999465942383,0
2022-03-17,28.219999313354492,29.469999313354492,27.780000686645508,29.440000534057617,0
2022-03-18,26.549999237060547,28.719999313354492,26.540000915527344,28.649999618530273,0
2022-03-21,26.3799991607666,27.389999389648438,25.700000762939453,26.899999618530273,0
2022-03-22,25.850000381469727,26.200000762939453,25.59000015258789,25.889999389648438,0
2022-03-23,26.40999984741211,26.75,25.75,26.540000915527344,0
2022-03-24,25.299999237060547,26.489999771118164,25.0,26.15999984741211,0
2022-03-25,24.719999313354492,25.93000030517578,24.559999465942383,25.25,0
2022-03-28,24.18000030517578,25.950000762939453,24.1299991607666,25.290000915527344,0
2022-03-29,23.190000534057617,23.899999618530273,23.059999465942383,23.399999618530273,0
2022-03-30,23.56999969482422,24.389999389648438,23.139999389648438,23.510000228881836,0
2022-03-31,24.459999084472656,25.139999389648438,23.829999923706055,24.020000457763672,0
2022-04-01,24.209999084472656,25.040000915527344,24.040000915527344,24.40999984741211,0
2022-04-04,23.030000686645508,24.43000030517578,22.920000076293945,24.290000915527344,0
2022-04-05,24.899999618530273,25.219999313354492,23.239999771118164,23.43000030517578,0
2022-04-06,25.799999237060547,27.440000534057617,25.530000686645508,26.15999984741211,0
2022-04-07,25.229999542236328,26.799999237060547,24.940000534057617,25.899999618530273,0
2022-04-08,25.170000076293945,25.829999923706055,24.479999542236328,25.420000076293945,0
2022-04-11,27.0,27.100000381469727,25.90999984741211,25.979999542236328,0
2022-04-12,27.170000076293945,27.540000915527344,25.729999542236328,26.459999084472656,0
2022-04-13,25.540000915527344,27.299999237060547,25.1200008392334,27.239999771118164,0
2022-04-14,26.030000686645508,26.110000610351562,24.68000030517578,25.030000686645508,0
2022-04-18,25.75,26.729999542236328,25.600000381469727,26.559999465942383,0
2022-04-19,25.059999465942383,26.290000915527344,24.350000381469727,25.940000534057617,0
2022-04-20,24.149999618530273,24.790000915527344,23.889999389648438,24.1200008392334,0
2022-04-21,26.110000610351562,26.510000228881836,23.6200008392334,23.770000457763672,0
2022-04-22,29.8700008392334,29.940000534057617,26.34000015258789,26.600000381469727,0
2022-04-25,29.06999969482422,31.920000076293945,28.93000030517578,30.56999969482422,0
2022-04-26,33.13999938964844,33.31999969482422,29.760000228881836,29.760000228881836,0
2022-04-27,32.20000076293945,33.0099983215332,30.809999465942383,32.029998779296875,0
2022-04-28,31.149999618530273,32.099998474121094,29.559999465942383,30.8700008392334,0
2022-04-29,33.18000030517578,33.900001525878906,30.479999542236328,31.149999618530273,0
2022-05-02,33.0099983215332,35.709999084472656,32.68000030517578,33.7599983215332,0
2022-05-03,30.809999465942383,32.81999969482422,30.690000534057617,32.650001525878906,0
2022-05-04,28.09000015258789,30.969999313354492,27.65999984741211,30.690000534057617,0
2022-05-05,32.68000030517578,33.869998931884766,28.540000915527344,28.760000228881836,0
2022-05-06,32.310001373291016,35.5099983215332,31.969999313354492,33.7400016784668,0
2022-05-09,35.04999923706055,35.650001525878906,33.7400016784668,33.970001220703125,0
2022-05-10,33.970001220703125,35.38999938964844,33.34000015258789,33.349998474121094,0
2022-05-11,33.630001068115234,34.81999969482422,32.25,34.099998474121094,0
2022-05-12,33.08000183105469,35.25,32.93000030517578,34.540000915527344,0
2022-05-13,30.700000762939453,32.06999969482422,30.610000610351562,31.940000534057617,0
2022-05-16,29.510000228881836,30.899999618530273,29.510000228881836,30.709999084472656,0
2022-05-17,28.3700008392334,29.229999542236328,28.040000915527344,28.68000030517578,0
2022-05-18,32.79999923706055,32.88999938964844,29.34000015258789,29.34000015258789,0
2022-05-19,30.790000915527344,33.7599983215332,30.770000457763672,33.25,0
2022-05-20,31.139999389648438,33.630001068115234,29.790000915527344,30.270000457763672,0
2022-05-23,30.290000915527344,31.3799991607666,29.959999084472656,30.68000030517578,0
2022-05-24,30.739999771118164,32.15999984741211,30.489999771118164,30.8799991607666,0
2022-05-25,29.729999542236328,31.15999984741211,29.559999465942383,31.1299991607666,0
2022-05-26,29.280000686645508,29.559999465942383,28.8799991607666,29.559999465942383,0
2022-05-27,28.020000457763672,28.649999618530273,28.020000457763672,28.649999618530273,0
2022-05-31,27.989999771118164,29.610000610351562,27.809999465942383,29.010000228881836,0
2022-06-01,27.719999313354492,29.100000381469727,27.170000076293945,27.520000457763672,0
2022-06-02,27.059999465942383,28.15999984741211,26.56999969482422,27.940000534057617,0
2022-06-03,27.329999923706055,28.06999969482422,27.239999771118164,27.719999313354492,0
2022-06-06,27.219999313354492,27.709999084472656,26.93000030517578,27.110000610351562,0
2022-06-07,26.520000457763672,28.040000915527344,26.450000762939453,27.979999542236328,0
2022-06-08,26.540000915527344,27.1200008392334,26.280000686645508,26.989999771118164,0
2022-06-09,28.010000228881836,28.100000381469727,26.670000076293945,27.100000381469727,0
2022-06-10,29.719999313354492,30.649999618530273,29.030000686645508,29.18000030517578,0
2022-06-13,34.2400016784668,34.79999923706055,32.65999984741211,32.95000076293945,0
2022-06-14,33.279998779296875,34.189998626708984,32.90999984741211,33.90999984741211,0
2022-06-15,30.780000686645508,32.4900016784668,29.829999923706055,32.4900016784668,0
2022-06-16,33.4900016784668,34.650001525878906,32.459999084472656,32.810001373291016,0
2022-06-17,32.36000061035156,33.650001525878906,31.799999237060547,33.15999984741211,0
2022-06-21,31.25,31.350000381469727,30.5,31.15999984741211,0
2022-06-22,30.239999771118164,31.84000015258789,30.229999542236328,31.84000015258789,0
2022-06-23,30.190000534057617,30.84000015258789,29.940000534057617,30.1299991607666,0
2022-06-24,28.950000762939453,29.700000762939453,28.610000610351562,29.649999618530273,0
2022-06-27,28.18000030517578,29.420000076293945,28.15999984741211,28.989999771118164,0
2022-06-28,29.149999618530273,29.309999465942383,27.719999313354492,27.93000030517578,0
2022-06-29,29.0,29.75,28.809999465942383,29.239999771118164,0
2022-06-30,29.709999084472656,30.670000076293945,29.350000381469727,29.809999465942383,0
2022-07-01,28.520000457763672,30.18000030517578,28.489999771118164,29.65999984741211,0
2022-07-05,28.899999618530273,30.579999923706055,28.790000915527344,30.18000030517578,0
2022-07-06,28.389999389648438,29.3700008392334,27.90999984741211,29.049999237060547,0
2022-07-07,28.030000686645508,28.200000762939453,27.329999923706055,28.170000076293945,0
2022-07-08,27.299999237060547,28.1200008392334,27.06999969482422,28.059999465942383,0
2022-07-11,28.25,28.540000915527344,27.90999984741211,28.209999084472656,0
2022-07-12,28.81999969482422,29.15999984741211,27.829999923706055,28.510000228881836,0
2022-07-13,28.559999465942383,29.860000610351562,28.020000457763672,29.65999984741211,0
2022-07-14,28.610000610351562,29.90999984741211,28.440000534057617,29.290000915527344,0
2022-07-15,27.079999923706055,28.100000381469727,26.920000076293945,27.799999237060547,0
2022-07-18,27.81999969482422,28.25,26.93000030517578,27.1299991607666,0
2022-07-19,27.309999465942383,27.34000015258789,26.90999984741211,27.309999465942383,0
2022-07-20,26.700000762939453,27.3700008392334,26.600000381469727,27.239999771118164,0
2022-07-21,26.219999313354492,27.15999984741211,26.059999465942383,26.790000915527344,0
2022-07-22,25.969999313354492,26.65999984741211,25.719999313354492,25.8799991607666,0
2022-07-25,25.799999237060547,26.299999237060547,25.729999542236328,26.100000381469727,0
2022-07-26,26.420000076293945,26.920000076293945,26.100000381469727,26.149999618530273,0
2022-07-27,25.309999465942383,26.0,24.959999084472656,25.940000534057617,0
2022-07-28,24.329999923706055,25.479999542236328,24.229999542236328,24.950000762939453,0
2022-07-29,23.790000915527344,24.110000610351562,23.719999313354492,24.100000381469727,0
2022-08-01,24.860000610351562,25.0,24.260000228881836,24.559999465942383,0
2022-08-02,25.65999984741211,26.049999237060547,24.68000030517578,25.559999465942383,0
2022-08-03,24.3700008392334,25.110000610351562,24.149999618530273,25.020000457763672,0
2022-08-04,24.31999969482422,24.920000076293945,24.31999969482422,24.6200008392334,0
2022-08-05,24.18000030517578,25.010000228881836,24.030000686645508,25.010000228881836,0
2022-08-08,24.479999542236328,24.81999969482422,23.850000381469727,24.399999618530273,0
2022-08-09,24.690000534057617,25.06999969482422,24.579999923706055,24.829999923706055,0
2022-08-10,23.459999084472656,24.010000228881836,23.309999465942383,23.889999389648438,0
2022-08-11,23.709999084472656,24.139999389648438,23.309999465942383,23.3799991607666,0
2022-08-12,23.309999465942383,23.6299991607666,22.950000762939453,23.520000457763672,0
2022-08-15,23.31999969482422,23.90999984741211,23.1299991607666,23.90999984741211,0
2022-08-16,23.31999969482422,23.6200008392334,23.1200008392334,23.3700008392334,0
2022-08-17,23.600000381469727,24.1200008392334,23.170000076293945,23.6200008392334,0
2022-08-18,23.389999389648438,23.860000610351562,23.229999542236328,23.670000076293945,0
2022-08-19,24.31999969482422,24.81999969482422,23.75,23.770000457763672,0
2022-08-22,26.0,26.360000610351562,25.469999313354492,25.65999984741211,0
2022-08-23,25.920000076293945,26.1200008392334,25.3700008392334,26.010000228881836,0
2022-08-24,24.889999389648438,25.81999969482422,24.850000381469727,25.739999771118164,0
2022-08-25,24.1299991607666,24.989999771118164,24.040000915527344,24.860000610351562,0
2022-08-26,26.559999465942383,26.829999923706055,23.959999084472656,24.200000762939453,0
2022-08-29,26.81999969482422,27.360000610351562,26.280000686645508,27.360000610351562,0
2022-08-30,26.90999984741211,27.700000762939453,26.3799991607666,26.450000762939453,0
2022-08-31,26.649999618530273,27.010000228881836,26.229999542236328,26.739999771118164,0
2022-09-01,26.43000030517578,27.780000686645508,26.280000686645508,27.100000381469727,0
2022-09-02,26.479999542236328,27.110000610351562,25.020000457763672,25.450000762939453,0
2022-09-06,27.59000015258789,27.770000457763672,26.389999389648438,26.40999984741211,0
2022-09-07,26.100000381469727,27.59000015258789,26.010000228881836,27.59000015258789,0
2022-09-08,25.520000457763672,28.43000030517578,25.489999771118164,26.809999465942383,0
2022-09-09,25.139999389648438,25.299999237060547,24.940000534057617,25.15999984741211,0
2022-09-12,25.3700008392334,25.68000030517578,24.93000030517578,25.139999389648438,0
2022-09-13,27.950000762939453,28.93000030517578,26.079999923706055,26.31999969482422,0
2022-09-14,27.459999084472656,28.270000457763672,27.3700008392334,27.81999969482422,0
2022-09-15,27.600000381469727,28.020000457763672,26.959999084472656,27.65999984741211,0
2022-09-16,27.6299991607666,29.110000610351562,27.540000915527344,28.600000381469727,0
2022-09-19,27.010000228881836,28.440000534057617,26.899999618530273,28.440000534057617,0
2022-09-20,27.8799991607666,28.260000228881836,27.31999969482422,27.68000030517578,0
2022-09-21,28.760000228881836,28.780000686645508,26.84000015258789,27.59000015258789,0
2022-09-22,28.219999313354492,29.0,27.850000381469727,28.3700008392334,0
2022-09-23,30.31999969482422,31.829999923706055,28.920000076293945,29.030000686645508,0
2022-09-26,31.770000457763672,31.899999618530273,29.940000534057617,31.09000015258789,0
2022-09-27,32.119998931884766,33.099998474121094,30.420000076293945,30.850000381469727,0
2022-09-28,30.579999923706055,32.689998626708984,30.40999984741211,32.310001373291016,0
2022-09-29,31.739999771118164,33.029998779296875,31.56999969482422,31.579999923706055,0
2022-09-30,31.860000610351562,32.4900016784668,30.469999313354492,31.729999542236328,0
2022-10-03,30.690000534057617,31.829999923706055,30.229999542236328,31.280000686645508,0
2022-10-04,29.670000076293945,29.979999542236328,29.350000381469727,29.530000686645508,0
2022-10-05,29.43000030517578,30.56999969482422,29.40999984741211,30.100000381469727,0
2022-10-06,30.790000915527344,30.809999465942383,29.450000762939453,29.690000534057617,0
2022-10-07,32.099998474121094,32.41999816894531,30.979999542236328,30.979999542236328,0
2022-10-10,32.72999954223633,33.779998779296875,32.36000061035156,32.380001068115234,0
2022-10-11,33.36000061035156,33.939998626708984,32.400001525878906,33.290000915527344,0
2022-10-12,33.130001068115234,33.70000076293945,32.900001525878906,33.5,0
2022-10-13,31.799999237060547,33.630001068115234,31.530000686645508,33.439998626708984,0
2022-10-14,32.45000076293945,34.04999923706055,31.020000457763672,31.3700008392334,0
2022-10-17,31.739999771118164,31.760000228881836,31.1200008392334,31.610000610351562,0
2022-10-18,30.979999542236328,32.02000045776367,30.850000381469727,30.93000030517578,0
2022-10-19,31.350000381469727,32.029998779296875,31.170000076293945,31.56999969482422,0
2022-10-20,30.809999465942383,31.43000030517578,30.3700008392334,31.309999465942383,0
2022-10-21,30.469999313354492,30.84000015258789,29.959999084472656,30.780000686645508,0
2022-10-24,30.329999923706055,31.149999618530273,30.329999923706055,30.68000030517578,0
2022-10-25,29.290000915527344,30.360000610351562,29.100000381469727,30.280000686645508,0
2022-10-26,28.459999084472656,29.360000610351562,28.350000381469727,29.329999923706055,0
2022-10-27,28.280000686645508,28.479999542236328,27.829999923706055,28.31999969482422,0
2022-10-28,26.899999618530273,27.860000610351562,26.8700008392334,27.860000610351562,0
2022-10-31,26.920000076293945,27.489999771118164,26.84000015258789,27.489999771118164,0
2022-11-01,26.690000534057617,27.020000457763672,26.600000381469727,26.700000762939453,0
2022-11-02,27.219999313354492,27.290000915527344,26.399999618530273,27.010000228881836,0
2022-11-03,26.700000762939453,27.959999084472656,26.510000228881836,27.709999084472656,0
2022-11-04,26.389999389648438,26.8799991607666,25.670000076293945,26.149999618530273,0
2022-11-07,26.260000228881836,26.770000457763672,26.1299991607666,26.5,0
2022-11-08,27.100000381469727,27.389999389648438,26.190000534057617,26.329999923706055,0
2022-11-09,27.90999984741211,28.06999969482422,26.959999084472656,27.170000076293945,0
2022-11-10,26.18000030517578,26.389999389648438,25.559999465942383,26.100000381469727,0
2022-11-11,25.739999771118164,26.440000534057617,25.600000381469727,26.229999542236328,0
2022-11-14,26.1299991607666,26.290000915527344,25.469999313354492,26.239999771118164,0
2022-11-15,26.59000015258789,27.43000030517578,25.639999389648438,25.68000030517578,0
2022-11-16,26.030000686645508,26.639999389648438,25.989999771118164,26.559999465942383,0
2022-11-17,25.829999923706055,26.729999542236328,25.739999771118164,26.729999542236328,0
2022-11-18,25.329999923706055,25.780000686645508,25.209999084472656,25.350000381469727,0
2022-11-21,24.719999313354492,25.549999237060547,24.690000534057617,25.530000686645508,0
2022-11-22,23.829999923706055,24.530000686645508,23.81999969482422,24.479999542236328,0
2022-11-23,23.3799991607666,24.059999465942383,23.219999313354492,23.979999542236328,0
2022-11-25,23.59000015258789,23.81999969482422,23.540000915527344,23.6200008392334,0
2022-11-28,24.899999618530273,24.979999542236328,24.280000686645508,24.450000762939453,0
2022-11-29,24.649999618530273,25.030000686645508,24.540000915527344,24.940000534057617,0
2022-11-30,23.530000686645508,25.100000381469727,23.450000762939453,24.75,0
2022-12-01,23.309999465942383,23.989999771118164,23.149999618530273,23.59000015258789,0
2022-12-02,22.959999084472656,23.8700008392334,22.889999389648438,23.8700008392334,0
2022-12-05,23.889999389648438,24.290000915527344,23.25,23.6200008392334,0
2022-12-06,24.719999313354492,24.969999313354492,23.729999542236328,23.799999237060547,0
2022-12-07,25.18000030517578,25.329999923706055,24.809999465942383,25.09000015258789,0
2022-12-08,24.729999542236328,25.399999618530273,24.600000381469727,25.09000015258789,0
2022-12-09,25.209999084472656,25.270000457763672,24.600000381469727,24.829999923706055,0
2022-12-12,25.670000076293945,25.760000228881836,25.3700008392334,25.579999923706055,0
2022-12-13,24.290000915527344,25.299999237060547,23.59000015258789,23.600000381469727,0
2022-12-14,23.459999084472656,24.690000534057617,23.110000610351562,24.309999465942383,0
2022-12-15,25.079999923706055,25.530000686645508,23.959999084472656,24.049999237060547,0
2022-12-16,25.149999618530273,25.850000381469727,24.770000457763672,25.440000534057617,0
2022-12-19,25.079999923706055,25.43000030517578,24.549999237060547,25.399999618530273,0
2022-12-20,24.399999618530273,25.25,24.329999923706055,25.030000686645508,0
2022-12-21,23.350000381469727,23.829999923706055,23.34000015258789,23.739999771118164,0
2022-12-22,24.780000686645508,26.100000381469727,23.65999984741211,23.65999984741211,0
2022-12-23,24.1299991607666,25.1200008392334,24.020000457763672,24.639999389648438,0
2022-12-27,24.43000030517578,24.979999542236328,24.329999923706055,24.649999618530273,0
2022-12-28,24.579999923706055,24.670000076293945,23.969999313354492,24.43000030517578,0
2022-12-29,23.950000762939453,24.389999389648438,23.809999465942383,24.34000015258789,0
2022-12-30,24.290000915527344,24.770000457763672,24.059999465942383,24.34000015258789,0
2023-01-03,24.579999923706055,25.299999237060547,24.31999969482422,24.540000915527344,0
2023-01-04,23.809999465942383,24.489999771118164,23.770000457763672,24.350000381469727,0
2023-01-05,24.06999969482422,24.6299991607666,23.8799991607666,24.030000686645508,0
2023-01-06,23.18000030517578,23.889999389648438,22.93000030517578,23.6299991607666,0
2023-01-09,23.739999771118164,23.760000228881836,23.079999923706055,23.290000915527344,0
2023-01-10,22.739999771118164,23.809999465942383,22.719999313354492,23.690000534057617,0
2023-01-11,22.739999771118164,22.93000030517578,22.610000610351562,22.610000610351562,0
2023-01-12,21.579999923706055,22.43000030517578,21.56999969482422,22.190000534057617,0
2023-01-13,21.139999389648438,21.969999313354492,20.780000686645508,21.709999084472656,0
2023-01-17,21.450000762939453,21.860000610351562,21.209999084472656,21.68000030517578,0
2023-01-18,22.270000457763672,22.420000076293945,21.149999618530273,21.200000762939453,0
2023-01-19,22.450000762939453,23.280000686645508,22.139999389648438,22.889999389648438,0
2023-01-20,21.719999313354492,22.549999237060547,21.549999237060547,22.399999618530273,0
2023-01-23,21.600000381469727,21.93000030517578,21.34000015258789,21.8700008392334,0
2023-01-24,20.90999984741211,21.809999465942383,20.809999465942383,21.780000686645508,0
2023-01-25,20.940000534057617,22.1299991607666,20.809999465942383,21.709999084472656,0
2023-01-26,20.700000762939453,21.1200008392334,20.6200008392334,20.809999465942383,0
2023-01-27,20.469999313354492,20.739999771118164,20.040000915527344,20.729999542236328,0
2023-01-30,21.3700008392334,21.68000030517578,20.989999771118164,21.200000762939453,0
2023-01-31,20.809999465942383,21.510000228881836,20.75,21.350000381469727,0
2023-02-01,19.969999313354492,21.450000762939453,19.93000030517578,20.8700008392334,0
2023-02-02,20.84000015258789,21.110000610351562,19.540000915527344,19.670000076293945,0
2023-02-03,20.780000686645508,21.399999618530273,20.540000915527344,20.989999771118164,0
2023-02-06,21.43000030517578,21.559999465942383,21.139999389648438,21.200000762939453,0
2023-02-07,20.780000686645508,21.700000762939453,20.670000076293945,21.56999969482422,0
2023-02-08,21.81999969482422,22.020000457763672,20.75,20.950000762939453,0
2023-02-09,22.5,22.709999084472656,21.190000534057617,21.450000762939453,0
2023-02-10,22.549999237060547,23.43000030517578,22.489999771118164,22.829999923706055,0
2023-02-13,21.969999313354492,22.6200008392334,21.969999313354492,22.6200008392334,0
2023-02-14,21.139999389648438,21.860000610351562,20.81999969482422,21.739999771118164,0
2023-02-15,20.68000030517578,21.190000534057617,20.649999618530273,21.149999618530273,0
2023-02-16,21.8799991607666,21.93000030517578,20.600000381469727,21.219999313354492,0
2023-02-17,21.770000457763672,22.59000015258789,21.59000015258789,22.149999618530273,0
2023-02-21,23.3799991607666,23.530000686645508,22.579999923706055,22.65999984741211,0
2023-02-22,22.68000030517578,23.6299991607666,22.489999771118164,23.420000076293945,0
2023-02-23,21.739999771118164,22.700000762939453,21.579999923706055,22.170000076293945,0
2023-02-24,22.43000030517578,23.010000228881836,22.190000534057617,22.510000228881836,0
2023-02-27,21.59000015258789,21.920000076293945,21.440000534057617,21.90999984741211,0
2023-02-28,21.31999969482422,21.68000030517578,20.920000076293945,21.649999618530273,0
2023-03-01,21.360000610351562,21.829999923706055,20.979999542236328,21.350000381469727,0
2023-03-02,20.6299991607666,21.729999542236328,20.610000610351562,21.700000762939453,0
2023-03-03,19.979999542236328,21.399999618530273,19.940000534057617,20.520000457763672,0
2023-03-06,19.989999771118164,20.260000228881836,19.8799991607666,20.239999771118164,0
2023-03-07,20.59000015258789,20.729999542236328,19.799999237060547,20.15999984741211,0
2023-03-08,20.190000534057617,20.780000686645508,20.1299991607666,20.65999984741211,0
2023-03-09,22.8700008392334,22.889999389648438,19.90999984741211,20.200000762939453,0
2023-03-10,25.389999389648438,28.670000076293945,22.809999465942383,22.889999389648438,0
2023-03-13,26.639999389648438,29.420000076293945,25.729999542236328,29.06999969482422,0
2023-03-14,24.8700008392334,26.0,23.3799991607666,24.31999969482422,0
2023-03-15,27.200000762939453,30.049999237060547,26.8799991607666,27.309999465942383,0
2023-03-16,24.559999465942383,28.229999542236328,24.540000915527344,28.139999389648438,0
2023-03-17,27.420000076293945,27.81999969482422,25.059999465942383,25.15999984741211,0
2023-03-20,25.850000381469727,27.719999313354492,25.729999542236328,27.3700008392334,0
2023-03-21,23.56999969482422,24.520000457763672,23.450000762939453,24.450000762939453,0
2023-03-22,24.3799991607666,24.43000030517578,22.40999984741211,23.440000534057617,0
2023-03-23,24.530000686645508,25.75,22.719999313354492,23.31999969482422,0
2023-03-24,23.959999084472656,26.549999237060547,23.8799991607666,25.520000457763672,0
2023-03-27,22.8700008392334,23.770000457763672,22.84000015258789,23.329999923706055,0
2023-03-28,22.3799991607666,23.309999465942383,22.31999969482422,23.100000381469727,0
2023-03-29,21.489999771118164,21.850000381469727,21.479999542236328,21.6200008392334,0
2023-03-30,21.450000762939453,22.15999984741211,21.31999969482422,21.389999389648438,0
2023-03-31,21.229999542236328,21.5,21.020000457763672,21.309999465942383,0
2023-04-03,20.829999923706055,21.75,20.829999923706055,21.469999313354492,0
2023-04-04,21.34000015258789,22.049999237060547,20.940000534057617,21.049999237060547,0
2023-04-05,21.479999542236328,22.15999984741211,21.399999618530273,21.760000228881836,0
2023-04-06,21.0,21.950000762939453,20.860000610351562,21.809999465942383,0
2023-04-10,21.06999969482422,21.989999771118164,21.049999237060547,21.809999465942383,0
2023-04-11,21.010000228881836,21.149999618530273,20.639999389648438,21.09000015258789,0
2023-04-12,21.049999237060547,21.3700008392334,20.31999969482422,20.780000686645508,0
2023-04-13,20.260000228881836,20.809999465942383,20.219999313354492,20.75,0
2023-04-14,20.030000686645508,20.610000610351562,19.950000762939453,20.399999618530273,0
2023-04-17,19.649999618530273,20.329999923706055,19.600000381469727,20.309999465942383,0
2023-04-18,19.81999969482422,19.93000030517578,19.479999542236328,19.670000076293945,0
2023-04-19,20.020000457763672,20.190000534057617,19.700000762939453,20.030000686645508,0
2023-04-20,20.549999237060547,20.850000381469727,20.0,20.6200008392334,0
2023-04-21,20.389999389648438,21.020000457763672,20.270000457763672,20.649999618530273,0
2023-04-24,20.399999618530273,20.829999923706055,20.280000686645508,20.610000610351562,0
2023-04-25,21.649999618530273,22.229999542236328,20.6200008392334,20.790000915527344,0
2023-04-26,21.540000915527344,21.969999313354492,20.90999984741211,21.700000762939453,0
2023-04-27,20.3700008392334,20.950000762939453,20.190000534057617,20.920000076293945,0
2023-04-28,19.540000915527344,20.31999969482422,19.540000915527344,20.239999771118164,0
2023-05-01,19.670000076293945,19.829999923706055,19.170000076293945,19.829999923706055,0
2023-05-02,20.75,22.209999084472656,20.079999923706055,20.079999923706055,0
2023-05-03,21.290000915527344,21.670000076293945,20.360000610351562,20.920000076293945,0
2023-05-04,22.770000457763672,23.479999542236328,21.81999969482422,21.920000076293945,0
2023-05-05,20.780000686645508,21.56999969482422,20.510000228881836,21.56999969482422,0
2023-05-08,20.709999084472656,21.229999542236328,20.6200008392334,20.979999542236328,0
2023-05-09,21.170000076293945,21.280000686645508,20.940000534057617,21.209999084472656,0
2023-05-10,20.690000534057617,21.700000762939453,20.34000015258789,20.540000915527344,0
2023-05-11,20.6200008392334,21.510000228881836,20.5,21.15999984741211,0
2023-05-12,20.65999984741211,21.229999542236328,20.200000762939453,20.399999618530273,0
2023-05-15,20.309999465942383,21.1200008392334,20.260000228881836,20.81999969482422,0
2023-05-16,20.899999618530273,21.139999389648438,20.3799991607666,20.6299991607666,0
2023-05-17,20.049999237060547,20.850000381469727,19.979999542236328,20.489999771118164,0
2023-05-18,19.329999923706055,20.229999542236328,19.260000228881836,20.18000030517578,0
2023-05-19,20.040000915527344,20.399999618530273,19.139999389648438,19.290000915527344,0
2023-05-22,20.360000610351562,20.81999969482422,20.0,20.229999542236328,0
2023-05-23,21.059999465942383,21.549999237060547,20.420000076293945,20.959999084472656,0
2023-05-24,22.020000457763672,22.469999313354492,21.649999618530273,21.959999084472656,0
2023-05-25,21.3799991607666,21.829999923706055,21.170000076293945,21.459999084472656,0
2023-05-26,20.440000534057617,21.149999618530273,20.020000457763672,21.1200008392334,0
2023-05-30,20.1299991607666,20.770000457763672,19.760000228881836,19.889999389648438,0
2023-05-31,20.209999084472656,20.8799991607666,19.8700008392334,20.559999465942383,0
2023-06-01,18.75,20.079999923706055,18.709999084472656,19.959999084472656,0
2023-06-02,17.920000076293945,18.440000534057617,17.760000228881836,18.299999237060547,0
2023-06-05,17.899999618530273,18.329999923706055,17.899999618530273,18.229999542236328,0
2023-06-06,17.040000915527344,18.09000015258789,16.8799991607666,18.059999465942383,0
2023-06-07,17.139999389648438,17.440000534057617,16.8700008392334,17.190000534057617,0
2023-06-08,16.860000610351562,17.40999984741211,16.739999771118164,17.270000457763672,0
2023-06-09,16.959999084472656,17.25,16.700000762939453,16.860000610351562,0
2023-06-12,17.280000686645508,17.459999084472656,17.09000015258789,17.299999237060547,0
2023-06-13,17.229999542236328,17.34000015258789,16.889999389648438,17.040000915527344,0
2023-06-14,16.860000610351562,17.3799991607666,16.790000915527344,17.329999923706055,0
2023-06-15,17.18000030517578,17.18000030517578,16.809999465942383,17.079999923706055,0
2023-06-16,16.75,17.5,16.709999084472656,17.18000030517578,0
2023-06-20,17.299999237060547,17.979999542236328,17.200000762939453,17.5,0
2023-06-21,16.889999389648438,17.34000015258789,16.8700008392334,17.299999237060547,0
2023-06-22,16.559999465942383,17.270000457763672,16.450000762939453,17.260000228881836,0
2023-06-23,16.8700008392334,17.149999618530273,16.420000076293945,17.110000610351562,0
2023-06-26,17.049999237060547,17.1200008392334,16.739999771118164,17.1200008392334,0
2023-06-27,16.440000534057617,16.950000762939453,16.260000228881836,16.940000534057617,0
2023-06-28,15.899999618530273,16.489999771118164,15.8100004196167,16.450000762939453,0
2023-06-29,16.100000381469727,16.219999313354492,15.979999542236328,16.06999969482422,0
2023-06-30,16.020000457763672,16.020000457763672,15.520000457763672,15.9399995803833,0
2023-07-03,16.06999969482422,16.139999389648438,15.930000305175781,16.139999389648438,0
2023-07-05,16.510000228881836,16.65999984741211,16.290000915527344,16.579999923706055,0
2023-07-06,17.520000457763672,18.780000686645508,17.3700008392334,17.43000030517578,0
2023-07-07,17.239999771118164,17.729999542236328,16.81999969482422,17.729999542236328,0
2023-07-10,17.25,17.579999923706055,17.200000762939453,17.40999984741211,0
2023-07-11,16.969999313354492,17.229999542236328,16.860000610351562,17.059999465942383,0
2023-07-12,16.110000610351562,16.40999984741211,16.049999237060547,16.3700008392334,0
2023-07-13,16.1200008392334,16.139999389648438,15.770000457763672,15.90999984741211,0
2023-07-14,16.040000915527344,16.6200008392334,16.0,16.170000076293945,0
2023-07-17,16.270000457763672,16.329999923706055,16.010000228881836,16.270000457763672,0
2023-07-18,16.1299991607666,16.329999923706055,16.06999969482422,16.329999923706055,0
2023-07-19,16.559999465942383,16.600000381469727,15.949999809265137,15.960000038146973,0
2023-07-20,16.65999984741211,16.90999984741211,16.389999389648438,16.610000610351562,0
2023-07-21,16.399999618530273,16.579999923706055,16.15999984741211,16.530000686645508,0
2023-07-24,16.260000228881836,16.549999237060547,16.170000076293945,16.459999084472656,0
2023-07-25,16.219999313354492,16.350000381469727,16.100000381469727,16.350000381469727,0
2023-07-26,15.789999961853027,16.440000534057617,15.640000343322754,16.43000030517578,0
2023-07-27,16.6299991607666,17.040000915527344,15.479999542236328,15.579999923706055,0
2023-07-28,15.920000076293945,16.350000381469727,15.8100004196167,15.869999885559082,0
2023-07-31,16.010000228881836,16.270000457763672,15.960000038146973,16.139999389648438,0
2023-08-01,16.34000015258789,16.549999237060547,16.209999084472656,16.440000534057617,0
2023-08-02,17.959999084472656,18.350000381469727,17.350000381469727,17.350000381469727,0
2023-08-03,17.719999313354492,18.899999618530273,17.649999618530273,18.530000686645508,0
2023-08-04,18.610000610351562,18.84000015258789,16.940000534057617,17.360000610351562,0
2023-08-07,17.719999313354492,18.520000457763672,17.719999313354492,18.229999542236328,0
2023-08-08,18.1299991607666,19.68000030517578,18.06999969482422,18.510000228881836,0
2023-08-09,18.049999237060547,18.719999313354492,17.670000076293945,18.040000915527344,0
2023-08-10,18.15999984741211,18.729999542236328,16.989999771118164,17.43000030517578,0
2023-08-11,17.559999465942383,18.639999389648438,17.559999465942383,18.549999237060547,0
2023-08-14,17.40999984741211,18.239999771118164,17.34000015258789,18.15999984741211,0
2023-08-15,18.59000015258789,18.709999084472656,17.809999465942383,17.8700008392334,0
2023-08-16,18.969999313354492,19.049999237060547,18.149999618530273,18.520000457763672,0
2023-08-17,19.829999923706055,19.90999984741211,18.65999984741211,18.68000030517578,0
2023-08-18,19.239999771118164,20.450000762939453,19.079999923706055,20.440000534057617,0
2023-08-21,18.770000457763672,19.43000030517578,18.610000610351562,19.25,0
2023-08-22,18.719999313354492,19.040000915527344,18.459999084472656,18.459999084472656,0
2023-08-23,17.940000534057617,18.510000228881836,17.899999618530273,18.440000534057617,0
2023-08-24,18.75,18.850000381469727,17.6200008392334,17.700000762939453,0
2023-08-25,17.719999313354492,18.889999389648438,17.489999771118164,18.3799991607666,0
2023-08-28,17.1200008392334,17.670000076293945,17.049999237060547,17.670000076293945,0
2023-08-29,16.559999465942383,17.149999618530273,16.389999389648438,17.110000610351562,0
2023-08-30,16.18000030517578,16.639999389648438,16.15999984741211,16.459999084472656,0
2023-08-31,15.920000076293945,16.239999771118164,15.84000015258789,16.209999084472656,0
2023-09-01,15.739999771118164,15.880000114440918,15.600000381469727,15.6899995803833,0
2023-09-05,16.239999771118164,16.459999084472656,15.960000038146973,16.299999237060547,0
2023-09-06,16.610000610351562,17.079999923706055,16.299999237060547,16.40999984741211,0
2023-09-07,16.579999923706055,17.459999084472656,16.530000686645508,17.270000457763672,0
2023-09-08,16.139999389648438,16.56999969482422,15.979999542236328,16.56999969482422,0
2023-09-11,16.020000457763672,16.34000015258789,15.9399995803833,16.15999984741211,0
2023-09-12,16.25,16.3700008392334,15.90999984741211,16.290000915527344,0
2023-09-13,15.920000076293945,16.239999771118164,15.779999732971191,16.1200008392334,0
2023-09-14,15.34000015258789,15.75,15.319999694824219,15.699999809265137,0
2023-09-15,16.020000457763672,16.15999984741211,15.4399995803833,15.539999961853027,0
2023-09-18,16.1299991607666,16.579999923706055,15.979999542236328,16.489999771118164,0
2023-09-19,16.1299991607666,16.65999984741211,16.049999237060547,16.31999969482422,0
2023-09-20,16.809999465942383,16.809999465942383,15.829999923706055,16.0,0
2023-09-21,18.239999771118164,18.239999771118164,16.010000228881836,17.469999313354492,0
2023-09-22,18.09000015258789,18.1200008392334,17.34000015258789,17.969999313354492,0
2023-09-25,18.020000457763672,18.75,17.969999313354492,18.559999465942383,0
2023-09-26,19.719999313354492,20.059999465942383,18.399999618530273,18.56999969482422,0
2023-09-27,19.110000610351562,20.350000381469727,19.040000915527344,19.229999542236328,0
2023-09-28,18.3799991607666,19.450000762939453,18.170000076293945,19.34000015258789,0
2023-09-29,18.510000228881836,18.649999618530273,17.3799991607666,17.6200008392334,0
2023-10-02,18.6200008392334,19.1299991607666,17.940000534057617,18.899999618530273,0
2023-10-03,20.40999984741211,20.850000381469727,18.950000762939453,19.280000686645508,0
2023-10-04,19.520000457763672,20.479999542236328,19.34000015258789,20.209999084472656,0
2023-10-05,19.5,20.34000015258789,19.31999969482422,19.510000228881836,0
2023-10-06,18.729999542236328,20.3799991607666,18.489999771118164,19.969999313354492,0
2023-10-09,18.809999465942383,19.860000610351562,18.719999313354492,19.639999389648438,0
2023-10-10,18.270000457763672,18.639999389648438,17.899999618530273,18.639999389648438,0
2023-10-11,17.6299991607666,19.09000015258789,17.6299991607666,17.90999984741211,0
2023-10-12,18.09000015258789,19.030000686645508,17.219999313354492,17.559999465942383,0
2023-10-13,20.56999969482422,21.040000915527344,18.040000915527344,18.040000915527344,0
2023-10-16,18.790000915527344,19.780000686645508,18.709999084472656,19.780000686645508,0
2023-10-17,19.260000228881836,19.68000030517578,18.469999313354492,19.489999771118164,0
2023-10-18,20.469999313354492,20.969999313354492,19.579999923706055,19.6200008392334,0
2023-10-19,22.190000534057617,22.200000762939453,19.969999313354492,20.270000457763672,0
2023-10-20,22.440000534057617,22.6299991607666,21.559999465942383,22.040000915527344,0
2023-10-23,21.329999923706055,23.049999237060547,20.68000030517578,22.59000015258789,0
2023-10-24,20.209999084472656,21.280000686645508,19.959999084472656,20.829999923706055,0
2023-10-25,21.329999923706055,22.06999969482422,20.399999618530273,20.399999618530273,0
2023-10-26,21.56999969482422,22.5,21.209999084472656,21.709999084472656,0
2023-10-27,22.270000457763672,22.549999237060547,20.940000534057617,21.209999084472656,0
2023-10-30,20.799999237060547,21.65999984741211,20.670000076293945,21.459999084472656,0
2023-10-31,19.489999771118164,20.809999465942383,19.420000076293945,20.639999389648438,0
2023-11-01,18.549999237060547,19.34000015258789,18.329999923706055,19.280000686645508,0
2023-11-02,17.799999237060547,18.209999084472656,17.719999313354492,18.059999465942383,0
2023-11-03,17.219999313354492,17.540000915527344,17.149999618530273,17.489999771118164,0
2023-11-06,17.030000686645508,17.520000457763672,17.020000457763672,17.290000915527344,0
2023-11-07,16.920000076293945,17.209999084472656,16.860000610351562,17.09000015258789,0
2023-11-08,16.639999389648438,17.15999984741211,16.520000457763672,16.850000381469727,0
2023-11-09,17.299999237060547,17.469999313354492,16.549999237060547,16.549999237060547,0
2023-11-10,16.520000457763672,17.1299991607666,16.469999313354492,17.010000228881836,0
2023-11-13,16.610000610351562,17.030000686645508,16.43000030517578,16.969999313354492,0
2023-11-14,16.290000915527344,16.290000915527344,15.880000114440918,15.9399995803833,0
2023-11-15,16.280000686645508,16.389999389648438,16.100000381469727,16.190000534057617,0
2023-11-16,16.139999389648438,16.399999618530273,15.949999809265137,16.190000534057617,0
2023-11-17,15.850000381469727,16.079999923706055,15.720000267028809,16.079999923706055,0
2023-11-20,15.6899995803833,15.90999984741211,15.600000381469727,15.90999984741211,0
2023-11-21,15.5,15.859999656677246,15.350000381469727,15.850000381469727,0
2023-11-22,15.479999542236328,15.619999885559082,15.210000038146973,15.229999542236328,0
2023-11-24,15.119999885559082,15.680000305175781,15.09000015258789,15.670000076293945,0
2023-11-27,15.34000015258789,15.539999961853027,15.260000228881836,15.479999542236328,0
2023-11-28,15.239999771118164,15.59000015258789,15.09000015258789,15.4399995803833,0
2023-11-29,15.510000228881836,15.600000381469727,15.079999923706055,15.109999656677246,0
2023-11-30,15.4399995803833,15.779999732971191,15.359999656677246,15.609999656677246,0
2023-12-01,15.359999656677246,15.489999771118164,15.140000343322754,15.420000076293945,0
2023-12-04,15.680000305175781,16.200000762939453,15.619999885559082,15.9399995803833,0
2023-12-05,15.569999694824219,15.869999885559082,15.539999961853027,15.800000190734863,0
2023-12-06,15.739999771118164,15.75,15.399999618530273,15.460000038146973,0
2023-12-07,15.649999618530273,15.850000381469727,15.600000381469727,15.6899995803833,0
2023-12-08,15.15999984741211,15.569999694824219,15.15999984741211,15.529999732971191,0
2023-12-11,15.1899995803833,15.5,15.15999984741211,15.489999771118164,0
2023-12-12,14.829999923706055,15.170000076293945,14.6899995803833,15.140000343322754,0
2023-12-13,14.65999984741211,15.010000228881836,14.5600004196167,14.890000343322754,0
2023-12-14,14.789999961853027,15.140000343322754,14.619999885559082,14.680000305175781,0
2023-12-15,15.130000114440918,15.25,14.75,14.850000381469727,0
2023-12-18,15.470000267028809,15.510000228881836,15.220000267028809,15.239999771118164,0
2023-12-19,15.640000343322754,15.649999618530273,15.470000267028809,15.479999542236328,0
2023-12-20,16.579999923706055,16.809999465942383,15.550000190734863,15.600000381469727,0
2023-12-21,16.299999237060547,16.860000610351562,16.219999313354492,16.329999923706055,0
2023-12-22,15.989999771118164,16.530000686645508,15.970000267028809,16.34000015258789,0
2023-12-26,15.880000114440918,16.329999923706055,15.850000381469727,16.329999923706055,0
2023-12-27,15.270000457763672,15.829999923706055,15.170000076293945,15.829999923706055,0
2023-12-28,15.229999542236328,15.390000343322754,15.1899995803833,15.300000190734863,0
2023-12-29,15.260000228881836,15.699999809265137,15.119999885559082,15.289999961853027,0
2024-01-02,15.479999542236328,16.170000076293945,15.449999809265137,15.890000343322754,0
2024-01-03,16.040000915527344,16.290000915527344,15.619999885559082,15.859999656677246,0
2024-01-04,16.040000915527344,16.149999618530273,15.75,16.1200008392334,0
2024-01-05,15.510000228881836,15.880000114440918,15.399999618530273,15.859999656677246,0
2024-01-08,15.140000343322754,15.729999542236328,15.079999923706055,15.680000305175781,0
2024-01-09,14.899999618530273,15.40999984741211,14.859999656677246,15.390000343322754,0
2024-01-10,14.729999542236328,14.859999656677246,14.699999809265137,14.819999694824219,0
2024-01-11,14.5600004196167,15.199999809265137,14.489999771118164,14.569999694824219,0
2024-01-12,14.9399995803833,14.960000038146973,14.510000228881836,14.529999732971191,0
2024-01-16,15.739999771118164,16.110000610351562,15.420000076293945,15.529999732971191,0
2024-01-17,16.3799991607666,16.770000457763672,16.209999084472656,16.530000686645508,0
2024-01-18,15.84000015258789,16.389999389648438,15.779999732971191,16.010000228881836,0
2024-01-19,15.260000228881836,16.290000915527344,15.229999542236328,15.600000381469727,0
2024-01-22,14.970000267028809,15.369999885559082,14.960000038146973,15.319999694824219,0
2024-01-23,14.520000457763672,14.9399995803833,14.479999542236328,14.890000343322754,0
2024-01-24,14.970000267028809,14.970000267028809,14.25,14.390000343322754,0
2024-01-25,15.100000381469727,15.199999809265137,14.880000114440918,14.899999618530273,0
2024-01-26,15.029999732971191,15.220000267028809,14.890000343322754,15.1899995803833,0
2024-01-29,15.220000267028809,15.449999809265137,15.1899995803833,15.300000190734863,0
2024-01-30,15.140000343322754,15.289999961853027,15.069999694824219,15.260000228881836,0
2024-01-31,15.960000038146973,16.170000076293945,15.140000343322754,15.140000343322754,0
2024-02-01,15.5,16.149999618530273,15.449999809265137,15.739999771118164,0
2024-02-02,15.609999656677246,15.819999694824219,15.260000228881836,15.739999771118164,0
2024-02-05,15.329999923706055,16.0,15.260000228881836,15.760000228881836,0
2024-02-06,14.989999771118164,15.399999618530273,14.920000076293945,15.1899995803833,0
2024-02-07,14.850000381469727,15.170000076293945,14.8100004196167,14.880000114440918,0
2024-02-08,14.930000305175781,15.130000114440918,14.880000114440918,14.989999771118164,0
2024-02-09,15.079999923706055,15.079999923706055,14.819999694824219,14.989999771118164,0
2024-02-12,15.670000076293945,15.680000305175781,15.220000267028809,15.25,0
2024-02-13,16.81999969482422,18.170000076293945,16.059999465942383,16.170000076293945,0
2024-02-14,15.930000305175781,16.600000381469727,15.789999961853027,16.010000228881836,0
2024-02-15,15.760000228881836,16.110000610351562,15.75,15.829999923706055,0
2024-02-16,15.859999656677246,16.09000015258789,15.479999542236328,15.890000343322754,0
2024-02-20,16.40999984741211,16.81999969482422,16.170000076293945,16.209999084472656,0
2024-02-21,16.229999542236328,16.719999313354492,16.15999984741211,16.649999618530273,0
2024-02-22,15.770000457763672,15.800000190734863,15.34000015258789,15.59000015258789,0
2024-02-23,15.25,15.640000343322754,15.199999809265137,15.529999732971191,0
2024-02-26,15.220000267028809,15.399999618530273,15.149999618530273,15.399999618530273,0
2024-02-27,14.890000343322754,15.149999618530273,14.869999885559082,15.130000114440918,0
2024-02-28,15.220000267028809,15.260000228881836,14.989999771118164,15.109999656677246,0
2024-02-29,14.930000305175781,15.25,14.880000114440918,14.9399995803833,0
2024-03-01,14.930000305175781,15.09000015258789,14.760000228881836,14.850000381469727,0
2024-03-04,15.229999542236328,15.270000457763672,15.109999656677246,15.149999618530273,0
2024-03-05,15.90999984741211,16.360000610351562,15.4399995803833,15.449999809265137,0
2024-03-06,15.970000267028809,16.149999618530273,15.510000228881836,15.539999961853027,0
2024-03-07,15.90999984741211,16.030000686645508,15.760000228881836,15.789999961853027,0
2024-03-08,16.299999237060547,16.84000015258789,15.630000114440918,15.739999771118164,0
2024-03-11,16.459999084472656,17.010000228881836,16.43000030517578,16.770000457763672,0
2024-03-12,15.65999984741211,16.31999969482422,15.640000343322754,16.100000381469727,0
2024-03-13,15.600000381469727,15.890000343322754,15.539999961853027,15.670000076293945,0
2024-03-14,16.1200008392334,16.690000534057617,15.520000457763672,15.5600004196167,0
2024-03-15,16.40999984741211,17.110000610351562,16.260000228881836,16.389999389648438,0
2024-03-18,16.219999313354492,16.420000076293945,16.149999618530273,16.40999984741211,0
2024-03-19,15.770000457763672,16.399999618530273,15.75,16.34000015258789,0
2024-03-20,15.279999732971191,15.979999542236328,15.260000228881836,15.869999885559082,0
2024-03-21,15.180000305175781,15.34000015258789,14.979999542236328,15.170000076293945,0
2024-03-22,15.300000190734863,15.319999694824219,15.020000457763672,15.270000457763672,0
2024-03-25,15.380000114440918,15.699999809265137,15.300000190734863,15.520000457763672,0
2024-03-26,15.289999961853027,15.380000114440918,15.039999961853027,15.300000190734863,0
2024-03-27,15.010000228881836,15.390000343322754,14.970000267028809,15.109999656677246,0
2024-03-28,15.1899995803833,15.239999771118164,15.039999961853027,15.09000015258789,0
2024-04-01,15.520000457763672,15.829999923706055,15.40999984741211,15.520000457763672,0
2024-04-02,16.09000015258789,16.6299991607666,16.06999969482422,16.15999984741211,0
2024-04-03,15.90999984741211,16.56999969482422,15.8100004196167,16.399999618530273,0
2024-04-04,17.15999984741211,17.469999313354492,15.539999961853027,15.65999984741211,0
2024-04-05,17.18000030517578,17.40999984741211,16.68000030517578,17.209999084472656,0
2024-04-08,16.559999465942383,17.170000076293945,16.459999084472656,17.059999465942383,0
2024-04-09,16.420000076293945,17.3700008392334,16.389999389648438,16.559999465942383,0
2024-04-10,17.040000915527344,17.559999465942383,16.809999465942383,17.260000228881836,0
2024-04-11,16.489999771118164,17.760000228881836,16.489999771118164,17.079999923706055,0
2024-04-12,18.200000762939453,19.299999237060547,17.389999389648438,17.489999771118164,0
2024-04-15,19.549999237060547,19.709999084472656,17.459999084472656,17.549999237060547,0
2024-04-16,18.84000015258789,19.579999923706055,18.360000610351562,19.229999542236328,0
2024-04-17,18.770000457763672,19.700000762939453,18.280000686645508,18.530000686645508,0
2024-04-18,18.65999984741211,19.15999984741211,18.06999969482422,18.5,0
2024-04-19,19.25,19.6200008392334,18.610000610351562,19.040000915527344,0
2024-04-22,17.6299991607666,18.670000076293945,17.469999313354492,18.610000610351562,0
2024-04-23,16.68000030517578,17.270000457763672,16.6200008392334,17.260000228881836,0
2024-04-24,16.84000015258789,17.059999465942383,16.520000457763672,16.709999084472656,0
2024-04-25,16.3700008392334,17.90999984741211,16.309999465942383,17.549999237060547,0
2024-04-26,16.270000457763672,16.5,16.15999984741211,16.459999084472656,0
2024-04-29,16.0,16.350000381469727,15.970000267028809,16.209999084472656,0
2024-04-30,16.59000015258789,16.690000534057617,15.930000305175781,16.15999984741211,0
2024-05-01,16.56999969482422,16.940000534057617,15.789999961853027,16.799999237060547,0
2024-05-02,16.049999237060547,16.84000015258789,16.0,16.280000686645508,0
2024-05-03,15.270000457763672,15.649999618530273,15.260000228881836,15.369999885559082,0
2024-05-06,15.020000457763672,15.329999923706055,14.979999542236328,15.270000457763672,0
2024-05-07,14.949999809265137,15.100000381469727,14.920000076293945,14.989999771118164,0
2024-05-08,14.899999618530273,15.09000015258789,14.84000015258789,15.079999923706055,0
2024-05-09,14.710000038146973,15.0,14.710000038146973,14.899999618530273,0
2024-05-10,14.65999984741211,14.979999542236328,14.600000381469727,14.75,0
2024-05-13,14.890000343322754,15.020000457763672,14.770000457763672,14.770000457763672,0
2024-05-14,14.699999809265137,15.020000457763672,14.609999656677246,14.930000305175781,0
2024-05-15,14.079999923706055,14.529999732971191,14.0,14.4399995803833,0
2024-05-16,14.220000267028809,14.300000190734863,14.010000228881836,14.09000015258789,0
2024-05-17,13.989999771118164,14.279999732971191,13.930000305175781,14.199999809265137,0
2024-05-20,14.109999656677246,14.260000228881836,14.050000190734863,14.170000076293945,0
2024-05-21,13.949999809265137,14.369999885559082,13.90999984741211,14.359999656677246,0
2024-05-22,14.3100004196167,14.529999732971191,13.930000305175781,14.069999694824219,0
2024-05-23,14.670000076293945,14.960000038146973,14.039999961853027,14.050000190734863,0
2024-05-24,14.170000076293945,14.579999923706055,14.140000343322754,14.510000228881836,0
2024-05-28,14.720000267028809,15.010000228881836,14.369999885559082,14.40999984741211,0
2024-05-29,15.449999809265137,15.489999771118164,15.100000381469727,15.40999984741211,0
2024-05-30,15.59000015258789,15.680000305175781,15.0600004196167,15.460000038146973,0
2024-05-31,14.65999984741211,15.84000015258789,14.630000114440918,15.1899995803833,0
2024-06-03,14.800000190734863,15.479999542236328,14.729999542236328,14.789999961853027,0
2024-06-04,14.880000114440918,15.350000381469727,14.84000015258789,15.130000114440918,0
2024-06-05,14.539999961853027,15.239999771118164,14.470000267028809,14.75,0
2024-06-06,14.539999961853027,14.760000228881836,14.489999771118164,14.59000015258789,0
2024-06-07,14.40999984741211,14.710000038146973,14.239999771118164,14.680000305175781,0
2024-06-10,14.600000381469727,14.850000381469727,14.479999542236328,14.819999694824219,0
2024-06-11,14.489999771118164,15.020000457763672,14.479999542236328,14.829999923706055,0
2024-06-12,14.119999885559082,14.430000305175781,13.960000038146973,14.210000038146973,0
2024-06-13,14.170000076293945,14.720000267028809,13.890000343322754,14.130000114440918,0
2024-06-14,14.84000015258789,14.970000267028809,14.550000190734863,14.670000076293945,0
2024-06-17,14.789999961853027,15.15999984741211,14.609999656677246,15.050000190734863,0
2024-06-18,14.6899995803833,14.890000343322754,14.65999984741211,14.729999542236328,0
2024-06-20,15.40999984741211,15.600000381469727,14.829999923706055,14.84000015258789,0
2024-06-21,15.170000076293945,15.75,15.069999694824219,15.640000343322754,0
2024-06-24,15.229999542236328,15.449999809265137,15.039999961853027,15.449999809265137,0
2024-06-25,14.859999656677246,15.229999542236328,14.829999923706055,15.199999809265137,0
2024-06-26,14.710000038146973,15.09000015258789,14.579999923706055,15.0600004196167,0
2024-06-27,14.420000076293945,14.729999542236328,14.399999618530273,14.640000343322754,0
2024-06-28,14.520000457763672,14.720000267028809,14.270000457763672,14.5,0
2024-07-01,14.1899995803833,14.859999656677246,14.119999885559082,14.600000381469727,0
2024-07-02,14.010000228881836,14.369999885559082,13.899999618530273,14.369999885559082,0
2024-07-03,14.020000457763672,14.149999618530273,13.920000076293945,14.0,0
2024-07-05,14.350000381469727,14.369999885559082,14.119999885559082,14.229999542236328,0
2024-07-08,14.289999961853027,14.420000076293945,14.229999542236328,14.390000343322754,0
2024-07-09,14.390000343322754,14.479999542236328,14.260000228881836,14.319999694824219,0
2024-07-10,14.5,14.520000457763672,14.270000457763672,14.40999984741211,0
2024-07-11,14.670000076293945,14.869999885559082,14.359999656677246,14.380000114440918,0
2024-07-12,14.369999885559082,14.460000038146973,14.100000381469727,14.460000038146973,0
2024-07-15,14.869999885559082,14.920000076293945,14.460000038146973,14.539999961853027,0
2024-07-16,14.90999984741211,14.949999809265137,14.6899995803833,14.789999961853027,0
2024-07-17,15.789999961853027,16.079999923706055,15.279999732971191,15.350000381469727,0
2024-07-18,16.559999465942383,16.920000076293945,15.380000114440918,15.619999885559082,0
2024-07-19,17.15999984741211,17.5,16.56999969482422,16.850000381469727,0
2024-07-22,16.09000015258789,16.780000686645508,15.970000267028809,16.760000228881836,0
2024-07-23,16.010000228881836,16.170000076293945,15.489999771118164,16.110000610351562,0
2024-07-24,18.43000030517578,18.639999389648438,16.489999771118164,16.5,0
2024-07-25,18.690000534057617,19.31999969482422,17.280000686645508,18.34000015258789,0
2024-07-26,17.239999771118164,18.09000015258789,17.209999084472656,18.059999465942383,0
2024-07-29,17.15999984741211,17.6200008392334,16.8799991607666,17.40999984741211,0
2024-07-30,18.010000228881836,18.389999389648438,16.829999923706055,16.979999542236328,0
2024-07-31,16.969999313354492,17.1299991607666,16.43000030517578,17.020000457763672,0
2024-08-01,19.139999389648438,19.760000228881836,16.899999618530273,16.979999542236328,0
2024-08-02,23.34000015258789,26.309999465942383,20.690000534057617,20.959999084472656,0
2024-08-05,33.709999084472656,43.68000030517578,27.770000457763672,43.619998931884766,0
2024-08-06,26.760000228881836,30.40999984741211,23.790000915527344,30.270000457763672,0
2024-08-07,27.010000228881836,28.18000030517578,22.920000076293945,23.559999465942383,0
2024-08-08,24.1299991607666,26.09000015258789,23.90999984741211,25.290000915527344,0
2024-08-09,21.18000030517578,24.68000030517578,21.18000030517578,24.25,0
2024-08-12,21.6299991607666,21.829999923706055,19.8799991607666,21.209999084472656,0
2024-08-13,19.860000610351562,20.889999389648438,19.770000457763672,20.790000915527344,0
2024-08-14,18.450000762939453,19.540000915527344,18.360000610351562,19.360000610351562,0
2024-08-15,17.8799991607666,18.200000762939453,17.450000762939453,17.799999237060547,0
2024-08-16,17.809999465942383,19.5,17.670000076293945,18.280000686645508,0
2024-08-19,17.59000015258789,18.1200008392334,17.420000076293945,18.1200008392334,0
2024-08-20,18.280000686645508,18.40999984741211,17.649999618530273,17.809999465942383,0
2024-08-21,18.579999923706055,19.170000076293945,18.299999237060547,18.3700008392334,0
2024-08-22,19.360000610351562,19.610000610351562,18.350000381469727,18.3700008392334,0
2024-08-23,18.190000534057617,19.149999618530273,18.049999237060547,19.020000457763672,0
2024-08-26,18.25,18.68000030517578,18.06999969482422,18.200000762939453,0
2024-08-27,17.729999542236328,18.649999618530273,17.719999313354492,18.530000686645508,0
2024-08-28,18.899999618530273,19.270000457763672,17.739999771118164,17.809999465942383,0
2024-08-29,18.0,18.3799991607666,17.719999313354492,18.200000762939453,0
2024-08-30,17.43000030517578,18.170000076293945,17.3799991607666,17.75,0
2024-09-03,21.700000762939453,22.520000457763672,18.350000381469727,18.389999389648438,0
2024-09-04,22.06999969482422,22.709999084472656,20.440000534057617,22.709999084472656,0
2024-09-05,20.93000030517578,22.1200008392334,20.559999465942383,21.6299991607666,0
2024-09-06,22.739999771118164,23.729999542236328,20.139999389648438,20.31999969482422,0
2024-09-09,20.8799991607666,22.040000915527344,20.68000030517578,21.860000610351562,0
2024-09-10,20.549999237060547,21.8700008392334,20.510000228881836,20.729999542236328,0
2024-09-11,19.59000015258789,22.329999923706055,19.520000457763672,20.3700008392334,0
2024-09-12,19.479999542236328,20.15999984741211,19.280000686645508,19.799999237060547,0
2024-09-13,19.280000686645508,20.3700008392334,18.920000076293945,19.510000228881836,0
2024-09-16,19.809999465942383,20.209999084472656,19.6299991607666,19.670000076293945,0
2024-09-17,20.1299991607666,20.739999771118164,19.510000228881836,19.690000534057617,0
2024-09-18,20.350000381469727,23.139999389648438,19.540000915527344,20.59000015258789,0
2024-09-19,19.06999969482422,19.59000015258789,18.93000030517578,19.18000030517578,0
2024-09-20,18.940000534057617,19.260000228881836,18.709999084472656,19.1299991607666,0
2024-09-23,18.700000762939453,19.139999389648438,18.579999923706055,18.889999389648438,0
2024-09-24,18.469999313354492,19.170000076293945,18.399999618530273,18.649999618530273,0
2024-09-25,18.56999969482422,19.09000015258789,18.280000686645508,18.489999771118164,0
2024-09-26,18.450000762939453,18.959999084472656,18.3700008392334,18.540000915527344,0
2024-09-27,19.540000915527344,19.549999237060547,18.3799991607666,18.440000534057617,0
2024-09-30,19.219999313354492,19.989999771118164,19.110000610351562,19.56999969482422,0
2024-10-01,20.889999389648438,21.59000015258789,19.329999923706055,19.329999923706055,0
2024-10-02,20.59000015258789,21.799999237060547,20.520000457763672,21.280000686645508,0
2024-10-03,21.6299991607666,21.790000915527344,20.670000076293945,21.170000076293945,0
2024-10-04,20.649999618530273,21.389999389648438,20.389999389648438,20.90999984741211,0
2024-10-07,22.59000015258789,22.790000915527344,21.100000381469727,21.239999771118164,0
2024-10-08,21.520000457763672,21.979999542236328,21.31999969482422,21.81999969482422,0
2024-10-09,20.90999984741211,21.56999969482422,20.75,21.56999969482422,0
2024-10-10,21.020000457763672,21.260000228881836,20.860000610351562,21.010000228881836,0
2024-10-11,20.770000457763672,21.850000381469727,20.530000686645508,21.010000228881836,0
2024-10-14,20.1200008392334,20.690000534057617,19.989999771118164,20.68000030517578,0
2024-10-15,20.799999237060547,20.889999389648438,19.790000915527344,19.959999084472656,0
2024-10-16,20.31999969482422,21.049999237060547,20.290000915527344,20.950000762939453,0
2024-10-17,19.809999465942383,20.31999969482422,19.739999771118164,20.079999923706055,0
2024-10-18,19.190000534057617,19.84000015258789,19.15999984741211,19.729999542236328,0
2024-10-21,19.239999771118164,19.950000762939453,19.229999542236328,19.549999237060547,0
2024-10-22,19.170000076293945,19.899999618530273,19.0,19.84000015258789,0
2024-10-23,20.040000915527344,20.81999969482422,19.280000686645508,19.399999618530273,0
2024-10-24,19.850000381469727,20.770000457763672,19.760000228881836,19.799999237060547,0
2024-10-25,20.940000534057617,21.040000915527344,19.040000915527344,19.5,0
2024-10-28,20.170000076293945,20.469999313354492,19.84000015258789,20.100000381469727,0
2024-10-29,19.959999084472656,20.59000015258789,19.690000534057617,20.440000534057617,0
2024-10-30,20.760000228881836,20.809999465942383,19.989999771118164,20.389999389648438,0
2024-10-31,22.639999389648438,22.809999465942383,21.40999984741211,21.56999969482422,0
2024-11-01,21.90999984741211,22.1200008392334,21.239999771118164,21.979999542236328,0
2024-11-04,21.56999969482422,22.420000076293945,21.399999618530273,22.110000610351562,0
2024-11-05,20.190000534057617,21.31999969482422,20.1200008392334,21.31999969482422,0
2024-11-06,17.670000076293945,18.260000228881836,17.56999969482422,17.649999618530273,0
2024-11-07,16.950000762939453,17.3700008392334,16.899999618530273,17.280000686645508,0
2024-11-08,16.829999923706055,16.979999542236328,16.68000030517578,16.739999771118164,0
2024-11-11,16.799999237060547,17.040000915527344,16.700000762939453,16.8799991607666,0
2024-11-12,16.709999084472656,17.18000030517578,16.700000762939453,16.90999984741211,0
2024-11-13,16.510000228881836,17.010000228881836,16.3700008392334,16.790000915527344,0
2024-11-14,16.68000030517578,16.68000030517578,16.18000030517578,16.489999771118164,0
2024-11-15,17.809999465942383,18.709999084472656,16.81999969482422,16.93000030517578,0
2024-11-18,17.190000534057617,17.989999771118164,17.0,17.959999084472656,0
2024-11-19,17.690000534057617,18.260000228881836,17.280000686645508,18.219999313354492,0
2024-11-20,18.260000228881836,19.65999984741211,17.709999084472656,17.809999465942383,0
2024-11-21,18.18000030517578,19.0,17.520000457763672,17.6200008392334,0
2024-11-22,17.299999237060547,18.06999969482422,17.299999237060547,17.959999084472656,0
2024-11-25,16.8700008392334,17.6200008392334,16.860000610351562,17.049999237060547,0
2024-11-26,16.530000686645508,16.799999237060547,16.43000030517578,16.799999237060547,0
2024-11-27,16.600000381469727,17.149999618530273,16.579999923706055,16.649999618530273,0
2024-11-29,16.260000228881836,16.6299991607666,16.25,16.6299991607666,0
2024-12-02,16.34000015258789,16.75,16.31999969482422,16.520000457763672,0
2024-12-03,16.239999771118164,16.649999618530273,16.190000534057617,16.469999313354492,0
2024-12-04,16.389999389648438,16.440000534057617,15.819999694824219,16.229999542236328,0
2024-12-05,16.579999923706055,16.59000015258789,16.399999618530273,16.479999542236328,0
2024-12-06,16.31999969482422,16.420000076293945,16.200000762939453,16.299999237060547,0
2024-12-09,17.09000015258789,17.1200008392334,16.559999465942383,16.610000610351562,0
2024-12-10,16.979999542236328,17.190000534057617,16.860000610351562,17.040000915527344,0
2024-12-11,16.8799991607666,16.93000030517578,16.579999923706055,16.670000076293945,0
2024-12-12,17.350000381469727,17.350000381469727,16.790000915527344,16.8799991607666,0
2024-12-13,17.149999618530273,17.350000381469727,16.739999771118164,16.850000381469727,0
2024-12-16,17.56999969482422,17.56999969482422,17.209999084472656,17.299999237060547,0
2024-12-17,18.1299991607666,18.18000030517578,17.75,17.90999984741211,0
2024-12-18,24.239999771118164,24.989999771118164,17.329999923706055,18.040000915527344,0
2024-12-19,24.139999389648438,24.149999618530273,20.6299991607666,20.889999389648438,0
2024-12-20,20.100000381469727,23.93000030517578,19.739999771118164,23.93000030517578,0
2024-12-23,18.649999618530273,20.84000015258789,18.649999618530273,19.850000381469727,0
2024-12-24,17.200000762939453,18.5,17.15999984741211,18.469999313354492,0
2024-12-26,17.360000610351562,18.030000686645508,17.190000534057617,17.540000915527344,0
2024-12-27,18.06999969482422,19.5,18.010000228881836,18.040000915527344,0
2024-12-30,18.940000534057617,20.219999313354492,18.229999542236328,19.700000762939453,0
2024-12-31,18.979999542236328,19.25,18.270000457763672,18.549999237060547,0
2025-01-02,19.329999923706055,20.510000228881836,18.540000915527344,18.709999084472656,0
2025-01-03,18.139999389648438,19.1299991607666,18.100000381469727,18.940000534057617,0
2025-01-06,18.030000686645508,18.719999313354492,17.700000762939453,17.989999771118164,0
2025-01-07,19.190000534057617,19.850000381469727,17.809999465942383,17.81999969482422,0
2025-01-08,19.34000015258789,20.670000076293945,19.100000381469727,19.739999771118164,0
2025-01-10,20.969999313354492,21.530000686645508,19.950000762939453,20.389999389648438,0
2025-01-13,20.43000030517578,22.190000534057617,20.350000381469727,22.139999389648438,0
2025-01-14,19.989999771118164,20.799999237060547,19.65999984741211,20.110000610351562,0
2025-01-15,18.229999542236328,18.739999771118164,18.06999969482422,18.700000762939453,0
2025-01-16,18.350000381469727,18.350000381469727,17.829999923706055,18.209999084472656,0
2025-01-17,18.190000534057617,18.190000534057617,17.760000228881836,17.809999465942383,0
2025-01-21,17.5,18.139999389648438,17.43000030517578,17.979999542236328,0
2025-01-22,17.809999465942383,17.829999923706055,17.489999771118164,17.81999969482422,0
2025-01-23,17.520000457763672,17.780000686645508,17.40999984741211,17.760000228881836,0
2025-01-24,17.549999237060547,17.75,17.350000381469727,17.469999313354492,0
2025-01-27,18.969999313354492,20.309999465942383,18.850000381469727,20.309999465942383,0
2025-01-28,18.1299991607666,19.3799991607666,17.979999542236328,18.760000228881836,0
2025-01-29,18.149999618530273,19.049999237060547,17.860000610351562,18.280000686645508,0
2025-01-30,17.90999984741211,18.200000762939453,17.479999542236328,17.739999771118164,0
2025-01-31,18.43000030517578,18.790000915527344,17.389999389648438,17.579999923706055,0
2025-02-03,19.549999237060547,21.229999542236328,18.84000015258789,20.329999923706055,0
2025-02-04,18.639999389648438,19.709999084472656,18.420000076293945,19.290000915527344,0
2025-02-05,17.959999084472656,19.889999389648438,17.950000762939453,18.670000076293945,0
2025-02-06,17.940000534057617,18.989999771118164,17.739999771118164,17.920000076293945,0
2025-02-07,18.6299991607666,21.280000686645508,17.610000610351562,17.709999084472656,0
2025-02-10,18.229999542236328,18.540000915527344,18.149999618530273,18.3700008392334,0
2025-02-11,18.280000686645508,18.540000915527344,18.079999923706055,18.520000457763672,0
2025-02-12,18.309999465942383,19.0,18.110000610351562,18.969999313354492,0
2025-02-13,17.84000015258789,18.690000534057617,17.780000686645508,18.25,0
2025-02-14,17.809999465942383,18.010000228881836,17.719999313354492,17.860000610351562,0
2025-02-18,17.81999969482422,18.270000457763672,17.81999969482422,18.100000381469727,0
2025-02-19,17.93000030517578,18.770000457763672,17.760000228881836,18.15999984741211,0
2025-02-20,18.010000228881836,18.610000610351562,17.850000381469727,18.010000228881836,0
2025-02-21,19.479999542236328,19.829999923706055,17.989999771118164,18.030000686645508,0
2025-02-24,19.860000610351562,20.43000030517578,18.829999923706055,19.110000610351562,0
2025-02-25,20.030000686645508,21.260000228881836,19.700000762939453,20.040000915527344,0
2025-02-26,19.75,20.389999389648438,19.06999969482422,20.030000686645508,0
2025-02-27,21.219999313354492,21.290000915527344,19.209999084472656,19.299999237060547,0
2025-02-28,20.18000030517578,21.8700008392334,19.950000762939453,21.360000610351562,0
2025-03-03,22.18000030517578,23.170000076293945,19.889999389648438,20.100000381469727,0
2025-03-04,22.780000686645508,24.829999923706055,21.5,23.25,0
2025-03-05,21.719999313354492,23.59000015258789,21.350000381469727,22.989999771118164,0
2025-03-06,23.700000762939453,24.3799991607666,22.479999542236328,23.100000381469727,0
2025-03-07,22.59000015258789,24.65999984741211,22.389999389648438,23.780000686645508,0
2025-03-10,25.719999313354492,26.610000610351562,24.18000030517578,24.469999313354492,0
2025-03-11,25.34000015258789,27.010000228881836,24.739999771118164,25.799999237060547,0
2025-03-12,23.670000076293945,25.290000915527344,23.3799991607666,24.3700008392334,0
2025-03-13,24.059999465942383,24.860000610351562,23.110000610351562,23.809999465942383,0
2025-03-14,22.170000076293945,23.860000610351562,21.93000030517578,23.510000228881836,0
2025-03-17,21.299999237060547,22.18000030517578,21.030000686645508,22.18000030517578,0
2025-03-18,21.969999313354492,22.450000762939453,21.6299991607666,21.709999084472656,0
2025-03-19,20.829999923706055,22.450000762939453,20.350000381469727,21.809999465942383,0
2025-03-20,20.709999084472656,21.56999969482422,20.309999465942383,21.540000915527344,0
2025-03-21,20.350000381469727,21.440000534057617,20.290000915527344,21.31999969482422,0
2025-03-24,19.040000915527344,19.90999984741211,18.979999542236328,19.90999984741211,0
2025-03-25,19.049999237060547,19.15999984741211,18.719999313354492,18.889999389648438,0
2025-03-26,19.84000015258789,20.290000915527344,18.93000030517578,19.06999969482422,0
2025-03-27,19.889999389648438,20.489999771118164,19.469999313354492,20.1200008392334,0
2025-03-28,22.010000228881836,22.100000381469727,20.09000015258789,20.260000228881836,0
2025-03-31,21.969999313354492,23.889999389648438,21.56999969482422,23.309999465942383,0
2025-04-01,21.81999969482422,22.979999542236328,21.489999771118164,22.360000610351562,0
2025-04-02,21.450000762939453,22.989999771118164,20.920000076293945,22.989999771118164,0
2025-04-03,27.3799991607666,27.389999389648438,24.719999313354492,25.079999923706055,0
2025-04-04,36.709999084472656,36.86000061035156,30.899999618530273,31.670000076293945,0
2025-04-07,36.880001068115234,42.11000061035156,26.5,39.97999954223633,0
2025-04-08,41.5,45.029998779296875,31.299999237060547,31.90999984741211,0
2025-04-09,29.920000076293945,42.939998626708984,24.959999084472656,41.630001068115234,0
2025-04-10,35.709999084472656,43.029998779296875,31.690000534057617,32.22999954223633,0
2025-04-11,33.90999984741211,39.400001525878906,33.84000015258789,37.36000061035156,0
2025-04-14,29.6299991607666,32.56999969482422,29.079999923706055,30.329999923706055,0
2025-04-15,29.0,29.290000915527344,27.959999084472656,29.25,0
2025-04-16,30.940000534057617,32.20000076293945,28.84000015258789,30.149999618530273,0
2025-04-17,29.350000381469727,30.889999389648438,29.329999923706055,30.110000610351562,0
2025-04-21,31.829999923706055,32.81999969482422,30.489999771118164,30.489999771118164,0
2025-04-22,29.450000762939453,30.440000534057617,29.190000534057617,30.3700008392334,0
2025-04-23,28.020000457763672,28.979999542236328,27.09000015258789,27.639999389648438,0
2025-04-24,26.440000534057617,27.670000076293945,26.34000015258789,27.670000076293945,0
2025-04-25,25.3700008392334,27.09000015258789,25.3700008392334,26.65999984741211,0
2025-04-28,25.729999542236328,26.8700008392334,25.209999084472656,25.3700008392334,0
2025-04-29,25.219999313354492,26.079999923706055,24.950000762939453,26.079999923706055,0
2025-04-30,25.540000915527344,27.81999969482422,25.299999237060547,26.719999313354492,0
2025-05-01,25.489999771118164,25.8700008392334,24.68000030517578,25.1200008392334,0
2025-05-02,24.0,24.65999984741211,23.889999389648438,24.399999618530273,0
2025-05-05,24.549999237060547,24.940000534057617,23.989999771118164,24.770000457763672,0
2025-05-06,25.40999984741211,25.56999969482422,24.770000457763672,25.34000015258789,0
2025-05-07,24.700000762939453,25.780000686645508,24.479999542236328,25.450000762939453,0
2025-05-08,23.760000228881836,24.559999465942383,23.299999237060547,24.229999542236328,0
2025-05-09,23.3799991607666,23.799999237060547,23.229999542236328,23.530000686645508,0
2025-05-12,20.219999313354492,21.649999618530273,20.040000915527344,21.6299991607666,0
2025-05-13,20.09000015258789,20.110000610351562,19.5,19.959999084472656,0
2025-05-14,20.579999923706055,20.690000534057617,20.06999969482422,20.1200008392334,0
2025-05-15,20.25,21.030000686645508,20.190000534057617,20.90999984741211,0
2025-05-16,20.079999923706055,20.350000381469727,19.889999389648438,20.239999771118164,0
2025-05-19,20.690000534057617,21.530000686645508,20.5,21.520000457763672,0
2025-05-20,20.719999313354492,21.1299991607666,20.469999313354492,20.700000762939453,0
2025-05-21,22.65999984741211,22.739999771118164,20.670000076293945,21.360000610351562,0
2025-05-22,22.31999969482422,23.1200008392334,21.790000915527344,22.889999389648438,0
2025-05-23,23.799999237060547,24.68000030517578,23.059999465942383,24.68000030517578,0
2025-05-27,21.290000915527344,22.670000076293945,21.280000686645508,22.43000030517578,0
2025-05-28,21.670000076293945,21.739999771118164,21.239999771118164,21.389999389648438,0
2025-05-29,21.6200008392334,22.1299991607666,21.190000534057617,21.290000915527344,0
2025-05-30,21.3799991607666,22.5,21.34000015258789,21.950000762939453,0
2025-06-02,21.09000015258789,22.270000457763672,21.079999923706055,21.809999465942383,0
2025-06-03,20.719999313354492,21.270000457763672,20.639999389648438,21.079999923706055,0
2025-06-04,20.65999984741211,20.889999389648438,20.450000762939453,20.579999923706055,0
2025-06-05,21.110000610351562,21.260000228881836,20.059999465942383,20.440000534057617,0
2025-06-06,20.020000457763672,20.399999618530273,19.850000381469727,20.270000457763672,0
2025-06-09,20.09000015258789,20.350000381469727,19.81999969482422,20.25,0
2025-06-10,19.940000534057617,20.309999465942383,19.75,20.040000915527344,0
2025-06-11,20.299999237060547,20.649999618530273,19.459999084472656,19.68000030517578,0
2025-06-12,20.649999618530273,20.829999923706055,20.270000457763672,20.719999313354492,0
2025-06-13,22.6200008392334,23.049999237060547,21.239999771118164,21.979999542236328,0
2025-06-16,21.229999542236328,22.329999923706055,20.93000030517578,21.68000030517578,0
2025-06-17,22.90999984741211,23.030000686645508,21.610000610351562,21.950000762939453,0
2025-06-18,21.969999313354492,22.850000381469727,21.719999313354492,22.700000762939453,0
2025-06-20,22.479999542236328,22.770000457763672,21.420000076293945,21.59000015258789,0
2025-06-23,21.81999969482422,23.40999984741211,21.75,22.649999618530273,0
2025-06-24,20.049999237060547,20.850000381469727,20.020000457763672,20.65999984741211,0
2025-06-25,19.670000076293945,20.040000915527344,19.6200008392334,19.81999969482422,0
2025-06-26,19.450000762939453,19.510000228881836,19.149999618530273,19.469999313354492,0
2025-06-27,19.450000762939453,19.920000076293945,19.219999313354492,19.280000686645508,0
2025-06-30,19.440000534057617,19.739999771118164,19.25,19.510000228881836,0
2025-07-01,19.510000228881836,19.639999389648438,19.229999542236328,19.6200008392334,0
2025-07-02,19.350000381469727,19.649999618530273,19.229999542236328,19.579999923706055,0
2025-07-03,19.209999084472656,19.270000457763672,18.979999542236328,19.020000457763672,0
2025-07-07,20.209999084472656,20.6200008392334,19.920000076293945,19.969999313354492,0
2025-07-08,19.579999923706055,19.799999237060547,19.360000610351562,19.770000457763672,0
2025-07-09,19.020000457763672,19.389999389648438,18.959999084472656,19.059999465942383,0
2025-07-10,18.920000076293945,19.100000381469727,18.6200008392334,19.0,0
2025-07-11,19.3700008392334,19.600000381469727,19.09000015258789,19.489999771118164,0
2025-07-14,19.84000015258789,20.020000457763672,19.690000534057617,19.889999389648438,0
2025-07-15,20.059999465942383,20.06999969482422,19.479999542236328,19.479999542236328,0
2025-07-16,20.09000015258789,21.56999969482422,19.739999771118164,19.739999771118164,0
2025-07-17,19.690000534057617,20.079999923706055,19.670000076293945,20.079999923706055,0
2025-07-18,19.579999923706055,19.84000015258789,19.479999542236328,19.59000015258789,0
2025-07-21,19.510000228881836,19.6299991607666,19.200000762939453,19.6200008392334,0
2025-07-22,19.530000686645508,20.079999923706055,19.43000030517578,19.639999389648438,0
2025-07-23,18.559999465942383,19.299999237060547,18.549999237060547,19.270000457763672,0
2025-07-24,18.559999465942383,18.889999389648438,18.31999969482422,18.420000076293945,0
2025-07-25,18.31999969482422,18.559999465942383,18.260000228881836,18.540000915527344,0
2025-07-28,18.15999984741211,18.440000534057617,18.110000610351562,18.260000228881836,0
2025-07-29,18.770000457763672,18.81999969482422,17.940000534057617,17.969999313354492,0
2025-07-30,18.350000381469727,19.329999923706055,18.31999969482422,18.709999084472656,0
2025-07-31,19.139999389648438,19.309999465942383,18.18000030517578,18.350000381469727,0
2025-08-01,21.239999771118164,21.959999084472656,20.530000686645508,20.579999923706055,0
2025-08-04,19.610000610351562,20.40999984741211,19.59000015258789,20.40999984741211,0
2025-08-05,20.030000686645508,20.56999969482422,19.579999923706055,19.719999313354492,0
2025-08-06,19.469999313354492,20.09000015258789,19.299999237060547,20.079999923706055,0
2025-08-07,19.350000381469727,19.940000534057617,19.0,19.110000610351562,0
2025-08-08,18.700000762939453,19.219999313354492,18.700000762939453,19.15999984741211,0
2025-08-11,19.25,19.360000610351562,18.8700008392334,19.1200008392334,0
2025-08-12,18.34000015258789,18.979999542236328,18.329999923706055,18.799999237060547,0
2025-08-13,18.329999923706055,18.479999542236328,18.1200008392334,18.190000534057617,0
2025-08-14,18.489999771118164,18.75,18.219999313354492,18.739999771118164,0
2025-08-15,18.639999389648438,18.690000534057617,18.31999969482422,18.360000610351562,0
2025-08-18,18.450000762939453,18.899999618530273,18.399999618530273,18.8799991607666,0
2025-08-19,18.899999618530273,19.09000015258789,18.299999237060547,18.479999542236328,0
2025-08-20,19.100000381469727,19.979999542236328,19.020000457763672,19.100000381469727,0
2025-08-21,19.40999984741211,19.84000015258789,19.18000030517578,19.639999389648438,0
2025-08-22,17.760000228881836,19.329999923706055,17.75,19.329999923706055,0
2025-08-25,18.020000457763672,18.110000610351562,17.639999389648438,18.049999237060547,0
2025-08-26,17.899999618530273,18.280000686645508,17.899999618530273,18.280000686645508,0
2025-08-27,17.940000534057617,18.149999618530273,17.8700008392334,18.09000015258789,0
2025-08-28,17.719999313354492,17.979999542236328,17.610000610351562,17.670000076293945,0
2025-08-29,18.350000381469727,18.549999237060547,17.780000686645508,17.860000610351562,0
2025-09-02,19.3799991607666,20.6200008392334,19.31999969482422,20.510000228881836,0
2025-09-03,18.93000030517578,19.530000686645508,18.93000030517578,19.479999542236328,0
2025-09-04,18.389999389648438,19.110000610351562,18.299999237060547,18.940000534057617,0
2025-09-05,18.420000076293945,19.31999969482422,17.989999771118164,18.049999237060547,0
2025-09-08,18.290000915527344,18.600000381469727,18.209999084472656,18.600000381469727,0
2025-09-09,18.270000457763672,18.739999771118164,18.239999771118164,18.510000228881836,0
2025-09-10,18.440000534057617,18.610000610351562,18.09000015258789,18.260000228881836,0
2025-09-11,18.030000686645508,18.260000228881836,17.969999313354492,18.170000076293945,0
2025-09-12,18.059999465942383,18.190000534057617,17.84000015258789,18.139999389648438,0
2025-09-15,18.530000686645508,18.579999923706055,18.09000015258789,18.09000015258789,0
2025-09-16,18.90999984741211,18.979999542236328,18.610000610351562,18.610000610351562,0
2025-09-17,18.440000534057617,19.209999084472656,18.200000762939453,18.799999237060547,0
2025-09-18,18.520000457763672,18.56999969482422,18.06999969482422,18.260000228881836,0
2025-09-19,18.479999542236328,18.850000381469727,18.31999969482422,18.34000015258789,0
2025-09-22,18.950000762939453,18.959999084472656,18.65999984741211,18.84000015258789,0
2025-09-23,19.440000534057617,19.690000534057617,18.950000762939453,18.959999084472656,0
2025-09-24,19.139999389648438,19.799999237060547,19.139999389648438,19.25,0
2025-09-25,19.459999084472656,20.059999465942383,19.110000610351562,19.75,0
2025-09-26,18.40999984741211,19.489999771118164,18.40999984741211,19.299999237060547,0
2025-09-29,18.760000228881836,18.899999618530273,18.489999771118164,18.56999969482422,0
2025-09-30,18.770000457763672,19.049999237060547,18.530000686645508,18.920000076293945,0
2025-10-01,18.760000228881836,19.049999237060547,18.510000228881836,19.0,0
2025-10-02,18.889999389648438,19.09000015258789,18.540000915527344,18.600000381469727,0
2025-10-03,19.079999923706055,19.290000915527344,18.770000457763672,18.8700008392334,0
2025-10-06,19.1200008392334,19.3700008392334,19.059999465942383,19.15999984741211,0
2025-10-07,19.709999084472656,19.790000915527344,19.020000457763672,19.06999969482422,0
2025-10-08,19.260000228881836,19.719999313354492,19.219999313354492,19.559999465942383,0
2025-10-09,19.3799991607666,19.850000381469727,19.219999313354492,19.239999771118164,0
2025-10-10,22.809999465942383,23.1299991607666,19.299999237060547,19.459999084472656,0
2025-10-13,20.93000030517578,21.75,20.65999984741211,21.59000015258789,0
2025-10-14,22.030000686645508,23.299999237060547,21.09000015258789,22.479999542236328,0
2025-10-15,21.940000534057617,22.979999542236328,20.950000762939453,21.190000534057617,0
2025-10-16,24.8700008392334,24.940000534057617,21.600000381469727,21.68000030517578,0
2025-10-17,22.09000015258789,24.68000030517578,22.06999969482422,24.239999771118164,0
2025-10-20,20.309999465942383,21.469999313354492,20.299999237060547,21.469999313354492,0
2025-10-21,19.989999771118164,20.649999618530273,19.790000915527344,20.440000534057617,0
2025-10-22,20.309999465942383,21.610000610351562,20.170000076293945,20.389999389648438,0
2025-10-23,19.649999618530273,20.520000457763672,19.540000915527344,20.469999313354492,0
2025-10-24,19.200000762939453,19.360000610351562,18.979999542236328,19.15999984741211,0
2025-10-27,18.989999771118164,19.1200008392334,18.709999084472656,18.729999542236328,0
2025-10-28,19.549999237060547,19.59000015258789,18.950000762939453,18.989999771118164,0
2025-10-29,19.829999923706055,20.1200008392334,19.440000534057617,19.56999969482422,0
2025-10-30,19.979999542236328,20.290000915527344,19.579999923706055,19.8700008392334,0
2025-10-31,20.489999771118164,21.06999969482422,19.68000030517578,19.68000030517578,0
2025-11-03,20.3799991607666,21.209999084472656,20.280000686645508,20.34000015258789,0
2025-11-04,21.290000915527344,21.690000534057617,20.760000228881836,21.43000030517578,0
2025-11-05,20.600000381469727,21.420000076293945,20.170000076293945,21.34000015258789,0
2025-11-06,21.350000381469727,21.850000381469727,20.6200008392334,20.719999313354492,0
2025-11-07,21.190000534057617,23.020000457763672,21.190000534057617,22.219999313354492,0
2025-11-10,20.239999771118164,20.770000457763672,20.219999313354492,20.56999969482422,0
2025-11-11,20.190000534057617,20.389999389648438,20.15999984741211,20.350000381469727,0
2025-11-12,20.34000015258789,20.59000015258789,20.1299991607666,20.1299991607666,0
2025-11-13,21.850000381469727,22.520000457763672,20.520000457763672,20.709999084472656,0
2025-11-14,21.579999923706055,23.549999237060547,21.3700008392334,23.170000076293945,0
2025-11-17,23.18000030517578,23.719999313354492,21.739999771118164,22.360000610351562,0
2025-11-18,24.540000915527344,25.290000915527344,23.540000915527344,24.079999923706055,0
2025-11-19,23.989999771118164,24.81999969482422,23.170000076293945,24.350000381469727,0
2025-11-20,25.760000228881836,26.31999969482422,21.510000228881836,21.690000534057617,0
2025-11-21,23.959999084472656,26.690000534057617,23.540000915527344,25.0,0
2025-11-24,21.850000381469727,23.31999969482422,21.780000686645508,23.31999969482422,0
2025-11-25,20.729999542236328,22.600000381469727,20.65999984741211,21.780000686645508,0
2025-11-26,20.020000457763672,20.520000457763672,19.8700008392334,20.3700008392334,0
2025-11-28,19.639999389648438,22.020000457763672,10.0600004196167,20.729999542236328,0
2025-12-01,20.219999313354492,20.600000381469727,19.81999969482422,20.56999969482422,0
2025-12-02,19.84000015258789,20.25,19.729999542236328,20.0,0
2025-12-03,19.709999084472656,20.15999984741211,19.6200008392334,20.1299991607666,0
2025-12-04,19.489999771118164,20.0,19.469999313354492,19.68000030517578,0
2025-12-05,19.270000457763672,19.670000076293945,19.229999542236328,19.459999084472656,0
2025-12-08,19.90999984741211,20.139999389648438,19.639999389648438,19.649999618530273,0
2025-12-09,20.079999923706055,20.219999313354492,19.799999237060547,20.170000076293945,0
2025-12-10,19.350000381469727,20.459999084472656,19.200000762939453,20.290000915527344,0
2025-12-11,19.049999237060547,19.989999771118164,18.899999618530273,19.65999984741211,0
2025-12-12,19.25,20.469999313354492,18.920000076293945,19.079999923706055,0
2025-12-15,19.68000030517578,20.170000076293945,19.299999237060547,19.309999465942383,0
2025-12-16,19.670000076293945,20.309999465942383,19.5,19.920000076293945,0
2025-12-17,20.079999923706055,20.350000381469727,19.450000762939453,19.59000015258789,0
2025-12-18,19.59000015258789,20.020000457763672,19.25,19.510000228881836,0
2025-12-19,18.25,19.049999237060547,18.25,19.049999237060547,0
2025-12-22,17.790000915527344,18.190000534057617,17.75,18.15999984741211,0
2025-12-23,17.84000015258789,17.899999618530273,17.6299991607666,17.809999465942383,0
2025-12-24,17.770000457763672,17.93000030517578,17.6299991607666,17.93000030517578,0
2025-12-26,17.770000457763672,18.049999237060547,17.709999084472656,17.93000030517578,0
2025-12-29,17.81999969482422,18.290000915527344,17.649999618530273,18.260000228881836,0
2025-12-30,17.770000457763672,17.889999389648438,17.549999237060547,17.8799991607666,0
2025-12-31,18.18000030517578,18.309999465942383,17.829999923706055,17.84000015258789,0
2026-01-02,18.020000457763672,18.5,17.959999084472656,18.010000228881836,0
2026-01-05,18.31999969482422,18.3700008392334,18.110000610351562,18.170000076293945,0
2026-01-06,18.149999618530273,18.3700008392334,18.020000457763672,18.34000015258789,0
2026-01-07,18.59000015258789,18.6299991607666,18.219999313354492,18.309999465942383,0
2026-01-08,18.389999389648438,18.799999237060547,18.290000915527344,18.719999313354492,0
2026-01-09,17.8799991607666,18.540000915527344,17.850000381469727,18.3799991607666,0
2026-01-12,18.229999542236328,18.579999923706055,18.18000030517578,18.56999969482422,0
2026-01-13,18.850000381469727,19.110000610351562,18.190000534057617,18.190000534057617,0
2026-01-14,19.3700008392334,20.229999542236328,19.260000228881836,19.469999313354492,0
2026-01-15,18.899999618530273,18.989999771118164,18.510000228881836,18.780000686645508,0
2026-01-16,18.989999771118164,19.229999542236328,18.649999618530273,18.799999237060547,0
2026-01-20,21.280000686645508,21.75,20.479999542236328,21.15999984741211,0
2026-01-21,19.360000610351562,20.969999313354492,19.25,20.649999618530273,0
2026-01-22,18.75,19.209999084472656,18.6200008392334,18.81999969482422,0
2026-01-23,19.149999618530273,19.149999618530273,18.549999237060547,18.899999618530273,0
2026-01-26,19.06999969482422,19.09000015258789,18.790000915527344,19.040000915527344,0
2026-01-27,19.219999313354492,19.229999542236328,18.760000228881836,18.940000534057617,0
2026-01-28,19.299999237060547,19.760000228881836,19.079999923706055,19.270000457763672,0
2026-01-29,19.670000076293945,21.1299991607666,19.540000915527344,19.649999618530273,0
2026-01-30,20.06999969482422,20.479999542236328,19.479999542236328,19.889999389648438,0
2026-02-02,19.3700008392334,20.399999618530273,19.190000534057617,20.3700008392334,0
2026-02-03,20.350000381469727,21.540000915527344,19.34000015258789,19.360000610351562,0
2026-02-04,20.6200008392334,22.010000228881836,20.190000534057617,20.350000381469727,0
2026-02-05,22.450000762939453,23.020000457763672,21.3700008392334,22.43000030517578,0
2026-02-06,20.3700008392334,21.559999465942383,20.1200008392334,21.559999465942383,0
2026-02-09,20.09000015258789,21.020000457763672,19.8799991607666,21.0,0
2026-02-10,20.43000030517578,20.510000228881836,20.0,20.139999389648438,0
2026-02-11,20.3700008392334,20.989999771118164,19.899999618530273,19.93000030517578,0
2026-02-12,22.170000076293945,22.350000381469727,20.030000686645508,20.190000534057617,0
2026-02-13,22.170000076293945,23.010000228881836,21.059999465942383,22.239999771118164,0
2026-02-17,21.600000381469727,23.18000030517578,21.329999923706055,22.520000457763672,0
2026-02-18,21.389999389648438,21.719999313354492,20.729999542236328,21.549999237060547,0
2026-02-19,21.8799991607666,22.3700008392334,21.709999084472656,21.860000610351562,0
2026-02-20,21.09000015258789,22.389999389648438,20.969999313354492,22.389999389648438,0
2026-02-23,22.139999389648438,22.520000457763672,21.1299991607666,21.25,0
2026-02-24,21.34000015258789,22.65999984741211,21.149999618530273,22.399999618530273,0
2026-02-25,20.360000610351562,20.920000076293945,20.34000015258789,20.81999969482422,0
2026-02-26,20.809999465942383,21.75,20.40999984741211,20.459999084472656,0
2026-02-27,21.559999465942383,22.469999313354492,21.360000610351562,22.190000534057617,0
2026-03-02,22.440000534057617,23.520000457763672,21.760000228881836,23.520000457763672,0
2026-03-03,23.540000915527344,26.34000015258789,22.780000686645508,24.43000030517578,0
2026-03-04,22.290000915527344,23.479999542236328,21.84000015258789,23.0,0
2026-03-05,23.860000610351562,24.940000534057617,22.43000030517578,23.010000228881836,0
2026-03-06,27.559999465942383,27.75,24.989999771118164,26.079999923706055,0
2026-03-09,25.34000015258789,29.09000015258789,24.860000610351562,28.040000915527344,0
2026-03-10,25.510000228881836,25.84000015258789,23.540000915527344,24.940000534057617,0
2026-03-11,24.969999313354492,25.979999542236328,24.93000030517578,25.290000915527344,0
2026-03-12,26.950000762939453,26.989999771118164,25.799999237060547,26.270000457763672,0
2026-03-13,27.280000686645508,27.34000015258789,25.510000228881836,25.920000076293945,0
2026-03-16,24.920000076293945,25.979999542236328,24.670000076293945,25.979999542236328,0
2026-03-17,24.329999923706055,24.579999923706055,23.8700008392334,24.260000228881836,0
2026-03-18,26.559999465942383,26.56999969482422,24.81999969482422,25.0,0
2026-03-19,25.540000915527344,28.030000686645508,25.190000534057617,27.959999084472656,0
2026-03-20,27.43000030517578,28.610000610351562,25.90999984741211,26.06999969482422,0
2026-03-23,26.100000381469727,26.59000015258789,24.729999542236328,25.600000381469727,0
2026-03-24,26.559999465942383,27.200000762939453,25.790000915527344,26.860000610351562,0
2026-03-25,25.6299991607666,26.399999618530273,25.290000915527344,25.530000686645508,0
2026-03-26,27.15999984741211,27.690000534057617,25.969999313354492,26.520000457763672,0
2026-03-27,29.270000457763672,29.459999084472656,27.860000610351562,28.420000076293945,0
2026-03-30,29.1299991607666,29.40999984741211,27.969999313354492,28.100000381469727,0
2026-03-31,25.549999237060547,27.579999923706055,25.479999542236328,27.3700008392334,0
2026-04-01,24.860000610351562,25.600000381469727,24.440000534057617,25.239999771118164,0
2026-04-02,24.719999313354492,26.850000381469727,24.670000076293945,26.670000076293945,0
2026-04-06,24.770000457763672,25.479999542236328,24.59000015258789,25.309999465942383,0
2026-04-07,25.56999969482422,26.899999618530273,25.450000762939453,25.450000762939453,0
2026-04-08,22.68000030517578,23.8700008392334,22.219999313354492,22.3799991607666,0
2026-04-09,21.809999465942383,22.93000030517578,21.670000076293945,22.889999389648438,0
2026-04-10,21.860000610351562,22.219999313354492,21.3799991607666,21.479999542236328,0
2026-04-13,21.34000015258789,22.860000610351562,21.18000030517578,22.559999465942383,0
2026-04-14,20.81999969482422,20.969999313354492,20.389999389648438,20.56999969482422,0
2026-04-15,20.780000686645508,21.079999923706055,20.280000686645508,20.280000686645508,0
2026-04-16,20.770000457763672,21.469999313354492,20.559999465942383,20.850000381469727,0
2026-04-17,20.510000228881836,20.709999084472656,20.170000076293945,20.520000457763672,0
2026-04-20,21.239999771118164,21.670000076293945,21.010000228881836,21.059999465942383,0
2026-04-21,21.510000228881836,22.280000686645508,21.190000534057617,21.31999969482422,0
2026-04-22,21.239999771118164,21.520000457763672,21.040000915527344,21.170000076293945,0
2026-04-23,21.479999542236328,22.690000534057617,21.110000610351562,21.40999984741211,0
2026-04-24,21.299999237060547,21.469999313354492,20.899999618530273,21.329999923706055,0
2026-04-27,20.770000457763672,21.59000015258789,20.770000457763672,21.43000030517578,0
2026-04-28,20.489999771118164,21.389999389648438,20.459999084472656,21.389999389648438,0
2026-04-29,21.190000534057617,21.190000534057617,20.43000030517578,20.739999771118164,0
2026-04-30,20.079999923706055,20.940000534057617,20.06999969482422,20.700000762939453,0
2026-05-01,20.3700008392334,20.43000030517578,19.84000015258789,19.979999542236328,0
2026-05-04,21.049999237060547,21.479999542236328,20.219999313354492,20.719999313354492,0
2026-05-05,20.81999969482422,20.850000381469727,20.469999313354492,20.479999542236328,0
2026-05-06,20.56999969482422,20.6200008392334,20.309999465942383,20.389999389648438,0
2026-05-07,20.350000381469727,20.709999084472656,20.079999923706055,20.450000762939453,0
2026-05-08,20.5,20.65999984741211,20.25,20.399999618530273,0
2026-05-11,21.239999771118164,21.290000915527344,20.850000381469727,21.010000228881836,0
2026-05-12,21.040000915527344,21.68000030517578,21.0,21.440000534057617,0
2026-05-13,21.18000030517578,21.260000228881836,20.969999313354492,21.18000030517578,0
2026-05-14,20.850000381469727,21.360000610351562,20.780000686645508,21.270000457763672,0
2026-05-15,21.360000610351562,21.829999923706055,21.059999465942383,21.75,0
2026-05-18,20.920000076293945,21.469999313354492,20.860000610351562,21.329999923706055,0
2026-05-19,21.1200008392334,21.270000457763672,20.899999618530273,21.170000076293945,0
2026-05-20,20.760000228881836,21.1299991607666,20.360000610351562,21.059999465942383,0
2026-05-21,20.0,20.979999542236328,19.93000030517578,20.950000762939453,0
2026-05-22,20.030000686645508,20.959999084472656,19.850000381469727,20.040000915527344,0
2026-05-26,19.889999389648438,19.989999771118164,19.700000762939453,19.829999923706055,0
2026-05-27,19.450000762939453,19.90999984741211,19.450000762939453,19.860000610351562,0
2026-05-28,19.110000610351562,19.600000381469727,19.09000015258789,19.559999465942383,0
2026-05-29,18.65999984741211,19.09000015258789,18.610000610351562,19.049999237060547,0
2026-06-01,19.43000030517578,19.450000762939453,19.040000915527344,19.25,0
2026-06-02,19.489999771118164,19.530000686645508,19.3799991607666,19.5,0
2026-06-03,19.760000228881836,19.989999771118164,19.549999237060547,19.729999542236328,0
2026-06-04,19.229999542236328,19.940000534057617,19.149999618530273,19.940000534057617,0
2026-06-05,21.81999969482422,21.84000015258789,19.489999771118164,19.549999237060547,0
2026-06-08,20.790000915527344,20.959999084472656,20.299999237060547,20.610000610351562,0
2026-06-09,21.8799991607666,23.079999923706055,20.170000076293945,20.34000015258789,0
