Date,Close,High,Low,Open,Volume
2010-06-01,109.91999816894531,109.91999816894531,109.91999816894531,109.91999816894531,0
2010-06-02,98.0199966430664,98.0199966430664,98.0199966430664,98.0199966430664,0
2010-06-03,95.61000061035156,95.61000061035156,95.61000061035156,95.61000061035156,0
2010-06-04,103.30999755859375,103.30999755859375,103.30999755859375,103.30999755859375,0
2010-06-07,102.76000213623047,102.76000213623047,102.76000213623047,102.76000213623047,0
2010-06-08,101.79000091552734,101.79000091552734,101.79000091552734,101.79000091552734,0
2010-06-09,111.7699966430664,111.7699966430664,111.7699966430664,111.7699966430664,0
2010-06-10,108.61000061035156,108.61000061035156,108.61000061035156,108.61000061035156,0
2010-06-11,103.69000244140625,103.69000244140625,103.69000244140625,103.69000244140625,0
2010-06-14,99.91999816894531,99.91999816894531,99.91999816894531,99.91999816894531,0
2010-06-15,99.0,99.0,99.0,99.0,0
2010-06-16,93.66999816894531,93.66999816894531,93.66999816894531,93.66999816894531,0
2010-06-17,89.6500015258789,89.6500015258789,89.6500015258789,89.6500015258789,0
2010-06-18,92.36000061035156,92.36000061035156,92.36000061035156,92.36000061035156,0
2010-06-21,96.01000213623047,96.01000213623047,96.01000213623047,96.01000213623047,0
2010-06-22,101.6500015258789,101.6500015258789,101.6500015258789,101.6500015258789,0
2010-06-23,98.93000030517578,98.93000030517578,98.93000030517578,98.93000030517578,0
2010-06-24,103.69000244140625,103.69000244140625,103.69000244140625,103.69000244140625,0
2010-06-25,97.51000213623047,97.51000213623047,97.51000213623047,97.51000213623047,0
2010-06-28,99.01000213623047,99.01000213623047,99.01000213623047,99.01000213623047,0
2010-06-29,104.0,104.0,104.0,104.0,0
2010-06-30,105.16000366210938,105.16000366210938,105.16000366210938,105.16000366210938,0
2010-07-01,100.69000244140625,100.69000244140625,100.69000244140625,100.69000244140625,0
2010-07-02,97.19000244140625,97.19000244140625,97.19000244140625,97.19000244140625,0
2010-07-06,97.58000183105469,97.58000183105469,97.58000183105469,97.58000183105469,0
2010-07-07,92.13999938964844,92.13999938964844,92.13999938964844,92.13999938964844,0
2010-07-08,89.8499984741211,89.8499984741211,89.8499984741211,89.8499984741211,0
2010-07-09,88.58000183105469,88.58000183105469,88.58000183105469,88.58000183105469,0
2010-07-12,91.75,91.75,91.75,91.75,0
2010-07-13,90.80000305175781,90.80000305175781,90.80000305175781,90.80000305175781,0
2010-07-14,96.12999725341797,96.12999725341797,96.12999725341797,96.12999725341797,0
2010-07-15,97.75,97.75,97.75,97.75,0
2010-07-16,101.56999969482422,101.56999969482422,101.56999969482422,101.56999969482422,0
2010-07-19,102.58000183105469,102.58000183105469,102.58000183105469,102.58000183105469,0
2010-07-20,98.88999938964844,98.88999938964844,98.88999938964844,98.88999938964844,0
2010-07-21,97.0199966430664,97.0199966430664,97.0199966430664,97.0199966430664,0
2010-07-22,93.19999694824219,93.19999694824219,93.19999694824219,93.19999694824219,0
2010-07-23,89.9000015258789,89.9000015258789,89.9000015258789,89.9000015258789,0
2010-07-26,88.55000305175781,88.55000305175781,88.55000305175781,88.55000305175781,0
2010-07-27,90.13999938964844,90.13999938964844,90.13999938964844,90.13999938964844,0
2010-07-28,90.70999908447266,90.70999908447266,90.70999908447266,90.70999908447266,0
2010-07-29,90.62000274658203,90.62000274658203,90.62000274658203,90.62000274658203,0
2010-07-30,89.55000305175781,89.55000305175781,89.55000305175781,89.55000305175781,0
2010-08-02,85.0199966430664,85.0199966430664,85.0199966430664,85.0199966430664,0
2010-08-03,85.04000091552734,85.04000091552734,85.04000091552734,85.04000091552734,0
2010-08-04,85.05000305175781,85.05000305175781,85.05000305175781,85.05000305175781,0
2010-08-05,86.5199966430664,86.5199966430664,86.5199966430664,86.5199966430664,0
2010-08-06,87.44000244140625,87.44000244140625,87.44000244140625,87.44000244140625,0
2010-08-09,87.86000061035156,87.86000061035156,87.86000061035156,87.86000061035156,0
2010-08-10,90.3499984741211,90.3499984741211,90.3499984741211,90.3499984741211,0
2010-08-11,102.6500015258789,102.6500015258789,102.6500015258789,102.6500015258789,0
2010-08-12,99.75,99.75,99.75,99.75,0
2010-08-13,99.54000091552734,99.54000091552734,99.54000091552734,99.54000091552734,0
2010-08-16,98.7300033569336,98.7300033569336,98.7300033569336,98.7300033569336,0
2010-08-17,93.25,93.25,93.25,93.25,0
2010-08-18,91.30000305175781,91.30000305175781,91.30000305175781,91.30000305175781,0
2010-08-19,91.95999908447266,91.95999908447266,91.95999908447266,91.95999908447266,0
2010-08-20,89.33999633789062,89.33999633789062,89.33999633789062,89.33999633789062,0
2010-08-23,87.66000366210938,87.66000366210938,87.66000366210938,87.66000366210938,0
2010-08-24,85.69999694824219,85.69999694824219,85.69999694824219,85.69999694824219,0
2010-08-25,82.63999938964844,82.63999938964844,82.63999938964844,82.63999938964844,0
2010-08-26,82.94999694824219,82.94999694824219,82.94999694824219,82.94999694824219,0
2010-08-27,79.0,79.0,79.0,79.0,0
2010-08-30,82.5199966430664,82.5199966430664,82.5199966430664,82.5199966430664,0
2010-08-31,81.48999786376953,81.48999786376953,81.48999786376953,81.48999786376953,0
2010-09-01,78.27999877929688,78.27999877929688,78.27999877929688,78.27999877929688,0
2010-09-02,79.05000305175781,79.05000305175781,79.05000305175781,79.05000305175781,0
2010-09-03,76.63999938964844,76.63999938964844,76.63999938964844,76.63999938964844,0
2010-09-07,78.9800033569336,78.9800033569336,78.9800033569336,78.9800033569336,0
2010-09-08,89.87999725341797,89.87999725341797,89.87999725341797,89.87999725341797,0
2010-09-09,87.97000122070312,87.97000122070312,87.97000122070312,87.97000122070312,0
2010-09-10,87.5999984741211,87.5999984741211,87.5999984741211,87.5999984741211,0
2010-09-13,87.33000183105469,87.33000183105469,87.33000183105469,87.33000183105469,0
2010-09-14,87.94999694824219,87.94999694824219,87.94999694824219,87.94999694824219,0
2010-09-15,88.4000015258789,88.4000015258789,88.4000015258789,88.4000015258789,0
2010-09-16,87.62999725341797,87.62999725341797,87.62999725341797,87.62999725341797,0
2010-09-17,85.44999694824219,85.44999694824219,85.44999694824219,85.44999694824219,0
2010-09-20,81.5,81.5,81.5,81.5,0
2010-09-21,80.97000122070312,80.97000122070312,80.97000122070312,80.97000122070312,0
2010-09-22,81.86000061035156,81.86000061035156,81.86000061035156,81.86000061035156,0
2010-09-23,83.0199966430664,83.0199966430664,83.0199966430664,83.0199966430664,0
2010-09-24,80.0,80.0,80.0,80.0,0
2010-09-27,82.62000274658203,82.62000274658203,82.62000274658203,82.62000274658203,0
2010-09-28,83.62000274658203,83.62000274658203,83.62000274658203,83.62000274658203,0
2010-09-29,83.3499984741211,83.3499984741211,83.3499984741211,83.3499984741211,0
2010-09-30,86.48999786376953,86.48999786376953,86.48999786376953,86.48999786376953,0
2010-10-01,84.08000183105469,84.08000183105469,84.08000183105469,84.08000183105469,0
2010-10-04,86.22000122070312,86.22000122070312,86.22000122070312,86.22000122070312,0
2010-10-05,82.62000274658203,82.62000274658203,82.62000274658203,82.62000274658203,0
2010-10-06,81.05000305175781,81.05000305175781,81.05000305175781,81.05000305175781,0
2010-10-07,80.69999694824219,80.69999694824219,80.69999694824219,80.69999694824219,0
2010-10-08,81.41000366210938,81.41000366210938,81.41000366210938,81.41000366210938,0
2010-10-11,84.75,84.75,84.75,84.75,0
2010-10-12,84.7699966430664,84.7699966430664,84.7699966430664,84.7699966430664,0
2010-10-13,88.72000122070312,88.72000122070312,88.72000122070312,88.72000122070312,0
2010-10-14,87.13999938964844,87.13999938964844,87.13999938964844,87.13999938964844,0
2010-10-15,89.81999969482422,89.81999969482422,89.81999969482422,89.81999969482422,0
2010-10-18,91.75,91.75,91.75,91.75,0
2010-10-19,91.52999877929688,91.52999877929688,91.52999877929688,91.52999877929688,0
2010-10-20,85.4800033569336,85.4800033569336,85.4800033569336,85.4800033569336,0
2010-10-21,83.58999633789062,83.58999633789062,83.58999633789062,83.58999633789062,0
2010-10-22,81.97000122070312,81.97000122070312,81.97000122070312,81.97000122070312,0
2010-10-25,82.0199966430664,82.0199966430664,82.0199966430664,82.0199966430664,0
2010-10-26,82.79000091552734,82.79000091552734,82.79000091552734,82.79000091552734,0
2010-10-27,80.41999816894531,80.41999816894531,80.41999816894531,80.41999816894531,0
2010-10-28,78.47000122070312,78.47000122070312,78.47000122070312,78.47000122070312,0
2010-10-29,77.45999908447266,77.45999908447266,77.45999908447266,77.45999908447266,0
2010-11-01,79.72000122070312,79.72000122070312,79.72000122070312,79.72000122070312,0
2010-11-02,80.18000030517578,80.18000030517578,80.18000030517578,80.18000030517578,0
2010-11-03,76.56999969482422,76.56999969482422,76.56999969482422,76.56999969482422,0
2010-11-04,70.77999877929688,70.77999877929688,70.77999877929688,70.77999877929688,0
2010-11-05,74.0199966430664,74.0199966430664,74.0199966430664,74.0199966430664,0
2010-11-08,73.66999816894531,73.66999816894531,73.66999816894531,73.66999816894531,0
2010-11-09,76.48999786376953,76.48999786376953,76.48999786376953,76.48999786376953,0
2010-11-10,83.06999969482422,83.06999969482422,83.06999969482422,83.06999969482422,0
2010-11-12,88.18000030517578,88.18000030517578,88.18000030517578,88.18000030517578,0
2010-11-15,88.12999725341797,88.12999725341797,88.12999725341797,88.12999725341797,0
2010-11-16,93.6500015258789,93.6500015258789,93.6500015258789,93.6500015258789,0
2010-11-17,89.25,89.25,89.25,89.25,0
2010-11-18,83.91999816894531,83.91999816894531,83.91999816894531,83.91999816894531,0
2010-11-19,84.7300033569336,84.7300033569336,84.7300033569336,84.7300033569336,0
2010-11-22,78.38999938964844,78.38999938964844,78.38999938964844,78.38999938964844,0
2010-11-23,87.44000244140625,87.44000244140625,87.44000244140625,87.44000244140625,0
2010-11-24,81.55000305175781,81.55000305175781,81.55000305175781,81.55000305175781,0
2010-11-26,90.55000305175781,90.55000305175781,90.55000305175781,90.55000305175781,0
2010-11-29,89.01000213623047,89.01000213623047,89.01000213623047,89.01000213623047,0
2010-11-30,95.7300033569336,95.7300033569336,95.7300033569336,95.7300033569336,0
2010-12-01,92.02999877929688,92.02999877929688,92.02999877929688,92.02999877929688,0
2010-12-02,87.73999786376953,87.73999786376953,87.73999786376953,87.73999786376953,0
2010-12-03,84.27999877929688,84.27999877929688,84.27999877929688,84.27999877929688,0
2010-12-06,82.5999984741211,82.5999984741211,82.5999984741211,82.5999984741211,0
2010-12-07,82.66000366210938,82.66000366210938,82.66000366210938,82.66000366210938,0
2010-12-08,81.80000305175781,81.80000305175781,81.80000305175781,81.80000305175781,0
2010-12-09,79.80000305175781,79.80000305175781,79.80000305175781,79.80000305175781,0
2010-12-10,79.36000061035156,79.36000061035156,79.36000061035156,79.36000061035156,0
2010-12-13,81.66999816894531,81.66999816894531,81.66999816894531,81.66999816894531,0
2010-12-14,81.66999816894531,81.66999816894531,81.66999816894531,81.66999816894531,0
2010-12-15,83.41999816894531,83.41999816894531,83.41999816894531,83.41999816894531,0
2010-12-16,81.31999969482422,81.31999969482422,81.31999969482422,81.31999969482422,0
2010-12-17,86.62000274658203,86.62000274658203,86.62000274658203,86.62000274658203,0
2010-12-20,84.08999633789062,84.08999633789062,84.08999633789062,84.08999633789062,0
2010-12-21,84.37999725341797,84.37999725341797,84.37999725341797,84.37999725341797,0
2010-12-22,86.02999877929688,86.02999877929688,86.02999877929688,86.02999877929688,0
2010-12-23,86.73999786376953,86.73999786376953,86.73999786376953,86.73999786376953,0
2010-12-27,87.44000244140625,87.44000244140625,87.44000244140625,87.44000244140625,0
2010-12-28,86.33999633789062,86.33999633789062,86.33999633789062,86.33999633789062,0
2010-12-29,85.70999908447266,85.70999908447266,85.70999908447266,85.70999908447266,0
2010-12-30,86.5199966430664,86.5199966430664,86.5199966430664,86.5199966430664,0
2010-12-31,86.36000061035156,86.36000061035156,86.36000061035156,86.36000061035156,0
2011-01-03,84.80000305175781,84.80000305175781,84.80000305175781,84.80000305175781,0
2011-01-04,85.25,85.25,85.25,85.25,0
2011-01-05,84.69999694824219,84.69999694824219,84.69999694824219,84.69999694824219,0
2011-01-06,84.5999984741211,84.5999984741211,84.5999984741211,84.5999984741211,0
2011-01-07,83.7300033569336,83.7300033569336,83.7300033569336,83.7300033569336,0
2011-01-10,81.6500015258789,81.6500015258789,81.6500015258789,81.6500015258789,0
2011-01-11,79.81999969482422,79.81999969482422,79.81999969482422,79.81999969482422,0
2011-01-12,77.94000244140625,77.94000244140625,77.94000244140625,77.94000244140625,0
2011-01-13,78.63999938964844,78.63999938964844,78.63999938964844,78.63999938964844,0
2011-01-14,75.94000244140625,75.94000244140625,75.94000244140625,75.94000244140625,0
2011-01-18,79.7699966430664,79.7699966430664,79.7699966430664,79.7699966430664,0
2011-01-19,83.69999694824219,83.69999694824219,83.69999694824219,83.69999694824219,0
2011-01-20,82.69000244140625,82.69000244140625,82.69000244140625,82.69000244140625,0
2011-01-21,85.41000366210938,85.41000366210938,85.41000366210938,85.41000366210938,0
2011-01-24,82.97000122070312,82.97000122070312,82.97000122070312,82.97000122070312,0
2011-01-25,82.66999816894531,82.66999816894531,82.66999816894531,82.66999816894531,0
2011-01-26,79.43000030517578,79.43000030517578,79.43000030517578,79.43000030517578,0
2011-01-27,77.04000091552734,77.04000091552734,77.04000091552734,77.04000091552734,0
2011-01-28,91.5199966430664,91.5199966430664,91.5199966430664,91.5199966430664,0
2011-01-31,86.08000183105469,86.08000183105469,86.08000183105469,86.08000183105469,0
2011-02-01,84.4800033569336,84.4800033569336,84.4800033569336,84.4800033569336,0
2011-02-02,83.16000366210938,83.16000366210938,83.16000366210938,83.16000366210938,0
2011-02-03,81.75,81.75,81.75,81.75,0
2011-02-04,81.11000061035156,81.11000061035156,81.11000061035156,81.11000061035156,0
2011-02-07,80.54000091552734,80.54000091552734,80.54000091552734,80.54000091552734,0
2011-02-08,78.93000030517578,78.93000030517578,78.93000030517578,78.93000030517578,0
2011-02-09,82.11000061035156,82.11000061035156,82.11000061035156,82.11000061035156,0
2011-02-10,83.7300033569336,83.7300033569336,83.7300033569336,83.7300033569336,0
2011-02-11,84.5,84.5,84.5,84.5,0
2011-02-14,82.66999816894531,82.66999816894531,82.66999816894531,82.66999816894531,0
2011-02-15,84.37999725341797,84.37999725341797,84.37999725341797,84.37999725341797,0
2011-02-16,83.05000305175781,83.05000305175781,83.05000305175781,83.05000305175781,0
2011-02-17,83.02999877929688,83.02999877929688,83.02999877929688,83.02999877929688,0
2011-02-18,85.47000122070312,85.47000122070312,85.47000122070312,85.47000122070312,0
2011-02-22,99.18000030517578,99.18000030517578,99.18000030517578,99.18000030517578,0
2011-02-23,99.04000091552734,99.04000091552734,99.04000091552734,99.04000091552734,0
2011-02-24,94.06999969482422,94.06999969482422,94.06999969482422,94.06999969482422,0
2011-02-25,86.16999816894531,86.16999816894531,86.16999816894531,86.16999816894531,0
2011-02-28,81.77999877929688,81.77999877929688,81.77999877929688,81.77999877929688,0
2011-03-01,89.27999877929688,89.27999877929688,89.27999877929688,89.27999877929688,0
2011-03-02,87.55000305175781,87.55000305175781,87.55000305175781,87.55000305175781,0
2011-03-03,82.36000061035156,82.36000061035156,82.36000061035156,82.36000061035156,0
2011-03-04,81.4800033569336,81.4800033569336,81.4800033569336,81.4800033569336,0
2011-03-07,84.31999969482422,84.31999969482422,84.31999969482422,84.31999969482422,0
2011-03-08,80.83999633789062,80.83999633789062,80.83999633789062,80.83999633789062,0
2011-03-09,84.88999938964844,84.88999938964844,84.88999938964844,84.88999938964844,0
2011-03-10,88.16000366210938,88.16000366210938,88.16000366210938,88.16000366210938,0
2011-03-11,83.20999908447266,83.20999908447266,83.20999908447266,83.20999908447266,0
2011-03-14,83.88999938964844,83.88999938964844,83.88999938964844,83.88999938964844,0
2011-03-15,89.68000030517578,89.68000030517578,89.68000030517578,89.68000030517578,0
2011-03-16,112.38999938964844,112.38999938964844,112.38999938964844,112.38999938964844,0
2011-03-17,101.44999694824219,101.44999694824219,101.44999694824219,101.44999694824219,0
2011-03-18,96.27999877929688,96.27999877929688,96.27999877929688,96.27999877929688,0
2011-03-21,89.16999816894531,89.16999816894531,89.16999816894531,89.16999816894531,0
2011-03-22,87.38999938964844,87.38999938964844,87.38999938964844,87.38999938964844,0
2011-03-23,84.7699966430664,84.7699966430664,84.7699966430664,84.7699966430664,0
2011-03-24,84.16999816894531,84.16999816894531,84.16999816894531,84.16999816894531,0
2011-03-25,84.52999877929688,84.52999877929688,84.52999877929688,84.52999877929688,0
2011-03-28,89.94000244140625,89.94000244140625,89.94000244140625,89.94000244140625,0
2011-03-29,84.95999908447266,84.95999908447266,84.95999908447266,84.95999908447266,0
2011-03-30,82.75,82.75,82.75,82.75,0
2011-03-31,82.51000213623047,82.51000213623047,82.51000213623047,82.51000213623047,0
2011-04-01,81.9800033569336,81.9800033569336,81.9800033569336,81.9800033569336,0
2011-04-04,81.83999633789062,81.83999633789062,81.83999633789062,81.83999633789062,0
2011-04-05,81.44000244140625,81.44000244140625,81.44000244140625,81.44000244140625,0
2011-04-06,83.22000122070312,83.22000122070312,83.22000122070312,83.22000122070312,0
2011-04-07,82.38999938964844,82.38999938964844,82.38999938964844,82.38999938964844,0
2011-04-08,83.43000030517578,83.43000030517578,83.43000030517578,83.43000030517578,0
2011-04-11,84.16000366210938,84.16000366210938,84.16000366210938,84.16000366210938,0
2011-04-12,85.36000061035156,85.36000061035156,85.36000061035156,85.36000061035156,0
2011-04-13,86.04000091552734,86.04000091552734,86.04000091552734,86.04000091552734,0
2011-04-14,86.06999969482422,86.06999969482422,86.06999969482422,86.06999969482422,0
2011-04-15,85.72000122070312,85.72000122070312,85.72000122070312,85.72000122070312,0
2011-04-18,89.11000061035156,89.11000061035156,89.11000061035156,89.11000061035156,0
2011-04-19,85.7300033569336,85.7300033569336,85.7300033569336,85.7300033569336,0
2011-04-20,86.20999908447266,86.20999908447266,86.20999908447266,86.20999908447266,0
2011-04-21,87.70999908447266,87.70999908447266,87.70999908447266,87.70999908447266,0
2011-04-25,87.68000030517578,87.68000030517578,87.68000030517578,87.68000030517578,0
2011-04-26,85.72000122070312,85.72000122070312,85.72000122070312,85.72000122070312,0
2011-04-27,83.20999908447266,83.20999908447266,83.20999908447266,83.20999908447266,0
2011-04-28,82.88999938964844,82.88999938964844,82.88999938964844,82.88999938964844,0
2011-04-29,83.9800033569336,83.9800033569336,83.9800033569336,83.9800033569336,0
2011-05-02,88.5,88.5,88.5,88.5,0
2011-05-03,90.62000274658203,90.62000274658203,90.62000274658203,90.62000274658203,0
2011-05-04,91.38999938964844,91.38999938964844,91.38999938964844,91.38999938964844,0
2011-05-05,95.08000183105469,95.08000183105469,95.08000183105469,95.08000183105469,0
2011-05-06,94.43000030517578,94.43000030517578,94.43000030517578,94.43000030517578,0
2011-05-09,90.86000061035156,90.86000061035156,90.86000061035156,90.86000061035156,0
2011-05-10,87.55999755859375,87.55999755859375,87.55999755859375,87.55999755859375,0
2011-05-11,96.25,96.25,96.25,96.25,0
2011-05-12,93.56999969482422,93.56999969482422,93.56999969482422,93.56999969482422,0
2011-05-13,93.86000061035156,93.86000061035156,93.86000061035156,93.86000061035156,0
2011-05-16,94.44000244140625,94.44000244140625,94.44000244140625,94.44000244140625,0
2011-05-17,93.63999938964844,93.63999938964844,93.63999938964844,93.63999938964844,0
2011-05-18,90.69999694824219,90.69999694824219,90.69999694824219,90.69999694824219,0
2011-05-19,87.52999877929688,87.52999877929688,87.52999877929688,87.52999877929688,0
2011-05-20,90.2300033569336,90.2300033569336,90.2300033569336,90.2300033569336,0
2011-05-23,92.08000183105469,92.08000183105469,92.08000183105469,92.08000183105469,0
2011-05-24,88.47000122070312,88.47000122070312,88.47000122070312,88.47000122070312,0
2011-05-25,85.29000091552734,85.29000091552734,85.29000091552734,85.29000091552734,0
2011-05-26,81.4800033569336,81.4800033569336,81.4800033569336,81.4800033569336,0
2011-05-27,81.45999908447266,81.45999908447266,81.45999908447266,81.45999908447266,0
2011-05-31,80.91999816894531,80.91999816894531,80.91999816894531,80.91999816894531,0
2011-06-01,87.58999633789062,87.58999633789062,87.58999633789062,87.58999633789062,0
2011-06-02,85.22000122070312,85.22000122070312,85.22000122070312,85.22000122070312,0
2011-06-03,85.54000091552734,85.54000091552734,85.54000091552734,85.54000091552734,0
2011-06-06,88.1500015258789,88.1500015258789,88.1500015258789,88.1500015258789,0
2011-06-07,83.72000122070312,83.72000122070312,83.72000122070312,83.72000122070312,0
2011-06-08,88.9800033569336,88.9800033569336,88.9800033569336,88.9800033569336,0
2011-06-09,85.6500015258789,85.6500015258789,85.6500015258789,85.6500015258789,0
2011-06-10,93.33999633789062,93.33999633789062,93.33999633789062,93.33999633789062,0
2011-06-13,98.3499984741211,98.3499984741211,98.3499984741211,98.3499984741211,0
2011-06-14,91.73999786376953,91.73999786376953,91.73999786376953,91.73999786376953,0
2011-06-15,105.06999969482422,105.06999969482422,105.06999969482422,105.06999969482422,0
2011-06-16,100.38999938964844,100.38999938964844,100.38999938964844,100.38999938964844,0
2011-06-17,95.30999755859375,95.30999755859375,95.30999755859375,95.30999755859375,0
2011-06-20,90.25,90.25,90.25,90.25,0
2011-06-21,90.55000305175781,90.55000305175781,90.55000305175781,90.55000305175781,0
2011-06-22,91.70999908447266,91.70999908447266,91.70999908447266,91.70999908447266,0
2011-06-23,93.08999633789062,93.08999633789062,93.08999633789062,93.08999633789062,0
2011-06-24,99.13999938964844,99.13999938964844,99.13999938964844,99.13999938964844,0
2011-06-27,94.29000091552734,94.29000091552734,94.29000091552734,94.29000091552734,0
2011-06-28,90.33000183105469,90.33000183105469,90.33000183105469,90.33000183105469,0
2011-06-29,85.9000015258789,85.9000015258789,85.9000015258789,85.9000015258789,0
2011-06-30,81.08000183105469,81.08000183105469,81.08000183105469,81.08000183105469,0
2011-07-01,78.63999938964844,78.63999938964844,78.63999938964844,78.63999938964844,0
2011-07-05,81.33999633789062,81.33999633789062,81.33999633789062,81.33999633789062,0
2011-07-06,82.69000244140625,82.69000244140625,82.69000244140625,82.69000244140625,0
2011-07-07,80.69999694824219,80.69999694824219,80.69999694824219,80.69999694824219,0
2011-07-08,80.81999969482422,80.81999969482422,80.81999969482422,80.81999969482422,0
2011-07-11,90.87000274658203,90.87000274658203,90.87000274658203,90.87000274658203,0
2011-07-12,88.38999938964844,88.38999938964844,88.38999938964844,88.38999938964844,0
2011-07-13,88.91999816894531,88.91999816894531,88.91999816894531,88.91999816894531,0
2011-07-14,95.72000122070312,95.72000122070312,95.72000122070312,95.72000122070312,0
2011-07-15,89.33000183105469,89.33000183105469,89.33000183105469,89.33000183105469,0
2011-07-18,97.80999755859375,97.80999755859375,97.80999755859375,97.80999755859375,0
2011-07-19,91.01000213623047,91.01000213623047,91.01000213623047,91.01000213623047,0
2011-07-20,86.05999755859375,86.05999755859375,86.05999755859375,86.05999755859375,0
2011-07-21,81.68000030517578,81.68000030517578,81.68000030517578,81.68000030517578,0
2011-07-22,82.44999694824219,82.44999694824219,82.44999694824219,82.44999694824219,0
2011-07-25,90.19999694824219,90.19999694824219,90.19999694824219,90.19999694824219,0
2011-07-26,93.3499984741211,93.3499984741211,93.3499984741211,93.3499984741211,0
2011-07-27,102.01000213623047,102.01000213623047,102.01000213623047,102.01000213623047,0
2011-07-28,105.62000274658203,105.62000274658203,105.62000274658203,105.62000274658203,0
2011-07-29,106.56999969482422,106.56999969482422,106.56999969482422,106.56999969482422,0
2011-08-01,95.88999938964844,95.88999938964844,95.88999938964844,95.88999938964844,0
2011-08-02,102.01000213623047,102.01000213623047,102.01000213623047,102.01000213623047,0
2011-08-03,98.58000183105469,98.58000183105469,98.58000183105469,98.58000183105469,0
2011-08-04,121.76000213623047,121.76000213623047,121.76000213623047,121.76000213623047,0
2011-08-05,118.61000061035156,118.61000061035156,118.61000061035156,118.61000061035156,0
2011-08-08,134.6300048828125,134.6300048828125,134.6300048828125,134.6300048828125,0
2011-08-09,112.80000305175781,112.80000305175781,112.80000305175781,112.80000305175781,0
2011-08-10,132.86000061035156,132.86000061035156,132.86000061035156,132.86000061035156,0
2011-08-11,128.75999450683594,128.75999450683594,128.75999450683594,128.75999450683594,0
2011-08-12,120.19000244140625,120.19000244140625,120.19000244140625,120.19000244140625,0
2011-08-15,109.0,109.0,109.0,109.0,0
2011-08-16,104.66000366210938,104.66000366210938,104.66000366210938,104.66000366210938,0
2011-08-17,104.62000274658203,104.62000274658203,104.62000274658203,104.62000274658203,0
2011-08-18,106.66000366210938,106.66000366210938,106.66000366210938,106.66000366210938,0
2011-08-19,111.58000183105469,111.58000183105469,111.58000183105469,111.58000183105469,0
2011-08-22,111.25,111.25,111.25,111.25,0
2011-08-23,103.43000030517578,103.43000030517578,103.43000030517578,103.43000030517578,0
2011-08-24,104.54000091552734,104.54000091552734,104.54000091552734,104.54000091552734,0
2011-08-25,112.4000015258789,112.4000015258789,112.4000015258789,112.4000015258789,0
2011-08-26,104.72000122070312,104.72000122070312,104.72000122070312,104.72000122070312,0
2011-08-29,96.51000213623047,96.51000213623047,96.51000213623047,96.51000213623047,0
2011-08-30,96.16000366210938,96.16000366210938,96.16000366210938,96.16000366210938,0
2011-08-31,94.16000366210938,94.16000366210938,94.16000366210938,94.16000366210938,0
2011-09-01,92.30999755859375,92.30999755859375,92.30999755859375,92.30999755859375,0
2011-09-02,91.0,91.0,91.0,91.0,0
2011-09-06,97.01000213623047,97.01000213623047,97.01000213623047,97.01000213623047,0
2011-09-07,93.30000305175781,93.30000305175781,93.30000305175781,93.30000305175781,0
2011-09-08,93.44999694824219,93.44999694824219,93.44999694824219,93.44999694824219,0
2011-09-09,99.06999969482422,99.06999969482422,99.06999969482422,99.06999969482422,0
2011-09-12,97.06999969482422,97.06999969482422,97.06999969482422,97.06999969482422,0
2011-09-13,96.13999938964844,96.13999938964844,96.13999938964844,96.13999938964844,0
2011-09-14,100.22000122070312,100.22000122070312,100.22000122070312,100.22000122070312,0
2011-09-15,96.69000244140625,96.69000244140625,96.69000244140625,96.69000244140625,0
2011-09-16,93.66999816894531,93.66999816894531,93.66999816894531,93.66999816894531,0
2011-09-19,95.94999694824219,95.94999694824219,95.94999694824219,95.94999694824219,0
2011-09-20,92.9000015258789,92.9000015258789,92.9000015258789,92.9000015258789,0
2011-09-21,98.58000183105469,98.58000183105469,98.58000183105469,98.58000183105469,0
2011-09-22,103.91000366210938,103.91000366210938,103.91000366210938,103.91000366210938,0
2011-09-23,104.7699966430664,104.7699966430664,104.7699966430664,104.7699966430664,0
2011-09-26,102.88999938964844,102.88999938964844,102.88999938964844,102.88999938964844,0
2011-09-27,100.30999755859375,100.30999755859375,100.30999755859375,100.30999755859375,0
2011-09-28,104.30000305175781,104.30000305175781,104.30000305175781,104.30000305175781,0
2011-09-29,101.05000305175781,101.05000305175781,101.05000305175781,101.05000305175781,0
2011-09-30,101.08000183105469,101.08000183105469,101.08000183105469,101.08000183105469,0
2011-10-03,103.88999938964844,103.88999938964844,103.88999938964844,103.88999938964844,0
2011-10-04,99.30999755859375,99.30999755859375,99.30999755859375,99.30999755859375,0
2011-10-05,94.66000366210938,94.66000366210938,94.66000366210938,94.66000366210938,0
2011-10-06,93.5199966430664,93.5199966430664,93.5199966430664,93.5199966430664,0
2011-10-07,92.56999969482422,92.56999969482422,92.56999969482422,92.56999969482422,0
2011-10-10,89.38999938964844,89.38999938964844,89.38999938964844,89.38999938964844,0
2011-10-11,90.9800033569336,90.9800033569336,90.9800033569336,90.9800033569336,0
2011-10-12,91.33999633789062,91.33999633789062,91.33999633789062,91.33999633789062,0
2011-10-13,95.0999984741211,95.0999984741211,95.0999984741211,95.0999984741211,0
2011-10-14,94.69000244140625,94.69000244140625,94.69000244140625,94.69000244140625,0
2011-10-17,103.55000305175781,103.55000305175781,103.55000305175781,103.55000305175781,0
2011-10-18,100.20999908447266,100.20999908447266,100.20999908447266,100.20999908447266,0
2011-10-19,103.29000091552734,103.29000091552734,103.29000091552734,103.29000091552734,0
2011-10-20,102.97000122070312,102.97000122070312,102.97000122070312,102.97000122070312,0
2011-10-21,98.05000305175781,98.05000305175781,98.05000305175781,98.05000305175781,0
2011-10-24,97.12999725341797,97.12999725341797,97.12999725341797,97.12999725341797,0
2011-10-25,97.75,97.75,97.75,97.75,0
2011-10-26,97.73999786376953,97.73999786376953,97.73999786376953,97.73999786376953,0
2011-10-27,94.44000244140625,94.44000244140625,94.44000244140625,94.44000244140625,0
2011-10-28,94.19000244140625,94.19000244140625,94.19000244140625,94.19000244140625,0
2011-10-31,104.83999633789062,104.83999633789062,104.83999633789062,104.83999633789062,0
2011-11-01,113.1500015258789,113.1500015258789,113.1500015258789,113.1500015258789,0
2011-11-02,107.4000015258789,107.4000015258789,107.4000015258789,107.4000015258789,0
2011-11-03,104.27999877929688,104.27999877929688,104.27999877929688,104.27999877929688,0
2011-11-04,103.33999633789062,103.33999633789062,103.33999633789062,103.33999633789062,0
2011-11-07,103.3499984741211,103.3499984741211,103.3499984741211,103.3499984741211,0
2011-11-08,98.05000305175781,98.05000305175781,98.05000305175781,98.05000305175781,0
2011-11-09,122.7300033569336,122.7300033569336,122.7300033569336,122.7300033569336,0
2011-11-10,113.54000091552734,113.54000091552734,113.54000091552734,113.54000091552734,0
2011-11-11,112.0999984741211,112.0999984741211,112.0999984741211,112.0999984741211,0
2011-11-14,112.3499984741211,112.3499984741211,112.3499984741211,112.3499984741211,0
2011-11-15,107.55000305175781,107.55000305175781,107.55000305175781,107.55000305175781,0
2011-11-16,111.18000030517578,111.18000030517578,111.18000030517578,111.18000030517578,0
2011-11-17,111.86000061035156,111.86000061035156,111.86000061035156,111.86000061035156,0
2011-11-18,101.91999816894531,101.91999816894531,101.91999816894531,101.91999816894531,0
2011-11-21,99.5999984741211,99.5999984741211,99.5999984741211,99.5999984741211,0
2011-11-22,98.52999877929688,98.52999877929688,98.52999877929688,98.52999877929688,0
2011-11-23,101.45999908447266,101.45999908447266,101.45999908447266,101.45999908447266,0
2011-11-25,98.9800033569336,98.9800033569336,98.9800033569336,98.9800033569336,0
2011-11-28,96.2300033569336,96.2300033569336,96.2300033569336,96.2300033569336,0
2011-11-29,95.47000122070312,95.47000122070312,95.47000122070312,95.47000122070312,0
2011-11-30,92.22000122070312,92.22000122070312,92.22000122070312,92.22000122070312,0
2011-12-01,90.87999725341797,90.87999725341797,90.87999725341797,90.87999725341797,0
2011-12-02,92.45999908447266,92.45999908447266,92.45999908447266,92.45999908447266,0
2011-12-05,92.97000122070312,92.97000122070312,92.97000122070312,92.97000122070312,0
2011-12-06,92.20999908447266,92.20999908447266,92.20999908447266,92.20999908447266,0
2011-12-07,92.83999633789062,92.83999633789062,92.83999633789062,92.83999633789062,0
2011-12-08,94.97000122070312,94.97000122070312,94.97000122070312,94.97000122070312,0
2011-12-09,90.91999816894531,90.91999816894531,90.91999816894531,90.91999816894531,0
2011-12-12,93.20999908447266,93.20999908447266,93.20999908447266,93.20999908447266,0
2011-12-13,94.55000305175781,94.55000305175781,94.55000305175781,94.55000305175781,0
2011-12-14,99.62999725341797,99.62999725341797,99.62999725341797,99.62999725341797,0
2011-12-15,97.70999908447266,97.70999908447266,97.70999908447266,97.70999908447266,0
2011-12-16,94.27999877929688,94.27999877929688,94.27999877929688,94.27999877929688,0
2011-12-19,90.2699966430664,90.2699966430664,90.2699966430664,90.2699966430664,0
2011-12-20,88.63999938964844,88.63999938964844,88.63999938964844,88.63999938964844,0
2011-12-21,85.54000091552734,85.54000091552734,85.54000091552734,85.54000091552734,0
2011-12-22,86.18000030517578,86.18000030517578,86.18000030517578,86.18000030517578,0
2011-12-23,86.54000091552734,86.54000091552734,86.54000091552734,86.54000091552734,0
2011-12-27,88.12999725341797,88.12999725341797,88.12999725341797,88.12999725341797,0
2011-12-28,94.08000183105469,94.08000183105469,94.08000183105469,94.08000183105469,0
2011-12-29,91.80000305175781,91.80000305175781,91.80000305175781,91.80000305175781,0
2011-12-30,91.69999694824219,91.69999694824219,91.69999694824219,91.69999694824219,0
2012-01-03,91.38999938964844,91.38999938964844,91.38999938964844,91.38999938964844,0
2012-01-04,88.88999938964844,88.88999938964844,88.88999938964844,88.88999938964844,0
2012-01-05,87.69000244140625,87.69000244140625,87.69000244140625,87.69000244140625,0
2012-01-06,86.94999694824219,86.94999694824219,86.94999694824219,86.94999694824219,0
2012-01-09,87.80000305175781,87.80000305175781,87.80000305175781,87.80000305175781,0
2012-01-10,88.81999969482422,88.81999969482422,88.81999969482422,88.81999969482422,0
2012-01-11,93.16999816894531,93.16999816894531,93.16999816894531,93.16999816894531,0
2012-01-12,90.51000213623047,90.51000213623047,90.51000213623047,90.51000213623047,0
2012-01-13,93.55000305175781,93.55000305175781,93.55000305175781,93.55000305175781,0
2012-01-17,93.66000366210938,93.66000366210938,93.66000366210938,93.66000366210938,0
2012-01-18,90.08999633789062,90.08999633789062,90.08999633789062,90.08999633789062,0
2012-01-19,88.7300033569336,88.7300033569336,88.7300033569336,88.7300033569336,0
2012-01-20,89.23999786376953,89.23999786376953,89.23999786376953,89.23999786376953,0
2012-01-23,89.58999633789062,89.58999633789062,89.58999633789062,89.58999633789062,0
2012-01-24,89.01000213623047,89.01000213623047,89.01000213623047,89.01000213623047,0
2012-01-25,86.01000213623047,86.01000213623047,86.01000213623047,86.01000213623047,0
2012-01-26,88.91999816894531,88.91999816894531,88.91999816894531,88.91999816894531,0
2012-01-27,87.44000244140625,87.44000244140625,87.44000244140625,87.44000244140625,0
2012-01-30,89.86000061035156,89.86000061035156,89.86000061035156,89.86000061035156,0
2012-01-31,88.51000213623047,88.51000213623047,88.51000213623047,88.51000213623047,0
2012-02-01,85.77999877929688,85.77999877929688,85.77999877929688,85.77999877929688,0
2012-02-02,84.0999984741211,84.0999984741211,84.0999984741211,84.0999984741211,0
2012-02-03,84.04000091552734,84.04000091552734,84.04000091552734,84.04000091552734,0
2012-02-06,85.37999725341797,85.37999725341797,85.37999725341797,85.37999725341797,0
2012-02-07,83.79000091552734,83.79000091552734,83.79000091552734,83.79000091552734,0
2012-02-08,97.01000213623047,97.01000213623047,97.01000213623047,97.01000213623047,0
2012-02-09,100.76000213623047,100.76000213623047,100.76000213623047,100.76000213623047,0
2012-02-10,104.1500015258789,104.1500015258789,104.1500015258789,104.1500015258789,0
2012-02-13,102.44999694824219,102.44999694824219,102.44999694824219,102.44999694824219,0
2012-02-14,107.81999969482422,107.81999969482422,107.81999969482422,107.81999969482422,0
2012-02-15,114.6500015258789,114.6500015258789,114.6500015258789,114.6500015258789,0
2012-02-16,110.41000366210938,110.41000366210938,110.41000366210938,110.41000366210938,0
2012-02-17,108.55999755859375,108.55999755859375,108.55999755859375,108.55999755859375,0
2012-02-21,107.70999908447266,107.70999908447266,107.70999908447266,107.70999908447266,0
2012-02-22,100.80999755859375,100.80999755859375,100.80999755859375,100.80999755859375,0
2012-02-23,94.44000244140625,94.44000244140625,94.44000244140625,94.44000244140625,0
2012-02-24,99.43000030517578,99.43000030517578,99.43000030517578,99.43000030517578,0
2012-02-27,101.68000030517578,101.68000030517578,101.68000030517578,101.68000030517578,0
2012-02-28,99.12999725341797,99.12999725341797,99.12999725341797,99.12999725341797,0
2012-02-29,101.5999984741211,101.5999984741211,101.5999984741211,101.5999984741211,0
2012-03-01,97.43000030517578,97.43000030517578,97.43000030517578,97.43000030517578,0
2012-03-02,96.94000244140625,96.94000244140625,96.94000244140625,96.94000244140625,0
2012-03-05,98.18000030517578,98.18000030517578,98.18000030517578,98.18000030517578,0
2012-03-06,105.11000061035156,105.11000061035156,105.11000061035156,105.11000061035156,0
2012-03-07,100.45999908447266,100.45999908447266,100.45999908447266,100.45999908447266,0
2012-03-08,97.19000244140625,97.19000244140625,97.19000244140625,97.19000244140625,0
2012-03-09,97.9800033569336,97.9800033569336,97.9800033569336,97.9800033569336,0
2012-03-12,98.61000061035156,98.61000061035156,98.61000061035156,98.61000061035156,0
2012-03-13,98.47000122070312,98.47000122070312,98.47000122070312,98.47000122070312,0
2012-03-14,106.62999725341797,106.62999725341797,106.62999725341797,106.62999725341797,0
2012-03-15,108.41999816894531,108.41999816894531,108.41999816894531,108.41999816894531,0
2012-03-16,105.77999877929688,105.77999877929688,105.77999877929688,105.77999877929688,0
2012-03-19,106.48999786376953,106.48999786376953,106.48999786376953,106.48999786376953,0
2012-03-20,109.37999725341797,109.37999725341797,109.37999725341797,109.37999725341797,0
2012-03-21,104.6500015258789,104.6500015258789,104.6500015258789,104.6500015258789,0
2012-03-22,102.52999877929688,102.52999877929688,102.52999877929688,102.52999877929688,0
2012-03-23,98.5999984741211,98.5999984741211,98.5999984741211,98.5999984741211,0
2012-03-26,96.08000183105469,96.08000183105469,96.08000183105469,96.08000183105469,0
2012-03-27,101.1500015258789,101.1500015258789,101.1500015258789,101.1500015258789,0
2012-03-28,102.73999786376953,102.73999786376953,102.73999786376953,102.73999786376953,0
2012-03-29,101.94000244140625,101.94000244140625,101.94000244140625,101.94000244140625,0
2012-03-30,100.27999877929688,100.27999877929688,100.27999877929688,100.27999877929688,0
2012-04-02,100.37999725341797,100.37999725341797,100.37999725341797,100.37999725341797,0
2012-04-03,98.37000274658203,98.37000274658203,98.37000274658203,98.37000274658203,0
2012-04-04,99.7300033569336,99.7300033569336,99.7300033569336,99.7300033569336,0
2012-04-05,99.47000122070312,99.47000122070312,99.47000122070312,99.47000122070312,0
2012-04-09,104.58999633789062,104.58999633789062,104.58999633789062,104.58999633789062,0
2012-04-10,109.12999725341797,109.12999725341797,109.12999725341797,109.12999725341797,0
2012-04-11,111.19000244140625,111.19000244140625,111.19000244140625,111.19000244140625,0
2012-04-12,104.2699966430664,104.2699966430664,104.2699966430664,104.2699966430664,0
2012-04-13,110.76000213623047,110.76000213623047,110.76000213623047,110.76000213623047,0
2012-04-16,110.97000122070312,110.97000122070312,110.97000122070312,110.97000122070312,0
2012-04-17,107.01000213623047,107.01000213623047,107.01000213623047,107.01000213623047,0
2012-04-18,106.05999755859375,106.05999755859375,106.05999755859375,106.05999755859375,0
2012-04-19,103.95999908447266,103.95999908447266,103.95999908447266,103.95999908447266,0
2012-04-20,101.08000183105469,101.08000183105469,101.08000183105469,101.08000183105469,0
2012-04-23,104.01000213623047,104.01000213623047,104.01000213623047,104.01000213623047,0
2012-04-24,99.83999633789062,99.83999633789062,99.83999633789062,99.83999633789062,0
2012-04-25,93.27999877929688,93.27999877929688,93.27999877929688,93.27999877929688,0
2012-04-26,89.6500015258789,89.6500015258789,89.6500015258789,89.6500015258789,0
2012-04-27,88.62000274658203,88.62000274658203,88.62000274658203,88.62000274658203,0
2012-04-30,89.31999969482422,89.31999969482422,89.31999969482422,89.31999969482422,0
2012-05-01,87.05999755859375,87.05999755859375,87.05999755859375,87.05999755859375,0
2012-05-02,86.29000091552734,86.29000091552734,86.29000091552734,86.29000091552734,0
2012-05-03,88.3499984741211,88.3499984741211,88.3499984741211,88.3499984741211,0
2012-05-04,91.30999755859375,91.30999755859375,91.30999755859375,91.30999755859375,0
2012-05-07,90.91000366210938,90.91000366210938,90.91000366210938,90.91000366210938,0
2012-05-08,91.33000183105469,91.33000183105469,91.33000183105469,91.33000183105469,0
2012-05-09,102.06999969482422,102.06999969482422,102.06999969482422,102.06999969482422,0
2012-05-10,98.6500015258789,98.6500015258789,98.6500015258789,98.6500015258789,0
2012-05-11,100.12000274658203,100.12000274658203,100.12000274658203,100.12000274658203,0
2012-05-14,105.8499984741211,105.8499984741211,105.8499984741211,105.8499984741211,0
2012-05-15,109.61000061035156,109.61000061035156,109.61000061035156,109.61000061035156,0
2012-05-16,109.22000122070312,109.22000122070312,109.22000122070312,109.22000122070312,0
2012-05-17,112.83999633789062,112.83999633789062,112.83999633789062,112.83999633789062,0
2012-05-18,117.44000244140625,117.44000244140625,117.44000244140625,117.44000244140625,0
2012-05-21,108.5,108.5,108.5,108.5,0
2012-05-22,110.4800033569336,110.4800033569336,110.4800033569336,110.4800033569336,0
2012-05-23,107.4800033569336,107.4800033569336,107.4800033569336,107.4800033569336,0
2012-05-24,104.5199966430664,104.5199966430664,104.5199966430664,104.5199966430664,0
2012-05-25,103.0999984741211,103.0999984741211,103.0999984741211,103.0999984741211,0
2012-05-29,100.9800033569336,100.9800033569336,100.9800033569336,100.9800033569336,0
2012-05-30,109.7300033569336,109.7300033569336,109.7300033569336,109.7300033569336,0
2012-05-31,108.75,108.75,108.75,108.75,0
2012-06-01,111.41000366210938,111.41000366210938,111.41000366210938,111.41000366210938,0
2012-06-04,107.04000091552734,107.04000091552734,107.04000091552734,107.04000091552734,0
2012-06-05,102.77999877929688,102.77999877929688,102.77999877929688,102.77999877929688,0
2012-06-06,97.70999908447266,97.70999908447266,97.70999908447266,97.70999908447266,0
2012-06-07,98.36000061035156,98.36000061035156,98.36000061035156,98.36000061035156,0
2012-06-08,96.5999984741211,96.5999984741211,96.5999984741211,96.5999984741211,0
2012-06-11,105.51000213623047,105.51000213623047,105.51000213623047,105.51000213623047,0
2012-06-12,103.22000122070312,103.22000122070312,103.22000122070312,103.22000122070312,0
2012-06-13,110.5999984741211,110.5999984741211,110.5999984741211,110.5999984741211,0
2012-06-14,107.77999877929688,107.77999877929688,107.77999877929688,107.77999877929688,0
2012-06-15,108.2300033569336,108.2300033569336,108.2300033569336,108.2300033569336,0
2012-06-18,99.30000305175781,99.30000305175781,99.30000305175781,99.30000305175781,0
2012-06-19,98.12999725341797,98.12999725341797,98.12999725341797,98.12999725341797,0
2012-06-20,96.41000366210938,96.41000366210938,96.41000366210938,96.41000366210938,0
2012-06-21,105.47000122070312,105.47000122070312,105.47000122070312,105.47000122070312,0
2012-06-22,104.12999725341797,104.12999725341797,104.12999725341797,104.12999725341797,0
2012-06-25,104.45999908447266,104.45999908447266,104.45999908447266,104.45999908447266,0
2012-06-26,100.66000366210938,100.66000366210938,100.66000366210938,100.66000366210938,0
2012-06-27,98.11000061035156,98.11000061035156,98.11000061035156,98.11000061035156,0
2012-06-28,97.20999908447266,97.20999908447266,97.20999908447266,97.20999908447266,0
2012-06-29,89.58999633789062,89.58999633789062,89.58999633789062,89.58999633789062,0
2012-07-02,85.61000061035156,85.61000061035156,85.61000061035156,85.61000061035156,0
2012-07-03,84.58999633789062,84.58999633789062,84.58999633789062,84.58999633789062,0
2012-07-05,89.43000030517578,89.43000030517578,89.43000030517578,89.43000030517578,0
2012-07-06,90.0999984741211,90.0999984741211,90.0999984741211,90.0999984741211,0
2012-07-09,92.8499984741211,92.8499984741211,92.8499984741211,92.8499984741211,0
2012-07-10,94.91000366210938,94.91000366210938,94.91000366210938,94.91000366210938,0
2012-07-11,96.25,96.25,96.25,96.25,0
2012-07-12,95.22000122070312,95.22000122070312,95.22000122070312,95.22000122070312,0
2012-07-13,91.0999984741211,91.0999984741211,91.0999984741211,91.0999984741211,0
2012-07-16,94.20999908447266,94.20999908447266,94.20999908447266,94.20999908447266,0
2012-07-17,93.48999786376953,93.48999786376953,93.48999786376953,93.48999786376953,0
2012-07-18,94.02999877929688,94.02999877929688,94.02999877929688,94.02999877929688,0
2012-07-19,93.7300033569336,93.7300033569336,93.7300033569336,93.7300033569336,0
2012-07-20,100.61000061035156,100.61000061035156,100.61000061035156,100.61000061035156,0
2012-07-23,107.31999969482422,107.31999969482422,107.31999969482422,107.31999969482422,0
2012-07-24,111.6500015258789,111.6500015258789,111.6500015258789,111.6500015258789,0
2012-07-25,106.52999877929688,106.52999877929688,106.52999877929688,106.52999877929688,0
2012-07-26,98.58999633789062,98.58999633789062,98.58999633789062,98.58999633789062,0
2012-07-27,93.08000183105469,93.08000183105469,93.08000183105469,93.08000183105469,0
2012-07-30,94.73999786376953,94.73999786376953,94.73999786376953,94.73999786376953,0
2012-07-31,96.11000061035156,96.11000061035156,96.11000061035156,96.11000061035156,0
2012-08-01,94.2300033569336,94.2300033569336,94.2300033569336,94.2300033569336,0
2012-08-02,89.62999725341797,89.62999725341797,89.62999725341797,89.62999725341797,0
2012-08-03,84.5,84.5,84.5,84.5,0
2012-08-06,84.47000122070312,84.47000122070312,84.47000122070312,84.47000122070312,0
2012-08-07,86.87000274658203,86.87000274658203,86.87000274658203,86.87000274658203,0
2012-08-08,85.18000030517578,85.18000030517578,85.18000030517578,85.18000030517578,0
2012-08-09,83.91000366210938,83.91000366210938,83.91000366210938,83.91000366210938,0
2012-08-10,84.83000183105469,84.83000183105469,84.83000183105469,84.83000183105469,0
2012-08-13,89.58000183105469,89.58000183105469,89.58000183105469,89.58000183105469,0
2012-08-14,94.33000183105469,94.33000183105469,94.33000183105469,94.33000183105469,0
2012-08-15,97.94999694824219,97.94999694824219,97.94999694824219,97.94999694824219,0
2012-08-16,95.6500015258789,95.6500015258789,95.6500015258789,95.6500015258789,0
2012-08-17,95.0199966430664,95.0199966430664,95.0199966430664,95.0199966430664,0
2012-08-20,96.63999938964844,96.63999938964844,96.63999938964844,96.63999938964844,0
2012-08-21,97.41000366210938,97.41000366210938,97.41000366210938,97.41000366210938,0
2012-08-22,99.13999938964844,99.13999938964844,99.13999938964844,99.13999938964844,0
2012-08-23,98.4000015258789,98.4000015258789,98.4000015258789,98.4000015258789,0
2012-08-24,94.98999786376953,94.98999786376953,94.98999786376953,94.98999786376953,0
2012-08-27,94.88999938964844,94.88999938964844,94.88999938964844,94.88999938964844,0
2012-08-28,94.43000030517578,94.43000030517578,94.43000030517578,94.43000030517578,0
2012-08-29,94.70999908447266,94.70999908447266,94.70999908447266,94.70999908447266,0
2012-08-30,96.33000183105469,96.33000183105469,96.33000183105469,96.33000183105469,0
2012-08-31,93.30000305175781,93.30000305175781,93.30000305175781,93.30000305175781,0
2012-09-04,93.70999908447266,93.70999908447266,93.70999908447266,93.70999908447266,0
2012-09-05,90.1500015258789,90.1500015258789,90.1500015258789,90.1500015258789,0
2012-09-06,83.6500015258789,83.6500015258789,83.6500015258789,83.6500015258789,0
2012-09-07,82.23999786376953,82.23999786376953,82.23999786376953,82.23999786376953,0
2012-09-10,92.7699966430664,92.7699966430664,92.7699966430664,92.7699966430664,0
2012-09-11,92.38999938964844,92.38999938964844,92.38999938964844,92.38999938964844,0
2012-09-12,93.94000244140625,93.94000244140625,93.94000244140625,93.94000244140625,0
2012-09-13,87.80999755859375,87.80999755859375,87.80999755859375,87.80999755859375,0
2012-09-14,93.04000091552734,93.04000091552734,93.04000091552734,93.04000091552734,0
2012-09-17,92.94999694824219,92.94999694824219,92.94999694824219,92.94999694824219,0
2012-09-18,90.12999725341797,90.12999725341797,90.12999725341797,90.12999725341797,0
2012-09-19,88.61000061035156,88.61000061035156,88.61000061035156,88.61000061035156,0
2012-09-20,88.72000122070312,88.72000122070312,88.72000122070312,88.72000122070312,0
2012-09-21,87.9000015258789,87.9000015258789,87.9000015258789,87.9000015258789,0
2012-09-24,85.87999725341797,85.87999725341797,85.87999725341797,85.87999725341797,0
2012-09-25,92.79000091552734,92.79000091552734,92.79000091552734,92.79000091552734,0
2012-09-26,95.05000305175781,95.05000305175781,95.05000305175781,95.05000305175781,0
2012-09-27,88.23999786376953,88.23999786376953,88.23999786376953,88.23999786376953,0
2012-09-28,90.48999786376953,90.48999786376953,90.48999786376953,90.48999786376953,0
2012-10-01,92.51000213623047,92.51000213623047,92.51000213623047,92.51000213623047,0
2012-10-02,90.25,90.25,90.25,90.25,0
2012-10-03,87.55999755859375,87.55999755859375,87.55999755859375,87.55999755859375,0
2012-10-04,83.51000213623047,83.51000213623047,83.51000213623047,83.51000213623047,0
2012-10-05,83.0999984741211,83.0999984741211,83.0999984741211,83.0999984741211,0
2012-10-08,85.8499984741211,85.8499984741211,85.8499984741211,85.8499984741211,0
2012-10-09,88.52999877929688,88.52999877929688,88.52999877929688,88.52999877929688,0
2012-10-10,94.36000061035156,94.36000061035156,94.36000061035156,94.36000061035156,0
2012-10-11,90.73999786376953,90.73999786376953,90.73999786376953,90.73999786376953,0
2012-10-12,91.87000274658203,91.87000274658203,91.87000274658203,91.87000274658203,0
2012-10-15,92.91999816894531,92.91999816894531,92.91999816894531,92.91999816894531,0
2012-10-16,90.30999755859375,90.30999755859375,90.30999755859375,90.30999755859375,0
2012-10-17,85.5999984741211,85.5999984741211,85.5999984741211,85.5999984741211,0
2012-10-18,86.51000213623047,86.51000213623047,86.51000213623047,86.51000213623047,0
2012-10-19,92.62999725341797,92.62999725341797,92.62999725341797,92.62999725341797,0
2012-10-22,92.4800033569336,92.4800033569336,92.4800033569336,92.4800033569336,0
2012-10-23,99.66000366210938,99.66000366210938,99.66000366210938,99.66000366210938,0
2012-10-24,96.38999938964844,96.38999938964844,96.38999938964844,96.38999938964844,0
2012-10-25,91.86000061035156,91.86000061035156,91.86000061035156,91.86000061035156,0
2012-10-26,89.43000030517578,89.43000030517578,89.43000030517578,89.43000030517578,0
2012-10-31,90.2300033569336,90.2300033569336,90.2300033569336,90.2300033569336,0
2012-11-01,81.69999694824219,81.69999694824219,81.69999694824219,81.69999694824219,0
2012-11-02,87.83999633789062,87.83999633789062,87.83999633789062,87.83999633789062,0
2012-11-05,90.75,90.75,90.75,90.75,0
2012-11-06,87.55999755859375,87.55999755859375,87.55999755859375,87.55999755859375,0
2012-11-07,94.75,94.75,94.75,94.75,0
2012-11-08,93.38999938964844,93.38999938964844,93.38999938964844,93.38999938964844,0
2012-11-09,94.0199966430664,94.0199966430664,94.0199966430664,94.0199966430664,0
2012-11-12,90.54000091552734,90.54000091552734,90.54000091552734,90.54000091552734,0
2012-11-13,87.83999633789062,87.83999633789062,87.83999633789062,87.83999633789062,0
2012-11-14,94.66000366210938,94.66000366210938,94.66000366210938,94.66000366210938,0
2012-11-15,94.54000091552734,94.54000091552734,94.54000091552734,94.54000091552734,0
2012-11-16,90.2699966430664,90.2699966430664,90.2699966430664,90.2699966430664,0
2012-11-19,88.43000030517578,88.43000030517578,88.43000030517578,88.43000030517578,0
2012-11-20,85.93000030517578,85.93000030517578,85.93000030517578,85.93000030517578,0
2012-11-21,85.8499984741211,85.8499984741211,85.8499984741211,85.8499984741211,0
2012-11-23,82.86000061035156,82.86000061035156,82.86000061035156,82.86000061035156,0
2012-11-26,82.44999694824219,82.44999694824219,82.44999694824219,82.44999694824219,0
2012-11-27,84.16999816894531,84.16999816894531,84.16999816894531,84.16999816894531,0
2012-11-28,80.38999938964844,80.38999938964844,80.38999938964844,80.38999938964844,0
2012-11-29,78.41999816894531,78.41999816894531,78.41999816894531,78.41999816894531,0
2012-11-30,78.58999633789062,78.58999633789062,78.58999633789062,78.58999633789062,0
2012-12-03,84.06999969482422,84.06999969482422,84.06999969482422,84.06999969482422,0
2012-12-04,86.18000030517578,86.18000030517578,86.18000030517578,86.18000030517578,0
2012-12-05,82.9800033569336,82.9800033569336,82.9800033569336,82.9800033569336,0
2012-12-06,84.1500015258789,84.1500015258789,84.1500015258789,84.1500015258789,0
2012-12-07,80.73999786376953,80.73999786376953,80.73999786376953,80.73999786376953,0
2012-12-10,81.55999755859375,81.55999755859375,81.55999755859375,81.55999755859375,0
2012-12-11,78.69999694824219,78.69999694824219,78.69999694824219,78.69999694824219,0
2012-12-12,83.0199966430664,83.0199966430664,83.0199966430664,83.0199966430664,0
2012-12-13,86.73999786376953,86.73999786376953,86.73999786376953,86.73999786376953,0
2012-12-14,86.38999938964844,86.38999938964844,86.38999938964844,86.38999938964844,0
2012-12-17,82.0999984741211,82.0999984741211,82.0999984741211,82.0999984741211,0
2012-12-18,79.36000061035156,79.36000061035156,79.36000061035156,79.36000061035156,0
2012-12-19,83.33000183105469,83.33000183105469,83.33000183105469,83.33000183105469,0
2012-12-20,83.05999755859375,83.05999755859375,83.05999755859375,83.05999755859375,0
2012-12-21,87.69999694824219,87.69999694824219,87.69999694824219,87.69999694824219,0
2012-12-24,89.2699966430664,89.2699966430664,89.2699966430664,89.2699966430664,0
2012-12-26,92.16999816894531,92.16999816894531,92.16999816894531,92.16999816894531,0
2012-12-27,90.88999938964844,90.88999938964844,90.88999938964844,90.88999938964844,0
2012-12-28,104.72000122070312,104.72000122070312,104.72000122070312,104.72000122070312,0
2012-12-31,92.5,92.5,92.5,92.5,0
2013-01-02,78.7699966430664,78.7699966430664,78.7699966430664,78.7699966430664,0
2013-01-03,77.0199966430664,77.0199966430664,77.0199966430664,77.0199966430664,0
2013-01-04,75.18000030517578,75.18000030517578,75.18000030517578,75.18000030517578,0
2013-01-07,76.7699966430664,76.7699966430664,76.7699966430664,76.7699966430664,0
2013-01-08,78.37000274658203,78.37000274658203,78.37000274658203,78.37000274658203,0
2013-01-09,78.51000213623047,78.51000213623047,78.51000213623047,78.51000213623047,0
2013-01-10,77.48999786376953,77.48999786376953,77.48999786376953,77.48999786376953,0
2013-01-11,78.5199966430664,78.5199966430664,78.5199966430664,78.5199966430664,0
2013-01-14,78.27999877929688,78.27999877929688,78.27999877929688,78.27999877929688,0
2013-01-15,77.83999633789062,77.83999633789062,77.83999633789062,77.83999633789062,0
2013-01-16,77.26000213623047,77.26000213623047,77.26000213623047,77.26000213623047,0
2013-01-17,78.7699966430664,78.7699966430664,78.7699966430664,78.7699966430664,0
2013-01-18,73.43000030517578,73.43000030517578,73.43000030517578,73.43000030517578,0
2013-01-22,73.87000274658203,73.87000274658203,73.87000274658203,73.87000274658203,0
2013-01-23,71.86000061035156,71.86000061035156,71.86000061035156,71.86000061035156,0
2013-01-24,76.16999816894531,76.16999816894531,76.16999816894531,76.16999816894531,0
2013-01-25,76.91999816894531,76.91999816894531,76.91999816894531,76.91999816894531,0
2013-01-28,78.16000366210938,78.16000366210938,78.16000366210938,78.16000366210938,0
2013-01-29,73.61000061035156,73.61000061035156,73.61000061035156,73.61000061035156,0
2013-01-30,77.33999633789062,77.33999633789062,77.33999633789062,77.33999633789062,0
2013-01-31,76.72000122070312,76.72000122070312,76.72000122070312,76.72000122070312,0
2013-02-01,73.29000091552734,73.29000091552734,73.29000091552734,73.29000091552734,0
2013-02-04,77.79000091552734,77.79000091552734,77.79000091552734,77.79000091552734,0
2013-02-05,75.06999969482422,75.06999969482422,75.06999969482422,75.06999969482422,0
2013-02-06,77.23999786376953,77.23999786376953,77.23999786376953,77.23999786376953,0
2013-02-07,76.86000061035156,76.86000061035156,76.86000061035156,76.86000061035156,0
2013-02-08,74.41999816894531,74.41999816894531,74.41999816894531,74.41999816894531,0
2013-02-11,76.0999984741211,76.0999984741211,76.0999984741211,76.0999984741211,0
2013-02-12,73.83000183105469,73.83000183105469,73.83000183105469,73.83000183105469,0
2013-02-13,73.25,73.25,73.25,73.25,0
2013-02-14,72.98999786376953,72.98999786376953,72.98999786376953,72.98999786376953,0
2013-02-15,72.55000305175781,72.55000305175781,72.55000305175781,72.55000305175781,0
2013-02-19,70.44999694824219,70.44999694824219,70.44999694824219,70.44999694824219,0
2013-02-20,79.6500015258789,79.6500015258789,79.6500015258789,79.6500015258789,0
2013-02-21,80.83000183105469,80.83000183105469,80.83000183105469,80.83000183105469,0
2013-02-22,78.66000366210938,78.66000366210938,78.66000366210938,78.66000366210938,0
2013-02-25,94.33999633789062,94.33999633789062,94.33999633789062,94.33999633789062,0
2013-02-26,90.2300033569336,90.2300033569336,90.2300033569336,90.2300033569336,0
2013-02-27,82.29000091552734,82.29000091552734,82.29000091552734,82.29000091552734,0
2013-02-28,86.56999969482422,86.56999969482422,86.56999969482422,86.56999969482422,0
2013-03-01,87.83000183105469,87.83000183105469,87.83000183105469,87.83000183105469,0
2013-03-04,82.2699966430664,82.2699966430664,82.2699966430664,82.2699966430664,0
2013-03-05,79.31999969482422,79.31999969482422,79.31999969482422,79.31999969482422,0
2013-03-06,78.77999877929688,78.77999877929688,78.77999877929688,78.77999877929688,0
2013-03-07,77.16000366210938,77.16000366210938,77.16000366210938,77.16000366210938,0
2013-03-08,76.6500015258789,76.6500015258789,76.6500015258789,76.6500015258789,0
2013-03-11,77.31999969482422,77.31999969482422,77.31999969482422,77.31999969482422,0
2013-03-12,79.98999786376953,79.98999786376953,79.98999786376953,79.98999786376953,0
2013-03-13,84.36000061035156,84.36000061035156,84.36000061035156,84.36000061035156,0
2013-03-14,83.5,83.5,83.5,83.5,0
2013-03-15,85.72000122070312,85.72000122070312,85.72000122070312,85.72000122070312,0
2013-03-18,93.06999969482422,93.06999969482422,93.06999969482422,93.06999969482422,0
2013-03-19,94.38999938964844,94.38999938964844,94.38999938964844,94.38999938964844,0
2013-03-20,89.44999694824219,89.44999694824219,89.44999694824219,89.44999694824219,0
2013-03-21,93.9800033569336,93.9800033569336,93.9800033569336,93.9800033569336,0
2013-03-22,91.77999877929688,91.77999877929688,91.77999877929688,91.77999877929688,0
2013-03-25,88.86000061035156,88.86000061035156,88.86000061035156,88.86000061035156,0
2013-03-26,85.13999938964844,85.13999938964844,85.13999938964844,85.13999938964844,0
2013-03-27,85.31999969482422,85.31999969482422,85.31999969482422,85.31999969482422,0
2013-03-28,83.19999694824219,83.19999694824219,83.19999694824219,83.19999694824219,0
2013-04-01,84.2300033569336,84.2300033569336,84.2300033569336,84.2300033569336,0
2013-04-02,80.48999786376953,80.48999786376953,80.48999786376953,80.48999786376953,0
2013-04-03,85.2300033569336,85.2300033569336,85.2300033569336,85.2300033569336,0
2013-04-04,83.12000274658203,83.12000274658203,83.12000274658203,83.12000274658203,0
2013-04-05,84.48999786376953,84.48999786376953,84.48999786376953,84.48999786376953,0
2013-04-08,82.12000274658203,82.12000274658203,82.12000274658203,82.12000274658203,0
2013-04-09,82.04000091552734,82.04000091552734,82.04000091552734,82.04000091552734,0
2013-04-10,82.75,82.75,82.75,82.75,0
2013-04-11,83.37000274658203,83.37000274658203,83.37000274658203,83.37000274658203,0
2013-04-12,82.38999938964844,82.38999938964844,82.38999938964844,82.38999938964844,0
2013-04-15,104.62000274658203,104.62000274658203,104.62000274658203,104.62000274658203,0
2013-04-16,88.19000244140625,88.19000244140625,88.19000244140625,88.19000244140625,0
2013-04-17,105.26000213623047,105.26000213623047,105.26000213623047,105.26000213623047,0
2013-04-18,107.6500015258789,107.6500015258789,107.6500015258789,107.6500015258789,0
2013-04-19,95.5199966430664,95.5199966430664,95.5199966430664,95.5199966430664,0
2013-04-22,90.91000366210938,90.91000366210938,90.91000366210938,90.91000366210938,0
2013-04-23,85.16000366210938,85.16000366210938,85.16000366210938,85.16000366210938,0
2013-04-24,84.98999786376953,84.98999786376953,84.98999786376953,84.98999786376953,0
2013-04-25,85.88999938964844,85.88999938964844,85.88999938964844,85.88999938964844,0
2013-04-26,85.08999633789062,85.08999633789062,85.08999633789062,85.08999633789062,0
2013-04-29,84.41999816894531,84.41999816894531,84.41999816894531,84.41999816894531,0
2013-04-30,83.45999908447266,83.45999908447266,83.45999908447266,83.45999908447266,0
2013-05-01,88.11000061035156,88.11000061035156,88.11000061035156,88.11000061035156,0
2013-05-02,83.81999969482422,83.81999969482422,83.81999969482422,83.81999969482422,0
2013-05-03,80.91000366210938,80.91000366210938,80.91000366210938,80.91000366210938,0
2013-05-06,79.77999877929688,79.77999877929688,79.77999877929688,79.77999877929688,0
2013-05-07,78.86000061035156,78.86000061035156,78.86000061035156,78.86000061035156,0
2013-05-08,79.80999755859375,79.80999755859375,79.80999755859375,79.80999755859375,0
2013-05-09,81.13999938964844,81.13999938964844,81.13999938964844,81.13999938964844,0
2013-05-10,80.44999694824219,80.44999694824219,80.44999694824219,80.44999694824219,0
2013-05-13,80.44999694824219,80.44999694824219,80.44999694824219,80.44999694824219,0
2013-05-14,80.44999694824219,80.44999694824219,80.44999694824219,80.44999694824219,0
2013-05-15,83.1500015258789,83.1500015258789,83.1500015258789,83.1500015258789,0
2013-05-16,84.5,84.5,84.5,84.5,0
2013-05-17,84.0,84.0,84.0,84.0,0
2013-05-20,85.01000213623047,85.01000213623047,85.01000213623047,85.01000213623047,0
2013-05-21,88.04000091552734,88.04000091552734,88.04000091552734,88.04000091552734,0
2013-05-22,88.2300033569336,88.2300033569336,88.2300033569336,88.2300033569336,0
2013-05-23,87.4000015258789,87.4000015258789,87.4000015258789,87.4000015258789,0
2013-05-24,83.87999725341797,83.87999725341797,83.87999725341797,83.87999725341797,0
2013-05-28,82.6500015258789,82.6500015258789,82.6500015258789,82.6500015258789,0
2013-05-29,81.72000122070312,81.72000122070312,81.72000122070312,81.72000122070312,0
2013-05-30,80.22000122070312,80.22000122070312,80.22000122070312,80.22000122070312,0
2013-05-31,84.87000274658203,84.87000274658203,84.87000274658203,84.87000274658203,0
2013-06-03,86.98999786376953,86.98999786376953,86.98999786376953,86.98999786376953,0
2013-06-04,87.38999938964844,87.38999938964844,87.38999938964844,87.38999938964844,0
2013-06-05,93.18000030517578,93.18000030517578,93.18000030517578,93.18000030517578,0
2013-06-06,91.91000366210938,91.91000366210938,91.91000366210938,91.91000366210938,0
2013-06-07,84.19000244140625,84.19000244140625,84.19000244140625,84.19000244140625,0
2013-06-10,82.94000244140625,82.94000244140625,82.94000244140625,82.94000244140625,0
2013-06-11,92.31999969482422,92.31999969482422,92.31999969482422,92.31999969482422,0
2013-06-12,101.7699966430664,101.7699966430664,101.7699966430664,101.7699966430664,0
2013-06-13,95.08000183105469,95.08000183105469,95.08000183105469,95.08000183105469,0
2013-06-14,93.87000274658203,93.87000274658203,93.87000274658203,93.87000274658203,0
2013-06-17,90.44999694824219,90.44999694824219,90.44999694824219,90.44999694824219,0
2013-06-18,89.98999786376953,89.98999786376953,89.98999786376953,89.98999786376953,0
2013-06-19,88.58999633789062,88.58999633789062,88.58999633789062,88.58999633789062,0
2013-06-20,100.9800033569336,100.9800033569336,100.9800033569336,100.9800033569336,0
2013-06-21,96.0999984741211,96.0999984741211,96.0999984741211,96.0999984741211,0
2013-06-24,100.93000030517578,100.93000030517578,100.93000030517578,100.93000030517578,0
2013-06-25,94.83000183105469,94.83000183105469,94.83000183105469,94.83000183105469,0
2013-06-26,90.76000213623047,90.76000213623047,90.76000213623047,90.76000213623047,0
2013-06-27,86.05000305175781,86.05000305175781,86.05000305175781,86.05000305175781,0
2013-06-28,86.54000091552734,86.54000091552734,86.54000091552734,86.54000091552734,0
2013-07-01,84.88999938964844,84.88999938964844,84.88999938964844,84.88999938964844,0
2013-07-02,83.69999694824219,83.69999694824219,83.69999694824219,83.69999694824219,0
2013-07-03,82.72000122070312,82.72000122070312,82.72000122070312,82.72000122070312,0
2013-07-05,77.41000366210938,77.41000366210938,77.41000366210938,77.41000366210938,0
2013-07-08,75.48999786376953,75.48999786376953,75.48999786376953,75.48999786376953,0
2013-07-09,75.91999816894531,75.91999816894531,75.91999816894531,75.91999816894531,0
2013-07-10,79.54000091552734,79.54000091552734,79.54000091552734,79.54000091552734,0
2013-07-11,77.16000366210938,77.16000366210938,77.16000366210938,77.16000366210938,0
2013-07-12,76.13999938964844,76.13999938964844,76.13999938964844,76.13999938964844,0
2013-07-15,76.22000122070312,76.22000122070312,76.22000122070312,76.22000122070312,0
2013-07-16,80.83999633789062,80.83999633789062,80.83999633789062,80.83999633789062,0
2013-07-17,77.05999755859375,77.05999755859375,77.05999755859375,77.05999755859375,0
2013-07-18,74.68000030517578,74.68000030517578,74.68000030517578,74.68000030517578,0
2013-07-19,73.63999938964844,73.63999938964844,73.63999938964844,73.63999938964844,0
2013-07-22,72.48999786376953,72.48999786376953,72.48999786376953,72.48999786376953,0
2013-07-23,75.05000305175781,75.05000305175781,75.05000305175781,75.05000305175781,0
2013-07-24,76.80000305175781,76.80000305175781,76.80000305175781,76.80000305175781,0
2013-07-25,76.73999786376953,76.73999786376953,76.73999786376953,76.73999786376953,0
2013-07-26,76.54000091552734,76.54000091552734,76.54000091552734,76.54000091552734,0
2013-07-29,76.6500015258789,76.6500015258789,76.6500015258789,76.6500015258789,0
2013-07-30,74.3499984741211,74.3499984741211,74.3499984741211,74.3499984741211,0
2013-07-31,73.08000183105469,73.08000183105469,73.08000183105469,73.08000183105469,0
2013-08-01,71.0999984741211,71.0999984741211,71.0999984741211,71.0999984741211,0
2013-08-02,70.36000061035156,70.36000061035156,70.36000061035156,70.36000061035156,0
2013-08-05,69.73999786376953,69.73999786376953,69.73999786376953,69.73999786376953,0
2013-08-06,75.52999877929688,75.52999877929688,75.52999877929688,75.52999877929688,0
2013-08-07,76.56999969482422,76.56999969482422,76.56999969482422,76.56999969482422,0
2013-08-08,75.41000366210938,75.41000366210938,75.41000366210938,75.41000366210938,0
2013-08-09,77.33000183105469,77.33000183105469,77.33000183105469,77.33000183105469,0
2013-08-12,78.7699966430664,78.7699966430664,78.7699966430664,78.7699966430664,0
2013-08-13,78.94000244140625,78.94000244140625,78.94000244140625,78.94000244140625,0
2013-08-14,80.22000122070312,80.22000122070312,80.22000122070312,80.22000122070312,0
2013-08-15,86.20999908447266,86.20999908447266,86.20999908447266,86.20999908447266,0
2013-08-16,84.08999633789062,84.08999633789062,84.08999633789062,84.08999633789062,0
2013-08-19,86.91000366210938,86.91000366210938,86.91000366210938,86.91000366210938,0
2013-08-20,89.08000183105469,89.08000183105469,89.08000183105469,89.08000183105469,0
2013-08-21,90.37999725341797,90.37999725341797,90.37999725341797,90.37999725341797,0
2013-08-22,84.5199966430664,84.5199966430664,84.5199966430664,84.5199966430664,0
2013-08-23,80.0199966430664,80.0199966430664,80.0199966430664,80.0199966430664,0
2013-08-26,83.05999755859375,83.05999755859375,83.05999755859375,83.05999755859375,0
2013-08-27,92.36000061035156,92.36000061035156,92.36000061035156,92.36000061035156,0
2013-08-28,91.45999908447266,91.45999908447266,91.45999908447266,91.45999908447266,0
2013-08-29,91.48999786376953,91.48999786376953,91.48999786376953,91.48999786376953,0
2013-08-30,92.5999984741211,92.5999984741211,92.5999984741211,92.5999984741211,0
2013-09-03,90.66000366210938,90.66000366210938,90.66000366210938,90.66000366210938,0
2013-09-04,88.27999877929688,88.27999877929688,88.27999877929688,88.27999877929688,0
2013-09-05,85.80000305175781,85.80000305175781,85.80000305175781,85.80000305175781,0
2013-09-06,86.51000213623047,86.51000213623047,86.51000213623047,86.51000213623047,0
2013-09-09,83.45999908447266,83.45999908447266,83.45999908447266,83.45999908447266,0
2013-09-10,79.25,79.25,79.25,79.25,0
2013-09-11,78.4000015258789,78.4000015258789,78.4000015258789,78.4000015258789,0
2013-09-12,80.97000122070312,80.97000122070312,80.97000122070312,80.97000122070312,0
2013-09-13,79.7300033569336,79.7300033569336,79.7300033569336,79.7300033569336,0
2013-09-16,80.08999633789062,80.08999633789062,80.08999633789062,80.08999633789062,0
2013-09-17,79.48999786376953,79.48999786376953,79.48999786376953,79.48999786376953,0
2013-09-18,74.6500015258789,74.6500015258789,74.6500015258789,74.6500015258789,0
2013-09-19,73.22000122070312,73.22000122070312,73.22000122070312,73.22000122070312,0
2013-09-20,76.88999938964844,76.88999938964844,76.88999938964844,76.88999938964844,0
2013-09-23,77.55999755859375,77.55999755859375,77.55999755859375,77.55999755859375,0
2013-09-24,74.77999877929688,74.77999877929688,74.77999877929688,74.77999877929688,0
2013-09-25,73.08000183105469,73.08000183105469,73.08000183105469,73.08000183105469,0
2013-09-26,69.95999908447266,69.95999908447266,69.95999908447266,69.95999908447266,0
2013-09-27,74.93000030517578,74.93000030517578,74.93000030517578,74.93000030517578,0
2013-09-30,81.66999816894531,81.66999816894531,81.66999816894531,81.66999816894531,0
2013-10-01,76.43000030517578,76.43000030517578,76.43000030517578,76.43000030517578,0
2013-10-02,85.7300033569336,85.7300033569336,85.7300033569336,85.7300033569336,0
2013-10-03,93.79000091552734,93.79000091552734,93.79000091552734,93.79000091552734,0
2013-10-04,88.70999908447266,88.70999908447266,88.70999908447266,88.70999908447266,0
2013-10-07,103.08000183105469,103.08000183105469,103.08000183105469,103.08000183105469,0
2013-10-08,106.55000305175781,106.55000305175781,106.55000305175781,106.55000305175781,0
2013-10-09,111.43000030517578,111.43000030517578,111.43000030517578,111.43000030517578,0
2013-10-10,95.30999755859375,95.30999755859375,95.30999755859375,95.30999755859375,0
2013-10-11,90.8499984741211,90.8499984741211,90.8499984741211,90.8499984741211,0
2013-10-14,91.80000305175781,91.80000305175781,91.80000305175781,91.80000305175781,0
2013-10-15,103.37000274658203,103.37000274658203,103.37000274658203,103.37000274658203,0
2013-10-16,85.69999694824219,85.69999694824219,85.69999694824219,85.69999694824219,0
2013-10-17,72.69999694824219,72.69999694824219,72.69999694824219,72.69999694824219,0
2013-10-18,73.41999816894531,73.41999816894531,73.41999816894531,73.41999816894531,0
2013-10-21,75.0199966430664,75.0199966430664,75.0199966430664,75.0199966430664,0
2013-10-22,74.12999725341797,74.12999725341797,74.12999725341797,74.12999725341797,0
2013-10-23,72.43000030517578,72.43000030517578,72.43000030517578,72.43000030517578,0
2013-10-24,70.83999633789062,70.83999633789062,70.83999633789062,70.83999633789062,0
2013-10-25,70.02999877929688,70.02999877929688,70.02999877929688,70.02999877929688,0
2013-10-28,70.16000366210938,70.16000366210938,70.16000366210938,70.16000366210938,0
2013-10-29,68.5199966430664,68.5199966430664,68.5199966430664,68.5199966430664,0
2013-10-30,69.55999755859375,69.55999755859375,69.55999755859375,69.55999755859375,0
2013-10-31,69.44000244140625,69.44000244140625,69.44000244140625,69.44000244140625,0
2013-11-01,68.94000244140625,68.94000244140625,68.94000244140625,68.94000244140625,0
2013-11-04,67.08999633789062,67.08999633789062,67.08999633789062,67.08999633789062,0
2013-11-05,67.41000366210938,67.41000366210938,67.41000366210938,67.41000366210938,0
2013-11-06,67.41000366210938,67.41000366210938,67.41000366210938,67.41000366210938,0
2013-11-07,71.73999786376953,71.73999786376953,71.73999786376953,71.73999786376953,0
2013-11-08,69.38999938964844,69.38999938964844,69.38999938964844,69.38999938964844,0
2013-11-11,69.38999938964844,69.38999938964844,69.38999938964844,69.38999938964844,0
2013-11-12,69.38999938964844,69.38999938964844,69.38999938964844,69.38999938964844,0
2013-11-13,71.37000274658203,71.37000274658203,71.37000274658203,71.37000274658203,0
2013-11-14,71.91000366210938,71.91000366210938,71.91000366210938,71.91000366210938,0
2013-11-15,73.58000183105469,73.58000183105469,73.58000183105469,73.58000183105469,0
2013-11-18,75.05999755859375,75.05999755859375,75.05999755859375,75.05999755859375,0
2013-11-19,74.44999694824219,74.44999694824219,74.44999694824219,74.44999694824219,0
2013-11-20,69.05000305175781,69.05000305175781,69.05000305175781,69.05000305175781,0
2013-11-21,64.94999694824219,64.94999694824219,64.94999694824219,64.94999694824219,0
2013-11-22,63.77000045776367,63.77000045776367,63.77000045776367,63.77000045776367,0
2013-11-25,64.87999725341797,64.87999725341797,64.87999725341797,64.87999725341797,0
2013-11-26,65.13999938964844,65.13999938964844,65.13999938964844,65.13999938964844,0
2013-11-27,64.80999755859375,64.80999755859375,64.80999755859375,64.80999755859375,0
2013-11-29,64.80999755859375,64.80999755859375,64.80999755859375,64.80999755859375,0
2013-12-02,69.58999633789062,69.58999633789062,69.58999633789062,69.58999633789062,0
2013-12-03,73.20999908447266,73.20999908447266,73.20999908447266,73.20999908447266,0
2013-12-04,72.7300033569336,72.7300033569336,72.7300033569336,72.7300033569336,0
2013-12-05,75.80000305175781,75.80000305175781,75.80000305175781,75.80000305175781,0
2013-12-06,70.44999694824219,70.44999694824219,70.44999694824219,70.44999694824219,0
2013-12-09,70.44999694824219,70.44999694824219,70.44999694824219,70.44999694824219,0
2013-12-10,70.44999694824219,70.44999694824219,70.44999694824219,70.44999694824219,0
2013-12-11,80.55000305175781,80.55000305175781,80.55000305175781,80.55000305175781,0
2013-12-12,83.37999725341797,83.37999725341797,83.37999725341797,83.37999725341797,0
2013-12-13,85.38999938964844,85.38999938964844,85.38999938964844,85.38999938964844,0
2013-12-16,83.19999694824219,83.19999694824219,83.19999694824219,83.19999694824219,0
2013-12-17,82.2300033569336,82.2300033569336,82.2300033569336,82.2300033569336,0
2013-12-18,67.16999816894531,67.16999816894531,67.16999816894531,67.16999816894531,0
2013-12-19,67.02999877929688,67.02999877929688,67.02999877929688,67.02999877929688,0
2013-12-20,68.0,68.0,68.0,68.0,0
2013-12-23,63.4900016784668,63.4900016784668,63.4900016784668,63.4900016784668,0
2013-12-24,63.4900016784668,63.4900016784668,63.4900016784668,63.4900016784668,0
2013-12-26,62.709999084472656,62.709999084472656,62.709999084472656,62.709999084472656,0
2013-12-27,66.66999816894531,66.66999816894531,66.66999816894531,66.66999816894531,0
2013-12-30,69.70999908447266,69.70999908447266,69.70999908447266,69.70999908447266,0
2013-12-31,70.83000183105469,70.83000183105469,70.83000183105469,70.83000183105469,0
2014-01-02,73.13999938964844,73.13999938964844,73.13999938964844,73.13999938964844,0
2014-01-03,70.02999877929688,70.02999877929688,70.02999877929688,70.02999877929688,0
2014-01-06,68.33000183105469,68.33000183105469,68.33000183105469,68.33000183105469,0
2014-01-07,68.33000183105469,68.33000183105469,68.33000183105469,68.33000183105469,0
2014-01-08,68.33000183105469,68.33000183105469,68.33000183105469,68.33000183105469,0
2014-01-09,68.33000183105469,68.33000183105469,68.33000183105469,68.33000183105469,0
2014-01-10,67.73999786376953,67.73999786376953,67.73999786376953,67.73999786376953,0
2014-01-13,75.70999908447266,75.70999908447266,75.70999908447266,75.70999908447266,0
2014-01-14,69.30999755859375,69.30999755859375,69.30999755859375,69.30999755859375,0
2014-01-15,69.55999755859375,69.55999755859375,69.55999755859375,69.55999755859375,0
2014-01-16,73.9800033569336,73.9800033569336,73.9800033569336,73.9800033569336,0
2014-01-17,75.72000122070312,75.72000122070312,75.72000122070312,75.72000122070312,0
2014-01-21,77.77999877929688,77.77999877929688,77.77999877929688,77.77999877929688,0
2014-01-22,74.45999908447266,74.45999908447266,74.45999908447266,74.45999908447266,0
2014-01-23,78.25,78.25,78.25,78.25,0
2014-01-24,97.70999908447266,97.70999908447266,97.70999908447266,97.70999908447266,0
2014-01-27,93.5,93.5,93.5,93.5,0
2014-01-28,83.95999908447266,83.95999908447266,83.95999908447266,83.95999908447266,0
2014-01-29,92.47000122070312,92.47000122070312,92.47000122070312,92.47000122070312,0
2014-01-30,92.3499984741211,92.3499984741211,92.3499984741211,92.3499984741211,0
2014-01-31,99.66000366210938,99.66000366210938,99.66000366210938,99.66000366210938,0
2014-02-03,106.77999877929688,106.77999877929688,106.77999877929688,106.77999877929688,0
2014-02-04,100.4000015258789,100.4000015258789,100.4000015258789,100.4000015258789,0
2014-02-05,102.87000274658203,102.87000274658203,102.87000274658203,102.87000274658203,0
2014-02-06,92.58000183105469,92.58000183105469,92.58000183105469,92.58000183105469,0
2014-02-07,83.16999816894531,83.16999816894531,83.16999816894531,83.16999816894531,0
2014-02-10,79.88999938964844,79.88999938964844,79.88999938964844,79.88999938964844,0
2014-02-11,78.63999938964844,78.63999938964844,78.63999938964844,78.63999938964844,0
2014-02-12,79.55999755859375,79.55999755859375,79.55999755859375,79.55999755859375,0
2014-02-13,78.41000366210938,78.41000366210938,78.41000366210938,78.41000366210938,0
2014-02-14,77.48999786376953,77.48999786376953,77.48999786376953,77.48999786376953,0
2014-02-18,75.81999969482422,75.81999969482422,75.81999969482422,75.81999969482422,0
2014-02-19,86.2300033569336,86.2300033569336,86.2300033569336,86.2300033569336,0
2014-02-20,79.83000183105469,79.83000183105469,79.83000183105469,79.83000183105469,0
2014-02-21,78.95999908447266,78.95999908447266,78.95999908447266,78.95999908447266,0
2014-02-24,77.83999633789062,77.83999633789062,77.83999633789062,77.83999633789062,0
2014-02-25,76.45999908447266,76.45999908447266,76.45999908447266,76.45999908447266,0
2014-02-26,79.41999816894531,79.41999816894531,79.41999816894531,79.41999816894531,0
2014-02-27,78.94000244140625,78.94000244140625,78.94000244140625,78.94000244140625,0
2014-02-28,81.44999694824219,81.44999694824219,81.44999694824219,81.44999694824219,0
2014-03-03,92.83999633789062,92.83999633789062,92.83999633789062,92.83999633789062,0
2014-03-04,82.13999938964844,82.13999938964844,82.13999938964844,82.13999938964844,0
2014-03-05,80.5199966430664,80.5199966430664,80.5199966430664,80.5199966430664,0
2014-03-06,79.55000305175781,79.55000305175781,79.55000305175781,79.55000305175781,0
2014-03-07,83.06999969482422,83.06999969482422,83.06999969482422,83.06999969482422,0
2014-03-10,82.3499984741211,82.3499984741211,82.3499984741211,82.3499984741211,0
2014-03-11,85.12000274658203,85.12000274658203,85.12000274658203,85.12000274658203,0
2014-03-12,83.44999694824219,83.44999694824219,83.44999694824219,83.44999694824219,0
2014-03-13,92.13999938964844,92.13999938964844,92.13999938964844,92.13999938964844,0
2014-03-14,97.11000061035156,97.11000061035156,97.11000061035156,97.11000061035156,0
2014-03-17,87.79000091552734,87.79000091552734,87.79000091552734,87.79000091552734,0
2014-03-18,81.88999938964844,81.88999938964844,81.88999938964844,81.88999938964844,0
2014-03-19,81.3499984741211,81.3499984741211,81.3499984741211,81.3499984741211,0
2014-03-20,77.02999877929688,77.02999877929688,77.02999877929688,77.02999877929688,0
2014-03-21,78.63999938964844,78.63999938964844,78.63999938964844,78.63999938964844,0
2014-03-24,77.29000091552734,77.29000091552734,77.29000091552734,77.29000091552734,0
2014-03-25,74.7699966430664,74.7699966430664,74.7699966430664,74.7699966430664,0
2014-03-26,76.2699966430664,76.2699966430664,76.2699966430664,76.2699966430664,0
2014-03-27,74.70999908447266,74.70999908447266,74.70999908447266,74.70999908447266,0
2014-03-28,74.86000061035156,74.86000061035156,74.86000061035156,74.86000061035156,0
2014-03-31,72.19999694824219,72.19999694824219,72.19999694824219,72.19999694824219,0
2014-04-01,67.51000213623047,67.51000213623047,67.51000213623047,67.51000213623047,0
2014-04-02,67.33000183105469,67.33000183105469,67.33000183105469,67.33000183105469,0
2014-04-03,67.7300033569336,67.7300033569336,67.7300033569336,67.7300033569336,0
2014-04-04,69.52999877929688,69.52999877929688,69.52999877929688,69.52999877929688,0
2014-04-07,74.51000213623047,74.51000213623047,74.51000213623047,74.51000213623047,0
2014-04-08,71.43000030517578,71.43000030517578,71.43000030517578,71.43000030517578,0
2014-04-09,69.19000244140625,69.19000244140625,69.19000244140625,69.19000244140625,0
2014-04-10,78.55999755859375,78.55999755859375,78.55999755859375,78.55999755859375,0
2014-04-11,83.94000244140625,83.94000244140625,83.94000244140625,83.94000244140625,0
2014-04-14,82.19999694824219,82.19999694824219,82.19999694824219,82.19999694824219,0
2014-04-15,80.66999816894531,80.66999816894531,80.66999816894531,80.66999816894531,0
2014-04-16,72.08000183105469,72.08000183105469,72.08000183105469,72.08000183105469,0
2014-04-17,70.08000183105469,70.08000183105469,70.08000183105469,70.08000183105469,0
2014-04-21,68.62000274658203,68.62000274658203,68.62000274658203,68.62000274658203,0
2014-04-22,66.73999786376953,66.73999786376953,66.73999786376953,66.73999786376953,0
2014-04-23,66.22000122070312,66.22000122070312,66.22000122070312,66.22000122070312,0
2014-04-24,68.75,68.75,68.75,68.75,0
2014-04-25,70.48999786376953,70.48999786376953,70.48999786376953,70.48999786376953,0
2014-04-28,67.62999725341797,67.62999725341797,67.62999725341797,67.62999725341797,0
2014-04-29,65.47000122070312,65.47000122070312,65.47000122070312,65.47000122070312,0
2014-04-30,64.48999786376953,64.48999786376953,64.48999786376953,64.48999786376953,0
2014-05-01,64.5,64.5,64.5,64.5,0
2014-05-02,64.54000091552734,64.54000091552734,64.54000091552734,64.54000091552734,0
2014-05-05,64.4000015258789,64.4000015258789,64.4000015258789,64.4000015258789,0
2014-05-06,64.93000030517578,64.93000030517578,64.93000030517578,64.93000030517578,0
2014-05-07,62.63999938964844,62.63999938964844,62.63999938964844,62.63999938964844,0
2014-05-08,62.15999984741211,62.15999984741211,62.15999984741211,62.15999984741211,0
2014-05-09,61.7599983215332,61.7599983215332,61.7599983215332,61.7599983215332,0
2014-05-12,61.7599983215332,61.7599983215332,61.7599983215332,61.7599983215332,0
2014-05-13,61.7599983215332,61.7599983215332,61.7599983215332,61.7599983215332,0
2014-05-14,69.02999877929688,69.02999877929688,69.02999877929688,69.02999877929688,0
2014-05-15,71.5999984741211,71.5999984741211,71.5999984741211,71.5999984741211,0
2014-05-16,68.72000122070312,68.72000122070312,68.72000122070312,68.72000122070312,0
2014-05-19,67.58000183105469,67.58000183105469,67.58000183105469,67.58000183105469,0
2014-05-20,68.7699966430664,68.7699966430664,68.7699966430664,68.7699966430664,0
2014-05-21,66.55999755859375,66.55999755859375,66.55999755859375,66.55999755859375,0
2014-05-22,68.05999755859375,68.05999755859375,68.05999755859375,68.05999755859375,0
2014-05-23,66.86000061035156,66.86000061035156,66.86000061035156,66.86000061035156,0
2014-05-27,64.94999694824219,64.94999694824219,64.94999694824219,64.94999694824219,0
2014-05-28,67.37000274658203,67.37000274658203,67.37000274658203,67.37000274658203,0
2014-05-29,66.93000030517578,66.93000030517578,66.93000030517578,66.93000030517578,0
2014-05-30,67.94999694824219,67.94999694824219,67.94999694824219,67.94999694824219,0
2014-06-02,68.76000213623047,68.76000213623047,68.76000213623047,68.76000213623047,0
2014-06-03,68.19000244140625,68.19000244140625,68.19000244140625,68.19000244140625,0
2014-06-04,67.66999816894531,67.66999816894531,67.66999816894531,67.66999816894531,0
2014-06-05,65.47000122070312,65.47000122070312,65.47000122070312,65.47000122070312,0
2014-06-06,67.08000183105469,67.08000183105469,67.08000183105469,67.08000183105469,0
2014-06-09,70.87999725341797,70.87999725341797,70.87999725341797,70.87999725341797,0
2014-06-10,70.5,70.5,70.5,70.5,0
2014-06-11,74.20999908447266,74.20999908447266,74.20999908447266,74.20999908447266,0
2014-06-12,79.97000122070312,79.97000122070312,79.97000122070312,79.97000122070312,0
2014-06-13,79.80999755859375,79.80999755859375,79.80999755859375,79.80999755859375,0
2014-06-16,81.5,81.5,81.5,81.5,0
2014-06-17,78.41000366210938,78.41000366210938,78.41000366210938,78.41000366210938,0
2014-06-18,71.76000213623047,71.76000213623047,71.76000213623047,71.76000213623047,0
2014-06-19,73.41000366210938,73.41000366210938,73.41000366210938,73.41000366210938,0
2014-06-20,73.33000183105469,73.33000183105469,73.33000183105469,73.33000183105469,0
2014-06-23,72.58000183105469,72.58000183105469,72.58000183105469,72.58000183105469,0
2014-06-24,75.23999786376953,75.23999786376953,75.23999786376953,75.23999786376953,0
2014-06-25,72.30999755859375,72.30999755859375,72.30999755859375,72.30999755859375,0
2014-06-26,72.86000061035156,72.86000061035156,72.86000061035156,72.86000061035156,0
2014-06-27,72.72000122070312,72.72000122070312,72.72000122070312,72.72000122070312,0
2014-06-30,71.55999755859375,71.55999755859375,71.55999755859375,71.55999755859375,0
2014-07-01,69.27999877929688,69.27999877929688,69.27999877929688,69.27999877929688,0
2014-07-02,68.1500015258789,68.1500015258789,68.1500015258789,68.1500015258789,0
2014-07-03,68.3499984741211,68.3499984741211,68.3499984741211,68.3499984741211,0
2014-07-07,71.66000366210938,71.66000366210938,71.66000366210938,71.66000366210938,0
2014-07-08,73.20999908447266,73.20999908447266,73.20999908447266,73.20999908447266,0
2014-07-09,76.27999877929688,76.27999877929688,76.27999877929688,76.27999877929688,0
2014-07-10,82.13999938964844,82.13999938964844,82.13999938964844,82.13999938964844,0
2014-07-11,79.91000366210938,79.91000366210938,79.91000366210938,79.91000366210938,0
2014-07-14,77.29000091552734,77.29000091552734,77.29000091552734,77.29000091552734,0
2014-07-15,78.91999816894531,78.91999816894531,78.91999816894531,78.91999816894531,0
2014-07-16,75.80999755859375,75.80999755859375,75.80999755859375,75.80999755859375,0
2014-07-17,89.95999908447266,89.95999908447266,89.95999908447266,89.95999908447266,0
2014-07-18,80.37000274658203,80.37000274658203,80.37000274658203,80.37000274658203,0
2014-07-21,81.41000366210938,81.41000366210938,81.41000366210938,81.41000366210938,0
2014-07-22,75.22000122070312,75.22000122070312,75.22000122070312,75.22000122070312,0
2014-07-23,76.63999938964844,76.63999938964844,76.63999938964844,76.63999938964844,0
2014-07-24,77.66000366210938,77.66000366210938,77.66000366210938,77.66000366210938,0
2014-07-25,81.08000183105469,81.08000183105469,81.08000183105469,81.08000183105469,0
2014-07-28,81.20999908447266,81.20999908447266,81.20999908447266,81.20999908447266,0
2014-07-29,81.72000122070312,81.72000122070312,81.72000122070312,81.72000122070312,0
2014-07-30,83.58000183105469,83.58000183105469,83.58000183105469,83.58000183105469,0
2014-07-31,97.41999816894531,97.41999816894531,97.41999816894531,97.41999816894531,0
2014-08-01,101.11000061035156,101.11000061035156,101.11000061035156,101.11000061035156,0
2014-08-04,93.12000274658203,93.12000274658203,93.12000274658203,93.12000274658203,0
2014-08-05,98.31999969482422,98.31999969482422,98.31999969482422,98.31999969482422,0
2014-08-06,96.37999725341797,96.37999725341797,96.37999725341797,96.37999725341797,0
2014-08-07,97.4000015258789,97.4000015258789,97.4000015258789,97.4000015258789,0
2014-08-08,91.83999633789062,91.83999633789062,91.83999633789062,91.83999633789062,0
2014-08-11,87.54000091552734,87.54000091552734,87.54000091552734,87.54000091552734,0
2014-08-12,85.9800033569336,85.9800033569336,85.9800033569336,85.9800033569336,0
2014-08-13,81.2699966430664,81.2699966430664,81.2699966430664,81.2699966430664,0
2014-08-14,78.4800033569336,78.4800033569336,78.4800033569336,78.4800033569336,0
2014-08-15,82.19999694824219,82.19999694824219,82.19999694824219,82.19999694824219,0
2014-08-18,81.0199966430664,81.0199966430664,81.0199966430664,81.0199966430664,0
2014-08-19,80.83999633789062,80.83999633789062,80.83999633789062,80.83999633789062,0
2014-08-20,79.9000015258789,79.9000015258789,79.9000015258789,79.9000015258789,0
2014-08-21,79.61000061035156,79.61000061035156,79.61000061035156,79.61000061035156,0
2014-08-22,79.58000183105469,79.58000183105469,79.58000183105469,79.58000183105469,0
2014-08-25,79.33000183105469,79.33000183105469,79.33000183105469,79.33000183105469,0
2014-08-26,79.38999938964844,79.38999938964844,79.38999938964844,79.38999938964844,0
2014-08-27,78.8499984741211,78.8499984741211,78.8499984741211,78.8499984741211,0
2014-08-28,80.52999877929688,80.52999877929688,80.52999877929688,80.52999877929688,0
2014-08-29,81.11000061035156,81.11000061035156,81.11000061035156,81.11000061035156,0
2014-09-02,82.41000366210938,82.41000366210938,82.41000366210938,82.41000366210938,0
2014-09-03,80.7699966430664,80.7699966430664,80.7699966430664,80.7699966430664,0
2014-09-04,79.98999786376953,79.98999786376953,79.98999786376953,79.98999786376953,0
2014-09-05,77.33000183105469,77.33000183105469,77.33000183105469,77.33000183105469,0
2014-09-08,77.83999633789062,77.83999633789062,77.83999633789062,77.83999633789062,0
2014-09-09,79.30000305175781,79.30000305175781,79.30000305175781,79.30000305175781,0
2014-09-10,82.12000274658203,82.12000274658203,82.12000274658203,82.12000274658203,0
2014-09-11,83.0999984741211,83.0999984741211,83.0999984741211,83.0999984741211,0
2014-09-12,89.25,89.25,89.25,89.25,0
2014-09-15,91.58000183105469,91.58000183105469,91.58000183105469,91.58000183105469,0
2014-09-16,84.5199966430664,84.5199966430664,84.5199966430664,84.5199966430664,0
2014-09-17,81.5199966430664,81.5199966430664,81.5199966430664,81.5199966430664,0
2014-09-18,77.47000122070312,77.47000122070312,77.47000122070312,77.47000122070312,0
2014-09-19,77.69999694824219,77.69999694824219,77.69999694824219,77.69999694824219,0
2014-09-22,87.41000366210938,87.41000366210938,87.41000366210938,87.41000366210938,0
2014-09-23,91.9000015258789,91.9000015258789,91.9000015258789,91.9000015258789,0
2014-09-24,86.20999908447266,86.20999908447266,86.20999908447266,86.20999908447266,0
2014-09-25,96.72000122070312,96.72000122070312,96.72000122070312,96.72000122070312,0
2014-09-26,90.62999725341797,90.62999725341797,90.62999725341797,90.62999725341797,0
2014-09-29,95.0199966430664,95.0199966430664,95.0199966430664,95.0199966430664,0
2014-09-30,92.47000122070312,92.47000122070312,92.47000122070312,92.47000122070312,0
2014-10-01,98.12000274658203,98.12000274658203,98.12000274658203,98.12000274658203,0
2014-10-02,93.75,93.75,93.75,93.75,0
2014-10-03,87.7699966430664,87.7699966430664,87.7699966430664,87.7699966430664,0
2014-10-06,88.7300033569336,88.7300033569336,88.7300033569336,88.7300033569336,0
2014-10-07,99.19999694824219,99.19999694824219,99.19999694824219,99.19999694824219,0
2014-10-08,89.08000183105469,89.08000183105469,89.08000183105469,89.08000183105469,0
2014-10-09,102.12999725341797,102.12999725341797,102.12999725341797,102.12999725341797,0
2014-10-10,113.37999725341797,113.37999725341797,113.37999725341797,113.37999725341797,0
2014-10-13,131.57000732421875,131.57000732421875,131.57000732421875,131.57000732421875,0
2014-10-14,120.61000061035156,120.61000061035156,120.61000061035156,120.61000061035156,0
2014-10-15,129.00999450683594,129.00999450683594,129.00999450683594,129.00999450683594,0
2014-10-16,121.94000244140625,121.94000244140625,121.94000244140625,121.94000244140625,0
2014-10-17,118.83999633789062,118.83999633789062,118.83999633789062,118.83999633789062,0
2014-10-20,108.83000183105469,108.83000183105469,108.83000183105469,108.83000183105469,0
2014-10-21,104.08999633789062,104.08999633789062,104.08999633789062,104.08999633789062,0
2014-10-22,108.81999969482422,108.81999969482422,108.81999969482422,108.81999969482422,0
2014-10-23,102.05000305175781,102.05000305175781,102.05000305175781,102.05000305175781,0
2014-10-24,104.37999725341797,104.37999725341797,104.37999725341797,104.37999725341797,0
2014-10-27,100.75,100.75,100.75,100.75,0
2014-10-28,95.88999938964844,95.88999938964844,95.88999938964844,95.88999938964844,0
2014-10-29,99.33999633789062,99.33999633789062,99.33999633789062,99.33999633789062,0
2014-10-30,98.5199966430664,98.5199966430664,98.5199966430664,98.5199966430664,0
2014-10-31,94.0999984741211,94.0999984741211,94.0999984741211,94.0999984741211,0
2014-11-03,93.19000244140625,93.19000244140625,93.19000244140625,93.19000244140625,0
2014-11-04,92.44000244140625,92.44000244140625,92.44000244140625,92.44000244140625,0
2014-11-05,87.08000183105469,87.08000183105469,87.08000183105469,87.08000183105469,0
2014-11-06,83.41999816894531,83.41999816894531,83.41999816894531,83.41999816894531,0
2014-11-07,80.44000244140625,80.44000244140625,80.44000244140625,80.44000244140625,0
2014-11-10,79.69999694824219,79.69999694824219,79.69999694824219,79.69999694824219,0
2014-11-11,79.79000091552734,79.79000091552734,79.79000091552734,79.79000091552734,0
2014-11-12,83.0999984741211,83.0999984741211,83.0999984741211,83.0999984741211,0
2014-11-13,86.29000091552734,86.29000091552734,86.29000091552734,86.29000091552734,0
2014-11-14,85.58000183105469,85.58000183105469,85.58000183105469,85.58000183105469,0
2014-11-17,84.79000091552734,84.79000091552734,84.79000091552734,84.79000091552734,0
2014-11-18,82.5999984741211,82.5999984741211,82.5999984741211,82.5999984741211,0
2014-11-19,81.05999755859375,81.05999755859375,81.05999755859375,81.05999755859375,0
2014-11-20,79.13999938964844,79.13999938964844,79.13999938964844,79.13999938964844,0
2014-11-21,79.33999633789062,79.33999633789062,79.33999633789062,79.33999633789062,0
2014-11-24,79.25,79.25,79.25,79.25,0
2014-11-25,77.93000030517578,77.93000030517578,77.93000030517578,77.93000030517578,0
2014-11-26,77.04000091552734,77.04000091552734,77.04000091552734,77.04000091552734,0
2014-11-28,79.83999633789062,79.83999633789062,79.83999633789062,79.83999633789062,0
2014-12-01,86.83999633789062,86.83999633789062,86.83999633789062,86.83999633789062,0
2014-12-02,83.47000122070312,83.47000122070312,83.47000122070312,83.47000122070312,0
2014-12-03,86.44999694824219,86.44999694824219,86.44999694824219,86.44999694824219,0
2014-12-04,85.16999816894531,85.16999816894531,85.16999816894531,85.16999816894531,0
2014-12-05,85.41000366210938,85.41000366210938,85.41000366210938,85.41000366210938,0
2014-12-08,94.44999694824219,94.44999694824219,94.44999694824219,94.44999694824219,0
2014-12-09,97.12999725341797,97.12999725341797,97.12999725341797,97.12999725341797,0
2014-12-10,117.31999969482422,117.31999969482422,117.31999969482422,117.31999969482422,0
2014-12-11,132.39999389648438,132.39999389648438,132.39999389648438,132.39999389648438,0
2014-12-12,138.60000610351562,138.60000610351562,138.60000610351562,138.60000610351562,0
2014-12-15,128.22000122070312,128.22000122070312,128.22000122070312,128.22000122070312,0
2014-12-16,132.94000244140625,132.94000244140625,132.94000244140625,132.94000244140625,0
2014-12-17,114.37000274658203,114.37000274658203,114.37000274658203,114.37000274658203,0
2014-12-18,107.23999786376953,107.23999786376953,107.23999786376953,107.23999786376953,0
2014-12-19,99.16999816894531,99.16999816894531,99.16999816894531,99.16999816894531,0
2014-12-22,99.69000244140625,99.69000244140625,99.69000244140625,99.69000244140625,0
2014-12-23,94.7300033569336,94.7300033569336,94.7300033569336,94.7300033569336,0
2014-12-24,95.29000091552734,95.29000091552734,95.29000091552734,95.29000091552734,0
2014-12-26,92.27999877929688,92.27999877929688,92.27999877929688,92.27999877929688,0
2014-12-29,94.86000061035156,94.86000061035156,94.86000061035156,94.86000061035156,0
2014-12-30,97.83999633789062,97.83999633789062,97.83999633789062,97.83999633789062,0
2014-12-31,113.08000183105469,113.08000183105469,113.08000183105469,113.08000183105469,0
2015-01-02,112.55000305175781,119.81999969482422,107.04000091552734,109.55999755859375,0
2015-01-05,121.87000274658203,125.12000274658203,115.3499984741211,115.4800033569336,0
2015-01-06,118.44999694824219,125.68000030517578,114.0999984741211,120.69000244140625,0
2015-01-07,107.69000244140625,113.33000183105469,107.45999908447266,113.30999755859375,0
2015-01-08,98.44000244140625,103.80000305175781,98.18000030517578,103.80000305175781,0
2015-01-09,103.7699966430664,103.8499984741211,97.91999816894531,97.91999816894531,0
2015-01-12,109.04000091552734,111.44999694824219,105.55000305175781,105.55000305175781,0
2015-01-13,109.22000122070312,111.91000366210938,102.66999816894531,105.79000091552734,0
2015-01-14,113.5,119.55000305175781,113.41000366210938,118.22000122070312,0
2015-01-15,117.06999969482422,117.55000305175781,111.58000183105469,113.26000213623047,0
2015-01-16,111.31999969482422,117.3499984741211,111.31999969482422,116.01000213623047,0
2015-01-20,108.4000015258789,113.55000305175781,107.55000305175781,111.04000091552734,0
2015-01-21,98.62000274658203,110.20999908447266,98.56999969482422,109.58999633789062,0
2015-01-22,93.25,99.02999877929688,92.91999816894531,96.88999938964844,0
2015-01-23,96.33000183105469,98.55000305175781,93.54000091552734,94.55999755859375,0
2015-01-26,91.94000244140625,97.73999786376953,91.8499984741211,96.69999694824219,0
2015-01-27,96.11000061035156,100.11000061035156,96.0199966430664,97.80999755859375,0
2015-01-28,108.68000030517578,109.11000061035156,95.1500015258789,96.0199966430664,0
2015-01-29,100.69999694824219,109.98999786376953,100.69999694824219,106.55000305175781,0
2015-01-30,108.98999786376953,111.5199966430664,102.69000244140625,104.66000366210938,0
2015-02-02,106.73999786376953,113.56999969482422,106.47000122070312,108.23999786376953,0
2015-02-03,101.02999877929688,105.37999725341797,100.91999816894531,105.22000122070312,0
2015-02-04,103.73999786376953,103.80000305175781,98.6500015258789,102.91999816894531,0
2015-02-05,98.55999755859375,101.44000244140625,97.66999816894531,101.44000244140625,0
2015-02-06,101.69000244140625,104.79000091552734,94.91000366210938,96.91000366210938,0
2015-02-09,104.19000244140625,107.5,104.19000244140625,107.20999908447266,0
2015-02-10,97.33000183105469,103.0999984741211,96.87000274658203,102.31999969482422,0
2015-02-11,98.7300033569336,102.30999755859375,98.7300033569336,102.1500015258789,0
2015-02-12,93.23999786376953,98.20999908447266,92.30999755859375,97.69999694824219,0
2015-02-13,92.73999786376953,95.08999633789062,91.9000015258789,93.22000122070312,0
2015-02-17,92.94999694824219,95.36000061035156,92.26000213623047,95.20999908447266,0
2015-02-18,89.37999725341797,95.05999755859375,88.68000030517578,94.20999908447266,0
2015-02-19,87.5999984741211,90.43000030517578,86.63999938964844,90.19999694824219,0
2015-02-20,85.77999877929688,89.6500015258789,85.36000061035156,88.86000061035156,0
2015-02-23,86.12999725341797,88.5,85.25,87.87000274658203,0
2015-02-24,82.6500015258789,85.62000274658203,80.87999725341797,85.43000030517578,0
2015-02-25,86.56999969482422,88.22000122070312,81.7300033569336,83.2699966430664,0
2015-02-26,86.93000030517578,89.62000274658203,84.66000366210938,85.97000122070312,0
2015-02-27,85.2300033569336,87.66999816894531,84.47000122070312,87.37000274658203,0
2015-03-02,81.83999633789062,87.5199966430664,81.83000183105469,87.47000122070312,0
2015-03-03,85.05000305175781,86.62000274658203,82.06999969482422,82.62999725341797,0
2015-03-04,84.0999984741211,89.5,84.02999877929688,86.5199966430664,0
2015-03-05,81.26000213623047,84.41000366210938,81.05999755859375,84.30000305175781,0
2015-03-06,86.87999725341797,88.31999969482422,81.20999908447266,82.7300033569336,0
2015-03-09,85.55000305175781,88.91999816894531,85.08000183105469,88.75,0
2015-03-10,91.88999938964844,92.4000015258789,88.7300033569336,89.45999908447266,0
2015-03-11,97.27999877929688,97.61000061035156,93.88999938964844,93.9800033569336,0
2015-03-12,89.4800033569336,95.0,88.77999877929688,94.62999725341797,0
2015-03-13,93.12000274658203,96.0199966430664,88.5,89.45999908447266,0
2015-03-16,90.54000091552734,93.04000091552734,89.63999938964844,92.23999786376953,0
2015-03-17,88.25,91.25,86.81999969482422,91.0999984741211,0
2015-03-18,81.22000122070312,89.6500015258789,80.2300033569336,88.63999938964844,0
2015-03-19,81.61000061035156,83.43000030517578,80.33000183105469,82.55000305175781,0
2015-03-20,80.48999786376953,80.86000061035156,77.70999908447266,79.48999786376953,0
2015-03-23,79.9800033569336,81.41000366210938,78.37000274658203,81.05000305175781,0
2015-03-24,80.04000091552734,80.68000030517578,77.02999877929688,78.80999755859375,0
2015-03-25,83.5199966430664,84.43000030517578,78.75,78.76000213623047,0
2015-03-26,87.02999877929688,88.6500015258789,82.86000061035156,87.11000061035156,0
2015-03-27,86.5,88.05000305175781,86.22000122070312,86.87999725341797,0
2015-03-30,82.16000366210938,85.77999877929688,81.80999755859375,85.72000122070312,0
2015-03-31,84.01000213623047,84.37999725341797,81.5,82.66999816894531,0
2015-04-01,82.81999969482422,87.79000091552734,82.76000213623047,84.18000030517578,0
2015-04-02,80.20999908447266,83.08000183105469,80.02999877929688,82.38999938964844,0
2015-04-06,80.30000305175781,83.94999694824219,79.9000015258789,83.87000274658203,0
2015-04-07,79.69999694824219,80.33000183105469,78.98999786376953,80.33000183105469,0
2015-04-08,84.76000213623047,86.48999786376953,83.69999694824219,85.7300033569336,0
2015-04-09,80.70999908447266,86.0,80.5999984741211,84.19999694824219,0
2015-04-10,78.91000366210938,80.66000366210938,78.26000213623047,80.13999938964844,0
2015-04-13,83.80000305175781,85.77999877929688,78.94000244140625,79.18000030517578,0
2015-04-14,81.91000366210938,85.1500015258789,81.23999786376953,83.47000122070312,0
2015-04-15,79.83000183105469,82.0999984741211,79.4800033569336,81.68000030517578,0
2015-04-16,79.77999877929688,81.19000244140625,78.70999908447266,80.2300033569336,0
2015-04-17,85.97000122070312,89.0,82.2699966430664,82.8499984741211,0
2015-04-20,81.4800033569336,84.44000244140625,79.66999816894531,84.44000244140625,0
2015-04-21,81.29000091552734,82.83000183105469,79.80999755859375,80.66999816894531,0
2015-04-22,79.69999694824219,83.04000091552734,79.55999755859375,81.25,0
2015-04-23,78.16999816894531,80.5999984741211,77.61000061035156,80.55999755859375,0
2015-04-24,76.43000030517578,78.93000030517578,76.19999694824219,78.0,0
2015-04-27,81.22000122070312,82.26000213623047,76.4800033569336,76.51000213623047,0
2015-04-28,77.68000030517578,85.41999816894531,77.62999725341797,82.06999969482422,0
2015-04-29,82.2699966430664,84.80999755859375,79.44000244140625,80.30000305175781,0
2015-04-30,87.08000183105469,88.55000305175781,82.19999694824219,83.08000183105469,0
2015-05-01,79.63999938964844,85.04000091552734,79.56999969482422,84.54000091552734,0
2015-05-04,78.55999755859375,81.18000030517578,78.55999755859375,80.79000091552734,0
2015-05-05,84.44999694824219,84.75,80.06999969482422,80.36000061035156,0
2015-05-06,90.80000305175781,95.72000122070312,82.19999694824219,82.19999694824219,0
2015-05-07,89.20999908447266,93.69999694824219,89.18000030517578,90.44999694824219,0
2015-05-08,79.44000244140625,84.36000061035156,78.62000274658203,83.91999816894531,0
2015-05-11,83.11000061035156,83.11000061035156,78.23999786376953,80.94000244140625,0
2015-05-12,84.63999938964844,85.80999755859375,82.47000122070312,84.37000274658203,0
2015-05-13,84.44999694824219,87.55999755859375,84.08999633789062,86.5199966430664,0
2015-05-14,82.33999633789062,83.86000061035156,80.16999816894531,83.38999938964844,0
2015-05-15,80.93000030517578,83.27999877929688,80.83000183105469,81.37000274658203,0
2015-05-18,82.05999755859375,82.36000061035156,80.58999633789062,82.29000091552734,0
2015-05-19,77.52999877929688,82.91000366210938,77.11000061035156,81.44999694824219,0
2015-05-20,77.02999877929688,79.83000183105469,75.3499984741211,77.83000183105469,0
2015-05-21,73.18000030517578,77.94000244140625,72.62000274658203,77.72000122070312,0
2015-05-22,75.9800033569336,76.41000366210938,72.19999694824219,73.06999969482422,0
2015-05-26,81.94000244140625,84.13999938964844,77.76000213623047,78.31999969482422,0
2015-05-27,77.79000091552734,81.58000183105469,76.88999938964844,80.86000061035156,0
2015-05-28,77.3499984741211,80.20999908447266,77.3499984741211,78.83000183105469,0
2015-05-29,79.06999969482422,80.62000274658203,77.37999725341797,78.94000244140625,0
2015-06-01,78.88999938964844,80.79000091552734,78.12000274658203,79.01000213623047,0
2015-06-02,80.61000061035156,81.72000122070312,78.45999908447266,80.47000122070312,0
2015-06-03,79.2699966430664,80.51000213623047,78.36000061035156,79.41999816894531,0
2015-06-04,87.98999786376953,89.61000061035156,80.58000183105469,80.66000366210938,0
2015-06-05,84.0999984741211,89.12999725341797,83.55999755859375,87.8499984741211,0
2015-06-08,86.5,87.33000183105469,85.29000091552734,85.66999816894531,0
2015-06-09,84.33999633789062,87.23999786376953,83.55000305175781,86.23999786376953,0
2015-06-10,81.5999984741211,88.41000366210938,81.0999984741211,88.33000183105469,0
2015-06-11,79.52999877929688,81.37000274658203,77.81999969482422,81.04000091552734,0
2015-06-12,85.55000305175781,88.08000183105469,80.02999877929688,80.52999877929688,0
2015-06-15,96.12000274658203,97.69999694824219,90.31999969482422,90.31999969482422,0
2015-06-16,95.95999908447266,97.41999816894531,94.12000274658203,95.6500015258789,0
2015-06-17,93.19000244140625,96.63999938964844,91.12999725341797,94.66999816894531,0
2015-06-18,89.19999694824219,91.80999755859375,88.11000061035156,91.44000244140625,0
2015-06-19,92.16000366210938,92.9800033569336,88.69999694824219,89.83000183105469,0
2015-06-22,83.87000274658203,89.2699966430664,83.22000122070312,89.2699966430664,0
2015-06-23,78.8499984741211,84.58000183105469,78.83999633789062,82.56999969482422,0
2015-06-24,82.52999877929688,83.26000213623047,78.45999908447266,80.37000274658203,0
2015-06-25,83.51000213623047,83.94999694824219,79.05999755859375,80.73999786376953,0
2015-06-26,83.08999633789062,85.5999984741211,81.51000213623047,81.51000213623047,0
2015-06-29,117.0,117.5999984741211,91.20999908447266,92.38999938964844,0
2015-06-30,110.16999816894531,117.83999633789062,107.87000274658203,108.5999984741211,0
2015-07-01,97.5999984741211,105.29000091552734,97.13999938964844,101.0999984741211,0
2015-07-02,105.13999938964844,111.79000091552734,97.16999816894531,97.33000183105469,0
2015-07-06,105.97000122070312,112.41999816894531,104.56999969482422,110.62000274658203,0
2015-07-07,99.3499984741211,114.01000213623047,99.06999969482422,106.8499984741211,0
2015-07-08,111.66999816894531,112.26000213623047,104.0199966430664,104.86000061035156,0
2015-07-09,115.36000061035156,115.36000061035156,104.66999816894531,106.30999755859375,0
2015-07-10,101.19000244140625,109.83000183105469,100.68000030517578,106.8499984741211,0
2015-07-13,85.94999694824219,96.11000061035156,85.88999938964844,96.02999877929688,0
2015-07-14,87.3499984741211,87.44999694824219,83.91000366210938,86.19999694824219,0
2015-07-15,90.80999755859375,93.29000091552734,88.62000274658203,90.12999725341797,0
2015-07-16,87.12000274658203,88.25,84.6500015258789,87.4800033569336,0
2015-07-17,85.31999969482422,87.43000030517578,84.91000366210938,86.4800033569336,0
2015-07-20,84.37999725341797,86.06999969482422,83.58999633789062,85.73999786376953,0
2015-07-21,82.55999755859375,85.70999908447266,82.43000030517578,84.93000030517578,0
2015-07-22,78.88999938964844,84.6500015258789,78.22000122070312,84.61000061035156,0
2015-07-23,81.63999938964844,84.18000030517578,78.5199966430664,79.23999786376953,0
2015-07-24,88.36000061035156,91.86000061035156,82.02999877929688,82.02999877929688,0
2015-07-27,97.31999969482422,100.12000274658203,93.77999877929688,94.44000244140625,0
2015-07-28,84.7699966430664,95.37000274658203,83.5199966430664,92.3499984741211,0
2015-07-29,82.94000244140625,84.68000030517578,82.51000213623047,84.41999816894531,0
2015-07-30,80.6500015258789,87.0199966430664,80.51000213623047,83.93000030517578,0
2015-07-31,81.7699966430664,82.8499984741211,80.12000274658203,81.70999908447266,0
2015-08-03,79.43000030517578,84.56999969482422,78.9800033569336,83.66999816894531,0
2015-08-04,80.81999969482422,81.77999877929688,78.94000244140625,80.05000305175781,0
2015-08-05,80.0999984741211,80.38999938964844,77.16000366210938,79.01000213623047,0
2015-08-06,84.36000061035156,87.27999877929688,79.20999908447266,79.38999938964844,0
2015-08-07,82.56999969482422,86.77999877929688,82.36000061035156,83.9800033569336,0
2015-08-10,80.20999908447266,81.9000015258789,79.51000213623047,81.80999755859375,0
2015-08-11,85.22000122070312,86.87000274658203,83.13999938964844,85.6500015258789,0
2015-08-12,88.12999725341797,100.68000030517578,87.88999938964844,94.05999755859375,0
2015-08-13,88.36000061035156,89.0,85.22000122070312,87.36000061035156,0
2015-08-14,89.37999725341797,90.68000030517578,87.75,89.33999633789062,0
2015-08-17,87.3499984741211,93.04000091552734,87.06999969482422,91.38999938964844,0
2015-08-18,88.83999633789062,89.23999786376953,85.72000122070312,87.5199966430664,0
2015-08-19,91.83999633789062,95.12999725341797,85.87999725341797,89.8499984741211,0
2015-08-20,108.75,108.83999633789062,94.27999877929688,96.12999725341797,0
2015-08-21,138.57000732421875,138.9499969482422,111.68000030517578,113.2699966430664,0
2015-08-24,168.75,212.22000122070312,148.67999267578125,212.22000122070312,0
2015-08-25,152.4199981689453,157.47999572753906,141.69000244140625,146.75999450683594,0
2015-08-26,134.30999755859375,147.8800048828125,131.0800018310547,142.97999572753906,0
2015-08-27,128.58999633789062,134.72999572753906,121.7699966430664,128.69000244140625,0
2015-08-28,127.18000030517578,131.92999267578125,125.62999725341797,130.69000244140625,0
2015-08-31,127.27999877929688,128.27000427246094,122.19999694824219,128.27000427246094,0
2015-09-01,128.94000244140625,135.3000030517578,128.4600067138672,135.1699981689453,0
2015-09-02,114.43000030517578,125.62000274658203,113.95999908447266,125.62000274658203,0
2015-09-03,118.16000366210938,118.62999725341797,112.44000244140625,113.19999694824219,0
2015-09-04,123.1500015258789,125.80999755859375,120.30999755859375,121.1500015258789,0
2015-09-08,117.62000274658203,120.7300033569336,117.54000091552734,120.51000213623047,0
2015-09-09,131.3000030517578,131.6300048828125,127.77999877929688,128.74000549316406,0
2015-09-10,127.05999755859375,132.89999389648438,126.87999725341797,132.27999877929688,0
2015-09-11,119.08999633789062,126.66000366210938,118.98999786376953,126.29000091552734,0
2015-09-14,118.01000213623047,120.19000244140625,117.25,120.0199966430664,0
2015-09-15,109.33999633789062,117.20999908447266,109.33999633789062,116.69000244140625,0
2015-09-16,107.0199966430664,112.7699966430664,106.4800033569336,108.51000213623047,0
2015-09-17,118.08999633789062,118.47000122070312,93.9000015258789,108.44999694824219,0
2015-09-18,116.26000213623047,120.83000183105469,113.33000183105469,120.79000091552734,0
2015-09-21,103.4000015258789,115.18000030517578,103.4000015258789,115.0199966430664,0
2015-09-22,111.36000061035156,116.66999816894531,110.04000091552734,111.91000366210938,0
2015-09-23,105.86000061035156,112.33999633789062,104.62999725341797,110.47000122070312,0
2015-09-24,110.12000274658203,116.29000091552734,108.31999969482422,110.5199966430664,0
2015-09-25,110.54000091552734,113.23999786376953,104.9800033569336,105.87999725341797,0
2015-09-28,115.30999755859375,117.5999984741211,112.38999938964844,113.4000015258789,0
2015-09-29,110.98999786376953,115.75,110.62999725341797,113.94000244140625,0
2015-09-30,103.27999877929688,107.16999816894531,102.37000274658203,107.0999984741211,0
2015-10-01,98.2699966430664,103.30000305175781,98.2699966430664,102.62999725341797,0
2015-10-02,95.06999969482422,102.62000274658203,95.06999969482422,102.13999938964844,0
2015-10-05,92.29000091552734,94.83999633789062,90.86000061035156,94.83999633789062,0
2015-10-06,92.45999908447266,93.83000183105469,90.7300033569336,92.5,0
2015-10-07,89.43000030517578,94.04000091552734,89.33000183105469,91.02999877929688,0
2015-10-08,88.41999816894531,90.81999969482422,85.5999984741211,90.56999969482422,0
2015-10-09,89.08000183105469,91.1500015258789,87.3499984741211,88.13999938964844,0
2015-10-12,88.2699966430664,92.37000274658203,88.2300033569336,91.56999969482422,0
2015-10-13,98.3499984741211,98.47000122070312,90.51000213623047,92.19000244140625,0
2015-10-14,102.29000091552734,103.75,99.55000305175781,101.48999786376953,0
2015-10-15,96.61000061035156,101.81999969482422,96.55999755859375,100.94999694824219,0
2015-10-16,97.58000183105469,100.88999938964844,96.98999786376953,97.19000244140625,0
2015-10-19,94.37999725341797,100.05999755859375,94.0,99.16999816894531,0
2015-10-20,97.11000061035156,97.73999786376953,93.37000274658203,94.69000244140625,0
2015-10-21,106.0199966430664,106.58999633789062,91.69999694824219,94.97000122070312,0
2015-10-22,97.06999969482422,101.43000030517578,96.69000244140625,100.51000213623047,0
2015-10-23,97.20999908447266,101.29000091552734,94.87000274658203,95.69000244140625,0
2015-10-26,98.0999984741211,99.55999755859375,96.02999877929688,99.3499984741211,0
2015-10-27,95.20999908447266,99.66999816894531,94.69999694824219,98.08000183105469,0
2015-10-28,88.27999877929688,96.08000183105469,87.98999786376953,94.62999725341797,0
2015-10-29,88.5999984741211,92.02999877929688,88.26000213623047,89.95999908447266,0
2015-10-30,90.2699966430664,90.27999877929688,86.43000030517578,88.70999908447266,0
2015-11-02,86.75,93.44999694824219,85.45999908447266,93.31999969482422,0
2015-11-03,87.33999633789062,87.75,85.47000122070312,86.70999908447266,0
2015-11-04,89.45999908447266,89.77999877929688,86.27999877929688,86.80000305175781,0
2015-11-05,87.68000030517578,91.20999908447266,87.68000030517578,88.72000122070312,0
2015-11-06,85.02999877929688,90.06999969482422,85.02999877929688,88.08000183105469,0
2015-11-09,92.97000122070312,93.86000061035156,87.36000061035156,88.20999908447266,0
2015-11-10,86.95999908447266,92.91999816894531,86.2699966430664,92.48999786376953,0
2015-11-11,91.25,91.63999938964844,88.4800033569336,89.0,0
2015-11-12,98.19000244140625,98.98999786376953,92.25,93.54000091552734,0
2015-11-13,106.05999755859375,107.62999725341797,98.0,98.73999786376953,0
2015-11-16,96.70999908447266,106.54000091552734,96.70999908447266,106.0,0
2015-11-17,100.37000274658203,103.55999755859375,95.02999877929688,96.83999633789062,0
2015-11-18,93.47000122070312,100.1500015258789,92.37999725341797,99.58999633789062,0
2015-11-19,96.18000030517578,97.2300033569336,93.13999938964844,93.83999633789062,0
2015-11-20,90.79000091552734,93.88999938964844,90.56999969482422,93.7699966430664,0
2015-11-23,88.55000305175781,92.83999633789062,88.2699966430664,92.52999877929688,0
2015-11-24,89.63999938964844,93.2699966430664,88.52999877929688,92.62999725341797,0
2015-11-25,86.13999938964844,89.61000061035156,86.13999938964844,89.23999786376953,0
2015-11-27,88.3499984741211,89.41999816894531,87.6500015258789,88.08000183105469,0
2015-11-30,90.83999633789062,91.8499984741211,89.2699966430664,89.37000274658203,0
2015-12-01,87.31999969482422,90.33000183105469,87.25,89.7300033569336,0
2015-12-02,92.94000244140625,94.77999877929688,86.30000305175781,87.80999755859375,0
2015-12-03,101.80000305175781,106.91000366210938,92.66999816894531,93.04000091552734,0
2015-12-04,89.19000244140625,99.91999816894531,88.69000244140625,99.16999816894531,0
2015-12-07,94.30000305175781,98.3499984741211,91.6500015258789,91.79000091552734,0
2015-12-08,99.16000366210938,100.91000366210938,97.26000213623047,99.72000122070312,0
2015-12-09,113.83000183105469,116.47000122070312,105.33000183105469,107.41000366210938,0
2015-12-10,113.80000305175781,115.16000366210938,110.04000091552734,113.06999969482422,0
2015-12-11,131.08999633789062,131.86000061035156,116.5,116.8499984741211,0
2015-12-14,122.22000122070312,135.3699951171875,120.69000244140625,128.86000061035156,0
2015-12-15,114.37000274658203,117.69999694824219,112.97000122070312,116.97000122070312,0
2015-12-16,108.93000030517578,115.87999725341797,104.5999984741211,110.94999694824219,0
2015-12-17,113.5199966430664,114.88999938964844,107.70999908447266,108.41999816894531,0
2015-12-18,118.31999969482422,120.08999633789062,114.08999633789062,115.12000274658203,0
2015-12-21,109.44000244140625,115.02999877929688,109.22000122070312,113.62999725341797,0
2015-12-22,100.91000366210938,108.81999969482422,100.88999938964844,107.20999908447266,0
2015-12-23,99.61000061035156,102.77999877929688,98.51000213623047,100.20999908447266,0
2015-12-24,99.87999725341797,100.5199966430664,98.30000305175781,100.05999755859375,0
2015-12-28,99.23999786376953,103.87999725341797,99.23999786376953,102.62000274658203,0
2015-12-29,95.12999725341797,97.75,94.8499984741211,97.58000183105469,0
2015-12-30,100.81999969482422,100.81999969482422,96.75,96.75,0
2015-12-31,100.19999694824219,102.44000244140625,98.4800033569336,101.0999984741211,0
2016-01-04,107.69000244140625,115.05999755859375,107.69000244140625,110.08000183105469,0
2016-01-05,101.83999633789062,107.33999633789062,101.04000091552734,106.54000091552734,0
2016-01-06,103.05999755859375,108.68000030517578,102.5199966430664,108.47000122070312,0
2016-01-07,116.55000305175781,116.97000122070312,106.55000305175781,110.97000122070312,0
2016-01-08,116.45999908447266,116.62000274658203,108.20999908447266,110.73999786376953,0
2016-01-11,109.62999725341797,115.86000061035156,108.30000305175781,114.2699966430664,0
2016-01-12,104.5199966430664,109.4800033569336,103.7699966430664,105.73999786376953,0
2016-01-13,117.13999938964844,117.41999816894531,104.62999725341797,106.12000274658203,0
2016-01-14,110.06999969482422,118.0199966430664,109.0,114.94000244140625,0
2016-01-15,116.41000366210938,121.11000061035156,115.1500015258789,119.38999938964844,0
2016-01-19,113.76000213623047,117.30999755859375,113.69999694824219,114.01000213623047,0
2016-01-20,112.87999725341797,121.1500015258789,111.61000061035156,118.51000213623047,0
2016-01-21,108.37999725341797,114.69000244140625,105.58000183105469,113.51000213623047,0
2016-01-22,98.91999816894531,105.68000030517578,98.22000122070312,105.68000030517578,0
2016-01-25,102.87999725341797,103.25,99.70999908447266,100.16999816894531,0
2016-01-26,98.4000015258789,102.95999908447266,98.02999877929688,101.62999725341797,0
2016-01-27,100.04000091552734,101.1500015258789,96.01000213623047,98.5999984741211,0
2016-01-28,96.55999755859375,100.04000091552734,95.4000015258789,97.81999969482422,0
2016-01-29,89.94999694824219,95.47000122070312,89.62999725341797,95.47000122070312,0
2016-02-01,89.6500015258789,92.58000183105469,89.31999969482422,92.58000183105469,0
2016-02-02,97.5999984741211,98.7300033569336,92.0999984741211,92.0999984741211,0
2016-02-03,97.31999969482422,102.58000183105469,97.08999633789062,97.26000213623047,0
2016-02-04,95.22000122070312,99.04000091552734,94.72000122070312,98.0999984741211,0
2016-02-05,100.55000305175781,101.94999694824219,94.31999969482422,95.36000061035156,0
2016-02-08,104.52999877929688,109.79000091552734,104.30000305175781,106.12999725341797,0
2016-02-09,103.05999755859375,108.29000091552734,102.81999969482422,107.58999633789062,0
2016-02-10,106.19000244140625,107.0199966430664,103.75,106.52999877929688,0
2016-02-11,107.20999908447266,114.19000244140625,106.12999725341797,114.19000244140625,0
2016-02-12,103.25,106.75,102.1500015258789,105.79000091552734,0
2016-02-16,94.19999694824219,101.83000183105469,93.20999908447266,101.69000244140625,0
2016-02-17,88.95999908447266,93.41999816894531,88.4800033569336,92.7699966430664,0
2016-02-18,87.52999877929688,88.70999908447266,84.58000183105469,88.1500015258789,0
2016-02-19,86.25,89.3499984741211,85.48999786376953,88.38999938964844,0
2016-02-22,86.19000244140625,86.9000015258789,85.12999725341797,86.1500015258789,0
2016-02-23,89.66999816894531,89.91999816894531,86.31999969482422,87.0199966430664,0
2016-02-24,86.73999786376953,93.16000366210938,86.41000366210938,92.0999984741211,0
2016-02-25,83.51000213623047,87.4800033569336,83.41999816894531,86.12000274658203,0
2016-02-26,83.72000122070312,83.91999816894531,81.76000213623047,83.27999877929688,0
2016-02-29,85.05999755859375,85.86000061035156,81.72000122070312,85.80000305175781,0
2016-03-01,79.44999694824219,84.4000015258789,79.38999938964844,84.05000305175781,0
2016-03-02,78.83999633789062,82.18000030517578,78.51000213623047,81.01000213623047,0
2016-03-03,79.41000366210938,79.68000030517578,77.29000091552734,79.2699966430664,0
2016-03-04,81.97000122070312,82.04000091552734,78.38999938964844,78.94999694824219,0
2016-03-07,82.30000305175781,84.54000091552734,81.69999694824219,84.41000366210938,0
2016-03-08,87.45999908447266,87.86000061035156,83.62999725341797,83.87000274658203,0
2016-03-09,92.86000061035156,95.76000213623047,92.05999755859375,94.2300033569336,0
2016-03-10,94.7699966430664,99.80999755859375,89.73999786376953,92.33000183105469,0
2016-03-11,92.3499984741211,93.7300033569336,90.36000061035156,92.80000305175781,0
2016-03-14,89.73999786376953,93.76000213623047,88.37000274658203,92.80000305175781,0
2016-03-15,90.33999633789062,91.91000366210938,88.29000091552734,91.91000366210938,0
2016-03-16,84.37000274658203,91.20999908447266,84.08000183105469,90.75,0
2016-03-17,84.70999908447266,85.41000366210938,81.62999725341797,85.41000366210938,0
2016-03-18,86.19999694824219,86.19999694824219,81.44999694824219,83.44000244140625,0
2016-03-21,87.77999877929688,90.27999877929688,85.58999633789062,86.79000091552734,0
2016-03-22,85.04000091552734,88.77999877929688,84.43000030517578,87.88999938964844,0
2016-03-23,86.05999755859375,86.87999725341797,83.94999694824219,86.3499984741211,0
2016-03-24,84.19999694824219,89.19000244140625,83.69999694824219,88.37999725341797,0
2016-03-28,83.29000091552734,88.12999725341797,82.16999816894531,86.72000122070312,0
2016-03-29,81.38999938964844,84.37999725341797,80.61000061035156,84.08999633789062,0
2016-03-30,80.33000183105469,82.08000183105469,78.93000030517578,80.45999908447266,0
2016-03-31,82.94000244140625,84.68000030517578,80.45999908447266,81.33000183105469,0
2016-04-01,81.56999969482422,86.16999816894531,81.23999786376953,85.08999633789062,0
2016-04-04,84.43000030517578,85.26000213623047,82.79000091552734,83.83999633789062,0
2016-04-05,89.11000061035156,89.58999633789062,86.95999908447266,87.5,0
2016-04-06,85.58999633789062,89.41000366210938,85.37999725341797,88.58999633789062,0
2016-04-07,92.73999786376953,94.97000122070312,86.4800033569336,87.19999694824219,0
2016-04-08,89.7300033569336,90.54000091552734,87.8499984741211,90.05999755859375,0
2016-04-11,92.80999755859375,93.08000183105469,88.54000091552734,89.94999694824219,0
2016-04-12,89.77999877929688,93.80999755859375,89.56999969482422,91.76000213623047,0
2016-04-13,87.88999938964844,91.5,87.81999969482422,91.05000305175781,0
2016-04-14,87.91999816894531,89.16000366210938,86.29000091552734,87.9000015258789,0
2016-04-15,90.2699966430664,92.25,87.7699966430664,88.69999694824219,0
2016-04-18,86.56999969482422,92.2300033569336,86.29000091552734,92.2300033569336,0
2016-04-19,86.9800033569336,88.68000030517578,84.87999725341797,86.69000244140625,0
2016-04-20,87.97000122070312,88.44999694824219,84.0999984741211,85.1500015258789,0
2016-04-21,87.06999969482422,88.98999786376953,86.20999908447266,88.30999755859375,0
2016-04-22,84.0999984741211,87.76000213623047,83.69000244140625,87.76000213623047,0
2016-04-25,85.7699966430664,87.51000213623047,85.62000274658203,86.5999984741211,0
2016-04-26,84.51000213623047,86.12000274658203,84.0199966430664,85.38999938964844,0
2016-04-27,83.0999984741211,87.47000122070312,83.08000183105469,85.55999755859375,0
2016-04-28,87.36000061035156,88.23999786376953,81.41999816894531,84.91000366210938,0
2016-04-29,91.68000030517578,95.72000122070312,86.93000030517578,87.70999908447266,0
2016-05-02,89.48999786376953,92.5,88.19999694824219,92.25,0
2016-05-03,91.66000366210938,94.2699966430664,91.22000122070312,91.7300033569336,0
2016-05-04,91.86000061035156,94.44000244140625,91.79000091552734,92.5,0
2016-05-05,91.58000183105469,93.69999694824219,90.48999786376953,91.52999877929688,0
2016-05-06,88.86000061035156,92.31999969482422,88.55000305175781,92.31999969482422,0
2016-05-09,86.41999816894531,90.94000244140625,86.08000183105469,90.72000122070312,0
2016-05-10,85.91999816894531,86.47000122070312,84.4800033569336,85.73999786376953,0
2016-05-11,91.52999877929688,91.52999877929688,88.19999694824219,88.55000305175781,0
2016-05-12,91.25,93.88999938964844,89.75,90.51000213623047,0
2016-05-13,94.0,94.12999725341797,88.94999694824219,90.95999908447266,0
2016-05-16,90.61000061035156,94.48999786376953,90.0199966430664,94.01000213623047,0
2016-05-17,91.76000213623047,93.2300033569336,89.68000030517578,91.04000091552734,0
2016-05-18,89.98999786376953,92.05000305175781,85.37999725341797,91.80999755859375,0
2016-05-19,90.45999908447266,94.69999694824219,89.13999938964844,90.7699966430664,0
2016-05-20,85.45999908447266,89.79000091552734,84.5199966430664,89.79000091552734,0
2016-05-23,84.12000274658203,87.0,83.5199966430664,86.94999694824219,0
2016-05-24,79.4800033569336,84.08000183105469,79.23999786376953,83.9800033569336,0
2016-05-25,78.54000091552734,79.56999969482422,77.2300033569336,78.69999694824219,0
2016-05-26,77.4800033569336,78.86000061035156,77.30000305175781,78.58000183105469,0
2016-05-27,76.16999816894531,78.87000274658203,76.16999816894531,77.95999908447266,0
2016-05-31,79.43000030517578,82.41000366210938,79.30000305175781,79.81999969482422,0
2016-06-01,78.93000030517578,81.47000122070312,78.70999908447266,79.9800033569336,0
2016-06-02,79.54000091552734,80.83999633789062,78.81999969482422,80.23999786376953,0
2016-06-03,79.08000183105469,82.20999908447266,78.3499984741211,80.62000274658203,0
2016-06-06,80.70999908447266,82.18000030517578,80.3499984741211,81.26000213623047,0
2016-06-07,82.30000305175781,82.81999969482422,79.41000366210938,80.54000091552734,0
2016-06-08,86.61000061035156,88.80000305175781,85.08999633789062,86.0999984741211,0
2016-06-09,89.9800033569336,91.33000183105469,87.29000091552734,87.37999725341797,0
2016-06-10,103.77999877929688,103.87999725341797,92.04000091552734,93.12000274658203,0
2016-06-13,124.55999755859375,125.33999633789062,104.80000305175781,104.80000305175781,0
2016-06-14,116.44000244140625,125.26000213623047,114.97000122070312,123.95999908447266,0
2016-06-15,114.2300033569336,116.16000366210938,111.2300033569336,114.69000244140625,0
2016-06-16,115.47000122070312,123.23999786376953,114.76000213623047,116.4000015258789,0
2016-06-17,115.72000122070312,116.56999969482422,111.69000244140625,115.62999725341797,0
2016-06-20,112.4000015258789,112.87999725341797,105.61000061035156,109.70999908447266,0
2016-06-21,113.45999908447266,116.22000122070312,109.95999908447266,110.2699966430664,0
2016-06-22,122.94000244140625,130.4499969482422,111.73999786376953,112.83000183105469,0
2016-06-23,104.70999908447266,115.0999984741211,104.70999908447266,114.80000305175781,0
2016-06-24,125.12999725341797,132.4199981689453,114.79000091552734,131.9499969482422,0
2016-06-27,115.5999984741211,124.80000305175781,113.30999755859375,124.73999786376953,0
2016-06-28,108.0,110.73999786376953,106.22000122070312,108.66000366210938,0
2016-06-29,98.5999984741211,104.95999908447266,98.12999725341797,104.95999908447266,0
2016-06-30,94.2300033569336,99.66000366210938,94.05999755859375,99.0199966430664,0
2016-07-01,91.69999694824219,95.33000183105469,89.48999786376953,95.19999694824219,0
2016-07-05,91.8499984741211,96.16000366210938,91.3499984741211,94.51000213623047,0
2016-07-06,89.23999786376953,94.62000274658203,89.2300033569336,94.22000122070312,0
2016-07-07,89.5,93.30999755859375,86.86000061035156,89.08000183105469,0
2016-07-08,84.72000122070312,87.69999694824219,84.08999633789062,86.94999694824219,0
2016-07-11,84.77999877929688,85.37000274658203,83.41999816894531,84.86000061035156,0
2016-07-12,84.9800033569336,87.08000183105469,82.62000274658203,83.08000183105469,0
2016-07-13,84.18000030517578,88.48999786376953,83.62000274658203,86.83000183105469,0
2016-07-14,86.02999877929688,86.93000030517578,81.44999694824219,82.80000305175781,0
2016-07-15,89.04000091552734,91.01000213623047,84.73999786376953,86.05000305175781,0
2016-07-18,87.19999694824219,90.5,86.43000030517578,89.87999725341797,0
2016-07-19,89.02999877929688,91.79000091552734,86.12000274658203,87.0999984741211,0
2016-07-20,87.08999633789062,89.36000061035156,87.05000305175781,87.91000366210938,0
2016-07-21,92.83999633789062,96.0,87.38999938964844,88.19999694824219,0
2016-07-22,89.51000213623047,92.06999969482422,87.66000366210938,91.72000122070312,0
2016-07-25,91.94999694824219,95.30000305175781,90.12999725341797,90.61000061035156,0
2016-07-26,91.44000244140625,93.52999877929688,90.44999694824219,91.63999938964844,0
2016-07-27,91.2300033569336,94.61000061035156,89.41000366210938,90.37000274658203,0
2016-07-28,89.80999755859375,92.19000244140625,89.33000183105469,90.87000274658203,0
2016-07-29,90.83999633789062,91.63999938964844,88.1500015258789,90.2699966430664,0
2016-08-01,90.68000030517578,93.70999908447266,89.58999633789062,92.38999938964844,0
2016-08-02,93.88999938964844,96.75,91.5999984741211,91.91000366210938,0
2016-08-03,88.58999633789062,94.69999694824219,88.44999694824219,93.81999969482422,0
2016-08-04,88.13999938964844,89.23999786376953,87.58000183105469,88.91000366210938,0
2016-08-05,85.2300033569336,86.5999984741211,83.91999816894531,86.4800033569336,0
2016-08-08,84.5,87.47000122070312,84.23999786376953,87.47000122070312,0
2016-08-09,86.6500015258789,88.04000091552734,82.41000366210938,82.9000015258789,0
2016-08-10,89.4000015258789,91.33999633789062,86.08000183105469,87.02999877929688,0
2016-08-11,97.36000061035156,97.36000061035156,91.87999725341797,93.69999694824219,0
2016-08-12,94.48999786376953,97.9800033569336,93.75,96.44000244140625,0
2016-08-15,91.66999816894531,94.63999938964844,90.83000183105469,94.3499984741211,0
2016-08-16,91.86000061035156,95.2699966430664,90.72000122070312,93.30000305175781,0
2016-08-17,84.83999633789062,92.94999694824219,84.27999877929688,90.7300033569336,0
2016-08-18,82.83000183105469,86.77999877929688,81.7300033569336,85.66999816894531,0
2016-08-19,82.44000244140625,84.80000305175781,80.91000366210938,84.02999877929688,0
2016-08-22,83.12999725341797,86.43000030517578,82.23999786376953,85.38999938964844,0
2016-08-23,83.44999694824219,83.58999633789062,80.30000305175781,82.44999694824219,0
2016-08-24,85.37000274658203,86.25,81.83000183105469,83.37000274658203,0
2016-08-25,85.43000030517578,87.23999786376953,83.87000274658203,87.23999786376953,0
2016-08-26,88.62000274658203,92.45999908447266,80.5999984741211,85.7699966430664,0
2016-08-29,85.83000183105469,90.33999633789062,85.62999725341797,90.31999969482422,0
2016-08-30,84.44000244140625,86.63999938964844,84.22000122070312,86.2300033569336,0
2016-08-31,84.87000274658203,89.2699966430664,84.2300033569336,85.19999694824219,0
2016-09-01,84.9000015258789,88.61000061035156,83.95999908447266,84.7300033569336,0
2016-09-02,81.3499984741211,82.9000015258789,80.22000122070312,82.9000015258789,0
2016-09-06,82.13999938964844,84.58999633789062,81.97000122070312,84.33000183105469,0
2016-09-07,83.08000183105469,84.23999786376953,81.5999984741211,82.5199966430664,0
2016-09-08,85.56999969482422,86.83999633789062,83.80999755859375,84.22000122070312,0
2016-09-09,110.0199966430664,110.66999816894531,89.66999816894531,89.66999816894531,0
2016-09-12,99.52999877929688,110.75,98.37000274658203,110.18000030517578,0
2016-09-13,110.0199966430664,116.01000213623047,102.48999786376953,103.83999633789062,0
2016-09-14,113.1500015258789,113.66000366210938,105.95999908447266,112.33999633789062,0
2016-09-15,109.2699966430664,111.4800033569336,105.72000122070312,111.05000305175781,0
2016-09-16,102.58999633789062,111.13999938964844,102.08000183105469,109.4800033569336,0
2016-09-19,101.58000183105469,103.2699966430664,97.44000244140625,100.19000244140625,0
2016-09-20,101.9800033569336,102.51000213623047,99.77999877929688,99.77999877929688,0
2016-09-21,92.58999633789062,101.2300033569336,90.83999633789062,99.31999969482422,0
2016-09-22,89.22000122070312,91.0199966430664,87.54000091552734,88.41000366210938,0
2016-09-23,90.4000015258789,90.7300033569336,87.11000061035156,89.37999725341797,0
2016-09-26,96.23999786376953,97.77999877929688,94.72000122070312,94.83999633789062,0
2016-09-27,88.94000244140625,96.6500015258789,88.16000366210938,96.56999969482422,0
2016-09-28,87.55000305175781,90.26000213623047,87.08999633789062,88.0199966430664,0
2016-09-29,93.77999877929688,100.5,87.0999984741211,88.27999877929688,0
2016-09-30,91.41999816894531,94.27999877929688,90.69999694824219,92.77999877929688,0
2016-10-03,91.51000213623047,95.55999755859375,91.1500015258789,94.80999755859375,0
2016-10-04,89.94000244140625,93.77999877929688,89.87999725341797,91.3499984741211,0
2016-10-05,89.87999725341797,90.7699966430664,88.29000091552734,89.66999816894531,0
2016-10-06,89.86000061035156,91.6500015258789,89.8499984741211,90.9000015258789,0
2016-10-07,90.86000061035156,92.45999908447266,89.56999969482422,89.75,0
2016-10-10,90.66000366210938,92.69999694824219,89.18000030517578,92.4000015258789,0
2016-10-11,95.43000030517578,98.55000305175781,91.8499984741211,91.94000244140625,0
2016-10-12,102.0199966430664,103.52999877929688,99.41000366210938,101.41000366210938,0
2016-10-13,103.4000015258789,108.30999755859375,102.0199966430664,104.9800033569336,0
2016-10-14,101.01000213623047,101.73999786376953,98.13999938964844,100.88999938964844,0
2016-10-17,99.33999633789062,101.11000061035156,98.98999786376953,99.45999908447266,0
2016-10-18,96.87000274658203,97.94999694824219,95.75,97.19999694824219,0
2016-10-19,93.9000015258789,95.61000061035156,93.05000305175781,94.86000061035156,0
2016-10-20,89.72000122070312,94.55000305175781,89.61000061035156,94.12000274658203,0
2016-10-21,87.33999633789062,92.47000122070312,87.11000061035156,90.87000274658203,0
2016-10-24,85.80999755859375,87.69999694824219,85.36000061035156,86.47000122070312,0
2016-10-25,86.2300033569336,87.25,84.79000091552734,85.38999938964844,0
2016-10-26,86.9000015258789,88.27999877929688,85.11000061035156,88.2300033569336,0
2016-10-27,91.20999908447266,91.41000366210938,86.93000030517578,87.06999969482422,0
2016-10-28,99.44000244140625,106.66000366210938,87.8499984741211,90.52999877929688,0
2016-10-31,102.81999969482422,103.63999938964844,98.4000015258789,99.69000244140625,0
2016-11-01,108.26000213623047,113.56999969482422,102.30000305175781,102.41000366210938,0
2016-11-02,112.38999938964844,112.38999938964844,107.62000274658203,107.66000366210938,0
2016-11-03,120.23999786376953,120.38999938964844,110.12999725341797,110.55999755859375,0
2016-11-04,120.2300033569336,120.91999816894531,114.75,115.87999725341797,0
2016-11-07,107.83999633789062,113.31999969482422,106.5999984741211,110.08000183105469,0
2016-11-08,108.66999816894531,114.55999755859375,108.12999725341797,112.0,0
2016-11-09,96.13999938964844,113.41999816894531,95.66999816894531,113.41999816894531,0
2016-11-10,102.66999816894531,107.23999786376953,92.62000274658203,95.63999938964844,0
2016-11-11,97.22000122070312,106.04000091552734,97.22000122070312,105.4000015258789,0
2016-11-14,98.22000122070312,101.29000091552734,95.7300033569336,99.98999786376953,0
2016-11-15,91.7699966430664,100.2699966430664,91.37999725341797,98.20999908447266,0
2016-11-16,92.44999694824219,94.13999938964844,90.13999938964844,93.47000122070312,0
2016-11-17,87.58000183105469,91.9800033569336,86.8499984741211,91.9800033569336,0
2016-11-18,86.4000015258789,88.1500015258789,84.94000244140625,88.1500015258789,0
2016-11-21,80.75,86.0,79.77999877929688,86.0,0
2016-11-22,83.4000015258789,84.83000183105469,80.30000305175781,81.30999755859375,0
2016-11-23,82.44999694824219,85.4800033569336,82.08000183105469,83.08999633789062,0
2016-11-25,82.6500015258789,84.26000213623047,82.44999694824219,83.5199966430664,0
2016-11-28,86.16999816894531,87.63999938964844,84.8499984741211,85.29000091552734,0
2016-11-29,86.27999877929688,87.7300033569336,85.12000274658203,86.86000061035156,0
2016-11-30,88.98999786376953,89.04000091552734,84.98999786376953,85.37999725341797,0
2016-12-01,97.79000091552734,99.38999938964844,87.75,88.05999755859375,0
2016-12-02,98.06999969482422,99.38999938964844,94.94000244140625,99.05999755859375,0
2016-12-05,88.87999725341797,95.66999816894531,88.8499984741211,95.05000305175781,0
2016-12-06,88.12000274658203,88.95999908447266,87.11000061035156,87.93000030517578,0
2016-12-07,89.11000061035156,89.11000061035156,86.69999694824219,88.16999816894531,0
2016-12-08,91.2699966430664,94.62000274658203,88.93000030517578,89.5199966430664,0
2016-12-09,89.4000015258789,91.5199966430664,88.86000061035156,91.25,0
2016-12-12,91.87000274658203,92.16999816894531,90.77999877929688,91.52999877929688,0
2016-12-13,93.31999969482422,93.87000274658203,91.2300033569336,91.55000305175781,0
2016-12-14,96.81999969482422,98.04000091552734,93.5,95.5999984741211,0
2016-12-15,93.08000183105469,95.9800033569336,92.80000305175781,94.79000091552734,0
2016-12-16,93.79000091552734,94.73999786376953,92.2699966430664,92.69000244140625,0
2016-12-19,90.51000213623047,93.83999633789062,90.44000244140625,93.33000183105469,0
2016-12-20,88.26000213623047,89.95999908447266,87.62000274658203,89.43000030517578,0
2016-12-21,87.97000122070312,88.97000122070312,86.5,87.73999786376953,0
2016-12-22,89.72000122070312,91.0,87.55999755859375,88.16000366210938,0
2016-12-23,87.63999938964844,90.0,87.08999633789062,90.0,0
2016-12-27,86.37000274658203,90.23999786376953,86.20999908447266,90.20999908447266,0
2016-12-28,89.16999816894531,89.4000015258789,85.22000122070312,85.55999755859375,0
2016-12-29,88.87000274658203,90.95999908447266,87.75,89.11000061035156,0
2016-12-30,91.5999984741211,92.51000213623047,87.70999908447266,88.06999969482422,0
2017-01-03,85.37000274658203,90.3499984741211,85.12000274658203,90.16000366210938,0
2017-01-04,82.2699966430664,85.05000305175781,81.12000274658203,85.05000305175781,0
2017-01-05,81.33000183105469,83.7699966430664,81.26000213623047,83.06999969482422,0
2017-01-06,80.58999633789062,81.36000061035156,78.72000122070312,80.33000183105469,0
2017-01-09,83.47000122070312,84.33999633789062,82.16000366210938,83.70999908447266,0
2017-01-10,86.36000061035156,86.70999908447266,83.25,83.25,0
2017-01-11,86.72000122070312,92.58000183105469,86.51000213623047,89.4800033569336,0
2017-01-12,90.44000244140625,94.45999908447266,87.54000091552734,87.94000244140625,0
2017-01-13,92.9000015258789,94.19999694824219,89.12999725341797,89.58999633789062,0
2017-01-17,92.38999938964844,96.56999969482422,92.13999938964844,96.08999633789062,0
2017-01-18,87.05999755859375,93.08999633789062,85.62000274658203,92.0,0
2017-01-19,86.83999633789062,88.41999816894531,84.91999816894531,85.81999969482422,0
2017-01-20,83.62999725341797,87.41999816894531,83.3499984741211,86.80000305175781,0
2017-01-23,84.51000213623047,87.9000015258789,84.51000213623047,85.68000030517578,0
2017-01-24,79.05000305175781,84.27999877929688,78.47000122070312,83.76000213623047,0
2017-01-25,78.66000366210938,79.27999877929688,77.61000061035156,79.05000305175781,0
2017-01-26,79.6500015258789,80.8499984741211,79.08000183105469,79.56999969482422,0
2017-01-27,83.62999725341797,84.37999725341797,80.29000091552734,81.26000213623047,0
2017-01-30,92.04000091552734,95.91999816894531,86.83999633789062,86.83999633789062,0
2017-01-31,89.83000183105469,94.94000244140625,89.79000091552734,92.93000030517578,0
2017-02-01,87.75,89.26000213623047,86.38999938964844,87.83999633789062,0
2017-02-02,89.7300033569336,90.01000213623047,87.5199966430664,89.06999969482422,0
2017-02-03,88.97000122070312,89.41999816894531,87.56999969482422,88.43000030517578,0
2017-02-06,90.0199966430664,92.33000183105469,89.61000061035156,92.05999755859375,0
2017-02-07,89.61000061035156,90.47000122070312,89.31999969482422,89.80000305175781,0
2017-02-08,94.58000183105469,99.4000015258789,93.05000305175781,97.52999877929688,0
2017-02-09,89.58999633789062,93.66000366210938,88.3499984741211,93.66000366210938,0
2017-02-10,85.7699966430664,88.75,83.66999816894531,88.43000030517578,0
2017-02-13,80.83999633789062,85.91999816894531,80.11000061035156,85.91999816894531,0
2017-02-14,78.3499984741211,82.54000091552734,77.91999816894531,82.0999984741211,0
2017-02-15,81.12000274658203,82.97000122070312,77.7699966430664,79.4000015258789,0
2017-02-16,79.66000366210938,88.19000244140625,78.23999786376953,80.94000244140625,0
2017-02-17,81.25,83.62999725341797,79.1500015258789,82.0,0
2017-02-21,82.44999694824219,83.13999938964844,80.25,82.69999694824219,0
2017-02-22,81.52999877929688,84.80000305175781,81.26000213623047,83.58000183105469,0
2017-02-23,82.19999694824219,86.66999816894531,81.47000122070312,83.01000213623047,0
2017-02-24,83.30999755859375,89.08999633789062,82.18000030517578,87.70999908447266,0
2017-02-27,85.69000244140625,87.91000366210938,83.80000305175781,87.08999633789062,0
2017-02-28,88.08000183105469,88.66999816894531,85.97000122070312,86.02999877929688,0
2017-03-01,84.02999877929688,85.0199966430664,81.52999877929688,84.91000366210938,0
2017-03-02,83.61000061035156,85.01000213623047,81.4800033569336,84.75,0
2017-03-03,81.19000244140625,82.93000030517578,80.62000274658203,82.73999786376953,0
2017-03-06,81.44000244140625,84.1500015258789,80.69000244140625,84.06999969482422,0
2017-03-07,81.43000030517578,82.3499984741211,80.2699966430664,81.91999816894531,0
2017-03-08,82.5,82.81999969482422,80.12999725341797,81.33999633789062,0
2017-03-09,83.63999938964844,84.0999984741211,81.72000122070312,82.19999694824219,0
2017-03-10,80.2699966430664,82.94000244140625,80.06999969482422,82.11000061035156,0
2017-03-13,81.56999969482422,82.91000366210938,80.66999816894531,82.77999877929688,0
2017-03-14,85.87999725341797,87.66999816894531,82.20999908447266,82.81999969482422,0
2017-03-15,80.76000213623047,85.83000183105469,78.4800033569336,85.69000244140625,0
2017-03-16,75.95999908447266,80.58000183105469,75.61000061035156,80.05999755859375,0
2017-03-17,78.66000366210938,78.66000366210938,71.75,76.47000122070312,0
2017-03-20,77.16000366210938,80.12999725341797,75.77999877929688,79.87000274658203,0
2017-03-21,83.0199966430664,84.68000030517578,75.29000091552734,77.47000122070312,0
2017-03-22,83.80000305175781,87.06999969482422,82.5,85.29000091552734,0
2017-03-23,88.93000030517578,88.93000030517578,80.87000274658203,84.55000305175781,0
2017-03-24,89.73999786376953,96.69999694824219,83.19999694824219,87.06999969482422,0
2017-03-27,84.86000061035156,97.77999877929688,84.31999969482422,96.75,0
2017-03-28,79.2699966430664,84.91999816894531,78.48999786376953,84.80000305175781,0
2017-03-29,78.26000213623047,79.45999908447266,76.70999908447266,78.58999633789062,0
2017-03-30,77.87000274658203,79.73999786376953,77.22000122070312,79.01000213623047,0
2017-03-31,78.30999755859375,79.69000244140625,77.52999877929688,79.69000244140625,0
2017-04-03,82.95999908447266,87.4000015258789,81.02999877929688,81.45999908447266,0
2017-04-04,79.66999816894531,84.83999633789062,79.16000366210938,84.79000091552734,0
2017-04-05,86.58999633789062,87.2699966430664,76.98999786376953,78.77999877929688,0
2017-04-06,83.91000366210938,85.97000122070312,81.06999969482422,85.08999633789062,0
2017-04-07,89.38999938964844,89.88999938964844,84.94000244140625,86.27999877929688,0
2017-04-10,97.9000015258789,97.9000015258789,91.02999877929688,92.20999908447266,0
2017-04-11,103.73999786376953,109.9800033569336,99.47000122070312,99.9800033569336,0
2017-04-12,111.52999877929688,114.62000274658203,109.29000091552734,109.29000091552734,0
2017-04-13,115.54000091552734,115.69000244140625,109.79000091552734,112.05000305175781,0
2017-04-17,101.48999786376953,111.83000183105469,101.48999786376953,111.58000183105469,0
2017-04-18,99.5199966430664,104.20999908447266,99.27999877929688,102.58999633789062,0
2017-04-19,97.88999938964844,98.9800033569336,92.83000183105469,97.4000015258789,0
2017-04-20,94.52999877929688,100.27999877929688,92.63999938964844,96.5,0
2017-04-21,95.41000366210938,100.55000305175781,94.27999877929688,95.16999816894531,0
2017-04-24,78.16999816894531,85.95999908447266,77.58999633789062,85.33000183105469,0
2017-04-25,75.63999938964844,77.33999633789062,74.33999633789062,75.08999633789062,0
2017-04-26,76.63999938964844,79.26000213623047,75.69999694824219,76.44000244140625,0
2017-04-27,76.66000366210938,77.83999633789062,75.91999816894531,76.62999725341797,0
2017-04-28,77.08999633789062,78.62000274658203,76.5,76.95999908447266,0
2017-05-01,78.33000183105469,78.63999938964844,76.41999816894531,78.0199966430664,0
2017-05-02,79.33000183105469,80.04000091552734,77.94999694824219,78.33999633789062,0
2017-05-03,78.7699966430664,81.38999938964844,77.98999786376953,79.86000061035156,0
2017-05-04,78.0,80.63999938964844,77.37000274658203,78.19999694824219,0
2017-05-05,80.6500015258789,81.2300033569336,78.06999969482422,78.38999938964844,0
2017-05-08,81.37999725341797,82.05000305175781,79.6500015258789,81.66999816894531,0
2017-05-09,83.62999725341797,83.91999816894531,82.51000213623047,82.81999969482422,0
2017-05-10,87.48999786376953,88.98999786376953,85.97000122070312,87.83000183105469,0
2017-05-11,86.51000213623047,92.4000015258789,84.86000061035156,89.05000305175781,0
2017-05-12,82.5,87.23999786376953,80.9000015258789,87.05000305175781,0
2017-05-15,79.52999877929688,83.9800033569336,78.7300033569336,83.63999938964844,0
2017-05-16,76.76000213623047,80.20999908447266,76.05999755859375,79.41000366210938,0
2017-05-17,111.4800033569336,112.56999969482422,85.66999816894531,89.38999938964844,0
2017-05-18,104.12000274658203,115.44000244140625,99.8499984741211,113.30999755859375,0
2017-05-19,87.20999908447266,97.66000366210938,84.86000061035156,97.47000122070312,0
2017-05-22,83.47000122070312,87.44000244140625,82.94999694824219,87.44000244140625,0
2017-05-23,84.19000244140625,84.19999694824219,81.88999938964844,83.6500015258789,0
2017-05-24,81.91000366210938,84.16999816894531,81.02999877929688,82.55000305175781,0
2017-05-25,82.19999694824219,83.47000122070312,81.19999694824219,81.95999908447266,0
2017-05-26,81.80999755859375,82.9000015258789,80.83999633789062,82.48999786376953,0
2017-05-30,84.30000305175781,85.7699966430664,83.36000061035156,85.1500015258789,0
2017-05-31,84.5199966430664,88.30000305175781,83.19999694824219,83.44000244140625,0
2017-06-01,83.83000183105469,85.06999969482422,83.19999694824219,84.29000091552734,0
2017-06-02,83.62000274658203,84.93000030517578,82.6500015258789,84.44000244140625,0
2017-06-05,86.08000183105469,86.18000030517578,82.79000091552734,85.76000213623047,0
2017-06-06,89.1500015258789,89.98999786376953,86.76000213623047,87.54000091552734,0
2017-06-07,88.22000122070312,91.30000305175781,87.25,87.62000274658203,0
2017-06-08,83.27999877929688,87.5199966430664,83.0199966430664,87.41999816894531,0
2017-06-09,87.41000366210938,91.61000061035156,81.5999984741211,83.33000183105469,0
2017-06-12,91.20999908447266,94.20999908447266,89.44000244140625,90.12000274658203,0
2017-06-13,86.66000366210938,89.75,86.27999877929688,89.70999908447266,0
2017-06-14,89.97000122070312,91.3499984741211,87.30000305175781,87.4000015258789,0
2017-06-15,89.94999694824219,94.19000244140625,88.61000061035156,93.80000305175781,0
2017-06-16,87.0,91.06999969482422,86.83999633789062,90.1500015258789,0
2017-06-19,85.2699966430664,88.41999816894531,83.91000366210938,88.33999633789062,0
2017-06-20,89.19000244140625,90.08000183105469,86.19999694824219,87.61000061035156,0
2017-06-21,88.06999969482422,90.1500015258789,86.5199966430664,89.3499984741211,0
2017-06-22,86.37999725341797,88.4000015258789,84.41000366210938,87.33000183105469,0
2017-06-23,84.5199966430664,86.87000274658203,83.4800033569336,86.12999725341797,0
2017-06-26,81.94000244140625,85.08999633789062,81.93000030517578,84.54000091552734,0
2017-06-27,87.30000305175781,88.06999969482422,82.22000122070312,83.52999877929688,0
2017-06-28,84.23999786376953,87.44999694824219,83.58999633789062,85.68000030517578,0
2017-06-29,93.77999877929688,105.27999877929688,84.37000274658203,84.44999694824219,0
2017-06-30,90.43000030517578,94.16000366210938,88.76000213623047,92.13999938964844,0
2017-07-03,93.30999755859375,93.30999755859375,88.55999755859375,89.88999938964844,0
2017-07-05,91.9800033569336,95.66999816894531,90.31999969482422,90.45999908447266,0
2017-07-06,100.20999908447266,101.38999938964844,93.93000030517578,93.95999908447266,0
2017-07-07,92.5,97.83000183105469,92.12999725341797,97.22000122070312,0
2017-07-10,89.69000244140625,94.83000183105469,88.2699966430664,94.69999694824219,0
2017-07-11,88.2300033569336,93.97000122070312,87.7300033569336,89.45999908447266,0
2017-07-12,88.19000244140625,89.95999908447266,87.38999938964844,89.95999908447266,0
2017-07-13,85.68000030517578,88.68000030517578,84.91000366210938,87.79000091552734,0
2017-07-14,82.19999694824219,85.87999725341797,80.75,85.87999725341797,0
2017-07-17,80.2699966430664,82.26000213623047,80.0,81.77999877929688,0
2017-07-18,79.13999938964844,83.55999755859375,78.4000015258789,82.23999786376953,0
2017-07-19,77.95999908447266,78.58999633789062,75.55999755859375,78.45999908447266,0
2017-07-20,76.26000213623047,78.2699966430664,75.58000183105469,77.52999877929688,0
2017-07-21,77.86000061035156,78.62000274658203,76.3499984741211,76.93000030517578,0
2017-07-24,78.23999786376953,79.91999816894531,77.1500015258789,78.80000305175781,0
2017-07-25,79.16999816894531,79.87000274658203,76.80999755859375,77.45999908447266,0
2017-07-26,82.33999633789062,82.52999877929688,79.12000274658203,79.38999938964844,0
2017-07-27,86.87000274658203,92.80999755859375,80.52999877929688,80.76000213623047,0
2017-07-28,87.19999694824219,91.98999786376953,87.0999984741211,89.0999984741211,0
2017-07-31,86.76000213623047,90.19999694824219,86.56999969482422,89.08000183105469,0
2017-08-01,84.55000305175781,87.56999969482422,84.2300033569336,87.30999755859375,0
2017-08-02,86.88999938964844,88.66000366210938,83.38999938964844,84.11000061035156,0
2017-08-03,87.66000366210938,88.33000183105469,86.08000183105469,86.55000305175781,0
2017-08-04,87.38999938964844,87.48999786376953,85.70999908447266,86.51000213623047,0
2017-08-07,90.01000213623047,91.19999694824219,88.61000061035156,89.55999755859375,0
2017-08-08,98.68000030517578,99.48999786376953,87.62999725341797,89.7300033569336,0
2017-08-09,106.7699966430664,113.44000244140625,103.19999694824219,109.30999755859375,0
2017-08-10,135.32000732421875,135.32000732421875,113.61000061035156,113.91999816894531,0
2017-08-11,127.43000030517578,135.27000427246094,117.29000091552734,134.97999572753906,0
2017-08-14,100.5999984741211,115.58000183105469,99.80999755859375,115.58000183105469,0
2017-08-15,96.70999908447266,101.2699966430664,95.62999725341797,97.80999755859375,0
2017-08-16,94.81999969482422,97.54000091552734,93.69000244140625,97.54000091552734,0
2017-08-17,117.7699966430664,120.76000213623047,96.47000122070312,98.38999938964844,0
2017-08-18,114.38999938964844,121.68000030517578,107.33999633789062,114.7699966430664,0
2017-08-21,101.38999938964844,113.87000274658203,101.23999786376953,112.91999816894531,0
2017-08-22,92.69999694824219,97.27999877929688,92.0999984741211,96.9800033569336,0
2017-08-23,98.95999908447266,99.83000183105469,94.69000244140625,97.48999786376953,0
2017-08-24,100.26000213623047,103.98999786376953,97.31999969482422,98.0,0
2017-08-25,95.52999877929688,99.27999877929688,95.30000305175781,99.19000244140625,0
2017-08-28,96.41999816894531,99.4800033569336,96.12000274658203,97.8499984741211,0
2017-08-29,98.79000091552734,109.27999877929688,98.79000091552734,109.27999877929688,0
2017-08-30,98.9000015258789,100.62000274658203,97.04000091552734,99.77999877929688,0
2017-08-31,94.86000061035156,97.66999816894531,94.19000244140625,97.66000366210938,0
2017-09-01,93.5999984741211,94.4800033569336,92.81999969482422,93.94000244140625,0
2017-09-05,102.66000366210938,110.1500015258789,99.79000091552734,100.47000122070312,0
2017-09-06,99.61000061035156,103.8499984741211,98.7300033569336,102.26000213623047,0
2017-09-07,96.29000091552734,100.44999694824219,96.0999984741211,99.52999877929688,0
2017-09-08,100.12000274658203,100.88999938964844,97.77999877929688,97.94999694824219,0
2017-09-11,93.66000366210938,98.48999786376953,93.12999725341797,98.30999755859375,0
2017-09-12,92.38999938964844,93.86000061035156,91.7699966430664,93.04000091552734,0
2017-09-13,90.88999938964844,94.3499984741211,89.94000244140625,94.3499984741211,0
2017-09-14,92.08999633789062,92.58999633789062,90.26000213623047,91.61000061035156,0
2017-09-15,90.62999725341797,92.41000366210938,90.04000091552734,91.87999725341797,0
2017-09-18,90.45999908447266,90.86000061035156,88.8499984741211,90.37000274658203,0
2017-09-19,91.22000122070312,92.27999877929688,89.63999938964844,90.31999969482422,0
2017-09-20,90.91000366210938,94.55000305175781,89.16999816894531,90.77999877929688,0
2017-09-21,92.31999969482422,92.79000091552734,90.5999984741211,91.29000091552734,0
2017-09-22,93.29000091552734,93.77999877929688,92.18000030517578,93.11000061035156,0
2017-09-25,96.4000015258789,100.88999938964844,95.16000366210938,95.48999786376953,0
2017-09-26,94.80999755859375,96.43000030517578,94.02999877929688,96.31999969482422,0
2017-09-27,95.36000061035156,96.5199966430664,94.2699966430664,94.87000274658203,0
2017-09-28,94.0999984741211,96.41999816894531,93.69999694824219,95.5999984741211,0
2017-09-29,93.13999938964844,94.66000366210938,91.69000244140625,94.12000274658203,0
2017-10-02,92.4800033569336,94.98999786376953,92.41000366210938,94.87000274658203,0
2017-10-03,91.58999633789062,93.97000122070312,91.37999725341797,92.05000305175781,0
2017-10-04,92.12000274658203,93.0199966430664,91.4000015258789,92.0,0
2017-10-05,91.79000091552734,92.66999816894531,91.05999755859375,91.5999984741211,0
2017-10-06,97.08999633789062,98.37000274658203,91.72000122070312,92.43000030517578,0
2017-10-09,101.83000183105469,102.72000122070312,97.47000122070312,97.97000122070312,0
2017-10-10,97.33000183105469,102.06999969482422,97.29000091552734,100.31999969482422,0
2017-10-11,99.22000122070312,100.93000030517578,98.05999755859375,100.13999938964844,0
2017-10-12,97.7699966430664,100.98999786376953,96.06999969482422,99.70999908447266,0
2017-10-13,97.80000305175781,98.94000244140625,95.83999633789062,97.04000091552734,0
2017-10-16,97.6500015258789,99.62000274658203,97.30999755859375,98.30999755859375,0
2017-10-17,98.73999786376953,99.2699966430664,97.19999694824219,98.44999694824219,0
2017-10-18,94.33999633789062,98.16999816894531,94.33999633789062,98.16999816894531,0
2017-10-19,93.33000183105469,101.66999816894531,93.33000183105469,100.61000061035156,0
2017-10-20,90.52999877929688,93.08999633789062,89.66000366210938,92.27999877929688,0
2017-10-23,97.08999633789062,97.11000061035156,91.45999908447266,92.4800033569336,0
2017-10-24,98.43000030517578,98.43000030517578,94.30999755859375,94.45999908447266,0
2017-10-25,100.16000366210938,113.45999908447266,98.95999908447266,99.62000274658203,0
2017-10-26,97.7300033569336,101.22000122070312,96.25,100.16999816894531,0
2017-10-27,92.77999877929688,97.31999969482422,92.19999694824219,96.44000244140625,0
2017-10-30,95.19000244140625,97.63999938964844,92.7699966430664,96.97000122070312,0
2017-10-31,92.01000213623047,94.41999816894531,91.76000213623047,94.18000030517578,0
2017-11-01,92.0,92.80000305175781,90.61000061035156,91.91000366210938,0
2017-11-02,91.4800033569336,94.7699966430664,90.72000122070312,92.01000213623047,0
2017-11-03,89.68000030517578,91.6500015258789,89.02999877929688,90.54000091552734,0
2017-11-06,91.25,92.41999816894531,90.56999969482422,92.41999816894531,0
2017-11-07,93.44999694824219,95.19999694824219,90.30000305175781,91.51000213623047,0
2017-11-08,97.73999786376953,100.68000030517578,96.1500015258789,99.7699966430664,0
2017-11-09,98.81999969482422,109.55000305175781,97.31999969482422,101.80999755859375,0
2017-11-10,104.76000213623047,106.56999969482422,98.9800033569336,100.0199966430664,0
2017-11-13,106.30000305175781,108.56999969482422,103.62000274658203,108.2699966430664,0
2017-11-14,103.18000030517578,107.68000030517578,102.01000213623047,107.02999877929688,0
2017-11-15,106.2699966430664,113.77999877929688,104.66999816894531,107.16000366210938,0
2017-11-16,100.1500015258789,102.75,98.6500015258789,102.7300033569336,0
2017-11-17,97.12000274658203,100.37999725341797,95.97000122070312,100.37999725341797,0
2017-11-20,93.76000213623047,97.72000122070312,92.44000244140625,97.56999969482422,0
2017-11-21,89.2699966430664,91.54000091552734,88.20999908447266,91.54000091552734,0
2017-11-22,86.41999816894531,88.38999938964844,85.83000183105469,88.16999816894531,0
2017-11-24,86.31999969482422,86.79000091552734,85.7699966430664,86.4000015258789,0
2017-11-27,86.58000183105469,88.62000274658203,85.75,88.58000183105469,0
2017-11-28,85.7300033569336,87.20999908447266,84.58000183105469,86.30999755859375,0
2017-11-29,89.56999969482422,92.47000122070312,85.56999969482422,85.91999816894531,0
2017-11-30,89.94000244140625,90.9800033569336,87.18000030517578,87.3499984741211,0
2017-12-01,95.02999877929688,111.4800033569336,89.88999938964844,90.55999755859375,0
2017-12-04,97.56999969482422,97.80999755859375,90.0199966430664,91.19000244140625,0
2017-12-05,97.94999694824219,98.04000091552734,92.58000183105469,96.16000366210938,0
2017-12-06,98.16999816894531,100.12000274658203,96.56999969482422,98.05999755859375,0
2017-12-07,95.83000183105469,98.0999984741211,95.06999969482422,97.54000091552734,0
2017-12-08,91.88999938964844,94.02999877929688,91.33000183105469,93.51000213623047,0
2017-12-11,92.05999755859375,93.94000244140625,91.5,93.7699966430664,0
2017-12-12,93.2699966430664,93.68000030517578,91.38999938964844,91.47000122070312,0
2017-12-13,95.55999755859375,96.26000213623047,93.58000183105469,94.55000305175781,0
2017-12-14,96.06999969482422,98.31999969482422,93.76000213623047,94.77999877929688,0
2017-12-15,92.19999694824219,94.55999755859375,91.08000183105469,94.30000305175781,0
2017-12-18,90.63999938964844,93.13999938964844,90.23999786376953,92.94999694824219,0
2017-12-19,93.58000183105469,93.81999969482422,90.41000366210938,91.48999786376953,0
2017-12-20,92.86000061035156,93.52999877929688,90.12999725341797,91.06999969482422,0
2017-12-21,92.20999908447266,93.88999938964844,91.55000305175781,92.86000061035156,0
2017-12-22,94.9000015258789,95.55999755859375,91.58000183105469,92.4800033569336,0
2017-12-26,97.55999755859375,98.97000122070312,96.0,98.88999938964844,0
2017-12-27,97.08000183105469,98.27999877929688,95.7699966430664,97.08000183105469,0
2017-12-28,97.25,97.6500015258789,96.26000213623047,97.12000274658203,0
2017-12-29,100.76000213623047,101.25,96.41999816894531,96.79000091552734,0
2018-01-02,97.36000061035156,103.06999969482422,97.12000274658203,103.06999969482422,0
2018-01-03,94.4000015258789,96.19000244140625,93.97000122070312,96.19000244140625,0
2018-01-04,94.20999908447266,94.94000244140625,93.44999694824219,94.12999725341797,0
2018-01-05,93.0999984741211,94.87000274658203,92.80999755859375,94.3499984741211,0
2018-01-08,93.97000122070312,97.5999984741211,93.23999786376953,97.5999984741211,0
2018-01-09,94.73999786376953,96.30000305175781,93.41999816894531,94.4000015258789,0
2018-01-10,93.69999694824219,100.72000122070312,93.62999725341797,98.70999908447266,0
2018-01-11,92.23999786376953,95.87999725341797,90.7300033569336,92.70999908447266,0
2018-01-12,92.22000122070312,93.87999725341797,90.88999938964844,91.19999694824219,0
2018-01-16,106.48999786376953,108.5999984741211,96.08000183105469,96.38999938964844,0
2018-01-17,102.62999725341797,108.36000061035156,97.9800033569336,105.4800033569336,0
2018-01-18,103.68000030517578,107.11000061035156,101.6500015258789,103.4800033569336,0
2018-01-19,101.58999633789062,104.33999633789062,101.01000213623047,102.66999816894531,0
2018-01-22,99.68000030517578,103.7300033569336,98.58999633789062,103.69999694824219,0
2018-01-23,98.58999633789062,101.18000030517578,97.06999969482422,100.23999786376953,0
2018-01-24,99.7699966430664,104.94000244140625,97.8499984741211,98.19000244140625,0
2018-01-25,101.77999877929688,103.4000015258789,99.5199966430664,99.5999984741211,0
2018-01-26,98.6500015258789,101.62999725341797,98.29000091552734,100.76000213623047,0
2018-01-29,110.01000213623047,110.01000213623047,101.69000244140625,102.3499984741211,0
2018-01-30,113.4800033569336,119.95999908447266,112.04000091552734,113.25,0
2018-01-31,108.41000366210938,111.93000030517578,106.80999755859375,110.02999877929688,0
2018-02-01,105.7699966430664,110.2699966430664,99.83000183105469,110.2699966430664,0
2018-02-02,125.51000213623047,128.41000366210938,109.87999725341797,109.91999816894531,0
2018-02-05,177.33999633789062,203.72999572753906,121.01000213623047,130.4499969482422,0
2018-02-06,161.1199951171875,181.58999633789062,140.66000366210938,152.66000366210938,0
2018-02-07,159.02999877929688,163.7899932861328,142.97000122070312,159.07000732421875,0
2018-02-08,180.61000061035156,182.4499969482422,154.24000549316406,155.8000030517578,0
2018-02-09,167.27999877929688,182.5500030517578,165.35000610351562,176.72000122070312,0
2018-02-12,140.8000030517578,164.41000366210938,137.7899932861328,163.32000732421875,0
2018-02-13,136.5800018310547,144.80999755859375,136.2899932861328,144.3000030517578,0
2018-02-14,124.48999786376953,135.8000030517578,118.16999816894531,135.3699951171875,0
2018-02-15,122.76000213623047,125.47000122070312,120.81999969482422,120.81999969482422,0
2018-02-16,121.19999694824219,124.30999755859375,115.06999969482422,122.88999938964844,0
2018-02-20,122.58000183105469,125.19000244140625,119.33000183105469,123.1500015258789,0
2018-02-21,125.7300033569336,126.51000213623047,112.91999816894531,121.4800033569336,0
2018-02-22,116.9800033569336,121.98999786376953,116.11000061035156,121.25,0
2018-02-23,110.19000244140625,117.31999969482422,109.48999786376953,115.2699966430664,0
2018-02-26,107.68000030517578,111.19000244140625,106.4000015258789,109.41999816894531,0
2018-02-27,119.5,121.5,107.8499984741211,109.9000015258789,0
2018-02-28,121.69999694824219,124.44999694824219,115.0999984741211,116.75,0
2018-03-01,128.13999938964844,139.35000610351562,121.02999877929688,121.98999786376953,0
2018-03-02,114.77999877929688,139.7899932861328,114.58000183105469,135.02999877929688,0
2018-03-05,109.66000366210938,119.06999969482422,108.87999725341797,119.06999969482422,0
2018-03-06,104.61000061035156,109.98999786376953,104.08000183105469,107.95999908447266,0
2018-03-07,99.48999786376953,107.88999938964844,98.70999908447266,107.88999938964844,0
2018-03-08,96.91999816894531,100.04000091552734,96.76000213623047,97.88999938964844,0
2018-03-09,99.70999908447266,99.80999755859375,94.88999938964844,96.11000061035156,0
2018-03-12,104.94000244140625,106.91999816894531,100.73999786376953,101.44999694824219,0
2018-03-13,107.04000091552734,108.93000030517578,102.88999938964844,103.38999938964844,0
2018-03-14,110.29000091552734,112.29000091552734,106.37999725341797,107.4000015258789,0
2018-03-15,109.27999877929688,111.06999969482422,105.94999694824219,108.97000122070312,0
2018-03-16,106.48999786376953,107.5999984741211,103.33000183105469,107.56999969482422,0
2018-03-19,112.91999816894531,120.30000305175781,107.08999633789062,109.73999786376953,0
2018-03-20,107.12999725341797,113.52999877929688,107.02999877929688,113.5199966430664,0
2018-03-21,106.5999984741211,107.61000061035156,102.3499984741211,106.87999725341797,0
2018-03-22,125.12000274658203,126.43000030517578,111.5199966430664,115.30999755859375,0
2018-03-23,129.82000732421875,133.3699951171875,116.0,122.62999725341797,0
2018-03-26,113.08000183105469,123.54000091552734,112.70999908447266,123.54000091552734,0
2018-03-27,118.61000061035156,123.13999938964844,110.6500015258789,112.94999694824219,0
2018-03-28,114.0199966430664,120.6500015258789,113.30000305175781,118.2300033569336,0
2018-03-29,103.31999969482422,111.83999633789062,101.80000305175781,110.8499984741211,0
2018-04-02,111.66999816894531,118.19999694824219,107.11000061035156,108.43000030517578,0
2018-04-03,102.05999755859375,109.41000366210938,102.05999755859375,109.04000091552734,0
2018-04-04,95.44000244140625,109.80999755859375,94.93000030517578,109.80999755859375,0
2018-04-05,92.20999908447266,96.05000305175781,91.63999938964844,95.12999725341797,0
2018-04-06,98.5999984741211,103.23999786376953,93.0,95.44999694824219,0
2018-04-09,100.23999786376953,100.33999633789062,96.79000091552734,98.79000091552734,0
2018-04-10,98.20999908447266,100.23999786376953,97.3499984741211,97.61000061035156,0
2018-04-11,100.0199966430664,102.54000091552734,98.87999725341797,102.5199966430664,0
2018-04-12,98.08000183105469,100.27999877929688,97.16000366210938,98.19000244140625,0
2018-04-13,93.94000244140625,97.33000183105469,92.9800033569336,96.7699966430664,0
2018-04-16,93.22000122070312,93.33999633789062,91.3499984741211,92.83000183105469,0
2018-04-17,89.58999633789062,91.62000274658203,87.5999984741211,91.51000213623047,0
2018-04-18,92.41000366210938,96.08999633789062,89.31999969482422,90.94999694824219,0
2018-04-19,95.37999725341797,97.77999877929688,93.02999877929688,93.16000366210938,0
2018-04-20,99.20999908447266,100.3499984741211,93.7699966430664,94.05000305175781,0
2018-04-23,96.87000274658203,99.86000061035156,96.33999633789062,98.75,0
2018-04-24,100.80999755859375,109.69999694824219,93.55000305175781,94.52999877929688,0
2018-04-25,97.80000305175781,104.63999938964844,97.47000122070312,100.91999816894531,0
2018-04-26,90.70999908447266,96.97000122070312,89.83000183105469,96.25,0
2018-04-27,92.1500015258789,95.48999786376953,89.33000183105469,89.33000183105469,0
2018-04-30,94.30000305175781,94.9000015258789,90.3499984741211,92.4000015258789,0
2018-05-01,89.97000122070312,96.0199966430664,89.97000122070312,94.80000305175781,0
2018-05-02,93.79000091552734,93.79000091552734,87.68000030517578,90.55000305175781,0
2018-05-03,91.06999969482422,98.47000122070312,91.0199966430664,93.58000183105469,0
2018-05-04,88.12000274658203,94.19000244140625,87.6500015258789,94.0999984741211,0
2018-05-07,90.70999908447266,90.87999725341797,88.7699966430664,90.87999725341797,0
2018-05-08,89.5,92.13999938964844,89.25,90.97000122070312,0
2018-05-09,93.88999938964844,96.91000366210938,92.86000061035156,96.2300033569336,0
2018-05-10,93.0199966430664,95.0,91.76000213623047,94.12999725341797,0
2018-05-11,90.02999877929688,94.11000061035156,90.0199966430664,92.73999786376953,0
2018-05-14,92.62000274658203,93.0999984741211,88.62000274658203,91.29000091552734,0
2018-05-15,99.18000030517578,100.27999877929688,96.30999755859375,96.30999755859375,0
2018-05-16,94.79000091552734,97.26000213623047,94.62999725341797,96.70999908447266,0
2018-05-17,93.4800033569336,96.77999877929688,93.05000305175781,95.19000244140625,0
2018-05-18,94.76000213623047,96.79000091552734,93.01000213623047,94.05999755859375,0
2018-05-21,91.04000091552734,92.86000061035156,89.30999755859375,92.19999694824219,0
2018-05-22,90.47000122070312,91.5,89.22000122070312,89.69000244140625,0
2018-05-23,89.80000305175781,95.68000030517578,89.51000213623047,93.87000274658203,0
2018-05-24,90.63999938964844,95.5999984741211,89.36000061035156,90.63999938964844,0
2018-05-25,93.77999877929688,94.29000091552734,90.81999969482422,91.48999786376953,0
2018-05-29,108.66999816894531,113.43000030517578,97.97000122070312,98.97000122070312,0
2018-05-30,99.08000183105469,105.62999725341797,97.58999633789062,105.55000305175781,0
2018-05-31,100.62999725341797,101.80999755859375,98.23999786376953,99.3499984741211,0
2018-06-01,93.30000305175781,97.01000213623047,93.1500015258789,96.55999755859375,0
2018-06-04,90.83000183105469,94.30000305175781,90.6500015258789,93.93000030517578,0
2018-06-05,89.83999633789062,92.69000244140625,89.4800033569336,91.02999877929688,0
2018-06-06,88.12000274658203,90.36000061035156,87.48999786376953,89.23999786376953,0
2018-06-07,91.27999877929688,94.69000244140625,88.12000274658203,88.25,0
2018-06-08,93.48999786376953,94.8499984741211,91.54000091552734,92.86000061035156,0
2018-06-11,94.54000091552734,95.69000244140625,93.01000213623047,95.41000366210938,0
2018-06-12,95.70999908447266,96.66999816894531,93.5,93.86000061035156,0
2018-06-13,100.01000213623047,100.01000213623047,96.66999816894531,97.11000061035156,0
2018-06-14,98.20999908447266,99.66000366210938,95.73999786376953,97.0199966430664,0
2018-06-15,101.66000366210938,103.22000122070312,100.2300033569336,100.81999969482422,0
2018-06-18,99.87000274658203,107.41000366210938,98.36000061035156,105.6500015258789,0
2018-06-19,104.12999725341797,108.2300033569336,102.44000244140625,106.66000366210938,0
2018-06-20,98.51000213623047,102.16000366210938,98.04000091552734,102.16000366210938,0
2018-06-21,107.44999694824219,107.55999755859375,97.47000122070312,98.87999725341797,0
2018-06-22,102.48999786376953,104.80999755859375,101.54000091552734,103.11000061035156,0
2018-06-25,114.31999969482422,126.06999969482422,108.66999816894531,108.73999786376953,0
2018-06-26,107.5199966430664,113.41000366210938,104.86000061035156,110.45999908447266,0
2018-06-27,112.75,116.0999984741211,103.23999786376953,106.75,0
2018-06-28,108.87999725341797,116.73999786376953,108.37000274658203,113.4000015258789,0
2018-06-29,105.97000122070312,106.1500015258789,102.48999786376953,105.43000030517578,0
2018-07-02,104.80000305175781,112.37999725341797,104.69000244140625,111.38999938964844,0
2018-07-03,108.5,108.5,102.7300033569336,103.23999786376953,0
2018-07-05,103.22000122070312,108.58000183105469,103.11000061035156,103.44000244140625,0
2018-07-06,95.73999786376953,102.93000030517578,95.33999633789062,102.8499984741211,0
2018-07-09,94.16000366210938,96.43000030517578,92.37999725341797,96.43000030517578,0
2018-07-10,91.95999908447266,94.61000061035156,91.5199966430664,93.0,0
2018-07-11,104.5,106.33000183105469,100.30999755859375,103.5199966430664,0
2018-07-12,100.81999969482422,102.98999786376953,100.33999633789062,101.58999633789062,0
2018-07-13,99.80999755859375,101.97000122070312,98.8499984741211,100.80999755859375,0
2018-07-16,100.94999694824219,102.08000183105469,98.70999908447266,100.38999938964844,0
2018-07-17,98.55999755859375,102.06999969482422,96.29000091552734,101.72000122070312,0
2018-07-18,98.08000183105469,101.41000366210938,96.87999725341797,97.33000183105469,0
2018-07-19,100.58000183105469,102.76000213623047,98.69000244140625,100.08999633789062,0
2018-07-20,102.76000213623047,103.47000122070312,99.5999984741211,101.76000213623047,0
2018-07-23,102.04000091552734,105.45999908447266,101.79000091552734,102.86000061035156,0
2018-07-24,98.68000030517578,102.0,97.4000015258789,98.62999725341797,0
2018-07-25,94.19999694824219,98.69000244140625,92.98999786376953,98.44000244140625,0
2018-07-26,91.66000366210938,93.75,90.91000366210938,92.80999755859375,0
2018-07-27,97.1500015258789,101.0999984741211,91.05999755859375,91.30999755859375,0
2018-07-30,101.41000366210938,102.86000061035156,97.51000213623047,97.55000305175781,0
2018-07-31,94.12999725341797,98.97000122070312,94.05999755859375,97.66000366210938,0
2018-08-01,95.27999877929688,96.16000366210938,92.66000366210938,93.72000122070312,0
2018-08-02,91.66000366210938,98.95999908447266,91.12999725341797,98.68000030517578,0
2018-08-03,86.5999984741211,91.94999694824219,86.30000305175781,91.80999755859375,0
2018-08-06,84.66000366210938,88.93000030517578,84.43000030517578,88.6500015258789,0
2018-08-07,83.20999908447266,85.0,82.5999984741211,83.87999725341797,0
2018-08-08,84.41999816894531,85.5199966430664,82.80000305175781,83.69999694824219,0
2018-08-09,88.69000244140625,88.69000244140625,84.16999816894531,84.52999877929688,0
2018-08-10,99.06999969482422,100.66000366210938,93.20999908447266,94.68000030517578,0
2018-08-13,107.77999877929688,107.77999877929688,97.4000015258789,101.11000061035156,0
2018-08-14,100.33999633789062,105.43000030517578,99.93000030517578,105.08000183105469,0
2018-08-15,111.12999725341797,120.0,107.95999908447266,108.30000305175781,0
2018-08-16,103.48999786376953,108.19999694824219,98.94999694824219,108.19999694824219,0
2018-08-17,101.80999755859375,106.48999786376953,101.26000213623047,104.56999969482422,0
2018-08-20,100.7699966430664,102.04000091552734,99.62000274658203,100.45999908447266,0
2018-08-21,101.55999755859375,101.69000244140625,97.48999786376953,99.94000244140625,0
2018-08-22,95.72000122070312,100.63999938964844,95.47000122070312,100.55000305175781,0
2018-08-23,95.91999816894531,97.2300033569336,93.26000213623047,95.02999877929688,0
2018-08-24,93.94999694824219,94.5,92.2300033569336,94.5,0
2018-08-27,93.38999938964844,94.72000122070312,92.44999694824219,94.54000091552734,0
2018-08-28,92.30999755859375,93.47000122070312,91.63999938964844,92.76000213623047,0
2018-08-29,91.0999984741211,93.16000366210938,90.04000091552734,91.9800033569336,0
2018-08-30,95.11000061035156,95.36000061035156,90.2300033569336,91.98999786376953,0
2018-08-31,92.7300033569336,96.12000274658203,92.12999725341797,95.37000274658203,0
2018-09-04,95.2300033569336,99.19000244140625,95.18000030517578,96.54000091552734,0
2018-09-05,97.94000244140625,99.91000366210938,96.18000030517578,97.4000015258789,0
2018-09-06,101.36000061035156,102.69999694824219,96.31999969482422,96.91999816894531,0
2018-09-07,102.37999725341797,103.2699966430664,99.04000091552734,102.83000183105469,0
2018-09-10,100.37999725341797,101.66000366210938,99.56999969482422,101.51000213623047,0
2018-09-11,96.44000244140625,101.91999816894531,95.81999969482422,101.13999938964844,0
2018-09-12,97.23999786376953,100.56999969482422,96.45999908447266,99.94000244140625,0
2018-09-13,91.05999755859375,95.26000213623047,90.76000213623047,95.19999694824219,0
2018-09-14,88.06999969482422,91.52999877929688,87.9000015258789,91.08000183105469,0
2018-09-17,96.33999633789062,96.33999633789062,89.61000061035156,90.77999877929688,0
2018-09-18,92.48999786376953,94.27999877929688,89.62000274658203,94.0999984741211,0
2018-09-19,88.18000030517578,91.22000122070312,87.27999877929688,90.30000305175781,0
2018-09-20,87.30999755859375,88.0199966430664,86.0199966430664,86.73999786376953,0
2018-09-21,90.19999694824219,90.19999694824219,86.55999755859375,86.88999938964844,0
2018-09-24,91.51000213623047,94.41000366210938,91.41000366210938,92.7300033569336,0
2018-09-25,91.06999969482422,92.0199966430664,89.61000061035156,90.76000213623047,0
2018-09-26,91.55999755859375,92.47000122070312,86.76000213623047,90.16000366210938,0
2018-09-27,87.66000366210938,90.12000274658203,87.13999938964844,90.02999877929688,0
2018-09-28,87.30999755859375,91.30000305175781,86.9000015258789,88.5199966430664,0
2018-10-01,86.97000122070312,88.38999938964844,85.41999816894531,87.45999908447266,0
2018-10-02,88.12000274658203,88.56999969482422,85.55999755859375,87.12999725341797,0
2018-10-03,85.80000305175781,87.12999725341797,85.30000305175781,86.20999908447266,0
2018-10-04,99.44000244140625,105.43000030517578,88.73999786376953,88.73999786376953,0
2018-10-05,102.62999725341797,114.58999633789062,96.02999877929688,98.5199966430664,0
2018-10-08,102.73999786376953,112.8499984741211,102.30999755859375,108.30999755859375,0
2018-10-09,103.91999816894531,107.27999877929688,100.79000091552734,105.62000274658203,0
2018-10-10,135.61000061035156,136.42999267578125,113.43000030517578,113.43000030517578,0
2018-10-11,129.3000030517578,147.3800048828125,124.69999694824219,131.5800018310547,0
2018-10-12,124.80999755859375,133.22000122070312,122.79000091552734,123.56999969482422,0
2018-10-15,118.77999877929688,127.86000061035156,114.83999633789062,125.79000091552734,0
2018-10-16,111.77999877929688,115.7699966430664,111.19000244140625,115.56999969482422,0
2018-10-17,109.27999877929688,117.33999633789062,109.27999877929688,111.16999816894531,0
2018-10-18,116.81999969482422,123.98999786376953,109.83999633789062,111.48999786376953,0
2018-10-19,114.94999694824219,118.19999694824219,112.12000274658203,115.87000274658203,0
2018-10-22,112.1500015258789,117.27999877929688,111.29000091552734,114.22000122070312,0
2018-10-23,108.70999908447266,121.12000274658203,108.70999908447266,120.76000213623047,0
2018-10-24,118.58000183105469,119.55999755859375,109.25,110.0999984741211,0
2018-10-25,113.91000366210938,120.25,110.36000061035156,118.48999786376953,0
2018-10-26,110.48999786376953,120.45999908447266,110.0999984741211,116.44999694824219,0
2018-10-29,110.38999938964844,114.27999877929688,108.66000366210938,110.31999969482422,0
2018-10-30,106.08000183105469,111.62000274658203,105.70999908447266,111.55999755859375,0
2018-10-31,102.9000015258789,105.06999969482422,100.6500015258789,104.97000122070312,0
2018-11-01,99.56999969482422,102.70999908447266,98.9000015258789,102.30999755859375,0
2018-11-02,102.37999725341797,105.70999908447266,97.7699966430664,98.61000061035156,0
2018-11-05,101.83000183105469,104.45999908447266,101.7300033569336,104.44999694824219,0
2018-11-06,102.4800033569336,103.66999816894531,101.04000091552734,102.13999938964844,0
2018-11-07,95.75,98.79000091552734,93.30000305175781,98.36000061035156,0
2018-11-08,95.4000015258789,97.13999938964844,92.7699966430664,95.91999816894531,0
2018-11-09,100.55000305175781,101.47000122070312,95.95999908447266,96.55999755859375,0
2018-11-12,107.7699966430664,108.45999908447266,102.02999877929688,102.16999816894531,0
2018-11-13,105.31999969482422,108.43000030517578,102.98999786376953,107.87000274658203,0
2018-11-14,111.41999816894531,114.5,107.41999816894531,108.25,0
2018-11-15,107.37999725341797,115.5199966430664,107.37999725341797,113.05999755859375,0
2018-11-16,101.93000030517578,109.93000030517578,101.61000061035156,109.27999877929688,0
2018-11-19,107.12999725341797,108.23999786376953,103.18000030517578,103.62000274658203,0
2018-11-20,107.61000061035156,112.73999786376953,107.55999755859375,112.55999755859375,0
2018-11-21,100.2699966430664,106.54000091552734,99.08999633789062,106.45999908447266,0
2018-11-23,99.29000091552734,102.0199966430664,98.70999908447266,102.0,0
2018-11-26,92.16999816894531,98.2699966430664,91.4000015258789,97.94000244140625,0
2018-11-27,91.54000091552734,94.61000061035156,90.75,93.12000274658203,0
2018-11-28,93.55000305175781,94.02999877929688,90.31999969482422,90.58000183105469,0
2018-11-29,93.36000061035156,95.33000183105469,92.47000122070312,93.68000030517578,0
2018-11-30,93.58999633789062,94.9800033569336,93.22000122070312,94.33000183105469,0
2018-12-03,85.87000274658203,89.2300033569336,85.55999755859375,86.75,0
2018-12-04,96.56999969482422,97.83999633789062,85.29000091552734,86.6500015258789,0
2018-12-06,93.8499984741211,104.9800033569336,93.45999908447266,102.55000305175781,0
2018-12-07,96.48999786376953,98.52999877929688,93.04000091552734,94.52999877929688,0
2018-12-10,91.77999877929688,99.5199966430664,91.48999786376953,98.20999908447266,0
2018-12-11,89.7699966430664,93.61000061035156,89.58000183105469,90.36000061035156,0
2018-12-12,91.41000366210938,93.18000030517578,90.04000091552734,91.36000061035156,0
2018-12-13,93.0,94.63999938964844,91.18000030517578,91.7300033569336,0
2018-12-14,96.44999694824219,97.7300033569336,93.27999877929688,94.26000213623047,0
2018-12-17,101.55000305175781,104.01000213623047,96.19999694824219,98.19000244140625,0
2018-12-18,103.63999938964844,104.6500015258789,99.5,101.5999984741211,0
2018-12-19,105.05000305175781,106.63999938964844,101.16999816894531,103.80000305175781,0
2018-12-20,109.6500015258789,111.88999938964844,103.11000061035156,104.69999694824219,0
2018-12-21,106.61000061035156,109.37999725341797,104.16999816894531,109.37999725341797,0
2018-12-24,111.87999725341797,112.0199966430664,107.01000213623047,107.56999969482422,0
2018-12-26,97.31999969482422,109.16999816894531,94.56999969482422,108.94999694824219,0
2018-12-27,95.88999938964844,99.27999877929688,95.69999694824219,97.97000122070312,0
2018-12-28,91.23999786376953,96.79000091552734,90.70999908447266,95.95999908447266,0
2018-12-31,87.11000061035156,91.30999755859375,86.81999969482422,90.93000030517578,0
2019-01-02,81.66000366210938,89.44999694824219,81.5,89.38999938964844,0
2019-01-03,83.80000305175781,85.83999633789062,82.31999969482422,82.58999633789062,0
2019-01-04,84.44000244140625,84.56999969482422,80.30999755859375,82.06999969482422,0
2019-01-07,82.73999786376953,85.98999786376953,82.47000122070312,84.86000061035156,0
2019-01-08,82.41000366210938,85.44999694824219,82.06999969482422,83.0,0
2019-01-09,86.62000274658203,87.08999633789062,84.0999984741211,84.3499984741211,0
2019-01-10,86.3499984741211,89.58999633789062,86.22000122070312,87.69999694824219,0
2019-01-11,83.8499984741211,87.91000366210938,83.55000305175781,87.33999633789062,0
2019-01-14,83.01000213623047,86.41000366210938,81.62000274658203,86.33000183105469,0
2019-01-15,81.38999938964844,82.95999908447266,80.0999984741211,82.56999969482422,0
2019-01-16,83.33999633789062,83.33999633789062,80.0199966430664,80.87000274658203,0
2019-01-17,82.79000091552734,83.2300033569336,81.4800033569336,82.20999908447266,0
2019-01-18,82.48999786376953,82.87999725341797,78.04000091552734,81.06999969482422,0
2019-01-22,93.80999755859375,96.19999694824219,84.06999969482422,84.20999908447266,0
2019-01-23,88.44999694824219,95.38999938964844,88.33999633789062,92.88999938964844,0
2019-01-24,84.88999938964844,89.94999694824219,83.9000015258789,89.2699966430664,0
2019-01-25,83.37999725341797,84.23999786376953,82.7699966430664,83.02999877929688,0
2019-01-28,86.44000244140625,90.77999877929688,86.13999938964844,86.68000030517578,0
2019-01-29,86.83999633789062,87.94999694824219,85.4800033569336,85.55999755859375,0
2019-01-30,82.38999938964844,86.2300033569336,81.87000274658203,86.05000305175781,0
2019-01-31,79.23999786376953,82.20999908447266,79.11000061035156,81.79000091552734,0
2019-02-01,80.0,81.27999877929688,78.69999694824219,78.98999786376953,0
2019-02-04,77.36000061035156,82.01000213623047,76.55000305175781,81.73999786376953,0
2019-02-05,80.62000274658203,81.04000091552734,76.06999969482422,76.8499984741211,0
2019-02-06,84.98999786376953,86.30999755859375,84.04000091552734,85.75,0
2019-02-07,85.01000213623047,88.95999908447266,83.62999725341797,86.55000305175781,0
2019-02-08,82.69999694824219,88.87999725341797,82.55999755859375,86.05000305175781,0
2019-02-11,82.7699966430664,84.43000030517578,82.06999969482422,82.33999633789062,0
2019-02-12,81.62999725341797,82.62999725341797,80.08999633789062,80.95999908447266,0
2019-02-13,80.2699966430664,83.54000091552734,79.88999938964844,81.06999969482422,0
2019-02-14,81.63999938964844,84.77999877929688,80.13999938964844,82.51000213623047,0
2019-02-15,80.44999694824219,82.4000015258789,78.9800033569336,80.25,0
2019-02-19,78.63999938964844,84.22000122070312,76.87000274658203,83.81999969482422,0
2019-02-20,75.58999633789062,78.6500015258789,74.41999816894531,78.36000061035156,0
2019-02-21,76.63999938964844,78.94000244140625,75.1500015258789,75.58000183105469,0
2019-02-22,74.9800033569336,75.94999694824219,74.36000061035156,75.80000305175781,0
2019-02-25,79.3499984741211,79.3499984741211,74.37999725341797,75.61000061035156,0
2019-02-26,80.52999877929688,81.18000030517578,78.79000091552734,80.37000274658203,0
2019-02-27,80.37000274658203,85.58000183105469,80.13999938964844,81.26000213623047,0
2019-02-28,80.0,80.9000015258789,78.5199966430664,80.54000091552734,0
2019-03-01,79.2699966430664,80.58999633789062,77.29000091552734,78.41999816894531,0
2019-03-04,82.33999633789062,90.29000091552734,78.16999816894531,79.72000122070312,0
2019-03-05,82.45999908447266,84.70999908447266,81.05000305175781,82.0199966430664,0
2019-03-06,86.0999984741211,87.27999877929688,81.98999786376953,81.98999786376953,0
2019-03-07,88.69999694824219,92.7300033569336,86.88999938964844,87.7699966430664,0
2019-03-08,87.23999786376953,93.41000366210938,87.22000122070312,91.69000244140625,0
2019-03-11,81.2300033569336,87.69999694824219,81.12000274658203,87.69999694824219,0
2019-03-12,83.05999755859375,84.12000274658203,81.37999725341797,83.88999938964844,0
2019-03-13,82.76000213623047,84.33999633789062,79.94999694824219,81.72000122070312,0
2019-03-14,82.55999755859375,83.80000305175781,81.81999969482422,82.93000030517578,0
2019-03-15,82.94000244140625,83.93000030517578,80.51000213623047,82.18000030517578,0
2019-03-18,85.5199966430664,86.3499984741211,83.19000244140625,84.94000244140625,0
2019-03-19,87.36000061035156,87.91999816894531,83.73999786376953,83.73999786376953,0
2019-03-20,86.62999725341797,89.6500015258789,84.08000183105469,87.4800033569336,0
2019-03-21,83.88999938964844,86.68000030517578,82.33999633789062,86.68000030517578,0
2019-03-22,98.5,103.94000244140625,84.7300033569336,85.43000030517578,0
2019-03-25,97.19999694824219,102.41999816894531,96.76000213623047,99.6500015258789,0
2019-03-26,89.8499984741211,93.2300033569336,89.51000213623047,93.2300033569336,0
2019-03-27,91.33999633789062,96.37999725341797,89.08999633789062,89.8499984741211,0
2019-03-28,87.94999694824219,90.11000061035156,86.73999786376953,89.73999786376953,0
2019-03-29,85.81999969482422,87.41000366210938,85.4000015258789,87.13999938964844,0
2019-04-01,84.93000030517578,87.2699966430664,84.37000274658203,86.77999877929688,0
2019-04-02,83.27999877929688,85.61000061035156,81.97000122070312,85.20999908447266,0
2019-04-03,84.2300033569336,85.66999816894531,81.55999755859375,81.72000122070312,0
2019-04-04,82.1500015258789,84.11000061035156,81.31999969482422,83.83999633789062,0
2019-04-05,79.0999984741211,81.55000305175781,78.44999694824219,81.01000213623047,0
2019-04-08,81.86000061035156,82.37000274658203,80.22000122070312,80.98999786376953,0
2019-04-09,88.13999938964844,88.22000122070312,83.87000274658203,83.87999725341797,0
2019-04-10,89.48999786376953,93.08000183105469,88.73999786376953,90.81999969482422,0
2019-04-11,88.05999755859375,90.02999877929688,86.61000061035156,87.69000244140625,0
2019-04-12,84.9800033569336,86.52999877929688,83.56999969482422,85.83999633789062,0
2019-04-15,84.16999816894531,88.63999938964844,83.47000122070312,85.0199966430664,0
2019-04-16,83.58000183105469,84.02999877929688,81.33999633789062,83.30000305175781,0
2019-04-17,85.55000305175781,86.29000091552734,81.94999694824219,82.41000366210938,0
2019-04-18,84.41000366210938,85.97000122070312,83.12000274658203,85.80000305175781,0
2019-04-22,83.2699966430664,88.30000305175781,82.93000030517578,87.54000091552734,0
2019-04-23,81.43000030517578,83.30999755859375,80.6500015258789,83.30000305175781,0
2019-04-24,85.16999816894531,85.94000244140625,81.12999725341797,81.55999755859375,0
2019-04-25,86.94000244140625,88.87000274658203,85.19000244140625,85.19000244140625,0
2019-04-26,84.08999633789062,87.2300033569336,82.94000244140625,86.27999877929688,0
2019-04-29,86.08000183105469,86.4000015258789,83.52999877929688,85.91000366210938,0
2019-04-30,88.55999755859375,89.25,85.30999755859375,86.44000244140625,0
2019-05-01,95.75,96.61000061035156,85.81999969482422,87.30999755859375,0
2019-05-02,93.0199966430664,100.27999877929688,92.19000244140625,93.6500015258789,0
2019-05-03,86.2300033569336,89.43000030517578,85.86000061035156,89.43000030517578,0
2019-05-06,94.8499984741211,99.79000091552734,93.01000213623047,99.79000091552734,0
2019-05-07,111.54000091552734,117.62999725341797,98.54000091552734,98.88999938964844,0
2019-05-08,106.4800033569336,113.26000213623047,104.58000183105469,112.12999725341797,0
2019-05-09,102.91999816894531,114.80000305175781,102.29000091552734,111.80999755859375,0
2019-05-10,96.01000213623047,105.44000244140625,93.43000030517578,103.62000274658203,0
2019-05-13,105.5999984741211,107.5999984741211,102.16999816894531,106.05999755859375,0
2019-05-14,97.26000213623047,105.2699966430664,95.5199966430664,105.2699966430664,0
2019-05-15,94.52999877929688,102.3499984741211,94.12000274658203,101.73999786376953,0
2019-05-16,94.2300033569336,94.54000091552734,89.80000305175781,94.54000091552734,0
2019-05-17,99.12000274658203,99.3499984741211,93.6500015258789,97.0999984741211,0
2019-05-20,96.83000183105469,102.93000030517578,96.16999816894531,101.7300033569336,0
2019-05-21,92.37999725341797,94.58999633789062,90.29000091552734,94.19000244140625,0
2019-05-22,89.30000305175781,94.41999816894531,88.43000030517578,92.9000015258789,0
2019-05-23,94.9800033569336,97.04000091552734,91.91000366210938,93.87000274658203,0
2019-05-24,90.19000244140625,93.55000305175781,89.93000030517578,92.0199966430664,0
2019-05-28,95.08000183105469,95.66999816894531,90.02999877929688,90.02999877929688,0
2019-05-29,93.83000183105469,98.58000183105469,93.2699966430664,97.95999908447266,0
2019-05-30,92.77999877929688,94.20999908447266,90.38999938964844,92.12000274658203,0
2019-05-31,96.72000122070312,99.70999908447266,93.76000213623047,98.7699966430664,0
2019-06-03,96.02999877929688,98.62999725341797,94.05999755859375,98.22000122070312,0
2019-06-04,88.93000030517578,94.37999725341797,88.77999877929688,93.63999938964844,0
2019-06-05,86.72000122070312,90.4800033569336,86.69000244140625,88.20999908447266,0
2019-06-06,86.11000061035156,87.4800033569336,85.88999938964844,87.02999877929688,0
2019-06-07,86.0,86.30999755859375,84.2300033569336,85.19999694824219,0
2019-06-10,83.86000061035156,86.95999908447266,82.88999938964844,86.95999908447266,0
2019-06-11,84.94999694824219,86.58000183105469,82.91999816894531,83.45999908447266,0
2019-06-12,86.19999694824219,89.37999725341797,85.5199966430664,88.93000030517578,0
2019-06-13,84.7300033569336,85.66999816894531,83.55000305175781,84.7699966430664,0
2019-06-14,82.56999969482422,86.18000030517578,82.29000091552734,85.69999694824219,0
2019-06-17,83.4800033569336,84.41000366210938,81.79000091552734,83.80999755859375,0
2019-06-18,87.37000274658203,87.86000061035156,82.52999877929688,83.30000305175781,0
2019-06-19,84.58000183105469,87.72000122070312,81.70999908447266,86.68000030517578,0
2019-06-20,81.20999908447266,87.0,80.93000030517578,83.2300033569336,0
2019-06-21,83.13999938964844,83.37000274658203,79.33000183105469,82.55000305175781,0
2019-06-24,82.58999633789062,83.87999725341797,81.48999786376953,83.75,0
2019-06-25,85.16000366210938,85.33999633789062,82.54000091552734,82.97000122070312,0
2019-06-26,85.36000061035156,85.87000274658203,83.12999725341797,85.18000030517578,0
2019-06-27,86.5199966430664,87.62000274658203,84.19999694824219,85.30000305175781,0
2019-06-28,85.77999877929688,87.81999969482422,85.69000244140625,86.62999725341797,0
2019-07-01,79.58000183105469,81.41999816894531,77.7699966430664,80.55999755859375,0
2019-07-02,78.22000122070312,79.22000122070312,75.37000274658203,78.76000213623047,0
2019-07-03,80.04000091552734,80.0999984741211,78.68000030517578,79.01000213623047,0
2019-07-08,83.66000366210938,84.37999725341797,81.66999816894531,83.94999694824219,0
2019-07-09,82.30999755859375,85.68000030517578,81.62999725341797,85.56999969482422,0
2019-07-10,85.97000122070312,86.0,82.26000213623047,82.26000213623047,0
2019-07-11,88.19999694824219,89.62999725341797,84.7699966430664,85.18000030517578,0
2019-07-12,86.13999938964844,88.54000091552734,85.87999725341797,86.37000274658203,0
2019-07-15,86.19999694824219,87.9800033569336,85.41999816894531,86.86000061035156,0
2019-07-16,88.25,89.11000061035156,84.66000366210938,85.7699966430664,0
2019-07-17,90.3499984741211,90.3499984741211,85.98999786376953,87.0999984741211,0
2019-07-18,84.04000091552734,90.3499984741211,83.80000305175781,90.3499984741211,0
2019-07-19,86.7699966430664,86.9800033569336,82.94999694824219,84.04000091552734,0
2019-07-22,81.22000122070312,87.2300033569336,81.08999633789062,86.7699966430664,0
2019-07-23,78.98999786376953,82.12999725341797,78.72000122070312,80.36000061035156,0
2019-07-24,83.88999938964844,84.13999938964844,77.05000305175781,80.19999694824219,0
2019-07-25,84.30000305175781,89.72000122070312,83.44999694824219,84.55000305175781,0
2019-07-26,83.11000061035156,83.73999786376953,79.70999908447266,82.75,0
2019-07-29,88.16000366210938,88.16999816894531,84.38999938964844,85.30000305175781,0
2019-07-30,91.58000183105469,91.8499984741211,87.70999908447266,90.69999694824219,0
2019-07-31,96.27999877929688,98.68000030517578,86.95999908447266,91.8499984741211,0
2019-08-01,105.47000122070312,111.33000183105469,90.47000122070312,95.48999786376953,0
2019-08-02,102.69000244140625,111.95999908447266,102.55000305175781,103.7300033569336,0
2019-08-05,114.4000015258789,114.95999908447266,109.2300033569336,110.37000274658203,0
2019-08-06,107.44999694824219,111.02999877929688,104.9000015258789,106.33999633789062,0
2019-08-07,104.2699966430664,113.3499984741211,103.31999969482422,110.86000061035156,0
2019-08-08,98.66000366210938,102.30999755859375,98.11000061035156,102.01000213623047,0
2019-08-09,101.5199966430664,104.77999877929688,98.36000061035156,98.66000366210938,0
2019-08-12,105.30999755859375,105.36000061035156,103.06999969482422,103.5199966430664,0
2019-08-13,102.20999908447266,109.47000122070312,99.86000061035156,109.47000122070312,0
2019-08-14,113.98999786376953,116.36000061035156,102.36000061035156,102.36000061035156,0
2019-08-15,112.26000213623047,117.3499984741211,111.4800033569336,112.75,0
2019-08-16,110.31999969482422,112.41999816894531,107.62999725341797,112.26000213623047,0
2019-08-19,101.22000122070312,106.41000366210938,100.26000213623047,106.33000183105469,0
2019-08-20,104.7699966430664,105.0999984741211,100.04000091552734,102.30000305175781,0
2019-08-21,98.02999877929688,101.05999755859375,97.62000274658203,100.7699966430664,0
2019-08-22,100.94000244140625,102.5999984741211,97.69999694824219,97.83000183105469,0
2019-08-23,111.37000274658203,115.2699966430664,99.0999984741211,104.02999877929688,0
2019-08-26,106.2699966430664,112.37000274658203,105.97000122070312,109.97000122070312,0
2019-08-27,106.48999786376953,107.94999694824219,103.13999938964844,106.70999908447266,0
2019-08-28,103.94999694824219,108.44999694824219,103.36000061035156,107.27999877929688,0
2019-08-29,99.80000305175781,102.83999633789062,99.30999755859375,101.41000366210938,0
2019-08-30,102.66000366210938,102.94999694824219,98.27999877929688,99.80000305175781,0
2019-09-03,102.19000244140625,106.13999938964844,102.02999877929688,102.4800033569336,0
2019-09-04,97.30000305175781,99.80000305175781,96.68000030517578,99.51000213623047,0
2019-09-05,95.51000213623047,97.3499984741211,94.11000061035156,97.3499984741211,0
2019-09-06,94.4000015258789,98.05000305175781,94.26000213623047,94.9000015258789,0
2019-09-09,94.5,96.41000366210938,92.13999938964844,94.4800033569336,0
2019-09-10,93.8499984741211,97.0,93.63999938964844,95.6500015258789,0
2019-09-11,97.79000091552734,98.9800033569336,95.61000061035156,98.9800033569336,0
2019-09-12,95.94000244140625,97.51000213623047,93.83000183105469,96.4800033569336,0
2019-09-13,98.93000030517578,100.52999877929688,93.91000366210938,94.86000061035156,0
2019-09-16,101.7300033569336,102.22000122070312,98.94000244140625,99.51000213623047,0
2019-09-17,101.66999816894531,102.6500015258789,100.51000213623047,101.86000061035156,0
2019-09-18,99.08999633789062,105.68000030517578,98.76000213623047,102.22000122070312,0
2019-09-19,97.30000305175781,99.1500015258789,96.19000244140625,99.1500015258789,0
2019-09-20,101.02999877929688,102.30000305175781,95.43000030517578,96.62000274658203,0
2019-09-23,97.5999984741211,101.04000091552734,97.55999755859375,101.04000091552734,0
2019-09-24,104.95999908447266,108.37999725341797,95.9000015258789,96.30999755859375,0
2019-09-25,99.68000030517578,107.16999816894531,99.33000183105469,104.77999877929688,0
2019-09-26,100.30999755859375,102.25,98.69999694824219,100.37000274658203,0
2019-09-27,103.19999694824219,106.01000213623047,97.58000183105469,100.04000091552734,0
2019-09-30,97.62000274658203,103.44999694824219,97.62000274658203,103.44999694824219,0
2019-10-01,102.73999786376953,102.73999786376953,95.56999969482422,97.75,0
2019-10-02,103.80999755859375,105.44999694824219,101.12000274658203,104.52999877929688,0
2019-10-03,98.19999694824219,104.81999969482422,97.79000091552734,103.69000244140625,0
2019-10-04,95.19000244140625,97.86000061035156,93.8499984741211,97.86000061035156,0
2019-10-07,97.04000091552734,98.41999816894531,95.1500015258789,95.1500015258789,0
2019-10-08,102.2699966430664,102.3499984741211,97.29000091552734,97.29000091552734,0
2019-10-09,101.25,106.7300033569336,99.48999786376953,102.2699966430664,0
2019-10-10,99.66000366210938,102.4800033569336,99.02999877929688,101.33999633789062,0
2019-10-11,97.69999694824219,99.81999969482422,94.31999969482422,99.81999969482422,0
2019-10-14,94.43000030517578,98.62999725341797,94.25,97.81999969482422,0
2019-10-15,93.9800033569336,94.52999877929688,92.05000305175781,94.43000030517578,0
2019-10-16,93.16000366210938,95.94000244140625,92.98999786376953,94.51000213623047,0
2019-10-17,90.2699966430664,93.30000305175781,89.51000213623047,93.16000366210938,0
2019-10-18,91.19999694824219,92.19999694824219,89.69999694824219,90.23999786376953,0
2019-10-21,88.0999984741211,91.3499984741211,87.87999725341797,91.20999908447266,0
2019-10-22,89.31999969482422,89.75,85.73999786376953,87.2699966430664,0
2019-10-23,87.58999633789062,89.75,87.29000091552734,89.2300033569336,0
2019-10-24,86.55000305175781,88.36000061035156,85.23999786376953,87.16999816894531,0
2019-10-25,83.81999969482422,86.97000122070312,83.37999725341797,86.70999908447266,0
2019-10-28,86.4800033569336,86.91000366210938,83.88999938964844,83.88999938964844,0
2019-10-29,87.75,88.16000366210938,86.16999816894531,86.58999633789062,0
2019-10-30,86.47000122070312,89.33999633789062,86.38999938964844,87.66000366210938,0
2019-10-31,88.91999816894531,90.31999969482422,86.47000122070312,86.47000122070312,0
2019-11-01,85.69000244140625,88.86000061035156,84.83999633789062,88.86000061035156,0
2019-11-04,88.75,88.75,85.76000213623047,85.76000213623047,0
2019-11-05,90.9800033569336,91.08000183105469,88.69999694824219,88.73999786376953,0
2019-11-06,89.58999633789062,91.79000091552734,89.58999633789062,90.83000183105469,0
2019-11-07,90.1500015258789,90.76000213623047,88.81999969482422,89.77999877929688,0
2019-11-08,89.05999755859375,91.0999984741211,88.22000122070312,90.27999877929688,0
2019-11-11,89.55999755859375,93.5999984741211,89.05999755859375,89.05999755859375,0
2019-11-12,90.3499984741211,90.87000274658203,88.83999633789062,89.73999786376953,0
2019-11-13,93.5,95.12999725341797,90.44000244140625,90.44000244140625,0
2019-11-14,93.44999694824219,95.91000366210938,92.31999969482422,93.62999725341797,0
2019-11-15,93.3499984741211,93.56999969482422,91.36000061035156,93.44999694824219,0
2019-11-18,93.98999786376953,94.93000030517578,93.31999969482422,93.3499984741211,0
2019-11-19,95.94999694824219,96.2699966430664,93.58999633789062,93.8499984741211,0
2019-11-20,95.36000061035156,99.08999633789062,94.05999755859375,95.69999694824219,0
2019-11-21,96.08999633789062,97.12000274658203,95.36000061035156,95.36000061035156,0
2019-11-22,94.4000015258789,95.83999633789062,93.33000183105469,95.83999633789062,0
2019-11-25,90.23999786376953,94.31999969482422,89.83999633789062,94.31999969482422,0
2019-11-26,89.87999725341797,90.47000122070312,88.5,90.22000122070312,0
2019-11-27,90.19999694824219,90.45999908447266,88.81999969482422,89.12000274658203,0
2019-11-29,91.05000305175781,91.41999816894531,89.87000274658203,91.0,0
2019-12-02,98.91000366210938,99.16000366210938,90.95999908447266,90.95999908447266,0
2019-12-03,102.6500015258789,105.44000244140625,98.91000366210938,98.91000366210938,0
2019-12-04,98.72000122070312,102.81999969482422,95.52999877929688,102.81999969482422,0
2019-12-05,98.12000274658203,99.98999786376953,97.45999908447266,98.69000244140625,0
2019-12-06,96.5199966430664,98.13999938964844,94.16000366210938,98.13999938964844,0
2019-12-09,101.88999938964844,102.54000091552734,96.36000061035156,97.93000030517578,0
2019-12-10,101.02999877929688,102.31999969482422,99.69999694824219,100.48999786376953,0
2019-12-11,104.81999969482422,105.72000122070312,103.98999786376953,104.87999725341797,0
2019-12-12,101.30000305175781,105.93000030517578,99.7300033569336,105.2300033569336,0
2019-12-13,96.61000061035156,103.20999908447266,96.61000061035156,101.69000244140625,0
2019-12-16,94.20999908447266,95.37000274658203,93.23999786376953,95.33000183105469,0
2019-12-17,98.55999755859375,98.95999908447266,92.43000030517578,93.95999908447266,0
2019-12-18,99.19999694824219,100.44999694824219,96.55999755859375,96.80999755859375,0
2019-12-19,97.25,100.04000091552734,97.0199966430664,99.63999938964844,0
2019-12-20,99.29000091552734,100.0199966430664,96.5999984741211,96.80999755859375,0
2019-12-23,99.81999969482422,100.19000244140625,98.54000091552734,99.73999786376953,0
2019-12-24,98.83000183105469,100.18000030517578,98.52999877929688,99.45999908447266,0
2019-12-26,97.45999908447266,98.4800033569336,97.13999938964844,98.13999938964844,0
2019-12-27,99.62999725341797,99.83000183105469,96.95999908447266,96.95999908447266,0
2019-12-30,100.0199966430664,102.68000030517578,98.94000244140625,99.7699966430664,0
2019-12-31,94.0999984741211,100.19000244140625,94.08000183105469,100.11000061035156,0
2020-01-02,89.66999816894531,93.6500015258789,88.93000030517578,92.66000366210938,0
2020-01-03,93.79000091552734,99.91999816894531,90.68000030517578,99.91999816894531,0
2020-01-06,92.66000366210938,96.41000366210938,92.1500015258789,96.37000274658203,0
2020-01-07,91.06999969482422,93.44000244140625,89.66000366210938,92.80000305175781,0
2020-01-08,90.20999908447266,91.56999969482422,86.70999908447266,90.33000183105469,0
2020-01-09,87.80999755859375,90.58999633789062,87.7300033569336,88.8499984741211,0
2020-01-10,88.33000183105469,88.93000030517578,86.72000122070312,88.38999938964844,0
2020-01-13,88.4800033569336,90.30999755859375,87.94000244140625,89.37999725341797,0
2020-01-14,86.87000274658203,88.54000091552734,85.30999755859375,88.54000091552734,0
2020-01-15,91.1500015258789,91.68000030517578,88.9000015258789,90.62000274658203,0
2020-01-16,90.37999725341797,90.97000122070312,88.7699966430664,89.75,0
2020-01-17,91.75,93.36000061035156,89.73999786376953,90.01000213623047,0
2020-01-21,92.9800033569336,93.5999984741211,90.69000244140625,93.5999984741211,0
2020-01-22,91.11000061035156,92.4800033569336,90.04000091552734,90.87999725341797,0
2020-01-23,92.54000091552734,94.69000244140625,90.86000061035156,90.86000061035156,0
2020-01-24,98.43000030517578,100.58999633789062,91.56999969482422,91.80000305175781,0
2020-01-27,107.38999938964844,107.56999969482422,98.23999786376953,98.23999786376953,0
2020-01-28,102.11000061035156,105.30999755859375,99.94000244140625,105.12999725341797,0
2020-01-29,99.06999969482422,101.52999877929688,96.73999786376953,99.55000305175781,0
2020-01-30,96.48999786376953,104.04000091552734,96.38999938964844,101.94999694824219,0
2020-01-31,105.5999984741211,112.0199966430664,99.0199966430664,99.30999755859375,0
2020-02-03,102.94999694824219,104.0999984741211,99.3499984741211,104.08000183105469,0
2020-02-04,96.18000030517578,98.08000183105469,94.61000061035156,97.45999908447266,0
2020-02-05,92.81999969482422,94.22000122070312,92.12999725341797,92.6500015258789,0
2020-02-06,93.61000061035156,93.83999633789062,91.0,91.19999694824219,0
2020-02-07,96.01000213623047,98.22000122070312,94.73999786376953,96.16000366210938,0
2020-02-10,96.80999755859375,99.45999908447266,95.2699966430664,99.45999908447266,0
2020-02-11,96.95999908447266,97.30999755859375,94.26000213623047,96.0199966430664,0
2020-02-12,96.6500015258789,99.66999816894531,96.6500015258789,99.62999725341797,0
2020-02-13,99.16999816894531,100.02999877929688,97.94000244140625,100.02999877929688,0
2020-02-14,98.16999816894531,99.2699966430664,97.30000305175781,97.48999786376953,0
2020-02-18,101.0199966430664,101.94999694824219,97.55999755859375,98.68000030517578,0
2020-02-19,95.91999816894531,98.75,95.76000213623047,97.86000061035156,0
2020-02-20,99.4800033569336,102.0199966430664,95.06999969482422,95.88999938964844,0
2020-02-21,104.86000061035156,106.86000061035156,100.98999786376953,101.33999633789062,0
2020-02-24,112.72000122070312,118.12999725341797,110.44999694824219,118.12999725341797,0
2020-02-25,121.01000213623047,126.0999984741211,110.9000015258789,110.9000015258789,0
2020-02-26,113.44000244140625,119.08999633789062,111.44000244140625,119.08999633789062,0
2020-02-27,118.0,120.73999786376953,109.41999816894531,117.68000030517578,0
2020-02-28,125.7300033569336,133.0500030517578,116.61000061035156,120.13999938964844,0
2020-03-02,114.69000244140625,125.83999633789062,113.76000213623047,124.94000244140625,0
2020-03-03,116.72000122070312,118.12000274658203,108.58999633789062,113.69999694824219,0
2020-03-04,113.97000122070312,114.91999816894531,111.26000213623047,111.5,0
2020-03-05,119.66000366210938,122.55000305175781,113.44000244140625,114.5999984741211,0
2020-03-06,127.16000366210938,132.75,123.6500015258789,127.81999969482422,0
2020-03-09,137.19000244140625,160.5399932861328,127.62000274658203,130.47000122070312,0
2020-03-10,138.82000732421875,143.38999938964844,134.64999389648438,138.72000122070312,0
2020-03-11,146.92999267578125,149.41000366210938,144.44000244140625,149.22000122070312,0
2020-03-12,155.0500030517578,157.8800048828125,151.24000549316406,153.64999389648438,0
2020-03-13,171.27999877929688,181.74000549316406,151.3000030517578,151.7899932861328,0
2020-03-16,207.58999633789062,209.75999450683594,171.27999877929688,171.27999877929688,0
2020-03-17,194.42999267578125,205.2899932861328,187.27000427246094,203.02999877929688,0
2020-03-18,181.3300018310547,199.63999938964844,155.19000244140625,193.24000549316406,0
2020-03-19,181.75999450683594,184.17999267578125,167.3800048828125,181.64999389648438,0
2020-03-20,187.17999267578125,192.1699981689453,174.35000610351562,181.1999969482422,0
2020-03-23,167.92999267578125,187.47000122070312,161.9600067138672,186.08999633789062,0
2020-03-24,171.91000366210938,174.83999633789062,152.2100067138672,160.32000732421875,0
2020-03-25,171.88999938964844,177.25999450683594,164.57000732421875,173.13999938964844,0
2020-03-26,169.5800018310547,170.52999877929688,165.57000732421875,167.9199981689453,0
2020-03-27,168.7100067138672,176.05999755859375,166.42999267578125,173.3800048828125,0
2020-03-30,157.66000366210938,168.4199981689453,156.64999389648438,168.25,0
2020-03-31,152.9199981689453,157.39999389648438,152.6699981689453,157.25999450683594,0
2020-04-01,156.99000549316406,158.16000366210938,152.00999450683594,156.4600067138672,0
2020-04-02,147.3300018310547,155.85000610351562,147.25,155.57000732421875,0
2020-04-03,143.52000427246094,146.58999633789062,143.3300018310547,146.58999633789062,0
2020-04-06,143.3000030517578,146.6199951171875,141.58999633789062,142.3800048828125,0
2020-04-07,134.4499969482422,142.02000427246094,132.6300048828125,141.77999877929688,0
2020-04-08,141.3699951171875,146.17999267578125,138.38999938964844,146.17999267578125,0
2020-04-09,137.75,141.86000061035156,137.36000061035156,141.19000244140625,0
2020-04-13,138.67999267578125,139.8800048828125,137.77000427246094,138.64999389648438,0
2020-04-14,131.77999877929688,138.67999267578125,131.47000122070312,138.67999267578125,0
2020-04-15,135.92999267578125,140.89999389648438,135.44000244140625,137.64999389648438,0
2020-04-16,129.5500030517578,134.92999267578125,129.47999572753906,134.8300018310547,0
2020-04-17,127.1500015258789,129.74000549316406,125.97000122070312,127.05999755859375,0
2020-04-20,132.0399932861328,132.5,124.3499984741211,126.9800033569336,0
2020-04-21,132.22000122070312,136.60000610351562,130.8800048828125,135.22999572753906,0
2020-04-22,124.0999984741211,130.52999877929688,123.91999816894531,130.22000122070312,0
2020-04-23,121.86000061035156,122.95999908447266,116.4800033569336,122.55999755859375,0
2020-04-24,119.87999725341797,120.25,115.77999877929688,119.83999633789062,0
2020-04-27,120.55999755859375,122.05999755859375,117.73999786376953,120.81999969482422,0
2020-04-28,117.79000091552734,120.56999969482422,117.38999938964844,120.56999969482422,0
2020-04-29,115.9800033569336,116.36000061035156,113.9800033569336,114.0999984741211,0
2020-04-30,118.52999877929688,119.91999816894531,117.19000244140625,118.70999908447266,0
2020-05-01,122.1500015258789,123.37999725341797,120.08000183105469,123.37999725341797,0
2020-05-04,121.25,125.25,120.55000305175781,124.91999816894531,0
2020-05-05,118.87000274658203,119.88999938964844,116.94000244140625,119.79000091552734,0
2020-05-06,119.16000366210938,120.18000030517578,117.19999694824219,117.62000274658203,0
2020-05-07,115.83000183105469,117.11000061035156,115.02999877929688,116.75,0
2020-05-08,115.6500015258789,116.5,114.08000183105469,114.81999969482422,0
2020-05-11,118.70999908447266,120.66999816894531,117.5999984741211,120.58000183105469,0
2020-05-12,130.75,130.75,117.80999755859375,118.05999755859375,0
2020-05-13,142.75,146.27000427246094,133.97999572753906,133.97999572753906,0
2020-05-14,137.0500030517578,149.02000427246094,136.77999877929688,145.17999267578125,0
2020-05-15,133.02000427246094,141.30999755859375,130.9499969482422,140.77000427246094,0
2020-05-18,125.9000015258789,128.3800048828125,124.05999755859375,128.22000122070312,0
2020-05-19,125.5999984741211,126.26000213623047,122.08999633789062,125.88999938964844,0
2020-05-20,120.04000091552734,122.66000366210938,119.6500015258789,121.52999877929688,0
2020-05-21,122.08000183105469,123.62999725341797,118.79000091552734,119.97000122070312,0
2020-05-22,118.37999725341797,121.66999816894531,117.87999725341797,120.87999725341797,0
2020-05-26,113.58999633789062,118.37999725341797,113.58999633789062,118.37999725341797,0
2020-05-27,109.81999969482422,115.31999969482422,109.38999938964844,112.73999786376953,0
2020-05-28,108.98999786376953,111.05999755859375,106.44000244140625,110.41000366210938,0
2020-05-29,105.5999984741211,109.87999725341797,105.5999984741211,109.48999786376953,0
2020-06-01,106.47000122070312,109.66000366210938,105.7699966430664,109.66000366210938,0
2020-06-02,104.83000183105469,106.6500015258789,104.16999816894531,106.05000305175781,0
2020-06-03,106.8499984741211,106.94999694824219,103.7300033569336,104.33999633789062,0
2020-06-04,109.87999725341797,110.7300033569336,105.08999633789062,106.66000366210938,0
2020-06-05,107.58999633789062,107.9000015258789,105.79000091552734,106.19000244140625,0
2020-06-08,110.05000305175781,110.05000305175781,108.4000015258789,109.38999938964844,0
2020-06-09,111.0,112.08000183105469,110.19999694824219,111.73999786376953,0
2020-06-10,116.52999877929688,120.48999786376953,110.9000015258789,110.9000015258789,0
2020-06-12,151.60000610351562,172.2100067138672,133.0399932861328,147.33999633789062,0
2020-06-15,141.8300018310547,158.9199981689453,140.14999389648438,155.47999572753906,0
2020-06-16,143.24000549316406,150.3800048828125,135.5800018310547,138.07000732421875,0
2020-06-17,139.94000244140625,143.86000061035156,134.4199981689453,143.47999572753906,0
2020-06-18,135.8300018310547,140.83999633789062,135.49000549316406,140.3000030517578,0
2020-06-19,138.35000610351562,139.02999877929688,129.05999755859375,132.0800018310547,0
2020-06-22,133.97999572753906,136.52000427246094,130.55999755859375,135.4600067138672,0
2020-06-23,130.72999572753906,130.91000366210938,127.9000015258789,130.4199981689453,0
2020-06-24,136.88999938964844,142.8000030517578,130.39999389648438,132.1999969482422,0
2020-06-25,127.19999694824219,139.33999633789062,126.79000091552734,137.1699981689453,0
2020-06-26,128.6300048828125,133.82000732421875,126.9800033569336,126.9800033569336,0
2020-06-29,121.31999969482422,129.97000122070312,120.9800033569336,128.0,0
2020-06-30,120.76000213623047,122.7699966430664,118.52999877929688,122.58999633789062,0
2020-07-01,120.83000183105469,121.55999755859375,119.55999755859375,120.05999755859375,0
2020-07-02,115.47000122070312,121.30999755859375,115.47000122070312,116.55000305175781,0
2020-07-06,116.56999969482422,118.19000244140625,114.2699966430664,115.0,0
2020-07-07,118.12000274658203,118.33000183105469,112.75,117.3499984741211,0
2020-07-08,113.33999633789062,118.41000366210938,112.76000213623047,116.5,0
2020-07-09,115.11000061035156,119.5,112.4800033569336,112.4800033569336,0
2020-07-10,109.70999908447266,116.22000122070312,109.0999984741211,115.11000061035156,0
2020-07-13,123.30000305175781,124.23999786376953,111.54000091552734,111.83999633789062,0
2020-07-14,112.75,124.63999938964844,112.33000183105469,122.6500015258789,0
2020-07-15,113.70999908447266,117.33000183105469,112.72000122070312,112.72000122070312,0
2020-07-16,115.62000274658203,116.20999908447266,113.66999816894531,115.2699966430664,0
2020-07-17,117.97000122070312,118.43000030517578,113.37999725341797,113.69000244140625,0
2020-07-20,112.51000213623047,118.83000183105469,112.12000274658203,118.05999755859375,0
2020-07-21,115.45999908447266,116.4800033569336,109.76000213623047,110.4000015258789,0
2020-07-22,112.83999633789062,116.12999725341797,112.83999633789062,116.08000183105469,0
2020-07-23,116.69999694824219,118.55000305175781,111.12999725341797,112.11000061035156,0
2020-07-24,117.22000122070312,121.31999969482422,116.79000091552734,119.73999786376953,0
2020-07-27,112.70999908447266,117.38999938964844,112.33000183105469,117.0,0
2020-07-28,113.87999725341797,114.25,110.30000305175781,113.06999969482422,0
2020-07-29,110.94999694824219,112.94000244140625,110.66999816894531,112.70999908447266,0
2020-07-30,112.16000366210938,121.33000183105469,112.0199966430664,115.91999816894531,0
2020-07-31,112.04000091552734,116.83000183105469,110.44000244140625,110.62000274658203,0
2020-08-03,111.0199966430664,113.94000244140625,110.69999694824219,113.4000015258789,0
2020-08-04,109.0,111.4000015258789,108.44999694824219,111.19000244140625,0
2020-08-05,105.66999816894531,108.11000061035156,105.04000091552734,107.77999877929688,0
2020-08-06,105.83999633789062,106.83000183105469,105.16999816894531,106.05999755859375,0
2020-08-07,108.18000030517578,110.0,105.1500015258789,107.62000274658203,0
2020-08-10,111.12999725341797,113.27999877929688,109.12999725341797,110.44999694824219,0
2020-08-11,118.33999633789062,121.58999633789062,107.08999633789062,107.08999633789062,0
2020-08-12,115.7300033569336,119.29000091552734,114.66999816894531,117.56999969482422,0
2020-08-13,115.18000030517578,117.12999725341797,112.05999755859375,115.13999938964844,0
2020-08-14,114.3499984741211,116.48999786376953,113.81999969482422,115.55999755859375,0
2020-08-17,110.3499984741211,112.30000305175781,109.44999694824219,111.81999969482422,0
2020-08-18,112.58999633789062,113.52999877929688,108.47000122070312,109.3499984741211,0
2020-08-19,114.72000122070312,115.26000213623047,110.45999908447266,111.27999877929688,0
2020-08-20,112.98999786376953,117.69999694824219,112.6500015258789,117.69999694824219,0
2020-08-21,111.25,115.44000244140625,110.63999938964844,114.5,0
2020-08-24,108.25,111.0999984741211,107.44000244140625,108.76000213623047,0
2020-08-25,103.87999725341797,110.27999877929688,103.5999984741211,108.30999755859375,0
2020-08-26,105.80000305175781,106.62000274658203,100.48999786376953,103.68000030517578,0
2020-08-27,114.73999786376953,122.88999938964844,102.70999908447266,104.20999908447266,0
2020-08-28,111.55999755859375,124.81999969482422,109.22000122070312,115.3499984741211,0
2020-08-31,119.01000213623047,119.66000366210938,111.02999877929688,115.0199966430664,0
2020-09-01,120.0999984741211,120.5,116.94999694824219,118.66999816894531,0
2020-09-02,122.01000213623047,122.08999633789062,117.95999908447266,119.77999877929688,0
2020-09-03,132.91000366210938,137.49000549316406,117.87000274658203,121.30999755859375,0
2020-09-04,122.13999938964844,135.0399932861328,121.05000305175781,129.30999755859375,0
2020-09-08,123.55999755859375,130.91000366210938,120.55999755859375,130.91000366210938,0
2020-09-09,121.54000091552734,127.61000061035156,116.69999694824219,127.12999725341797,0
2020-09-10,120.58000183105469,122.83000183105469,117.97000122070312,120.55999755859375,0
2020-09-11,113.94999694824219,121.16000366210938,112.2300033569336,116.5,0
2020-09-14,111.2699966430664,114.75,109.02999877929688,114.51000213623047,0
2020-09-15,108.97000122070312,110.61000061035156,107.9800033569336,108.91000366210938,0
2020-09-16,103.4800033569336,110.16999816894531,101.88999938964844,109.7699966430664,0
2020-09-17,100.37000274658203,109.51000213623047,100.18000030517578,109.51000213623047,0
2020-09-18,101.19000244140625,106.37999725341797,98.0199966430664,100.05000305175781,0
2020-09-21,108.73999786376953,117.36000061035156,107.68000030517578,109.2699966430664,0
2020-09-22,104.69000244140625,108.95999908447266,103.12000274658203,108.3499984741211,0
2020-09-23,107.3499984741211,109.81999969482422,102.58999633789062,103.4000015258789,0
2020-09-24,102.26000213623047,109.86000061035156,100.66000366210938,108.33000183105469,0
2020-09-25,99.63999938964844,104.2300033569336,98.68000030517578,102.45999908447266,0
2020-09-28,101.8499984741211,103.4800033569336,101.55999755859375,102.7300033569336,0
2020-09-29,96.93000030517578,102.4800033569336,96.68000030517578,102.4800033569336,0
2020-09-30,101.58000183105469,101.95999908447266,96.19000244140625,97.80000305175781,0
2020-10-01,101.0,102.20999908447266,99.29000091552734,100.62999725341797,0
2020-10-02,102.72000122070312,110.19999694824219,102.72000122070312,108.73999786376953,0
2020-10-05,103.22000122070312,105.98999786376953,102.54000091552734,105.80000305175781,0
2020-10-06,106.13999938964844,107.93000030517578,102.61000061035156,103.0,0
2020-10-07,104.19000244140625,106.41999816894531,103.80000305175781,105.66999816894531,0
2020-10-08,104.80000305175781,105.37999725341797,103.37999725341797,104.12999725341797,0
2020-10-09,109.22000122070312,109.4000015258789,104.26000213623047,104.2699966430664,0
2020-10-12,109.68000030517578,112.79000091552734,109.31999969482422,112.5999984741211,0
2020-10-13,110.97000122070312,112.27999877929688,109.77999877929688,110.33999633789062,0
2020-10-14,116.93000030517578,118.20999908447266,115.25,116.68000030517578,0
2020-10-15,117.58999633789062,121.33999633789062,117.22000122070312,119.91999816894531,0
2020-10-16,115.91999816894531,117.4000015258789,114.9000015258789,116.70999908447266,0
2020-10-19,119.76000213623047,119.87000274658203,116.12000274658203,117.33000183105469,0
2020-10-20,119.58999633789062,120.0199966430664,116.19000244140625,119.61000061035156,0
2020-10-21,117.47000122070312,119.41999816894531,117.11000061035156,119.16999816894531,0
2020-10-22,118.5999984741211,118.5999984741211,114.30000305175781,117.2699966430664,0
2020-10-23,118.94000244140625,119.80999755859375,116.9000015258789,117.58000183105469,0
2020-10-26,133.0800018310547,135.22000122070312,121.30000305175781,121.58999633789062,0
2020-10-27,135.32000732421875,137.52000427246094,131.92999267578125,131.9600067138672,0
2020-10-28,152.00999450683594,154.99000549316406,143.4600067138672,144.11000061035156,0
2020-10-29,147.83999633789062,151.6699981689453,140.7899932861328,149.60000610351562,0
2020-10-30,145.24000549316406,150.9600067138672,144.5500030517578,146.8699951171875,0
2020-11-02,142.64999389648438,143.64999389648438,140.44000244140625,142.67999267578125,0
2020-11-03,136.27999877929688,139.1699981689453,134.94000244140625,138.50999450683594,0
2020-11-04,122.12000274658203,127.95999908447266,117.27999877929688,127.95999908447266,0
2020-11-05,117.68000030517578,119.93000030517578,116.87000274658203,119.19000244140625,0
2020-11-06,113.12999725341797,116.33999633789062,112.52999877929688,116.29000091552734,0
2020-11-09,116.77999877929688,117.66000366210938,103.75,108.23999786376953,0
2020-11-10,116.05000305175781,116.73999786376953,113.77999877929688,115.83999633789062,0
2020-11-11,118.31999969482422,121.62000274658203,115.93000030517578,119.47000122070312,0
2020-11-12,121.56999969482422,126.41999816894531,115.81999969482422,118.6500015258789,0
2020-11-13,114.38999938964844,118.44999694824219,113.9000015258789,118.44999694824219,0
2020-11-16,115.0,116.48999786376953,112.36000061035156,114.20999908447266,0
2020-11-17,116.25,117.13999938964844,113.5999984741211,117.01000213623047,0
2020-11-18,117.9000015258789,118.25,112.05000305175781,114.36000061035156,0
2020-11-19,114.1500015258789,117.45999908447266,112.37999725341797,116.58999633789062,0
2020-11-20,113.98999786376953,113.98999786376953,110.19999694824219,113.33000183105469,0
2020-11-23,109.8499984741211,114.08999633789062,108.97000122070312,114.02999877929688,0
2020-11-24,104.55999755859375,109.30000305175781,104.41999816894531,107.58999633789062,0
2020-11-25,103.45999908447266,105.5,102.0,104.58000183105469,0
2020-11-27,106.12000274658203,106.66000366210938,102.36000061035156,102.66999816894531,0
2020-11-30,106.12000274658203,111.4000015258789,105.93000030517578,108.93000030517578,0
2020-12-01,108.43000030517578,109.2300033569336,103.87999725341797,105.11000061035156,0
2020-12-02,107.5199966430664,109.33999633789062,106.66000366210938,109.02999877929688,0
2020-12-03,107.88999938964844,109.2699966430664,105.18000030517578,106.41999816894531,0
2020-12-04,103.72000122070312,106.66000366210938,102.43000030517578,106.5999984741211,0
2020-12-07,104.41999816894531,106.88999938964844,104.12000274658203,106.77999877929688,0
2020-12-08,102.81999969482422,104.86000061035156,100.52999877929688,104.66000366210938,0
2020-12-09,113.93000030517578,117.13999938964844,107.43000030517578,108.41000366210938,0
2020-12-10,114.66000366210938,116.47000122070312,110.25,114.9000015258789,0
2020-12-11,120.7699966430664,121.80000305175781,113.55000305175781,115.79000091552734,0
2020-12-14,127.68000030517578,127.68000030517578,114.41999816894531,117.01000213623047,0
2020-12-15,119.11000061035156,122.27999877929688,117.48999786376953,122.05999755859375,0
2020-12-16,111.8499984741211,119.31999969482422,109.86000061035156,118.4000015258789,0
2020-12-17,110.20999908447266,110.76000213623047,108.22000122070312,110.41999816894531,0
2020-12-18,110.30000305175781,115.0999984741211,110.05999755859375,110.05999755859375,0
2020-12-21,121.61000061035156,127.79000091552734,119.27999877929688,124.33000183105469,0
2020-12-22,120.56999969482422,120.98999786376953,117.22000122070312,120.38999938964844,0
2020-12-23,118.30999755859375,118.81999969482422,115.16999816894531,116.94999694824219,0
2020-12-24,115.26000213623047,117.08999633789062,115.08000183105469,116.29000091552734,0
2020-12-28,114.4000015258789,115.26000213623047,113.4800033569336,115.02999877929688,0
2020-12-29,116.2699966430664,117.58000183105469,113.06999969482422,113.06999969482422,0
2020-12-30,112.04000091552734,116.06999969482422,111.73999786376953,114.95999908447266,0
2020-12-31,111.86000061035156,113.08999633789062,109.33000183105469,110.9800033569336,0
2021-01-04,124.6500015258789,131.38999938964844,113.9000015258789,114.30000305175781,0
2021-01-05,120.06999969482422,125.91999816894531,118.43000030517578,125.91999816894531,0
2021-01-06,119.9000015258789,123.9000015258789,111.30999755859375,116.61000061035156,0
2021-01-07,109.37999725341797,114.86000061035156,109.37999725341797,114.86000061035156,0
2021-01-08,111.0,114.61000061035156,107.75,109.0,0
2021-01-11,118.80000305175781,120.73999786376953,115.87999725341797,118.3499984741211,0
2021-01-12,115.79000091552734,119.9800033569336,114.88999938964844,117.5,0
2021-01-13,117.76000213623047,120.11000061035156,116.79000091552734,119.33999633789062,0
2021-01-14,122.77999877929688,123.37999725341797,116.08000183105469,117.19000244140625,0
2021-01-15,124.25,127.61000061035156,119.5999984741211,123.58999633789062,0
2021-01-19,120.70999908447266,121.2699966430664,118.16999816894531,118.73999786376953,0
2021-01-20,114.16999816894531,118.33999633789062,112.52999877929688,118.04000091552734,0
2021-01-21,112.58999633789062,115.12000274658203,111.66000366210938,113.56999969482422,0
2021-01-25,116.62999725341797,128.52000427246094,114.19999694824219,114.86000061035156,0
2021-01-26,115.30999755859375,117.11000061035156,113.5,114.55000305175781,0
2021-01-27,157.69000244140625,168.77999877929688,121.2300033569336,123.87000274658203,0
2021-01-28,133.22000122070312,136.92999267578125,128.27000427246094,136.92999267578125,0
2021-01-29,137.3300018310547,148.89999389648438,130.3699951171875,136.0800018310547,0
2021-02-01,129.44000244140625,140.8000030517578,129.17999267578125,134.85000610351562,0
2021-02-02,119.0999984741211,123.72000122070312,115.51000213623047,123.4000015258789,0
2021-02-03,111.02999877929688,116.80999755859375,110.77999877929688,116.41000366210938,0
2021-02-04,108.47000122070312,109.94000244140625,107.12999725341797,109.94000244140625,0
2021-02-05,107.63999938964844,110.29000091552734,107.0,108.0199966430664,0
2021-02-08,106.61000061035156,110.56999969482422,106.61000061035156,110.27999877929688,0
2021-02-09,108.13999938964844,110.43000030517578,106.45999908447266,108.38999938964844,0
2021-02-10,114.93000030517578,119.06999969482422,111.44000244140625,112.11000061035156,0
2021-02-11,116.22000122070312,118.41000366210938,112.7300033569336,113.19000244140625,0
2021-02-12,118.58999633789062,121.5,115.44999694824219,115.66000366210938,0
2021-02-16,124.66000366210938,126.83000183105469,118.75,119.80999755859375,0
2021-02-18,121.05000305175781,124.94000244140625,120.2300033569336,124.69000244140625,0
2021-02-19,117.44999694824219,120.75,115.44000244140625,120.05999755859375,0
2021-02-22,117.05999755859375,121.02999877929688,114.70999908447266,120.70999908447266,0
2021-02-23,112.77999877929688,122.18000030517578,111.93000030517578,118.66000366210938,0
2021-02-24,109.5999984741211,115.33999633789062,109.23999786376953,114.0199966430664,0
2021-02-25,127.83000183105469,131.47999572753906,109.69000244140625,111.33999633789062,0
2021-02-26,124.95999908447266,135.39999389648438,121.69000244140625,124.3499984741211,0
2021-03-01,114.94000244140625,118.72000122070312,112.83999633789062,118.72000122070312,0
2021-03-02,114.91999816894531,115.5999984741211,111.62000274658203,115.5999984741211,0
2021-03-03,121.2300033569336,122.05999755859375,113.4000015258789,114.25,0
2021-03-04,124.62000274658203,127.70999908447266,117.61000061035156,120.30000305175781,0
2021-03-05,116.20999908447266,127.61000061035156,115.75,121.68000030517578,0
2021-03-08,114.62000274658203,119.45999908447266,111.54000091552734,118.47000122070312,0
2021-03-09,108.70999908447266,112.20999908447266,105.16999816894531,112.19000244140625,0
2021-03-10,114.68000030517578,115.91000366210938,113.37000274658203,115.16000366210938,0
2021-03-11,112.87000274658203,113.44000244140625,110.91999816894531,113.16000366210938,0
2021-03-12,111.7300033569336,114.61000061035156,110.83000183105469,114.38999938964844,0
2021-03-15,110.48999786376953,112.9800033569336,108.04000091552734,112.76000213623047,0
2021-03-16,113.7300033569336,114.37999725341797,108.25,109.30999755859375,0
2021-03-17,109.9000015258789,115.87000274658203,108.87000274658203,115.29000091552734,0
2021-03-18,117.80000305175781,119.7300033569336,109.73999786376953,110.4800033569336,0
2021-03-19,115.94999694824219,122.87999725341797,113.58000183105469,116.62000274658203,0
2021-03-22,108.62999725341797,114.29000091552734,108.06999969482422,113.56999969482422,0
2021-03-23,111.69000244140625,114.5,108.87999725341797,109.80000305175781,0
2021-03-24,110.66999816894531,112.2699966430664,107.55000305175781,109.45999908447266,0
2021-03-25,104.75,113.22000122070312,104.19000244140625,112.0999984741211,0
2021-03-26,103.26000213623047,110.29000091552734,100.05000305175781,103.80999755859375,0
2021-03-29,105.83999633789062,112.29000091552734,105.83999633789062,107.44999694824219,0
2021-03-30,101.9000015258789,107.29000091552734,101.7300033569336,105.6500015258789,0
2021-03-31,100.04000091552734,102.19000244140625,97.61000061035156,100.31999969482422,0
2021-04-01,98.97000122070312,99.30000305175781,96.3499984741211,98.29000091552734,0
2021-04-05,99.23999786376953,100.75,98.25,99.12999725341797,0
2021-04-06,99.05999755859375,99.66000366210938,96.43000030517578,99.31999969482422,0
2021-04-07,97.08999633789062,98.36000061035156,95.91999816894531,98.36000061035156,0
2021-04-08,100.72000122070312,101.16999816894531,95.93000030517578,96.08999633789062,0
2021-04-09,102.05999755859375,102.44000244140625,100.31999969482422,101.2699966430664,0
2021-04-12,102.08000183105469,105.56999969482422,101.93000030517578,105.5199966430664,0
2021-04-13,100.44000244140625,103.41999816894531,99.87000274658203,103.41999816894531,0
2021-04-14,107.47000122070312,110.16000366210938,103.44999694824219,104.13999938964844,0
2021-04-15,108.66000366210938,109.62000274658203,104.87999725341797,105.36000061035156,0
2021-04-16,107.80000305175781,110.79000091552734,107.54000091552734,108.91000366210938,0
2021-04-19,111.9000015258789,113.30999755859375,108.31999969482422,108.9000015258789,0
2021-04-20,116.37000274658203,121.98999786376953,113.31999969482422,114.05999755859375,0
2021-04-21,112.9000015258789,117.43000030517578,110.2699966430664,116.04000091552734,0
2021-04-22,116.05000305175781,119.56999969482422,109.80999755859375,112.11000061035156,0
2021-04-23,108.36000061035156,114.33999633789062,106.4800033569336,114.26000213623047,0
2021-04-26,104.01000213623047,109.51000213623047,103.95999908447266,109.41999816894531,0
2021-04-27,103.38999938964844,105.9800033569336,103.19000244140625,104.29000091552734,0
2021-04-28,104.77999877929688,106.55000305175781,102.58000183105469,103.12999725341797,0
2021-04-29,105.45999908447266,109.30000305175781,102.93000030517578,102.94999694824219,0
2021-04-30,109.22000122070312,109.86000061035156,105.76000213623047,107.0,0
2021-05-03,108.31999969482422,110.05999755859375,107.05000305175781,109.47000122070312,0
2021-05-04,111.22000122070312,118.27999877929688,109.80000305175781,110.5,0
2021-05-06,108.38999938964844,114.19000244140625,108.08000183105469,109.70999908447266,0
2021-05-07,107.02999877929688,108.61000061035156,105.37999725341797,108.26000213623047,0
2021-05-10,114.0999984741211,114.95999908447266,108.7699966430664,109.69000244140625,0
2021-05-12,146.27999877929688,151.5,128.83999633789062,129.0,0
2021-05-13,130.00999450683594,138.6999969482422,126.76000213623047,138.6999969482422,0
2021-05-14,117.55999755859375,123.5199966430664,116.88999938964844,123.5199966430664,0
2021-05-17,120.69999694824219,126.93000030517578,120.30999755859375,121.06999969482422,0
2021-05-18,123.93000030517578,124.13999938964844,117.80000305175781,120.31999969482422,0
2021-05-19,130.1699981689453,142.99000549316406,128.39999389648438,132.14999389648438,0
2021-05-21,124.22000122070312,124.8499984741211,121.69000244140625,124.05000305175781,0
2021-05-24,116.12000274658203,122.0999984741211,114.47000122070312,121.93000030517578,0
2021-05-26,106.29000091552734,112.98999786376953,106.29000091552734,111.75,0
2021-05-27,103.87999725341797,105.80999755859375,102.51000213623047,105.44000244140625,0
2021-05-28,105.41000366210938,105.94999694824219,103.08000183105469,103.63999938964844,0
2021-06-01,113.04000091552734,114.06999969482422,104.55000305175781,104.93000030517578,0
2021-06-02,112.56999969482422,113.3499984741211,109.05999755859375,112.8499984741211,0
2021-06-03,114.30999755859375,117.11000061035156,111.36000061035156,114.02999877929688,0
2021-06-04,108.16000366210938,110.37999725341797,106.80000305175781,110.37000274658203,0
2021-06-07,108.02999877929688,111.37999725341797,107.70999908447266,111.04000091552734,0
2021-06-08,109.62000274658203,111.36000061035156,107.45999908447266,107.6500015258789,0
2021-06-09,120.97000122070312,121.77999877929688,118.30999755859375,118.5,0
2021-06-10,116.76000213623047,118.66999816894531,115.29000091552734,117.6500015258789,0
2021-06-11,116.12000274658203,116.95999908447266,113.68000030517578,114.68000030517578,0
2021-06-14,119.80000305175781,120.41999816894531,115.83999633789062,117.63999938964844,0
2021-06-15,122.9000015258789,123.87000274658203,119.36000061035156,120.55999755859375,0
2021-06-16,121.56999969482422,131.9199981689453,118.8499984741211,121.12999725341797,0
2021-06-17,120.62999725341797,124.62999725341797,117.5,122.8499984741211,0
2021-06-18,128.8300018310547,131.19000244140625,122.06999969482422,124.97000122070312,0
2021-06-21,121.25,129.80999755859375,120.0999984741211,127.2699966430664,0
2021-06-22,114.01000213623047,121.08000183105469,113.31999969482422,121.0,0
2021-06-23,110.4800033569336,114.02999877929688,109.43000030517578,113.69999694824219,0
2021-06-24,107.87000274658203,107.91000366210938,105.98999786376953,107.5199966430664,0
2021-06-25,105.91000366210938,108.55000305175781,104.5199966430664,106.80000305175781,0
2021-06-28,106.31999969482422,108.0999984741211,106.0999984741211,106.83000183105469,0
2021-06-29,107.01000213623047,108.0199966430664,106.01000213623047,106.27999877929688,0
2021-06-30,106.7300033569336,109.58000183105469,105.55999755859375,108.41999816894531,0
2021-07-01,108.72000122070312,109.47000122070312,106.36000061035156,106.37000274658203,0
2021-07-02,106.11000061035156,107.36000061035156,104.33999633789062,106.06999969482422,0
2021-07-06,112.23999786376953,117.66999816894531,108.94999694824219,109.16000366210938,0
2021-07-07,112.69999694824219,116.83999633789062,111.30999755859375,111.55999755859375,0
2021-07-08,120.02999877929688,124.51000213623047,117.20999908447266,122.36000061035156,0
2021-07-09,112.62000274658203,116.16999816894531,109.3499984741211,116.16999816894531,0
2021-07-12,111.58999633789062,115.30000305175781,110.87000274658203,114.81999969482422,0
2021-07-13,116.4000015258789,116.5999984741211,110.44999694824219,112.76000213623047,0
2021-07-14,117.66000366210938,122.66999816894531,116.66000366210938,117.48999786376953,0
2021-07-15,121.02999877929688,124.69999694824219,119.01000213623047,119.95999908447266,0
2021-07-16,128.88999938964844,128.99000549316406,117.62000274658203,118.05999755859375,0
2021-07-19,139.5399932861328,149.60000610351562,133.82000732421875,135.89999389648438,0
2021-07-20,131.3000030517578,138.5500030517578,128.74000549316406,138.4199981689453,0
2021-07-21,122.52999877929688,128.8300018310547,119.08000183105469,128.8300018310547,0
2021-07-22,118.81999969482422,123.20999908447266,97.44000244140625,122.30000305175781,0
2021-07-23,114.91999816894531,117.16999816894531,113.5999984741211,116.62999725341797,0
2021-07-26,114.86000061035156,118.63999938964844,114.70999908447266,118.63999938964844,0
2021-07-27,121.11000061035156,128.3699951171875,110.83999633789062,118.43000030517578,0
2021-07-28,117.08000183105469,121.7699966430664,114.44999694824219,118.0199966430664,0
2021-07-29,114.04000091552734,114.30999755859375,112.66000366210938,113.9800033569336,0
2021-07-30,116.18000030517578,117.20999908447266,112.97000122070312,117.20999908447266,0
2021-08-02,122.8499984741211,124.23999786376953,116.1500015258789,117.33000183105469,0
2021-08-03,117.55000305175781,124.83000183105469,116.43000030517578,121.61000061035156,0
2021-08-04,116.20999908447266,118.73999786376953,115.23999786376953,118.58000183105469,0
2021-08-05,113.3499984741211,115.54000091552734,112.54000091552734,115.51000213623047,0
2021-08-06,112.0,112.73999786376953,110.81999969482422,111.98999786376953,0
2021-08-09,115.08999633789062,117.41999816894531,114.3499984741211,115.51000213623047,0
2021-08-10,114.1500015258789,115.58000183105469,112.54000091552734,114.72000122070312,0
2021-08-11,118.05999755859375,118.9000015258789,116.30999755859375,117.55999755859375,0
2021-08-12,117.72000122070312,119.06999969482422,114.19000244140625,118.0999984741211,0
2021-08-13,117.80999755859375,119.44000244140625,115.68000030517578,116.66000366210938,0
2021-08-16,117.69000244140625,124.44000244140625,117.26000213623047,122.68000030517578,0
2021-08-17,120.52999877929688,127.51000213623047,117.83999633789062,120.6500015258789,0
2021-08-18,128.41000366210938,128.9600067138672,116.94999694824219,121.08000183105469,0
2021-08-19,130.41000366210938,135.50999450683594,127.08999633789062,133.5,0
2021-08-20,120.51000213623047,126.86000061035156,117.37999725341797,126.68000030517578,0
2021-08-23,113.33000183105469,118.69000244140625,112.16999816894531,118.69000244140625,0
2021-08-24,111.08999633789062,114.12999725341797,110.36000061035156,113.31999969482422,0
2021-08-25,108.83999633789062,111.37000274658203,108.04000091552734,111.18000030517578,0
2021-08-26,116.5999984741211,120.37000274658203,109.5999984741211,110.91999816894531,0
2021-08-27,109.62000274658203,113.27999877929688,107.41000366210938,113.0,0
2021-08-30,107.9000015258789,111.8499984741211,106.69999694824219,110.37999725341797,0
2021-08-31,105.80999755859375,109.61000061035156,105.72000122070312,109.0,0
2021-09-01,105.19999694824219,106.87000274658203,103.20999908447266,105.75,0
2021-09-02,105.69999694824219,106.88999938964844,104.5,104.87999725341797,0
2021-09-03,105.4800033569336,108.19999694824219,104.4800033569336,106.45999908447266,0
2021-09-07,111.01000213623047,112.3499984741211,108.48999786376953,108.95999908447266,0
2021-09-08,115.05999755859375,121.13999938964844,114.5199966430664,118.86000061035156,0
2021-09-09,117.02999877929688,118.55999755859375,110.43000030517578,115.13999938964844,0
2021-09-10,124.9800033569336,125.83999633789062,111.5,113.16000366210938,0
2021-09-13,118.01000213623047,126.16000366210938,117.2300033569336,119.54000091552734,0
2021-09-14,120.37000274658203,123.08999633789062,114.37000274658203,114.87999725341797,0
2021-09-15,112.4800033569336,121.91000366210938,111.41999816894531,119.8499984741211,0
2021-09-16,112.11000061035156,116.73999786376953,110.12999725341797,113.4000015258789,0
2021-09-17,118.9000015258789,120.58999633789062,111.23999786376953,112.79000091552734,0
2021-09-20,138.92999267578125,146.30999755859375,125.31999969482422,130.5500030517578,0
2021-09-21,130.75999450683594,135.38999938964844,126.43000030517578,133.1999969482422,0
2021-09-22,117.62000274658203,127.8499984741211,116.58000183105469,126.0999984741211,0
2021-09-23,108.30999755859375,114.8499984741211,107.2300033569336,114.22000122070312,0
2021-09-24,103.06999969482422,112.66000366210938,102.52999877929688,112.66000366210938,0
2021-09-27,107.7300033569336,109.36000061035156,105.02999877929688,107.08000183105469,0
2021-09-28,121.05999755859375,125.83999633789062,112.87000274658203,112.87000274658203,0
2021-09-29,119.04000091552734,121.18000030517578,115.0,119.01000213623047,0
2021-09-30,118.01000213623047,122.75,112.33000183105469,115.16999816894531,0
2021-10-01,112.61000061035156,121.0199966430664,112.0199966430664,115.5199966430664,0
2021-10-04,117.16999816894531,122.16999816894531,115.5999984741211,116.55999755859375,0
2021-10-05,110.75,116.45999908447266,108.45999908447266,116.44999694824219,0
2021-10-06,110.91999816894531,120.0999984741211,110.25,115.01000213623047,0
2021-10-07,107.43000030517578,108.6500015258789,105.5999984741211,108.5999984741211,0
2021-10-08,107.2699966430664,108.63999938964844,105.33000183105469,106.94000244140625,0
2021-10-11,110.29000091552734,111.38999938964844,106.7300033569336,111.12999725341797,0
2021-10-12,109.12000274658203,111.16000366210938,107.62000274658203,109.58000183105469,0
2021-10-13,108.72000122070312,114.55999755859375,108.72000122070312,111.4000015258789,0
2021-10-14,107.97000122070312,107.97000122070312,105.05999755859375,105.25,0
2021-10-15,106.76000213623047,108.19000244140625,104.61000061035156,107.02999877929688,0
2021-10-18,104.37000274658203,111.30000305175781,104.37000274658203,111.16000366210938,0
2021-10-19,103.05999755859375,106.2699966430664,101.33999633789062,106.2699966430664,0
2021-10-20,101.83999633789062,103.38999938964844,100.69000244140625,102.62000274658203,0
2021-10-21,102.13999938964844,103.79000091552734,100.05999755859375,102.93000030517578,0
2021-10-22,106.08000183105469,111.16999816894531,101.1500015258789,102.3499984741211,0
2021-10-25,102.36000061035156,107.52999877929688,101.13999938964844,106.33000183105469,0
2021-10-26,103.25,106.55000305175781,101.38999938964844,101.58999633789062,0
2021-10-27,109.61000061035156,110.20999908447266,101.68000030517578,103.33000183105469,0
2021-10-28,106.27999877929688,107.51000213623047,104.41000366210938,106.51000213623047,0
2021-10-29,105.16999816894531,109.44000244140625,104.44999694824219,109.44000244140625,0
2021-11-01,106.66000366210938,110.36000061035156,105.12999725341797,106.87000274658203,0
2021-11-02,105.44000244140625,106.52999877929688,104.86000061035156,105.94000244140625,0
2021-11-03,102.25,106.26000213623047,99.66000366210938,105.38999938964844,0
2021-11-04,104.45999908447266,105.56999969482422,100.37000274658203,100.44999694824219,0
2021-11-05,110.20999908447266,110.5199966430664,102.81999969482422,103.5199966430664,0
2021-11-08,111.48999786376953,113.19000244140625,110.36000061035156,110.91999816894531,0
2021-11-09,110.55000305175781,115.0199966430664,110.2300033569336,111.54000091552734,0
2021-11-10,117.19000244140625,120.33999633789062,113.91999816894531,118.98999786376953,0
2021-11-11,114.66000366210938,116.16999816894531,111.83000183105469,115.12000274658203,0
2021-11-12,112.11000061035156,112.97000122070312,109.31999969482422,112.51000213623047,0
2021-11-15,110.66000366210938,115.12000274658203,110.5999984741211,112.87000274658203,0
2021-11-16,109.58000183105469,111.4800033569336,107.44000244140625,111.20999908447266,0
2021-11-17,111.52999877929688,111.76000213623047,107.19999694824219,109.87999725341797,0
2021-11-18,112.1500015258789,114.7699966430664,109.0,110.37999725341797,0
2021-11-19,113.73999786376953,116.63999938964844,111.55000305175781,114.66000366210938,0
2021-11-22,118.62000274658203,120.48999786376953,112.7300033569336,114.1500015258789,0
2021-11-23,115.02999877929688,122.56999969482422,114.33999633789062,118.56999969482422,0
2021-11-24,110.4800033569336,119.56999969482422,109.87000274658203,117.91999816894531,0
2021-11-26,149.74000549316406,153.3800048828125,122.81999969482422,123.83000183105469,0
2021-11-29,131.24000549316406,135.4600067138672,123.16000366210938,132.63999938964844,0
2021-11-30,142.5500030517578,145.6300048828125,131.33999633789062,141.7899932861328,0
2021-12-01,155.02000427246094,161.52999877929688,128.14999389648438,134.2100067138672,0
2021-12-02,147.30999755859375,155.22999572753906,144.19000244140625,151.35000610351562,0
2021-12-03,156.10000610351562,168.3699951171875,141.5800018310547,143.10000610351562,0
2021-12-06,138.8800048828125,152.8300018310547,138.8800048828125,149.7899932861328,0
2021-12-07,117.91999816894531,131.10000610351562,117.41000366210938,130.9600067138672,0
2021-12-08,114.29000091552734,120.5,113.51000213623047,119.83999633789062,0
2021-12-09,121.79000091552734,125.72000122070312,112.91000366210938,115.16000366210938,0
2021-12-10,113.8499984741211,119.94999694824219,112.98999786376953,114.88999938964844,0
2021-12-13,121.06999969482422,122.56999969482422,118.08000183105469,118.73999786376953,0
2021-12-14,126.56999969482422,131.6300048828125,123.79000091552734,126.87999725341797,0
2021-12-15,118.61000061035156,135.9199981689453,117.80999755859375,129.10000610351562,0
2021-12-16,128.97000122070312,133.02000427246094,116.94000244140625,117.51000213623047,0
2021-12-17,136.05999755859375,136.5800018310547,128.13999938964844,132.86000061035156,0
2021-12-20,138.6699981689453,153.92999267578125,137.91000366210938,150.3699951171875,0
2021-12-21,131.41000366210938,136.1199951171875,130.39999389648438,134.1699981689453,0
2021-12-22,122.69999694824219,130.8300018310547,121.68000030517578,130.8300018310547,0
2021-12-23,120.45999908447266,122.13999938964844,119.19000244140625,121.91000366210938,0
2021-12-27,115.91999816894531,121.2300033569336,115.73999786376953,120.58999633789062,0
2021-12-28,114.83000183105469,118.45999908447266,114.76000213623047,117.26000213623047,0
2021-12-29,109.5,115.1500015258789,109.01000213623047,114.55000305175781,0
2021-12-30,110.83999633789062,112.08000183105469,107.11000061035156,109.69999694824219,0
2021-12-31,109.66999816894531,112.69999694824219,108.73999786376953,111.58000183105469,0
2022-01-03,108.44999694824219,111.94000244140625,107.54000091552734,110.19999694824219,0
2022-01-04,109.30999755859375,113.33999633789062,107.30000305175781,107.97000122070312,0
2022-01-05,119.30999755859375,121.44999694824219,106.83000183105469,109.58000183105469,0
2022-01-06,117.81999969482422,122.2699966430664,115.47000122070312,119.94999694824219,0
2022-01-07,113.86000061035156,120.30000305175781,112.62000274658203,117.16000366210938,0
2022-01-10,113.0199966430664,127.88999938964844,112.4800033569336,120.3499984741211,0
2022-01-11,111.61000061035156,118.58999633789062,110.13999938964844,115.8499984741211,0
2022-01-12,113.94000244140625,118.19000244140625,112.70999908447266,113.7300033569336,0
2022-01-13,123.44000244140625,124.18000030517578,112.58000183105469,114.33999633789062,0
2022-01-14,117.56999969482422,129.47000122070312,116.30999755859375,128.6699981689453,0
2022-01-18,127.94999694824219,128.82000732421875,122.93000030517578,122.93000030517578,0
2022-01-19,129.85000610351562,130.58999633789062,123.9000015258789,127.0,0
2022-01-20,135.60000610351562,136.13999938964844,122.25,126.44000244140625,0
2022-01-21,149.5,151.8000030517578,136.8000030517578,138.35000610351562,0
2022-01-24,154.3800048828125,172.82000732421875,153.25999450683594,161.08999633789062,0
2022-01-25,150.8000030517578,164.0,146.80999755859375,159.1999969482422,0
2022-01-26,148.5500030517578,155.97999572753906,138.8800048828125,145.50999450683594,0
2022-01-27,141.13999938964844,145.89999389648438,137.86000061035156,141.94000244140625,0
2022-01-28,132.44000244140625,144.9600067138672,131.11000061035156,141.07000732421875,0
2022-01-31,125.05999755859375,134.7100067138672,124.83999633789062,133.8699951171875,0
2022-02-01,117.98999786376953,127.26000213623047,117.9000015258789,123.41000366210938,0
2022-02-02,119.61000061035156,120.16999816894531,114.22000122070312,117.69999694824219,0
2022-02-03,125.11000061035156,127.66999816894531,118.94999694824219,124.41000366210938,0
2022-02-04,124.88999938964844,129.97999572753906,121.58000183105469,125.11000061035156,0
2022-02-07,124.12999725341797,126.9000015258789,122.20999908447266,126.70999908447266,0
2022-02-08,118.86000061035156,125.0999984741211,117.68000030517578,122.48999786376953,0
2022-02-09,119.31999969482422,121.1500015258789,118.44000244140625,119.30999755859375,0
2022-02-10,129.10000610351562,132.33999633789062,118.2699966430664,124.48999786376953,0
2022-02-11,141.1699981689453,147.38999938964844,126.72000122070312,128.10000610351562,0
2022-02-14,140.58999633789062,147.3699951171875,139.60000610351562,142.38999938964844,0
2022-02-15,129.0500030517578,135.22000122070312,128.3800048828125,133.67999267578125,0
2022-02-16,122.58000183105469,130.39999389648438,120.33999633789062,130.39999389648438,0
2022-02-17,134.49000549316406,134.8800048828125,126.83999633789062,128.05999755859375,0
2022-02-18,133.63999938964844,138.8300018310547,132.17999267578125,132.88999938964844,0
2022-02-22,130.69000244140625,136.5500030517578,130.38999938964844,134.77000427246094,0
2022-02-23,131.24000549316406,131.77999877929688,125.3499984741211,128.55999755859375,0
2022-02-24,128.5,145.88999938964844,125.06999969482422,145.6300048828125,0
2022-02-25,117.76000213623047,125.4000015258789,117.01000213623047,125.05999755859375,0
2022-02-28,123.63999938964844,128.42999267578125,120.7699966430664,124.81999969482422,0
2022-03-01,132.8000030517578,136.27000427246094,123.43000030517578,124.5199966430664,0
2022-03-02,124.91999816894531,132.4199981689453,123.45999908447266,131.77999877929688,0
2022-03-03,122.36000061035156,127.18000030517578,120.37000274658203,122.61000061035156,0
2022-03-04,127.8499984741211,130.52000427246094,125.94000244140625,127.19000244140625,0
2022-03-07,133.66000366210938,134.63999938964844,129.97999572753906,130.44000244140625,0
2022-03-08,139.7100067138672,147.08999633789062,135.69000244140625,144.0800018310547,0
2022-03-09,130.86000061035156,133.89999389648438,125.70999908447266,133.27000427246094,0
2022-03-10,125.47000122070312,131.5800018310547,124.77999877929688,131.5800018310547,0
2022-03-11,125.58000183105469,127.22000122070312,122.0999984741211,123.81999969482422,0
2022-03-14,126.26000213623047,129.02999877929688,118.83000183105469,125.94000244140625,0
2022-03-15,122.18000030517578,126.41000366210938,120.04000091552734,126.41000366210938,0
2022-03-16,115.0999984741211,122.9000015258789,114.4800033569336,119.6500015258789,0
2022-03-17,109.25,116.06999969482422,107.23999786376953,115.80000305175781,0
2022-03-18,106.73999786376953,112.12999725341797,105.4800033569336,111.56999969482422,0
2022-03-21,108.95999908447266,112.55999755859375,105.88999938964844,108.37999725341797,0
2022-03-22,108.22000122070312,109.91999816894531,105.41999816894531,106.52999877929688,0
2022-03-23,108.7699966430664,110.94000244140625,106.30999755859375,110.93000030517578,0
2022-03-24,106.05000305175781,110.62999725341797,105.0999984741211,109.22000122070312,0
2022-03-25,109.20999908447266,111.4000015258789,104.12999725341797,106.0199966430664,0
2022-03-28,108.29000091552734,117.19999694824219,107.73999786376953,113.27999877929688,0
2022-03-29,104.3499984741211,107.55999755859375,103.41999816894531,105.19999694824219,0
2022-03-30,107.41000366210938,111.4800033569336,104.7300033569336,106.29000091552734,0
2022-03-31,111.44999694824219,114.20999908447266,107.62999725341797,109.05000305175781,0
2022-04-01,112.22000122070312,112.5999984741211,108.05000305175781,109.97000122070312,0
2022-04-04,107.11000061035156,113.4800033569336,106.72000122070312,112.88999938964844,0
2022-04-05,116.2699966430664,117.79000091552734,108.7699966430664,108.87000274658203,0
2022-04-06,114.83999633789062,124.62000274658203,113.22000122070312,120.95999908447266,0
2022-04-07,113.33000183105469,117.91000366210938,111.5999984741211,115.7300033569336,0
2022-04-08,112.13999938964844,114.97000122070312,109.19999694824219,113.2699966430664,0
2022-04-11,117.3499984741211,118.12000274658203,114.98999786376953,116.5,0
2022-04-12,117.26000213623047,119.58999633789062,113.41999816894531,116.12999725341797,0
2022-04-13,113.76000213623047,122.33000183105469,112.47000122070312,122.33000183105469,0
2022-04-14,114.75,116.02999877929688,111.30000305175781,112.52999877929688,0
2022-04-18,110.9000015258789,115.83999633789062,110.51000213623047,115.83999633789062,0
2022-04-19,106.05999755859375,111.2699966430664,101.76000213623047,110.76000213623047,0
2022-04-20,103.02999877929688,105.55999755859375,100.94000244140625,102.58999633789062,0
2022-04-21,110.93000030517578,112.58999633789062,100.66000366210938,101.2699966430664,0
2022-04-22,122.37000274658203,122.81999969482422,111.0999984741211,111.41999816894531,0
2022-04-25,116.9800033569336,124.94000244140625,116.02999877929688,123.77999877929688,0
2022-04-26,127.5,127.70999908447266,118.87999725341797,118.87999725341797,0
2022-04-27,123.70999908447266,125.69999694824219,120.08999633789062,125.69999694824219,0
2022-04-28,119.75,121.29000091552734,114.80999755859375,118.95999908447266,0
2022-04-29,121.9800033569336,124.0199966430664,117.16999816894531,120.5999984741211,0
2022-05-02,124.4800033569336,130.75999450683594,123.51000213623047,125.41999816894531,0
2022-05-03,117.55000305175781,123.19000244140625,117.0999984741211,123.11000061035156,0
2022-05-04,106.62000274658203,116.80000305175781,104.83000183105469,116.3499984741211,0
2022-05-05,119.18000030517578,121.45999908447266,106.93000030517578,107.4000015258789,0
2022-05-06,116.77999877929688,125.5199966430664,116.16999816894531,120.36000061035156,0
2022-05-09,125.93000030517578,126.33000183105469,122.2300033569336,122.79000091552734,0
2022-05-10,120.9800033569336,125.54000091552734,120.47000122070312,122.12000274658203,0
2022-05-11,125.88999938964844,127.91999816894531,122.66999816894531,126.0999984741211,0
2022-05-12,122.11000061035156,129.69000244140625,121.4800033569336,127.94999694824219,0
2022-05-13,113.88999938964844,119.55000305175781,113.5199966430664,118.70999908447266,0
2022-05-16,108.26000213623047,114.88999938964844,108.26000213623047,114.4000015258789,0
2022-05-17,101.19999694824219,105.26000213623047,99.30999755859375,104.6500015258789,0
2022-05-18,114.95999908447266,115.6500015258789,103.19999694824219,103.83999633789062,0
2022-05-19,104.88999938964844,115.51000213623047,104.88999938964844,115.20999908447266,0
2022-05-20,107.80000305175781,114.11000061035156,102.77999877929688,104.16000366210938,0
2022-05-23,102.68000030517578,108.97000122070312,102.47000122070312,106.44999694824219,0
2022-05-24,104.29000091552734,106.30999755859375,101.7300033569336,103.8499984741211,0
2022-05-25,98.79000091552734,105.30999755859375,98.23999786376953,104.62999725341797,0
2022-05-26,96.25,98.18000030517578,94.62999725341797,97.7699966430664,0
2022-05-27,93.66000366210938,94.86000061035156,92.70999908447266,94.86000061035156,0
2022-05-31,93.0999984741211,97.44999694824219,92.05999755859375,97.16999816894531,0
2022-06-01,91.38999938964844,95.43000030517578,90.54000091552734,92.5199966430664,0
2022-06-02,91.08000183105469,92.69999694824219,88.33999633789062,92.2699966430664,0
2022-06-03,90.5,93.54000091552734,90.36000061035156,92.55000305175781,0
2022-06-06,89.52999877929688,92.0199966430664,88.93000030517578,91.08999633789062,0
2022-06-07,87.81999969482422,91.58999633789062,87.33000183105469,91.30999755859375,0
2022-06-08,92.68000030517578,94.4800033569336,91.33999633789062,93.95999908447266,0
2022-06-09,98.81999969482422,99.01000213623047,93.75,94.55000305175781,0
2022-06-10,99.75,103.81999969482422,97.33000183105469,99.48999786376953,0
2022-06-13,113.72000122070312,114.9000015258789,103.2699966430664,104.63999938964844,0
2022-06-14,111.01000213623047,113.31999969482422,108.36000061035156,112.73999786376953,0
2022-06-15,105.37000274658203,110.66000366210938,103.97000122070312,110.33000183105469,0
2022-06-16,114.36000061035156,116.63999938964844,109.6500015258789,110.3499984741211,0
2022-06-17,110.05999755859375,113.58999633789062,107.27999877929688,113.29000091552734,0
2022-06-21,104.37000274658203,106.48999786376953,102.48999786376953,106.48999786376953,0
2022-06-22,99.66000366210938,106.08999633789062,99.0999984741211,106.08999633789062,0
2022-06-23,98.30999755859375,100.0999984741211,98.05999755859375,98.8499984741211,0
2022-06-24,91.33999633789062,96.66999816894531,90.81999969482422,96.3499984741211,0
2022-06-27,87.58000183105469,93.48999786376953,87.52999877929688,91.86000061035156,0
2022-06-28,90.62000274658203,90.62000274658203,85.36000061035156,86.97000122070312,0
2022-06-29,88.91999816894531,92.16000366210938,88.61000061035156,90.5,0
2022-06-30,89.38999938964844,94.62999725341797,87.83999633789062,91.37999725341797,0
2022-07-01,85.51000213623047,90.69999694824219,85.13999938964844,90.0999984741211,0
2022-07-05,87.30000305175781,91.93000030517578,86.98999786376953,90.94000244140625,0
2022-07-06,85.87999725341797,88.3499984741211,84.68000030517578,87.69999694824219,0
2022-07-07,85.87999725341797,85.87999725341797,83.9800033569336,85.62999725341797,0
2022-07-08,84.73999786376953,86.06999969482422,83.05000305175781,85.80000305175781,0
2022-07-11,88.05000305175781,89.31999969482422,86.9000015258789,88.77999877929688,0
2022-07-12,90.05999755859375,90.51000213623047,86.97000122070312,88.69000244140625,0
2022-07-13,90.48999786376953,95.41000366210938,88.33000183105469,95.37999725341797,0
2022-07-14,90.7300033569336,94.13999938964844,90.08000183105469,92.61000061035156,0
2022-07-15,89.37000274658203,90.80999755859375,88.0999984741211,89.04000091552734,0
2022-07-18,91.86000061035156,92.79000091552734,89.94000244140625,90.68000030517578,0
2022-07-19,88.61000061035156,89.87000274658203,87.33999633789062,89.44000244140625,0
2022-07-20,86.75,87.87999725341797,84.97000122070312,87.76000213623047,0
2022-07-21,85.04000091552734,87.0999984741211,83.86000061035156,86.3499984741211,0
2022-07-22,84.52999877929688,86.33000183105469,83.4000015258789,84.41999816894531,0
2022-07-25,83.81999969482422,85.69000244140625,83.20999908447266,84.86000061035156,0
2022-07-26,84.83000183105469,87.37999725341797,83.9000015258789,84.62000274658203,0
2022-07-27,81.7699966430664,83.81999969482422,80.44999694824219,82.83999633789062,0
2022-07-28,80.87999725341797,82.05999755859375,79.43000030517578,80.1500015258789,0
2022-07-29,80.29000091552734,81.22000122070312,78.7300033569336,79.13999938964844,0
2022-08-01,86.33999633789062,86.43000030517578,82.80000305175781,83.63999938964844,0
2022-08-02,88.47000122070312,90.37999725341797,84.4000015258789,87.54000091552734,0
2022-08-03,84.5999984741211,86.19000244140625,82.69999694824219,85.94999694824219,0
2022-08-04,83.69000244140625,86.4800033569336,83.69000244140625,85.04000091552734,0
2022-08-05,84.12999725341797,86.37999725341797,82.93000030517578,86.37999725341797,0
2022-08-08,86.94999694824219,89.0,84.16999816894531,86.48999786376953,0
2022-08-09,87.48999786376953,88.94000244140625,87.11000061035156,88.23999786376953,0
2022-08-10,90.04000091552734,90.30000305175781,87.36000061035156,88.87000274658203,0
2022-08-11,90.83999633789062,92.80000305175781,87.87999725341797,88.19000244140625,0
2022-08-12,91.01000213623047,91.87999725341797,89.33999633789062,91.25,0
2022-08-15,88.7300033569336,92.30999755859375,87.02999877929688,92.2300033569336,0
2022-08-16,88.05000305175781,89.5199966430664,86.2699966430664,88.19000244140625,0
2022-08-17,87.47000122070312,89.47000122070312,84.97000122070312,87.94999694824219,0
2022-08-18,86.45999908447266,89.0199966430664,84.25,87.23999786376953,0
2022-08-19,89.7699966430664,92.83000183105469,87.81999969482422,88.25,0
2022-08-22,94.75,95.97000122070312,92.51000213623047,95.19999694824219,0
2022-08-23,93.33999633789062,95.0999984741211,91.22000122070312,94.87999725341797,0
2022-08-24,86.44999694824219,92.3499984741211,86.44999694824219,92.3499984741211,0
2022-08-25,83.31999969482422,87.06999969482422,83.0199966430664,86.58999633789062,0
2022-08-26,91.66000366210938,92.47000122070312,84.01000213623047,85.12000274658203,0
2022-08-29,91.56999969482422,94.27999877929688,89.5,94.11000061035156,0
2022-08-30,91.11000061035156,93.81999969482422,89.70999908447266,90.55999755859375,0
2022-08-31,88.4000015258789,90.63999938964844,86.91999816894531,90.30999755859375,0
2022-09-01,87.73999786376953,91.83000183105469,87.16999816894531,89.43000030517578,0
2022-09-02,89.19000244140625,90.37999725341797,83.11000061035156,85.33999633789062,0
2022-09-06,94.08000183105469,94.08000183105469,88.41999816894531,88.48999786376953,0
2022-09-07,88.26000213623047,94.19000244140625,87.68000030517578,94.13999938964844,0
2022-09-08,85.56999969482422,89.80000305175781,85.43000030517578,89.66999816894531,0
2022-09-09,84.08999633789062,84.98999786376953,83.76000213623047,84.77999877929688,0
2022-09-12,84.52999877929688,86.20999908447266,84.47000122070312,85.45999908447266,0
2022-09-13,93.88999938964844,95.66000366210938,85.83999633789062,87.01000213623047,0
2022-09-14,93.58000183105469,96.9800033569336,92.91999816894531,96.9800033569336,0
2022-09-15,92.61000061035156,93.83000183105469,90.13999938964844,93.69000244140625,0
2022-09-16,92.41999816894531,96.77999877929688,92.05000305175781,94.94999694824219,0
2022-09-19,88.98999786376953,94.72000122070312,88.33999633789062,94.45999908447266,0
2022-09-20,91.12000274658203,91.58999633789062,87.70999908447266,90.87000274658203,0
2022-09-21,92.05000305175781,92.0999984741211,86.77999877929688,90.62000274658203,0
2022-09-22,89.18000030517578,91.94000244140625,88.55000305175781,89.98999786376953,0
2022-09-23,101.55000305175781,105.51000213623047,91.7300033569336,91.83000183105469,0
2022-09-26,109.08999633789062,111.0,100.08000183105469,103.13999938964844,0
2022-09-27,113.76000213623047,117.06999969482422,105.13999938964844,106.61000061035156,0
2022-09-28,105.83000183105469,117.30000305175781,105.61000061035156,116.06999969482422,0
2022-09-29,108.30999755859375,114.97000122070312,107.7300033569336,108.93000030517578,0
2022-09-30,106.19000244140625,108.93000030517578,102.72000122070312,107.94000244140625,0
2022-10-03,103.02999877929688,107.75,102.31999969482422,106.47000122070312,0
2022-10-04,96.83000183105469,99.70999908447266,96.04000091552734,98.52999877929688,0
2022-10-05,92.79000091552734,99.9000015258789,92.56999969482422,98.61000061035156,0
2022-10-06,97.7300033569336,97.7300033569336,93.9000015258789,94.2300033569336,0
2022-10-07,103.37000274658203,104.76000213623047,97.91000366210938,97.9800033569336,0
2022-10-10,107.11000061035156,109.88999938964844,104.18000030517578,104.18000030517578,0
2022-10-11,105.26000213623047,108.7699966430664,103.94999694824219,107.98999786376953,0
2022-10-12,109.19000244140625,109.83000183105469,107.69000244140625,109.01000213623047,0
2022-10-13,101.26000213623047,109.91000366210938,99.16000366210938,109.8499984741211,0
2022-10-14,101.94000244140625,104.41000366210938,99.51000213623047,100.30999755859375,0
2022-10-17,97.31999969482422,99.77999877929688,96.87999725341797,99.52999877929688,0
2022-10-18,92.30000305175781,95.13999938964844,92.23999786376953,93.98999786376953,0
2022-10-19,90.69000244140625,94.44000244140625,89.94999694824219,94.27999877929688,0
2022-10-20,88.3499984741211,90.79000091552734,85.54000091552734,90.6500015258789,0
2022-10-21,87.31999969482422,88.1500015258789,84.87999725341797,87.0999984741211,0
2022-10-24,86.05999755859375,90.12000274658203,85.58999633789062,88.97000122070312,0
2022-10-25,82.20999908447266,85.94999694824219,81.4800033569336,85.54000091552734,0
2022-10-26,80.41999816894531,82.58999633789062,79.16999816894531,82.2300033569336,0
2022-10-27,82.51000213623047,83.12999725341797,79.48999786376953,80.30000305175781,0
2022-10-28,78.12000274658203,80.8499984741211,77.41000366210938,80.79000091552734,0
2022-10-31,78.86000061035156,80.19000244140625,77.95999908447266,80.19000244140625,0
2022-11-01,80.23999786376953,80.62999725341797,77.20999908447266,77.38999938964844,0
2022-11-02,80.93000030517578,81.91999816894531,79.12999725341797,79.87999725341797,0
2022-11-03,79.16999816894531,83.45999908447266,77.9800033569336,83.44000244140625,0
2022-11-04,79.23999786376953,81.30000305175781,76.91000366210938,77.31999969482422,0
2022-11-07,79.94999694824219,81.19999694824219,79.19999694824219,79.70999908447266,0
2022-11-08,84.5999984741211,85.8499984741211,80.36000061035156,80.55000305175781,0
2022-11-09,90.11000061035156,92.23999786376953,86.4800033569336,87.66999816894531,0
2022-11-10,85.77999877929688,87.08000183105469,82.05999755859375,85.08000183105469,0
2022-11-11,85.88999938964844,86.87000274658203,83.37000274658203,85.86000061035156,0
2022-11-14,84.56999969482422,86.48999786376953,80.54000091552734,86.41999816894531,0
2022-11-15,88.30999755859375,89.8499984741211,79.80999755859375,84.22000122070312,0
2022-11-16,81.37999725341797,87.62999725341797,80.3499984741211,87.5,0
2022-11-17,81.16000366210938,85.04000091552734,80.31999969482422,85.02999877929688,0
2022-11-18,77.68000030517578,79.2300033569336,77.33000183105469,79.02999877929688,0
2022-11-21,77.11000061035156,80.37000274658203,76.19000244140625,79.7300033569336,0
2022-11-22,77.80999755859375,77.93000030517578,76.12999725341797,76.4800033569336,0
2022-11-23,81.72000122070312,82.87000274658203,78.23999786376953,78.7300033569336,0
2022-11-25,82.5,84.38999938964844,82.33999633789062,82.44000244140625,0
2022-11-28,87.33000183105469,88.51000213623047,85.01000213623047,85.5999984741211,0
2022-11-29,85.43000030517578,87.66999816894531,84.19000244140625,87.62000274658203,0
2022-11-30,81.79000091552734,86.04000091552734,80.41000366210938,84.75,0
2022-12-01,82.19000244140625,82.30000305175781,80.88999938964844,82.05999755859375,0
2022-12-02,81.56999969482422,85.54000091552734,80.12000274658203,85.54000091552734,0
2022-12-05,84.70999908447266,86.68000030517578,83.30000305175781,84.0199966430664,0
2022-12-06,86.58999633789062,87.18000030517578,84.44000244140625,84.63999938964844,0
2022-12-07,87.18000030517578,87.66999816894531,86.31999969482422,86.76000213623047,0
2022-12-08,84.9000015258789,87.18000030517578,84.19000244140625,86.83999633789062,0
2022-12-09,87.26000213623047,87.26000213623047,83.69000244140625,83.93000030517578,0
2022-12-12,91.7300033569336,92.75,88.80999755859375,88.94999694824219,0
2022-12-13,88.73999786376953,91.62999725341797,85.30000305175781,85.86000061035156,0
2022-12-14,88.3499984741211,92.0,88.05000305175781,89.81999969482422,0
2022-12-15,92.26000213623047,93.58999633789062,89.33000183105469,89.83999633789062,0
2022-12-16,89.1500015258789,93.54000091552734,89.1500015258789,92.19000244140625,0
2022-12-19,87.54000091552734,94.33000183105469,86.91000366210938,94.33000183105469,0
2022-12-20,83.0,88.44000244140625,81.66999816894531,87.91000366210938,0
2022-12-21,77.63999938964844,81.62999725341797,77.63999938964844,81.4000015258789,0
2022-12-22,81.94000244140625,88.26000213623047,78.20999908447266,78.20999908447266,0
2022-12-23,78.83999633789062,82.16000366210938,77.94999694824219,81.11000061035156,0
2022-12-27,78.6500015258789,81.7699966430664,78.44999694824219,81.04000091552734,0
2022-12-28,79.9000015258789,80.05000305175781,77.1500015258789,79.25,0
2022-12-29,77.27999877929688,78.98999786376953,76.8499984741211,78.79000091552734,0
2022-12-30,77.05000305175781,78.55999755859375,77.01000213623047,78.44000244140625,0
2023-01-03,80.33999633789062,82.83000183105469,78.41000366210938,78.8499984741211,0
2023-01-04,76.6500015258789,80.0999984741211,76.5999984741211,79.44999694824219,0
2023-01-05,75.95999908447266,78.61000061035156,75.62000274658203,77.66000366210938,0
2023-01-06,73.87999725341797,75.30999755859375,72.2699966430664,74.43000030517578,0
2023-01-09,77.2699966430664,77.47000122070312,74.52999877929688,75.87000274658203,0
2023-01-10,76.0199966430664,77.88999938964844,75.70999908447266,77.87000274658203,0
2023-01-11,78.94000244140625,78.97000122070312,76.95999908447266,77.20999908447266,0
2023-01-12,78.79000091552734,79.80000305175781,75.9800033569336,78.54000091552734,0
2023-01-13,80.88999938964844,81.16999816894531,78.12000274658203,79.55000305175781,0
2023-01-17,83.44000244140625,84.02999877929688,81.0999984741211,83.08999633789062,0
2023-01-18,85.33000183105469,86.3499984741211,82.91000366210938,83.16999816894531,0
2023-01-19,85.13999938964844,87.94000244140625,84.0,87.37999725341797,0
2023-01-20,81.02999877929688,85.81999969482422,80.56999969482422,85.3499984741211,0
2023-01-23,78.33999633789062,82.51000213623047,77.87999725341797,82.33000183105469,0
2023-01-24,79.37000274658203,79.94999694824219,77.20999908447266,79.2699966430664,0
2023-01-25,80.73999786376953,84.69999694824219,80.58000183105469,81.56999969482422,0
2023-01-26,81.5999984741211,83.7300033569336,80.1500015258789,81.51000213623047,0
2023-01-27,83.30999755859375,83.5999984741211,80.01000213623047,82.94999694824219,0
2023-01-30,86.12999725341797,86.3499984741211,84.54000091552734,86.22000122070312,0
2023-01-31,83.9000015258789,87.73999786376953,83.9000015258789,86.33999633789062,0
2023-02-01,81.19999694824219,86.31999969482422,79.54000091552734,83.9000015258789,0
2023-02-02,84.97000122070312,86.77999877929688,77.62999725341797,79.16999816894531,0
2023-02-03,83.48999786376953,86.0,81.37000274658203,86.0,0
2023-02-06,85.0999984741211,86.52999877929688,83.8499984741211,86.52999877929688,0
2023-02-07,84.54000091552734,87.51000213623047,83.25,86.12000274658203,0
2023-02-08,94.83000183105469,95.7699966430664,89.72000122070312,90.8499984741211,0
2023-02-09,97.95999908447266,100.52999877929688,91.94999694824219,92.52999877929688,0
2023-02-10,95.62999725341797,100.20999908447266,94.75,97.80000305175781,0
2023-02-13,93.94999694824219,96.81999969482422,91.87999725341797,95.9000015258789,0
2023-02-14,89.19999694824219,94.4800033569336,86.48999786376953,93.87999725341797,0
2023-02-15,84.80999755859375,89.62999725341797,82.94000244140625,89.58999633789062,0
2023-02-16,88.25,91.70999908447266,84.19000244140625,88.62000274658203,0
2023-02-17,87.97000122070312,90.80999755859375,87.19000244140625,89.97000122070312,0
2023-02-21,95.98999786376953,96.9000015258789,91.27999877929688,93.0199966430664,0
2023-02-22,91.23999786376953,95.66000366210938,90.12999725341797,95.66000366210938,0
2023-02-23,85.16000366210938,90.47000122070312,85.06999969482422,89.43000030517578,0
2023-02-24,85.26000213623047,90.33999633789062,84.86000061035156,87.87000274658203,0
2023-02-27,83.20999908447266,85.2300033569336,82.30999755859375,84.55999755859375,0
2023-02-28,80.76000213623047,83.0,79.22000122070312,82.97000122070312,0
2023-03-01,80.55000305175781,82.11000061035156,79.4000015258789,81.31999969482422,0
2023-03-02,77.33999633789062,82.08999633789062,77.04000091552734,81.87000274658203,0
2023-03-03,75.93000030517578,76.98999786376953,75.08000183105469,76.62999725341797,0
2023-03-06,76.41000366210938,78.4800033569336,75.88999938964844,78.47000122070312,0
2023-03-07,78.54000091552734,78.94999694824219,75.31999969482422,77.36000061035156,0
2023-03-08,74.66999816894531,78.86000061035156,73.69999694824219,78.79000091552734,0
2023-03-09,92.04000091552734,92.26000213623047,73.5999984741211,74.55999755859375,0
2023-03-10,108.62000274658203,126.7699966430664,91.0199966430664,91.91000366210938,0
2023-03-13,114.54000091552734,128.33999633789062,105.83000183105469,127.7300033569336,0
2023-03-14,104.9000015258789,109.9800033569336,93.30999755859375,100.5,0
2023-03-15,122.75,137.64999389648438,119.63999938964844,123.08999633789062,0
2023-03-16,110.7699966430664,124.73999786376953,107.93000030517578,123.66000366210938,0
2023-03-17,124.75,126.05000305175781,113.37999725341797,114.58000183105469,0
2023-03-20,110.16000366210938,126.0,109.87999725341797,125.41999816894531,0
2023-03-21,101.19000244140625,104.02999877929688,98.9800033569336,100.56999969482422,0
2023-03-22,102.63999938964844,103.0999984741211,95.83999633789062,100.5999984741211,0
2023-03-23,102.91999816894531,109.70999908447266,94.36000061035156,100.2300033569336,0
2023-03-24,99.72000122070312,112.38999938964844,99.43000030517578,108.69000244140625,0
2023-03-27,95.06999969482422,98.5999984741211,94.7300033569336,97.2300033569336,0
2023-03-28,91.41000366210938,96.83000183105469,91.38999938964844,94.7699966430664,0
2023-03-29,87.77999877929688,90.01000213623047,87.37000274658203,88.62000274658203,0
2023-03-30,85.33999633789062,89.97000122070312,85.12000274658203,87.30999755859375,0
2023-03-31,87.52999877929688,87.52999877929688,82.95999908447266,85.38999938964844,0
2023-04-03,84.06999969482422,87.16999816894531,83.70999908447266,86.08999633789062,0
2023-04-04,84.72000122070312,89.48999786376953,84.18000030517578,84.91999816894531,0
2023-04-05,85.91999816894531,88.81999969482422,85.8499984741211,87.5199966430664,0
2023-04-06,84.63999938964844,88.36000061035156,82.93000030517578,87.27999877929688,0
2023-04-10,85.94000244140625,88.77999877929688,85.44999694824219,88.77999877929688,0
2023-04-11,85.91999816894531,86.52999877929688,83.80999755859375,85.79000091552734,0
2023-04-12,87.05999755859375,90.01000213623047,84.36000061035156,88.51000213623047,0
2023-04-13,84.7300033569336,85.44000244140625,82.62999725341797,84.41000366210938,0
2023-04-14,84.01000213623047,87.62000274658203,83.97000122070312,85.48999786376953,0
2023-04-17,83.1500015258789,84.58000183105469,81.18000030517578,81.8499984741211,0
2023-04-18,88.01000213623047,88.16000366210938,81.69000244140625,82.62000274658203,0
2023-04-19,95.04000091552734,95.08000183105469,87.16999816894531,88.56999969482422,0
2023-04-20,98.45999908447266,99.80999755859375,95.19999694824219,98.37000274658203,0
2023-04-21,96.94000244140625,100.0,95.63999938964844,98.51000213623047,0
2023-04-24,93.95999908447266,98.08999633789062,93.80999755859375,97.80999755859375,0
2023-04-25,94.3499984741211,100.38999938964844,94.01000213623047,96.3499984741211,0
2023-04-26,90.6500015258789,94.54000091552734,89.12000274658203,94.54000091552734,0
2023-04-27,85.79000091552734,89.81999969482422,85.13999938964844,89.41000366210938,0
2023-04-28,86.9000015258789,86.9000015258789,83.56999969482422,85.80999755859375,0
2023-05-01,88.20999908447266,89.30000305175781,87.0199966430664,88.2300033569336,0
2023-05-02,91.45999908447266,101.05999755859375,89.70999908447266,90.18000030517578,0
2023-05-03,91.54000091552734,94.9000015258789,88.87999725341797,91.83999633789062,0
2023-05-04,98.73999786376953,108.11000061035156,94.45999908447266,94.88999938964844,0
2023-05-05,91.80000305175781,93.79000091552734,90.48999786376953,93.79000091552734,0
2023-05-08,91.9800033569336,94.8499984741211,91.43000030517578,94.36000061035156,0
2023-05-09,92.44999694824219,93.87000274658203,91.94999694824219,93.5199966430664,0
2023-05-10,97.52999877929688,101.52999877929688,94.9800033569336,96.69000244140625,0
2023-05-11,97.31999969482422,101.5999984741211,96.25,99.45999908447266,0
2023-05-12,100.54000091552734,101.95999908447266,95.43000030517578,95.62000274658203,0
2023-05-15,94.6500015258789,100.05000305175781,94.12999725341797,99.38999938964844,0
2023-05-16,97.62999725341797,98.16000366210938,94.37000274658203,96.0199966430664,0
2023-05-17,92.76000213623047,95.75,92.41999816894531,95.4000015258789,0
2023-05-18,89.05999755859375,92.94000244140625,88.9000015258789,92.7300033569336,0
2023-05-19,94.7699966430664,99.0199966430664,88.1500015258789,88.37000274658203,0
2023-05-22,97.63999938964844,98.66000366210938,92.83000183105469,95.08999633789062,0
2023-05-23,101.91000366210938,104.79000091552734,98.43000030517578,100.26000213623047,0
2023-05-24,106.5199966430664,111.47000122070312,104.4000015258789,105.2699966430664,0
2023-05-25,103.87999725341797,105.62000274658203,101.06999969482422,102.94000244140625,0
2023-05-26,97.56999969482422,101.76000213623047,93.81999969482422,101.5199966430664,0
2023-05-30,91.91000366210938,96.91999816894531,91.33999633789062,93.98999786376953,0
2023-05-31,91.38999938964844,95.70999908447266,90.30000305175781,93.73999786376953,0
2023-06-01,85.06999969482422,89.95999908447266,84.06999969482422,89.44000244140625,0
2023-06-02,86.16000366210938,86.18000030517578,82.36000061035156,83.48999786376953,0
2023-06-05,85.7699966430664,88.5999984741211,85.23999786376953,88.31999969482422,0
2023-06-06,85.73999786376953,86.77999877929688,83.61000061035156,85.77999877929688,0
2023-06-07,84.0,85.47000122070312,83.25,85.04000091552734,0
2023-06-08,87.62999725341797,88.12000274658203,84.1500015258789,84.4000015258789,0
2023-06-09,89.69999694824219,93.25,87.76000213623047,87.7699966430664,0
2023-06-12,92.83000183105469,93.08000183105469,90.80000305175781,91.80999755859375,0
2023-06-13,92.0999984741211,92.33999633789062,88.33000183105469,88.44000244140625,0
2023-06-14,91.91000366210938,95.83000183105469,91.86000061035156,93.8499984741211,0
2023-06-15,93.94999694824219,95.88999938964844,92.0999984741211,94.0999984741211,0
2023-06-16,90.69000244140625,94.0999984741211,89.44000244140625,93.5999984741211,0
2023-06-20,96.26000213623047,98.88999938964844,94.33999633789062,94.33999633789062,0
2023-06-21,92.7300033569336,97.62000274658203,91.4800033569336,97.55000305175781,0
2023-06-22,90.63999938964844,96.0999984741211,90.08999633789062,95.94999694824219,0
2023-06-23,92.33999633789062,93.83000183105469,88.56999969482422,93.83000183105469,0
2023-06-26,95.41999816894531,96.97000122070312,93.66000366210938,96.05000305175781,0
2023-06-27,91.33000183105469,94.2699966430664,90.16000366210938,93.7699966430664,0
2023-06-28,85.79000091552734,91.27999877929688,85.56999969482422,91.27999877929688,0
2023-06-29,85.26000213623047,87.12999725341797,84.83999633789062,86.19999694824219,0
2023-06-30,83.11000061035156,85.26000213623047,82.33000183105469,85.1500015258789,0
2023-07-03,84.16999816894531,85.73999786376953,83.70999908447266,85.70999908447266,0
2023-07-05,87.76000213623047,88.83999633789062,86.94000244140625,88.30999755859375,0
2023-07-06,95.30000305175781,104.75,93.73999786376953,93.75,0
2023-07-07,94.48999786376953,97.83000183105469,92.2300033569336,97.83000183105469,0
2023-07-10,95.33000183105469,97.30000305175781,94.73999786376953,95.5999984741211,0
2023-07-11,95.20999908447266,95.87999725341797,93.95999908447266,94.97000122070312,0
2023-07-12,95.8499984741211,97.33000183105469,91.33000183105469,94.66000366210938,0
2023-07-13,96.43000030517578,97.69999694824219,94.2300033569336,94.8499984741211,0
2023-07-14,94.88999938964844,98.05000305175781,94.80000305175781,96.22000122070312,0
2023-07-17,95.9800033569336,96.5999984741211,93.62999725341797,96.56999969482422,0
2023-07-18,92.98999786376953,97.08000183105469,92.29000091552734,96.06999969482422,0
2023-07-19,93.56999969482422,93.58000183105469,91.43000030517578,91.86000061035156,0
2023-07-20,94.05999755859375,94.37999725341797,90.44999694824219,92.88999938964844,0
2023-07-21,93.36000061035156,94.05000305175781,92.2300033569336,93.16999816894531,0
2023-07-24,91.73999786376953,95.0,91.61000061035156,94.55000305175781,0
2023-07-25,90.0,92.62000274658203,89.31999969482422,92.37000274658203,0
2023-07-26,85.37999725341797,90.5199966430664,85.25,90.5,0
2023-07-27,94.05000305175781,97.29000091552734,82.80999755859375,82.80999755859375,0
2023-07-28,87.37999725341797,88.66000366210938,85.43000030517578,88.2699966430664,0
2023-07-31,86.68000030517578,88.66999816894531,86.52999877929688,88.66999816894531,0
2023-08-01,87.48999786376953,89.19000244140625,86.86000061035156,89.11000061035156,0
2023-08-02,96.19999694824219,101.5,92.91999816894531,92.91999816894531,0
2023-08-03,94.04000091552734,102.23999786376953,93.98999786376953,100.58000183105469,0
2023-08-04,99.62999725341797,102.0,89.12000274658203,91.37000274658203,0
2023-08-07,92.98999786376953,100.0199966430664,92.83999633789062,99.68000030517578,0
2023-08-08,94.91000366210938,105.12999725341797,94.91000366210938,97.7300033569336,0
2023-08-09,97.43000030517578,106.5199966430664,96.4800033569336,100.05000305175781,0
2023-08-10,99.77999877929688,104.72000122070312,90.01000213623047,93.13999938964844,0
2023-08-11,96.68000030517578,103.56999969482422,96.5199966430664,101.56999969482422,0
2023-08-14,95.33000183105469,101.20999908447266,93.56999969482422,100.43000030517578,0
2023-08-15,103.27999877929688,103.41000366210938,98.05000305175781,98.4000015258789,0
2023-08-16,104.54000091552734,104.98999786376953,100.0199966430664,102.58000183105469,0
2023-08-17,106.73999786376953,109.4000015258789,102.19000244140625,103.52999877929688,0
2023-08-18,97.27999877929688,109.47000122070312,96.66999816894531,109.38999938964844,0
2023-08-21,95.23999786376953,98.91000366210938,94.55000305175781,98.75,0
2023-08-22,92.62000274658203,96.13999938964844,92.02999877929688,93.66000366210938,0
2023-08-23,88.98999786376953,92.2300033569336,88.6500015258789,91.79000091552734,0
2023-08-24,92.16999816894531,92.5,88.0199966430664,88.55999755859375,0
2023-08-25,84.31999969482422,93.0999984741211,83.05000305175781,90.54000091552734,0
2023-08-28,82.2300033569336,85.36000061035156,82.2300033569336,85.36000061035156,0
2023-08-29,79.05000305175781,82.16999816894531,78.5199966430664,81.98999786376953,0
2023-08-30,78.62999725341797,79.97000122070312,77.94999694824219,78.83000183105469,0
2023-08-31,80.80000305175781,81.70999908447266,78.25,78.98999786376953,0
2023-09-01,82.6500015258789,82.70999908447266,80.95999908447266,81.9800033569336,0
2023-09-05,86.43000030517578,88.48999786376953,85.45999908447266,87.69999694824219,0
2023-09-06,87.8499984741211,89.94999694824219,86.68000030517578,87.08000183105469,0
2023-09-07,87.6500015258789,92.95999908447266,87.08000183105469,91.19000244140625,0
2023-09-08,85.2699966430664,87.30000305175781,84.41000366210938,87.30000305175781,0
2023-09-11,85.19000244140625,88.04000091552734,84.9000015258789,86.37999725341797,0
2023-09-12,85.62999725341797,86.94000244140625,84.5199966430664,85.8499984741211,0
2023-09-13,84.97000122070312,86.55999755859375,84.83000183105469,86.55999755859375,0
2023-09-14,82.4800033569336,84.6500015258789,82.4800033569336,83.51000213623047,0
2023-09-15,84.83999633789062,85.83000183105469,82.38999938964844,82.48999786376953,0
2023-09-18,84.7699966430664,89.12999725341797,83.81999969482422,88.29000091552734,0
2023-09-19,83.54000091552734,86.47000122070312,81.73999786376953,85.26000213623047,0
2023-09-20,88.05000305175781,88.56999969482422,82.62000274658203,83.41999816894531,0
2023-09-21,94.44000244140625,94.55000305175781,88.81999969482422,90.66999816894531,0
2023-09-22,90.54000091552734,93.77999877929688,88.05000305175781,93.77999877929688,0
2023-09-25,91.73999786376953,95.08999633789062,91.2300033569336,94.30000305175781,0
2023-09-26,103.04000091552734,105.4000015258789,93.12000274658203,94.06999969482422,0
2023-09-27,97.08999633789062,104.51000213623047,96.55999755859375,100.51000213623047,0
2023-09-28,93.72000122070312,98.06999969482422,93.26000213623047,97.55000305175781,0
2023-09-29,94.0999984741211,96.66999816894531,88.0199966430664,91.3499984741211,0
2023-10-02,95.38999938964844,98.48999786376953,92.33999633789062,96.18000030517578,0
2023-10-03,104.38999938964844,106.79000091552734,96.44999694824219,98.58999633789062,0
2023-10-04,95.58000183105469,103.68000030517578,94.88999938964844,103.18000030517578,0
2023-10-05,95.58999633789062,101.37999725341797,94.7300033569336,96.77999877929688,0
2023-10-06,91.16000366210938,101.5999984741211,90.04000091552734,99.68000030517578,0
2023-10-09,92.02999877929688,96.63999938964844,91.26000213623047,96.63999938964844,0
2023-10-10,90.0999984741211,91.81999969482422,88.9800033569336,91.30000305175781,0
2023-10-11,90.56999969482422,97.8499984741211,90.38999938964844,92.1500015258789,0
2023-10-12,91.87000274658203,97.44000244140625,88.8499984741211,90.47000122070312,0
2023-10-13,108.0999984741211,114.66000366210938,92.31999969482422,92.54000091552734,0
2023-10-16,95.69000244140625,102.75,95.08999633789062,102.75,0
2023-10-17,95.80000305175781,99.68000030517578,91.9800033569336,97.81999969482422,0
2023-10-18,105.88999938964844,109.4000015258789,96.44000244140625,96.54000091552734,0
2023-10-19,116.47000122070312,116.47000122070312,102.19000244140625,104.97000122070312,0
2023-10-20,115.43000030517578,117.55000305175781,112.1500015258789,114.9000015258789,0
2023-10-23,109.0,118.79000091552734,105.26000213623047,117.69999694824219,0
2023-10-24,98.54000091552734,108.01000213623047,97.73999786376953,107.83999633789062,0
2023-10-25,102.91999816894531,107.91999816894531,98.88999938964844,98.88999938964844,0
2023-10-26,101.97000122070312,106.44000244140625,99.86000061035156,104.01000213623047,0
2023-10-27,102.04000091552734,104.0,97.16000366210938,100.08999633789062,0
2023-10-30,95.2300033569336,100.30999755859375,93.98999786376953,100.30999755859375,0
2023-10-31,87.94000244140625,95.4800033569336,87.41999816894531,94.56999969482422,0
2023-11-01,85.08000183105469,87.70999908447266,84.68000030517578,87.08999633789062,0
2023-11-02,83.23999786376953,85.16000366210938,82.81999969482422,83.91000366210938,0
2023-11-03,82.83000183105469,83.1500015258789,81.73999786376953,83.02999877929688,0
2023-11-06,84.33000183105469,86.41999816894531,83.58000183105469,83.88999938964844,0
2023-11-07,83.43000030517578,86.13999938964844,82.94000244140625,85.4800033569336,0
2023-11-08,85.04000091552734,89.5999984741211,84.0,88.36000061035156,0
2023-11-09,88.73999786376953,90.37000274658203,83.93000030517578,83.98999786376953,0
2023-11-10,85.66000366210938,87.98999786376953,84.98999786376953,87.88999938964844,0
2023-11-13,85.51000213623047,88.58000183105469,81.44999694824219,88.4000015258789,0
2023-11-14,83.7699966430664,85.43000030517578,82.4800033569336,82.80999755859375,0
2023-11-15,84.91000366210938,85.20999908447266,81.20999908447266,81.79000091552734,0
2023-11-16,83.2300033569336,85.44999694824219,82.76000213623047,84.58000183105469,0
2023-11-17,81.83000183105469,84.68000030517578,81.3499984741211,82.95999908447266,0
2023-11-20,81.80999755859375,83.66999816894531,80.80000305175781,83.66999816894531,0
2023-11-21,81.7699966430664,82.72000122070312,79.37000274658203,82.33999633789062,0
2023-11-22,83.37999725341797,83.97000122070312,79.9000015258789,80.2300033569336,0
2023-11-24,83.0,84.7699966430664,81.63999938964844,84.2699966430664,0
2023-11-27,85.1500015258789,85.97000122070312,84.7300033569336,84.91999816894531,0
2023-11-28,85.13999938964844,86.69999694824219,84.7699966430664,86.04000091552734,0
2023-11-29,87.79000091552734,88.19999694824219,84.41999816894531,84.44999694824219,0
2023-11-30,86.70999908447266,90.41999816894531,86.5,87.61000061035156,0
2023-12-01,85.9000015258789,86.76000213623047,83.94999694824219,86.30999755859375,0
2023-12-04,87.76000213623047,92.16000366210938,87.54000091552734,90.41999816894531,0
2023-12-05,85.76000213623047,88.41999816894531,85.66999816894531,88.13999938964844,0
2023-12-06,86.8499984741211,87.12999725341797,83.81999969482422,84.31999969482422,0
2023-12-07,86.0,87.80000305175781,85.68000030517578,87.2300033569336,0
2023-12-08,81.11000061035156,85.30999755859375,80.9800033569336,85.30999755859375,0
2023-12-11,82.3499984741211,84.02999877929688,81.91999816894531,83.93000030517578,0
2023-12-12,83.54000091552734,83.56999969482422,80.7300033569336,82.13999938964844,0
2023-12-13,80.83000183105469,111.8499984741211,80.12000274658203,84.75,0
2023-12-14,80.83000183105469,83.56999969482422,80.62999725341797,80.83999633789062,0
2023-12-15,88.04000091552734,88.33999633789062,78.22000122070312,81.70999908447266,0
2023-12-18,88.66999816894531,89.87000274658203,87.55999755859375,89.87000274658203,0
2023-12-19,88.7699966430664,89.5199966430664,88.43000030517578,89.48999786376953,0
2023-12-20,92.18000030517578,94.2300033569336,85.25,89.0199966430664,0
2023-12-21,89.8499984741211,94.44000244140625,89.08000183105469,90.38999938964844,0
2023-12-22,88.62000274658203,90.69999694824219,87.55999755859375,89.41999816894531,0
2023-12-26,88.87000274658203,91.98999786376953,88.87000274658203,91.91999816894531,0
2023-12-27,86.22000122070312,88.5,86.06999969482422,88.5,0
2023-12-28,86.69000244140625,87.66999816894531,85.98999786376953,85.98999786376953,0
2023-12-29,86.95999908447266,89.01000213623047,86.0199966430664,86.80000305175781,0
2024-01-02,88.08999633789062,92.81999969482422,87.58999633789062,91.86000061035156,0
2024-01-03,89.6500015258789,92.30999755859375,86.2300033569336,89.26000213623047,0
2024-01-04,87.58999633789062,90.41000366210938,86.68000030517578,89.91999816894531,0
2024-01-05,82.87000274658203,86.4800033569336,82.55000305175781,86.45999908447266,0
2024-01-08,81.26000213623047,85.62000274658203,80.2300033569336,85.62000274658203,0
2024-01-09,78.58999633789062,82.55999755859375,78.31999969482422,82.37000274658203,0
2024-01-10,77.08999633789062,79.9800033569336,76.45999908447266,79.72000122070312,0
2024-01-11,75.54000091552734,79.80999755859375,75.45999908447266,76.13999938964844,0
2024-01-12,86.06999969482422,86.06999969482422,75.13999938964844,75.62999725341797,0
2024-01-16,89.58999633789062,93.66000366210938,88.3499984741211,90.31999969482422,0
2024-01-17,91.36000061035156,96.19000244140625,88.81999969482422,95.97000122070312,0
2024-01-18,86.33999633789062,90.0999984741211,86.06999969482422,88.62000274658203,0
2024-01-19,81.94999694824219,85.7300033569336,81.56999969482422,84.93000030517578,0
2024-01-22,79.16999816894531,83.44999694824219,78.62999725341797,83.41999816894531,0
2024-01-23,76.66999816894531,78.77999877929688,76.08000183105469,78.19000244140625,0
2024-01-24,80.94000244140625,81.16000366210938,74.6500015258789,75.61000061035156,0
2024-01-25,81.38999938964844,81.80999755859375,79.75,80.56999969482422,0
2024-01-26,82.19999694824219,82.19999694824219,79.87000274658203,81.41999816894531,0
2024-01-29,83.4000015258789,84.91999816894531,83.01000213623047,83.91999816894531,0
2024-01-30,82.23999786376953,83.94000244140625,81.80000305175781,83.69000244140625,0
2024-01-31,87.55999755859375,89.4000015258789,81.98999786376953,82.12000274658203,0
2024-02-01,84.83000183105469,89.66000366210938,83.01000213623047,85.94999694824219,0
2024-02-02,83.30999755859375,86.51000213623047,82.55999755859375,85.98999786376953,0
2024-02-05,79.58000183105469,86.81999969482422,78.80999755859375,84.69000244140625,0
2024-02-06,76.97000122070312,80.30000305175781,76.68000030517578,78.5999984741211,0
2024-02-07,80.54000091552734,82.26000213623047,79.5999984741211,79.83000183105469,0
2024-02-08,83.06999969482422,86.7699966430664,82.80000305175781,85.25,0
2024-02-09,81.94000244140625,84.8499984741211,81.52999877929688,82.45999908447266,0
2024-02-12,84.62999725341797,85.37000274658203,82.80000305175781,82.94999694824219,0
2024-02-13,93.19000244140625,101.45999908447266,85.0999984741211,88.01000213623047,0
2024-02-14,83.16999816894531,89.04000091552734,81.44000244140625,88.58999633789062,0
2024-02-15,82.4000015258789,85.33000183105469,81.94000244140625,82.52999877929688,0
2024-02-16,82.62999725341797,85.01000213623047,80.02999877929688,82.87999725341797,0
2024-02-20,86.0999984741211,90.61000061035156,85.55999755859375,88.79000091552734,0
2024-02-21,84.66000366210938,87.70999908447266,84.3499984741211,86.83000183105469,0
2024-02-22,80.87999725341797,81.01000213623047,77.98999786376953,80.87999725341797,0
2024-02-23,78.86000061035156,80.31999969482422,78.16999816894531,79.88999938964844,0
2024-02-26,80.5,81.04000091552734,79.58999633789062,79.98999786376953,0
2024-02-27,78.54000091552734,79.62000274658203,77.98999786376953,79.44999694824219,0
2024-02-28,80.36000061035156,81.55999755859375,79.5999984741211,80.3499984741211,0
2024-02-29,77.44999694824219,80.68000030517578,77.02999877929688,78.94999694824219,0
2024-03-01,77.68000030517578,80.97000122070312,76.33999633789062,76.69000244140625,0
2024-03-04,79.41000366210938,80.41000366210938,78.97000122070312,79.87000274658203,0
2024-03-05,83.91000366210938,86.13999938964844,80.36000061035156,80.36000061035156,0
2024-03-06,83.11000061035156,83.80999755859375,81.43000030517578,81.47000122070312,0
2024-03-07,82.12999725341797,83.06999969482422,81.93000030517578,81.93000030517578,0
2024-03-08,86.55999755859375,91.31999969482422,80.41999816894531,80.77999877929688,0
2024-03-11,88.97000122070312,92.13999938964844,88.12999725341797,90.61000061035156,0
2024-03-12,83.76000213623047,88.45999908447266,83.66000366210938,87.38999938964844,0
2024-03-13,86.2699966430664,87.31999969482422,85.8499984741211,86.44000244140625,0
2024-03-14,88.75,92.61000061035156,85.33999633789062,85.44999694824219,0
2024-03-15,92.16999816894531,96.2300033569336,89.81999969482422,90.2300033569336,0
2024-03-18,86.77999877929688,92.05999755859375,86.62999725341797,92.0,0
2024-03-19,83.9000015258789,87.13999938964844,83.6500015258789,86.86000061035156,0
2024-03-20,78.87000274658203,84.26000213623047,78.63999938964844,83.94999694824219,0
2024-03-21,77.30000305175781,81.0999984741211,77.13999938964844,79.62999725341797,0
2024-03-22,76.48999786376953,77.79000091552734,74.87999725341797,77.19999694824219,0
2024-03-25,76.5999984741211,78.87000274658203,76.19000244140625,78.8499984741211,0
2024-03-26,76.7699966430664,79.27999877929688,75.0199966430664,76.41999816894531,0
2024-03-27,76.0,78.08000183105469,75.19999694824219,76.19000244140625,0
2024-03-28,76.56999969482422,78.0999984741211,75.79000091552734,76.5,0
2024-04-01,78.44999694824219,82.95999908447266,78.27999877929688,79.80999755859375,0
2024-04-02,82.76000213623047,86.63999938964844,82.13999938964844,82.13999938964844,0
2024-04-03,81.08000183105469,85.33999633789062,80.52999877929688,84.29000091552734,0
2024-04-04,90.04000091552734,91.06999969482422,77.80999755859375,79.61000061035156,0
2024-04-05,90.58000183105469,91.66000366210938,88.43000030517578,90.75,0
2024-04-08,86.26000213623047,90.87999725341797,85.76000213623047,90.4800033569336,0
2024-04-09,84.44999694824219,90.01000213623047,84.26000213623047,85.8499984741211,0
2024-04-10,91.76000213623047,95.61000061035156,90.66999816894531,93.63999938964844,0
2024-04-11,89.4000015258789,96.33000183105469,88.7300033569336,92.56999969482422,0
2024-04-12,102.72000122070312,112.86000061035156,94.41999816894531,94.58999633789062,0
2024-04-15,109.63999938964844,111.58000183105469,93.94999694824219,98.44999694824219,0
2024-04-16,99.25,107.52999877929688,97.81999969482422,107.12999725341797,0
2024-04-17,98.76000213623047,102.81999969482422,94.79000091552734,99.33999633789062,0
2024-04-18,95.98999786376953,98.88999938964844,92.95999908447266,96.80000305175781,0
2024-04-19,99.08999633789062,102.87000274658203,96.75,99.41000366210938,0
2024-04-22,89.54000091552734,96.22000122070312,89.26000213623047,95.5999984741211,0
2024-04-23,82.36000061035156,87.58999633789062,82.0199966430664,87.37999725341797,0
2024-04-24,83.61000061035156,85.0199966430664,81.7300033569336,82.69999694824219,0
2024-04-25,82.54000091552734,91.0199966430664,82.37000274658203,90.37999725341797,0
2024-04-26,79.55999755859375,83.08999633789062,79.55999755859375,82.58000183105469,0
2024-04-29,78.22000122070312,80.6500015258789,77.38999938964844,80.05999755859375,0
2024-04-30,81.81999969482422,81.95999908447266,77.22000122070312,79.44000244140625,0
2024-05-01,81.93000030517578,123.55000305175781,76.7300033569336,83.56999969482422,0
2024-05-02,78.58999633789062,83.80999755859375,78.37000274658203,80.30000305175781,0
2024-05-03,74.56999969482422,76.79000091552734,74.36000061035156,75.43000030517578,0
2024-05-06,73.45999908447266,75.2699966430664,73.30000305175781,75.2699966430664,0
2024-05-07,74.54000091552734,75.31999969482422,73.16999816894531,73.38999938964844,0
2024-05-08,74.5,75.5,74.0199966430664,74.25,0
2024-05-09,73.7699966430664,75.27999877929688,73.6500015258789,74.5999984741211,0
2024-05-10,73.26000213623047,74.79000091552734,72.87999725341797,73.95999908447266,0
2024-05-13,77.55000305175781,77.94000244140625,74.66000366210938,76.38999938964844,0
2024-05-14,77.6500015258789,79.13999938964844,77.58999633789062,77.75,0
2024-05-15,76.30999755859375,77.2300033569336,74.86000061035156,76.58000183105469,0
2024-05-16,77.73999786376953,78.12000274658203,75.18000030517578,76.7300033569336,0
2024-05-17,78.43000030517578,79.33000183105469,77.16000366210938,77.22000122070312,0
2024-05-20,79.44999694824219,80.56999969482422,79.06999969482422,80.37000274658203,0
2024-05-21,77.62000274658203,80.6500015258789,77.02999877929688,80.05999755859375,0
2024-05-22,79.95999908447266,85.97000122070312,76.2300033569336,78.37000274658203,0
2024-05-23,84.62000274658203,89.62999725341797,77.81999969482422,78.38999938964844,0
2024-05-24,79.08999633789062,84.4000015258789,78.19999694824219,84.38999938964844,0
2024-05-28,81.63999938964844,84.33000183105469,81.25,82.13999938964844,0
2024-05-29,83.79000091552734,85.93000030517578,81.97000122070312,85.37000274658203,0
2024-05-30,83.44000244140625,84.33999633789062,79.94999694824219,83.91000366210938,0
2024-05-31,78.2699966430664,85.16000366210938,78.26000213623047,81.3499984741211,0
2024-06-03,78.79000091552734,82.8499984741211,78.41000366210938,80.05000305175781,0
2024-06-04,77.6500015258789,81.7300033569336,77.6500015258789,81.0,0
2024-06-05,75.23999786376953,78.12999725341797,74.81999969482422,77.29000091552734,0
2024-06-06,77.91000366210938,79.5,75.30999755859375,75.62000274658203,0
2024-06-07,76.6500015258789,78.7699966430664,75.5199966430664,78.38999938964844,0
2024-06-10,78.97000122070312,80.62999725341797,78.7699966430664,80.54000091552734,0
2024-06-11,79.94999694824219,84.02999877929688,79.62000274658203,82.51000213623047,0
2024-06-12,77.5999984741211,78.83000183105469,68.08999633789062,78.5199966430664,0
2024-06-13,78.19999694824219,80.27999877929688,76.73999786376953,77.68000030517578,0
2024-06-14,83.72000122070312,84.48999786376953,80.73999786376953,82.94999694824219,0
2024-06-17,83.33999633789062,85.41999816894531,82.25,85.19999694824219,0
2024-06-18,80.62999725341797,84.06999969482422,80.45999908447266,84.06999969482422,0
2024-06-20,85.72000122070312,86.58999633789062,79.76000213623047,79.88999938964844,0
2024-06-21,83.30999755859375,87.30999755859375,81.69000244140625,86.08999633789062,0
2024-06-24,84.80000305175781,86.2300033569336,83.20999908447266,86.04000091552734,0
2024-06-25,82.87000274658203,85.1500015258789,80.37999725341797,84.45999908447266,0
2024-06-26,81.44999694824219,83.55000305175781,80.54000091552734,83.29000091552734,0
2024-06-27,79.5,82.54000091552734,79.22000122070312,82.37999725341797,0
2024-06-28,79.4800033569336,80.12999725341797,76.6500015258789,80.12999725341797,0
2024-07-01,76.05000305175781,80.95999908447266,75.81999969482422,80.87000274658203,0
2024-07-02,77.05999755859375,78.91999816894531,75.30000305175781,76.86000061035156,0
2024-07-03,78.06999969482422,79.51000213623047,76.47000122070312,76.55000305175781,0
2024-07-05,78.80000305175781,79.06999969482422,77.5999984741211,77.69000244140625,0
2024-07-08,78.58999633789062,80.11000061035156,78.19000244140625,79.93000030517578,0
2024-07-09,78.58000183105469,79.23999786376953,77.55999755859375,78.36000061035156,0
2024-07-10,83.41000366210938,83.83000183105469,81.37000274658203,82.52999877929688,0
2024-07-11,84.47000122070312,86.95999908447266,82.38999938964844,82.47000122070312,0
2024-07-12,81.61000061035156,82.31999969482422,72.06999969482422,82.31999969482422,0
2024-07-15,83.86000061035156,84.25,80.9000015258789,82.5,0
2024-07-16,82.4000015258789,83.83000183105469,80.52999877929688,83.47000122070312,0
2024-07-17,88.27999877929688,89.08000183105469,84.0199966430664,85.37999725341797,0
2024-07-18,94.70999908447266,95.55000305175781,83.83999633789062,85.98999786376953,0
2024-07-19,97.93000030517578,101.70999908447266,93.63999938964844,94.87999725341797,0
2024-07-22,93.66000366210938,97.5199966430664,90.5999984741211,97.5199966430664,0
2024-07-23,88.51000213623047,94.25,87.94000244140625,93.54000091552734,0
2024-07-24,106.12000274658203,106.97000122070312,89.72000122070312,93.05999755859375,0
2024-07-25,104.37999725341797,109.66000366210938,95.54000091552734,104.22000122070312,0
2024-07-26,94.61000061035156,101.52999877929688,93.87000274658203,101.0999984741211,0
2024-07-29,93.51000213623047,97.70999908447266,92.75,96.3499984741211,0
2024-07-30,99.97000122070312,101.8499984741211,92.43000030517578,92.54000091552734,0
2024-07-31,94.25,95.47000122070312,87.9800033569336,93.7699966430664,0
2024-08-01,111.18000030517578,117.23999786376953,93.30999755859375,94.0,0
2024-08-02,136.80999755859375,162.67999267578125,119.02999877929688,119.83999633789062,0
2024-08-05,173.32000732421875,192.49000549316406,136.80999755859375,136.80999755859375,0
2024-08-06,150.08999633789062,170.4199981689453,137.0500030517578,169.67999267578125,0
2024-08-07,151.24000549316406,154.7899932861328,129.4600067138672,136.42999267578125,0
2024-08-08,134.33999633789062,146.38999938964844,134.16000366210938,144.8300018310547,0
2024-08-09,114.62999725341797,135.63999938964844,114.12000274658203,134.5399932861328,0
2024-08-12,121.94000244140625,124.4800033569336,107.36000061035156,114.9000015258789,0
2024-08-13,113.88999938964844,118.73999786376953,113.77999877929688,118.37000274658203,0
2024-08-14,107.80999755859375,118.45999908447266,107.45999908447266,118.31999969482422,0
2024-08-15,105.41999816894531,106.20999908447266,100.16000366210938,103.58999633789062,0
2024-08-16,103.41999816894531,108.83000183105469,101.58999633789062,108.83000183105469,0
2024-08-19,98.81999969482422,104.7300033569336,97.18000030517578,104.29000091552734,0
2024-08-20,101.73999786376953,105.01000213623047,99.4800033569336,100.58000183105469,0
2024-08-21,106.72000122070312,109.11000061035156,101.51000213623047,101.51000213623047,0
2024-08-22,112.52999877929688,116.0199966430664,105.33000183105469,105.94999694824219,0
2024-08-23,99.22000122070312,117.94999694824219,99.08999633789062,109.41000366210938,0
2024-08-26,100.68000030517578,103.44000244140625,98.9000015258789,101.08000183105469,0
2024-08-27,93.44999694824219,103.08000183105469,93.3499984741211,102.33999633789062,0
2024-08-28,106.31999969482422,109.77999877929688,95.1500015258789,95.77999877929688,0
2024-08-29,97.08000183105469,100.27999877929688,93.70999908447266,99.36000061035156,0
2024-08-30,93.7300033569336,98.88999938964844,91.45999908447266,95.43000030517578,0
2024-09-03,129.7899932861328,137.63999938964844,100.2699966430664,100.27999877929688,0
2024-09-04,123.47000122070312,135.69000244140625,114.3499984741211,134.77999877929688,0
2024-09-05,115.01000213623047,123.37999725341797,113.61000061035156,120.52999877929688,0
2024-09-06,119.33000183105469,129.27999877929688,106.87000274658203,110.72000122070312,0
2024-09-09,110.8499984741211,118.6500015258789,110.04000091552734,117.86000061035156,0
2024-09-10,107.19999694824219,116.6500015258789,106.76000213623047,111.0,0
2024-09-11,102.9000015258789,120.01000213623047,101.69000244140625,109.69999694824219,0
2024-09-12,103.94000244140625,107.20999908447266,101.4000015258789,103.5999984741211,0
2024-09-13,101.87999725341797,105.6500015258789,99.2300033569336,104.88999938964844,0
2024-09-16,106.66999816894531,110.9800033569336,105.9800033569336,106.0,0
2024-09-17,107.19000244140625,109.04000091552734,103.55999755859375,106.7699966430664,0
2024-09-18,105.43000030517578,123.77999877929688,101.44999694824219,107.87000274658203,0
2024-09-19,97.45999908447266,102.05999755859375,97.20999908447266,100.76000213623047,0
2024-09-20,94.2699966430664,99.55999755859375,93.6500015258789,99.13999938964844,0
2024-09-23,94.41000366210938,97.44999694824219,93.4800033569336,96.22000122070312,0
2024-09-24,90.93000030517578,97.33999633789062,90.41999816894531,94.94999694824219,0
2024-09-25,90.4800033569336,93.52999877929688,90.33999633789062,92.08999633789062,0
2024-09-26,89.86000061035156,92.41999816894531,89.81999969482422,91.79000091552734,0
2024-09-27,101.33999633789062,101.75,90.41000366210938,90.55000305175781,0
2024-09-30,99.33999633789062,105.43000030517578,98.91999816894531,103.56999969482422,0
2024-10-01,110.13999938964844,117.68000030517578,100.41000366210938,100.41000366210938,0
2024-10-02,107.97000122070312,115.62999725341797,106.58000183105469,112.5199966430664,0
2024-10-03,115.63999938964844,115.97000122070312,108.30999755859375,110.8499984741211,0
2024-10-04,110.62999725341797,113.91999816894531,109.05999755859375,112.94999694824219,0
2024-10-07,122.58000183105469,123.37000274658203,112.80999755859375,115.29000091552734,0
2024-10-08,114.81999969482422,117.86000061035156,113.31999969482422,117.69999694824219,0
2024-10-09,119.36000061035156,124.48999786376953,118.66999816894531,124.2300033569336,0
2024-10-10,117.43000030517578,120.51000213623047,117.31999969482422,119.22000122070312,0
2024-10-11,113.98999786376953,118.29000091552734,112.97000122070312,117.44000244140625,0
2024-10-14,107.22000122070312,114.0999984741211,107.22000122070312,113.93000030517578,0
2024-10-15,112.9000015258789,113.62000274658203,105.4000015258789,105.76000213623047,0
2024-10-16,111.62000274658203,115.62000274658203,110.9800033569336,112.66000366210938,0
2024-10-17,105.88999938964844,110.41000366210938,105.30000305175781,109.44000244140625,0
2024-10-18,100.94999694824219,105.0999984741211,100.08999633789062,104.94000244140625,0
2024-10-21,102.95999908447266,106.56999969482422,102.79000091552734,104.41000366210938,0
2024-10-22,100.5,105.45999908447266,99.8499984741211,105.27999877929688,0
2024-10-23,108.11000061035156,112.51000213623047,101.33999633789062,101.3499984741211,0
2024-10-24,109.83999633789062,112.9800033569336,107.52999877929688,107.52999877929688,0
2024-10-25,117.5,117.68000030517578,107.08000183105469,107.93000030517578,0
2024-10-28,112.2300033569336,114.55000305175781,111.87000274658203,114.51000213623047,0
2024-10-29,108.69999694824219,114.41999816894531,108.68000030517578,113.41000366210938,0
2024-10-30,112.7699966430664,112.80000305175781,109.5,110.31999969482422,0
2024-10-31,121.88999938964844,124.94999694824219,117.43000030517578,117.43000030517578,0
2024-11-01,119.12000274658203,121.51000213623047,116.06999969482422,120.30000305175781,0
2024-11-04,121.80000305175781,123.43000030517578,119.27999877929688,121.08000183105469,0
2024-11-05,114.31999969482422,121.73999786376953,113.2699966430664,121.70999908447266,0
2024-11-06,97.23999786376953,99.16000366210938,89.41999816894531,91.73999786376953,0
2024-11-07,88.5999984741211,161.75999450683594,88.16999816894531,93.83000183105469,0
2024-11-08,87.76000213623047,89.62000274658203,86.75,88.45999908447266,0
2024-11-11,90.7300033569336,90.80000305175781,88.52999877929688,89.05000305175781,0
2024-11-12,89.44999694824219,92.58000183105469,88.33000183105469,90.16999816894531,0
2024-11-13,91.76000213623047,93.0999984741211,89.4800033569336,92.25,0
2024-11-14,90.43000030517578,93.61000061035156,89.47000122070312,91.80000305175781,0
2024-11-15,98.93000030517578,110.16999816894531,92.0999984741211,93.30000305175781,0
2024-11-18,93.80999755859375,100.12000274658203,92.37999725341797,99.5199966430664,0
2024-11-19,97.37000274658203,105.01000213623047,94.5,105.01000213623047,0
2024-11-20,102.19999694824219,109.13999938964844,98.87999725341797,99.69999694824219,0
2024-11-21,101.30000305175781,106.05999755859375,97.0999984741211,98.5,0
2024-11-22,95.12999725341797,100.2699966430664,94.9800033569336,99.87000274658203,0
2024-11-25,88.79000091552734,96.01000213623047,88.7699966430664,92.16000366210938,0
2024-11-26,87.70999908447266,89.38999938964844,85.45999908447266,89.12000274658203,0
2024-11-27,88.36000061035156,94.19999694824219,87.86000061035156,89.5,0
2024-11-29,86.31999969482422,87.87999725341797,86.0999984741211,87.87999725341797,0
2024-12-02,87.11000061035156,90.31999969482422,86.61000061035156,89.62999725341797,0
2024-12-03,86.43000030517578,89.66999816894531,85.66999816894531,88.0199966430664,0
2024-12-04,86.4800033569336,87.94000244140625,85.58000183105469,86.8499984741211,0
2024-12-05,86.94999694824219,88.80999755859375,86.05000305175781,88.20999908447266,0
2024-12-06,87.37999725341797,89.05000305175781,83.55999755859375,84.94999694824219,0
2024-12-09,93.83999633789062,94.76000213623047,90.05000305175781,91.01000213623047,0
2024-12-10,94.3499984741211,95.94000244140625,92.31999969482422,93.29000091552734,0
2024-12-11,98.12000274658203,99.38999938964844,94.75,95.27999877929688,0
2024-12-12,99.43000030517578,100.81999969482422,96.91000366210938,98.93000030517578,0
2024-12-13,96.5,101.45999908447266,95.95999908447266,96.77999877929688,0
2024-12-16,98.3499984741211,98.54000091552734,95.88999938964844,96.94000244140625,0
2024-12-17,100.7300033569336,101.19000244140625,95.77999877929688,100.04000091552734,0
2024-12-18,129.7899932861328,131.72999572753906,97.75,101.08999633789062,0
2024-12-19,136.2899932861328,136.4199981689453,59.310001373291016,59.310001373291016,0
2024-12-20,114.01000213623047,137.69000244140625,110.93000030517578,137.69000244140625,0
2024-12-23,102.33999633789062,117.94999694824219,102.27999877929688,112.37999725341797,0
2024-12-24,91.05000305175781,101.48999786376953,90.6500015258789,101.48999786376953,0
2024-12-26,92.7699966430664,102.47000122070312,91.97000122070312,95.05999755859375,0
2024-12-27,98.80999755859375,114.08999633789062,95.95999908447266,96.63999938964844,0
2024-12-30,103.05000305175781,112.80000305175781,97.0999984741211,108.73999786376953,0
2024-12-31,104.33000183105469,107.12000274658203,97.66999816894531,100.73999786376953,0
2025-01-02,106.58999633789062,113.73999786376953,101.54000091552734,103.66999816894531,0
2025-01-03,94.36000061035156,104.75,93.73999786376953,104.62999725341797,0
2025-01-06,95.88999938964844,98.9000015258789,92.98999786376953,95.68000030517578,0
2025-01-07,106.37000274658203,110.98999786376953,94.69000244140625,94.8499984741211,0
2025-01-08,103.93000030517578,114.91000366210938,102.9800033569336,109.5199966430664,0
2025-01-10,115.48999786376953,119.31999969482422,107.19999694824219,109.62000274658203,0
2025-01-13,110.94000244140625,122.44999694824219,110.25,122.22000122070312,0
2025-01-14,107.93000030517578,112.97000122070312,104.88999938964844,109.12000274658203,0
2025-01-15,97.79000091552734,103.76000213623047,97.55000305175781,103.26000213623047,0
2025-01-16,99.83999633789062,99.83999633789062,96.37000274658203,97.20999908447266,0
2025-01-17,101.61000061035156,101.61000061035156,96.45999908447266,96.93000030517578,0
2025-01-21,98.26000213623047,101.52999877929688,97.76000213623047,100.93000030517578,0
2025-01-22,100.55999755859375,101.76000213623047,97.5,98.54000091552734,0
2025-01-23,99.5199966430664,100.47000122070312,98.55000305175781,100.33999633789062,0
2025-01-24,100.41000366210938,101.16000366210938,98.16000366210938,98.62999725341797,0
2025-01-27,110.30999755859375,117.47000122070312,109.0,117.47000122070312,0
2025-01-28,103.73999786376953,111.4800033569336,101.91000366210938,108.3499984741211,0
2025-01-29,101.68000030517578,108.02999877929688,100.33000183105469,102.80999755859375,0
2025-01-30,98.31999969482422,100.5,96.56999969482422,98.87999725341797,0
2025-01-31,101.5,104.3499984741211,95.9800033569336,96.44999694824219,0
2025-02-03,109.01000213623047,115.25,100.93000030517578,111.9800033569336,0
2025-02-04,100.87999725341797,107.97000122070312,98.9000015258789,106.5,0
2025-02-05,97.29000091552734,102.37000274658203,96.94000244140625,100.8499984741211,0
2025-02-06,96.7699966430664,98.93000030517578,95.58000183105469,96.9000015258789,0
2025-02-07,101.48999786376953,102.06999969482422,95.37000274658203,95.37999725341797,0
2025-02-10,99.1500015258789,102.47000122070312,98.80000305175781,101.55000305175781,0
2025-02-11,99.81999969482422,101.16999816894531,98.16000366210938,100.33999633789062,0
2025-02-12,98.73999786376953,106.5199966430664,98.72000122070312,106.33999633789062,0
2025-02-13,95.4800033569336,100.04000091552734,94.91000366210938,98.61000061035156,0
2025-02-14,96.9000015258789,98.94999694824219,95.16999816894531,95.55999755859375,0
2025-02-18,98.5,100.66000366210938,97.13999938964844,97.3499984741211,0
2025-02-19,95.55000305175781,101.25,94.9800033569336,101.25,0
2025-02-20,94.98999786376953,100.08999633789062,94.36000061035156,95.66999816894531,0
2025-02-21,105.70999908447266,107.66000366210938,95.61000061035156,95.77999877929688,0
2025-02-24,106.80000305175781,114.1500015258789,101.12000274658203,105.51000213623047,0
2025-02-25,108.47000122070312,114.79000091552734,104.31999969482422,108.70999908447266,0
2025-02-26,106.05000305175781,111.19000244140625,103.06999969482422,108.80000305175781,0
2025-02-27,114.79000091552734,115.5999984741211,102.12999725341797,102.12999725341797,0
2025-02-28,108.98999786376953,117.43000030517578,107.87000274658203,115.12000274658203,0
2025-03-03,118.73999786376953,124.18000030517578,105.66000366210938,106.43000030517578,0
2025-03-04,118.55999755859375,131.6199951171875,111.23999786376953,125.55000305175781,0
2025-03-05,109.62999725341797,120.91999816894531,108.41999816894531,118.3499984741211,0
2025-03-06,120.81999969482422,124.31999969482422,112.9000015258789,118.08999633789062,0
2025-03-07,115.7300033569336,123.70999908447266,114.1500015258789,119.56999969482422,0
2025-03-10,128.4600067138672,131.49000549316406,121.63999938964844,124.86000061035156,0
2025-03-11,129.50999450683594,139.49000549316406,127.12000274658203,134.89999389648438,0
2025-03-12,115.88999938964844,124.13999938964844,114.05999755859375,122.68000030517578,0
2025-03-13,112.88999938964844,118.91999816894531,112.19000244140625,115.25,0
2025-03-14,98.2300033569336,109.66999816894531,96.8499984741211,109.66999816894531,0
2025-03-17,95.93000030517578,97.7699966430664,93.73999786376953,97.58000183105469,0
2025-03-18,99.68000030517578,103.16999816894531,96.62999725341797,96.66000366210938,0
2025-03-19,93.2300033569336,98.62000274658203,91.19000244140625,97.93000030517578,0
2025-03-20,89.94999694824219,97.08999633789062,89.94999694824219,97.08999633789062,0
2025-03-21,87.98999786376953,94.73999786376953,87.97000122070312,93.20999908447266,0
2025-03-24,81.88999938964844,85.81999969482422,81.7300033569336,85.30999755859375,0
2025-03-25,87.45999908447266,89.4000015258789,83.19000244140625,83.19000244140625,0
2025-03-26,90.23999786376953,94.80999755859375,88.0,88.0,0
2025-03-27,89.51000213623047,95.79000091552734,86.94999694824219,92.83999633789062,0
2025-03-28,102.44000244140625,102.62000274658203,89.93000030517578,91.30000305175781,0
2025-03-31,99.12000274658203,112.13999938964844,98.08000183105469,109.87000274658203,0
2025-04-01,97.55000305175781,103.44999694824219,96.27999877929688,101.75,0
2025-04-02,118.37000274658203,118.37000274658203,94.79000091552734,103.44999694824219,0
2025-04-03,119.4800033569336,120.20999908447266,110.31999969482422,114.13999938964844,0
2025-04-04,147.16000366210938,148.64999389648438,126.61000061035156,126.61000061035156,0
2025-04-07,152.6300048828125,168.1199951171875,141.67999267578125,157.77000427246094,0
2025-04-08,170.9199981689453,177.5,137.41000366210938,142.11000061035156,0
2025-04-09,142.5,189.02999877929688,134.22999572753906,186.3300018310547,0
2025-04-10,157.24000549316406,177.47000122070312,142.42999267578125,145.3000030517578,0
2025-04-11,147.35000610351562,170.32000732421875,146.50999450683594,161.3300018310547,0
2025-04-14,122.31999969482422,136.7899932861328,120.58999633789062,132.07000732421875,0
2025-04-15,115.88999938964844,122.91000366210938,114.88999938964844,121.58999633789062,0
2025-04-16,122.91000366210938,127.58999633789062,114.4800033569336,122.95999908447266,0
2025-04-17,116.26000213623047,122.30000305175781,116.0999984741211,120.5999984741211,0
2025-04-21,124.11000061035156,129.22000122070312,122.73999786376953,122.73999786376953,0
2025-04-22,112.95999908447266,119.58999633789062,112.62999725341797,119.58999633789062,0
2025-04-23,109.0199966430664,111.48999786376953,103.87999725341797,106.79000091552734,0
2025-04-24,102.9800033569336,108.23999786376953,102.58000183105469,108.19000244140625,0
2025-04-25,98.94999694824219,107.3499984741211,98.94999694824219,104.62999725341797,0
2025-04-28,103.38999938964844,107.80999755859375,99.44000244140625,99.58000183105469,0
2025-04-29,101.30999755859375,113.12999725341797,101.0999984741211,104.2300033569336,0
2025-04-30,102.29000091552734,113.01000213623047,101.3499984741211,107.0199966430664,0
2025-05-01,102.30999755859375,122.22000122070312,98.80999755859375,99.62000274658203,0
2025-05-02,97.26000213623047,99.7699966430664,96.7699966430664,99.11000061035156,0
2025-05-05,101.16999816894531,104.76000213623047,99.30999755859375,102.5,0
2025-05-06,104.31999969482422,106.0999984741211,101.8499984741211,104.91000366210938,0
2025-05-07,99.81999969482422,134.91000366210938,99.44999694824219,103.44000244140625,0
2025-05-08,96.29000091552734,99.83999633789062,95.01000213623047,97.61000061035156,0
2025-05-09,96.3499984741211,98.29000091552734,95.55000305175781,95.68000030517578,0
2025-05-12,87.93000030517578,91.47000122070312,87.06999969482422,91.47000122070312,0
2025-05-13,91.58999633789062,91.58999633789062,85.16000366210938,85.69999694824219,0
2025-05-14,97.16000366210938,97.69000244140625,93.30000305175781,93.33999633789062,0
2025-05-15,94.11000061035156,99.0199966430664,94.08000183105469,98.2699966430664,0
2025-05-16,94.94000244140625,98.36000061035156,93.44000244140625,93.56999969482422,0
2025-05-19,96.88999938964844,101.88999938964844,96.77999877929688,101.79000091552734,0
2025-05-20,96.62000274658203,99.25,96.02999877929688,96.19000244140625,0
2025-05-21,106.30000305175781,107.12999725341797,96.87000274658203,99.61000061035156,0
2025-05-22,104.0999984741211,106.94000244140625,103.2300033569336,106.45999908447266,0
2025-05-23,109.76000213623047,112.37999725341797,106.13999938964844,112.37999725341797,0
2025-05-27,96.48999786376953,104.98999786376953,95.94000244140625,104.05000305175781,0
2025-05-28,97.1500015258789,97.97000122070312,96.04000091552734,97.37999725341797,0
2025-05-29,95.31999969482422,97.93000030517578,94.66999816894531,95.55999755859375,0
2025-05-30,95.1500015258789,100.45999908447266,94.88999938964844,96.83000183105469,0
2025-06-02,91.83999633789062,99.31999969482422,91.83000183105469,98.91000366210938,0
2025-06-03,90.88999938964844,94.37999725341797,90.05999755859375,91.58000183105469,0
2025-06-04,90.79000091552734,94.55999755859375,90.41999816894531,91.16000366210938,0
2025-06-05,93.19999694824219,94.52999877929688,88.91999816894531,90.26000213623047,0
2025-06-06,89.44999694824219,91.19999694824219,88.31999969482422,91.19999694824219,0
2025-06-09,88.97000122070312,91.83999633789062,88.58999633789062,91.58000183105469,0
2025-06-10,92.05999755859375,92.12999725341797,88.83999633789062,88.8499984741211,0
2025-06-11,99.0199966430664,100.66999816894531,88.33999633789062,92.83000183105469,0
2025-06-12,103.04000091552734,108.91999816894531,99.08999633789062,101.37000274658203,0
2025-06-13,113.37000274658203,116.05999755859375,105.93000030517578,110.69999694824219,0
2025-06-16,106.19000244140625,107.9000015258789,102.58999633789062,107.33999633789062,0
2025-06-17,115.5,116.69000244140625,107.76000213623047,109.11000061035156,0
2025-06-18,106.19999694824219,116.05000305175781,106.01000213623047,114.98999786376953,0
2025-06-20,108.86000061035156,112.37999725341797,104.38999938964844,104.87000274658203,0
2025-06-23,104.31999969482422,111.8499984741211,104.31999969482422,111.2300033569336,0
2025-06-24,92.29000091552734,98.30999755859375,92.02999877929688,98.12000274658203,0
2025-06-25,89.6500015258789,93.19000244140625,89.12999725341797,91.30000305175781,0
2025-06-26,89.5999984741211,90.05000305175781,87.86000061035156,89.29000091552734,0
2025-06-27,91.83999633789062,93.86000061035156,87.83999633789062,88.05000305175781,0
2025-06-30,89.73999786376953,92.95999908447266,89.26000213623047,91.4800033569336,0
2025-07-01,89.54000091552734,90.5,87.9800033569336,90.43000030517578,0
2025-07-02,89.80000305175781,90.18000030517578,88.48999786376953,90.0199966430664,0
2025-07-03,90.5999984741211,91.04000091552734,87.8499984741211,88.2300033569336,0
2025-07-07,96.30000305175781,99.04000091552734,94.72000122070312,95.38999938964844,0
2025-07-08,91.30999755859375,93.83000183105469,91.0,93.7300033569336,0
2025-07-09,91.76000213623047,96.73999786376953,91.69999694824219,93.91999816894531,0
2025-07-10,90.94000244140625,92.55000305175781,90.19000244140625,90.61000061035156,0
2025-07-11,93.52999877929688,95.12000274658203,92.0199966430664,93.62000274658203,0
2025-07-14,95.75,96.29000091552734,94.30999755859375,96.29000091552734,0
2025-07-15,94.66000366210938,95.31999969482422,92.80999755859375,92.94000244140625,0
2025-07-16,95.55999755859375,103.29000091552734,92.6500015258789,94.4800033569336,0
2025-07-17,92.9000015258789,95.23999786376953,92.88999938964844,95.19000244140625,0
2025-07-18,93.1500015258789,95.11000061035156,91.94000244140625,92.37999725341797,0
2025-07-21,92.26000213623047,94.31999969482422,90.72000122070312,94.30999755859375,0
2025-07-22,90.58000183105469,95.0,90.52999877929688,92.83000183105469,0
2025-07-23,88.04000091552734,89.91999816894531,86.9000015258789,89.05999755859375,0
2025-07-24,89.75,89.93000030517578,86.81999969482422,88.05000305175781,0
2025-07-25,90.58999633789062,90.73999786376953,88.8499984741211,90.18000030517578,0
2025-07-28,88.58999633789062,91.37000274658203,88.43000030517578,89.87000274658203,0
2025-07-29,95.13999938964844,96.05999755859375,87.76000213623047,87.76000213623047,0
2025-07-30,94.33000183105469,100.55000305175781,94.0999984741211,95.62999725341797,0
2025-07-31,98.37000274658203,98.6500015258789,92.27999877929688,93.77999877929688,0
2025-08-01,109.79000091552734,112.95999908447266,104.33000183105469,106.19000244140625,0
2025-08-04,95.8499984741211,105.98999786376953,95.76000213623047,105.80999755859375,0
2025-08-05,97.6500015258789,100.19999694824219,95.37000274658203,96.12000274658203,0
2025-08-06,97.80999755859375,97.80999755859375,95.33000183105469,96.83000183105469,0
2025-08-07,97.37000274658203,98.83999633789062,94.05999755859375,94.44000244140625,0
2025-08-08,93.13999938964844,96.75,93.13999938964844,96.75,0
2025-08-11,97.08999633789062,97.63999938964844,94.70999908447266,95.62999725341797,0
2025-08-12,92.86000061035156,94.86000061035156,92.0199966430664,94.83000183105469,0
2025-08-13,98.16999816894531,98.16999816894531,94.13999938964844,94.13999938964844,0
2025-08-14,98.04000091552734,100.16000366210938,96.45999908447266,100.12000274658203,0
2025-08-15,97.8499984741211,98.27999877929688,96.2300033569336,96.2300033569336,0
2025-08-18,96.62999725341797,99.12000274658203,96.62000274658203,98.83999633789062,0
2025-08-19,102.08999633789062,102.62000274658203,95.37999725341797,95.37999725341797,0
2025-08-20,98.5999984741211,106.6500015258789,98.44000244140625,103.05000305175781,0
2025-08-21,99.98999786376953,103.01000213623047,98.9000015258789,100.55999755859375,0
2025-08-22,89.77999877929688,128.75999450683594,87.62999725341797,99.45999908447266,0
2025-08-25,92.30000305175781,94.06999969482422,91.0,93.45999908447266,0
2025-08-26,91.6500015258789,94.22000122070312,91.56999969482422,94.22000122070312,0
2025-08-27,94.93000030517578,96.33000183105469,92.94000244140625,92.95999908447266,0
2025-08-28,92.02999877929688,93.9000015258789,91.56999969482422,92.43000030517578,0
2025-08-29,97.16999816894531,98.41999816894531,91.70999908447266,91.91000366210938,0
2025-09-02,103.87999725341797,110.01000213623047,103.52999877929688,107.80000305175781,0
2025-09-03,99.62000274658203,103.56999969482422,99.48999786376953,103.5199966430664,0
2025-09-04,95.27999877929688,99.41999816894531,93.51000213623047,99.37000274658203,0
2025-09-05,93.05999755859375,99.76000213623047,90.13999938964844,90.72000122070312,0
2025-09-08,92.29000091552734,93.80000305175781,92.13999938964844,93.55999755859375,0
2025-09-09,93.16000366210938,94.8499984741211,92.58000183105469,92.8499984741211,0
2025-09-10,100.52999877929688,101.69999694824219,98.55000305175781,99.01000213623047,0
2025-09-11,96.31999969482422,98.12000274658203,96.11000061035156,97.9000015258789,0
2025-09-12,96.77999877929688,99.56999969482422,94.86000061035156,95.55999755859375,0
2025-09-15,99.55000305175781,100.30000305175781,96.18000030517578,96.5999984741211,0
2025-09-16,104.0999984741211,104.55999755859375,99.62000274658203,99.66999816894531,0
2025-09-17,96.16999816894531,147.13999938964844,95.5,103.47000122070312,0
2025-09-18,97.27999877929688,98.02999877929688,92.16999816894531,94.29000091552734,0
2025-09-19,96.9000015258789,98.33000183105469,95.51000213623047,95.91999816894531,0
2025-09-22,99.75,99.87000274658203,98.1500015258789,99.8499984741211,0
2025-09-23,101.2300033569336,103.19999694824219,99.13999938964844,99.13999938964844,0
2025-09-24,99.98999786376953,103.7699966430664,99.9800033569336,100.4800033569336,0
2025-09-25,100.33999633789062,104.83000183105469,98.44999694824219,103.5,0
2025-09-26,93.4000015258789,100.38999938964844,93.29000091552734,99.22000122070312,0
2025-09-29,96.73999786376953,97.69000244140625,94.54000091552734,94.94999694824219,0
2025-09-30,95.88999938964844,98.29000091552734,94.77999877929688,97.58999633789062,0
2025-10-01,93.22000122070312,96.5999984741211,92.36000061035156,96.5999984741211,0
2025-10-02,94.0999984741211,94.31999969482422,91.95999908447266,92.41999816894531,0
2025-10-03,94.79000091552734,95.86000061035156,93.44999694824219,93.81999969482422,0
2025-10-06,95.37999725341797,98.48999786376953,95.3499984741211,96.91999816894531,0
2025-10-07,98.69999694824219,99.83000183105469,94.97000122070312,95.54000091552734,0
2025-10-08,96.22000122070312,99.48999786376953,96.22000122070312,98.52999877929688,0
2025-10-09,97.25,99.69999694824219,96.3499984741211,96.76000213623047,0
2025-10-10,116.25,118.3499984741211,96.54000091552734,97.91000366210938,0
2025-10-13,106.44999694824219,111.04000091552734,106.11000061035156,110.43000030517578,0
2025-10-14,113.19000244140625,118.22000122070312,109.2699966430664,114.08999633789062,0
2025-10-15,117.30000305175781,120.3499984741211,110.0,113.18000030517578,0
2025-10-16,134.25,134.75,115.58999633789062,115.95999908447266,0
2025-10-17,115.62999725341797,137.24000549316406,115.51000213623047,134.02000427246094,0
2025-10-20,103.18000030517578,113.77999877929688,103.18000030517578,113.77999877929688,0
2025-10-21,103.36000061035156,105.30999755859375,99.7699966430664,105.08000183105469,0
2025-10-22,104.87000274658203,111.41999816894531,102.16999816894531,104.94999694824219,0
2025-10-23,98.5999984741211,106.80000305175781,98.31999969482422,106.44999694824219,0
2025-10-24,98.02999877929688,98.43000030517578,94.73999786376953,95.2699966430664,0
2025-10-27,97.4000015258789,98.25,95.5999984741211,96.05999755859375,0
2025-10-28,101.51000213623047,102.56999969482422,96.62000274658203,96.62000274658203,0
2025-10-29,103.56999969482422,104.37000274658203,100.18000030517578,101.62000274658203,0
2025-10-30,102.83999633789062,104.70999908447266,99.55999755859375,102.0999984741211,0
2025-10-31,104.45999908447266,107.08000183105469,101.18000030517578,101.2300033569336,0
2025-11-03,101.43000030517578,108.0,101.16000366210938,104.87000274658203,0
2025-11-04,104.44000244140625,109.0999984741211,103.33999633789062,107.69999694824219,0
2025-11-05,100.7699966430664,104.62000274658203,98.80999755859375,104.58999633789062,0
2025-11-06,105.70999908447266,108.97000122070312,101.41999816894531,101.76000213623047,0
2025-11-07,103.5999984741211,114.58999633789062,103.5999984741211,111.19000244140625,0
2025-11-10,98.91000366210938,102.33000183105469,98.44000244140625,101.0,0
2025-11-11,99.5999984741211,99.63999938964844,98.25,99.26000213623047,0
2025-11-12,103.47000122070312,104.9000015258789,102.80999755859375,102.80999755859375,0
2025-11-13,111.25,115.22000122070312,104.18000030517578,104.25,0
2025-11-14,107.94999694824219,116.98999786376953,106.4800033569336,115.97000122070312,0
2025-11-17,117.86000061035156,118.83000183105469,107.58999633789062,110.83999633789062,0
2025-11-18,124.31999969482422,126.54000091552734,119.16000366210938,121.68000030517578,0
2025-11-19,119.56999969482422,125.61000061035156,118.30000305175781,123.22000122070312,0
2025-11-20,128.64999389648438,132.72000122070312,104.80000305175781,108.55999755859375,0
2025-11-21,118.33999633789062,132.60000610351562,117.05999755859375,125.44000244140625,0
2025-11-24,103.95999908447266,116.55000305175781,103.95999908447266,116.55000305175781,0
2025-11-25,96.8499984741211,108.41000366210938,96.8499984741211,104.19000244140625,0
2025-11-26,92.16999816894531,98.62999725341797,91.5999984741211,95.30999755859375,0
2025-11-28,90.33999633789062,93.69999694824219,90.26000213623047,93.62999725341797,0
2025-12-01,93.76000213623047,96.26000213623047,91.80000305175781,96.16000366210938,0
2025-12-02,91.70999908447266,94.02999877929688,91.55000305175781,93.1500015258789,0
2025-12-03,92.38999938964844,94.3499984741211,90.73999786376953,93.94000244140625,0
2025-12-04,91.27999877929688,93.94000244140625,91.2699966430664,91.5999984741211,0
2025-12-05,90.6500015258789,92.58999633789062,89.9000015258789,91.01000213623047,0
2025-12-08,97.3499984741211,97.88999938964844,92.81999969482422,92.81999969482422,0
2025-12-09,98.13999938964844,98.1500015258789,95.83999633789062,97.94000244140625,0
2025-12-10,99.11000061035156,105.69000244140625,97.94999694824219,103.5199966430664,0
2025-12-11,95.41000366210938,102.9800033569336,95.37000274658203,100.36000061035156,0
2025-12-12,97.33000183105469,105.9800033569336,94.62000274658203,95.83999633789062,0
2025-12-15,100.37000274658203,102.06999969482422,97.1500015258789,97.81999969482422,0
2025-12-16,98.36000061035156,102.98999786376953,98.1500015258789,101.0999984741211,0
2025-12-17,99.88999938964844,101.7699966430664,96.26000213623047,98.04000091552734,0
2025-12-18,92.61000061035156,98.2300033569336,92.45999908447266,96.58000183105469,0
2025-12-19,83.87000274658203,90.80999755859375,83.81999969482422,90.80999755859375,0
2025-12-22,81.97000122070312,84.54000091552734,81.72000122070312,84.05999755859375,0
2025-12-23,85.13999938964844,85.16999816894531,82.72000122070312,83.4000015258789,0
2025-12-24,85.23999786376953,85.58000183105469,84.37000274658203,84.69000244140625,0
2025-12-26,84.23999786376953,87.58999633789062,83.94000244140625,85.9800033569336,0
2025-12-29,85.87999725341797,88.69999694824219,85.58000183105469,87.94000244140625,0
2025-12-30,87.12999725341797,87.16000366210938,84.55999755859375,86.16000366210938,0
2025-12-31,92.66999816894531,93.25,87.3499984741211,87.3499984741211,0
2026-01-02,90.0999984741211,94.5,90.01000213623047,91.02999877929688,0
2026-01-05,90.51000213623047,93.94000244140625,90.4800033569336,92.75,0
2026-01-06,89.01000213623047,90.43000030517578,88.38999938964844,90.43000030517578,0
2026-01-07,91.86000061035156,92.11000061035156,89.7300033569336,89.80999755859375,0
2026-01-08,89.8499984741211,92.7300033569336,89.44999694824219,92.55000305175781,0
2026-01-09,88.19000244140625,91.08000183105469,86.69999694824219,90.27999877929688,0
2026-01-12,93.12999725341797,94.52999877929688,93.0199966430664,93.83000183105469,0
2026-01-13,101.06999969482422,102.05999755859375,93.41000366210938,93.81999969482422,0
2026-01-14,104.8499984741211,111.80000305175781,103.69000244140625,107.66000366210938,0
2026-01-15,100.9000015258789,101.44999694824219,97.93000030517578,99.3499984741211,0
2026-01-16,102.05000305175781,102.37999725341797,99.62999725341797,100.55999755859375,0
2026-01-20,117.05000305175781,120.20999908447266,110.27999877929688,118.2699966430664,0
2026-01-21,102.56999969482422,113.45999908447266,101.47000122070312,112.72000122070312,0
2026-01-22,96.12000274658203,101.95999908447266,95.93000030517578,100.0999984741211,0
2026-01-23,101.83000183105469,101.91000366210938,96.2300033569336,99.02999877929688,0
2026-01-26,99.75,102.62000274658203,99.01000213623047,102.62000274658203,0
2026-01-27,101.26000213623047,101.26000213623047,97.9800033569336,99.91000366210938,0
2026-01-28,100.45999908447266,107.83999633789062,99.0,101.48999786376953,0
2026-01-29,101.76000213623047,111.91999816894531,101.68000030517578,102.91999816894531,0
2026-01-30,108.18000030517578,109.75,101.45999908447266,103.19000244140625,0
2026-02-02,98.7699966430664,108.48999786376953,98.62000274658203,108.2300033569336,0
2026-02-03,103.81999969482422,113.72000122070312,98.81999969482422,99.05000305175781,0
2026-02-04,106.16000366210938,113.8499984741211,101.51000213623047,103.0199966430664,0
2026-02-05,117.06999969482422,119.5999984741211,109.0199966430664,113.97000122070312,0
2026-02-06,100.98999786376953,110.43000030517578,100.27999877929688,110.33999633789062,0
2026-02-09,98.5999984741211,104.91000366210938,98.23999786376953,104.87999725341797,0
2026-02-10,100.80999755859375,100.83999633789062,98.27999877929688,99.08000183105469,0
2026-02-11,102.1500015258789,105.77999877929688,100.58000183105469,101.52999877929688,0
2026-02-12,112.30000305175781,113.4800033569336,100.33999633789062,100.38999938964844,0
2026-02-13,115.5199966430664,117.45999908447266,107.19000244140625,113.45999908447266,0
2026-02-17,107.08999633789062,118.33000183105469,106.33999633789062,116.77999877929688,0
2026-02-18,108.69000244140625,110.83999633789062,104.38999938964844,108.66000366210938,0
2026-02-19,111.66999816894531,115.37999725341797,111.47000122070312,112.31999969482422,0
2026-02-20,108.70999908447266,114.44000244140625,108.26000213623047,114.38999938964844,0
2026-02-23,115.66000366210938,116.22000122070312,109.66999816894531,110.58000183105469,0
2026-02-24,108.61000061035156,116.55999755859375,108.61000061035156,115.69999694824219,0
2026-02-25,103.9800033569336,106.55999755859375,103.76000213623047,106.43000030517578,0
2026-02-26,104.1500015258789,111.68000030517578,103.55999755859375,103.87000274658203,0
2026-02-27,110.88999938964844,112.19999694824219,107.43000030517578,110.95999908447266,0
2026-03-02,113.44000244140625,118.76000213623047,109.91999816894531,118.76000213623047,0
2026-03-03,116.0199966430664,129.58999633789062,110.20999908447266,120.6500015258789,0
2026-03-04,106.94000244140625,115.2699966430664,105.55000305175781,114.0,0
2026-03-05,115.93000030517578,120.87999725341797,109.77999877929688,110.91999816894531,0
2026-03-06,140.44000244140625,140.99000549316406,120.0,127.81999969482422,0
2026-03-09,122.5999984741211,138.94000244140625,118.08000183105469,137.07000732421875,0
2026-03-10,125.36000061035156,126.16999816894531,115.7300033569336,120.80000305175781,0
2026-03-11,122.48999786376953,129.64999389648438,122.18000030517578,128.3699951171875,0
2026-03-12,130.17999267578125,131.17999267578125,125.01000213623047,129.19000244140625,0
2026-03-13,131.0500030517578,133.0,124.8499984741211,127.52999877929688,0
2026-03-16,116.77999877929688,125.80000305175781,116.70999908447266,125.41999816894531,0
2026-03-17,110.55000305175781,115.02999877929688,108.33000183105469,115.02999877929688,0
2026-03-18,126.5,126.55000305175781,113.95999908447266,114.81999969482422,0
2026-03-19,118.08999633789062,134.25999450683594,116.62999725341797,134.0,0
2026-03-20,126.27999877929688,131.92999267578125,118.87999725341797,119.0199966430664,0
2026-03-23,122.81999969482422,123.30000305175781,116.93000030517578,121.1500015258789,0
2026-03-24,124.13999938964844,126.70999908447266,122.33999633789062,125.58999633789062,0
2026-03-25,119.37000274658203,122.2300033569336,119.04000091552734,120.62999725341797,0
2026-03-26,124.43000030517578,127.26000213623047,119.93000030517578,121.62000274658203,0
2026-03-27,133.17999267578125,133.99000549316406,127.36000061035156,129.39999389648438,0
2026-03-30,127.83999633789062,132.0,127.68000030517578,130.38999938964844,0
2026-03-31,116.05000305175781,123.31999969482422,115.31999969482422,123.27999877929688,0
2026-04-01,114.83000183105469,117.69999694824219,112.86000061035156,116.0199966430664,0
2026-04-02,115.33000183105469,122.37999725341797,114.41999816894531,122.37999725341797,0
2026-04-06,113.52999877929688,117.18000030517578,113.22000122070312,117.16000366210938,0
2026-04-07,117.30000305175781,120.0,115.81999969482422,115.91999816894531,0
2026-04-08,111.06999969482422,117.68000030517578,108.68000030517578,111.73999786376953,0
2026-04-09,105.37000274658203,111.58999633789062,104.70999908447266,110.88999938964844,0
2026-04-10,107.30000305175781,110.19000244140625,95.95999908447266,105.3499984741211,0
2026-04-13,102.62999725341797,110.55000305175781,102.55999755859375,110.45999908447266,0
2026-04-14,95.4000015258789,100.72000122070312,94.95999908447266,100.12999725341797,0
2026-04-15,97.6500015258789,100.5,94.43000030517578,95.22000122070312,0
2026-04-16,96.80000305175781,100.75,95.87999725341797,97.62000274658203,0
2026-04-17,95.12999725341797,95.30999755859375,93.4000015258789,93.76000213623047,0
2026-04-20,98.1500015258789,100.25,98.12999725341797,98.19000244140625,0
2026-04-21,101.88999938964844,103.69000244140625,98.31999969482422,98.31999969482422,0
2026-04-22,98.7300033569336,101.75,98.47000122070312,99.41999816894531,0
2026-04-23,98.56999969482422,104.4000015258789,97.45999908447266,99.62999725341797,0
2026-04-24,97.18000030517578,98.12000274658203,95.4000015258789,97.79000091552734,0
2026-04-27,93.86000061035156,98.51000213623047,93.86000061035156,98.45999908447266,0
2026-04-28,91.02999877929688,96.08000183105469,90.8499984741211,96.08000183105469,0
2026-04-29,96.0199966430664,96.62999725341797,91.77999877929688,92.2699966430664,0
2026-04-30,93.69999694824219,96.1500015258789,93.58999633789062,94.38999938964844,0
2026-05-01,95.16999816894531,95.16999816894531,93.08999633789062,94.66000366210938,0
2026-05-04,98.29000091552734,100.43000030517578,95.13999938964844,97.16000366210938,0
2026-05-05,95.26000213623047,96.30000305175781,94.87000274658203,96.30000305175781,0
2026-05-06,93.69999694824219,93.8499984741211,91.94999694824219,92.62999725341797,0
2026-05-07,93.61000061035156,94.54000091552734,92.26000213623047,92.29000091552734,0
2026-05-08,96.77999877929688,97.25,93.79000091552734,94.0999984741211,0
2026-05-11,98.05999755859375,99.73999786376953,97.55999755859375,99.4000015258789,0
2026-05-12,98.55000305175781,103.23999786376953,98.41000366210938,102.58999633789062,0
2026-05-13,98.36000061035156,99.47000122070312,97.5999984741211,98.91000366210938,0
2026-05-14,94.26000213623047,98.30999755859375,92.94000244140625,97.22000122070312,0
2026-05-15,92.94000244140625,98.86000061035156,92.30999755859375,97.66000366210938,0
2026-05-18,91.18000030517578,94.31999969482422,90.54000091552734,93.29000091552734,0
2026-05-19,94.61000061035156,96.79000091552734,92.45999908447266,93.05999755859375,0
2026-05-20,96.44999694824219,97.52999877929688,93.2699966430664,93.55999755859375,0
2026-05-21,91.87999725341797,97.26000213623047,91.4800033569336,97.12000274658203,0
2026-05-22,91.16000366210938,92.83000183105469,90.05999755859375,92.20999908447266,0
2026-05-26,89.55000305175781,90.12000274658203,88.87000274658203,89.73999786376953,0
2026-05-27,87.52999877929688,90.51000213623047,87.52999877929688,89.62999725341797,0
2026-05-28,86.02999877929688,88.31999969482422,85.0199966430664,88.30999755859375,0
2026-05-29,86.05999755859375,86.79000091552734,84.9800033569336,85.27999877929688,0
2026-06-01,91.5999984741211,91.62999725341797,88.23999786376953,90.06999969482422,0
2026-06-02,90.52999877929688,91.73999786376953,90.05000305175781,90.06999969482422,0
2026-06-03,89.80000305175781,91.5999984741211,88.97000122070312,91.36000061035156,0
2026-06-04,85.75,91.5,85.38999938964844,91.44000244140625,0
2026-06-05,102.04000091552734,102.08999633789062,87.02999877929688,87.72000122070312,0
2026-06-08,92.4000015258789,99.31999969482422,92.31999969482422,96.75,0
2026-06-09,98.70999908447266,102.98999786376953,89.95999908447266,91.61000061035156,0
